Column1,ISSN,PublicationType,abstract,authors,citation,citation_fraction,classification,day,document_chembl_id,document_contains_external_links,doi,first_page,is_experimental_doc,issue,journal,last_page,month,nActivity,postcodes,publication_date,pubmed_id,sort_order.document,title,volume,year
0.5,1768-3254,Journal Article,"A series of novel oxazolo[5,4-d]pyrimidines was designed via a scaffold hopping strategy and synthesized through a newly developed approach. All these compounds were evaluated for their biological activity toward CB1/CB2 cannabinoid receptors, their metabolic stability in mice liver microsomes and their cytotoxicity against several cell lines. Eight compounds have been identified as CB2 ligands with Ki values less than 1??M. It is noteworthy that 2-(2-chlorophenyl)-5-methyl-7-(4-methylpiperazin-1-yl) oxazolo[5,4-d]pyrimidine 47 and 2-(2-chlorophenyl)-7-(4-ethylpiperazin-1-yl)- 5-methyloxazolo[5,4-d]pyrimidine 48 showed CB2 binding affinity in the nanomolar range and significant selectivity over CB1 receptors. Interestingly, functionality studies imply that they behave as competitive neutral antagonists. Moreover, all tested compounds are devoid of cytotoxicity toward several cell lines, including Chinese hamster ovary cells (CHO) and human colorectal adenocarcinoma cells HT29.","Leleu-Chavain N, Dezitter X, Barczyk A, Lemaire L, Klupsch F, Chavatte P, Spencer J, Tuo W, Bollier M, Szczepanski F, Millet R",2,0.5,,22,CHEMBL4145495,TRUE,10.1016/j.ejmech.2018.01.034,68,TRUE,0,Eur J Med Chem,78,3,4,,3/22/2018,29360044,1768-3254:2018-03-22:0029360044,"Development of novel oxazolo[5,4-d]pyrimidines as competitive CB2 neutral antagonists based on scaffold hopping.",146,2018
0.5,1768-3254,Journal Article,"Activating mutations of REarrange during Transfection (RET) kinase frequently occur in human thyroid and lung cancers. An enormous effort has been devoted to discover potent and selective inhibitors of RET. Selective and potent inhibitors against constitutively active RET mutants are rare to date as identification of selective RET inhibitors is challenging. In a recent effort we identified a novel and specific RET inhibitor of 5-aminopyrazole-4-carboxamide scaffold, which was designed to enhance the metabolic stability of the pyrazolopyrimidine scaffold. In the SAR study described in the current report, we identified the 5-aminopyrazole-4-carboxamide analog 15l, which displays high metabolic stability. Compound 15l is potent against gatekeeper mutant (IC50 = 252 nM) of RET as well as against wild-type RET (IC50 = 44 nM). This substance effectively suppresses growth of Ba/F3 cells transformed with wild-type RET and its gatekeeper mutant (V804M), and thyroid-cancer derived TT cells while it does not affect parental Ba/F3 cells and Nthy ori-3-1, normal thyroid cells. Also, the results of a global kinase profiling assay on a panel of 369 kinases, show that 15l exclusively inhibits RET. Based on its exceptional kinase selectivity, great potency and metabolic stability, 15l represents a promising lead for the discovery of RET directed therapeutic agent and should be a key tool in studies aimed at understanding RET biology.","Yoon H, Nam Y, Shin I, Lee KB, Sim T, Kim ND",3,0.5,,17,CHEMBL4000172,TRUE,10.1016/j.ejmech.2016.10.050,1145,TRUE,0,Eur J Med Chem,1155,2,6,,2/17/2017,27814560,1768-3254:2017-02-17:0027814560,Identification of a novel 5-amino-3-(5-cyclopropylisoxazol-3-yl)-1-isopropyl-1H-pyrazole-4-carboxamide as a specific RET kinase inhibitor.,125,2017
0.5,1768-3254,Journal Article,"As an extension of our previous work on donepezil-based ""bio-oxidizable"" prodrug approach, two new classes of N-benzylpyridinium donepezil analogues in tetralone B2 and acetophenone B3 series and a new set of indanone derivatives B1 were investigated along with the corresponding dihydropyridine prodrugs A1-3. A total of fifty one N-benzylpyridinium quaternary donepezil analogues B1-3 and twenty two prodrugs A1-3 were synthesized and evaluated for their inhibitory activities against hAChE and eqBuChE. While most prodrugs A1-3 were demonstrated to be inactive against AChE (IC50?>?10??M), a large number of the corresponding N-benzylpyridinium salt B1-3 exhibited appealing three-to-one-digit nanomolar hAChE inhibitory activities and even reaching subnanomolar activity (IC50?=?0.36?nM). In addition, in silico docking studies were conducted for several compounds to explain the more relevant in vitro results. Lastly, the influence of the two stereogenic centers in prodrugs A was also evaluated, highlighting not only marked differences in residual AChE inhibitory activity of the four separated isomers of prodrug 23h (IC50 ranging from 173?nM to 10??M) but also significant variations of the oxidation rate between two separated diastereoisomers of prodrug 24a. This work provides useful information in the search of a preclinical candidate to conduct further development of this attractive ""bio-oxidizable"" prodrug strategy.","Papamica?l C, Levacher V, ??n?a? ML, Sopkov?-de Oliveira Santos J, Azzouz R, Gembus V, Peauger L",6,0.5,,27,CHEMBL4145472,TRUE,10.1016/j.ejmech.2017.12.084,165,TRUE,0,Eur J Med Chem,190,2,12,,2/27/2018,29324339,1768-3254:2018-02-27:0029324339,"Novel donepezil-like N-benzylpyridinium salt derivatives as AChE inhibitors and their corresponding dihydropyridine ""bio-oxidizable"" prodrugs: Synthesis, biological evaluation and structure-activity relationship.",145,2018
0.5,1768-3254,Journal Article,"As part of our effort to develop new molecular targeted antitumor drug, a novel 2,7-naphthyridone-based MET kinase inhibitor, 8-((4-((2-amino-3-chloropyridin-4-yl)oxy)- 3-fluorophenyl)amino)-2-(4-fluorophenyl)-2,7-naphthyridin-1(2H)-one (13f), was identified. Knowledge of the binding mode of BMS-777607 in MET led to the design of new inhibitors that utilize novel 2,7-naphthyridone scaffold to conformationally restrain the key pharmacophoric groups (block C). Detailed SAR studies resulted in the discovery of a new MET inhibitor 13f, displaying favorable in vitro potency and oral bioavailability. More importantly, 13f exhibited excellent in vivo efficacy (tumor growth inhibition/TGI of 114% and 95% in 50?mg/kg, respectively) both in the U-87 MG and HT-29 xenograft models. The favorable drug-likeness of 13f indicated that 2,7-naphthyridinone may be used a promising novel scaffold for antitumor drug development. The preclinical studies of 13f are under way.","Ming ZH, Zhao XE, Zhu XL, Xu HC, Zhuo LS, Yang GF, Huang W, Wang MS",1,0.5,,2,CHEMBL4364278,TRUE,10.1016/j.ejmech.2019.06.033,705,TRUE,0,Eur J Med Chem,714,10,2,,10/2/2019,31229873,1768-3254:2019-10-02:0031229873,"2,7-naphthyridinone-based MET kinase inhibitors: A promising novel scaffold for antitumor drug development.",178,2019
0.5,1768-3254,Journal Article,"Bromodomain protein 4 (BRD4) plays a crucial role in transcriptional regulation and is considered to be a viable drug target for cancer treatment. Herein, we designed and synthesized a series of indole-2-one derivatives through scaffold hopping drug design. Most of the compounds showed potent BRD4 inhibitory activities and anti-proliferation activities in cancer cell lines. Especially, compound 12j exhibited excellent BRD4 inhibitory activities (BD1 IC = 19 nM, BD2 IC = 28 nM) and anti-proliferation potency with IC values of 4.75 ?M and 1.35 ?M in HT-29 and HL-60 cells, respectively. Additionally, docking studies showed that the hydrophobic pocket next to KAc region and WPF shelf were critical to the activity of the compound. Compound 12j could arrest the cell-cycle progression of HT-29 cells into the G1 phase and reduce the expression of c-Myc. Moreover, compound 12j exhibited favorable oral pharmacokinetic properties. All the results demonstrated that compound 12j was a potent BRD4 inhibitor and had merely potential for colon cancer treatment.","Xu Y,Zhang XJ,Li WB,Wang XR,Wang S,Qiao XP,Chen SW",3,0.5,,26,CHEMBL4706560,TRUE,10.1016/j.ejmech.2020.112780,112780,TRUE,0,Eur J Med Chem,112780,5,6,,5/26/2021,32883643,1768-3254:2021-05-26:0032883643,"Design, synthesis and biological evaluation of indole-2-one derivatives as potent BRD4 inhibitors.",208,2021
0.5,1768-3254,Journal Article,"Bromodomain-containing protein 4 (BRD4), an epigenetic reader of acetyl lysine, has emerged as a promising therapeutic target for many diseases including cancer, inflammation and heart failure. Our previous study reported that nitroxoline, an FDA approved antibiotic, showed potential BRD4 inhibitory activity and antiproliferation activity against leukemia cell lines. In this study, we further explored the structure-activity relationship (SAR) around nitroxoline and employed our previously developed machine learning based activity scoring function BRD4LGR for further analysis. To improve the cellular level activity, physico-chemical properties were optimized using computational approaches. Then the candidates were tested for their ADME/T profiles. Finally, based on this rational hit-to-lead optimization strategy, 3 drug-like BRD4 inhibitors were obtained, with different profiles on cell line selectivity for multiple myeloma, leukemia and triple negative breast cancer. Further mechanism study showed these compounds could down-regulate c-Myc to inhibit cancer cell growth. This work illustrates the application of multiple computer-aided drug design techniques in a hit-to-lead optimization scenario, and provides novel potent BRD4 inhibitors with different phenotype propensities for future cancer treatment.","Wang X, Zhang R, Shen J, Jiang X, Qiao G, Yang F, Zheng M, Xing J, Wang J, Luo C, Chen K, Hu T, Jiang H, Luo X",1,0.5,,11,CHEMBL4330081,TRUE,10.1016/j.ejmech.2018.11.018,281,TRUE,0,Eur J Med Chem,294,2,2,,2/11/2019,30529546,1768-3254:2019-02-11:0030529546,Rational design of 5-((1H-imidazol-1-yl)methyl)quinolin-8-ol derivatives as novel bromodomain-containing protein 4 inhibitors.,163,2019
0.5,1768-3254,Journal Article,"Discovering novel small molecules for cancer immunotherapy represents a promising but challenging strategy in future cancer treatment. Herein, we designed the first theranostic fluorescent probes to efficiently detect and inhibit the enzymatic activity of 2,3-dioxygenase 1 (IDO1). Probe 6b is a highly active IDO1 inhibitor (IC = 12 nM, Cellular IC = 10 nM), which can sensitively and specifically detect endogenous IDO1 in living cells. Furthermore, as a theranostic probe, 6b showed excellent in vivo antitumor efficacy in the CT26 xenograft mouse model as well. Therefore, it can be applied as a valuable chemical tool for better understanding the immunotherapy mechanism of IDO1 and improving the therapeutic efficiency.","Wu Y,Zhang Y,Chen X,Hu Y,Dong G,Guo Y,Sheng C",1,0.5,,30,CHEMBL4732157,TRUE,10.1016/j.ejmech.2021.113163,113163,TRUE,0,Eur J Med Chem,113163,4,2,,4/30/2021,33482599,1768-3254:2021-04-30:0033482599,"A theranostic probe of indoleamine 2,3-dioxygenase 1 (IDO1) for small molecule cancer immunotherapy.",213,2021
0.5,1768-3254,Journal Article,"Estrogen-related receptor gamma (ERR?) has recently been recognized as an attractive target for treating inflammation, cancer, and metabolic disorders. Herein, we discovered and demonstrated the in vitro pharmacology as well as the absorption, distribution, metabolism, excretion, and toxicity (ADMET) properties of chemical entities that could act as highly selective inverse agonists for ERR?. The results were comparable to those for GSK5182 (4), a leading ERR? inverse agonist ligand. Briefly, the half-maximal inhibitory concentration (IC50) range of the synthesized compounds for ERR? was 0.1-10 ?M. Impressively, compound 24e exhibited potency comparable to 4 but was more selective for ERR? over three other subtypes: ERR?, ERR?, and estrogen receptor ?. Furthermore, compound 24e exhibited a superior in vitro ADMET profile compared to the other compounds. Thus, the newly synthesized class of ERR? inverse agonists could be lead candidates for developing clinical therapies for ERR?-related disorders.","Hwang HJ, Seo KA, Cho SJ, Song J, Yoo EK, Woo S, Jeon JH, Cho JH, Yoon SK, Kim J, Im CY, Chin J, Jeon YH, Yoon SY, Kim SH, Lee IK, Hwang H, Choi HS, Kim KH, Kim ND",1,0.5,,13,CHEMBL3856205,TRUE,10.1016/j.ejmech.2016.04.076,338,TRUE,0,Eur J Med Chem,352,2,2,,2/13/2017,27236015,1768-3254:2017-02-13:0027236015,Synthesis and biological evaluation of novel 4-hydroxytamoxifen analogs as estrogen-related receptor gamma inverse agonists.,120,2017
0.5,1768-3254,Journal Article,"Four series of thiopyranopyrimidine AZD9291 derivatives containing acrylamide structure were designed, synthesized and evaluated for their antiproliferative activity against A549 and Hela cancer cells. Most of the compounds exhibited excellent antiproliferative activity against A549?cells. Moreover, the compounds with indole ring fluorine substituted exhibited better antiproliferative activity against Hela cells. The most promising compound 23g exhibited excellent enzymatic inhibitory activity and selectivity for EGFRL858R/T790M double mutations. The IC50 value against EGFRL858R/T790M kinase was 16?nM. The compound 23g inhibits selectively against the mutated form of EGFR, with the selectivity more than 125-fold. Furthermore, compound 23g also inhibited A549?cells, Hela cells and H1975?cells proliferation at a low concentration, and the IC50 values were 0.057??M, 0.104??M and 0.916??M, respectively. To further investigate the QSARs of thiopyranopyrimidine derivatives, the CoMFA (q [2]?=?0.765, r2?=?0.965) and CoMSIA (q [2]?=?0.875, r2?=?0.956) models on Hela cancer cells were established. The generated 3D-QSAR model was validated to be reliable and can be used for further design and optimization of novel and selective EGFR inhibitors.","Yang Z, Zhao C, Zhao B, Zheng P, Guo Y, Xu S, Hu X, Zhu W, Lan Z",1,0.5,,18,CHEMBL4312015,TRUE,10.1016/j.ejmech.2019.111809,111809,TRUE,0,Eur J Med Chem,111809,2,2,,2/18/2020,31683104,1768-3254:2020-02-18:0031683104,"Design, synthesis and 3D-QSAR analysis of novel thiopyranopyrimidine derivatives as potential antitumor agents inhibiting A549 and Hela cancer cells.",185,2020
0.5,1768-3254,Journal Article,"G-protein coupled receptors (GPCRs) are implicated in many diseases and attractive targets for drug discovery. Peptide fragments derived from protein ligands of GPCRs are commonly used as probes of GPCR function and as leads for drug development. However, these peptide fragments lack the structural integrity of their parent full-length protein ligands and often show low receptor affinity, which limits their research and therapeutic values. It remains a challenge to efficiently generate high affinity peptide inhibitors of GPCRs. We have investigated a combinational approach involving the synthetic covalent linkage of two low affinity peptide fragments to determine if the strategy can yield high affinity GPCR inhibitors. We examined this design approach using the chemokine receptor CXCR4 as a model of GPCR system. Here, we provide a proof of concept demonstration by designing and synthesizing two peptides, AR5 and AR6, that combine a peptide fragment derived from two viral ligands of CXCR4, vMIP-II and HIV-1 envelope glycoprotein gp120. AR5 and AR6 display nanomolar binding affinity, in contrast to the weak micromolar CXCR4 binding of each peptide fragment alone, and inhibit HIV-1 entry via CXCR4. Further studies were carried out for the representative peptide AR6 using western blotting and site-directed mutagenesis in conjunction with molecular dynamic simulation and binding free energy calculation to determine how the peptide interacts with CXCR4 and inhibits its downstream signaling. These results demonstrate that this combinational approach is effective for generating nanomolar active inhibitors of CXCR4 and may be applicable to other GPCRs.","Meng Q, Fang X, Huang Z, Yang X, Zhang X, Huang LS, Zhou J, Zhang H, An J, Zhu S, Xu Y, Zhu R, Zhang C, Schooley RT",1,0.5,,17,CHEMBL4393672,TRUE,10.1016/j.ejmech.2019.03.056,174,TRUE,0,Eur J Med Chem,185,6,2,,6/17/2019,30978562,1768-3254:2019-06-17:0030978562,High affinity CXCR4 inhibitors generated by linking low affinity peptides.,172,2019
0.5,1768-3254,Journal Article,"Glycogen synthase kinase 3? (GSK-3?) plays a constitutive role in various physiological processes and has been proved to be a therapeutic target for acute myeloid leukemia (AML). In this paper, by means of computer-aided drug design, we discovered a novel chemical series of GSK-3? inhibitors with an IC<sub>50</sub> value of 0.033-2.804??M. The preliminary structure-activity relationship was concluded and, notably, the most potent and isoform-selective compound G28_14 was identified with IC<sub>50</sub> values of 33?nM and 218?nM against GSK-3? and -3?, respectively, exhibiting a nearly ten-fold isoform-selectivity. Further cell viability assays and colony formation assays revealed that G28_14 suppressed cell survival by impairing cell proliferation by up to 90% in two AML cell lines. Moreover, surface marker expression analysis demonstrated that G28_14 induced terminal differentiation with a high level of CD11b, CD11c, and CD14. Western immunoblotting showed that G28_14 isoform-selectively inhibited the phosphorylation of GSK-3? in-cell without activating Wnt/?-catenin signaling. In addition, to elucidate its structure-activity relationship, the binding mode of this chemical series was proposed using molecular docking and molecular dynamics simulations. Taken together, this chemical series is worth developing as differentiation therapies for the treatment of AML.","Liu Z, Zhang L, Jin H, Jiang L, Dou X, Wang Y",1,0.5,,28,CHEMBL4334438,FALSE,10.1016/j.ejmech.2019.03.039,221,TRUE,0,Eur J Med Chem,234,5,2,,5/28/2019,30925338,1768-3254:2019-05-28:0030925338,"Discovery of novel glycogen synthase kinase-3? inhibitors: Structure-based virtual screening, preliminary SAR and biological evaluation for treatment of acute myeloid leukemia.",171,2019
0.5,1768-3254,Journal Article,"In this work, a series of structurally novel benzoxaborole derivatives were designed, synthesized and biologically evaluated as PDE4 inhibitors for battling atopic dermatitis (AD). Among them, the majority exhibited superior PDE4B inhibitory activities to that of the lead compound Crisaborole, an approved PDE4 inhibitor. In particular, 72, the most potent PDE4B inhibitor throughout this series, displayed 136-fold improved enzymatic activity (IC<sub>50</sub> = 0.42 nM) as compared to Crisaborole (IC<sub>50</sub> = 57.20 nM), along with favorable isoform specificity. In the phorbol ester (PMA)-induced mouse ear oedema model, 72 exerted remarkably greater efficacy than Crisaborole at the same dosage (P < 0.05). Moreover, the ointment of 72 exerted dramatically enhanced therapeutic potency than the ointment of Crisaborole (P < 0.05) in the calcipotriol-induced mouse AD model. In addition to the potent in vitro and in vivo activity, 72 displayed favorable safety in the repeated oral dose toxicity study and did not exhibit phototoxicity. With the above attractive biological performance, 72 is worthy of further functional investigation as a novel anti-AD therapeutic agent.","Zhu Q, He G, Mo J, Xu Q, Chu Z, Li J, Gu Y, Guo J, Ye W, Shao L, Lin G, Bian L, Zhao Y, Xu Y, Ma X",1,0.5,,30,CHEMBL4813940,FALSE,10.1016/j.ejmech.2021.113171,113171,TRUE,0,Eur J Med Chem,113171,4,2,,4/30/2021,33482600,1768-3254:2021-04-30:0033482600,"Design, synthesis and biological evaluation of novel benzoxaborole derivatives as potent PDE4 inhibitors for topical treatment of atopic dermatitis.",213,2021
0.5,1768-3254,Journal Article,"Indoleamine 2, 3-dioxygenase 1 (IDO1) plays a key role in tryptophan catabolism which is an important mechanism in immune tolerance. The small molecule epacadostat is the most advanced IDO1 inhibitor, but its phase III trials as a single agent or in combinations with PD-1 antibody failed to show appreciable objective responses. To gain more insight on the antitumor efficacy of IDO1 inhibitors, we have designed a series of analogues of epacadostat by incorporating a cyclic aminosulfonamide moiety as the sidechain capping functionality. Compound 5a was found to display significant potency against recombinant hIDO1 and hIDO1 expressed HEK293 cancer cells. This compound has improved physico-chemical properties, acceptable PK parameters as well as optimal cardiac safety. Similar to epacadostat, 5a is ineffective as single agent in the CT-26 syngeneic xenograft model, however, the combination of 5a with PD-1 antibody showed both elevated tumor growth inhibition and prolonged median life span.","Zhang A, Meng L, Guo W, Ding C, Sun P, Chen S, Liu X, Wang Y",1,0.5,,4,CHEMBL4351002,TRUE,10.1016/j.ejmech.2019.06.037,38,TRUE,0,Eur J Med Chem,55,11,2,,11/4/2019,31233921,1768-3254:2019-11-04:0031233921,"Design, synthesis and antitumor study of a series of N-Cyclic sulfamoylaminoethyl substituted 1,2,5-oxadiazol-3-amines as new indoleamine 2, 3-dioxygenase 1 (IDO1) inhibitors.",179,2019
0.5,1768-3254,Journal Article,"Inhibition of MAP3K kinase ASK1 has been an attractive strategy for the treatment of nonalcoholic steatohepatitis and multiple sclerosis, among others. Herein, we reported the discovery of 2-pyridinyl urea-containing compound 14l (YD57) as a potent, small-molecule inhibitor of ASK1. 14l was selective against MAP3K kinases ASK2 and TAK1 (>140-fold), while it also inhibited several cell cycle regulating kinases with IC values in a range of 90-400 nM (<20-fold selectivity). As a consequence, 14l had stronger apoptosis induction, more potent G1 cell cycle arrest activities, and lower IC value of cell growth inhibition than that of GS4997 in HepG2 cancer cell line. On the other hand, 14l did not inhibit ASK1 and p38 phosphorylation in intact cells. We reason that the multi-target effects of 14l likely neutralized the activities caused by inhibition of cellular ASK1. Future studies of these ASK1 inhibitors should pay close attention to their kinome selectivity profile.","Zhang S,Huang C,Lyu X,Wang P,Zang Y,Wang Z,Wang H,Li J,Zhao Y",1,0.5,,29,CHEMBL4680251,TRUE,10.1016/j.ejmech.2020.112277,112277,TRUE,0,Eur J Med Chem,112277,12,2,,12/29/2020,32289582,1768-3254:2020-12-29:0032289582,Discovery of a 2-pyridinyl urea-containing compound YD57 as a potent inhibitor of apoptosis signal-regulating kinase 1 (ASK1).,195,2020
0.5,1768-3254,Journal Article,"Many known 5-HT7 ligands contain either a serotonin-like or an arylpiperazine structure that, in published SAR studies, are generally supposed to bind the same receptor pocket. Conversely, we explored the hypothesis that two such moieties can co-exist in the same ligand, binding to different pockets. We thus designed and synthesized a set of compounds including both a 5-hydroxyindol-3-ylethyl and a 1-arylpiperazine moieties connected by a short linker. The compounds were tested for their affinity for human 5-HT7 serotonin receptor. We further prepared a novel series of 5-HT7 ligands, where the 5-hydroxyindol-3-ylethyl moiety was bioisosterically replaced by a 3-hydroxyanilinoalkyl one. Among the newly synthesized compounds, potent ligands at the 5-HT7 receptor, behaving as antagonists in functional tests, were identified, even if they showed limited subtype selectivity. Docking studies within a model of the 5-HT7 receptor showed that the binding site can actually accommodate both moieties, with the serotonin-like one in the putative orthosteric site and the arylpiperazine one occupying an accessory pocket. The present results demonstrate that it is possible to devise and develop new 5-HT7 ligands merging two privileged structures in the same molecule.","Riccioni T, Mor M, Cabri W, Borsini F, Pala D, Marzi M, Spadoni G, Celona D, Minetti P, Bartolucci S, Tarzia G, Rivara S, Bedini A",3,0.5,,9,CHEMBL3259775,TRUE,10.1016/j.ejmech.2014.04.034,8,TRUE,0,Eur J Med Chem,35,1,6,,1/9/2015,24763360,1768-3254:2015-01-09:0024763360,Towards the development of 5-HT? ligands combining serotonin-like and arylpiperazine moieties.,80,2015
0.5,1768-3254,Journal Article,"Novel 1H-benzo[d]immidazole-4-carboxamide derivatives bearing five-membered or six-membered N-heterocyclic moieties at the 2-position were designed and synthesized as PARP-1 inhibitors. Structure-activity relationships were conducted and led to a number of potent PARP-1 inhibitors having IC50 values in the single or double digit nanomolar level. Some potent PARP-1 inhibitors also had similar inhibitory activities against PARP-2. Among all the synthesized compounds, compound 10a and 11e displayed strong potentiation effects on temozolomide (TMZ) in MX-1 cells (PF50 = 7.10, PF50 = 4.17). In vivo tumor growth inhibition was investigated using compound 10a in combination with TMZ, and it was demonstrated that compound 10a could strongly potentiate the cytotoxicity of TMZ in MX-1 xenograft tumor model. Two co-crystal structures of compounds 11b and 15e complexed with PARP-1 were achieved and demonstrated a unique binding mode of these benzo-imidazole derivatives.","Chen X, Zhou J, Xu B, Cao R, Zhu Z, Ji M",1,0.5,,5,CHEMBL4028811,TRUE,10.1016/j.ejmech.2017.03.013,26,TRUE,0,Eur J Med Chem,41,6,2,,6/5/2017,28340412,1768-3254:2017-06-05:0028340412,Discovery of 2-substituted 1H-benzo[d]immidazole-4-carboxamide derivatives as novel poly(ADP-ribose)polymerase-1 inhibitors with in vivo anti-tumor activity.,132,2017
0.5,1768-3254,Journal Article,"PI3K? is a key component in the aberrant signaling transduction in B cell malignancy, therefore specific targeting PI3K? has become an attractive molecularly targeted therapy for chronic lymphocytic leukemia (CLL). Herein, we describe the discovery and optimization of a series of 5-alkynyl substituted PI3K? inhibitors based on the first FDA-approved inhibitor idelalisib. Compound 8d bearing the 1-morpholinohex-5-yn-1-one moiety as the C5-substituent was identified to have high potency against PI3K? (3.82 nM) and SU-DHL-6 cells (7.60 nM), respectively. It was 154-fold selective over PI3K?, 133-fold selective against PI3K?, and 24-fold selective against PI3K?. Treatment of MOLT-4 and SU-DHL-6 cells with compound 8d for 1 h resulted in reduction of phosphorylation of both Akt (S473) and its downstream S6k1 (T389) in a concentration-dependent manner. Compound 8d showed potent anti-proliferative activity as well against T lymphoblast MOLT-4, suggesting its potential activity in T-cell leukemia.","Wang X, Song Z, Meng LH, Zhang A, Ding J, Zhang X, Wei M",4,0.5,,17,CHEMBL4041516,FALSE,10.1016/j.ejmech.2016.11.014,1156,TRUE,0,Eur J Med Chem,1171,2,8,,2/17/2017,27846451,1768-3254:2017-02-17:0027846451,SAR study of 5-alkynyl substituted quinazolin-4(3H)-ones as phosphoinositide 3-kinase delta (PI3K?) inhibitors.,125,2017
0.5,1768-3254,Journal Article,"Prompted by the urgent demand for identification of new anticancer agents with improved potency and efficacy, a new series of arylamides incorporating the privileged 2-anilinoquinoline scaffold has been designed, synthesized, and biologically assessed. Aiming at extensive evaluation of the target compounds' potency and spectrum, a panel of 60 clinically important cancer cell lines representing nine cancer types has been used. Compounds 9a and 9c, with piperazine substituted phenyl ring, emerged as the most active members surpassing the anticancer potencies of the FDA-approved drug imatinib. They elicited sub-micromolar or one-digit micromolar GI values over the majority of tested cancer cells including multidrug resistant (MDR) cells like colon HCT-15, renal TK-10 and UO-31, and ovarian NCI/ADR-RES. In vitro mechanistic study showed that compounds 9a and 9c could trigger morphological changes, apoptosis and cell cycle arrest in HCT-116 colon cancer cells. Besides, compound 9c altered microtubule polymerization pattern in a similar fashion to paclitaxel. Kinase screening of 9c disclosed its inhibitory activity over B-RAF and C-RAF kinases with IC values of 0.888 ?M and 0.229 ?M, respectively. Taken together, the current report presents compounds 9a and 9c as promising broad-spectrum potent anticancer candidates, which could be considered for further development of new anticancer drugs.","El-Damasy AK,Haque MM,Park JW,Shin SC,Lee JS,EunKyeong Kim E,Keum G",1,0.5,,26,CHEMBL4706583,FALSE,10.1016/j.ejmech.2020.112756,112756,TRUE,0,Eur J Med Chem,112756,5,2,,5/26/2021,32942186,1768-3254:2021-05-26:0032942186,"2-Anilinoquinoline based arylamides as broad spectrum anticancer agents with B-RAF/C-RAF kinase inhibitory effects: Design, synthesis, in vitro cell-based and oncogenic kinase assessments.",208,2021
0.5,1768-3254,Journal Article,"Protease activated receptor 4 (PAR4) is an important target in antiplatelet therapy to reduce the risk of heart attack and thrombotic complications in stroke. PAR4 antagonists can prevent harmful and stable thrombus growth, while retaining initial thrombus formation, by acting on the late diffusion stage of platelet aggregation, and may provide a safer alternative to other antiplatelet agents. To date, only two PAR4 antagonists, BMS-986120 and BMS-986141 have entered clinical trials for thrombosis. Thus, the development of a potent and selective PAR4 antagonist with a novel chemotype is highly desirable. In this study, we explored the activity of quinazolin-4(3H)-one-based PAR4 antagonists, beginning with their IDT analogues. By repeated structural optimisation, we developed a series of highly selective PAR4 antagonists with nanomolar potency on human platelets. Of these, 13 and 30g, with an 8-benzo[d]thiazol-2-yl-substituted quinazolin-4(3H)-one structure, showed optimal activity (h. PAR4-AP PRP IC<sub>50</sub> = 19.6 nM and 6.59 nM, respectively) on human platelets. Furthermore, 13 and 30g showed excellent selectivity for PAR4 versus PAR1 and other receptors (IC<sub>50</sub>s > 10 ?M) on human platelets. And 13 and 30g were lack of cross-reactivity for PAR1 or PAR2 (PAR1 AP FLIPR IC<sub>50</sub> > 3162 nM, PAR2 AP FLIPR IC<sub>50</sub> > 1000 nM) in the calcium mobilization assays. Metabolic stability assays and cytotoxicity tests of 13 and 30g indicated that these compounds could sever as promising drug candidates for the development of novel PAR4 antagonists. In summary, the quinazolin-4(3H)-one-based analogues are the first reported chemotypes with excellent activity and selectivity against PAR4, and, in the current study, we expanded the structural diversity of PAR4 antagonists. The two compounds, 13 and 30g, found in our study could be promising starting points with great potential for further research in antiplatelet therapy.","Yuan D, Zhu X, Kong Y, Li S, Liu S, Xie R",1,0.5,,13,CHEMBL4842351,FALSE,10.1016/j.ejmech.2021.113764,113764,TRUE,0,Eur J Med Chem,113764,1,2,,1/13/2022,34391031,1768-3254:2022-01-13:0034391031,Synthesis and evaluation of novel and potent protease activated receptor 4 (PAR4) antagonists based on a quinazolin-4(3H)-one scaffold.,225,2022
0.5,1768-3254,Journal Article,"The druggability of the tyrosyl-DNA phosphodiesterase 1 (Tdp1) enzyme was investigated in conjunction with topoisomerase 1 inhibition. A novel class of thiazole, aminothiazole and hydrazonothiazole usnic acid derivatives was synthesized and evaluated as Tdp1 inhibitors and their ability to sensitize tumors to topotecan, a topoisomerase inhibitor in clinical use. Of all the compounds tested, four hydrazinothiazole derivatives, 20c, 20d, 20h and 20i, inhibited the enzyme in the nanomolar range. The activity of the compounds was verified by affinity experiments as well as supported by molecular modelling. The most effective Tdp1 inhibitor, 20d, was ton-toxic and increased the effect of topotecan both in vitro and in vivo in the Lewis lung carcinoma model. Furthermore, 20d showed significant increase in the antitumor and antimetastatic effect of topotecan in mice. The results presented here justify compound 20d to be considered as a drug lead for antitumor therapy.","Popova NA, Chepanova AA, Lavrik OI, Nikolin VP, Luzina OA, Sokolov DN, Zakharova OD, Patel J, Leung IKH, Salakhutdinov NF, Zakharenko AL, Zafar A, Kaledin VI, Volcho KP, Leung E, Reynisson J",1,0.5,,18,CHEMBL4325890,TRUE,10.1016/j.ejmech.2018.10.055,581,TRUE,0,Eur J Med Chem,593,12,2,,12/18/2018,30396105,1768-3254:2018-12-18:0030396105,Novel tyrosyl-DNA phosphodiesterase 1 inhibitors enhance the therapeutic impact of topoteñan on in vivo tumor models.,161,2018
0.5,1768-3254,Journal Article,"The enzymes involved in the metabolic pathways in cancer cells have been demonstrated as important therapeutic targets such as the isocitrate dehydrogenase 2 (IDH2). A series of macrocyclic derivatives was designed based on the marketed IDH2 inhibitor AG-221 by using the conformational restriction strategy. The resulted compounds showed moderate to good inhibitory potential against different IDH2-mutant enzymes. Amongst, compound C6 exhibited better IDH2 inhibitory potency than AG-221, and showed excellent activity of 2-hydroxyglutarate (2-HG) suppression in vitro and its mesylate displayed good pharmacokinetic profiles. Moreover, C6 performed strong binding mode to IDH2 after computational docking and dynamic simulation, which may serve as a good starting point for further development.","Che J,Huang F,Zhang M,Xu G,Qu B,Gao J,Chen B,Zhang J,Ying H,Hu Y,Hu X,Zhou Y,Gao A,Li J,Dong X",2,0.5,,22,CHEMBL4706511,TRUE,10.1016/j.ejmech.2020.112491,112491,TRUE,0,Eur J Med Chem,112491,4,4,,4/22/2021,32679449,1768-3254:2021-04-22:0032679449,"Structure-based design, synthesis and bioactivity evaluation of macrocyclic inhibitors of mutant isocitrate dehydrogenase 2 (IDH2) displaying activity in acute myeloid leukemia cells.",203,2021
0.5,1768-3254,Journal Article,"The expression of telomerase in approximately 85% of cancers and its absence in the majority of normal cells makes it an attractive target for cancer therapy. However the lag period between initiation of telomerase inhibition and growth arrest makes direct inhibition alone an insufficient method of treatment. However, telomerase inhibition has been shown to enhance cancer cell radiosensitivity. To investigate the strategy of simultaneously inhibiting telomerase while delivering targeted radionuclide therapy to cancer cells, 123I-radiolabeled inhibitors of telomerase were synthesized and their effects on cancer cell survival studied. An 123I-labeled analogue of the telomerase inhibitor MST-312 inhibited telomerase with an IC50 of 1.58 ?M (MST-312 IC50: 0.23 ?M). Clonogenic assays showed a dose dependant effect of 123I-MST-312 on cell survival in a telomerase positive cell line, MDA-MB-435.","Vallis KA, Waghorn PA, Jackson MR, Gouverneur V",2,0.5,,27,CHEMBL4000158,TRUE,10.1016/j.ejmech.2016.09.028,117,TRUE,0,Eur J Med Chem,129,2,4,,2/27/2017,27657809,1768-3254:2017-02-27:0027657809,Targeting telomerase with radiolabeled inhibitors.,125,2017
0.5,1768-3254,Journal Article,"The involvement of histamine H4 receptor (H4R) in immune cells chemotaxis and mediator release makes it an attractive target for the treatment of inflammation disorders. A decade of medicinal chemistry efforts has led to several promising ligands, although the chemical structures described so far possesses a singular limited diversity. We report here the discovery of novel structures, belonging to completely different scaffolds. The virtual screening was planed as a two-steps process. First, using a ""scout screening"" methodology, we have experimentally probed the H4R ligand binding site using a small size chemical library with very diverse structures, and identified a hit that further assist us in refining a raw 3D homology model. Second, the refined 3D model was used to conduct a widened virtual screening. This two-steps strategy proved to be very successful, both in terms of structural diversity and hit rate (23%). Moreover, the hits have high affinity for the H4R, with most potent ligands in the nanomolar range.","Lecomte JM, Labeeuw O, Schwartz JC, Billot X, Capet M, Danvy D, Calmels T, Berrebi-Bertrand I, Levoin N, Krief S",8,0.5,,12,CHEMBL4041490,FALSE,10.1016/j.ejmech.2016.09.074,565,TRUE,0,Eur J Med Chem,572,4,16,,4/12/2017,27718472,1768-3254:2017-04-12:0027718472,Discovery of nanomolar ligands with novel scaffolds for the histamine H4 receptor by virtual screening.,125,2017
0.5,1768-3254,Journal Article,"Transient receptor potential melastatin 2 (TRPM2) channel is associated with ischemia/reperfusion injury, inflammation, cancer and neurodegenerative diseases. However, the lack of specific inhibitors impedes the development of TRPM2 targeted therapeutic agents. To develop a selective TRPM2 inhibitor, three-dimensional similarity-based screening strategy was employed using the energy-minimized conformation of non-selective TRPM2 inhibitor 2-APB as the query structure, which resulted in the discovery of a novel tricyclic TRPM2 inhibitor Z-4 with benzo[d]imidazo[1,2-a]imidazole skeleton. A series of Z-4 derivatives were subsequently synthesized and evaluated using calcium imaging and electrophysiology approaches. Among them, preferred compounds ZA10 and ZA18 inhibited the TRPM2 channel with micromolar half-maximal inhibitory concentration values and exhibited TRPM2 selectivity over the TRPM8 channel, TRPV1 channel, InsP<sub>3</sub> receptor and Orai channel. The analysis of structure-activity relationship provides valuable insights for further development of selective TRPM2 inhibitors. Neuroprotection assay showed that ZA10 and ZA18 could effectively reduce the mortality of SH-SY5Y cells induced by H<sub>2</sub>O<sub>2</sub>. These findings enrich the structure types of existing TRPM2 inhibitors and might provide a new tool for the study of TRPM2 function in Reactive oxygen species (ROS) -related diseases.","Liu Z, Cai X, Zhang R, Yu P, Zhang L, Zhang H, Jin H, Yang W, Jin Z, Zhao S",1,0.5,,13,CHEMBL4842361,FALSE,10.1016/j.ejmech.2021.113750,113750,TRUE,0,Eur J Med Chem,113750,1,2,,1/13/2022,34416664,1768-3254:2022-01-13:0034416664,"Design, synthesis and biological activities of benzo[d]imidazo[1,2-a]imidazole derivatives as TRPM2-specfic inhibitors.",225,2022
0.5,1768-3254,Journal Article,"Using the available structural information of the chemokine receptor CXCR4, we present hit finding and hit exploration studies that make use of virtual fragment screening, design, synthesis and structure-activity relationship (SAR) studies. Fragment 2 was identified as virtual screening hit and used as a starting point for the exploration of 31?N-substituted piperidin-4-yl-methanamine derivatives to investigate and improve the interactions with the CXCR4 binding site. Additionally, subtle structural ligand changes lead to distinct interactions with CXCR4 resulting in a full to partial displacement of CXCL12 binding and competitive and/or non-competitive antagonism. Three-dimensional quantitative structure-activity relationship (3D-QSAR) and binding model studies were used to identify important hydrophobic interactions that determine binding affinity and indicate key ligand-receptor interactions.","Smit MJ, Vischer HF, de Esch IJP, Leurs R, Hill SJ, Wijtmans M, Gozelle M, Bebelman JP, Adlere I, Arimont M, Caspar B, Hoffmann C, Zarca A, Sun S, Briddon SJ, Viciano CP, de Graaf C, Roumen L",2,0.5,,7,CHEMBL4382250,TRUE,10.1016/j.ejmech.2018.10.060,631,TRUE,0,Eur J Med Chem,649,2,4,,2/7/2019,30476826,1768-3254:2019-02-07:0030476826,Structure-based exploration and pharmacological evaluation of N-substituted piperidin-4-yl-methanamine CXCR4 chemokine receptor antagonists.,162,2019
0.5,1768-3254,"Journal Article|Research Support, Non-U.S. Gov't","A novel class of small-molecule inhibitors of MDM2-p53 interaction with a (E)-3-benzylideneindolin-2-one scaffold was identified using an integrated virtual screening strategy that combined both pharmacophore- and structure-based approaches. The hit optimisation identified several compounds with more potent activity than the hit compound and the positive drug nutlin-3a, especially compound 1b, which exhibited both the highest binding affinity to MDM2 (Ki = 0.093 ?M) and the most potent antiproliferative activity against HCT116 (wild type p53) cells (GI50 = 13.42 ?M). Additionally, 1b dose-dependently inhibited tumour growth in BALB/c mice bearing CT26 colon carcinoma, with no visible sign of toxicity. In summary, compound 1b represents a novel and promising lead structure for the development of anticancer drugs as MDM2-p53 interaction disruptors.","Zheng GH, Li ZR, Xue ST, Zhan YC, Wang Z, Yi H, Shen JJ, Ji XY",1,0.5,,30,CHEMBL3259813,TRUE,10.1016/j.ejmech.2014.05.027,277,TRUE,0,Eur J Med Chem,288,3,2,,3/30/2015,24852275,1768-3254:2015-03-30:0024852275,"Design, synthesis and in vitro and in vivo antitumour activity of 3-benzylideneindolin-2-one derivatives, a novel class of small-molecule inhibitors of the MDM2-p53 interaction.",81,2015
0.5,1768-3254,"Journal Article|Research Support, Non-U.S. Gov't","Hodgkin's lymphoma (HL) is the most common malignant lymphoma in young adults in the western world. This disease is characterized by an overexpression of ADAM-10 with increased release of NKG2D ligands, involved in an impaired immune response against tumor cells. We designed and synthesized two new ADAM-10 selective inhibitors, 2 and 3 based on previously published ADAM-17 selective inhibitor 1. The most promising compound was the thiazolidine derivative 3, with nanomolar activity for ADAM-10, high selectivity over ADAM-17 and MMPs and good efficacy in reducing the shedding of NKG2D ligands (MIC-B and ULBP3) in three different HL cell lines at non-toxic doses. Molecular modeling studies were used to drive the design and X-ray crystallography studies were carried out to explain the selectivity of 3 for ADAM-10 over MMPs.","Stura EA, Tuccinardi T, Nuti E, Boero S, Zocchi MR, Poggi A, Tepshi L, Rossello A, Camodeca C",26,0.5,,7,CHEMBL3769331,TRUE,10.1016/j.ejmech.2016.01.053,193,TRUE,0,Eur J Med Chem,201,11,52,,11/7/2016,26871660,1768-3254:2016-11-07:0026871660,Discovery of a new selective inhibitor of A Disintegrin And Metalloprotease 10 (ADAM-10) able to reduce the shedding of NKG2D ligands in Hodgkin's lymphoma cell models.,111,2016
0.5,1768-3254,"Journal Article|Research Support, Non-U.S. Gov't","Melanoma is an aggressive form of skin cancer and it is generally associated with poor prognosis in patients with late-stage disease. Due to the increasing occurrence of melanoma, there is a need for the development of novel therapies. A new series of diarylamide and diarylurea derivatives containing imidazo[1,2-a]pyridine or imidazo[1,2-a]pyrazine scaffold was designed and synthesized to investigate their in vitro efficacy against the A375P human melanoma cell line. We found several compounds expressing submicromolar IC50 values against the A375P cells, from which 15d, 17e, 18c, 18h, 18i demonstrated the highest potencies with IC50 below 0.06 ?M.","Boros S, Sz?ntai-Kis C, K?kesi L, Dobos J, K?ri G, Sipos A, Baska F, Illy?s E, ?rfi L, Szabadkai I, Garamv?lgyi R",1,0.5,,17,CHEMBL3763041,FALSE,10.1016/j.ejmech.2015.12.001,623,TRUE,0,Eur J Med Chem,643,10,2,,10/17/2016,26724730,1768-3254:2016-10-17:0026724730,"Design and synthesis of new imidazo[1,2-a]pyridine and imidazo[1,2-a]pyrazine derivatives with antiproliferative activity against melanoma cells.",108,2016
0.5,1768-3254,"Journal Article|Research Support, Non-U.S. Gov't","The synthesis and SAR of HIV-1 protease inhibitors containing novel P2 structural elements are presented. The inhibitors were designed having hydrogen bond accepting P2 substituents to probe potential favorable interactions to Asp-29/Asp-30 of the HIV-1 protease backbone utilizing inhibitor 3 as a model template. Several inhibitors were synthesized from an L-Val methyl amide P2 motif by appending hydrogen bonding moieties from either the isopropyl side-chain or from the methyl amide portion. The most promising inhibitors 4a and 4e displayed Ki values of 1.0 nM and 0.7 nM respectively and EC50 values in the MT4 cell-based assay of 0.17 microM and 0.33 microM respectively, a slight loss in potency compared to lead inhibitor 3. These inhibitors were also tested against an HIV protease inhibitor resistant strain carrying the M46I, V82F, and I84V mutations. Inhibitors 4a and 4e displayed a 3 and 4 fold change respectively compared with HIV wild type, whereas lead inhibitor 3 showed a higher 9 fold change. This study further demonstrate the chemical tractability of the approach where various P2 substituents can be introduced in just one chemical step from lactone 21 enabling facile modifications of the overall properties in this inhibitor class.","Oscarson S, Samuelsson B, Vrang L, Parkes K, Wallberg H, Hallberg A, Adrian Meredith J",1,0.5,,29,CHEMBL1154714,FALSE,10.1016/j.ejmech.2009.09.038,160,TRUE,1,Eur J Med Chem,170,4,2,,4/29/2010,19926360,1768-3254:2010-04-29:0019926360,Design and synthesis of novel P2 substituents in diol-based HIV protease inhibitors.,45,2010
0.5,1768-3254,"Journal Article|Research Support, Non-U.S. Gov't","We report here the design and synthesis of a series of 4-anilinoquinazoline derivatives, of which 7 compounds were crystallographically characterized, as epidermal growth factor receptor (EGFR) inhibitors by modifications on the aniline ring or at the 6-alkoxy site of the 6,7-dimethoxy-4-anilinoquinazoline pharmacophore. The relative inhibition efficiency on EGFR of all as-prepared compounds were measured and ordered, and the IC50 values of nine highly active compounds were determined by ELISA. Docking studies indicated that all 4-anilinoquinazoline derivatives could be inserted into the ATP-binding pocket of the EGFR via indirect docking, and that the modifications at the 3'-position of the anilino group and 6-alkoxy site of the quinazoline ring have little interference with the formation of the two essential H-bonds between the N3 of the quinazoline ring and Thr766 through a water molecule, and the N1 of the quinazoline ring and N-H of Met769. The displacing of the phenyl at 4-position with pyridinyl dramatically reduces the activity of the quinazoline pharmacophore, the resulting derivative (10) being the least active compound. The docking results also showed that the formation of new H-bonds between the N-H of the ethylenediamine group linked to the 6-alkoxy site and Asp776/Cys773 in the binding pocket of EGFR makes compounds 19 (IC50=12.1±1.6 nM) and 20 (IC50=13.6±0.8 nM) the most potent EGFR inhibitors in this class and worthy of further modification to obtain more potent anticancer compounds.","Ji L, Li X, Hao X, Wang F, L? S, Luo Q, Zheng W",1,0.5,,26,CHEMBL2331141,FALSE,10.1016/j.ejmech.2012.07.036,84,TRUE,0,Eur J Med Chem,94,8,2,,8/26/2014,22867529,1768-3254:2014-08-26:0022867529,"Synthesis, characterization, screening and docking analysis of 4-anilinoquinazoline derivatives as tyrosine kinase inhibitors.",61,2014
0.5,1948-5875,Editorial,,Kargbo RB,7,0.5,,8,CHEMBL4325918,FALSE,10.1021/acsmedchemlett.8b00575,1162,TRUE,12,ACS Med Chem Lett,1163,1,14,93401-7337,1/8/2019,30613319,1948-5875:2019-01-08:0030613319,Allosteric CB<sub>1</sub> Receptor Modulators for the Treatment of CB<sub>1</sub> Related Diseases and Conditions.,9,2019
0.5,1948-5875,Journal Article,"(18)F-labeled imidazo[2,1-b]benzothiazole ([(18)F]8) was synthesized and evaluated as a tracer for cerebral ?-amyloid deposits (A?) by means of positron emission tomography (PET). [(18)F]8 exhibits a high affinity to A? and suitable brain uptake kinetics combined with a high metabolic stability in the brain. In a double transgenic APP/PS1 mouse model of Alzheimer's disease, we demonstrated a specific uptake of [(18)F]8 in A?-containing telencephalic brain regions. The specific binding of [(18)F]8 to A? was confirmed by regional brain biodistribution and autoradiography and correlated to immunohistochemistry staining. Analysis of brain sections of APP/PS1 mouse injected with a cocktail of [(18)F]8 and reference compound [(3)H]PiB revealed that the two tracers bind to A? plaques in the brain of mouse in a comparable binding pattern. [(18)F]8 represents the first high-contrast PET imaging agent for detection of A? plaques in transgenic mouse model of Alzheimer's disease and holds promise for transfer to a clinical evaluation.","Drzezga A, Wester HJ, Henriksen G, Yousefi BH, von Reutern B, Schwaiger M, Manook A",2,0.5,,5,CHEMBL2016463,TRUE,10.1021/ml200123w,673,TRUE,9,ACS Med Chem Lett,677,6,4,"85748, 81675",6/5/2014,24900362,1948-5875:2014-06-05:0024900362,"A Novel (18)F-Labeled Imidazo[2,1-b]benzothiazole (IBT) for High-Contrast PET Imaging of ?-Amyloid Plaques.",2,2014
0.5,1948-5875,Journal Article,"A combination of focused library and virtual screening, hit expansion, and rational design has resulted in the development of a series of inhibitors of RETV804M kinase, the anticipated drug-resistant mutant of RET kinase. These agents do not inhibit the wild type (wt) isoforms of RET or KDR and therefore offer a potential adjunct to RET inhibitors currently undergoing clinical evaluation.","Watson A, Newton R, Jones S, Lin LY, Echalier A, Waddell I, Burschowsky D, Waszkowycz B, French E, Seewooruthun C, Hamilton N, Hitchin S, Bayliss R, Jordan AM, Ogilvie D, Begum H, Richards M",1,0.5,,16,CHEMBL4342511,TRUE,10.1021/acsmedchemlett.9b00615,497,TRUE,4,ACS Med Chem Lett,505,4,2,"'LS2 9JT', 'SK10 4TG', 'SK10', ''), 'LE1 7HB', '', ('', 'LE1 7RH', 'LS2', 'LE1'",4/16/2020,32292556,1948-5875:2020-04-16:0032292556,Discovery and Optimization of wt-RET/KDR-Selective Inhibitors of RETV804M Kinase.,11,2020
0.5,1948-5875,Journal Article,"A lack of useful small molecule tools has precluded thorough interrogation of the biological function of SMYD2, a lysine methyltransferase with known tumor-suppressor substrates. Systematic exploration of the structure-activity relationships of a previously known benzoxazinone compound led to the synthesis of A-893, a potent and selective SMYD2 inhibitor (IC50: 2.8 nM). A cocrystal structure reveals the origin of enhanced potency, and effective suppression of p53K370 methylation is observed in a lung carcinoma (A549) cell line.","Sweis RF, Arrowsmith CH, Soni NB, Wang Z, Kennedy S, Shaw B, Jakob CG, Li F, Brown PJ, Pappano WN, Guo J, Chiang GG, Maag D, Vedadi M, Algire M",1,0.5,,23,CHEMBL3588844,FALSE,10.1021/acsmedchemlett.5b00124,695,TRUE,6,ACS Med Chem Lett,700,6,2,60064,6/23/2015,26101576,1948-5875:2015-06-23:0026101576,"Discovery of A-893, A New Cell-Active Benzoxazinone Inhibitor of Lysine Methyltransferase SMYD2.",6,2015
0.5,1948-5875,Journal Article,"A novel class of bivalent ligands targeting putative protease-activated receptor (PAR) heteromers has been prepared based upon reported antagonists for the subtypes PAR1 and PAR2. Modified versions of the PAR1 antagonist RWJ-58259 containing alkyne adapters were connected via cycloaddition reactions to azide-capped polyethylene glycol (PEG) spacers attached to imidazopyridazine-based PAR2 antagonists. Initial studies of the PAR1-PAR2 antagonists indicated that they inhibited G alpha q-mediated calcium mobilization in endothelial and cancer cells driven by both PAR1 and PAR2 agonists. Compounds of this novel class hold promise for the prevention of restenosis, cancer cell metastasis, and other proliferative disorders.","Rosas R, Kodali R, Gandhi DM, Dockendorff C, Majewski MW, Arnold LA",1,0.5,,19,CHEMBL4308922,TRUE,10.1021/acsmedchemlett.8b00538,121,TRUE,1,ACS Med Chem Lett,126,1,2,"53211, 53201-1881",1/19/2019,30655958,1948-5875:2019-01-19:0030655958,Design and Evaluation of Heterobivalent PAR1-PAR2 Ligands as Antagonists of Calcium Mobilization.,10,2019
0.5,1948-5875,Journal Article,"A novel series of imidazoisoindoles were identified as potent indoleamine-2,3-dioxygenase (IDO) inhibitors. Lead optimization toward improving potency and eliminating CYP inhibition resulted in the discovery of lead compound <b>25</b>, a highly potent IDO inhibitor with favorable pharmacokinetic properties. In the MC38 xenograft model in hPD-1 transgenic mice, <b>25</b> in combination with the anti-PD-1 monoclonal antibody (<b>SHR-1210</b>) achieved a synergistic antitumor effect superior to each single agent.","Tu W, Liu Z, He F, Xu G, Peng W, Hu B, Jin F, Tao W, Zhang L, Yang F, Wan H, Hu Q, Yu N, Chi J",1,0.5,,22,CHEMBL4359827,FALSE,10.1021/acsmedchemlett.9b00114,949,TRUE,6,ACS Med Chem Lett,953,6,2,"200245, 222047",6/22/2019,31223453,1948-5875:2019-06-22:0031223453,"Discovery of Imidazoisoindole Derivatives as Highly Potent and Orally Active Indoleamine-2,3-dioxygenase Inhibitors.",10,2019
0.5,1948-5875,Journal Article,"A series of (<i>E</i>)-3-(4-((2,4-bis(trifluoromethyl)benzyl)oxy)-3-methoxyphenyl)-2-cyanoacrylamide derivatives were designed and synthesized as new estrogen-related receptor ? (ERR?) degraders based on the proteolysis targeting chimera (PROTAC) concept. One of the representative compounds <b>6c</b> is capable of specifically degrading ERR? protein by >80% at a relatively low concentration of 30 nM, becoming one of the most potent and selective ERR? degraders to date. Compound <b>6c</b> could be utilized as a new powerful research tool for further biological investigation of ERR?.","Ding K, Ren X, Zhang Z, Peng L, Li S, Zhang Y, Xu Y, Chang Y, Lei C",1,0.5,,18,CHEMBL4304753,TRUE,10.1021/acsmedchemlett.9b00025,767,TRUE,5,ACS Med Chem Lett,772,5,2,"510530, 510632",5/18/2019,31097997,1948-5875:2019-05-18:0031097997,Identification of New Small-Molecule Inducers of Estrogen-related Receptor ? (ERR?) Degradation.,10,2019
0.5,1948-5875,Journal Article,"Activating mutations in the epidermal growth factor receptor (EGFR) have been identified in a subset of non-small cell lung cancer (NSCLC), which is one of the leading cancer types worldwide. Application of EGFR tyrosine kinase inhibitors leads to acquired resistance by secondary EGFR mutations or by amplification of the hepatocyte growth factor receptor (c-Met) gene. Although several EGFR and c-Met inhibitors have been reported, potent dual EGFR/c-Met inhibitors, which can overcome this latter resistance mechanism, have hitherto not been published and have not reached clinical trials. In the present study we have identified dual EGFR/c-Met inhibitors and designed novel N-[4-(quinolin-4-yloxy)-phenyl]-biarylsulfonamide derivatives, which inhibit the c-Met receptor and both the wild-type and the activating mutant EGFR kinases in nanomolar range. We have demonstrated by Western blot analysis that compound 10 inhibits EGFR and c-Met phosphorylation at cellular level and effectively inhibits viability of the NSCLC cell lines.","Orfi L, Greff Z, Pet?k I, Kurk? I, Ullrich A, P?nzes K, Szokol B, K?ri G, Baska F, Torka R, Gyulav?ri P, V?ntus T, Sz?ntai-Kis C, Orfi Z",11,0.5,,6,CHEMBL3259680,TRUE,10.1021/ml4003309,298,TRUE,4,ACS Med Chem Lett,303,6,22,82152,6/6/2014,24900830,1948-5875:2014-06-06:0024900830,Discovery and Biological Evaluation of Novel Dual EGFR/c-Met Inhibitors.,5,2014
0.5,1948-5875,Journal Article,"Bruton's tyrosine kinase (Btk) is thought to play a pathogenic role in chronic immune diseases such as rheumatoid arthritis and lupus. While covalent, irreversible Btk inhibitors are approved for treatment of hematologic malignancies, they are not approved for autoimmune indications. In efforts to develop additional series of reversible Btk inhibitors for chronic immune diseases, we sought to differentiate from our clinical stage inhibitor fenebrutinib using cyclopropyl amide isosteres of the 2-aminopyridyl group to occupy the flat, lipophilic H2 pocket. While drug-like properties were retained-and in some cases improved-a safety liability in the form of hERG inhibition was observed. When a fluorocyclopropyl amide was incorporated, Btk and off-target activity was found to be stereodependent and a lead compound was identified in the form of the (<i>R</i>,<i>R</i>)- stereoisomer.","Kiefer JR, Eigenbrot C, Kakiuchi-Kiyota S, Yu C, Vogt J, Chen J, Johnson AR, Young WB, Delatorre KJ, Reif K, Katewa A, Misner D, Lee W, Liu L, Crawford JJ, Heidmann J, Lubach JW, Wong H, Purkey H",1,0.5,,25,CHEMBL4619817,TRUE,10.1021/acsmedchemlett.0c00249,1588,TRUE,8,ACS Med Chem Lett,1597,8,2,94080,8/25/2020,32832028,1948-5875:2020-08-25:0032832028,Stereochemical Differences in Fluorocyclopropyl Amides Enable Tuning of Btk Inhibition and Off-Target Activity.,11,2020
0.5,1948-5875,Journal Article,"Estrogen receptor alpha (ER?) is a well-validated drug target for ER-positive (ER+) breast cancer. Fulvestrant is FDA-approved to treat ER+ breast cancer and works through two mechanisms-as a full antagonist and selective estrogen receptor degrader (SERD)-but lacks oral bioavailability. Thus, we envisioned a ""best-in-class"" molecule with the same dual mechanisms as fulvestrant, but with significant oral exposure. Through lead optimization, we discovered a tool molecule <b>12</b> (GNE-149) with improved degradation and antiproliferative activity in both MCF7 and T47D cells. To illustrate the binding mode and key interactions of this scaffold with ER?, we obtained a cocrystal structure of <b>6</b> that showed ionic interaction of azetidine with Asp351 residue. Importantly, <b>12</b> showed favorable metabolic stability and good oral exposure. <b>12</b> exhibited antagonist effect in the uterus and demonstrated robust dose-dependent efficacy in xenograft models.","Vinogradova M, Young A, Goodacre S, Nannini M, Zheng X, Hartman S, McLean N, Kiefer JR, Otwine D, Kleinheinz T, Lai KW, Zhang B, Liang J, Chang J, Roussel F, Ran Y, Li J, Ray N, Metcalfe C, Liao J, Wai J, Wang X, Wang T, Sambrone A, Ingalla ER, Sampath D, Yeap K, Zhong Y, Friedman LS, Labadie S, Mody V, Zbieg J, Blake R",2,0.5,,20,CHEMBL4616717,TRUE,10.1021/acsmedchemlett.0c00224,1342,TRUE,6,ACS Med Chem Lett,1347,6,4,"''), '', ('', 'CM19 5TR', 'CM19', 200131, 94080",6/20/2020,32551022,1948-5875:2020-06-20:0032551022,Discovery of GNE-149 as a Full Antagonist and Efficient Degrader of Estrogen Receptor alpha for ER+ Breast Cancer.,11,2020
0.5,1948-5875,Journal Article,"Following the impressive success of checkpoint inhibitors in the treatment of cancer, combinations of IDO1 inhibitors with PD-1/PD-L1 antibodies are in clinical development aiming to increase response rates. Using the hydroxyamidine pharmacophore of the IDO1 inhibitor INCB14943 as a starting point for the design of new inhibitors, the potential shortcomings of extensive hydroxyamidine glucuronidation in humans was addressed. Compounds were optimized using a stability assay with recombinant UGT1A9 enzyme together with the measurement of glucuronide formation in human hepatocytes. Optimized analog 24 showed cellular and biochemical IDO1 IC50 values in the low nanomolar range, a suitable in vitro ADME/PK profile, and efficacy in an animal model of cancer. In a humanized liver mouse model the lead compound exhibited significantly reduced glucuronidation compared to epacadostat (2).","Steeneck C, Kinzel O, Braun F, Pinto S, Hoffmann T, Anderhub S, Kleymann G, Hornberger M, Morschhaeuser B",2,0.5,,20,CHEMBL4334553,TRUE,10.1021/acsmedchemlett.9b00572,179,TRUE,2,ACS Med Chem Lett,187,2,4,69123,2/20/2020,32071686,1948-5875:2020-02-20:0032071686,Discovery of Hydroxyamidine Based Inhibitors of IDO1 for Cancer Immunotherapy with Reduced Potential for Glucuronidation.,11,2020
0.5,1948-5875,Journal Article,"Herein we report the use of metathesis to construct a novel tetracyclic core in a series of estrogen receptor degraders. This improved the chemical stability, as assessed using an NMR-MS based assay, and gave a molecule with excellent physicochemical properties and pharmacokinetics in rat. X-ray crystallography established minimal perturbation of the bridged compounds relative to the unbridged analogues in the receptor binding pocket. Unfortunately, despite retaining excellent binding to ER?, this adversely affected the ability of the compounds to degrade the receptor.","Scott JS, Klinowska T, Carbajo RJ, Greenwood R, Breed J, Davey PR, Morrow CJ, Moss TA, Nissink JWM, Huynh HK, Polanski R, Varnes J, Yang B",1,0.5,,18,CHEMBL4304838,TRUE,10.1021/acsmedchemlett.9b00370,1492,TRUE,10,ACS Med Chem Lett,1497,10,2,"''), '', 'CB4', ('', 02451, 'CB4 0WG'",10/18/2019,31620239,1948-5875:2019-10-18:0031620239,Building Bridges in a Series of Estrogen Receptor Degraders: An Application of Metathesis in Medicinal Chemistry.,10,2019
0.5,1948-5875,Journal Article,"Herein, we report the structure-activity relationships within a series of mGlu7 NAMs based on an N-(2-(1H-1,2,4-triazol-1-yl)-5-(trifluoromethoxy)phenyl)benzamide core with excellent CNS penetration (Kp 1.9-5.8 and Kp,uu 0.4-1.4). Analogues in this series displayed steep SAR. Of these, VU6010608 (11a) emerged with robust efficacy in blocking high frequency stimulated long-term potentiation in electrophysiology studies.","Roenfanz HF, Stansley BJ, Loch MT, Rook JM, Reed CW, Conn PJ, Rodriguez AL, Blobaum AL, McGowan KM, Luscombe VB, Niswender CM, Remke DH, Lindsley CW, Engers DW, Spearing PK, Engelberg EM",2,0.5,,21,CHEMBL4130599,TRUE,10.1021/acsmedchemlett.7b00429,1326,TRUE,12,ACS Med Chem Lett,1330,12,4,37232,12/21/2017,29259756,1948-5875:2017-12-21:0029259756,"VU6010608, a Novel mGlu7 NAM from a Series of N-(2-(1H-1,2,4-Triazol-1-yl)-5-(trifluoromethoxy)phenyl)benzamides.",8,2017
0.5,1948-5875,Journal Article,"Polypharmacology is often a key contributor to the efficacy of a drug, but is also a potential risk. We investigated two hits discovered via a cell-based phenotypic screen, the CDK9 inhibitor CCT250006 (<b>1</b>) and the pirin ligand CCT245232 (<b>2</b>), to establish methodology to elucidate their secondary protein targets. Using computational pocket-based analysis, we discovered intrafamily polypharmacology for our kinase inhibitor, despite little overall sequence identity. The interfamily polypharmacology of <b>2</b> with B-Raf was used to discover a novel pirin ligand from a very small but privileged compound library despite no apparent ligand or binding site similarity. Our data demonstrates that in areas of drug discovery where intrafamily polypharmacology is often an issue, ligand dissimilarity cannot necessarily be used to assume different off-target profiles and that understanding interfamily polypharmacology will be important in the future to reduce the risk of idiopathic toxicity and in the design of screening libraries.","van Montfort RLM, Mok NY, Chessum NEA, Workman P, Rye CS, O'Fee L, Meyers J, Rowlands M, Brown N, Evans LE, Tucker MJ, Le Bihan YV, Pasqua AE, Wilding B, Carter M, Ali S, Cheeseman MD, Burke R, Blagg J, Jones K",4,0.5,,8,CHEMBL4325925,TRUE,10.1021/acsmedchemlett.8b00364,1199,TRUE,12,ACS Med Chem Lett,1204,1,8,,1/8/2019,30613326,1948-5875:2019-01-08:0030613326,Privileged Structures and Polypharmacology within and between Protein Families.,9,2019
0.5,1948-5875,Journal Article,"Retinoid X receptor (RXR) ligands often bind in modes in which the carboxy group forms a hydrogen bond inside the ligand-binding pocket (LBP). However, our previously reported RXR antagonist, CBTF-EE (4a), binds with its carboxy group directed outside the LBP and its alkoxy side chain located inside the LBP. Here, we examined the binding modes of 4b and 4c bearing a nitrobenzoxadiazole (NBD) or boron-dipyrromethene (BODIPY) fluorophore, respectively, at the end of the alkoxy chain of 4a. Both compounds function as RXR antagonists. 4c, but not 4b, was available for a fluorescence polarization binding assay, indicating that rotation of BODIPY, but not NBD, is restricted in the bound state. The fluorescence findings, supported by docking simulations, suggest the fluorophores are located outside the LBP, so that the binding mode of 4b and 4c is different from that of 4a. The assay results were highly correlated with those of a [H]9-cis-retinoic acid assay.","Takioku M,Takamura Y,Fujihara M,Watanabe M,Yamada S,Kawasaki M,Ito S,Nakano S,Kakuta H",1,0.5,,19,CHEMBL4706774,FALSE,10.1021/acsmedchemlett.1c00201,1024,TRUE,6,ACS Med Chem Lett,1029,6,2,,6/19/2021,34141088,1948-5875:2021-06-19:0034141088,Creation of Fluorescent RXR Antagonists Based on CBTF-EE and Application to a Fluorescence Polarization Binding Assay.,12,2021
0.5,1948-5875,Journal Article,"The bioactive metabolite of Substance P, the heptapeptide SP1-7 (H-Arg-Pro-Lys-Pro-Gln-Gln-Phe-OH), has been shown to attenuate signs of hyperalgesia in diabetic mice, which indicate a possible use of compounds targeting the SP1-7 binding site as analgesics for neuropathic pain. Aiming at the development of drug-like SP1-7 peptidomimetics we have previously reported on the discovery of H-Phe-Phe-NH2 as a high affinity lead compound. Unfortunately, the pharmacophore of this compound was accompanied by a poor pharmacokinetic (PK) profile. Herein, further lead optimization of H-Phe-Phe-NH2 by substituting the N-terminal phenylalanine for a benzylcarbamate group giving a new type of SP1-7 analogues with good binding affinities is reported. Extensive in vitro as well as in vivo PK characterization is presented for this compound. Evaluation of different C-terminal functional groups, i.e., hydroxamic acid, acyl sulfonamide, acyl cyanamide, acyl hydrazine, and oxadiazole, suggested hydroxamic acid as a bioisosteric replacement for the original primary amide.","Svensson R, Nordvall G, Hallberg M, Kratz JM, Carlsson-Jonsson A, Bylund J, Fransson R, Sandstr?m A, Artursson P",3,0.5,,17,CHEMBL3351280,FALSE,10.1021/ml5002954,1272,TRUE,12,ACS Med Chem Lett,1277,12,6,,12/17/2014,25516784,1948-5875:2014-12-17:0025516784,Exploration and pharmacokinetic profiling of phenylalanine based carbamates as novel substance p 1-7 analogues.,5,2014
0.5,1948-5875,Journal Article,"The overactivation of transient receptor potential canonical 3 (TRPC3) is associated with neurodegenerative diseases and hypertension. Pyrazole 3 (Pyr3) is reported as the most selective TRPC3 inhibitor, but it has two inherent structural limitations: (1) the labile ester moiety leads to its rapid hydrolysis to the inactive Pyr8 in vivo, and (2) the alkylating trichloroacrylic amide moiety is known to be toxic. To circumvent these limitations, we designed a series of conformationally restricted Pyr3 analogues and reported that compound 20 maintains high potency and selectivity for human TRPC3 over its closely related TRP channels. It has significantly improved metabolic stability compared with Pyr3 and has a good safety profile. Preliminary evaluation of 20 demonstrated its ability to rescue A?-induced neuron damage with similar potency to that of Pyr3 in vitro. Collectively, these results suggest that 20 represents a promising scaffold to potentially ameliorate the symptoms associated with TRPC3-mediated neurological and cardiovascular disorders.","Zhang S,Romero LO,Deng S,Wang J,Li Y,Yang L,Hamilton DJ,Miller DD,Liao FF,Cordero-Morales JF,Wu Z,Li W",1,0.5,,17,CHEMBL4706728,FALSE,10.1021/acsmedchemlett.0c00571,572,TRUE,4,ACS Med Chem Lett,578,4,2,"38163, 38105",4/17/2021,33859797,1948-5875:2021-04-17:0033859797,Discovery of a Highly Selective and Potent TRPC3 Inhibitor with High Metabolic Stability and Low Toxicity.,12,2021
0.5,1948-5875,Journal Article,"This letter describes the synthesis, structure-activity relationships, and in vivo evaluation of a new series of 2-phenylquinoxaline (PQ) derivatives for imaging ?-amyloid (A?) plaques in Alzheimer's disease (AD). In experiments in vitro, the affinity of the derivatives for A? aggregates varied, with K i values of 0.895 to 1180 nM. In brain sections from AD patients, derivatives with a K i of less than 111 nM intensely labeled A? plaques, while those with values over 242 nM showed no marked labeling. In biodistribution experiments using normal mice, the derivatives showed good uptake into (4.69-7.59 %ID/g at 2 or 10 min postinjection) and subsequent washout from (1.48-3.08 %ID/g at 60 min postinjection) the brain. In addition, [(18)F]PQ-6 labeled A? plaques in vivo in APP transgenic mice, while it showed nonspecific binding in the white matter. Further structural optimization based on [(18)F]PQ-6 may lead to more useful PET probes for imaging A? plaques.","Takahashi R, Togashi K, Watanabe H, Matsumura K, Yoshimura M, Kimura H, Nakamoto Y, Okamoto Y, Cui M, Ihara M, Saji H, Ono M",3,0.5,,5,CHEMBL2407085,FALSE,10.1021/ml4000707,596,TRUE,7,ACS Med Chem Lett,600,6,6,,6/5/2014,24900717,1948-5875:2014-06-05:0024900717,Structure-Activity Relationships and in Vivo Evaluation of Quinoxaline Derivatives for PET Imaging of ?-Amyloid Plaques.,4,2014
0.5,1948-5875,Journal Article,"This report describes the investigation of a series of 5,7-disubstituted imidazo[5,1-f][1,2,4]triazine inhibitors of insulin-like growth factor-1 receptor (IGF-1R) and insulin receptor (IR). Structure-activity relationship exploration and optimization leading to the identification, characterization, and pharmacological activity of compound 9b, a potent, selective, well-tolerated, and orally bioavailable dual inhibitor of IGF-1R and IR with in vivo efficacy in tumor xenograft models, is discussed.","Foreman K, Gokhale PC, Kadalbajoo M, Li AH, Buck E, Yao Y, Dong H, Landfair D, Siu KW, Steinig AG, Jin M, May EW, Wild R, Cooke A, Bittner MA, Stolz KM, Mulvihill MJ, Pachter JA, Feng L, Werner DS, Kleinberg A, Laufer RS",2,0.5,,5,CHEMBL1687700,FALSE,10.1021/ml100178g,510,TRUE,9,ACS Med Chem Lett,515,6,4,"80301, 11735",6/5/2014,24900240,1948-5875:2014-06-05:0024900240,"Discovery of an Orally Efficacious Imidazo[5,1-f][1,2,4]triazine Dual Inhibitor of IGF-1R and IR.",1,2014
0.5,1948-5875,Journal Article,,Rosse G,31,0.5,,15,CHEMBL3351852,FALSE,10.1021/ml500435u,15,TRUE,1,ACS Med Chem Lett,16,1,62,92121,1/15/2015,25589920,1948-5875:2015-01-15:0025589920,Quinalozinones as Inhibitors of Class I PI3K Kinases.,6,2015
0.5,2040-2503,Journal Article,"Heat shock factor 1 (HSF1) is a transcription factor that plays key roles in cancer, including providing a mechanism for cell survival under proteotoxic stress. Therefore, inhibition of the HSF1-stress pathway represents an exciting new opportunity in cancer treatment. We employed an unbiased phenotypic screen to discover inhibitors of the HSF1-stress pathway. Using this approach we identified an initial hit (<b>1</b>) based on a 4,6-pyrimidine scaffold (2.00 ?M). Optimisation of cellular SAR led to an inhibitor with improved potency (<b>25</b>, 15 nM) in the HSF1 phenotypic assay. The 4,6-pyrimidine <b>25</b> was also shown to have high potency against the CDK9 enzyme (3 nM).","Workman P, Lynch CJ, de Billy E, Isaac R, Raynaud F, Lamont S, Rye CS, Sharp SY, Fee LO, Chessum NE, Hayes A, Tucker J, Demeritt J, Te Poele R, Faulder P, Zani L, Kemmitt P, Green S, Henley AT, Goodwin L, Cheeseman MD, Pike KG, Foote KM, Boros J, Jones K",1,0.5,,18,CHEMBL3861941,FALSE,10.1039/C6MD00159A,1580,TRUE,8,Medchemcomm,1586,10,2,,10/18/2016,27746890,2040-2503:2016-10-18:0027746890,"Discovery of 4,6-disubstituted pyrimidines as potent inhibitors of the heat shock factor 1 (HSF1) stress pathway and CDK9.",7,2016
0.5,2040-2503,Journal Article,"In this communication, we report the synthesis and characterization of a library of small molecule antagonists of the human gonadotropin releasing hormone receptor based upon the 2-(4-<i>tert</i>-butylphenyl)-4-piperazinyl-benzimidazole scaffold <i>via</i> Cu-catalysed azide alkyne cycloaddition. Our main purpose was to find a more soluble compound based on the WAY207024 lead with nanomolar potency to inhibit the GnRH receptor. A late stage diversification by the use of click chemistry was, furthermore developed to allow for expansion of the library in future optimisations. All compounds were tested in a functional assay to determine the individual potency of inhibiting stimulation of the receptor by the endogenous agonist GnRH. In conclusion, we found that compound <b>8a</b> showed improved solubility compared to WAY207024 and nanomolar affinity to GnRH receptor.","Fjellaksel R, Sundset R, Haraldsen IH, Boomgaren M, Hansen JH, Riss PJ",2,0.5,,16,CHEMBL4261559,TRUE,10.1039/C7MD00320J,1965,TRUE,10,Medchemcomm,1969,8,4,,8/16/2018,30108717,2040-2503:2018-08-16:0030108717,Small molecule piperazinyl-benzimidazole antagonists of the gonadotropin-releasing hormone (GnRH) receptor.,8,2018
0.5,2040-2503,Journal Article,"Novel valdecoxib-based cyclooxygenase-2 inhibitors were synthesized in one step <i>via</i> 1,3-dipolar cycloaddition of nitrile oxides with a series of eleven aryl alkynes, six of them described for the first time. Application of Ru(ii)-catalysis leads preferably to the formation of the 3,4-diaryl-substituted isoxazoles, while under thermal heating with base the 3,5-diaryl substitution pattern is favoured. The new the 3,4-diaryl-substituted isoxazoles possessing a small substituent (H and Me) displayed high COX-2 inhibition affinity (IC<sub>50</sub> = 0.042-0.073 ?M) and excellent selectivity (COX-2 SI > 2000). In contrast, the 3,5-diaryl substituted compounds displayed almost no COX activity. The introduction of a 4-fluorophenyl substituent resulted in retained high COX-2 affinity, making these compounds together with the feasible one step reaction promising candidates for the development of fluorine-18 labelled radiotracers.","Roscales S, Bechmann N, Pietzsch J, K?ckerling M, Kniess T, Weiss DH",1,0.5,,16,CHEMBL4261574,TRUE,10.1039/C7MD00575J,534,TRUE,3,Medchemcomm,544,8,2,,8/16/2018,30108944,2040-2503:2018-08-16:0030108944,"Novel valdecoxib derivatives by ruthenium(ii)-promoted 1,3-dipolar cycloaddition of nitrile oxides with alkynes - synthesis and COX-2 inhibition activity.",9,2018
0.5,2040-2503,Journal Article,"Previous studies within our group have yielded a class of cinnamoyl-based competitive reversible inhibitors for tissue transglutaminase (TG2), with <i>K</i><sub>i</sub> values as low as 1.0 ?M (compound <b>CP4d</b>). However, due to the electrophilic nature of their alkene moiety, this class of inhibitors is susceptible to nucleophilic attack by glutathione, a key element in cellular metabolism and toxicity response. To address this issue, we made several modifications to the inhibitor scaffold, ultimately showing that a bis(triazole) scaffold increased resistance to nucleophilic attack, with compound <b>27d</b> being the most potent (<i>K</i><sub>i</sub> = 10 ?M). In the process of reducing reactivity, we also prepared a new class of inhibitors, replacing the alkene of <b>CP4d</b> with an alkyne, leading to a significant increase in potency for compound <b>22b</b> (<i>K</i><sub>i</sub> = 420 nM).","Hao C, Brunet-Filion N, Apperley KYP, Roy I, Piscopo SP, Pardin C, Saucier V, De Francesco ?, Keillor JW",1,0.5,,5,CHEMBL4138060,FALSE,10.1039/C6MD00565A,338,TRUE,2,Medchemcomm,345,12,2,,12/5/2016,30108749,2040-2503:2016-12-05:0030108749,"Development of new scaffolds as reversible tissue transglutaminase inhibitors, with improved potency or resistance to glutathione addition.",8,2016
0.5,2040-2511,Journal Article,"A prior study reported on hydroxy substituted 2-benzylidene-1-indanone derivatives as A1 and/or A2A antagonists for the potential treatment of neurological conditions. A lead compound (1a) was identified with both A1 and A2A affinity in the micromolar range. The current study explored the structurally related methoxy substituted 2-benzylidene-1-indanone derivatives with various substitutions on ring A and B of the benzylidene indanone scaffold in order to enhance A1 and A2A affinity. This led to compounds with both A1 and A2A affinity in the nanomolar range, namely 2c (A1 K i (rat) = 41 nM; A2A K i (rat) = 97 nM) with C4-OCH3 substitution on ring A together with meta (3') hydroxy substitution on ring B and 2e (A1 K i (rat) = 42 nM; A2A K i (rat) = 78 nM) with C4-OCH3 substitution on ring A together with meta (3') and para (4') dihydroxy substitution on ring B. Additionally, 2c is an A1 antagonist. Consequently, the methoxy substituted 2-benzylidene-1-indanone scaffold is highly promising for the design of novel A1 and A2A antagonists.","Janse van Rensburg HD, Van der Walt MM, Terre'Blanche G, Legoabe LJ",4,0.5,,19,CHEMBL4480374,TRUE,10.1039/C8MD00540K,300,TRUE,2,Medchemcomm,309,3,8,,3/19/2019,30881617,2040-2511:2019-03-19:0030881617,Methoxy substituted 2-benzylidene-1-indanone derivatives as A1 and/or A2A AR antagonists for the potential treatment of neurological conditions.,10,2019
0.509434,0022-2623,Journal Article,"The major cause of viral resistance to the potent human immunodeficiency virus type 1 reverse transcriptase (RT) inhibitor nevirapine is the mutation substituting cysteine for tyrosine-181 in RT (Y181C RT). An evaluation, against Y181C RT, of previously described analogs of nevirapine revealed that the 2-chlorodipyridodiazepinone 16 is an effective inhibitor of this mutant enzyme. The detailed examination of the structure-activity relationship of 2-substituted dipyridodiazepinones presented below shows that combined activity against the wild-type and Y181C enzymes is achieved with aryl substituents at the 2-position of the tricyclic ring system. In addition, the substitution pattern at C-4, N-5, and N-11 of the dipyridodiazepinone ring system optimum for inhibition of both wild-type and Y181C RT is no longer the 4-methyl-11-cyclopropyl substitution preferred against the wild-type enzyme but rather the 5-methyl-11-ethyl (or 11-cyclopropyl) pattern. The more potent 2-substituted dipyridodiazepinones were evaluated against mutant RT enzymes (L100I RT, K103N RT, P236L RT, and E138K RT) that confer resistance to other non-nucleoside RT inhibitors, and compounds 42, 62, and 67, with pyrrolyl, aminophenyl, and aminopyridyl substituents, respectively, at the 2-position, were found to be effective inhibitors of these mutant enzymes also.","McNeil DW, Cardozo M, Kelly TA, Kapadia SR, Proudfoot JR, Hargrave KD, Tong L, Cullen E, Grozinger KG, Patel UR",54,0.509434,,2,CHEMBL1128204,FALSE,10.1021/jm00024a010,4830,TRUE,24,J Med Chem,4838,1,106,,1/2/1996,7490732,0022-2623:1996-01-02:0007490732,Novel non-nucleoside inhibitors of human immunodeficiency virus type 1 (HIV-1) reverse transcriptase. 4. 2-Substituted dipyridodiazepinones as potent inhibitors of both wild-type and cysteine-181 HIV-1 reverse transcriptase enzymes.,38,1996
0.511628,1948-5875,Journal Article,"From a virtual screening starting point, inhibitors of the serum and glucocorticoid regulated kinase 1 were developed through a combination of classical medicinal chemistry and library approaches. This resulted in highly active small molecules with nanomolar activity and a good overall in vitro and ADME profile. Furthermore, the compounds exhibited unusually high kinase and off-target selectivity due to their rigid structure.","Nazare M, Schmidt F, Weiss T, Dietz U, Li Z, Czech J, Str?bing C, Halland N, Mertsch K, Dreyer M, Saas J, Hofmeister A",44,0.511628,,15,CHEMBL3352296,FALSE,10.1021/ml5003376,73,TRUE,1,ACS Med Chem Lett,78,1,86,"D-65926, 13125",1/15/2015,25589934,1948-5875:2015-01-15:0025589934,"Discovery of N-[4-(1H-Pyrazolo[3,4-b]pyrazin-6-yl)-phenyl]-sulfonamides as Highly Active and Selective SGK1 Inhibitors.",6,2015
0.512195,0022-2623,Journal Article,"Phenylethylthiazolylthiourea (PETT) derivatives have been identified as a new series of non-nucleoside inhibitors of HIV-1 RT. Structure-activity relationship studies of this class of compounds resulted in the identification of N-[2-(2-pyridyl)ethyl]-N'-[2-(5-bromopyridyl)]-thiourea hydrochloride (trovirdine; LY300046.HCl) as a highly potent anti-HIV-1 agent. Trovirdine is currently in phase one clinical trials for potential use in the treatment of AIDS. Extension of these structure-activity relationship studies to identify additional compounds in this series with improved properties is ongoing. A part of this work is described here. Replacement of the two aromatic moieties of the PETT compounds by various substituted or unsubstituted heteroaromatic rings was investigated. In addition, the effects of multiple substitution in the phenyl ring were also studied. The antiviral activities were determined on wild-type and constructed mutants of HIV-1 RT and on wild-type HIV-1 and mutant viruses derived thereof, Ile100 and Cys181, in cell culture assays. Some selected compounds were determined on double-mutant viruses, HIV-1 (Ile 100/Asn103) and HIV-1 (Ile100/Cys181). A number of highly potent analogs were synthesized. These compounds displayed IC50's against wild-type RT between 0.6 and 5 nM. In cell culture, these agents inhibited wild-type HIV-1 with ED50's between 1 and 5 nM in MT-4 cells. In addition, these derivatives inhibited mutant HIV-1 RT (Ile 100) with IC50's between 20 and 50 nM and mutant HIV-1 RT (Cys 181) with IC50's between 4 and 10 nM, and in cell culture they inhibited mutant HIV-1 (Ile100) with ED50's between 9 and 100 nM and mutant HIV-1 (Cys181) with ED50's between 3 and 20 nM.","Lind P, Morin JM, Oberg B, Pranc P, Vasileff RT, Jaskunas SR, Kinnick MD, Johansson NG, Jordan CL, Sahlberg C, Muesing MA, West SJ, H?gberg M, Engelhardt P, Kangasmets? J, Cantrell AS, Ternansky RJ, Vrang L, Zhang H, Nore?n R",42,0.512195,,25,CHEMBL1129452,TRUE,10.1021/jm950639r,4261,TRUE,21,J Med Chem,4274,11,82,,11/25/1996,8863804,0022-2623:1996-11-25:0008863804,Phenethylthiazolylthiourea (PETT) compounds as a new class of HIV-1 reverse transcriptase inhibitors. 2. Synthesis and further structure-activity relationship studies of PETT analogs.,39,1996
0.516667,1464-3405,Journal Article,"Incorporation of a suitably-placed electrophilic group transformed a series of reversible BTK inhibitors based on carbazole-1-carboxamide and tetrahydrocarbazole-1-carboxamide into potent, irreversible inhibitors. Removal of one ring from the core of these compounds provided a potent irreversible series of 2,3-dimethylindole-7-carboxamides having excellent potency and improved selectivity, with the additional advantages of reduced lipophilicity and molecular weight.","Xu S, Lippy JS, Liu Q, Tino JA, Pattoli MA, Chaudhry C, Surti N, Burke JR, Carter PH, Batt DG",31,0.516667,,21,CHEMBL4229517,TRUE,10.1016/j.bmcl.2018.07.041,3080,TRUE,18,Bioorg Med Chem Lett,3084,3,60,,3/21/2019,30097367,1464-3405:2019-03-21:0030097367,"Conversion of carbazole carboxamide based reversible inhibitors of Bruton's tyrosine kinase (BTK) into potent, selective irreversible inhibitors in the carbazole, tetrahydrocarbazole, and a new 2,3-dimethylindole series.",28,2019
0.521739,1464-3391,"Journal Article|Research Support, Non-U.S. Gov't","In the present study, a new class of compounds containing pyrido[3,4-d]pyrimidine scaffold with an acrylamide moiety was designed as irreversible EGFR-TKIs to overcome acquired EGFR-T790M resistance. The most promising compound 25h inhibited HCC827 and H1975 cells growth with the IC50 values of 0.025??M and 0.49??M, respectively. Meanwhile, 25h displayed potent inhibitory activity against the EGFRL858R (IC50?=?1.7?nM) and EGFRL858R/T790M (IC50?=?23.3?nM). 25h could suppress EGFR phosphorylation in HCC827 and H1975 cell lines and significantly induce the apoptosis of HCC827 cells. Additionally, compound 25h could remarkably inhibit cancer growth in established HCC827 xenograft mouse model at 50?mg/kg in vivo. These results indicated that the 2,4-disubstituted 6-(5-substituted pyridin-2-amino)pyrido[3,4-d]pyrimidine derivatives can serve as effective EGFR inhibitors and potent anticancer agents.","Lei H, Xin M, Yang XY, Zhang H, Wang J, Zhang SQ, Zhao HY, Cao YX",12,0.521739,,14,CHEMBL4118234,TRUE,10.1016/j.bmc.2018.05.039,3619,TRUE,12,Bioorg Med Chem,3633,11,23,,11/14/2018,29853340,1464-3391:2018-11-14:0029853340,"Synthesis and biological evaluation of irreversible EGFR tyrosine kinase inhibitors containing pyrido[3,4-d]pyrimidine scaffold.",26,2018
0.523256,0022-2623,Journal Article,"The synthesis of a novel series of 1,4-dihydroindeno[1,2-c]pyrazoles with acetylene-type side chains is described. Optimization of those compounds as KDR kinase inhibitors identified 8, which displayed an oral activity in an estradiol-induced murine uterine edema model (ED50 = 3 mg/kg) superior to Sutent (ED50 = 9 mg/kg) and showed potent antitumor efficacy in an MX-1 human breast carcinoma xenograft tumor growth model (tumor growth inhibition = 90% at 25 mg/kg.day po). The compound was docked into a homology model of the homo-tetrameric pore domain of the hERG potassium channel to identify strategies to improve its cardiac safety profile. Systematic interruption of key binding interactions between 8 and Phe656, Tyr652, and Ser624 yielded 90, which only showed an IC50 of 11.6 microM in the hERG patch clamp assay. The selectivity profile for 8 and 90 revealed that both compounds are multitargeted receptor tyrosine kinase inhibitors with low nanomolar potencies against the members of the VEGFR and PDGFR kinase subfamilies.","Arnold LD, Li H, Marcotte PA, Harris CM, Su Z, Akritopoulou-Zanze I, Nyein M, Cunha GA, Gintant GA, Djuric SW, Gracias VJ, Tapang PH, Martin RL, Dinges J, Diaz GJ, Bouska JJ, Zhang HQ, Xia Z, Houseman KA, Michaelides MR, Bousquet PF, Ashworth KL, Johnson EF, Sowin TJ, Albert DH, Hutchins CW, Gasiecki AF, Davidsen SK",45,0.523256,,26,CHEMBL1147155,FALSE,10.1021/jm061223o,2011,TRUE,9,J Med Chem,2029,6,86,01605-5314,6/26/2007,17425296,0022-2623:2007-06-26:0017425296,"1,4-Dihydroindeno[1,2-c]pyrazoles with acetylenic side chains as novel and potent multitargeted receptor tyrosine kinase inhibitors with low affinity for the hERG ion channel.",50,2007
0.525,1464-3391,Journal Article,"A novel series of 2,3-dihydro-[1,4]dioxino[2,3-f]quinazoline derivatives were designed, synthesized and evaluated as reversible and noncovalent epidermal growth factor receptor (EGFR) inhibitors. Most of the compounds exhibited good potency against EGFR(wt) and some showed moderate to excellent potency against EGFR(T790M/L858R) mutant. The half-maximal inhibitory concentration (IC50) values of twenty-one compounds against EGFR(wt) were less than 50nM, and those of six compounds were less than 10nM. The IC50 values of eleven compounds against EGFR(T790M/L858R) were less than 100nM. Among these, compound b1 displayed the most potent inhibitory activity against EGFR(wt) (IC50=2.0nM) and EGFR(T790M/L858R) (IC50=6.9nM). Compounds with excellent inhibitory activities against EGFR(wt) and EGFR(T790M/L858R) kinase inhibitory activities showed good antiproliferative activities against H358 and A549 cells. Docking study was performed to position compound b1 into the EGFR active pocket to determine the probable binding conformation.","Li Z, Zeng C, Hu L, Qin X, Liu P, Yang L, Pan Z",21,0.525,,23,CHEMBL3804755,TRUE,10.1016/j.bmc.2016.01.003,2871,TRUE,13,Bioorg Med Chem,2881,10,40,,10/23/2017,27234887,1464-3391:2017-10-23:0027234887,"Discovery of new [1,4]dioxino[2,3-f]quinazoline-based inhibitors of EGFR including the T790M/L858R mutant.",24,2017
0.527027,1464-3405,Journal Article,"This Letter details the synthesis and evaluation of imidazo[4,5-b]pyridines as inhibitors of B-Raf kinase. These compounds bind in a DFG-in, ?C-helix out conformation of B-Raf, which is a binding mode associated with significant kinase selectivity. Structure-activity relationship studies involved optimization of the ATP-cleft binding region of these molecules, and led to compound 23, an inhibitor with excellent enzyme/cell potency, and kinase selectivity.","Voegtli WC, Ahrendt K, Rudolph J, Grina J, Li X, Buckmelter A, Klopfenstein N, Newhouse BJ, Ren L, Gloor SL, Wenglowsky S, Laird ER, Feng B, Wen Z",39,0.527027,,30,CHEMBL2434831,TRUE,10.1016/j.bmcl.2013.08.086,5896,TRUE,21,Bioorg Med Chem Lett,5899,4,74,,4/30/2014,24042006,1464-3405:2014-04-30:0024042006,"Imidazo[4,5-b]pyridine inhibitors of B-Raf kinase.",23,2014
0.529412,1520-4804,Journal Article,"Compelling molecular biology publications have reported the implication of phosphoinositide kinase PI3K? in PTEN-deficient cell line growth and proliferation. These findings supported a scientific rationale for the development of PI3K?-specific inhibitors for the treatment of PTEN-deficient cancers. This paper describes the discovery of 2-[2-(2,3-dihydro-indol-1-yl)-2-oxo-ethyl]-6-morpholin-4-yl-3H-pyrimidin-4-one (7) and the optimization of this new series of active and selective pyrimidone indoline amide PI3K? inhibitors. 2-[2-(2-Methyl-2,3-dihydro-indol-1-yl)-2-oxo-ethyl]-6-morpholin-4-yl-3H-pyrimidin-4-one (28), identified following a carefully designed methyl scan, displayed improved physicochemical and in vitro pharmacokinetic properties. Structural biology efforts enabled the acquisition of the first X-ray cocrystal structure of p110? with the selective inhibitor compound 28 bound to the ATP site. The nonplanar binding mode described herein is consistent with observed structure-activity relationship for the series. Compound 28 demonstrated significant in vivo activity in a UACC-62 xenograft model in mice, warranting further preclinical investigation. Following successful development, compound 28 entered phase I/Ib clinical trial in patients with advanced cancer.","Mathieu M, Charrier V, Marquette JP, Schio L, El-Ahmad Y, Benard T, Virone-Oddos A, Delorme C, Lengauer C, Amara C, Delbarre L, Brollo M, Vincent L, Carry JC, Richepin P, Nicolas JP, Gruss-Leleu F, Halley F, Michot N, Abecassis PY, Filoche-Romm? B, Bonnevaux H, Perron S, Karlsson A, Thompson F, Perrin MA, Garcia-Echeverria C, Bertrand T, Monget S, Guizani H, Bertin L, Loyau V, Guerif S, Lemaitre O, Rak A, Certal V, Doerflinger G",27,0.529412,,15,CHEMBL3112424,TRUE,10.1021/jm401642q,903,TRUE,3,J Med Chem,920,4,51,94403,4/15/2014,24387221,1520-4804:2014-04-15:0024387221,Discovery and optimization of pyrimidone indoline amide PI3K? inhibitors for the treatment of phosphatase and tensin homologue (PTEN)-deficient cancers.,57,2014
0.529412,1520-4804,"Journal Article|Research Support, Non-U.S. Gov't|Research Support, U.S. Gov't, Non-P.H.S.|Research Support, N.I.H., Extramural","We have designed and synthesized 9H-pyrimido[4,5-b]indole-containing compounds to obtain potent and orally bioavailable BET inhibitors. By incorporation of an indole or a quinoline moiety to the 9H-pyrimido[4,5-b]indole core, we identified a series of small molecules showing high binding affinities to BET proteins and low nanomolar potencies in inhibition of cell growth in acute leukemia cell lines. One such compound, 4-(6-methoxy-2-methyl-4-(quinolin-4-yl)-9H-pyrimido[4,5-b]indol-7-yl)-3,5-dimethylisoxazole (31) has excellent microsomal stability and good oral pharmacokinetics in rats and mice. Orally administered, 31 achieves significant antitumor activity in the MV4;11 leukemia and MDA-MB-231 triple-negative breast cancer xenograft models in mice. Determination of the cocrystal structure of 31 with BRD4 BD2 provides a structural basis for its high binding affinity to BET proteins. Testing its binding affinities against other bromodomain-containing proteins shows that 31 is a highly selective inhibitor of BET proteins. Our data show that 31 is a potent, selective, and orally active BET inhibitor.","Ran X, Liu L, Li X, Sun D, Zhou B, Wang S, Bai L, Hu Y, McEachern D, Zhao T, Stuckey JA, Li S, Wen B, Meagher JL, Zhao Y, Yang CY",72,0.529412,,11,CHEMBL4184143,TRUE,10.1021/acs.jmedchem.7b00193,3887,TRUE,9,J Med Chem,3901,7,136,48109,7/11/2017,28463487,1520-4804:2017-07-11:0028463487,"Structure-Based Discovery of 4-(6-Methoxy-2-methyl-4-(quinolin-4-yl)-9H-pyrimido[4,5-b]indol-7-yl)-3,5-dimethylisoxazole (CD161) as a Potent and Orally Bioavailable BET Bromodomain Inhibitor.",60,2017
0.530612,0022-2623,"Journal Article|Research Support, Non-U.S. Gov't","Taking advantage of a 3D-QSAR based pharmacophore hypothesis, synthesis and biological evaluation of dopaminergic 5-aminotetrahydropyrazolo[1,5-a]pyridines are described. The data displayed substantial and selective D3 receptor affinity for the heterocyclic test compound (+/-)-1 when the enantiomer (S)-1 turned out to be responsible for the D3 binding (K(i) (high) = 4.0 nM). (S)-1 exhibited binding affinity and ligand efficacy comparable to those of our previously described D3 agonist FAUC 54, when subtype selectivity could be significantly improved. The results indicate that the sp(2) nitrogens of the pyrazole and thiazole rings of the dopaminergics (S)-1 and pramipexole, respectively, are pharmacophoric elements of major importance. To provide putative explanations for the high affinity of (S)-1, computational studies were performed employing an active state D3 model.","Boeckler F, H?bner H, Elsner J, Gmeiner P, Heinemann FW",26,0.530612,,1,CHEMBL1141074,FALSE,10.1021/jm0503805,5771,TRUE,18,J Med Chem,5779,11,49,D-91058,11/1/2005,16134944,0022-2623:2005-11-01:0016134944,Pharmacophore-guided drug discovery investigations leading to bioactive 5-aminotetrahydropyrazolopyridines. Implications for the binding mode of heterocyclic dopamine D3 receptor agonists.,48,2005
0.545455,1464-3405,Journal Article,"We report the synthesis, biochemical evaluation and rationalisation of the inhibitory activity of a range of (4-substituted phenyl)sulfonate derivatives of 4-hydroxybenzyl imidazole against the two components of 17alpha-hydroxylase/17,20-lyase (P450(17alpha)), namely, 17alpha-hydroxylase (17alpha-OHase) and 17,20-lyase (lyase). The results show the compounds to be highly potent inhibitors with limited selectivity towards the lyase component [e.g., toluene-4-sulfonic acid 4-imidazol-1-ylmethyl-phenyl ester (4) possessed an IC(50) value of 40 nM against 17alpha-OHase and 30 nM against lyase].","Shahid I, Ahmed S, Lee WY, Owen CP",12,0.545455,,6,CHEMBL1221300,TRUE,10.1016/j.bmcl.2010.02.100,5345,TRUE,17,Bioorg Med Chem Lett,5348,12,22,,12/6/2010,20675132,1464-3405:2010-12-06:0020675132,"Synthesis and biochemical evaluation of a range of (4-substituted phenyl)sulfonate derivatives of 4-hydroxybenzyl imidazole-based compounds as potent inhibitors of 17alpha-hydroxylase/17,20-lyase (P45017alpha) derived from rat testicular microsomes.",20,2010
0.545455,1520-4804,"Journal Article|Research Support, Non-U.S. Gov't","Fluorescently labeled ligands are useful pharmacological research tools for studying receptor localization, trafficking, and signaling processes via fluorescence imaging. They are also employed in fluorescent binding assays. This study is centered on the design, synthesis, and pharmacological evaluation of fluorescent probes for the opioid receptors, for which relatively few non-peptidic fluorescent probes currently exist. The known ?-opioid receptor (MOR) partial agonist, buprenorphine, was structurally elaborated to include an amidoalkylamine linker moiety that was coupled with a range of fluorophores to afford new fluorescent probes. All compounds proved to be selective MOR antagonists. Confocal fluorescence microscopy studies revealed that the probe incorporating a sulfonated cyanine-5 fluorophore was the most appropriate for imaging studies. This ligand was subsequently employed in an automated fluorescence-based competition binding assay, allowing the pKi values of several well-known opioid ligands to be determined. Thus, this new probe will prove useful in future studies of MOR receptor pharmacology.","Graham B, Scammells PJ, Canals M, Kellam B, Stoddart LA, Briddon SJ, Schembri LS",6,0.545455,,4,CHEMBL3745681,FALSE,10.1021/acs.jmedchem.5b01664,9754,TRUE,24,J Med Chem,9767,5,11,"'NG7 2RD', ''), '', ('', 'NG7 2UH', 'NG7'",5/4/2016,26632862,1520-4804:2016-05-04:0026632862,"Synthesis, Biological Evaluation, and Utility of Fluorescent Ligands Targeting the ?-Opioid Receptor.",58,2016
0.55,1520-4804,"Journal Article|Research Support, Non-U.S. Gov't","To circumvent antiandrogen resistance in prostate cancer, antiandrogens effective for both the androgen receptor (AR) and AR mutants are required. The AR antagonists in this study originate from previous findings, which showed that subtle differences in substitution pattern lead to a conformational change that alters the ligand activity, rendering an agonist to an antagonist. We have identified small yet potent tropanol-based ligands possessing significant antiandrogenic activity with both wild-type AR and the two most common AR ligand binding domain (LBD) mutants.","Holland MC, J??skel?inen T, Poutiainen PK, Olsson R, Pulkkinen JT, Palvimo JJ, Sund?n H",11,0.55,,14,CHEMBL3407333,TRUE,10.1021/jm501995n,1569,TRUE,3,J Med Chem,1574,4,20,"SE-41296, FI-70211",4/14/2015,25646649,1520-4804:2015-04-14:0025646649,Synthesis and biological evaluation of second-generation tropanol-based androgen receptor modulators.,58,2015
0.55102,1520-4804,"Journal Article|Research Support, Non-U.S. Gov't","The anticarcinogenic and anti-inflammatory properties of curcumin have been extensively investigated, identifying prostaglandin E2 synthase (mPGES)-1 and 5-lipoxygenase (5-LO), key enzymes linking inflammation with cancer, as high affinity targets. A comparative structure-activity study revealed three modifications dissecting mPGES-1/5-LO inhibition, namely (i) truncation of the acidic, enolized dicarbonyl moiety and/or replacement by pyrazole, (ii) hydrogenation of the interaryl linker, and (iii) (dihydro)prenylation. The prenylated pyrazole analogue 11 selectively inhibited 5-LO, outperforming curcumin by a factor of up to 50, and impaired zymosan-induced mouse peritonitis along with reduced 5-LO product levels. Other pro-inflammatory targets of curcumin (i.e., mPGES-1, cyclooxygenases, 12/15-LOs, nuclear factor-?B, nuclear factor-erythroid 2-related factor-2, and signal transducer and activator of transcription 3) were hardly affected by 11. The strict structural requirements for mPGES-1 and 5-LO inhibition strongly suggest that specific interactions rather than redox or membrane effects underlie the inhibition of mPGES-1 and 5-LO by curcumin.","Minassi A, Mu?oz E, Barz D, Koeberle A, Collado JA, Caprioglio D, Weinigel C, Pace S, Rossi A, Sautebin L, Appendino GB, Werz O",27,0.55102,,5,CHEMBL3286393,FALSE,10.1021/jm500308c,5638,TRUE,13,J Med Chem,5648,9,49,"80131, 28100, 07743, 14004",9/5/2014,24920381,1520-4804:2014-09-05:0024920381,SAR studies on curcumin's pro-inflammatory targets: discovery of prenylated pyrazolocurcuminoids as potent and selective novel inhibitors of 5-lipoxygenase.,57,2014
0.555556,0022-2623,"Journal Article|Research Support, Non-U.S. Gov't","G-protein-coupled receptor dimerization directs the design of new drugs that specifically bind to receptor dimers. Here, we generated a targeted series of homobivalent ligands for serotonin 5-HT(4) receptor (5-HT(4)R) dimers composed of two 5-HT(4)R-specific ML10302 units linked by a spacer. The design of spacers was assisted by molecular modeling using our previously described 5-HT(4)R dimer model. Their syntheses were based on Sonogashira-Linstrumelle coupling methods. All compounds retained high-affinity binding to 5-HT(4)R but lost the agonistic character of the monomeric ML10302 compound. Direct evidence for the functional interaction of both pharmacophores of bivalent ligands with the 5-HT(4)R was obtained using a bioluminescence resonance energy transfer (BRET) based assay that monitors conformational changes within 5-HT(4) dimers. Whereas the monovalent ML10302 was inactive in this assay, several bivalent derivatives dose-dependently increased the BRET signal, indicating that both pharmacophores functionally interact with the 5-HT(4) dimer. These bivalent ligands may serve as a new basis for the synthesis of potential drugs for 5-HT(4)-associated disorders.","Jockers R, Berthouze M, Sicsic S, Giner M, Lezoualc'h F, Russo O, Soulier JL, Berque-Bestel I, Rivail L",5,0.555556,,1,CHEMBL1148748,FALSE,10.1021/jm070552t,4482,TRUE,18,J Med Chem,4492,11,9,F-92296,11/1/2007,17676726,0022-2623:2007-11-01:0017676726,Synthesis of specific bivalent probes that functionally interact with 5-HT(4) receptor dimers.,50,2007
0.555556,0960-894X,Journal Article,"A structurally unique and new class of opioid receptor antagonists (OpRAs) that bear no structural resemblance with morphine or endogenous opioid peptides has been discovered. A series of carboxamido-biaryl ethers were identified as potent receptor antagonists against mu, kappa and delta opioid receptors. The structure-activity relationship indicated para-substituted aryloxyaryl primary carboxamide bearing an amine tether on the distal phenyl ring was optimal for potent in vitro functional antagonism against three opioid receptor subtypes.","Siegel MG, McKinzie JH, Wolfe CN, Thomas EM, Matt JE, Surface PL, Suter TM, Takeuchi K, Statnick MA, Holloway WG, Emmerson PJ, Mitch CH",20,0.555556,,27,CHEMBL1149707,FALSE,10.1016/j.bmcl.2007.08.008,5349,TRUE,19,Bioorg Med Chem Lett,5352,11,36,,11/27/2007,17720493,0960-894X:2007-11-27:0017720493,Structure-activity relationship studies of carboxamido-biaryl ethers as opioid receptor antagonists (OpRAs). Part 1.,17,2007
0.555556,0960-894X,Journal Article,"Steroid sulfatase (STS) is an attractive target for a range of oestrogen- and androgen-dependent diseases. In search of novel chemotypes of STS inhibitors, we had previously identified nortropinyl-arylsulfonylureas 1; however, while these compounds were good inhibitors of purified STS (lowest K(i)=76 nM), they showed only weak inhibition of STS activity in cells (lowest IC(50) around 2 microM). Extended structure-activity relationship studies involving modification of the phenylacetyl side chain and replacement of the nortropine element by simpler scaffolds led to the discovery of N-acyl arylsulfonamides, more specifically N-(Boc-piperidine-4-carbonyl)-benzenesulfonamides, as STS inhibitors, some of which exhibit improved cellular potency (best IC(50)=270 nM).","Nussbaumer P, Wolff B, Lehr P, Billich A",10,0.555556,,15,CHEMBL1144338,TRUE,10.1016/j.bmcl.2004.11.069,1235,TRUE,4,Bioorg Med Chem Lett,1238,6,18,,6/15/2005,15686949,0960-894X:2005-06-15:0015686949,"N-Acyl arylsulfonamides as novel, reversible inhibitors of human steroid sulfatase.",15,2005
0.555556,1768-3254,Journal Article,"New series of 5-(morpholinosulfonyl) isatin derivatives were designed and synthesized. The new compounds were characterized on the basis of spectral and elemental analyses. They were examined for their cytotoxic effects using SRB assay on four cancer cell lines HepG2, HCT116, CACO and MCF-7 in addition to the non-cancerous human cell line. They were non cytotoxic towards the normal derived cell line (IC50 value?>?130??M). Compounds 3, 6, 10 and 11 showed IC50 values less than 10??M on three of the tested cell lines HepG2, HCT116 and CACO. Compounds 2h, 5, and 7b showed IC50 values less than or nearly equal 10??M on HepG2, CACO and HCT116 respectively. Compounds 3 and 6 revelaed IC50 values less than 12??M on MCF7. These obtained IC50 values are comparable with that of doxrubicin as it has showed IC50 range from 4.5 to 8.28??M on the tested cell lines. All these promising derivatives showed inhibitory activity against EGFR with IC50 values less than 2??M. The most potent EGFR inhibitors 7b (IC50?=?46?nM) and 10 (IC50?=?23?nM) showed to cause cell cycle arrest at G2/M phase and induce apoptosis. Molecular docking studies also were simulated to put insight and make better understanding to their structural features.","Mehany ABM, Mohamed YA, Abbas SY, Sh El-Sharief AM, Ragab A, Ammar YA, Belal A",5,0.555556,,18,CHEMBL4270595,FALSE,10.1016/j.ejmech.2018.06.061,918,TRUE,0,Eur J Med Chem,932,9,9,,9/18/2018,30096580,1768-3254:2018-09-18:0030096580,"Design, synthesis, antiproliferative activity, molecular docking and cell cycle analysis of some novel (morpholinosulfonyl) isatins with potential EGFR inhibitory activity.",156,2018
0.555556,1768-3254,Journal Article,"Recent research exploring C8 substitution on the caffeine core identified 8-(2-phenylethyl)-1,3,7-trimethylxanthine as a non-selective adenosine receptor antagonist. To elaborate further, we included various C8 two-chain-length linkers to enhance adenosine receptor affinity. The results indicated that the unsubstituted benzyloxy linker (1e A1Ki = 1.52 ?M) displayed the highest affinity for the A1 adenosine receptor and the para-chloro-substituted phenoxymethyl (1d A2AKi = 1.33 ?M) linker the best A2A adenosine receptor affinity. The position of the oxygen revealed that the phenoxymethyl linker favoured A1 adenosine receptor selectivity over the benzyloxy linker and, by introducing a para-chloro substituent, A2A adenosine receptor selectivity was obtained. Selected compounds (1c, 1e) behaved as A1 adenosine receptor antagonists in GTP shift assays and therefore represent selective and non-selective A1 and A2A adenosine receptor antagonists that may have potential for treating neurological disorders.","van der Walt MM, Terre'Blanche G",5,0.555556,,12,CHEMBL4041492,TRUE,10.1016/j.ejmech.2016.09.072,652,TRUE,0,Eur J Med Chem,656,4,9,,4/12/2017,27721150,1768-3254:2017-04-12:0027721150,Selected C8 two-chain linkers enhance the adenosine A1/A2A receptor affinity and selectivity of caffeine.,125,2017
0.5625,1464-3405,Journal Article,"A class of ?-methyltryptamine sulfonamide glucocorticoid receptor (GR) modulators was optimized for agonist activity. The design of ligands was aided by molecular modeling, and key function-regulating pharmacophoric points were identified that are critical in achieving the desired agonist effect in cell based assays. Compound 27 was profiled in vitro and in vivo in models of inflammation. Analogs could be rapidly prepared in a parallel approach from aziridine building blocks.","Fadra-Khan T, Betageri R, Harcken C, Pack E, Thomson D, Kuzmich D, Nelson R, Souza D, Bentzien J, Kukulka A, Nabozny G, DiSalvo D",9,0.5625,,25,CHEMBL3091451,TRUE,10.1016/j.bmcl.2013.10.052,6640,TRUE,24,Bioorg Med Chem Lett,6644,7,16,,7/25/2014,24215891,1464-3405:2014-07-25:0024215891,Function-regulating pharmacophores in a sulfonamide class of glucocorticoid receptor agonists.,23,2014
0.5625,1464-3405,Journal Article,"Biaryl ethers were recently reported as potent NNRTIs. Herein, we disclose a detailed effort to modify the previously reported compound 1. We have designed and synthesized a series of novel pyrazole derivatives as a surrogate for pyrazolopyridine motif that were potent inhibitors of HIV-1 RT with nanomolar intrinsic activity on the WT and key mutant enzymes and potent antiviral activity in infected cells.","Liang Y, Moyer G, Williams TM, Bahnck C, Young MB, Miller M, Tinney E, Sanchez R, Su DS, Anthony NJ, Lu M, Distefano DJ, Saggar S, Wan BL, Flynn JA, Perlow-Poehnelt R, Lai MT, Munshi V, Lim JJ, Sisko JT, Rudd D, Vacca JP, Touch S, Anderson KD, Felock PJ, Tucker TJ",36,0.5625,,23,CHEMBL1800064,FALSE,10.1016/j.bmcl.2010.06.083,4328,TRUE,15,Bioorg Med Chem Lett,4332,11,64,,11/23/2010,20609585,1464-3405:2010-11-23:0020609585,Biaryl ethers as potent allosteric inhibitors of reverse transcriptase and its key mutant viruses: aryl substituted pyrazole as a surrogate for the pyrazolopyridine motif.,20,2010
0.5625,1520-4804,"Journal Article|Research Support, Non-U.S. Gov't","The development of biased (functionally selective) ligands provides a formidable challenge in medicinal chemistry. In an effort to learn to design functionally selective molecular tools for the highly therapeutically relevant dopamine D2 receptor, we synthesized a collection of agonists based on structurally distinct head groups derived from canonical or atypical dopaminergic pharmacophores. The test compounds feature a long lipophilic appendage that was shown to mediate biased signaling. By employing functional assays and molecular dynamics simulations, we could show that atypical dopamine surrogates of type 1 and 2 promote biased signaling, while ligands built from classical dopaminergic head groups (type 3 and 4) typically elicit more balanced signaling profiles. Besides this, we found a strong influence of the stereochemistry of type 4 aminotetraline-derived agonists on functional selectivity at D2 receptors. Whereas the (S)-enantiomer behaved as a full agonist, the biased ligand (R)-4 induced poor G protein coupling but substantial ?-arrestin recruitment.","H?bner H, Weichert D, Banerjee A, Gmeiner P, Hiller C, Kling RC",9,0.5625,,26,CHEMBL3576771,TRUE,10.1021/jm501889t,2703,TRUE,6,J Med Chem,2717,5,16,91052,5/26/2015,25734236,1520-4804:2015-05-26:0025734236,Molecular determinants of biased agonism at the dopamine D? receptor.,58,2015
0.565217,1464-3405,Journal Article,Modification of a 2-iminobenzimidazole series derived from an HTS hit resulted in compounds with improved in-vitro species selectivity. Incorporation of an 8-quinoline amide and conformational rigidification of an aliphatic tether furnished potent compounds suitable for further lead optimization.,"Stoffel RH, Hayes ME, Roth GP, Miao W, Breinlinger EC, Green DW, Grongsaard P, McPherson MJ, Wallace GA",26,0.565217,,8,CHEMBL1143901,TRUE,10.1016/j.bmcl.2008.02.049,2414,TRUE,7,Bioorg Med Chem Lett,2419,7,46,,7/8/2008,18337097,1464-3405:2008-07-08:0018337097,Lead identification of 2-iminobenzimidazole antagonists of the chemokine receptor CXCR3.,18,2008
0.583333,1464-3391,Journal Article,"A novel series of (6-aminopyridin-3-yl)(4-(pyridin-2-yl)piperazin-1-yl) methanone derivatives were identified as selective transient receptor potential vanilloid 4 (TRPV4) channel antagonist and showed analgesic effect in Freund's Complete Adjuvant (FCA) induced mechanical hyperalgesia model in guinea pig and rat. Modification of right part based on the compound 16d which was disclosed in our previous communication led to the identification of compound 26i as a flagship compound. In this paper, we described the details about design, synthesis and structure-activity relationship (SAR) analysis at right and left part of these derivatives (Fig. 1).","Yukimasa A, Ogawa T, Suzuki S, Yoshida O, Matsuda H, Tsuno N, Takaya K, Sakaguchi G, Yamanada N, Yamamoto M, Nozu A, Asaki T, Fujiu M, Nakai H, Funaki S, Morioka Y, Yamaguchi H, Tanimura M, Soga M, Horita N, Imai M, Hinata M, Kanemasa T, Iso Y, Nagamatsu D",7,0.583333,,26,CHEMBL4049406,TRUE,10.1016/j.bmc.2017.02.047,2177,TRUE,7,Bioorg Med Chem,2190,9,12,,9/26/2017,28284871,1464-3391:2017-09-26:0028284871,Pharmacological evaluation of novel (6-aminopyridin-3-yl)(4-(pyridin-2-yl)piperazin-1-yl) methanone derivatives as TRPV4 antagonists for the treatment of pain.,25,2017
0.583333,1768-3254,Journal Article,"Multidrug resistance (MDR) has become a major obstacle to malignancies treatment by chemotherapeutic drugs, therefore, it is important to develop MDR reversal agents with high activity. We have previously found that the hederagenin (HD) derivative HBQ showed good tumor MDR reversal activity in vitro and in vivo but had poor solubility. In this study, to enhance the aqueous solubility and tumor MDR reversal activity of HBQ, three series of HD derivatives were designed and synthesized. Nitrogen-containing heterocyclic-substituted, PEGylated, and ring-A substituted derivatives significantly reversed the MDR phenotype of KBV (multidrug-resistant oral epidermoid carcinoma) cells toward paclitaxel at a concentration of 10 ?M in MTT assays. The PEGylated derivatives 10c-10e had increased aqueous solubility compared with HBQ by 18-657 fold, while maintaining tumor MDR reversal activity. The most in vitro active compound 10c possessed good chemical stability to an esterase over 24 h and enhanced the sensitivity of KBV cells to paclitaxel and vincristine with IC<sub>50</sub> values of 4.58 and 0.79 nM, respectively. Mechanism studies indicated that compound 10c increased the accumulation of P-glycoprotein (P-gp) substrates rhodamine 123 and Flutax1 in KBV cells and MCF-7T (paclitaxel-resistant breast carcinoma) cells, that is to say, compound 10c exerted the reversal effect of tumor MDR by inhibiting the efflux function of P-gp. Finally, the structure-activity relationships were further investigated by analyzing the relationship between structure and tumor MDR reversal activity of HD derivatives. This study highlights the potential of PEGylated HD derivatives such as compound 10c for the development of tumor MDR reversal agents and provides information for the further improvement of the aqueous solubility and tumor MDR reversal activity of HD derivatives in the future.","Ma M, Zeng W, Liang K, Li X, Huang W, Chen X, Wang B, Bi Y, Liu S, Wang H",14,0.583333,,30,CHEMBL4819015,TRUE,10.1016/j.ejmech.2020.113107,113107,TRUE,0,Eur J Med Chem,113107,4,24,,4/30/2021,33360797,1768-3254:2021-04-30:0033360797,"Design, synthesis, and biological evaluation of hederagenin derivatives with improved aqueous solubility and tumor resistance reversal activity.",211,2021
0.586207,0022-2623,"Journal Article|Research Support, Non-U.S. Gov't","The further development of allosteric HIV-1 RT inhibitors in the urea analogue series of PETT (phenylethylthiazolylthiourea) derivatives is described here. The series includes derivatives with an ethyl linker (1-5) and racemic (6-16) and enantiomeric (17-20) cis-cyclopropane compounds. The antiviral activity was determined both at the RT level and in cell culture on both wild-type and mutant forms of HIV-1. Most compounds have anti-HIV-1 activity on the wt in the nanomolar range. Resistant HIV-1 was selected in vitro for some of the compounds, and the time for resistant HIV-1 to develop was longer for urea-PETT compounds than it was for reference compounds. Preliminary pharmacokinetics in rats showed that compound 18 is orally bioavailable and penetrates well into the brain. The three-dimensional structure of complexes between HIV-1 RT and two enantiomeric compounds (17 and 18) have been determined. The structures show similar binding in the NNI binding pocket. The propionylphenyl moieties of both inhibitors show perfect stacking to tyrosine residues 181 and 188. The cyclopropyl moiety of the (+)-enantiomer 18 exhibits optimal packing distances for the interactions with leucine residue 100 and valine residue 179.","Fridborg K, Johansson NG, L?vgren S, Sahlberg C, Vrang L, Zhang H, Nor?en R, Unge T, B?ckbro K, H?gberg M, Sahlberg BL, Engelhardt P, Oberg B, Kangasmets? J",51,0.586207,,4,CHEMBL1132432,TRUE,10.1021/jm990095j,4150,TRUE,20,J Med Chem,4160,11,87,,11/4/1999,10514285,0022-2623:1999-11-04:0010514285,Urea-PETT compounds as a new class of HIV-1 reverse transcriptase inhibitors. 3. Synthesis and further structure-activity relationship studies of PETT analogues.,42,1999
0.6,0960-894X,"Journal Article|Research Support, U.S. Gov't, P.H.S.","A series of 3alpha-(4-substituted)nortropane-2beta-carboxylic acid methyl esters was synthesized and evaluated for the ability to inhibit radioligand binding at the dopamine, serotonin, and norepinephrine transporters. 3alpha-(4-Methylphenyl)nortropane-2beta-carboxylic acid methyl ester (4c) was found to be selective and highly potent for the norepinephrine transporter (NET) relative to the dopamine and serotonin transporters.","Carroll FI, Abraham P, Holmquist CR, Kuhar MJ, Blough BE",36,0.6,,15,CHEMBL1133485,TRUE,10.1016/s0960-894x(00)00480-7,2445,TRUE,21,Bioorg Med Chem Lett,2447,3,60,,3/15/2001,11078197,0960-894X:2001-03-15:0011078197,3alpha-(4-Substituted phenyl)nortropane-2beta-carboxylic acid methyl esters show selective binding at the norepinephrine transporter.,10,2001
0.6,1464-3391,"Journal Article|Research Support, Non-U.S. Gov't","Radiolabelled piperidine derivatives such as [(11)C]MDL 100907 and [(18)F]altanserin have played an important role in diagnosing malfunction in the serotonergic neurotransmission. A variety of novel piperidine MDL 100907 derivatives, possible to label with (18)F-fluorine, were synthesized to improve molecular imaging properties of [(11)C]MDL 100907. Their in vitro affinities to a broad spectrum of neuroreceptors and their lipophilicities were determined and compared to the clinically used reference compounds MDL 100907 and altanserin. The novel compounds MA-1 (53) and (R)-MH.MZ (56) show K(i)-values in the nanomolar range towards the 5-HT(2A) receptor and insignificant binding to other 5-HT receptor subtypes or receptors. Interestingly, compounds MA-1 (53), MH.MZ (55) and (R)-MH.MZ (56) provide a receptor selectivity profile similar to MDL 100907. These compounds could possibly be preferable antagonistic (18)F-tracers for visualization of the 5-HT(2A) receptor status. Medium affine compounds (VK-1 (32), (51), (52), (54)) were synthesized and have K(i) values between 30 and 120 nM. All promising compounds show logP values between 2 and 3, that is, within the range of those for the established radiotracers altanserin and MDL 100907. The novel compounds MA-1 (53) and (R)-MH.MZ (56) thus appear to be promising high affine and selective tracers of (18)F-labelled analogues for 5-HT(2A) imaging with PET.","Kramer V, Palner M, R?sch F, Knudsen GM, Herth MM, Piel M, Riss PJ",3,0.6,,17,CHEMBL1153452,TRUE,10.1016/j.bmc.2009.03.021,2989,TRUE,8,Bioorg Med Chem,3002,12,5,,12/17/2009,19329329,1464-3391:2009-12-17:0019329329,Synthesis and in vitro affinities of various MDL 100907 derivatives as potential 18F-radioligands for 5-HT2A receptor imaging with PET.,17,2009
0.6,1520-4804,Journal Article,"After identification of lead compound <b>6</b>, 5-amino-1,4-oxazine BACE1 inhibitors were optimized in order to improve potency, brain penetration, and metabolic stability. Insertion of a methyl and a trifluoromethyl group at the 6-position of the 5-amino-1,4-oxazine led to <b>8</b> (<b>NB-360</b>), an inhibitor with a p<i>K</i><sub>a</sub> of 7.1, a very low P-glycoprotein efflux ratio, and excellent pharmacological profile, enabling high central nervous system penetration and exposure. Fur color changes observed with <b>NB-360</b> in efficacy studies in preclinical animal models triggered further optimization of the series. Herein, we describe the steps leading to the discovery of 3-chloro-5-trifluoromethyl-pyridine-2-carboxylic acid [6-((3<i>R</i>,6<i>R</i>)-5-amino-3,6-dimethyl-6-trifluoromethyl-3,6-dihydro-2<i>H</i>-[1,4]oxazin-3-yl)-5-fluoro-pyridin-2-yl]amide <b>15</b> (<b>CNP520</b>, <b>umibecestat</b>), an inhibitor with superior BACE1/BACE2 selectivity and pharmacokinetics. <b>CNP520</b> reduced significantly A? levels in mice and rats in acute and chronic treatment regimens without any side effects and thus qualified for Alzheimer's disease prevention studies in the clinic.","Neumann U, Veenstra SJ, Jacobson LH, Beltz K, Hurth K, Voegtle M, Rondeau JM, Tintelnot-Blomley M, Machauer R, Rueeger H, Laue G, Lueoend R",6,0.6,,8,CHEMBL5053529,TRUE,10.1021/acs.jmedchem.1c01300,15262,TRUE,20,J Med Chem,15279,12,10,,12/8/2021,34648711,1520-4804:2021-12-08:0034648711,"Discovery of Umibecestat (CNP520): A Potent, Selective, and Efficacious ?-Secretase (BACE1) Inhibitor for the Prevention of Alzheimer's Disease.",64,2021
0.6,1520-4804,Journal Article,"The breast cancer resistance protein (ABCG2) transports chemotherapeutic drugs out of cells, which makes it a major player in mediating multidrug resistance (MDR) of cancer cells. To overcome this mechanism, inhibitors of ABCG2 can be used. Only a few potent and selective ABCG2 inhibitors have been discovered, i.e., fumitremorgin C (FTC), Ko143, and the alkaloid harmine, which contain a tetrahydro-?-carboline or ?-carboline backbone, respectively. However, toxicity and or instability prevent their use in vivo. Therefore, there is a need for further potent inhibitors. We synthesized and pharmacologically investigated 37 tetrahydro-?-carboline derivatives. The inhibitory activity of two compounds (51, 52) is comparable to that of Ko143, and they are selective for ABCG2 over ABCB1. Furthermore, they are able to reverse the ABCG2-mediated resistance toward SN-38 and inhibit the ATPase activity. The cytotoxicity data show that their inhibitory effect is substantially higher than their toxicity.","Wiese M, Spindler A, Stefan K",3,0.6,,29,CHEMBL4477211,TRUE,10.1021/acs.jmedchem.6b00035,6121,TRUE,13,J Med Chem,6135,5,5,53121,5/29/2017,27280693,1520-4804:2017-05-29:0027280693,Synthesis and Investigation of Tetrahydro-?-carboline Derivatives as Inhibitors of the Breast Cancer Resistance Protein (ABCG2).,59,2017
0.6,1768-3254,"Journal Article|Research Support, Non-U.S. Gov't","One hundred and seventy-four pyrrolo[3,4-c]carbazole-1,3(2H,6H)-dione derivatives reported as inhibitors of the kinase Wee1 were used for a molecular docking and three-dimensional quantitative structure-activity relationship (3D-QSAR) study. Due to the availability of the three-dimensional structure of the Wee1 kinase a receptor-based alignment strategy was applied. Six available Wee1-inhibitor crystal structures were analyzed using the docking program GOLD resulting in a good reproduction of the experimentally derived position and interaction of the cocrystallized inhibitors. Since only a low correlation between docking scores and inhibitory activities was obtained for the series of 174 inhibitors a receptor-based 3D-QSAR study was performed, dividing the data set into 144 training set molecules and an external test set of 30 compounds. Besides the ligand alignment derived from the docking study we tested several other alignment procedures as basis for the 3D-QSAR analysis. The most predictive model was obtained using the alignment from the GOLD docking study. The CoMFA model was found to be robust (q(LOO)(2)=0.764 and r(2)=0.870). The predictive ability of the model was further examined by carrying out leave-20%-out and leave-50%-out cross-validation (q(2)=0.747 for leave-20%-out and 0.737 for leave-50%-out) and predicting the activities of 30 inhibitors used as external test set (r(pred)(2)=0.790). The graphical analysis of the CoMFA contour plot together with the key residues of the binding pocket provided important insight into the relevant interactions of the inhibitors. The results not only provide information about the essential features of potent Wee1 inhibitors but also show the advantage of using receptor-based alignment for 3D-QSAR analysis.","Sippl W, Wichapong K, Pianwanit S, Lindner M, Kokpol S",18,0.6,,1,CHEMBL1137719,FALSE,10.1016/j.ejmech.2008.09.027,1383,TRUE,4,Eur J Med Chem,1395,7,30,,7/1/2009,18976834,1768-3254:2009-07-01:0018976834,Receptor-based 3D-QSAR studies of checkpoint Wee1 kinase inhibitors.,44,2009
0.603448,1464-3405,"Journal Article|Research Support, Non-U.S. Gov't","We investigated some pyrrolobenzoxazepinone (PBOs, 3e-i) analogues of early described effective non-nucleoside inhibitors of HIV-1 reverse transcriptase (RT). Enzymological studies of 3e-i enantiomers, with wild type (wt) RT and some drug-resistant mutants, revealed a stereoselective mode of action and selectivity for RT ternary complex. Unexpectedly (+)-3g was found more potent towards the L100I mutant than towards the wt RT, whereas (+)-3h inhibited the K103N mutant and RT wt with comparable potency.","Lossani A, Samuele A, Borrelli G, Butini S, Karytinos A, Focher F, Brindisi M, Novellino E, Campiani G, Gemma S, Facchini M, Maga G, Zanoli S, Fiorini I",35,0.603448,,22,CHEMBL1799949,TRUE,10.1016/j.bmcl.2011.05.020,3935,TRUE,13,Bioorg Med Chem Lett,3938,11,58,,11/22/2011,21636271,1464-3405:2011-11-22:0021636271,Enantioselective binding of second generation pyrrolobenzoxazepinones to the catalytic ternary complex of HIV-1 RT wild-type and L100I and K103N drug resistant mutants.,21,2011
0.611111,0960-894X,Journal Article,"A novel potent derivatives of hetaryl imidazoles were described as inhibitors of vascular endothelial growth factor receptor II (VEGFR-2). Several compounds display VEGFR-2 inhibitory activity reaching IC(50)<100 nM in both enzymatic and cellular assays. The compounds also inhibit the related tyrosine kinase, VEGFR-1. By controlling the substitution pattern on the 5-carboxamido functionality, both dual and specific VEGFR-2 thiazoles were identified.","Semenova M, Ouyang S, Kiselyov AS, Semenov VV, Piatnitski E",22,0.611111,,23,CHEMBL1139649,TRUE,10.1016/j.bmcl.2005.11.033,1440,TRUE,5,Bioorg Med Chem Lett,1444,3,36,,3/23/2006,16321531,0960-894X:2006-03-23:0016321531,Hetaryl imidazoles: a novel dual inhibitors of VEGF receptors I and II.,16,2006
0.625,0021-9258,"Journal Article|Research Support, N.I.H., Extramural|Research Support, N.I.H., Intramural|Research Support, Non-U.S. Gov't","The site of cocaine binding on the dopamine transporter (DAT) was investigated using the photoactivatable irreversible cocaine analog [125I]3beta-(p-chlorophenyl)tropane-2beta-carboxylic acid, 4'-azido-3'-iodophenylethyl ester ([125I]RTI 82). The incorporation site of this compound was mapped to transmembrane domains (TMs) 4-6 using epitope-specific immunoprecipitation of trypsin fragments and further localized using cyanogen bromide (CNBr), which hydrolyzes proteins on the C-terminal side of methionine residues. CNBr hydrolysis of [125I]RTI 82-labeled rat striatal and expressed human DATs produced fragments of approximately 5-10 kDa consistent with labeling between Met(271/272) or Met(290) in TM5 to Met(370/371) in TM7. To further define the incorporation site, substitution mutations were made that removed endogenous methionines and inserted exogenous methionines in combinations that would generate labeled CNBr fragments of distinct masses depending on the labeling site. The results obtained were consistent with the presence of TM6 but not TMs 4, 5, or 7 in the labeled fragments, with additional support for these conclusions obtained by epitope-specific immunoprecipitation and secondary digestion of CNBr fragments with endoproteinase Lys-C. The final localization of [125I]RTI 82 incorporation to rat DAT Met(290)-Lys(336) and human DAT I291M to R344M provides positive evidence for the proximity of cocaine binding to TM6. Residues in and near DAT TM6 regulate transport and transport-dependent conformational states, and TM6 forms part of the substrate permeation pathway in the homologous Aquifex aeolicus leucine transporter. Cocaine binding near TM6 may thus overlap the dopamine translocation pathway and function to inhibit TM6 structural rearrangements necessary for transport.","Vaughan RA, Hauck-Newman A, Adkins S, Sakrikar DS, Parnas ML, Duval RA, Foster JD, Lever JR, Kulkarni SS",5,0.625,,2,CHEMBL1156440,FALSE,10.1074/jbc.m610633200,8915,TRUE,12,J Biol Chem,8925,5,8,,5/2/2007,17255098,0021-9258:2007-05-02:0017255098,Localization of cocaine analog [125I]RTI 82 irreversible binding to transmembrane domain 6 of the dopamine transporter.,282,2007
0.625,1520-4804,Journal Article,"Selective cyclooxygenase (COX)-2 inhibitors have been extensively studied for colorectal cancer (CRC) chemoprevention. Celecoxib has been reported to reduce the incidence of colorectal adenomas and CRC but is also associated with an increased risk of cardiovascular events. Here, we report a series of gut-restricted, selective COX-2 inhibitors characterized by high colonic exposure and minimized systemic exposure. By establishing acute ex vivo <sup>18</sup>F-FDG uptake attenuation as an efficacy proxy, we identified a subset of analogues that demonstrated statistically significant in vivo dose-dependent inhibition of adenoma progression and survival extension in an APC<sup>min/+</sup> mouse model. However, in vitro-in vivo correlation analysis showed their chemoprotective effects were driven by residual systemic COX-2 inhibition, rationalizing their less than expected efficacies and highlighting the challenges associated with COX-2-mediated CRC disease chemoprevention.","Evans DC, Li X, Patel S, Wilde T, Pietrak B, Dong Y, Dallas S, Sensenhauser C, Szewczuk L, Chen H, King P, Wang J, Ghosh A, Pande V, Suarez J, Shi Y, Diloreto KA, Edwards JP, Liao D, Bonnette WG, Connolly PJ, Zhang Z, Tian G, Bachman KE",5,0.625,,21,CHEMBL4808216,TRUE,10.1021/acs.jmedchem.1c00890,11570,TRUE,15,J Med Chem,11596,10,8,"100176, 19477",10/21/2021,34279934,1520-4804:2021-10-21:0034279934,Gut-Restricted Selective Cyclooxygenase-2 (COX-2) Inhibitors for Chemoprevention of Colorectal Cancer.,64,2021
0.625,1948-5875,Journal Article,"RIP1 regulates cell death and inflammation and is believed to play an important role in contributing to a variety of human pathologies, including immune-mediated inflammatory diseases and cancer. While small-molecule inhibitors of RIP1 kinase have been advanced to the clinic for inflammatory diseases and CNS indications, RIP1 inhibitors for oncology indications have yet to be described. Herein we report on the discovery and profile of GSK3145095 (compound <b>6</b>). Compound <b>6</b> potently binds to RIP1 with exquisite kinase specificity and has excellent activity in blocking RIP1 kinase-dependent cellular responses. Highlighting its potential as a novel cancer therapy, the inhibitor was also able to promote a tumor suppressive T cell phenotype in pancreatic adenocarcinoma organ cultures. Compound <b>6</b> is currently in phase 1 clinical studies for pancreatic adenocarcinoma and other selected solid tumors.","Marquis RW, Totoritis RD, Marinis JM, Rendina AR, Sun HH, Cox JA, Bertin J, Wang W, Nagilla R, Kang J, Rivera EJ, Gough PJ, Zhang D, Kasparcova V, Leister LK, Reilly MA, Jeong JU, Chirala A, Lich JD, Mahajan MK, Eidam PM, Thorpe JH, Berger SB, Miller G, Wu D, Harris PA, Finger JN, Ouellette MT",5,0.625,,22,CHEMBL4304764,TRUE,10.1021/acsmedchemlett.9b00108,857,TRUE,6,ACS Med Chem Lett,862,6,8,"'SG1', ''), '', ('', 'SG1 2NY'",6/22/2019,31223438,1948-5875:2019-06-22:0031223438,Identification of a RIP1 Kinase Inhibitor Clinical Candidate (GSK3145095) for the Treatment of Pancreatic Cancer.,10,2019
0.625,1948-5875,Journal Article,"The identification of potent, highly selective orally bioavailable ghrelin receptor inverse agonists from a spiro-azetidino-piperidine series is described. Examples from this series have promising in vivo pharmacokinetics and increase glucose-stimulated insulin secretion in human whole and dispersed islets. A physicochemistry-based strategy to increase lipophilic efficiency for ghrelin receptor potency and retain low clearance and satisfactory permeability while reducing off-target pharmacology led to the discovery of 16h. Compound 16h has a superior balance of ghrelin receptor pharmacology and off-target selectivity. On the basis of its promising pharmacological and safety profile, 16h was advanced to human clinical trials.","VanVolkenburg M, Xiao J, Wang G, Loria PM, Cameron KO, McClure KF, Beveridge R, Gao H, Chen C, Patel J, Jackson VM, Londregan AT, Bhattacharya SK, Kosa RE, Kong J, Hepworth D, Fernando D, Rose C, Dunn M, Khot V, Saenz J, Andrews K, Orr ST, Vrieze D, Storer G, Stock IA, Lapham K, Zhang Y",10,0.625,,6,CHEMBL3286150,TRUE,10.1021/ml400473x,474,TRUE,5,ACS Med Chem Lett,479,6,16,2139,6/6/2014,24900864,1948-5875:2014-06-06:0024900864,"Discovery of PF-5190457, a Potent, Selective, and Orally Bioavailable Ghrelin Receptor Inverse Agonist Clinical Candidate.",5,2014
0.625,1948-5875,Journal Article,"We describe the discovery of three structurally differentiated potent and selective MTH1 inhibitors and their subsequent use to investigate MTH1 as an oncology target, culminating in target (in)validation. Tetrahydronaphthyridine 5 was rapidly identified as a highly potent MTH1 inhibitor (IC50 = 0.043 nM). Cocrystallization of 5 with MTH1 revealed the ligand in a ?-cis-N-(pyridin-2-yl)acetamide conformation enabling a key intramolecular hydrogen bond and polar interactions with residues Gly34 and Asp120. Modification of literature compound TH287 with O- and N-linked aryl and alkyl aryl substituents led to the discovery of potent pyrimidine-2,4,6-triamine 25 (IC50 = 0.49 nM). Triazolopyridine 32 emerged as a highly selective lead compound with a suitable in vitro profile and desirable pharmacokinetic properties in rat. Elucidation of the DNA damage response, cell viability, and intracellular concentrations of oxo-NTPs (oxidized nucleoside triphosphates) as a function of MTH1 knockdown and/or small molecule inhibition was studied. Based on our findings, we were unable to provide evidence to further pursue MTH1 as an oncology target.","Lansdon EB, Niedziela-Majka A, Xu J, Schmitt AC, Schultz BE, Notte GT, Schwartz K, Murakami E, Sudhamsu J, Fan P, Ports MO, Currie KS, Barauskas O, Newby ZE, Chen X, Farand J, Kashishian A, Wang T, Feng JY, Blomgren P, Kropf JE, Kornyeyev D, Watkins WJ, Viatchenko-Karpinski S",5,0.625,,19,CHEMBL4342490,TRUE,10.1021/acsmedchemlett.9b00420,358,TRUE,3,ACS Med Chem Lett,364,3,8,"94404, 98102",3/19/2020,32184970,1948-5875:2020-03-19:0032184970,Discovery of Potent and Selective MTH1 Inhibitors for Oncology: Enabling Rapid Target (In)Validation.,11,2020
0.62963,1768-3254,"Journal Article|Research Support, Non-U.S. Gov't","On the pattern of the potent and selective butyrylcholinesterase (BChE) inhibitors ethopropazine and Astra1397, sets of quinolizidinyl derivatives of bi- and tricyclic (hetero)aromatic systems were studied as dual, or BChE-selective inhibitors. All compounds exhibited activity against both cholinesterases, but inhibition of BChE was generally stronger, with submicromolar IC50 values for most of them (e.g. 15: IC50 versus BChE=0.15 ?M; SI=47). However, in a subset of quinolizidinyl derivatives of 6-hydroxycoumarin an inverted selectivity for acetylcholinesterase (AChE) was observed (e.g. 46: IC50 versus AChE=0.35 ?M; SI=0.06). Docking studies furnished a sound interpretation of the observed different enzyme activity. Several of the studied compounds have shown, in the past, additional pharmacological properties (as antagonism on presynaptic muscarinic autoreceptor; inhibition of enkephaline aminopeptidase and antipsychotic activity) of some relevance in Alzheimer's disease, and may, therefore, represent hits for the development of interesting single-entity multi-target drugs.","Giangreco I, Pisani L, Boido V, Carotti A, Nicolotti O, Sparatore A, Tasso B, Tonelli M, Sparatore F, Novelli F, Catto M",17,0.62963,,12,CHEMBL1781988,TRUE,10.1016/j.ejmech.2011.02.071,2170,TRUE,6,Eur J Med Chem,2184,9,27,,9/12/2011,21459491,1768-3254:2011-09-12:0021459491,Quinolizidinyl derivatives of bi- and tricyclic systems as potent inhibitors of acetyl- and butyrylcholinesterase with potential in Alzheimer's disease.,46,2011
0.634146,1520-4804,"Journal Article|Research Support, Non-U.S. Gov't",HIV protease (PR) is a prime target for rational anti-HIV drug design. We have previously identified icosahedral metallacarboranes as a novel class of nonpeptidic protease inhibitors. Now we show that substituted metallacarboranes are potent and specific competitive inhibitors of drug-resistant HIV PRs prepared either by site-directed mutagenesis or cloned from HIV-positive patients. Molecular modeling explains the inhibition profile of metallacarboranes by their unconventional binding mode.,"Fanfrl?k J, Brynda J, Leps?k M, Rez?cov? P, Grantz Saskov? K, Konvalinka J, Pokorn? J, V?clav?kov? J, Kr?l V, C?gler P, Koz?sek M, Gr?ner B, Plesek J",26,0.634146,,8,CHEMBL1155806,FALSE,10.1021/jm8002334,4839,TRUE,15,J Med Chem,4843,9,41,,9/8/2008,18598016,1520-4804:2008-09-08:0018598016,Inorganic polyhedral metallacarborane inhibitors of HIV protease: a new approach to overcoming antiviral resistance.,51,2008
0.636364,1520-4804,Journal Article,"Antagonizing the human M3 muscarinic receptor (hM3R) over a long time is a key feature of modern bronchodilating COPD drugs aiming at symptom relief. The long duration of action of the antimuscarinic drug tiotropium and its kinetic subtype selectivity over hM2R are investigated by kinetic mapping of the binding site and the exit channel of hM3R. Hence, dissociation experiments have been performed with a set of molecular matched pairs of tiotropium on a large variety of mutated variants of hM3R. The exceedingly long half-life of tiotropium (of more than 24 h) is attributed to interactions in the binding site; particularly a highly directed interaction of the ligands' hydroxy group with an asparagine (N508(6.52)) prevents rapid dissociation via a snap-lock mechanism. The kinetic selectivity over hM2R, however, is caused by differences in the electrostatics and in the flexibility of the extracellular vestibule. Extensive molecular dynamics simulations (several microseconds) support experimental results.","Diehl S, Seeliger D, Kiechle T, Tautermann CS, Wex E, Banholzer R, Pieper MP, Casarosa P, Gantner F",7,0.636364,,18,CHEMBL3091362,TRUE,10.1021/jm401219y,8746,TRUE,21,J Med Chem,8756,3,11,88397,3/18/2014,24088171,1520-4804:2014-03-18:0024088171,Molecular basis for the long duration of action and kinetic selectivity of tiotropium for the muscarinic M3 receptor.,56,2014
0.636364,1520-4804,"Journal Article|Research Support, Non-U.S. Gov't","Comprehensively characterized fluorescent probes for the histamine H3 receptor (H3R) and especially for the H4R orthologs [e.g., human (h) and mouse (m)] are highly needed as versatile complementary tools to radioligands. In view of fluorescent probes for BRET-based binding studies and for localizing the H4R in live cells, we synthesized and biologically characterized Py-5-labeled histamine derivatives. The most notable compound was UR-DEBa242 (26, 1-[4-(1H-Imidazol-4-yl)butyl]-4-{(1E,3E)-4-[4-(dimethylamino)phenyl]buta-1,3-dienyl}-2,6-dimethylpyridinium hydrotrifluoroacetate trifluoroacetate), acting as a partial agonist at the hH3R [pEC50 (reporter gene) 8.77] and as an inverse agonist/antagonist at the h/mH4Rs [pIC50 (reporter gene) 8.76/7.08; pIC50/pKb (?-arrestin2) 7.81/7.30]. In confocal microscopy, 26 proved suitable for hH4R localization and trafficking studies in live cells. BRET-based binding at the NLuc-hH3,4Rs/mH4R [pKd 8.78/7.75/7.18, comparable to binding constants from radioligand binding/flow cytometry; fast association/dissociation (?2 min)] revealed 26 as a useful molecular tool to determine hH3,4Rs/mH4R binding affinities of ligands binding to these receptors.","Buschauer A, Gr?tz L, Littmann T, Wifling D, Bernhardt G, Bartole E, Seibel U",35,0.636364,,23,CHEMBL4602733,TRUE,10.1021/acs.jmedchem.0c00160,5297,TRUE,10,J Med Chem,5311,10,55,D-93053,10/23/2020,32420741,1520-4804:2020-10-23:0032420741,UR-DEBa242: A Py-5-Labeled Fluorescent Multipurpose Probe for Investigations on the Histamine H3 and H4 Receptors.,63,2020
0.666667,1464-3391,Journal Article,"Based on the original spirodiketopiperazine design framework, further optimization of an orally available CCR5 antagonist was undertaken. Structural hybridization of the hydroxylated analog 4 derived from one of the oxidative metabolites and the new orally available non-hydroxylated benzoic acid analog 5 resulted in another potent orally available CCR5 antagonist 6a as a clinical candidate. Full details of a structure-activity relationship (SAR) study and ADME properties are presented.","Sagawa K, Shibayama S, Murota M, Tada H, Nishiyama T, Hisaichi K, Takaoka Y, Nakai H, Mitsuya H, Nishizawa R, Fukushima D, Minamoto C, Maeda K",2,0.666667,,17,CHEMBL1811891,TRUE,10.1016/j.bmc.2011.05.022,4028,TRUE,13,Bioorg Med Chem,4042,10,3,,10/17/2011,21658961,1464-3391:2011-10-17:0021658961,"Discovery of 4-[4-({(3R)-1-butyl-3-[(R)-cyclohexyl(hydroxy)methyl]-2,5-dioxo-1,4,9-triazaspiro[5.5]undec-9-yl}methyl)phenoxy]benzoic acid hydrochloride: a highly potent orally available CCR5 selective antagonist.",19,2011
0.666667,1464-3391,Journal Article,"Further exploration around the recently disclosed potent triple re-uptake inhibitor 6-(3,4-dichlorophenyl)-1-[(methyloxy)methyl]-3-azabicyclo[4.1.0]heptane led to the identification of a new series of potent triple re-uptake inhibitors endowed with good developability characteristics. The insertion of a further aryl moiety into the template allowed the 'titration' of the SERT/NET/DAT ratio leading to the identification of further tools in this important area.","Tarsi L, Fazzolari E, Marchioro C, Visentini F, Worby A, Cavanni P, Bonanomi G, Micheli F, Bettati M, Zonzini L, Di Fabio R, Roscic M",20,0.666667,,19,CHEMBL1817647,TRUE,10.1016/j.bmc.2011.04.032,3451,TRUE,11,Bioorg Med Chem,3461,9,30,,9/19/2011,21550808,1464-3391:2011-09-19:0021550808,"1-Heteroaryl-6-(3,4-dichlorophenyl)-3-azabicyclo[4.1.0]heptane: further insights into a class of triple re-uptake inhibitors.",19,2011
0.666667,1464-3391,"Journal Article|Research Support, N.I.H., Extramural","A series of 2-thio pyridine C-region analogues of 2-(3-fluoro-4-methylsulfonylaminophenyl)propanamides were investigated as hTRPV1 antagonists. Among them, compound 24S showed stereospecific and excellent TRPV1 antagonism of capsaicin-induced activation. Further, it demonstrated strong anti-allodynic in a rat neuropathic pain model. Consistent with its action in vitro being through TRPV1, compound 24S blocked capsaicin-induced hypothermia in mice. Docking analysis of 24S with our hTRPV1 homology model was performed to identify its binding mode.","Schiene K, Blumberg PM, Ha TH, Son K, Kim SE, Frormann S, Lee J, Kim HS, Tran PT, Hoang VH, Cui M, Bahrenberg G, Christoph T, Frank R, Ryu H, Ann J, Choi S",4,0.666667,,26,CHEMBL2439987,TRUE,10.1016/j.bmc.2013.08.015,6657,TRUE,21,Bioorg Med Chem,6664,5,6,,5/26/2014,24035514,1464-3391:2014-05-26:0024035514,TRPV1 antagonist with high analgesic efficacy: 2-Thio pyridine C-region analogues of 2-(3-fluoro-4-methylsulfonylaminophenyl)propanamides.,21,2014
0.666667,1464-3391,"Journal Article|Research Support, Non-U.S. Gov't",Synthesis and biological activities of a series of homo- or substituted piperidine unsymmetrical diethers are described. The novel compounds were evaluated for histamine H(3) receptor binding affinities at recombinant human H(3) receptor stably expressed in HEK-293 cells. All diethers showed in vitro affinities in nanomolar concentration range. The most potent compounds are 1-[3-(3-(4-chlorophenoxy)propoxy)propyl]-3-methylpiperidine 11 (K(i)=3.2 nM) and 1-[3-(3-(4-chlorophenoxy)propoxy)propyl]azepane 13 (K(i)=3.5 nM).,"Kie?-Kononowicz K, Schunack W, Kuder K, ?azewska D, Stark H, Camelin JC, Ligneau X",2,0.666667,,17,CHEMBL1153448,TRUE,10.1016/j.bmc.2009.03.014,3037,TRUE,8,Bioorg Med Chem,3042,12,3,,12/17/2009,19329325,1464-3391:2009-12-17:0019329325,Diether derivatives of homo- or substituted piperidines as non-imidazole histamine H3 receptor ligands.,17,2009
0.666667,1464-3391,"Journal Article|Research Support, Non-U.S. Gov't","The synthesis and biochemical properties of 17 new mRNA cap analogues are reported. Six of these nucleotides are m(7)GTP derivatives, whereas 11 are 'two headed' tetraphosphate dinucleotides based on a m(7)Gppppm(7)G structure. The compounds contain either a boranophosphate or phosphorothioate moiety in the nucleoside neighbouring position(s) and some of them possess an additional methylene group between ? and ? phosphorus atoms. The compounds were prepared by divalent metal chloride-mediated coupling of an appropriate m(7)GMP analogue with a given P(1),P(2)-di(1-imidazolyl) derivative. The analogues were evaluated as tools for studying cap-dependent processes in a number of biochemical assays, including determination of affinity to eukaryotic initiation factor eIF4E, susceptibility to enzymatic hydrolysis, and translational efficiency in vitro. The results indicate that modification in the phosphate chain can increase binding to cap-interacting proteins and provides higher resistance to degradation. Furthermore, modified derivatives of m(7)GTP were found to be potent inhibitors of cap-dependent translation in cell free systems.","Ziemniak M, Darzynkiewicz E, Jemielity J, Wnek K, Zuberek J, Lukaszewicz M, Kowalska J",4,0.666667,,26,CHEMBL3603763,TRUE,10.1016/j.bmc.2015.07.052,5369,TRUE,17,Bioorg Med Chem,5381,5,6,,5/26/2016,26264844,1464-3391:2016-05-26:0026264844,Phosphate-modified analogues of m(7)GTP and m(7)Gppppm(7)G-Synthesis and biochemical properties.,23,2016
0.666667,1464-3391,"Journal Article|Research Support, Non-U.S. Gov't","To address drug resistance caused by ALK kinase mutations, a series of novel 2,4-diarylaminopyrimidine (DAAP) analogues were designed by incorporating 1H-benzo[d]imidazol motif onto the maternal framework. All compounds were efficiently synthesized and antiproliferative activities against Karpas299, H2228 and A549 cell lines were evaluated by MTT assay. Delightly, the most promising derivative H-11 was detected with IC values of 0.016 ?M and 0.099 ?M against ALK- positive Karpas299 and H2228 cells. Meanwhile, H-11 displayed encouraging enzymatic inhibitory potency with IC values of 2.7 nM, 3.8 nM and 5.7 nM toward ALK, ALK and ALK, respectively. Ultimately, the binding modes of optimal H-11 with ALK wild-type and mutants were ideally established which further confirmed the structural basis in accordance with the SARs analysis.","Li Z,Guo M,Cao M,Zhao T,Li M,Zhai X",2,0.666667,,24,CHEMBL4706712,TRUE,10.1016/j.bmc.2021.116108,116108,TRUE,0,Bioorg Med Chem,116108,9,3,,9/24/2021,33756437,1464-3391:2021-09-24:0033756437,"Discovery and antitumor activity of Benzo[d]imidazol-containing 2,4-diarylaminopyrimidine analogues as ALK inhibitors with mutation-combating effects.",37,2021
0.666667,1464-3405,"Journal Article|Research Support, N.I.H., Extramural","Glucose-regulated protein 78 (GRP78) is the ER resident 70?kDa heat shock protein 70 (HSP70) and has been hypothesized to be a therapeutic target for various forms of cancer due to its role in mitigating proteotoxic stress in the ER, its elevated expression in some cancers, and the correlation between high levels for GRP78 and a poor prognosis. Herein we report the development and use of a high throughput fluorescence polarization-based peptide binding assay as an initial step toward the discovery and development of GRP78 inhibitors. This assay was used in a pilot screen to discover the anti-infective agent, hexachlorophene, as an inhibitor of GRP78. Through biochemical characterization we show that hexachlorophene is a competitive inhibitor of the GRP78-peptide interaction. Biological investigations showed that this molecule induces the unfolded protein response, induces autophagy, and leads to apoptosis in a colon carcinoma cell model, which is known to be sensitive to GRP78 inhibition.","Schmidlin CJ, Johnson SM, Sivinski J, Widrick KJ, Shi T, Zhang DD, Chapman E, Ambrose AJ, Zerio CJ, Ross AB",2,0.666667,,9,CHEMBL4387738,FALSE,10.1016/j.bmcl.2019.05.041,1689,TRUE,14,Bioorg Med Chem Lett,1693,9,3,,9/9/2020,31129054,1464-3405:2020-09-09:0031129054,A high throughput substrate binding assay reveals hexachlorophene as an inhibitor of the ER-resident HSP70 chaperone GRP78.,29,2020
0.666667,1520-4804,"Journal Article|Research Support, N.I.H., Extramural|Research Support, Non-U.S. Gov't","Small-molecule phosphoantigens such as (<i>E</i>)-4-hydroxy-3-methyl-but-2-enyl diphosphate stimulate human V?9V?2 T cells after binding to the intracellular B30.2 domain of the immune receptor butyrophilin 3 isoform A1 (BTN3A1). To understand the ligand-target interaction in greater detail, we performed molecular docking. Based on the docking results, we synthesized the novel ligand (<i>E</i>)-(7-hydroxy-6-methylhept-5-en-1-yl)phosphonate and mutated proposed binding site residues. We evaluated the impact on butyrophilin binding of existing and novel ligands using a newly developed high-throughput fluorescence polarization assay. We also evaluated the ability of the compounds to stimulate proliferation and interferon-? production of V?9V?2 T cells. Mutation of H381 fully blocked ligand binding, whereas mutations to charged surface residues impacted diphosphate interactions. Monophosphonate analogs bind similarly to BTN3A1, although they differ in their antigenicity, demonstrating that binding and efficacy are not linearly correlated. These results further define the structure-activity relationships underlying BTN3A1 ligand binding and antigenicity and support further structure-guided drug design.","Li V, Poe MM, Teske KA, Wiemer AJ, Hsiao CC, Liu C, Agabiti SS",2,0.666667,,15,CHEMBL4364297,FALSE,10.1021/acs.jmedchem.9b00825,6814,TRUE,14,J Med Chem,6823,6,3,49008,6/15/2020,31268699,1520-4804:2020-06-15:0031268699,Probing the Ligand-Binding Pocket of BTN3A1.,62,2020
0.666667,1520-4804,"Journal Article|Research Support, Non-U.S. Gov't","Diffuse intrinsic pontine glioma is an aggressive pediatric cancer for which no effective chemotherapeutic drugs exist. Analysis of the genomic landscape of this disease has led to the identification of the serine/threonine kinase ALK2 as a potential target for therapeutic intervention. In this work, we adopted an open science approach to develop a series of potent type I inhibitors of ALK2 which are orally bio-available and brain-penetrant. Initial efforts resulted in the discovery of M4K2009, an analogue of the previously reported ALK2 inhibitor LDN-214117. Although highly selective for ALK2 over the TGF-?R1 receptor ALK5, M4K2009 is also moderately active against the hERG potassium channel. Varying the substituents of the trimethoxyphenyl moiety gave rise to an equipotent benzamide analogue M4K2149 with reduced off-target affinity for the ion channel. Additional modifications yielded 2-fluoro-6-methoxybenzamide derivatives (26a-c), which possess high inhibitory activity against ALK2, excellent selectivity, and superior pharmacokinetic profiles.","Aman A, Al-Awar R, Kiyota T, Zepeda-Vel?zquez CA, Roberts OG, Ensan D, Adamson R, Smil D, Edwards AM, Williams EP, O'Meara JA, Wong JF, Bullock AN, Panagopoulos D, Isaac MB",4,0.666667,,2,CHEMBL4402613,TRUE,10.1021/acs.jmedchem.0c00395,4978,TRUE,9,J Med Chem,4996,11,6,"''), 'OX3 7DQ', 'OX3', '', (''",11/2/2020,32369358,1520-4804:2020-11-02:0032369358,Targeting ALK2: An Open Science Approach to Developing Therapeutics for the Treatment of Diffuse Intrinsic Pontine Glioma.,63,2020
0.666667,1520-4804,"Journal Article|Research Support, Non-U.S. Gov't","Human aldehyde oxidase (hAOX1) is mainly present in the liver and has an emerging role in drug metabolism, since it accepts a wide range of molecules as substrates and inhibitors. Herein, we employed an integrative approach by combining NMR, X-ray crystallography, and enzyme inhibition kinetics to understand the inhibition modes of three hAOX1 inhibitors-thioridazine, benzamidine, and raloxifene. These integrative data indicate that thioridazine is a noncompetitive inhibitor, while benzamidine presents a mixed type of inhibition. Additionally, we describe the first crystal structure of hAOX1 in complex with raloxifene. Raloxifene binds tightly at the entrance of the substrate tunnel, stabilizing the flexible entrance gates and elucidating an unusual substrate-dependent mechanism of inhibition with potential impact on drug-drug interactions. This study can be considered as a proof-of-concept for an efficient experimental screening of prospective substrates and inhibitors of hAOX1 relevant in drug discovery.","Marcelo F, Mota C, Coelho C, Esmaeeli M, Rom?o MJ, Diniz A, Santos-Silva T, Leimk?hler S, Cabrita EJ",2,0.666667,,3,CHEMBL5029156,FALSE,10.1021/acs.jmedchem.1c01125,13025,TRUE,17,J Med Chem,13037,12,3,14476,12/3/2021,34415167,1520-4804:2021-12-03:0034415167,Interrogating the Inhibition Mechanisms of Human Aldehyde Oxidase by X-ray Crystallography and NMR Spectroscopy: The Raloxifene Case.,64,2021
0.666667,1520-4804,"Journal Article|Research Support, Non-U.S. Gov't","In the mammalian central nervous system (CNS), the action of sodium dependent excitatory amino acid transporters (EAATs) is responsible for termination of glutamatergic neurotransmission by reuptake of ( S) -glutamate (Glu) from the synaptic cleft. Five EAAT subtypes have been identified, of which EAAT1-4 are present in the CNS, while EAAT5 is localized exclusively in the retina. In this study, we have used an enantioselective chemo-enzymatic strategy to synthesize 10 new Glu analogues 2a- k ( 2d is exempt) with different functionalities in the 4 R-position and characterized their pharmacological properties at the human EAAT1-3. In particular, one compound, 2k, displayed a significant preference as inhibitor of the EAAT2 subtype over EAAT1,3. The compound also displayed very low affinities toward ionotropic and metabotropic Glu receptors, making it the most selective EAAT2 inhibitor described so far.","Stensb?l TB, Nielsen B, Assaf Z, Pu X, Pickering DS, Sagot E, Aboab B, Bolte J, Gefflaut T, Bunch L, Umberti M, Jensen AA",4,0.666667,,29,CHEMBL1155081,TRUE,10.1021/jm800091e,4085,TRUE,14,J Med Chem,4092,8,6,7652,8/29/2008,18578477,1520-4804:2008-08-29:0018578477,"Chemo-enzymatic synthesis of (2S,4R)-2-amino-4-(3-(2,2-diphenylethylamino)-3-oxopropyl)pentanedioic acid: a novel selective inhibitor of human excitatory amino acid transporter subtype 2.",51,2008
0.666667,1520-4804,"Journal Article|Research Support, Non-U.S. Gov't","Indoleamine 2,3-dioxygenase-1 (IDO1) plays an important role in tumor immune escape. However, unsatisfactory clinical efficacies of selective IDO1 inhibitors have impeded their further development, suggesting that they do not exert sufficient antitumor effects by selectively inhibiting IDO1. IDO2, an isoenzyme of IDO1, is overexpressed in some human tumors, and emerging evidence suggests that concomitant inhibition of IDO1/2 may have synergistic effects in cancer treatment, revealing a promising cancer immunotherapeutic strategy. Herein, we describe the discovery of compound <b>4t</b>, the first inhibitor targeting both IDO1/2 that has excellent <i>in vitro</i> inhibitory activity (IDO1 IC<sub>50</sub> = 28 nM and IDO2 IC<sub>50</sub> = 144 nM). Notably, <b>4t</b> (TGI = 69.7%) exhibited significantly stronger <i>in vivo</i> antitumor potency than epacadostat (TGI = 49.4%) in CT26 xenograft mouse models, highlighting the advantages of IDO1/2 dual inhibitors for tumor immunotherapy. Preliminary mechanistic studies <i>in vivo</i> further identified that <b>4t</b> exerts its antitumor effect by inhibiting IDO1/2.","Zhu Q, He G, Shan J, Wu H, Peng K, Zou Y, Wang J, Zhang S, Wei Z, Xu Y, He X, Ge Y, Chu Z, Shen H",2,0.666667,,21,CHEMBL5055685,TRUE,10.1021/acs.jmedchem.1c01305,17950,TRUE,24,J Med Chem,17968,1,3,"210009, 211198",1/21/2022,34854662,1520-4804:2022-01-21:0034854662,Discovery of the First Potent IDO1/IDO2 Dual Inhibitors: A Promising Strategy for Cancer Immunotherapy.,64,2022
0.666667,1520-4804,"Journal Article|Research Support, Non-U.S. Gov't","Osimertinib is a highly potent and selective third-generation epidermal growth factor receptor (EGFR) inhibitor, which provides excellent clinical benefits and is now a standard-of-care therapy for advanced EGFR mutation-positive non-small-cell lung cancer (NSCLC). However, AZ5104, a primary toxic metabolite of osimertinib, has caused unwanted toxicities. To address this unmet medical need, we initiated an iterative program focusing on structural optimizations of osimertinib and preclinical characterization, leading to the discovery of a highly potent, selective, and orally efficacious deuterated EGFR-targeting clinical candidate, dosimertinib. Preclinical studies revealed that dosimertinib demonstrated robust in vivo antitumor efficacy and favorable PK profiles, but with lower toxicity than osimertinib. These preclinical data support further clinical development of dosimertinib for the treatment of NSCLC. Dosimertinib has received official approval in China to initiate the phase I clinical trial (registration numbers: CXHL2000060 and CXHL2000061).","Meng Y,Yu B,Huang H,Peng Y,Li E,Yao Y,Song C,Yu W,Zhu K,Wang K,Yi D,Du J,Chang J",2,0.666667,,23,CHEMBL4732150,TRUE,10.1021/acs.jmedchem.0c02005,925,TRUE,2,J Med Chem,937,3,3,"450006, 467036, 450052, 450001",3/23/2021,33459024,1520-4804:2021-03-23:0033459024,"Discovery of Dosimertinib, a Highly Potent, Selective, and Orally Efficacious Deuterated EGFR Targeting Clinical Candidate for the Treatment of Non-Small-Cell Lung Cancer.",64,2021
0.666667,1520-4804,"Journal Article|Research Support, Non-U.S. Gov't","Structure-activity relationships for a series of small-molecule thiophenes resulted in potent and selective antagonism of human Complement C3a receptor. The compounds are about 100-fold more potent than the most reported antagonist SB290157. A new compound JR14a was among the most potent of the new antagonists in vitro, assessed by (a) inhibition of intracellular calcium release (IC50 10 nM) induced in human monocyte-derived macrophages by 100 nM C3a, (b) inhibition of ?-hexosaminidase secretion (IC50 8 nM) from human LAD2 mast cells degranulated by 100 nM C3a, and (c) selectivity for human C3aR over C5aR. JR14a was metabolically stable in rat plasma and in rat liver microsomes and efficacious in rats when given orally to suppress rat paw inflammation, macrophage and mast cell activation, and histopathology induced by intraplantar paw administration of a C3aR agonist. Potent C3aR antagonists are now available for interrogating C3a receptor activation and suppressing C3aR-mediated inflammation in mammalian physiology and disease.","Halili MA, Yau MK, Poon EKY, Wu KC, Durek T, Iyer A, Reid RC, Rowley JA, Lohman RJ, Fairlie DP, Lim J, Hamidon JK",2,0.666667,,27,CHEMBL4376878,TRUE,10.1021/acs.jmedchem.9b00927,529,TRUE,2,J Med Chem,541,7,3,,7/27/2020,31910011,1520-4804:2020-07-27:0031910011,Potent Thiophene Antagonists of Human Complement C3a Receptor with Anti-Inflammatory Activity.,63,2020
0.666667,1520-4804,"Journal Article|Research Support, Non-U.S. Gov't","The bromodomain and extra-terminal domain (BET) family of proteins are readers which specifically recognize histone-acetylated lysine residues. Each BET bromodomain protein contains two highly homologous domains: the first bromodomain (BD1) and the second bromodomain (BD2). Pan-BET bromodomain inhibition is a potential therapy for various cancers and immune-inflammatory diseases, but only few reported inhibitors show selectivity within the BET family. Herein, we identified a series of benzo[<i>cd</i>]indol-2(1<i>H</i>)-ones and pyrrolo[4,3,2-<i>de</i>]quinolin-2(1<i>H</i>)-ones with good selectivity for BET BD1. Through structure-based optimization, highly active and selective compounds are ultimately obtained. The representative compounds are the first reported inhibitors with selectivity more than 100-fold for BRD4(1) over BRD4(2). Among them, we further show that <b>68</b> (LT052) mediates BRD4/NF-?B/NLRP3 signaling inflammatory pathways with comparable protein expression and significantly improves symptoms of gout arthritis in a rat model. Therefore, selective pharmacological modulation of individual bromodomains could represent a strategy for the treatment of acute gouty arthritis.","Zhi Y, Zhu J, Chen H, Lu T, Li H, Cui Y, Xu J, Chen Y, Hu Q, Zhang Z, Ma Y, Zhang D, Zhang Y, Jiang F",4,0.666667,,22,CHEMBL4354830,TRUE,10.1021/acs.jmedchem.9b01010,11080,TRUE,24,J Med Chem,11107,6,6,"210023, 211198",6/22/2020,31789032,1520-4804:2020-06-22:0031789032,"Discovery of Benzo[<i>cd</i>]indol-2(1<i>H</i>)-ones and Pyrrolo[4,3,2-<i>de</i>]quinolin-2(1<i>H</i>)-ones as Bromodomain and Extra-Terminal Domain (BET) Inhibitors with Selectivity for the First Bromodomain with Potential High Efficiency against Acute Gouty Arthritis.",62,2020
0.666667,1768-3254,Journal Article,"Aiming to develop ALK/ROS1 dual inhibitors overcoming ceritinib-resistant G1202R mutant, a dedicated structure-guided modification campaign was conducted based on ALK co-crystal structures. Twenty eight diarylaminopyrimidine (DAAP) analogues possessing furan or tetrahydrofuran group were designed and synthesized, among which compound 16 bearing (dimethylamino)methyl)furan-2-yl)methyl)thio fragment was identified. Compound 16 exhibited significant cytotoxicity on ALK-positive Karpas299 and H2228 cells with IC values of 20 nM and 110 nM. Meanwhile, compound 16 turned out as the most potent entity superior to ceritinib with IC values of 2.8, 2.6, 3.8 and 2.3 nM against ALK, ALK, ALK and ROS1, respectively. Subsequently, western blot assay showed that compound 16 significantly suppressed ALK and its downstream protein expression in a dose-dependent manner. Alternatively, the Hoechst 33258 and AO/EB staining assays illustrated that compound 16 could induce H2228 cell apoptosis. Ultimately, the binding models of compound 16 with ALK, ALK as well as ROS1 clearly presented the essential interactions within the active site. Together, compound 16 was validated as a promising ALK/ROS1 dual inhibitor for ALK mutation correlated tumors.","Guo M,Zuo D,Zhao T,Li X,Cao J,Qiu Y,Wei S,Zhai X",2,0.666667,,30,CHEMBL4732205,TRUE,10.1016/j.ejmech.2021.113259,113259,TRUE,0,Eur J Med Chem,113259,4,3,,4/30/2021,33581554,1768-3254:2021-04-30:0033581554,"Structure-based optimization identified novel furyl-containing 2,4-diarylaminopyrimidine analogues as ALK/ROS1 dual inhibitors with anti-mutation effects.",214,2021
0.678571,1520-4804,Journal Article,"Mutant epidermal growth factor receptor (EGFR) is a major driver of non-small-cell lung cancer (NSCLC). Marketed first generation inhibitors, such as erlotinib, effect a transient beneficial response in EGFR mutant NSCLC patients before resistance mechanisms render these inhibitors ineffective. Secondary oncogenic EGFR mutations account for approximately 50% of relapses, the most common being the gatekeeper T790M substitution that renders existing therapies ineffective. The discovery of PF-06459988 (1), an irreversible pyrrolopyrimidine inhibitor of EGFR T790M mutants, was recently disclosed.1 Herein, we describe our continued efforts to achieve potency across EGFR oncogenic mutations and improved kinome selectivity, resulting in the discovery of clinical candidate PF-06747775 (21), which provides potent EGFR activity against the four common mutants (exon 19 deletion (Del), L858R, and double mutants T790M/L858R and T790M/Del), selectivity over wild-type EGFR, and desirable ADME properties. Compound 21 is currently being evaluated in phase-I clinical trials of mutant EGFR driven NSCLC.","Zhou R, Gajiwala KS, Luo Y, Bernier L, Cheng H, Weinrich SL, Ferre RA, Wang Y, Dinh DM, Sach NW, Xin S, Hemkens M, Deal JG, Lafontaine J, Cho-Schultz S, Almaden C, Vicini P, Johnson TO, Planken S, Zientek M, Shen H, Murray BW, Niessen S, Tseng E, Shi M, Edwards MP, Matthews J, Zhang C, Dalvie D, Kania RS, Bailey S, Behenna DC, Ballard TE, Tran K, Orr ST, Liu L, Nagata A, Nair SK, Kath JC, Solowiej J, Pairish M",19,0.678571,,24,CHEMBL4177539,TRUE,10.1021/acs.jmedchem.6b01894,3002,TRUE,7,J Med Chem,3019,4,28,200131,4/24/2017,28287730,1520-4804:2017-04-24:0028287730,"Discovery of N-((3R,4R)-4-Fluoro-1-(6-((3-methoxy-1-methyl-1H-pyrazol-4-yl)amino)-9-methyl-9H-purin-2-yl)pyrrolidine-3-yl)acrylamide (PF-06747775) through Structure-Based Drug Design: A High Affinity Irreversible Inhibitor Targeting Oncogenic EGFR Mutants with Selectivity over Wild-Type EGFR.",60,2017
0.695652,1948-5875,Journal Article,"Bruton's tyrosine kinase (BTK) has been shown to play a key role in the pathogenesis of autoimmunity. Therefore, the inhibition of the kinase activity of BTK with a small molecule inhibitor could offer a breakthrough in the clinical treatment of many autoimmune diseases. This Letter describes the discovery of BMS-986143 through systematic structure-activity relationship (SAR) development. This compound benefits from defined chirality derived from two rotationally stable atropisomeric axes, providing a potent and selective single atropisomer with desirable efficacy and tolerability profiles.","Srivastava AS,Ko S,Watterson SH,Pattoli MA,Skala S,Cheng L,Obermeier MT,Vickery R,Discenza LN,D'Arienzo CJ,Gillooly KM,Taylor TL,Pulicicchio C,McIntyre KW,Yip S,Li P,Sun D,Wu DR,Dai J,Wang C,Zhang Y,Wang B,Pawluczyk J,Kempson J,Zhao R,Hou X,Rampulla R,Mathur A,Galella MA,Salter-Cid L,Barrish JC,Carter PH,Fura A,Burke JR,Tino JA",16,0.695652,,21,CHEMBL4665894,TRUE,10.1021/acsmedchemlett.0c00335,2195,TRUE,11,ACS Med Chem Lett,2203,11,23,8543,11/21/2020,33214829,1948-5875:2020-11-21:0033214829,Driving Potency with Rotationally Stable Atropisomers: Discovery of Pyridopyrimidinedione-Carbazole Inhibitors of BTK.,11,2020
0.7,1520-4804,Journal Article,"Bruton's tyrosine kinase (BTK) belongs to the TEC family of nonreceptor tyrosine kinases and plays a critical role in multiple cell types responsible for numerous autoimmune diseases. This article will detail the structure-activity relationships (SARs) leading to a novel second generation series of potent and selective reversible carbazole inhibitors of BTK. With an excellent pharmacokinetic profile as well as demonstrated in vivo activity and an acceptable safety profile, 7-(2-hydroxypropan-2-yl)-4-[2-methyl-3-(4-oxo-3,4-dihydroquinazolin-3-yl)phenyl]-9H-carbazole-1-carboxamide 6 (BMS-935177) was selected to advance into clinical development.","Dai J, Barrish JC, Kukral DW, Muckelbauer JK, Liu Q, Gillooly K, Discenza L, McIntyre KW, Tebben AJ, Carter PH, Batt DG, Salter-Cid L, Skala S, Shi Q, Beaudoin Bertrand M, Burke JR, Taylor T, Fura A, Rampulla R, Chang CJ, D'Arienzo C, Marathe P, De Lucca GV, Yang Z, Mathur A, Obermeier M, Zhang H, Tino JA, Pattoli MA, Vickery R, Zhang Y",7,0.7,,10,CHEMBL4428066,TRUE,10.1021/acs.jmedchem.6b00722,7915,TRUE,17,J Med Chem,7935,7,10,8543,7/10/2017,27531604,1520-4804:2017-07-10:0027531604,"Small Molecule Reversible Inhibitors of Bruton's Tyrosine Kinase (BTK): Structure-Activity Relationships Leading to the Identification of 7-(2-Hydroxypropan-2-yl)-4-[2-methyl-3-(4-oxo-3,4-dihydroquinazolin-3-yl)phenyl]-9H-carbazole-1-carboxamide (BMS-935177).",59,2017
0.703704,1768-3254,"Journal Article|Research Support, Non-U.S. Gov't","New indolylarylsulfone HIV-1 NNRTIs were synthesized to evaluate unexplored substitutions of the benzyl/phenylethyl group linked at the indole-2-carboxamide. Against the NL4-3 HIV-1 WT strain, 17 out 20 compounds were superior to NVP and EFV. Several compounds inhibited the K103N HIV-1 mutant strain at nanomolar concentration and were superior to EFV. Some derivatives were superior to EFV against the Y181C and L100I HIV-1 mutant strains. Against the NL4-3 HIV-1 strain, the enantiomers 24 and 25 showed small differences of activity. In contrast, 24 turned out significantly more potent than 25 against the whole panel of mutant HIV-1 strains. The docking studies suggested that the difference in the observed inhibitory activities of 24 and 25 against the K03N mutation could be due to a kinetic rather than affinity differences.","Est? JA, Brancale A, Pelliccia S, Crespan E, La Regina G, Badia R, Novellino E, Cirilli R, Famiglini V, Clotet B, Maga G, Silvestri R, Coluccia A",38,0.703704,,9,CHEMBL3259792,FALSE,10.1016/j.ejmech.2014.04.027,101,TRUE,0,Eur J Med Chem,111,1,54,,1/9/2015,24769348,1768-3254:2015-01-09:0024769348,New indolylarylsulfones as highly potent and broad spectrum HIV-1 non-nucleoside reverse transcriptase inhibitors.,80,2015
0.714286,1520-4804,"Journal Article|Research Support, N.I.H., Extramural","Toll-like receptors (TLRs) are pattern recognition receptors that recognize specific molecular patterns present in molecules that are broadly shared by pathogens but are structurally distinct from host molecules. The TLR7-agonistic imidazoquinolines are of interest as vaccine adjuvants given their ability to induce pronounced Th1-skewed humoral responses. Minor modifications on the imidazoquinoline scaffold result in TLR7-antagonistic compounds which may be of value in addressing innate immune activation-driven immune exhaustion observed in HIV. We describe the syntheses and evaluation of TLR7 and TLR8 modulatory activities of dimeric constructs of imidazoquinoline linked at the C2, C4, C8, and N(1)-aryl positions. Dimers linked at the C4, C8, and N(1)-aryl positions were agonistic at TLR7; only the N(1)-aryl dimer with a 12-carbon linker was dual TLR7/8 agonistic. Dimers linked at C2 position showed antagonistic activities at TLR7 and TLR8; the C2 dimer with a propylene spacer was maximally antagonistic at both TLR7 and TLR8.","Malladi SS, Warshakoon HJ, Mutz CA, Shukla NM, Balakrishna R, David SA",10,0.714286,,23,CHEMBL2016459,FALSE,10.1021/jm2010207,1106,TRUE,3,J Med Chem,1116,4,14,66047,4/23/2012,22239408,1520-4804:2012-04-23:0022239408,Toll-like receptor (TLR)-7 and -8 modulatory activities of dimeric imidazoquinolines.,55,2012
0.714286,1948-5875,Journal Article,"Inhibition of the lipid kinase PI3K? is a promising principle to treat B and T cell driven inflammatory diseases. Using a scaffold deconstruction-reconstruction strategy, we identified 4-aryl quinazolines that were optimized into potent PI3K? isoform selective analogues with good pharmacokinetic properties. With compound 11, we illustrate that biochemical PI3K? inhibition translates into modulation of isoform-dependent immune cell function (human, rat, and mouse). After oral administration of compound 11 to rats, proximal PD markers are inhibited, and dose-dependent efficacy in a mechanistic plaque forming cell assay could be demonstrated.","Rummel G, Gutmann S, Lewis I, Feifel R, Hollingworth GJ, Smith AB, Z?cri F, Burkhart C, Blanz J, Knapp M, Graveleau N, Stauffer F, Hebach C, Wolf RM, Soldermann N, Hoegenauer K, Furet P",15,0.714286,,26,CHEMBL4428080,FALSE,10.1021/acsmedchemlett.6b00119,762,TRUE,8,ACS Med Chem Lett,767,8,21,94608,8/26/2016,27563400,1948-5875:2016-08-26:0027563400,Discovery and Pharmacological Characterization of Novel Quinazoline-Based PI3K Delta-Selective Inhibitors.,7,2016
0.727273,1464-3405,Journal Article,"Following the discovery of 5-chloro-6-[piperazin-1-yl]-1H-benzimidazole as a novel pharmacophore for potent and selective ORL1 antagonist activity, optimization of this new lead by introduction of a methyl substitution on the piperazine ring resulted in a highly potent and selective, orally available, and brain penetrable ORL1 antagonist, 2-(tert-butylthio)-5-chloro-6-[(2R)-4-(2-hydroxyethyl)-2-methylpiperazin-1-yl]-1H-benzimidazole. Stereochemistry of the methyl substituent on the piperazine ring to control the functional activity of other opioid receptors is also described.","Kawamoto H, Okamoto O, Yoshizumi T, Shimizu A, Yamamoto I, Ozaki S, Hashimoto M, Takahashi H, Ishii Y, Ito S, Ohta H, Kobayashi K",16,0.727273,,9,CHEMBL1150320,FALSE,10.1016/j.bmcl.2008.04.037,3282,TRUE,11,Bioorg Med Chem Lett,3285,7,22,,7/9/2008,18448337,1464-3405:2008-07-09:0018448337,Novel ORL1-selective antagonists with oral bioavailability and brain penetrability.,18,2008
0.740741,0022-2623,Journal Article,"A series of esters of 6beta-hydroxynortropane and the N-methyl analogue 6beta-tropanol were synthesized and screened versus binding of an antagonist (quinuclidinyl benzilate) and an agonist (oxotremorine-M) at sites on human m(1)-, m(2)-, m(3)-, and m(4)-muscarinic receptors in transfected cell membranes and on native M(1)-muscarinic receptors in rat brain membranes and native M(2)-muscarinic receptors in rat heart membranes. Most 6beta-acyloxy(nor)tropanes had higher affinity versus oxotremorine-M binding compared to quinuclidinyl benzilate binding at transfected m(1)- and native M(1)-receptors, indicative of agonist activity. 6beta-Acetoxynortropane had K(i) values versus oxotremorine-M binding at m(1)-, m(2)-, and m(4)-receptors ranging from 4 to 7 nM. N-Methylation reduced affinity greatly as did increasing the size of the acyl moiety. The affinity of 6beta-benzoyloxynortropane and other analogues with larger acyl moieties was little affected by N-methylation or in some cases was increased. 6beta-Acyloxy(nor)tropanes and classical muscarinic agonists, such as muscarine and oxotremorine, had higher affinity versus oxotremorine-M binding compared to quinuclidinyl benzilate binding at native M(2)-muscarinic receptors of heart, but not at transfected m(2)-muscarinic receptors. Antagonist/agonist binding ratios were not obtained for transfected m(3)-receptors, since significant oxotremorine-M binding could not be detected. 6beta-Acyloxy(nor)tropane, two other (nor)tropanes, and the classical muscarinic agonists had higher affinity versus agonist binding compared to antagonist binding for transfected m(4)-receptors. The antagonist/agonist binding ratio method is clearly not always reliable for predicting agonist activity at muscarinic receptors.","Daly JW, Pei XF, Padgett WL, Gupta TH",40,0.740741,,27,CHEMBL1133759,FALSE,10.1021/jm9904001,2514,TRUE,13,J Med Chem,2522,7,54,20892,7/27/2000,10891110,0022-2623:2000-07-27:0010891110,6beta-Acyloxy(nor)tropanes: affinities for antagonist/agonist binding sites on transfected and native muscarinic receptors.,43,2000
0.75,0022-2623,Journal Article,"Acyl-CoA:cholesterol acyltransferase (ACAT) is the primary enzyme involved in intracellular cholesterol esterification. Arterial wall infiltration by macrophages and subsequent uncontrolled esterification of cholesterol leading to foam cell formation is believed to be an important process which leads to the development of fatty streaks. Inhibitors of the ACAT enzyme may retard this atherogenic process. We have recently discovered a series of imidazoles which are potent in vitro ACAT inhibitors in the J774 macrophage cell culture assay. This paper will describe the design, synthesis, and structure--activity relationship for this very potent series of compounds.","Johnson AL, Higley CA, Cromley DA, Billheimer JT, Pennev P, Shimshick EJ, Maduskuie TP, Wilde RG, Germain S, Gillies PJ",3,0.75,,11,CHEMBL1128278,FALSE,10.1021/jm00007a004,1067,TRUE,7,J Med Chem,1083,5,4,,5/11/1995,7707310,0022-2623:1995-05-11:0007707310,"Design, synthesis, and structure--activity relationship studies for a new imidazole series of J774 macrophage specific acyl-CoA:cholesterol acyltransferase (ACAT) inhibitors.",38,1995
0.75,0022-2623,Journal Article,,"Ritchie JC, Redshaw S, Graves BJ, Krohn A, Hatada MH",6,0.75,,31,CHEMBL1125803,FALSE,10.1021/jm00115a028,3340,TRUE,11,J Med Chem,3342,12,8,,12/31/1991,1956054,0022-2623:1991-12-31:0001956054,Novel binding mode of highly potent HIV-proteinase inhibitors incorporating the (R)-hydroxyethylamine isostere.,34,1991
0.75,1464-3391,"Journal Article|Research Support, Non-U.S. Gov't","In order to explore novel TRK and ALK dual inhibitors, a series of 2-phenylamino-4-prolylpyrimidine derivatives were designed, synthesized and evaluated for their in vitro cytotoxicity and enzymatic activities. Delightfully, most compounds were detected moderated to excellent activities in cellular assay. Among them, compound 21 exhibited encouraging cytotoxicity on KM12, H2228 and KARPAS299 cells with IC<sub>50</sub> values of 0.86, 0.141 and 0.072 ?M. Meanwhile, the performances of 21 in the enzymatic assays were in good accordance with anti-proliferative activity with IC<sub>50</sub> values of 2.2, 9.3 and 38 nM towards TRKA, ALK<sup>WT</sup> and ALK<sup>L1196M</sup>, respectively. Compared with Entrectinib, compound 21 not only ensured the inhibitory activity on TRKA, but also improved the affinity with ALK and ALK<sup>L1196M</sup> to a certain extent. Ultimately, the binding model of 21 with TRKA and ALK were ideally established through molecular docking, which further confirmed the SARs analysis.","Wang X, Cao Z, Li T, Guo M, Li C, Zhai X, Yang J, Jiang N",3,0.75,,12,CHEMBL4808257,TRUE,10.1016/j.bmc.2021.116396,116396,TRUE,0,Bioorg Med Chem,116396,1,4,,1/12/2022,34534734,1464-3391:2022-01-12:0034534734,Discovery of novel 2-phenylamino-4-prolylpyrimidine derivatives as TRK/ALK dual inhibitors with promising antitumor effects.,47,2022
0.75,1464-3405,Journal Article,"Oxabicyclooctane linked novel bacterial topoisomerase inhibitors (NBTIs) are new class of recently reported broad-spectrum antibacterial agents. They target bacterial DNA gyrase and topoisomerase IV and bind to a site different than quinolones. They show no cross-resistance to known antibiotics and provide opportunity to combat drug-resistant bacteria. A structure activity relationship of the C-2 substituted ether analogs of 1,5-naphthyridine oxabicyclooctane-linked NBTIs are described. Synthesis and antibacterial activities of a total of 63 analogs have been summarized representing alkyl, cyclo alkyl, fluoro alkyl, hydroxy alkyl, amino alkyl, and carboxyl alkyl ethers. All compounds were tested against three key strains each of Gram-positive and Gram-negative bacteria as well as for hERG binding activities. Many key compounds were also tested for the functional hERG activity. Six compounds were evaluated for efficacy in a murine bacteremia model of Staphylococcus aureus infection. Significant tolerance for the ether substitution (including polar groups such as amino and carboxyl) at C-2 was observed for S. aureus activity however the same was not true for Enterococcus faecium and Gram-negative strains. Reduced clogD generally showed reduced hERG activity and improved in vivo efficacy but was generally associated with decreased overall potency. One of the best compounds was hydroxy propyl ether (16), which mainly retained the potency, spectrum and in vivo efficacy of AM8085 associated with the decreased hERG activity and improved physical property.","Miesel L, Takei M, Tan CM, Wu J, Kishii R, Fukuda H, Singh SB, Takeuchi T, Takano H, Ohata K, Kurasaki H, Shibata T, Fukuda Y, Nishimura A, Olsen DB, Meinke PT, Lagrutta A, Kaelin DE",3,0.75,,20,CHEMBL3603744,TRUE,10.1016/j.bmcl.2015.06.061,3630,TRUE,17,Bioorg Med Chem Lett,3635,5,4,,5/20/2016,26152426,1464-3405:2016-05-20:0026152426,"Structure activity relationship of C-2 ether substituted 1,5-naphthyridine analogs of oxabicyclooctane-linked novel bacterial topoisomerase inhibitors as broad-spectrum antibacterial agents (Part-5).",25,2016
0.75,1520-4804,Journal Article,"A new class of potent and highly selective SGLT2 inhibitors is disclosed. Compound 31 (HSK0935) demonstrated excellent hSGLT2 inhibition of 1.3 nM and a high hSGLT1/hSGLT2 selectivity of 843-fold. It showed robust urinary glucose excretion in Sprague-Dawley (SD) rats and affected more urinary glucose excretion in Rhesus monkeys. Finally, an efficient synthetic route has been developed featuring a ring-closing cascade reaction to incorporate a double ketal 1-methoxy-6,8-dioxabicyclo[3.2.1]octane ring system.","Shi Z, Liu Z, Ye F, Deng C, Xu B, Liu J, Chen L, Li Y, Li S, Zheng S",3,0.75,,19,CHEMBL4014312,TRUE,10.1021/acs.jmedchem.6b01818,4173,TRUE,10,J Med Chem,4184,6,4,611130,6/19/2017,28447791,1520-4804:2017-06-19:0028447791,"Discovery of a Potent, Selective Renal Sodium-Dependent Glucose Cotransporter 2 (SGLT2) Inhibitor (HSK0935) for the Treatment of Type 2 Diabetes.",60,2017
0.75,1520-4804,"Journal Article|Research Support, N.I.H., Extramural|Research Support, Non-U.S. Gov't","Chemical probes for epigenetic proteins are essential tools for dissecting the molecular mechanisms for gene regulation and therapeutic development. The bromodomain and extra-terminal (BET) proteins are master transcriptional regulators. Despite promising therapeutic targets, selective small molecule inhibitors for a single bromodomain remain an unmet goal due to their high sequence similarity. Here, we address this challenge via a structure-activity relationship study using 1,4,5-trisubstituted imidazoles against the BRD4 N-terminal bromodomain (D1). Leading compounds <b>26</b> and <b>30</b> have 15 and 18 nM affinity against BRD4 D1 and over 500-fold selectivity against BRD2 D1 and BRD4 D2 via ITC. Broader BET selectivity was confirmed by fluorescence anisotropy, thermal shift, and CETSA. Despite BRD4 engagement, BRD4 D1 inhibition was unable to reduce c-Myc expression at low concentration in multiple myeloma cells. Conversely, for inflammation, IL-8 and chemokine downregulation were observed. These results provide new design rules for selective inhibitors of an individual BET bromodomain.","Johnson JA, Lee AL, Aihara H, Zahid H, Shah VH, Pomerantz WCK, Scholtz CR, Cui H, Griffith EC, Gee CT, Divakaran A, Hoell ZJ, Harki DA, Ellingson MO, Shi K, Khanal S, Lee RE",3,0.75,,18,CHEMBL5042521,TRUE,10.1021/acs.jmedchem.1c01779,2342,TRUE,3,J Med Chem,2360,2,4,"55902, 55455, 38105",2/18/2022,35007061,1520-4804:2022-02-18:0035007061,A Structure-based Design Approach for Generating High Affinity BRD4 D1-Selective Chemical Probes.,65,2022
0.75,1520-4804,"Journal Article|Research Support, Non-U.S. Gov't","An alternative medicinal chemistry approach was conducted on Bruton's tyrosine kinase (BTK) inhibitor 1 (ibrutinib) by merging the pyrazolo[3,4- d]pyrimidine component into a tricyclic skeleton. Two types of compounds were prepared, and their biochemical activities on BTK as well as stereochemistry effects were determined. Structural optimization focusing on the reactive binding group to BTK Cys481 and on the metabolic site guided by metabolic study were conducted. 7S was identified as the most potent showing an IC50 value of 0.4 nM against BTK and 16 nM against BTK-dependent TMD8 cells. Compared to 1, 7S was slightly more selective with strong inhibition on the B-cell receptor signaling pathway. In a TMD8 cell-derived animal xenograft model, 7S showed a relative tumor volume of 5.3 at 15 mg/kg QD dosage that was more efficacious than 1 (RTV 6.6) at a higher dose of 25 mg/kg QD. All these results suggest 7S as a new BTK inhibitor worthy of further profiling.","Xue Y, Song P, Song Z, Wang A, Zhang A, Ding J, Tong L, Xie H, Liu Q, Geng M, Sun L",3,0.75,,3,CHEMBL4184325,TRUE,10.1021/acs.jmedchem.8b00441,4608,TRUE,10,J Med Chem,4627,6,4,"201210, 210009, 230031",6/3/2019,29715023,1520-4804:2019-06-03:0029715023,"Discovery of 4,7-Diamino-5-(4-phenoxyphenyl)-6-methylene-pyrimido[5,4- b]pyrrolizines as Novel Bruton's Tyrosine Kinase Inhibitors.",61,2019
0.75,1520-4804,"Journal Article|Research Support, Non-U.S. Gov't","Blockade of A2A adenosine receptors (A2AARs) and inhibition of monoamine oxidase B (MAO-B) in the brain are considered attractive strategies for the treatment of neurodegenerative diseases such as Parkinson's disease (PD). In the present study, benzothiazinones, e.g., 2-(3-chlorophenoxy)-N-(4-oxo-4H-3,1-benzothiazin-2-yl)acetamide (13), were identified as a novel class of potent MAO-B inhibitors (IC50 human MAO-B: 1.63 nM). Benzothiazinones with large substituents in the 2-position, e.g., methoxycinnamoylamino, phenylbutyrylamino, or chlorobenzylpiperazinylbenzamido residues (14, 17, 27, and 28), showed high affinity and selectivity for A2AARs (Ki human A2AAR: 39.5-69.5 nM). By optimizing benzothiazinones for both targets, the first potent, dual-acting A2AAR/MAO-B inhibitors with a nonxanthine structure were developed. The best derivative was N-(4-oxo-4H-3,1-benzothiazin-2-yl)-4-phenylbutanamide (17, Ki human A2A, 39.5 nM; IC50 human MAO-B, 34.9 nM; selective versus other AR subtypes and MAO-A), which inhibited A2AAR-induced cAMP accumulation and showed competitive, reversible MAO-B inhibition. The new compounds may be useful tools for validating the A2AAR/MAO-B dual target approach in PD.","K?ppers P, M?ller CE, G?tschow M, Schlenk M, St?ssel A, Hinz S, Heer J",3,0.75,,20,CHEMBL2380255,TRUE,10.1021/jm400336x,4580,TRUE,11,J Med Chem,4596,8,4,,8/20/2013,23631427,1520-4804:2013-08-20:0023631427,"Dual targeting of adenosine A(2A) receptors and monoamine oxidase B by 4H-3,1-benzothiazin-4-ones.",56,2013
0.75,1520-4804,"Journal Article|Research Support, Non-U.S. Gov't","Epidermal growth factor receptor (EGFR)-targeted therapy in non-small cell lung cancer represents a breakthrough in the field of precision medicine. Previously, we have identified a lead compound, furanopyrimidine 2, which contains a (S)-2-phenylglycinol structure as a key fragment to inhibit EGFR. However, compound 2 showed high clearance and poor oral bioavailability in its pharmacokinetics studies. In this work, we optimized compound 2 by scaffold hopping and exploiting the potent inhibitory activity of various warhead groups to obtain a clinical candidate, 78 (DBPR112), which not only displayed a potent inhibitory activity against EGFRL858R/T790M double mutations but also exhibited tenfold potency better than the third-generation inhibitor, osimertinib, against EGFR and HER2 exon 20 insertion mutations. Overall, pharmacokinetic improvement through lead-to-candidate optimization yielded fourfold oral AUC better that afatinib along with F = 41.5%, an encouraging safety profile, and significant antitumor efficacy in in vivo xenograft models. DBPR112 is currently undergoing phase 1 clinical trial in Taiwan.","Hsu TA, Chen CH, Yeh TK, Wang SY, Chen CP, Lin SY, Chen PY, Chang Hsu Y, Wu SY, Shiao HY, Lin WH, Chen CT, Kuo FM, Peng YH, Sun HY, Lien TW, Chu CY, Ke YY, Yeh KC, Hsieh HP",9,0.75,,14,CHEMBL4414600,TRUE,10.1021/acs.jmedchem.9b00722,10108,TRUE,22,J Med Chem,10123,7,12,35053,7/14/2020,31560541,1520-4804:2020-07-14:0031560541,Discovery of a Furanopyrimidine-Based Epidermal Growth Factor Receptor Inhibitor (DBPR112) as a Clinical Candidate for the Treatment of Non-Small Cell Lung Cancer.,62,2020
0.75,1520-4804,"Journal Article|Research Support, Non-U.S. Gov't","The protein kinase MKK7 is linked to neuronal development and the onset of cancer. The field, however, lacks high-quality functional probes that would allow for the dissection of its detailed functions. Against this background, we describe an effective covalent inhibitor of MKK7 based on the pyrazolopyrimidine scaffold.","Penninger JM, Lategahn J, Rauh D, Baumann M, Wolle P, Cronin SJF, Hardick J, Engel J",3,0.75,,6,CHEMBL4480410,TRUE,10.1021/acs.jmedchem.9b00102,2843,TRUE,5,J Med Chem,2848,4,4,44227,4/6/2020,30768270,1520-4804:2020-04-06:0030768270,Targeting the MKK7-JNK (Mitogen-Activated Protein Kinase Kinase 7-c-Jun N-Terminal Kinase) Pathway with Covalent Inhibitors.,62,2020
0.75,1520-4804,"Journal Article|Research Support, Non-U.S. Gov't","The synthesis, the enantiomeric separation, and the characterization of new simple spiroketal derivatives have been performed. The synthesized compounds have shown a very high anticancer activity. Cell proliferation assay showed that they induce a remarkable inhibition of cell proliferation in all cell lines treated, depending on culture time and concentration. The compounds have also shown a potent nanomolar human telomerase inhibition activity and apoptosis induction. CD melting experiments demonstrate that spiroketal does not affect the G-quadruplex (G4) thermal stability. Docking studies showed that telomerase inhibition could be determined by a spiroketal interaction with the telomerase enzyme.","Morelli F, D?mling A, Fuggetta MP, De Mico A, Spanu P, Mannu A, Ulgheri F, Zonfrillo M, Cottarelli A, Deligia F, Roviello G, Peluso P, Reyes Romero A, Marchetti M",3,0.75,,19,CHEMBL3861986,FALSE,10.1021/acs.jmedchem.6b01046,9140,TRUE,19,J Med Chem,9149,6,4,"80134, 07100, 00133, 00185, 80131",6/19/2017,27592503,1520-4804:2017-06-19:0027592503,Synthesis and Enantiomeric Separation of a Novel Spiroketal Derivative: A Potent Human Telomerase Inhibitor with High in Vitro Anticancer Activity.,59,2017
0.75,1520-4804,"Journal Article|Research Support, Non-U.S. Gov't","We designed and synthesized a series of chiral indolyarylsulfones (IASs) as new HIV-1 NNRTIs. The new IASs 8-37 showed potent inhibition of the HIV-1 WT NL4-3 strain and of the mutant K103N, Y181C, Y188L, and K103N-Y181C HIV-1 strains. Six racemic mixtures, 8, 23-25, 31, and 33, were separated at semipreparative level into their pure enantiomers. The (R)-8 enantiomer bearing the chiral (?-methylbenzyl) was superior to the (S)-counterpart. IAS derivatives bearing the (S) alanine unit, (S)-23, (S,R)-25, (S)-31, and (S)-33, were remarkably more potent than the corresponding (R)-enantiomers. Compound 23 protected hippocampal neuronal cells from the excitotoxic insult, while efavirenz (EFV) did not contrast the neurotoxic effect of glutamate. The present results highlight the chiral IASs as new NNRTIs with improved resistance profile against the mutant HIV-1 strains and reduced neurotoxic effects.","Est? JA, Limatola C, Brancale A, Badia R, La Regina G, Catalano M, Formica FR, Masci D, Novellino E, Cirilli R, Brambilla A, Famiglini V, Maga G, Riveira-Mu?oz E, Crespan E, Silvestri R, Coluccia A",45,0.75,,5,CHEMBL4038304,TRUE,10.1021/acs.jmedchem.6b01906,6528,TRUE,15,J Med Chem,6547,9,60,"''), '', 08916, I-27100, ('', 'CF10', I-80131, I-00161, I-00185, 'CF10 3NB'",9/5/2017,28628334,1520-4804:2017-09-05:0028628334,Chiral Indolylarylsulfone Non-Nucleoside Reverse Transcriptase Inhibitors as New Potent and Broad Spectrum Anti-HIV-1 Agents.,60,2017
0.75,1768-3254,Journal Article,"Aberrant activation of p21-activated kinase 1 (PAK1) is associated with tumour progression, and PAK1 has been recognized as a promising target for anticancer drug discovery. However, the development of potent PAK1 inhibitors with satisfactory kinase selectivity and favourable physicochemical properties remains a daunting challenge. Herein, we identified the 1H-indazole-3-carboxamide derivatives as potential PAK1 inhibitors using a fragment-based screening approach. The representative compound 30l exhibited excellent enzyme inhibition (PAK1 IC = 9.8 nM) and high PAK1 selectivity toward a panel of 29 kinases. The Structure-activity relationship (SAR) analysis showed that substituting of an appropriate hydrophobic ring in the deep back pocket and introducing a hydrophilic group in the bulk solvent region were critical for PAK1 inhibitory activity and selectivity. Additionally, the hERG channel activity of 30l demonstrated its low risk of hERG toxicity. Furthermore, it significantly suppressed the migration and invasion of MDA-MB-231 cells by downregulating Snail expression without affecting the tumour growth. These results provide a new type of chemical scaffolds targeting PAK1 and suggested that 1H-indazole-3-carboxamide derivatives may serve as lead compounds for the development of potential and selective PAK1 inhibitors.","Zhang M,Fang X,Wang C,Hua Y,Huang C,Wang M,Zhu L,Wang Z,Gao Y,Zhang T,Liu H,Zhang Y,Lu S,Lu T,Chen Y,Li H",3,0.75,,22,CHEMBL4706541,TRUE,10.1016/j.ejmech.2020.112517,112517,TRUE,0,Eur J Med Chem,112517,4,4,,4/22/2021,32846314,1768-3254:2021-04-22:0032846314,Design and synthesis of 1H-indazole-3-carboxamide derivatives as potent and selective PAK1 inhibitors with anti-tumour migration and invasion activities.,203,2021
0.75,1768-3254,Journal Article,"In our endeavor towards the development of effective VEGFR-2 inhibitors, three novel series of phthalazine derivatives based on 1-piperazinyl-4-arylphthalazine scaffold were synthesized. All the newly prepared phthalazines 16a-k, 18a-e and 21a-g were evaluated in vitro for their inhibitory activity against VEGFR-2. In particular, compounds 16k and 21d potently inhibited VEGFR-2 at sub-micromolar IC50 values 0.35 ± 0.03 and 0.40 ± 0.04 ?M, respectively. Moreover, seventeen selected compounds 16c-e, 16g, 16h, 16j, 16k, 18c-e and 21a-g were evaluated for their in vitro anticancer activity according to US-NCI protocol, where compounds 16k and 21d proved to be the most potent anticancer agents. While, compound 16k exhibited potent broad spectrum anticancer activity with full panel GI50 (MG-MID) value of 3.62 ?M, compound 21d showed high selectivity toward leukemia and prostate cancer subpanels [subpanel GI50 (MG-MID) 3.51 and 5.15 ?M, respectively]. Molecular docking of compounds16k and 21d into VEGFR-2 active site was performed to explore their potential binding mode.","Abou-Seri SM, Ali MM, Eldehna WM, Abou El Ella DA",3,0.75,,20,CHEMBL3751694,TRUE,10.1016/j.ejmech.2015.10.053,165,TRUE,0,Eur J Med Chem,179,9,4,,9/20/2016,26590508,1768-3254:2016-09-20:0026590508,1-Piperazinylphthalazines as potential VEGFR-2 inhibitors and anticancer agents: Synthesis and in vitro biological evaluation.,107,2016
0.75,1768-3254,Journal Article,"Multi-target, especially dual-target, drug design has become a popular research field for cancer treatment. Development of small molecule dual-target inhibitors through hybridization strategy can provide highly potent and selective anticancer agents. In this study, three series of quinazoline derivatives bearing a benzene-sulfonamide moiety were designed and synthesized as dual EGFR/CAIX inhibitors. All the synthesized compounds were evaluated against epidermoid carcinoma (A431) and non-small cell lung cancer (A549 and H1975) cell lines, which displayed weak to potent anticancer activity. In particular, compound 8v emerged as the most potent derivative against mutant-type H1975 cells, which exhibited comparable activity to osimertinib. Importantly, 8v exhibited stronger anti-proliferative activity than osimertinib against H1975 cells under hypoxic condition. Kinase inhibition studies indicated that 8v showed excellent inhibitory effect on EGFR<sup>T790M</sup> enzyme, which was 41 times more effective than gefitinib and almost equal to osimertinib. Mechanism studies revealed that 8v exhibited remarkable CAIX inhibitory effect comparable to acetazolamide and significantly inhibited the expression of p-EGFR as well as its downstream p-AKT and p-ERK in H1975 cells. Notably, 8v was found to inhibit the expression of CAIX and its upstream HIF-1? in H1975 cells under hypoxic condition. Molecular docking was also performed to gain insights into the ligand-binding interactions of 8v inside EGFR<sup>WT</sup>, EGFR<sup>T790M</sup> and CAIX binding sites.","Liu Z, Gou S, Liu Q, Xia S, Zhang B",3,0.75,,22,CHEMBL4813962,TRUE,10.1016/j.ejmech.2021.113300,113300,TRUE,0,Eur J Med Chem,113300,4,4,,4/22/2021,33640672,1768-3254:2021-04-22:0033640672,"Design, synthesis and biological evaluation of sulfamoylphenyl-quinazoline derivatives as potential EGFR/CAIX dual inhibitors.",216,2021
0.75,1768-3254,Journal Article,"Multidrug resistance (MDR) is a main cause of chemotherapy failure and patient death. This situation usually involves a glycoprotein (P-gp) mediated drug efflux, resulting in a low cellular drug concentration and insensitivity. Here we report the design, synthesis and evaluation of novel (+/-)-securinine bivalents as P-gp inhibitors in vitro and in vivo. MTT assays reflected that bivalent mimetics of securinine particularly the virosecurinine bivalent mimetic 8C showed promissing MDR reversal potential in both P-gp highly expressed cell line HepG2/DOX and MCF-7/ADM. At a 10??M concentration, 8C can entirely reverse the resistance of HepG2/DOX to doxorubicin (DOX), and is more effective than the positive control verapamil (VRP). Fluorescence, flow cytometry, and DOX efflux assays demonstrated that 8C can facilitate the accumulation and diminish the efflux of intracellular DOX. Molecular docking analysis and western blot assays indicated that 8C accomplished this by competitively inhibiting the activity of P-gp rather than by affecting its expression. Compound 8C was also observed to reverse drug resistance effectively in xenograft models when combined with DOX. This study lays a foundation for the discovery of (+/-)-securinine ramifications as P-gp inhibitors and provides a promising lead compound 8C as a P-gp mediated MDR reversal agent.","Huang ZX, Hou W, Lin J, Meng Y, Wang ZY, Liu J, Chen WM, Xu XF",3,0.75,,13,CHEMBL4311985,TRUE,10.1016/j.ejmech.2019.111726,111726,TRUE,0,Eur J Med Chem,111726,1,4,,1/13/2020,31585275,1768-3254:2020-01-13:0031585275,Novel virosecurinine bivalent mimetics as potent reversal agents against P-glycoprotein-mediated multidrug resistance.,183,2020
0.75,1948-5875,Journal Article,"A series of brigatinib derivatives were designed and synthesized as new potent and selective EGFR<sup>T790M/C797S</sup> inhibitors. One of the most potent and selective compounds <b>18k</b> strongly suppressed the EGFR<sup>L858R/T790M/C797S</sup> and EGFR<sup>19Del/T790M/C797S</sup> kinases with IC<sub>50</sub> values of 0.7 and 3.6 nM, respectively, which were over 54-fold more potent than the lead compound. <b>18k</b> also demonstrated promising EGFR<sup>T790M/C797S</sup> mutant selectivity, and was 94-fold less potent against the wild type EGFR. A cocrystal structure of EGFR<sup>T790M/C797S</sup> with a close derivative <b>18f</b> was solved to provide insight on the inhibitor's binding mode. Moreover, compound <b>18k</b> was orally bioavailable and demonstrated highly desirable PK properties, making it a promising lead compound for further structural optimization.","Ding K, Ding J, Ren X, Tong L, Lai M, Xie H, Peng L, Zhang T, Li S, Zhu SJ, Pang Z, Lu X, Yun CH, Lei C",3,0.75,,19,CHEMBL5036369,TRUE,10.1021/acsmedchemlett.1c00555,196,TRUE,2,ACS Med Chem Lett,202,2,4,"100191, 200032, 511436, 201203, 266021",2/19/2022,35178175,1948-5875:2022-02-19:0035178175,Optimization of Brigatinib as New Wild-Type Sparing Inhibitors of EGFR<sup>T790M/C797S</sup> Mutants.,13,2022
0.75,1948-5875,Journal Article,"The BET bromodomain containing protein (BRD4) plays a key role in transcription regulation. Therefore, efforts to generate BRD4 inhibitors with excellent potency and DMPK properties are of clinical value. As a continuing work to improve the stability in in vitro metabolic experiments of liver microsomes of our previously reported 7-methylimidazo[1,5-<i>a</i>]pyrazin-8(7H)-one, our optimization of this poor pharmacokinetics focusing on the phenyl substituent is performed. Fortunately, compound <b>17</b> displayed subnanomolar potency (IC<sub>50</sub> = <b>30 nM</b>) against BRD4(1), and its liver microsome stability in human, rat, and mouse are more favorable than previously reported inhibitor <b>28</b>. Compound <b>17</b> exhibited antitumor efficacy with no significant toxicity in xenograft models of pancreatic cancer. In addition, fluorescent probe and nuclei-specific dye were utilized to verify apoptosis-inducing of compound <b>17</b> via intranuclear potency in BXPC-3 cell line.","Zhao L, Zhou J, Yang Y, Zhang H, Chen P, Zhang F",3,0.75,,21,CHEMBL4312044,TRUE,10.1021/acsmedchemlett.9b00474,1680,TRUE,12,ACS Med Chem Lett,1685,12,4,210009,12/21/2019,31857846,1948-5875:2019-12-21:0031857846,"Pharmacokinetics-Driven Optimization of 7-Methylimidazo[1,5-<i>a</i>]pyrazin-8(7H)-one as Novel BRD4 Inhibitors.",10,2019
0.75,1948-5875,Journal Article,"The nuclear receptor ROR?t is a key positive regulator in the differentiation and proliferation of T helper 17 (Th17) cells and the production of proinflammatory cytokines like IL-17a. Dysregulation of this pathway can result in the development of various autoimmune diseases, and inhibition of ROR?t with small molecules thus holds great potential as a therapeutic strategy. ROR?t has a unique allosteric ligand binding site in the ligand binding domain, which is distinct from the canonical, orthosteric binding site. Allosteric modulation of ROR?t shows high potential, but the targeted discovery of novel allosteric ligands is highly challenging via currently available methods. Here, we introduce covalent, orthosteric chemical probes for ROR?t that occlude the binding of canonical, orthosteric ligands but still allow allosteric ligand binding. Ultimately, these probes could be used to underpin screening approaches for the unambiguous and rapid identification of novel allosteric ROR?t ligands.","Meijer FA,van den Oetelaar MCM,Doveston RG,Sampers ENR,Brunsveld L",3,0.75,,16,CHEMBL4706717,TRUE,10.1021/acsmedchemlett.1c00029,631,TRUE,4,ACS Med Chem Lett,639,4,4,,4/16/2021,33854703,1948-5875:2021-04-16:0033854703,Covalent Occlusion of the ROR?t Ligand Binding Pocket Allows Unambiguous Targeting of an Allosteric Site.,12,2021
0.75,1948-5875,Journal Article,"Thiazolidinedione PPAR? agonists such as rosiglitazone and pioglitazone are effective antidiabetic drugs, but side effects have limited their use. It has been posited that their positive antidiabetic effects are mainly mediated by the inhibition of the CDK5-mediated Ser273 phosphorylation of PPAR?, whereas the side effects are linked to classical PPAR? agonism. Thus compounds that inhibit PPAR? Ser273 phosphorylation but lack classical PPAR? agonism have been sought as safer antidiabetic therapies. Herein we report the discovery by virtual screening of <b>10</b>, which is a potent PPAR? binder and in vitro inhibitor of the CDK5-mediated phosphorylation of PPAR? Ser273 and displays negligible PPAR? agonism in a reporter gene assay. The pharmacokinetic properties of <b>10</b> are compatible with oral dosing, enabling preclinical in vivo testing, and a 7 day treatment demonstrated an improvement in insulin sensitivity in the <i>ob/ob</i> diabetic mouse model.","Ek M, Rae R, Jianming L, Karlsson D, Bamberg K, Prokoph N, Bergstr?m F, Giordanetto F, Petersen J, Zarrouki B, Hogner A, Johansson C, O'Mahony G",3,0.75,,23,CHEMBL5046321,FALSE,10.1021/acsmedchemlett.1c00715,681,TRUE,4,ACS Med Chem Lett,686,4,4,43183,4/23/2022,35450368,1948-5875:2022-04-23:0035450368,Discovery by Virtual Screening of an Inhibitor of CDK5-Mediated PPAR? Phosphorylation.,13,2022
0.761905,1520-4804,Journal Article,"Although crizotinib demonstrates robust efficacy in anaplastic lymphoma kinase (ALK)-positive non-small-cell lung carcinoma patients, progression during treatment eventually develops. Resistant patient samples revealed a variety of point mutations in the kinase domain of ALK, including the L1196M gatekeeper mutation. In addition, some patients progress due to cancer metastasis in the brain. Using structure-based drug design, lipophilic efficiency, and physical-property-based optimization, highly potent macrocyclic ALK inhibitors were prepared with good absorption, distribution, metabolism, and excretion (ADME), low propensity for p-glycoprotein 1-mediated efflux, and good passive permeability. These structurally unusual macrocyclic inhibitors were potent against wild-type ALK and clinically reported ALK kinase domain mutations. Significant synthetic challenges were overcome, utilizing novel transformations to enable the use of these macrocycles in drug discovery paradigms. This work led to the discovery of 8k (PF-06463922), combining broad-spectrum potency, central nervous system ADME, and a high degree of kinase selectivity.","Stewart AE, Burke BJ, Deng YL, Zhu H, Hoffman RL, Liu W, Sach NW, Johnson TW, Smith GL, Deal JG, McTigue M, Dinh D, He M, Zhu J, Lam H, Brooun A, Le PT, Timofeevski S, Engstrom LD, Lingardo L, Palmer CL, Cui JJ, Collins MR, Huang Q, Smeal T, Zou HY, Edwards MP, Kania RS, Bailey S, Richardson PF, Kath JC, Hoffman J, Lam JL",64,0.761905,,20,CHEMBL3286195,TRUE,10.1021/jm500261q,4720,TRUE,11,J Med Chem,4744,8,84,92121,8/20/2014,24819116,1520-4804:2014-08-20:0024819116,"Discovery of (10R)-7-amino-12-fluoro-2,10,16-trimethyl-15-oxo-10,15,16,17-tetrahydro-2H-8,4-(metheno)pyrazolo[4,3-h][2,5,11]-benzoxadiazacyclotetradecine-3-carbonitrile (PF-06463922), a macrocyclic inhibitor of anaplastic lymphoma kinase (ALK) and c-ros oncogene 1 (ROS1) with preclinical brain exposure and broad-spectrum potency against ALK-resistant mutations.",57,2014
0.765625,1464-3405,Journal Article,"A novel series of N-aryl-N'-pyrimidin-4-yl ureas has been optimized to afford potent and selective inhibitors of the EGFR L858R/T790M. The most representative compound 28 showed high activity against EGFR L858R/T790M kinase (IC50?=?4?nM) and 22-fold selectivity against wild type EGFR. Moreover, compound 28 potently inhibited EGFR L858R/T790M phosphorylation (IC50?=?41?nM) and cellular proliferation (IC50?=?37?nM) in the H1975 cell line, while being significantly less toxic to A431 cells. Further, compound 28 exhibited a great selectivity in a mini-panel of kinases.","Cui Y, Zhou F, Zhang L, Cheng P, Lei J, Xie J, Jin Y, Ji H, Hu Y, Lv Q, Liu Y, Lan J, Liu W, Shen S, He X",49,0.765625,,9,CHEMBL4219138,FALSE,10.1016/j.bmcl.2017.12.009,1257,TRUE,7,Bioorg Med Chem Lett,1261,5,64,,5/9/2019,29534926,1464-3405:2019-05-09:0029534926,Discovery of N-aryl-N'-pyrimidin-4-yl ureas as irreversible L858R/T790M mutant selective epidermal growth factor receptor inhibitors.,28,2019
0.777778,1520-6025,"Journal Article|Research Support, Non-U.S. Gov't","Natural triterpenoids, such as oleanolic acid (OA) and hederagenin, display anti-lung cancer effects, and nitric oxide (NO) is associated with some oncogenic signaling pathways. Accordingly, 17 OA/hederagenin-NO donor hybrids were designed, synthesized, and evaluated against tumor cells. The most potent compound, 13, significantly inhibited the proliferation of five tumor cell lines (IC50 4.6-5.2 ?M), while hederagenin inhibited the growth of only A549 tumor cells (IC50 > 10 ?M). Furthermore, compound 13 showed stronger inhibitory effects on EGFR-LTC kinase activity (IC50 0.01 ?M) than hederagenin (IC50 > 20 ?M) and inhibited the proliferation of gefitinib-resistant H1975 (IC50 8.1 ?M) and osimertinib-resistant H1975-LTC (IC50 7.6 ?M) non-small-cell lung cancer (NSCLC) cells. Moreover, compound 13 produced the most NO in H1975 tumor cells, which indicated that NO may play a synergistic role. Collectively, compound 13, a novel hederagenin-NO donor hybrid with a different chemical structure from those of the current FDA-approved EGFR-targeted anti-NSCLC drugs, may be a promising lead compound for the treatment of NSCLC expressing gefitinib-resistant EGFR with a T790 M mutation or osimertinib-resistant EGFR-LTC with an L858R/T790M/C797S mutation. This work should shed light on the discovery of new anti-NSCLC drugs targeting EGFR from natural products.","Liu YL, Chen Z, Goto M, Tong XH, Ling Y, Huang KY, Yang PC, Morris-Natschke SL, Yang SL, Cheng YY, Lee KH, Duan HQ",7,0.777778,,10,CHEMBL4414650,FALSE,10.1021/acs.jnatprod.9b00659,3065,TRUE,11,J Nat Prod,3073,11,9,"215123, 11529, 27599-7369, 226001, 10617",11/10/2020,31718182,1520-6025:2020-11-10:0031718182,Discovery of an Oleanolic Acid/Hederagenin-Nitric Oxide Donor Hybrid as an EGFR Tyrosine Kinase Inhibitor for Non-Small-Cell Lung Cancer.,82,2020
0.78125,0022-2623,"Journal Article|Research Support, U.S. Gov't, P.H.S.","8-Amino-2,6-methano-3-benzazocine derivatives have been made using Pd-catalyzed amination procedures, and their affinities for opioid receptors were assessed. The 8-amino group was hypothesized to be a replacement for the prototypic 8-OH substituent for 2,6-methano-3-benzazocines and related opiates. This OH group is generally required for binding yet is implicated in unfavorable pharmacokinetic characteristics such as low oral bioavailability and rapid clearance via O-glucuronidation. The core structures in which the 8-OH group was replaced were cyclazocine and its enantiomers, ethylketocyclazocine and its enantiomers, ketocyclazocine, and Mr2034. Many new analogues had high affinity for opioid receptors with several in the subnanomolar range. Highest affinity was seen in analogues with secondary 8-(hetero)arylamino appendages. Binding to opioid receptors was enantioselective with the (2R,6R,11R)-configuration preferred and high selectivity for mu and kappa over delta opioid receptors was observed within the series. Several derivatives were shown to have intrinsic opioid-receptor-mediated activity in [(35)S]GTPgammaS assays.","Zhou Q, Lou R, Cioffi CL, Xu G, Sun X, Ye Y, Dehnhardt CM, Bidlack JM, Wentland MP, Duan W, Cohen DJ",25,0.78125,,31,CHEMBL1145777,TRUE,10.1021/jm020429w,838,TRUE,5,J Med Chem,849,3,32,14642,3/31/2003,12593663,0022-2623:2003-03-31:0012593663,"Syntheses and opioid receptor binding affinities of 8-amino-2,6-methano-3-benzazocines.",46,2003
0.785714,1520-4804,Journal Article,"We previously discovered an orally active human gonadotropin-releasing hormone (GnRH) receptor antagonist, thieno[2,3-d]pyrimidine-2,4-dione derivative 1 (sufugolix). To reduce the cytochrome P450 (CYP) inhibitory activity and improve in vivo GnRH antagonistic activity, further optimization of this scaffold was carried out. We focused our synthetic efforts on chemical modification at the 5 and 3 positions of the thieno[2,3-d]pyrimidine-2,4-dione ring based on computational modeling, which resulted in the discovery of 1-{4-[1-(2,6-difluorobenzyl)-5-[(dimethylamino)methyl]-3-(6-methoxypyridazin-3-yl)-2,4-dioxo-1,2,3,4-tetrahydrothieno[2,3-d]pyrimidin-6-yl]phenyl}-3-methoxyurea (16b) as a highly potent and orally active GnRH antagonist. Compound 16b showed potent in vitro GnRH antagonistic activity in the presence of fetal bovine serum (FBS) without CYP inhibition. Oral administration of 16b maintained the suppressive effect of the plasma luteinizing hormone levels in castrated cynomolgus monkeys at a 3 mg/kg dose for more than 24 h. Compound 16b is currently under clinical development with the code name of TAK-385.","Endo S, Miwa K, Kitazaki T, Nakata D, Hamamura K, Tanaka A, Hitaka T, Imada T, Kusaka M, Yoshimatsu M, Sasaki S, Furuya S",44,0.785714,,10,CHEMBL1799984,TRUE,10.1021/jm200216q,4998,TRUE,14,J Med Chem,5012,10,56,,10/10/2011,21657270,1520-4804:2011-10-10:0021657270,"Discovery of 1-{4-[1-(2,6-difluorobenzyl)-5-[(dimethylamino)methyl]-3-(6-methoxypyridazin-3-yl)-2,4-dioxo-1,2,3,4-tetrahydrothieno[2,3-d]pyrimidin-6-yl]phenyl}-3-methoxyurea (TAK-385) as a potent, orally active, non-peptide antagonist of the human gonadotropin-releasing hormone receptor.",54,2011
0.8,1464-3405,Journal Article,"In vitro metabolic identification studies with a PI3K-? inhibitor lead molecule 1 identified a single predominant site of oxidative metabolism to be occurring within a tert.butyl moiety. Modification of the tert.butyl group within the lead molecule 1, to the corresponding d9-tert.butyl analogue 2, led to an increase in both the in vitro and in vivo metabolic stability. This increase in metabolic stability resulted in a 2-fold increase in the oral bioavailability measured in the rat, and a 3-fold increase in potency in a chronic in vivo study in the mouse, for 2 when compared to 1.","Fritsch C, Aichholz R, Maira SM, Caravatti G, Blasco F, Schnell C, Seiler FH, Fairhurst RA, Blanz J, Guagnano V, Wipfli P",8,0.8,,2,CHEMBL3860046,TRUE,10.1016/j.bmcl.2016.08.041,4729,TRUE,19,Bioorg Med Chem Lett,4734,8,10,,8/2/2017,27575470,1464-3405:2017-08-02:0027575470,Increasing metabolic stability via the deuterium kinetic isotope effect: An example from a proline-amide-urea aminothiazole series of phosphatidylinositol-3 kinase alpha inhibitors.,26,2017
0.818182,1520-4804,"Journal Article|Research Support, Non-U.S. Gov't","Mutated or amplified Her2 serves as a driver of non-small cell lung cancer or mediates resistance toward the inhibition of its family member epidermal growth factor receptor with small-molecule inhibitors. To date, small-molecule inhibitors targeting Her2 which can be used in clinical routine are lacking, and therefore, the development of novel inhibitors was undertaken. In this study, the well-established pyrrolopyrimidine scaffold was modified with structural motifs identified from a screening campaign with more than 1600 compounds, which were applied against wild-type Her2 and its mutant variant Her2-A775_G776insYVMA. The resulting inhibitors were designed to covalently target a reactive cysteine in the binding site of Her2 and were further optimized by means of structure-based drug design utilizing a set of obtained complex crystal structures. In addition, the analysis of binding kinetics and absorption, distribution, metabolism, and excretion parameters as well as mass spectrometry experiments and western blot analysis substantiated our approach.","Lategahn J,Hardick J,Grabe T,Niggenaber J,Jeyakumar K,Keul M,Tumbrink HL,Becker C,Hodson L,Kirschner T,Kl?vekorn P,Ketzer J,Baumann M,Terheyden S,Unger A,Weisner J,M?ller MP,van Otterlo WAL,Bauer S,Rauh D",9,0.818182,,18,CHEMBL4665812,TRUE,10.1021/acs.jmedchem.0c00870,11725,TRUE,20,J Med Chem,11755,12,11,"45122, 44227",12/18/2020,32931277,1520-4804:2020-12-18:0032931277,Targeting Her2-insYVMA with Covalent Inhibitors-A Focused Compound Screening and Structure-Based Design Approach.,63,2020
0.823529,1520-4804,Journal Article,"Novel compounds combining a 5-HT 1A moiety (3-aminochroman scaffold) and a 5-HT transporter (indole analogues) linked through a common basic nitrogen via an alkyl chain attached at the 1- or 3-position of the indole were evaluated for dual affinity at both the 5-HT reuptake site and the 5-HT 1A receptor. Compounds of most interest were found to have a 5-carbamoyl-8-fluoro-3-amino-3,4-dihydro-2 H-1-benzopyran linked to a 3-alkylindole (straight chain), more specifically substituted with a 5-fluoro (( R)-(-)- 35c), 5-cyano ((-)- 52a), or 5,7-difluoro ((-)- 52g). Several factors contributed to 5-HT 1A affinity, serotonin rat transporter affinity, and functional antagonism in vitro. Although most of our analogues showed good to excellent affinities at both targets, specific features such as cyclobutyl substitution on the basic nitrogen and stereochemistry at the 3-position of the chroman moiety seemed necessary for antagonism at the 5-HT 1A receptor. Branched linkers seemed to impart antagonism even as racemates; however, the potency of these analogues in the functional assay was not desirable enough to further pursue these compounds.","Failli A, Hatzenbuhler NT, Mewshaw RE, Schechter LE, Zhou D, Hornby G, Sullivan KM, Andree TH, Baudy R, Evrard DA, Smith DL, Kagan M, Chlenov M, Harrison BL, Zhang M, Lenicek S, Shah U, Golembieski J, Lai M, Sze J, Saab A",28,0.823529,,28,CHEMBL1142498,TRUE,10.1021/jm8007097,6980,TRUE,21,J Med Chem,7004,11,34,19426,11/28/2008,18834188,1520-4804:2008-11-28:0018834188,Advances toward new antidepressants with dual serotonin transporter and 5-HT1A receptor affinity within a class of 3-aminochroman derivatives. Part 2.,51,2008
0.827586,1520-4804,"Journal Article|Research Support, N.I.H., Extramural|Research Support, Non-U.S. Gov't","Mutations of isocitrate dehydrogenase 1 (IDH1) are frequently found in certain cancers such as glioma. Different from the wild-type (WT) IDH1, the mutant enzymes catalyze the reduction of ?-ketoglutaric acid to d-2-hydroxyglutaric acid (D2HG), leading to cancer initiation. Several 1-hydroxypyridin-2-one compounds were identified to be inhibitors of IDH1(R132H). A total of 61 derivatives were synthesized, and their structure-activity relationships were investigated. Potent IDH1(R132H) inhibitors were identified with Ki values as low as 140 nM, while they possess weak or no activity against WT IDH1. Activities of selected compounds against IDH1(R132C) were found to be correlated with their inhibitory activities against IDH1(R132H), as well as cellular production of D2HG, with R(2) of 0.83 and 0.73, respectively. Several inhibitors were found to be permeable through the blood-brain barrier in a cell-based model assay and exhibit potent and selective activity (EC50 = 0.26-1.8 ?M) against glioma cells with the IDH1 R132H mutation.","Liu Z, Qiu JJ, Song Y, Dong S, Lv H, Kogiso M, Yao Y, Gallo JM, Zheng B, Deng L, Li XN",24,0.827586,,5,CHEMBL3351758,TRUE,10.1021/jm500660f,8307,TRUE,20,J Med Chem,8318,5,29,10029,5/5/2015,25271760,1520-4804:2015-05-05:0025271760,"Inhibition of cancer-associated mutant isocitrate dehydrogenases: synthesis, structure-activity relationship, and selective antitumor activity.",57,2015
0.833333,1464-3391,"Journal Article|Research Support, Non-U.S. Gov't","Exploration of the two-position side chain of pyrimidine in LDK378 with tetrahydroisoquinolines (THIQs) led to discovery of 8 and 17 as highly potent ALK inhibitors. THIQs 8 and 17 showed encouraging in vitro and in vivo xenograft efficacies, comparable with those of LDK378. Although THIQ analogs (8a-o and 17a-i) prepared were not as active as their parent compounds, both 8 and 17 have significant inhibitory activities against various ALK mutant enzymes including G1202R, indicating that this series of compounds could be further optimized as useful ALK inhibitors overcoming the resistance issues found from crizotinib and LDK378.","Achary R,Yun JI,Park CM,Mathi GR,Lee JY,Ha JD,Chae CH,Ahn S,Park CH,Lee CO,Hwang JY,Yun CS,Jung HJ,Cho SY,Kim HR,Kim P",5,0.833333,,22,CHEMBL4715694,TRUE,10.1016/j.bmc.2015.12.004,207,TRUE,2,Bioorg Med Chem,219,8,6,,8/22/2016,26712094,1464-3391:2016-08-22:0026712094,Discovery of novel tetrahydroisoquinoline-containing pyrimidines as ALK inhibitors.,24,2016
0.833333,1464-3391,"Journal Article|Research Support, Non-U.S. Gov't|Research Support, U.S. Gov't, Non-P.H.S.","It is becoming increasingly evident that improving the cure rate of many cancers will require treatment regimens hit more than one validated tumor targets. Developing an anti-cancer agent that targets two oncoproteins simultaneously is a promising strategy for accomplishing this goal. It would be expected to promote drug efficacy, reduce therapy-resistant without introducing additional toxic side effects. HIF-1? is a key regulator of the cellular response to hypoxia and is involved in tumor angiogenesis and cancer cell survival, glucose metabolism, and invasion. Stat3 has several oncogenic functions, including suppression of anti-tumor immune responses and promotion of inflammation. Recently, we have identified the perylene derivative, TEL03, as a dual inhibitor that targets both HIF-1? and Stat3. TEL03 blocks the expression of both HIF-1? and Stat3, regulated oncogenes (e.g., Bcl-2, VEGF, Glut1, and others) in cancer cells, and induces cancer cell apoptosis. The results demonstrated that: (i) TEL03 blocks Stat3 phosphorylation, and inhibits Stat3 transcriptional activity; and (ii) interferes the binding of HIF-1? to p300/CBP inducing its degradation by proteasomes under hypoxic conditions. Our in vivo tests showed that as a dual inhibitor, TEL03 dramatically inhibited tumor growth, and provided the evidence that targeting both HIF-1? and Stat3 simultaneously could be a promising strategy for breast and pancreatic cancer therapies.","Chen H, Guan Y, Zhang Q, Jing N, Yuan G",10,0.833333,,29,CHEMBL3124876,FALSE,10.1016/j.bmc.2013.10.018,1496,TRUE,4,Bioorg Med Chem,1505,9,12,,9/29/2014,24485121,1464-3391:2014-09-29:0024485121,A perylene derivative regulates HIF-1? and Stat3 signaling pathways.,22,2014
0.833333,1520-4804,"Journal Article|Research Support, Non-U.S. Gov't","Bruton's tyrosine kinase (BTK) is an attractive therapeutic target in the treatment of cancer, inflammation, and autoimmune diseases. Covalent and noncovalent BTK inhibitors have been developed, among which covalent BTK inhibitors have shown great clinical efficacy. However, some of them could produce adverse effects, such as diarrhea, rash, and platelet dysfunction, which are associated with the off-target inhibition of ITK and EGFR. In this study, we disclosed a series of pteridine-7(8<i>H</i>)-one derivatives as potent and selective covalent BTK inhibitors, which were optimized from <b>3z</b>, an EGFR inhibitor previously reported by our group. Among them, compound <b>24a</b> exhibited great BTK inhibition activity (IC<sub>50</sub> = 4.0 nM) and high selectivity in both enzymatic (ITK >250-fold, EGFR >2500-fold) and cellular levels (ITK >227-fold, EGFR 27-fold). In U-937 xenograft models, <b>24a</b> significantly inhibited tumor growth (TGI = 57.85%) at a 50 mg/kg dosage. Accordingly, <b>24a</b> is a new BTK inhibitor worthy of further development.","Li W, Su R, Zhao Z, Chen Z, Li H, Yu Z, Shen Z, Tong L, Diao Y, Xie H, Sha W, Dou D, Leng L, Song H, Zhu L, Xu Y, Xie L",5,0.833333,,18,CHEMBL5042540,TRUE,10.1021/acs.jmedchem.1c02208,2694,TRUE,3,J Med Chem,2709,2,6,"201203, 200237",2/18/2022,35099969,1520-4804:2022-02-18:0035099969,Discovery of Pteridine-7(8<i>H</i>)-one Derivatives as Potent and Selective Inhibitors of Bruton's Tyrosine Kinase (BTK).,65,2022
0.833333,1520-4804,"Journal Article|Research Support, Non-U.S. Gov't","The role played by stereochemistry in the C2-substituent (left part) on the S-DABO scaffold for anti-HIV-1 activity has been investigated for the first time. A series of S-DABO analogues, where the double bond in the C2-substituent is replaced by an enantiopure isosteric cyclopropyl moiety, has been synthesized, leading to the identification of a potent lead compound endowed with picomolar activity against RT (wt) and nanomolar activity against selected drug-resistant mutants. Molecular modeling calculation, enzymatic studies, and surface plasmon resonance experiments allowed us to rationalize the biological behavior of the synthesized compounds, which act as mixed-type inhibitors of HIV-1 RT K103N, with a preferential association to the enzyme-substrate complex. Taken together, our data show that the right combination of stereochemistry on the left and right parts (C6-substituent) of the S-DABO scaffold plays a key role in the inhibition of both wild-type and drug-resistant enzymes, especially the K103N mutant.","Est? JA, Ennifar E, Samuele A, Gonzalez E, Botta M, Armand-Ugon M, Alongi M, Tafi A, Baltzinger M, Giorgi G, Bellucci L, Angeli L, Bec G, Casaluce G, Maga G, Zanoli S, Dumas P, Radi M",20,0.833333,,2,CHEMBL1143382,TRUE,10.1021/jm801330n,840,TRUE,3,J Med Chem,851,3,24,E-08916,3/2/2009,19140683,1520-4804:2009-03-02:0019140683,Discovery of chiral cyclopropyl dihydro-alkylthio-benzyl-oxopyrimidine (S-DABO) derivatives as potent HIV-1 reverse transcriptase inhibitors with high activity against clinically relevant mutants.,52,2009
0.833333,1948-5875,Journal Article,"The voltage-gated sodium channel Na1.7 continues to be a high-profile target for the treatment of various pain afflictions due to its strong human genetic validation. While isoform selective molecules have been discovered and advanced into the clinic, to date, this target has yet to bear fruit in the form of marketed therapeutics for the treatment of pain. Lead optimization efforts over the past decade have focused on selectivity over Na1.5 due to its link to cardiac side effects as well as the translation of preclinical efficacy to man. Inhibition of Na1.6 was recently reported to yield potential respiratory side effects preclinically, and this finding necessitated a modified target selectivity profile. Herein, we report the continued optimization of a novel series of arylsulfonamide Na1.7 inhibitors to afford improved selectivity over Na1.6 while maintaining rodent oral bioavailability through the use of a novel multiparameter optimization (MPO) paradigm. We also report in vitro-in vivo correlations from Na1.7 electrophysiology protocols to preclinical models of efficacy to assist in projecting clinical doses. These efforts produced inhibitors such as compound 19 with potency against Na1.7, selectivity over Na1.5 and Na1.6, and efficacy in behavioral models of pain in rodents as well as inhibition of rhesus olfactory response indicative of target modulation.","Roecker AJ,Layton ME,Pero JE,Kelly MJ,Greshock TJ,Kraus RL,Li Y,Klein R,Clements M,Daley C,Jovanovska A,Ballard JE,Wang D,Zhao F,Brunskill APJ,Peng X,Wang X,Sun H,Houghton AK,Burgey CS",5,0.833333,,19,CHEMBL4706775,TRUE,10.1021/acsmedchemlett.1c00218,1038,TRUE,6,ACS Med Chem Lett,1049,6,6,"200131, 07065, 19486",6/19/2021,34141090,1948-5875:2021-06-19:0034141090,"Discovery of Arylsulfonamide Na1.7 Inhibitors: IVIVC, MPO Methods, and Optimization of Selectivity Profile.",12,2021
0.845528,1768-3254,Journal Article,"The present paper describes the development of a new series of P2Y12 receptor antagonists based on our previously reported piperazinyl urea series 1 (IC50 binding affinity = 0.33 ?M, aq solubility <0.1 ?M, microsomal CLint (HLM) ?300 ?M/min/mg). By replacement of the urea functionality with a sulfonylurea group we observed increased affinity along with improved stability and solubility as exemplified by 47 (IC50 binding affinity = 0.042 ?M, aq solubility = 90 ?M, microsomal CLint (HLM) = 70 ?M/min/mg). Further improvements in affinity and metabolic stability were achieved by replacing the central piperazine ring with a 3-aminoazetidine as exemplified by 3 (IC50 binding affinity = 0.0062 ?M, aq solubility = 83 ?M, microsomal CLint (HLM) = 28 ?M/min/mg). The improved affinity observed in the in vitro binding assay also translated to the potency observed in the WPA aggregation assay (47: 19 nM and 3: 9.5 nM) and the observed in vitro ADME properties translates to the in vivo PK properties observed in rat. In addition, we found that the chemical stability of the sulfonylureas during prolonged storage in solution was related to the sulfonyl urea linker and depended on the type of solvent and the substitution pattern of the sulfonyl urea functionality.","Harvey DM, van Giezen JJ, Bach P, O'Sullivan M, Bostr?m J, Groneberg RD, Brickmann K, Zetterberg F",104,0.845528,,19,CHEMBL2401653,TRUE,10.1016/j.ejmech.2013.04.007,360,TRUE,0,Eur J Med Chem,375,2,123,,2/19/2014,23747805,1768-3254:2014-02-19:0023747805,"Synthesis, structure-property relationships and pharmacokinetic evaluation of ethyl 6-aminonicotinate sulfonylureas as antagonists of the P2Y?? receptor.",65,2014
0.85,0960-894X,Comparative Study|Journal Article,"A novel series of isoindoledione based compounds were identified as potent antagonists of the androgen receptor (AR). SAR around this series revealed dramatic differences in binding and function in mutant variants (MT) of the AR as compared to the wild type (WT) receptor. Optimization of the aniline portion revealed substitution patterns, which yielded potent antagonist activity against the WT AR as well as the MT AR found in the LNCaP and PCa2b human prostate tumor cell lines.","Pickering D, Hunt JT, Gottardis MM, Weinmann R, Balog A, Attar RM, Salvati ME, Martinez R, Wei DD, Geng J, Rizzo CA",68,0.85,,28,CHEMBL1144249,FALSE,10.1016/j.bmcl.2004.10.051,389,TRUE,2,Bioorg Med Chem Lett,393,6,80,,6/28/2005,15603960,0960-894X:2005-06-28:0015603960,"Identification of a novel class of androgen receptor antagonists based on the bicyclic-1H-isoindole-1,3(2H)-dione nucleus.",15,2005
0.875,1464-3391,"Journal Article|Research Support, N.I.H., Extramural|Research Support, U.S. Gov't, Non-P.H.S.","Screening of a library of diverse heterocyclic scaffolds identified substituted quinolines as inhibitors of the human proteasome. The heterocyclic library was prepared via a novel titanium-catalyzed multicomponent coupling reaction, which rendered a diverse set of isoxazoles, pyrimidines, pyrroles, pyrazoles and quinolines. SAR of the parent lead compound indicated that hydrophobic residues on the benzo-moiety significantly improved potency. Lead compound 25 inhibits the chymotryptic-like proteolytic activity of the proteasome (IC50 5.4?M), representing a new class of nonpeptidic, noncovalent proteasome inhibitors.","Odom AL, Tepe JJ, Dissanayake AA, McDaniel TJ, Azevedo LM, Claes J, Lansdell TA",7,0.875,,13,CHEMBL3804753,FALSE,10.1016/j.bmc.2016.04.005,2441,TRUE,11,Bioorg Med Chem,2450,6,8,,6/13/2017,27112450,1464-3391:2017-06-13:0027112450,Substituted quinolines as noncovalent proteasome inhibitors.,24,2017
0.875,1520-4804,"Journal Article|Research Support, Non-U.S. Gov't","The present account describes the discovery and development of a new benzo[ c]pyrrolo[2,3- h][1,6]naphthyridin-5-one (BPN) JAK inhibitory chemotype that has produced selective JAK inhibitors. Sequential palladium chemistry was optimized for the rapid access to a focused library of derivatives to explore the structure-activity relationships of the new scaffold. Several compounds from the series displayed potencies in the low nanomolar range against the four members of the JAK family with various selectivity profiles. Compound 20a, with an azetidine amide side chain, showed the best selectivity for JAK1 kinase vs JAK2, JAK3, and TYK2, with low nanomolar potency (IC50 = 3.4 nM). On the other hand, BPNs 17b and 18 had good general activity against the JAK family with excellent kinome selectivity profiles. Many of the new BPNs inhibited JAK3-mediated STAT-5 phosphorylation, the production of inflammatory cytokines, and the proliferation of primary T cells. Moreover, BPN 17b showed very similar in vivo results to tofacitinib in a rheumatoid arthritis animal model.","Cushman M, Elsayed MSA, Low PS, Pommier Y, Liu Q, Agama K, Nielsen JJ, Kim CH, Park S, Park J",14,0.875,,30,CHEMBL4257589,TRUE,10.1021/acs.jmedchem.8b00510,10440,TRUE,23,J Med Chem,10462,9,16,"47907, 20892",9/30/2019,30460842,1520-4804:2019-09-30:0030460842,"Application of Sequential Palladium Catalysis for the Discovery of Janus Kinase Inhibitors in the Benzo[ c]pyrrolo[2,3- h][1,6]naphthyridin-5-one (BPN) Series.",61,2019
0.888889,1520-4804,Journal Article,"Studies have linked the serine-threonine kinase MAP4K4 to the regulation of a number of biological processes and/or diseases, including diabetes, cancer, inflammation, and angiogenesis. With a majority of the members of our lead series (e.g., 1) suffering from time-dependent inhibition (TDI) of CYP3A4, we sought design avenues that would eliminate this risk. One such approach arose from the observation that carboxylic acid-based intermediates employed in our discovery efforts retained high MAP4K4 inhibitory potency and were devoid of the TDI risk. The medicinal chemistry effort that led to the discovery of this central nervous system-impaired inhibitor together with its preclinical safety profile is described.","Dow RL,Ammirati M,Bagley SW,Bhattacharya SK,Buckbinder L,Cortes C,El-Kattan AF,Ford K,Freeman GB,Guimar?es CRW,Liu S,Niosi M,Skoura A,Tess D",8,0.888889,,17,CHEMBL4680107,TRUE,10.1021/acs.jmedchem.8b00152,3114,TRUE,7,J Med Chem,3125,4,9,"06340, 02139",4/17/2019,29570292,1520-4804:2019-04-17:0029570292,2-Aminopyridine-Based Mitogen-Activated Protein Kinase Kinase Kinase Kinase 4 (MAP4K4) Inhibitors: Assessment of Mechanism-Based Safety.,61,2019
0.888889,1520-4804,"Journal Article|Research Support, Non-U.S. Gov't","Bromodomain-containing protein 4 (BRD4) is an attractive epigenetic target in human cancers. Inhibiting the phosphorylation of BRD4 by casein kinase 2 (CK2) is a potential strategy to overcome drug resistance in cancer therapy. The present study describes the synthesis of multiple BRD4-CK2 dual inhibitors based on rational drug design, structure-activity relationship, and <i>in vitro</i> and <i>in vivo</i> evaluations, and <b>44e</b> was identified to possess potent and balanced activities against BRD4 (IC<sub>50</sub> = 180 nM) and CK2 (IC<sub>50</sub> = 230 nM). <i>In vitro</i> experiments show that <b>44e</b> could inhibit the proliferation and induce apoptosis and autophagy-associated cell death of MDA-MB-231 and MDA-MB-468 cells. In two <i>in vivo</i> xenograft mouse models, <b>44e</b> displays potent anticancer activity without obvious toxicities. Taken together, we successfully synthesized the first highly effective BRD4-CK2 dual inhibitor, which is expected to be an attractive therapeutic strategy for triple-negative breast cancer (TNBC).","Ye T, He G, Yang C, Zou L, Chen J, Wang G, Chiang CM, Liu J, Zhang J, Tang P, Ouyang L, Liu B",8,0.888889,,21,CHEMBL5053557,TRUE,10.1021/acs.jmedchem.1c01382,18025,TRUE,24,J Med Chem,18053,1,9,"610041, 75390",1/21/2022,34908415,1520-4804:2022-01-21:0034908415,Discovery of Novel Dual-Target Inhibitor of Bromodomain-Containing Protein 4/Casein Kinase 2 Inducing Apoptosis and Autophagy-Associated Cell Death for Triple-Negative Breast Cancer Therapy.,64,2022
0.918919,0022-2623,Journal Article,"Starting with our previously described(20) class of CC chemokine receptor-3 (CCR3) antagonist, we improved the potency by replacing the phenyl linker of 1 with a cyclohexyl linker and by replacing the 4-benzylpiperidine with a 3-benzylpiperidine. The resulting compound, 32, is a potent and selective antagonist of CCR3. SAR studies showed that the 3-acetylphenyl urea of 32 could be replaced with heterocyclic ureas or heterocyclic-substituted phenyl ureas and still maintain the potency (inhibition of eotaxin-induced chemotaxis) of this class of compounds in the low-picomolar range (IC(50) = 10-60 pM), representing some of the most potent CCR3 antagonists reported to date. The potency of 32 for mouse CCR3 (chemotaxis IC(50) = 41 nM) and its oral bioavailability in mice (20% F ) were adequate to assess the efficacy in animal models of allergic airway inflammation. Oral administration of 32 reduced eosinophil recruitment into the lungs in a dose-dependent manner in these animal models. On the basis of its overall potency, selectivity, efficacy, and safety profile, the benzenesulfonate salt of 32, designated DPC168, entered phase I clinical trials.","Welch PK, Yeleswaram S, Liauw A, Stowell NC, Newton RC, Zheng C, Graden DM, Wang Z, Kim UT, Gardner DS, Solomon KA, Ko SS, Santella JB, Davies P, Covington M, Duncia JV, De Lucca GV, Wacker DA, Wadman EA, Das AM, Trainor GL, Decicco CP, Emmett G, Vargo BJ",34,0.918919,,3,CHEMBL1143552,FALSE,10.1021/jm049530m,2194,TRUE,6,J Med Chem,2211,5,37,08543-4000,5/3/2005,15771462,0022-2623:2005-05-03:0015771462,Discovery of CC chemokine receptor-3 (CCR3) antagonists with picomolar potency.,48,2005
0.945946,1464-3405,Journal Article,"Inhibition of mPGES-1, the terminal enzyme in the arachidonic acid/COX pathway to regulate the production of pro-inflammatory prostaglandin PGE2, is considered an attractive new therapeutic target for safe and effective anti-inflammatory drugs. The discovery of a novel series of orally active, selective benzoxazole piperidinecarboxamides as mPGES-1 inhibitors is described. Structure-activity optimization of lead 5 with cyclohexyl carbinols resulted in compound 12, which showed excellent in vitro potency and selectivity against COX-2, and reasonable pharmacokinetic properties. Further SAR studies of the benzoxazole ring substituents lead to a novel series of highly potent compounds with improved PK profile, including 23, 26, and 29, which were effective in a carrageenan-stimulated guinea pig air pouch model of inflammation. Based on its excellent in vitro and in vivo pharmacological, pharmacokinetic and safety profile and ease of synthesis, compound 26 (PF-4693627) was advanced to clinical studies.","Springer JR, Moore WM, Metz S, Baratta MT, Fobian YM, Masferrer JL, Heasley SE, Hayes MJ, Jerome GM, Zweifel B, Jones DE, Walker DP, Arhancet GB, Shaffer AF, Vazquez ML, Carter JS",35,0.945946,,31,CHEMBL2390914,FALSE,10.1016/j.bmcl.2012.11.109,1114,TRUE,4,Bioorg Med Chem Lett,1119,10,37,,10/31/2013,23260349,1464-3405:2013-10-31:0023260349,"Discovery and SAR of PF-4693627, a potent, selective and orally bioavailable mPGES-1 inhibitor for the potential treatment of inflammation.",23,2013
0.95,1768-3254,Journal Article,"In the current work, we applied computational methods to analyze the membrane-associated inhibitory kinase PKMYT1 and small molecule inhibitors. PKMYT1 regulates the cell cycle at G2/M transition and phosphorylates Thr14 and Tyr15 in the Cdk1-cyclin B complex. A combination of in silico and in vitro screening was applied to identify novel PKMYT1 inhibitors. The computational approach combined structural analysis, molecular docking, binding free energy calculations, and quantitative structure-activity relationship (QSAR) models. In addition, a computational fragment growing approach was applied to a set of previously identified diaminopyrimidines. Based on the derived computational models, several derivatives were synthesized and tested in vitro on PKMYT1. Novel inhibitors active in the sub-micromolar range were identified which provide the basis for further characterization of PKMYT1 as putative target for cancer therapy.","Najjar A, Elghazawy NH, Luft A, Erdmann F, Sippl W, Platzer C, Schmidt M, A?mann CA",57,0.95,,18,CHEMBL4325875,TRUE,10.1016/j.ejmech.2018.10.050,479,TRUE,0,Eur J Med Chem,492,12,60,,12/18/2018,30388464,1768-3254:2018-12-18:0030388464,"Computer-aided design, synthesis and biological characterization of novel inhibitors for PKMYT1.",161,2018
,1948-5875,Journal Article,"Homeobox transcription factor A9 (HoxA9) is overexpressed in 70% of patients diagnosed with acute myeloid leukemia (AML), whereas only a small subset of AML patients respond to current differentiation therapies. A cell line overexpressing HoxA9 was derived from the bone marrow of a lysozyme-GFP mouse. In this fashion, GFP served as an endogenous reporter of differentiation, permitting a high-throughput phenotypic screen against the MLPCN library. Two chemical scaffolds were optimized for activity yielding compound ML390, and genetic resistance and sequencing efforts identified dihydroorotate dehydrogenase (DHODH) as the target enzyme. The DHODH inhibitor brequinar works against these leukemic cells as well. The X-ray crystal structure of ML390 bound to DHODH elucidates ML390s binding interactions.","Schreiber SL, Nonato MC, Scadden DT, Sykes DB, Lewis TA, Rustiguel JK, Law JM, Mu?oz B",,0,,21,CHEMBL3864183,TRUE,10.1021/acsmedchemlett.6b00316,1112,TRUE,12,ACS Med Chem Lett,1117,12,,"14040-903, 02142, 02114",12/21/2016,27994748,1948-5875:2016-12-21:0027994748,Development of ML390: A Human DHODH Inhibitor That Induces Differentiation in Acute Myeloid Leukemia.,7,2016
,1948-5875,Journal Article,"IRAK4 is an attractive therapeutic target for the treatment of inflammatory conditions. Structure guided optimization of a nicotinamide series of inhibitors has been expanded to explore the IRAK4 front pocket. This has resulted in the identification of compounds such as <b>12</b> with improved potency and selectivity. Additionally <b>12</b> demonstrated activity in a pharmacokinetics/pharmacodynamics (PK/PD) model. Further optimization efforts led to the identification of the highly kinome selective <b>21</b>, which demonstrated a robust PD effect and efficacy in a TLR7 driven model of murine psoriasis.","Barrish JC, Li X, Fereshteh MP, Hynes J, Kantheti D, Carman JA, Kumar SR, Carter PH, Bhide RS, Rampulla RA, Saxena A, Yan C, Mazumder D, Ruepp S, Nagar J, Ruan Q, Elzinga P, Kiefer SE, Pitts WJ, Mariappan TT, Bose S, Saravanakumar SP, Paidi VR, Holloway DA, Dudhgoankar S, Maddi S, Thangavel S, Palanisamy K, Sistla R, Xie D, Chimalakonda A, Ghosh K, Sack J, Murugesan N, Newitt JA, Nair S, Polimera SR, Mukherjee AJ, Das M, Subramani S",,0,,18,CHEMBL4622963,TRUE,10.1021/acsmedchemlett.0c00082,1402,TRUE,7,ACS Med Chem Lett,1409,7,,"08543, 560099",7/18/2020,32676146,1948-5875:2020-07-18:0032676146,Optimization of Nicotinamides as Potent and Selective IRAK4 Inhibitors with Efficacy in a Murine Model of Psoriasis.,11,2020
,1948-5875,Journal Article,"Improving the gastrointestinal safety profile of nonsteroidal anti-inflammatory drugs (NSAIDs) is an important goal. Herein, we report two strategies, using the nonacidic propyphenazone structure, with potential to overcome the side effects of NSAIDs. Propyphenazone was employed to temporarily mask the free acid group of the widely used NSAIDs ibuprofen, diclofenac, and ketoprofen to develop three mutual prodrugs hypothesized to have minimal GI irritation. The three prodrugs exhibit in vivo anti-inflammatory and analgesic activities with improved potency over each parent drug when compared to a nonhydrolyzable control betahistine-propyphenazone (BET-MP). Additionally, ANT-MP formed by the irreversible coupling of propyphenazone and 4-aminoantipyrine, displayed exceptional COXII selectivity (COXII IC50 of 0.97 ± 0.04 ?M, compared to no observed inhibition of COXI at 160 ?M). Inhibition of COXII suppresses inflammatory diseases without affecting COXI-mediated GI tract events. ANT-MP exhibited maximal analgesic effect when tested in vivo in an abdominal writhing assay (100% protection) and its anti-inflammatory activity showed a peak at 2 h in a carrageenan-induced paw edema model. Its unique selectivity toward the COXII enzyme was investigated using molecular modeling techniques.","Kaoud TS, Dalby KN, Radwan MF",,0,,15,CHEMBL3351375,FALSE,10.1021/ml500156v,983,TRUE,9,ACS Med Chem Lett,988,9,,"61519, 78712",9/15/2014,25221653,1948-5875:2014-09-15:0025221653,Propyphenazone-based analogues as prodrugs and selective cyclooxygenase-2 inhibitors.,5,2014
,1948-5875,Journal Article,"Inhibition of hypoxia inducible factor prolyl hydroxylase (PHD) represents a promising strategy for the discovery of a next generation treatment for renal anemia. We identified several 5,6-fused ring systems as novel scaffolds of the PHD inhibitor on the basis of pharmacophore analysis. In particular, triazolopyridine derivatives showed potent PHD2 inhibitory activities. Examination of the predominance of the triazolopyridines in potency by electrostatic calculations suggested favorable ?-? stacking interactions with Tyr310. Lead optimization to improve the efficacy of erythropoietin release in cells and in vivo by improving cell permeability led to the discovery of JTZ-951 (compound 14), with a 5-phenethyl substituent on the triazolopyridine group, which increased hemoglobin levels with daily oral dosing in rats. Compound 14 was rapidly absorbed after oral administration and disappeared shortly thereafter, which could be advantageous in terms of safety. Compound 14 was selected as a clinical candidate.","Matsui T, Terashita M, Fukui K, Deai K, Motoda D, Ueyama K, Abe H, Ito T, Yoshiuchi H, Yokota M, Ito S, Ogoshi Y, Mitani I, Hase Y, Hotta T",,0,,21,CHEMBL4138259,FALSE,10.1021/acsmedchemlett.7b00404,1320,TRUE,12,ACS Med Chem Lett,1325,12,,,12/21/2017,29259755,1948-5875:2017-12-21:0029259755,Discovery of JTZ-951: A HIF Prolyl Hydroxylase Inhibitor for the Treatment of Renal Anemia.,8,2017
,1948-5875,Journal Article,Myeloperoxidase (MPO) generates reactive oxygen species that potentially contribute to many chronic inflammatory diseases. A recently reported triazolopyrimidine MPO inhibitor was optimized to improve acid stability and remove methyl guanine methyl transferase (MGMT) activity. Multiple synthetic routes were explored that allowed rapid optimization of a key benzyl ether side chain. Crystal structures of inhibitors bound to the MPO active site demonstrated alternate binding modes and guided rational design of MPO inhibitors. Thioether <b>36</b> showed significant inhibition of MPO activity in an acute mouse inflammation model after oral dosing.,"Shaw SA, Lo F, Locke GA, Dilger A, Liu X, Kick EK, Khan JA, Valente MN, Narayanan R, Kopcho L, Zhao L, Duclos F, Fernando G, Abell LM, Basso M, Wexler RR, Viet A, Jusuf S, Wurtz NR, Sleph P",,0,,8,CHEMBL4325921,TRUE,10.1021/acsmedchemlett.8b00308,1175,TRUE,12,ACS Med Chem Lett,1180,1,,8534,1/8/2019,30613322,1948-5875:2019-01-08:0030613322,Potent Triazolopyridine Myeloperoxidase Inhibitors.,9,2019
,1948-5875,Journal Article,"N,N-Diphenylamines were discovered as potent and selective EPAC2 inhibitors. A study was conducted to determine the structure-activity relationships in a series of inhibitors of which several compounds displayed submicromolar potencies. Selectivity over the related EPAC1 protein was also demonstrated. Computational modeling reveals an allosteric site that is distinct from the cAMP binding domain shared by both EPAC isoforms, providing a theory with regards to subtype selectivity.","Chen H, Cheng X, Ynalvez MA, Wild CT, Zhou J, Mei F, Zhu Y, Na Y",,0,,18,CHEMBL3808331,TRUE,10.1021/acsmedchemlett.5b00477,460,TRUE,5,ACS Med Chem Lett,464,5,,"77555, 77030",5/18/2016,27190593,1948-5875:2016-05-18:0027190593,"Functionalized N,N-Diphenylamines as Potent and Selective EPAC2 Inhibitors.",7,2016
,1948-5875,Journal Article,"New spiroindolinone antagonists of CRTH2 are described. Following identification of insufficient stability in human plasma as an important liability of the lead compounds, replacement of the spirosuccinimide core with a spirohydantoin or spiropyrrolidinone structure has yielded a compound that is fully stable in human plasma and with good potency in a human whole blood assay (IC50 = 69 nM) but shows a much lower oral bioavailability (6-9% in rodents) than the earlier compounds. Successive optimization aimed at restoring an acceptable oral bioavailability has yielded compound (S)-17a, which exhibits both stability in human plasma and a good oral bioavailability in rat (37%) and mouse (39%). This compound is also active in a mouse model of ovalbumin-induced lung inflammation following oral dosing at 30 mg/kg.","Humbert Y, Arrighi JF, Jorand-Lebrun C, Crosignani S, Colovray V, Page P, Missotten M, Cleva C, Gaudet M, Chollet A, Johnson Z, Ferro P, Campbell G",,0,,5,CHEMBL2040789,TRUE,10.1021/ml2001196,644,TRUE,8,ACS Med Chem Lett,649,6,,,6/5/2014,24900359,1948-5875:2014-06-05:0024900359,Optimization of the Central Core of Indolinone-Acetic Acid-Based CRTH2 (DP2) Receptor Antagonists.,2,2014
,1948-5875,Journal Article,"On the basis of synergism observed between a selective c-Src kinase inhibitor with an HDAC inhibitor, the development of the first chimeric c-Src kinase and HDAC inhibitor is described. The optimized chimeric inhibitor is shown to be a potent c-Src and HDAC inhibitor. Chimeric inhibitor 4 is further shown to be highly efficacious in cancer cell lines and significantly more efficacious than a dual-targeting strategy using discrete c-Src and HDAC inhibitors.","Ko KS, Steffey ME, Soellner MB, Brandvold KR",,0,,10,CHEMBL2406958,TRUE,10.1021/ml400175d,779,TRUE,8,ACS Med Chem Lett,783,9,,48109,9/10/2013,24015327,1948-5875:2013-09-10:0024015327,Development of a chimeric c-Src kinase and HDAC inhibitor.,4,2013
,1948-5875,Journal Article,"One effective means to achieve inhibitor specificity for RAF kinases, an important family of cancer drug targets, has been to target the monomeric inactive state conformation of the kinase domain, which, unlike most other kinases, can accommodate sulfonamide-containing drugs such as vemurafenib and dabrafenib because of the presence of a unique pocket specific to inactive RAF kinases. We previously reported an alternate strategy whereby rigidification of a nonselective pyrazolo[3,4-<i>d</i>]pyrimidine-based inhibitor through ring closure afforded moderate but appreciable increases in selectivity for RAF kinases. Here, we show that a further application of the rigidification strategy to a different pyrazolopyrimidine-based scaffold dramatically improved selectivity for RAF kinases. Crystal structure analysis confirmed our inhibitor design hypothesis revealing that <b>2l</b> engages an active-like state conformation of BRAF normally associated with poorly discriminating inhibitors. When screened against a panel of distinct cancer cell lines, the optimized inhibitor <b>2l</b> primarily inhibited the proliferation of the expected BRAF<sup>V600E</sup>-harboring cell lines consistent with its kinome selectivity profile. These results suggest that rigidification could be a general and powerful strategy for enhancing inhibitor selectivity against protein kinases, which may open up therapeutic opportunities not afforded by other approaches.","Maisonneuve P, Yu C, Kurinov I, Assadieskandar A, Sicheri F, Zhang C",,0,,18,CHEMBL4364309,TRUE,10.1021/acsmedchemlett.9b00194,1074,TRUE,7,ACS Med Chem Lett,1080,7,,"60439, 90089",7/18/2019,31312411,1948-5875:2019-07-18:0031312411,Rigidification Dramatically Improves Inhibitor Selectivity for RAF Kinases.,10,2019
,1948-5875,Journal Article,"Potent covalent inhibitors of Bruton's tyrosine kinase (BTK) based on an aminopyrazole carboxamide scaffold have been identified. Compared to acrylamide-based covalent reactive groups leading to irreversible protein adducts, cyanamide-based reversible-covalent inhibitors provided the highest combined BTK potency and EGFR selectivity. The cyanamide covalent mechanism with BTK was confirmed through enzyme kinetic, NMR, MS, and X-ray crystallographic studies. The lead cyanamide-based inhibitors demonstrated excellent kinome selectivity and rat pharmacokinetic properties.","Grapperhaus ML, Miyashiro JS, Zapf CW, Benoit SE, Selness SR, Han S, Juba BM, O'Connell TN, Thanabal V, Wood NL, Hotchandani R, Buchler IP, Caspers N, Mohan S, Wittwer AJ, Ohren JF, Liu E, Withka JM, McCarthy E, Trujillo JI, Schmidt M, Walker DP, Hughes RO, Schnute ME, Douhan J, Springer JR, Parikh MD, Messing D, Wan ZK, Xing L, Kim KH, Huang N",,0,,19,CHEMBL4382291,TRUE,10.1021/acsmedchemlett.8b00461,80,TRUE,1,ACS Med Chem Lett,85,1,,6340,1/19/2019,30655951,1948-5875:2019-01-19:0030655951,Aminopyrazole Carboxamide Bruton's Tyrosine Kinase Inhibitors. Irreversible to Reversible Covalent Reactive Group Tuning.,10,2019
,1948-5875,Journal Article,"Prostaglandin D2 (PGD2) plays a key role in mediating allergic reactions seen in asthma, allergic rhinitis, and atopic dermatitis. PGD2 exerts its activity through two G protein-coupled receptors (GPCRs), prostanoid D receptor (DP or DP1), and chemoattractant receptor-homologous molecule expressed on Th2 cells (CRTH2 or DP2). We report the optimization of a series of phenylacetic acid derivatives in an effort to improve the dual activity of AMG 009 against DP and CRTH2. These efforts led to the discovery of AMG 853 (2-(4-(4-(tert-butylcarbamoyl)-2-(2-chloro-4-cyclopropylphenyl sulfonamido)phenoxy)-5-chloro-2-fluorophenyl)acetic acid), which is being evaluated in human clinical trials for asthma.","Collins TL, Liu J, Seitz L, Medina JC, Sullivan TJ, Gonzalez Lopez De Turiso F, Wang Y, Fu Z, Li AR, Schmitt M, Grillo M, Sun Y, Su Y, Shen W, Xu Q, Wait J, Brown M, Lawlis S, Van Lengerich B, Lai S, Wang X, Ye Q, Tang HL, Lively S, Johnson MG, Danao J",,0,,5,CHEMBL1949635,TRUE,10.1021/ml1002234,326,TRUE,5,ACS Med Chem Lett,330,6,,94080,6/5/2014,24900313,1948-5875:2014-06-05:0024900313,"Discovery of AMG 853, a CRTH2 and DP Dual Antagonist.",2,2014
,1948-5875,Journal Article,"RIP2 kinase was recently identified as a therapeutic target for a variety of autoimmune diseases. We have reported previously a selective 4-aminoquinoline-based RIP2 inhibitor GSK583 and demonstrated its effectiveness in blocking downstream NOD2 signaling in cellular models, rodent in vivo models, and human ex vivo disease models. While this tool compound was valuable in validating the biological pathway, it suffered from activity at the hERG ion channel and a poor PK/PD profile thereby limiting progression of this analog. Herein, we detail our efforts to improve both this off-target liability as well as the PK/PD profile of this series of inhibitors through modulation of lipophilicity and strengthening hinge binding ability. These efforts have led to inhibitor 7, which possesses high binding affinity for the ATP pocket of RIP2 (IC50 = 1 nM) and inhibition of downstream cytokine production in human whole blood (IC50 = 10 nM) with reduced hERG activity (14 ?M).","Lakdawala AS, Charnley AK, Casillas LN, Marquis RW, Totoritis RD, LePage C, Romano JJ, Haile PA, Sun HH, Desai BM, Bertin J, Chaudhary KW, Hughes TV, Nagilla R, Rivera EJ, Gough PJ, DeMartino MP, Reilly MA, Donovan BT, Bury MJ, Dong X, Capriotti CA, Plotnikov NV, Swift B, Mahajan MK, Mehlmann JF, Singhaus R, Wang GZ, Votta BJ, Berger SB, Lipshutz DB, Convery MA, Brown BS, Ouellette MT",,0,,23,CHEMBL4266012,TRUE,10.1021/acsmedchemlett.8b00344,1039,TRUE,10,ACS Med Chem Lett,1044,10,,"'SG1', ''), '', ('', 19426, 'SG1 2NY'",10/23/2018,30344914,1948-5875:2018-10-23:0030344914,Identification of Quinoline-Based RIP2 Kinase Inhibitors with an Improved Therapeutic Index to the hERG Ion Channel.,9,2018
,1948-5875,Journal Article,"ROMK, the renal outer medullary potassium channel, is involved in potassium recycling at the thick ascending loop of Henle and potassium secretion at the cortical collecting duct in the kidney nephron. Because of this dual site of action, selective inhibitors of ROMK are expected to represent a new class of diuretics/natriuretics with superior efficacy and reduced urinary loss of potassium compared to standard-of-care loop and thiazide diuretics. Following our earlier work, this communication will detail subsequent medicinal chemistry endeavors to further improve lead selectivity against the hERG channel and preclinical pharmacokinetic properties. Pharmacological assessment of highlighted inhibitors will be described, including pharmacodynamic studies in both an acute rat diuresis/natriuresis model and a subchronic blood pressure model in spontaneous hypertensive rats. These proof-of-biology studies established for the first time that the human and rodent genetics accurately predict the in vivo pharmacology of ROMK inhibitors and supported identification of the first small molecule ROMK inhibitor clinical candidate, MK-7145.","Parmee E, Shahripour A, Felix JP, Alonso-Galicia M, Hernandez M, Walsh SP, Corona A, Brochu RM, Zhou X, Yang L, Garcia ML, Hampton C, Bailey T, Metzger J, Tang H, Zhu Y, Priest BT, Teumelsan N, Thomas-Fowlkes B, Kaczorowski GJ, Pasternak A, Roy S, Pai LY, Tong V, Forrest M, Swensen AM, Owens K",,0,,20,CHEMBL4425169,TRUE,10.1021/acsmedchemlett.6b00122,697,TRUE,7,ACS Med Chem Lett,701,7,,7033,7/20/2016,27437080,1948-5875:2016-07-20:0027437080,"Discovery of MK-7145, an Oral Small Molecule ROMK Inhibitor for the Treatment of Hypertension and Heart Failure.",7,2016
,1948-5875,Journal Article,"Recent years have seen an unprecedented level of innovation in allosteric drug discovery and development, with multiple drug candidates advancing into clinical studies. From early examples of allosteric drugs like GABA receptor modulators (benzodiazepines) in the 1960s to more recent GPCR negative allosteric modulators of CCR5 (maraviroc) approved in 2007, the opportunities for interrogating allosteric sites in drug discovery have expanded to other target classes such as protein-protein interactions, kinases, and nuclear hormone receptors. In this Innovation Letter, the authors highlight the latest advances of allosteric drug discovery from different target classes and novel emerging chemical modalities beyond small molecules.","Han B,Salituro FG,Blanco MJ",,0,,17,CHEMBL4725423,FALSE,10.1021/acsmedchemlett.9b00655,1810,FALSE,10,ACS Med Chem Lett,1819,10,,2142,10/17/2020,33062158,1948-5875:2020-10-17:0033062158,Impact of Allosteric Modulation in Drug Discovery: Innovation in Emerging Chemical Modalities.,11,2020
,1948-5875,Journal Article,"Structure guided optimization of a series of nonpeptidic alkyl amine renin inhibitors allowed the rational incorporation of additional polar functionality. Replacement of the cyclohexylmethyl group occupying the S1 pocket with a (R)-(tetrahydropyran-3-yl)methyl group and utilization of a different attachment point led to the identification of clinical candidate 9. This compound demonstrated excellent selectivity over related and unrelated off-targets, >15% oral bioavailability in three species, oral efficacy in a double transgenic rat model of hypertension, and good exposure in humans.","Johnson JA, Yuan J, Xu Z, Singh SB, Bukhtiyarov Y, Zhao W, Tice CM, Ishchenko A, Dillard LW, Cacatian S, Jia L, McGeehan GM, Baldwin JJ, McKeever BM, Claremon DA, Simpson RD, Doe CP, Wu Z, Harrison RK, Guo J",,0,,5,CHEMBL2021852,TRUE,10.1021/ml200137x,747,TRUE,10,ACS Med Chem Lett,751,6,,"19406, 19034",6/5/2014,24900262,1948-5875:2014-06-05:0024900262,"Discovery of VTP-27999, an Alkyl Amine Renin Inhibitor with Potential for Clinical Utility.",2,2014
,1948-5875,Journal Article,"The A<sub>3</sub> adenosine receptor (A<sub>3</sub>AR) is a target for pain, ischemia, and inflammatory disease therapy. Among the ligand tools available are selective agonists and antagonists, including radioligands, but most high-affinity non-nucleoside antagonists are limited in selectivity to primate species. We have explored the structure-activity relationship of a previously reported A<sub>3</sub>AR antagonist DPTN <b>9</b> (<i>N</i>-[4-(3,5-dimethylphenyl)-5-(4-pyridyl)-1,3-thiazol-2-yl]nicotinamide) for radiolabeling, including 3-halo derivatives (3-iodo, MRS7907), and characterized <b>9</b> as a high -affinity radioligand [<sup>3</sup>H]MRS7799. A<sub>3</sub>AR <i>K</i> <sub>d</sub> values were (nM): 0.55 (human), 3.74 (mouse), and 2.80 (rat). An extended methyl acrylate (MRS8074, <b>19</b>) maintained higher affinity (18.9 nM) than a 3-((5-chlorothiophen-2-yl)ethynyl) derivative <b>20</b>. Compound <b>9</b> had an excellent brain distribution in rats (brain/plasma ratio ?1). Receptor docking predicted its orthosteric site binding by engaging residues that were previously found to be essential for AR binding. Thus the new radioligand promises to be a useful species-general antagonist tracer for receptor characterization and drug discovery.","Gao ZG, Jacobson KA, Poe RB, Chen E, Liston TE, Campbell RG, Suresh RR, Salmaso V",,0,,23,CHEMBL5038675,TRUE,10.1021/acsmedchemlett.1c00685,623,TRUE,4,ACS Med Chem Lett,631,4,,"02142, 20892",4/23/2022,35450351,1948-5875:2022-04-23:0035450351,Selective A<sub>3</sub> Adenosine Receptor Antagonist Radioligand for Human and Rodent Species.,13,2022
,1948-5875,Journal Article,"The BRPF (Bromodomain and PHD Finger-containing) protein family are important scaffolding proteins for assembly of MYST histone acetyltransferase complexes. A selective benzimidazolone BRPF1 inhibitor showing micromolar activity in a cellular target engagement assay was recently described. Herein, we report the optimization of this series leading to the identification of a superior BRPF1 inhibitor suitable for in vivo studies.","Hooper-Greenhill E, Hobbs CI, Gordon LJ, Prinjha RK, Jones EJ, Michon AM, Sheppard RJ, Demont EH, Bamborough P, Fallon DJ, Law RP, Bird MJ, Le Gall A, Watson AJ, Becher I, Craggs PD, Diallo H, Grandi P, Watson RJ, Barnett HA, Chung CW, Lugo D, Mitchell DJ",,0,,21,CHEMBL3826893,TRUE,10.1021/acsmedchemlett.6b00092,552,TRUE,6,ACS Med Chem Lett,557,6,,"'G1', ''), '', 'G1 1XL', ('', 69117",6/21/2016,27326325,1948-5875:2016-06-21:0027326325,"GSK6853, a Chemical Probe for Inhibition of the BRPF1 Bromodomain.",7,2016
,1948-5875,Journal Article,"The aspartic proteinase renin is an attractive target for the treatment of hypertension and cardiovascular/renal disease such as chronic kidney disease and heart failure. We introduced an S1' site binder into the lead compound 1 guided by structure-based drug design (SBDD), and further optimization of physicochemical properties led to the discovery of benzimidazole derivative 10 (1-(4-methoxybutyl)-N-(2-methylpropyl)-N-[(3S,5R)-5-(morpholin-4-yl)carbonylpiperidin-3-yl]-1H-benzimidazole-2-carboxamide hydrochloride, TAK-272) as a highly potent and orally active renin inhibitor. Compound 10 demonstrated good oral bioavailability (BA) and long-lasting efficacy in rats. Compound 10 is currently in clinical trials.","Fukase Y, Kanagawa R, Tokuhara H, Behnke CA, Kajimoto Y, Snell G, Kuroita T, Imaeda Y, Kondo M, Kusumoto K",,0,,25,CHEMBL3856290,TRUE,10.1021/acsmedchemlett.6b00251,933,TRUE,10,ACS Med Chem Lett,938,10,,92121,10/25/2016,27774132,1948-5875:2016-10-25:0027774132,"Discovery of TAK-272: A Novel, Potent, and Orally Active Renin Inhibitor.",7,2016
,1948-5875,Journal Article,"The further optimization of a recently disclosed series of inverse agonists of the nuclear receptor RORC2 is described. Investigations into the left-hand side of compound <b>1</b>, guided by X-ray crystal structures, led to the substitution of the 4-aryl-thiophenyl residue with the hexafluoro-2-phenyl-propan-2-ol moiety. This change resulted in to compound <b>28</b>, which combined improved drug-like properties with good cell potency and a significantly lower dose, using an early dose to man prediction. Target engagement <i>in vivo</i> was demonstrated in the thymus of mice by a reduction in the number of double positive T cells after oral dosing.","Jirholt J, Xiong Y, Lepist? M, Hansson TG, Olsson RI, Br?nnstr?m M, Llinas A, Aagaard A, Hansson EL, Malmberg J, Chen R, Lundqvist A, Collins M, Lindskog M, Xue Y, McPheat J, Halvarsson T, Krutr?k N, Ramneg?rd M, Narjes F, von Berg S",,0,,22,CHEMBL4304769,TRUE,10.1021/acsmedchemlett.9b00158,972,TRUE,6,ACS Med Chem Lett,977,6,,100176,6/22/2019,31223457,1948-5875:2019-06-22:0031223457,Discovery of Potent and Orally Bioavailable Inverse Agonists of the Retinoic Acid Receptor-Related Orphan Receptor C2.,10,2019
,1948-5875,Journal Article,"The imidazolyl-tetrahydro-?-carboline class of sstr3 antagonists have demonstrated efficacy in a murine model of glucose excursion and may have potential as a treatment for type 2 diabetes. The first candidate in this class caused unacceptable QTc interval prolongation in oral, telemetrized cardiovascular (CV) dogs. Herein, we describe our efforts to identify an acceptable candidate without CV effects. These efforts resulted in the identification of (1R,3R)-3-(4-(5-fluoropyridin-2-yl)-1H-imidazol-2-yl)-1-(1-ethyl-pyrazol-4-yl)-1-(3-methyl-1,3,4-oxadiazol-3H-2-one-5-yl)-2,3,4,9-tetrahydro-1H-?-carboline (17e, MK-1421).","Fernandez G, Jian T, Yu Y, Sherer E, Li C, Chicchi GG, Shah SK, Liu J, Kerr J, Trujillo ME, Ye Z, He S, Reddy VB, Eiermann GJ, Feng Y, Mitelman S, Wong F, Bunting P, Howard AD, Tsao KL, Zhou YP, Hagmann WK, Morissette P, Shao Q, Nelson D, Du W, Nargund RP, Feng Z, Guo L, Wu M, Madiera M, Karanam BV, Trusca D, Dobbelaar P, Samuel K, Hong Q, Qi H, Tong SX, Pasternak A, Zhang BB, Volksdorf S, Pachanski M, Truong Q, Lai Z",,0,,25,CHEMBL3580651,TRUE,10.1021/ml500514w,513,TRUE,5,ACS Med Chem Lett,517,5,,19486,5/25/2015,26005524,1948-5875:2015-05-25:0026005524,"Discovery of MK-1421, a Potent, Selective sstr3 Antagonist, as a Development Candidate for Type 2 Diabetes.",6,2015
,1948-5875,Journal Article,"The objective of the described research effort was to identify a novel serotonin and norepinephrine reuptake inhibitor (SNRI) with improved norepinephrine transporter activity and acceptable metabolic stability and exhibiting minimal drug-drug interaction. We describe herein the discovery of a series of 3-substituted pyrrolidines, exemplified by compound 1. Compound 1 is a selective SNRI in vitro and in vivo, has favorable ADME properties, and retains inhibitory activity in the formalin model of pain behavior. Compound 1 thus represents a potential new probe to explore utility of SNRIs in central nervous system disorders, including chronic pain conditions.","Masquelin T, de la Puente ML, Perun TJ, Iyengar S, Fynboe K, Filla SA, Heinz BA, L?pez P, Mendiola J, Stephenson GA, Rinc?n JA, Shah J, Phebus LA, Thompson LK, Joshi E, de Frutos O, Pfeifer LA, Thomas CE, Martin LJ, Morrow D, Ding C, Zarrinmayeh H, Richards SJ, Gernert DL, Muhlhauser M, Dreyfus N, Love PL, Johnson MP, Seest EP, McCoy MJ, Myers JK, Pascual G, Shaojuan J, Simmons RM, Hemrick-Luecke SK, Tromiczak EG, Johansson AM, Walter MW, Weber WW, Badescu VO, Johnson KW",,0,,5,CHEMBL2384999,TRUE,10.1021/ml400049p,560,TRUE,6,ACS Med Chem Lett,564,6,,"46285, ''), 'GU20 6PH', '', 46140, ('', 28108, 'GU20'",6/5/2014,24900709,1948-5875:2014-06-05:0024900709,"Discovery of a potent, dual serotonin and norepinephrine reuptake inhibitor.",4,2014
,1948-5875,Journal Article,"We describe the hybridization of our previously reported acyclic and cyclic CC chemokine receptor 2 (CCR2) antagonists to lead to a new series of dual antagonists of CCR2 and CCR5. Installation of a ?-lactam as the spacer group and a quinazoline as a benzamide mimetic improved oral bioavailability markedly. These efforts led to the identification of 13d, a potent and orally bioavailable dual antagonist suitable for use in both murine and monkey models of inflammation.","Barrish JC, Tebben AJ, Carter PH, Batt DG, Zhao Q, Chen J, Pang J, Xu S, Ko SS, Santella JB, Cvijic ME, Rose AV, Duncia JV, Clark CM, Traeger SC, Mo R, Brown GD, Mandlekar S, Nelson DJ, Cherney RJ",,0,,20,CHEMBL3576800,TRUE,10.1021/ml500505q,439,TRUE,4,ACS Med Chem Lett,444,4,,8543,4/20/2015,25893046,1948-5875:2015-04-20:0025893046,Discovery of a Potent and Orally Bioavailable Dual Antagonist of CC Chemokine Receptors 2 and 5.,6,2015
,1948-5875,Journal Article,"We report on a novel series of aryl sulfonamides that act as nanomolar potent, isoform-selective inhibitors of the human sodium channel hNaV1.7. The optimization of these inhibitors is described. We aimed to improve potency against hNaV1.7 while minimizing off-target safety concerns and generated compound 3. This agent displayed significant analgesic effects in rodent models of acute and inflammatory pain and demonstrated that binding to the voltage sensor domain 4 site of NaV1.7 leads to an analgesic effect in vivo. Our findings corroborate the importance of hNaV1.7 as a drug target for the treatment of pain.","Grimwood ME, Chahal N, Liu S, Sojo LE, Safina BS, Lin S, Chang JH, Bankar G, Cohen CJ, Kwan R, Chowdhury S, Bogucki D, Waldbrook M, Pang J, Dehnhardt CM, Robinette CL, Hemeon I, Focken T, Dauphinais M, Sutherlin DP, Johnson JP, Oballa RM, Shuart N, Bichler P, Young C, Mansour TS",,0,,17,CHEMBL3804797,TRUE,10.1021/acsmedchemlett.5b00447,277,TRUE,3,ACS Med Chem Lett,282,3,,94080,3/17/2016,26985315,1948-5875:2016-03-17:0026985315,Discovery of Aryl Sulfonamides as Isoform-Selective Inhibitors of NaV1.7 with Efficacy in Rodent Pain Models.,7,2016
,1948-5875,Journal Article,"We report the design, synthesis, and evaluation of potent and selective inhibitors of aldo-keto reductase 1C3 (AKR1C3), an important enzyme in the regulatory pathway controlling proliferation, differentiation, and apoptosis in myeloid cells. Combination treatment with the nontoxic AKR1C3 inhibitors and etoposide or daunorubicin in acute myeloid leukemia cell lines, elicits a potent adjuvant effect, potentiating the cytotoxicity of etoposide by up to 6.25-fold and the cytotoxicity of daunorubicin by >10-fold. The results validate AKR1C3 inhibition as a common adjuvant target across multiple AML subtypes. These compounds in coadministration with chemotherapeutics in clinical use enhance therapeutic index and may avail chemotherapy as a treatment option to the pediatric and geriatric population currently unable to tolerate the side effects of cancer drug regimens.","Penning TM, Verma K, Gupta N, Zang T, Trippier PC",,0,,26,CHEMBL4428081,TRUE,10.1021/acsmedchemlett.6b00163,774,TRUE,8,ACS Med Chem Lett,779,8,,"19104-6160, 79106",8/26/2016,27563402,1948-5875:2016-08-26:0027563402,Selective AKR1C3 Inhibitors Potentiate Chemotherapeutic Activity in Multiple Acute Myeloid Leukemia (AML) Cell Lines.,7,2016
,2040-2503,Journal Article,"A series of N-substituted lobelane analogues was synthesized and evaluated for their [(3)H]dihydrotetrabenazine binding affinity at the vesicular monoamine transporter and for their inhibition of vesicular [(3)H]dopamine uptake. Compound 19a, which contains an N-1,2(R)-dihydroxypropyl group, had been identified as a potential clinical candidate for the treatment of methamphetamine abuse.","Horton DB, Nickell JR, Culver JP, Penthala NR, Dwoskin LP, Deaciuc AG, Crooks PA, Zheng G",,0,,26,CHEMBL3132792,TRUE,10.1039/c3md20374c,564,TRUE,3,Medchemcomm,568,3,,,3/26/2013,23527317,2040-2503:2013-03-26:0023527317,Exploring the effect of N-substitution in nor-lobelane on the interaction with VMAT2: discovery of a potential clinical candidate for treatment of methamphetamine abuse.,4,2013
,2040-2503,Journal Article,"A set of ninety-eight B-Raf<sup>V600E</sup> inhibitors was used for the development of a molecular docking based QSAR model using linear and non-linear regression models. The integration of docking scores and key interaction profiles significantly improved the accuracy of the QSAR models, providing reasonable statistical parameters (<i>R</i><sub>train</sub><sup>2</sup> = 0.935, <i>R</i><sub>test</sub><sup>2</sup> = 0.728 and <i>Q</i><sub>CV</sub><sup>2</sup> = 0.905). The established MD-SVR (molecular docking based SMV regression) model as well as model screening of a natural product database was carried out and two natural products (quercetin and myricetin) with good prediction activities were biologically evaluated. Both compounds exhibited promising B-Raf<sup>V600E</sup> inhibitory activities (ICQuercetin50 = 7.59 ?M and ICMyricetin50 = 1.56 ?M), suggesting a high reliability and good applicability of the established MD-SVR model in the future development of B-Raf<sup>V600E</sup> inhibitors with high efficacy.","Hu CQ, Li K, Hu YZ, Dong XW, Yao TT, Ying HZ",,0,,16,CHEMBL4261543,TRUE,10.1039/C7MD00229G,1835,TRUE,9,Medchemcomm,1844,8,,,8/16/2018,30108894,2040-2503:2018-08-16:0030108894,Integrating docking scores and key interaction profiles to improve the accuracy of molecular docking: towards novel B-Raf<sup>V600E</sup> inhibitors.,8,2018
,2040-2503,Journal Article,"The altered metabolism observed in cancer cells generally consists in increased glucose uptake and glycolytic activity. This is associated with an overexpression of glucose transporter proteins (GLUTs), which facilitate glucose uptake across the plasma membrane and play a crucial role in the survival of cancer cells. Therefore GLUTs are considered as suitable targets for the treatment of cancer. Herein we review some of the most relevant GLUT inhibitors that have been recently developed as prospective anticancer agents.","Granchi C, Minutolo F, Fortunato S",,0,,4,CHEMBL3992488,FALSE,10.1039/C6MD00287K,1716,FALSE,9,Medchemcomm,1729,1,,,1/4/2017,28042452,2040-2503:2017-01-04:0028042452,Anticancer agents interacting with membrane glucose transporters.,7,2017
,2040-2503,Journal Article,"Tumor cells reprogram their cellular metabolism by switching from oxidative phosphorylation to aerobic glycolysis to support aberrant cell proliferation. Suppressing tumor cell metabolism has become an attractive strategy for treating cancer patients. In this study, we identified a 2,3-didithiocarbamate-substituted naphthoquinone <b>3i</b> that inhibited the proliferation of tumor cells by disturbing their metabolism. Compound <b>3i</b> reduced cancer cell viability with IC<sub>50</sub> values from 50 nM to 150 nM against HCT116, MCF7, MDA-MB231, HeLa, H1299 and B16 cells. Further, compound <b>3i</b> was found to suppress ATP production in cultured cancer cells, inhibit the M2 isoform of pyruvate kinase (PKM2) which is a rate-limiting enzyme in the glycolytic pathway and block the subsequent transcription of the downstream genes GLUT1, LDH and CCND1. In addition, exposure to compound <b>3i</b> significantly suppressed tumor growth in a B16 melanoma transplantation mouse model and a spontaneous breast carcinoma mouse model <i>in vivo</i>. The identification of compound <b>3i</b> as a tumor metabolic suppressor not only offers a candidate compound for cancer therapy, but also provides a tool for an in-depth study of tumor metabolism.","Qi H, Ning X, Liu J, Jin Y, Li Y, Yin Y, Li R",,0,,16,CHEMBL4257502,TRUE,10.1039/C8MD00062J,632,TRUE,4,Medchemcomm,638,8,,,8/16/2018,30108954,2040-2503:2018-08-16:0030108954,"Anti-cancer effect of a novel 2,3-didithiocarbamate-substituted naphthoquinone as a tumor metabolic suppressor <i>in vitro</i> and <i>in vivo</i>.",9,2018
,2040-2503,Journal Article|Review,"Ecto-nucleotide pyrophosphatase/phosphodiesterase 1 (NPP1, EC 3.1.4.1) is a metalloenzyme that belongs to the NPP family, which comprises seven subtypes (NPP1-7). NPP1 hydrolyzes a wide range of phosphodiester bonds, <i>e.g.</i> in nucleoside triphosphates, (cyclic) dinucleotides, and nucleotide sugars yielding nucleoside 5'-monophosphates as products. Its main substrate is ATP which is cleaved to AMP and diphosphate. The enzyme is involved in various biological processes including bone mineralization, soft-tissue calcification, insulin receptor signalling, cancer cell proliferation and immune modulation. Therefore, NPP1 inhibitors have potential as novel drugs, <i>e.g.</i> for (immuno)oncology. In the last two decades several inhibitors of NPP1 derived from nucleotide- or non-nucleotide scaffolds have been developed. The most potent and selective NPP1-inhibitory substrate analog is adenosine 5'-?,?-methylene-?-thiotriphosphate (<i>K</i><sub>i</sub> = 20 nM <i>vs. p</i>-Nph-5'-TMP, human membrane-bound NPP1). Non-nucleotide-derived NPP1 inhibitors comprise polysulfonates, polysaccharides, polyoxometalates and small heterocyclic compounds. The polyoxometalate [TiW<sub>11</sub>CoO<sub>40</sub>]<sup>8-</sup> (PSB-POM141) is the most potent and selective NPP1 inhibitor described to date (<i>K</i><sub>i</sub> = 1.46 nM <i>vs.</i> ATP, human soluble NPP1); it displays an allosteric mechanism of inhibition and represents a useful pharmacological tool for evaluating the potential of NPP1 as a novel drug target.","M?ller CE, Lee SY",,0,,9,CHEMBL4261497,TRUE,10.1039/C7MD00015D,823,FALSE,5,Medchemcomm,840,2,,,2/9/2017,30108800,2040-2503:2017-02-09:0030108800,Nucleotide pyrophosphatase/phosphodiesterase 1 (NPP1) and its inhibitors.,8,2017
,2040-2503,Journal Article|Review,"In the last five years, the development of inhibitors of bromodomains has emerged as an area of intensive worldwide research. Emerging evidence has implicated a number of non-BET bromodomains in the onset and progression of diseases such as cancer, HIV infection and inflammation. The development and use of small molecule chemical probes has been fundamental to pre-clinical evaluation of bromodomains as targets. Recent efforts are described highlighting the development of potent, selective and cell active non-BET bromodomain inhibitors and their therapeutic potential. Over half of typical bromodomains now have reported ligands, but those with atypical binding site residues remain resistant to chemical probe discovery efforts.","Dixon DJ, Clark PGK, Hay DA, Moustakim M, Brennan PE",,0,,25,CHEMBL4190171,TRUE,10.1039/C6MD00373G,2246,FALSE,12,Medchemcomm,2264,11,,,11/25/2017,29170712,2040-2503:2017-11-25:0029170712,Chemical probes and inhibitors of bromodomains outside the BET family.,7,2017
,2040-2503,Journal Article|Review,"In the last five years, the development of inhibitors of bromodomains has emerged as an area of intensive worldwide research. Emerging evidence has implicated a number of non-BET bromodomains in the onset and progression of diseases such as cancer, HIV infection and inflammation. The development and use of small molecule chemical probes has been fundamental to pre-clinical evaluation of bromodomains as targets. Recent efforts are described highlighting the development of potent, selective and cell active non-BET bromodomain inhibitors and their therapeutic potential. Over half of typical bromodomains now have reported ligands, but those with atypical binding site residues remain resistant to chemical probe discovery efforts.","Dixon DJ, Clark PGK, Hay DA, Moustakim M, Brennan PE",,0,,25,CHEMBL4649986,TRUE,10.1039/c6md00373g,2246,FALSE,12,Medchemcomm,2264,11,,,11/25/2017,29170712,2040-2503:2017-11-25:0029170712,Chemical probes and inhibitors of bromodomains outside the BET family.,0,2017
,2040-2503,Journal Article|Review,"Most drugs used to treat pain and inflammation act through inhibition of the enzymes prostaglandin G/H synthase, commonly known as cyclooxygenase (COX). Among these, the simultaneous inhibition of cyclooxygenase 1 (COX-1) would explain the unwanted side effects in the gastrointestinal tract and many adverse cardiovascular effects, such as high blood pressure, myocardial infarction and thrombosis. These side effects led in time to the development of NSAIDs that behave as selective COX-2 inhibitors. This manuscript highlights the structure-activity relationships which characterize the chemical scaffolds endowed with selective COX-2 inhibition. Additionally, the role of COX-2 inhibitors in the pain phenomenon and cancer is discussed.","Aiello F, Carullo G, Galligano F",,0,,12,CHEMBL4138061,TRUE,10.1039/C6MD00569A,492,FALSE,3,Medchemcomm,500,12,,,12/12/2016,30108767,2040-2503:2016-12-12:0030108767,Structure-activity relationships for the synthesis of selective cyclooxygenase 2 inhibitors: an overview (2009-2016).,8,2016
,2040-2511,Journal Article,"The involvement of NMDA receptors containing the GluN2B subunit in neurodegenerative disorders including Alzheimer's and Parkinson's disease renders this NMDA receptor subtype an interesting pharmacological target. The aim of this study was the bioisosteric replacement of benzene, methoxybenzene and aniline moieties of known potent GluN2B selective NMDA receptor antagonists by a thiophene ring. In a nine-step synthesis starting from commercially available propionic acid <b>9</b> the thiophene derivative <b>7a</b> was obtained as a bioisostere of the potent GluN2B ligands <i>cis</i>-<b>3</b> and <i>trans</i>-<b>3</b>. [7]Annuleno[<i>b</i>]thiophene <b>8a</b> without a benzylic OH moiety was prepared in a six-step synthesis starting from carboxylic acid <b>18</b>. <b>8a</b> represents a bioisostere of potent GluN2B ligands <b>4</b> and <b>5</b>. [7]Annulenothiophene <b>8a</b> without a benzylic OH moiety reveals approx. 8-fold higher GluN2B affinity (<i>K</i> <sub>i</sub> = 26 nM) than the analogous thiophene derivative <b>7a</b> with a benzylic OH moiety (<i>K</i> <sub>i</sub> = 204 nM). Both thiophene bioisosteres show a slight preference for GluN2B receptors over both ? receptors. The data indicate that the bioisosteric replacement of benzene or substituted benzene rings by a thiophene ring is well tolerated by the NMDA receptor. Furthermore, the benzylic OH moiety seems not to be essential for high GluN2B affinity.","W?nsch B, Schepmann D, Baumeister S",,0,,19,CHEMBL4480375,TRUE,10.1039/C8MD00545A,315,TRUE,2,Medchemcomm,325,3,,,3/19/2019,30881618,2040-2511:2019-03-19:0030881618,Synthesis and receptor binding of thiophene bioisosteres of potent GluN2B ligands with a benzo[7]annulene-scaffold.,10,2019
,2040-2511,Journal Article|Review,"Bromodomain-containing protein 4 (Brd4) plays an important role in mediating the expression of genes involved in cancers and non-cancer diseases such as inflammatory diseases and acute heart failure. Inactivating Brd4 or downregulating its expression inhibits cancer development, leading to the current interest in Brd4 as a promising anticancer drug target. Numerous Brd4 inhibitors have been studied in recent years and some of them are currently in various phases of clinical trials. Recently, selective degradation of target proteins by small bifunctional molecules (PROTACs) has emerged as an attractive drug discovery approach owing to the advantages it could offer over traditional small-molecule inhibitors. A number of Brd4 degraders have been reported and showed more efficient anticancer activities than just protein inhibition. In this review, we will discuss recent findings in the discovery and development of small-molecule inhibitors and degraders that target Brd4 as a potential anticancer agent.","Guan Y, Liu H, Zhai X, Duan Y, Yu B, Qin W",,0,,14,CHEMBL4368853,TRUE,10.1039/C8MD00198G,1779,FALSE,11,Medchemcomm,1802,12,,,12/14/2018,30542529,2040-2511:2018-12-14:0030542529,Targeting Brd4 for cancer therapy: inhibitors and degraders.,9,2018
,2040-2511,Journal Article|Review,"Indoleamine 2,3-dioxygenase 1 (IDO1), an important immunoregulatory enzyme ubiquitously expressed in various tissues and cells, plays a key role in tryptophan metabolism via the kynurenine pathway and has emerged as an attractive therapeutic target for the treatment of cancer and other diseases, such as Alzheimer's disease and arthritis. IDO1 has diverse biological roles in immune suppression and tumor progression by tryptophan catabolism. In addition, IDO1-mediated immune tolerance assists tumor cells in escaping the immune surveillance. Recently, extensive and enormous investigations have been made in the discovery of IDO1 inhibitors in both academia and pharmaceutical companies. In this review, IDO1 inhibitors are grouped as tryptophan derivatives, inhibitors with an imidazole, 1,2,3-triazole or tetrazole scaffold, inhibitors with quinone or iminoquinone, N-hydroxyamidines and other derivatives, and their enzymatic inhibitory activity, selectivity and other biological activities are also introduced and summarized.","Wu XX, Sun SY, Tang W, Dong QQ, Xing YQ, Wang XX",,0,,15,CHEMBL4354789,TRUE,10.1039/C9MD00208A,1740,FALSE,10,Medchemcomm,1754,2,,,2/15/2020,32055299,2040-2511:2020-02-15:0032055299,"Recent advances in the discovery of indoleamine 2,3-dioxygenase 1 (IDO1) inhibitors.",10,2020
,2040-2511,Journal Article|Review,"The 2-oxoglutarate (2OG) dependent hypoxia inducible factor (HIF) prolyl hydroxylases (PHDs) are targets for treatment of anaemia and other ischaemia related diseases. PHD inhibitors are in clinical trials; however, the number of reported templates for PHD inhibition is limited. We report structure-activity relationship and crystallographic studies on spiro[4.5]decanone containing PHD inhibitors. Together with other studies, our results reveal spiro[4.5]decanones as useful templates for generation of potent and selective 2OG oxygenase inhibitors.","Figg W, Rahman MZ, Chowdhury R, Lippl K, Holt-Martyn JP, Schofield CJ, Tumber A, McDonough MA",,0,,7,CHEMBL4480376,FALSE,10.1039/C8MD00548F,500,FALSE,4,Medchemcomm,504,5,,,5/7/2019,31057728,2040-2511:2019-05-07:0031057728,Studies on spiro[4.5]decanone prolyl hydroxylase domain inhibitors.,10,2019
,2040-2511,Journal Article|Review,"Tyrosinase plays an essential role in melanogenesis. Excess production of melanin can be a reason for hyperpigmentation skin disorders in mammals and enzymatic browning in plant-derived foods. Catalyzing the rate-limiting step of melanin synthesis, tyrosinase has become the most studied target for melanogenesis inhibition. Over the past ten years, a number of synthetic thiosemicarbazone derivatives have been reported to possess strong tyrosinase inhibitory properties with IC<sub>50</sub> values below 1 ?M, placing them among the most potent tyrosinase inhibitors. This review gives an overview of tyrosinase activity and describes tyrosinase-inhibiting thiosemicarbazones in terms of their structure-activity relationships, kinetics of enzyme inhibition and mechanism of action. Results of the studies of thiosemicarbazones as tyrosinase inhibitors from over 20 research articles have been analyzed, compared and summarized in the present paper. Using thiosemicarbazones as tyrosinase inhibitors is a promising approach in developing anti-melanogenetic agents for skin-whitening cosmetics and anti-browning agents for food.","Ha?dys K, Latajka R",,0,,25,CHEMBL4368896,FALSE,10.1039/C9MD00005D,378,FALSE,3,Medchemcomm,389,4,,,4/25/2019,31015905,2040-2511:2019-04-25:0031015905,Thiosemicarbazones with tyrosinase inhibitory activity.,10,2019
,2632-8682,Journal Article,"A series of fluorescent dibenzodiazepinone-type muscarinic acetylcholine M2 receptor (M2R) ligands was synthesized using various fluorescent dyes (5-TAMRA, lambdaex/lambdaem ~ 547/576 nm; BODIPY 630/650, lambdaex/lambdaem ~ 625/640 nm; pyridinium dye Py-1, lambdaex/lambdaem ~ 611/665 nm and pyridinium dye Py-5, lambdaex/lambdaem ~ 465/732 nm). All fluorescent probes exhibited high M2R affinity (pKi (radioligand competition binding): 8.75-9.62, pKd (flow cytometry): 8.36-9.19), a very low preference for the M2R over the M1 and M4 receptors and moderate to pronounced M2R selectivity compared to the M3 and M5 receptors. The presented fluorescent ligands are considered useful molecular tools for future studies using methods such as fluorescence anisotropy and BRET based MR binding assays.","Muller, Gruber, Max, Gratz, Xueke, Lukas, Corinna G, She, Keller, Andrea, Christoph, Pegoli",,0,,23,CHEMBL4715686,FALSE,10.1039/d0md00137f,823,TRUE,7,RSC Med Chem,832,1,,,1/23/2021,33479678,2632-8682:2021-01-23:0033479678,Differently fluorescence-labelled dibenzodiazepinone-type muscarinic acetylcholine receptor ligands with high M2R affinity,11,2021
,2632-8682,Journal Article,"The Janus kinase (JAK) and epidermal growth factor receptor (EGFR) have been considered as potential targets for cancer therapy due to their role in regulating proliferation and survival of cancer cells. In the present study, the aromatic alkyl-amino analogs of thiazole-based chalcone were selected to experimentally and theoretically investigate their inhibitory activity against JAK2 and EGFR proteins as well as their anti-cancer effects on human cancer cell lines expressing JAK2 (TF1 and HEL) and EGFR (A549 and A431). In vitro cytotoxicity screening results demonstrated that the HEL erythroleukemia cell line was susceptible to compounds 11 and 12, whereas the A431 lung cancer cell line was vulnerable to compound 25. However, TF1 and A549 cells were not sensitive to our thiazole derivatives. From kinase inhibition assay results, compound 25 was found to be a dual inhibitor against JAK2 and EGFR, whereas compounds 11 and 12 selectively inhibited the JAK2 protein. According to the molecular docking analysis, compounds 11, 12 and 25 formed hydrogen bonds with the hinge region residues Lys857, Leu932 and Glu930 and hydrophobically came into contact with Leu983 at the catalytic site of JAK2, while compound 25 formed a hydrogen bond with Met769 at the hinge region, Lys721 near a glycine loop, and Asp831 at the activation loop of EGFR. Altogether, these potent thiazole derivatives, following Lipinski's rule of five, could likely be developed as a promising JAK2/EGFR targeted drug(s) for cancer therapy.","Seetaha, Mahalapbutr, Tabtimmai, Phornphimon, Lueacha, Athina, Rungrotmongkol, Supaphorn, Thanyada, Maitarad, Kamonpan, Choowongkomon, Panupong, Aiebchun, Sanachai, Thitinan, Xenikakis, Iakovos, Kiattawee, Geronikaki",,0,,29,CHEMBL4732032,FALSE,10.1039/d0md00436g,430,TRUE,3,RSC Med Chem,438,5,,,5/29/2021,34046625,2632-8682:2021-05-29:0034046625,Discovery of novel JAK2 and EGFR inhibitors from a series of thiazole-based chalcone derivatives,12,2021
,2632-8682,Journal Article,"The translocator protein (TSPO) is a target for the development of neuroinflammation imaging agents. Clinical translation of TSPO PET ligands, such as [11C]DPA-713, has been hampered by the presence of a common polymorphism (A147T TSPO), at which all second-generation TSPO ligands lose affinity. Little is known about what drives binding at A147T compared to WT TSPO. This study aimed to identify moieties in DPA-713, and related derivatives, that influence binding at A147T compared to WT TSPO. We found changes to the nitrogen position and number in the heterocyclic core influences affinity to WT and A147T to a similar degree. Hydrogen bonding groups in molecules with an indole core improve binding at A147T compared to WT, a strategy that generated compounds that possess up to ten-times greater affinity for A147T. These results should inform the future design of compounds that bind both A147T and WT TSPO for use in neuroinflammation imaging.","Ittner, Sophie V, Freelander, Lars M, Werry, Banister, Michael, Eryn L, Samuel D, Kassiou, Reekie, Vo, Tristan A, Isaac",,0,,23,CHEMBL4699406,TRUE,10.1039/c9md00580c,511,TRUE,4,RSC Med Chem,517,1,,,1/23/2021,33479652,2632-8682:2021-01-23:0033479652,Reversing binding sensitivity to A147T translocator protein,11,2021
,,,"(+)-2-Aminobicyclo[3.1.0]hexane-2,6-dicarboxylic acid (1), also known as LY354740, is a highly potent and selective agonist for group II metabotropic glutamate receptors (mGlu receptors 2 and 3) tested in clinical trials. It has been shown to block anxiety in the fear-potentiated startle model. Its relatively low bioavailability in different animal species drove the need for an effective prodrug form that would produce a therapeutic response at lower doses for the treatment of anxiety disorders. We have investigated the increase of intestinal absorption of this compound by targeting the human peptide transporter hPepT1 for active transport of di- and tripeptides derived from 1. We have found that oral administration of an N dipeptide derivative of 1 (12a) in rats shows up to an 8-fold increase in drug absorption and a 300-fold increase in potency in the fear-potentiated startle model in rats when compared with the parent drug 1.","Mart?n LM, Pedregal C, de Dios A, Mart?n JA, Tabas LB, Dantzig AH, Tizzano JP, Montero C, Wright RA, Dom?nguez C, Stratford RE, Clay MP, Catlow J, Collado I, Lindstrom T, Jiang H, Mart?nez-Grau MA, Schoepp DD, Coffey DS, Monn JA, Bueno AB, Herin MF",,,0,,CHEMBL1145166,FALSE,10.1021/jm050235r,5305,TRUE,16,J Med Chem,5320,7,,46285,,16078848,,"Dipeptides as effective prodrugs of the unnatural amino acid (+)-2-aminobicyclo[3.1.0]hexane-2,6-dicarboxylic acid (LY354740), a selective group II metabotropic glutamate receptor agonist.",48,2005
,,,"(+)-3a and (-)-3a were successfully separated from racemate (±)-3a by the chiral technique of supercritical fluid chromatography (SCF) with enantiomeric excess (ee%) >99% and purity >99%, and assigned for their absolute configuration as R and S, respectively, by the experimental electronic circular dichroism (ECD) spectrum and simulated ECD spectra calculated by time-dependent density functional theory (TDDFT) calculations. (+)-(R)-3a displayed excellent activity with an EC(50) of 5.3 nM against wild-type HIV-1, which was 12-fold more potent than (-)-(S)-3a. However, (-)-(S)-3a showed higher potency than (+)-(R)-3a against the double HIV-1 RT mutant (K103N+Y181C) as well as HIV-2 strain ROD. The possible reason for the difference of (R)- and (S)-3a in anti-HIV-1 activity was interpreted by molecular docking.","Ma XD, De Clercq E, Gu SX, Balzarini J, He QQ, Chen FE, Pannecouque C, Li ZM, Yang SQ",,,0,,CHEMBL2034878,FALSE,10.1016/j.ejmech.2012.04.004,229,TRUE,,Eur J Med Chem,234,7,,,,22575532,,"Chiral resolution, absolute configuration assignment and biological activity of racemic diarylpyrimidine CH(OH)-DAPY as potent nonnucleoside HIV-1 reverse transcriptase inhibitors.",53,2012
,,,"(+)-Laburnamine (1), a rare alkaloid extracted from Laburnum anagyroides seeds (?4 mg from 1 kg), was shown to bind with high affinity (Ki, 293 nM) to the ?4?2 nicotinic receptor subtype, which is, respectively, 126 and 136 times higher than to the ?3?4 (Ki 37 ?M) and ?7 subtypes (Ki 40 ?M). When its ability to release [(3)H]-dopamine from striatal slices was tested in a functional assay, compound 1 behaved as a partial agonist with an EC50 of 5.8 ?M and an Emax that was 43% that of nicotine. When incubated with nicotine in the same assay, 1 prevented a maximal effect from being reached.","Sparatore F, Tasso B, Novelli F, Fasoli F, Gotti C",,,0,,CHEMBL2331532,TRUE,10.1021/np3007028,727,TRUE,4,J Nat Prod,731,3,,"I-20129, I-16132",,23461628,,"(+)-Laburnamine, a natural selective ligand and partial agonist for the ?4?2 nicotinic receptor subtype.",76,2013
,,,"(+-)-(5 beta,7 alpha,8 beta)-3,4-Dichloro-N-methyl-N-[3-methylene-2- oxo-8-(1-pyrrolidinyl)-1-oxaspiro[4,5]dec-7-yl]benzeneacetamide (14) and its (5 alpha,7 alpha,8 beta) diastereomer 15 have been synthesized from 1,4-cyclohexanedione monoethylene ketal (1) in 10 steps. Compound 14, which we have designated SMBU-1, was found to bind with moderate affinity (Ki = 109 nM) and good selectivity (mu/kappa = 29) to the kappa opioid receptor, while 15 was only 1/10 as potent as a kappa ligand. Preincubation of brain membranes with 14 resulted in wash-resistant inhibition of kappa-receptor binding (69 +/- 6% of control at 10(-6) M). The ketone precursor trans-N-methyl-N-[5-oxo-2-(1- pyrrolidinyl)cyclohexyl]benzeneacetamide (12) showed a higher kappa-affinity (Ki = 78 nM) and a much higher kappa-selectivity (mu/kappa = 166) than 14. Compound 10, the ethylene ketal precursor of 12, exhibited a similar receptor binding profile to 14, with increased kappa-selectivity (mu/kappa = 55), while ketal 11, being a regioisomer of 10 and an oxygen isostere of the kappa-selective analgesic spiradoline (U-62,066), demonstrated the highest kappa-affinity (Ki = 1.5 nM) and kappa-selectivity (mu/kappa = 468) observed in this series.","Cheng CY, Wu SC, Tam SW, Hsin LW",,,0,,CHEMBL1126080,FALSE,10.1021/jm00090a015,2243,TRUE,12,J Med Chem,2247,6,,,,1319495,,Selective reversible and irreversible ligands for the kappa opioid receptor.,35,1992
,,,"(+/-)-7-Aminosulfonyl-3-fluoromethyl-1,2,3,4-tetrahydroisoquinoline (7) is one of the most potent and selective inhibitors of phenylethanolamine N-methyltransferase (PNMT) reported to date, but a blood-brain barrier (BBB) model indicates that it cannot penetrate the BBB. To increase the lipophilicity of 7 by addition of a nonpolar substituent to the sulfonamide nitrogen, a small library of (+/-)-3-fluoromethyl-7-(N-substituted aminosulfonyl)-1,2,3,4-tetrahydroisoquinolines was synthesized and evaluated as inhibitors of PNMT and for affinity at the alpha2-adrenoceptor. In addition, this library probed the PNMT active site surrounding the sulfonamide nitrogen of 7. Bulky substituents on the sulfonamide nitrogen are disfavored at the PNMT active site more so than at the alpha2-adrenoceptor (thus reducing selectivity). On the other hand, alkyl chains on the sulfonamide nitrogen that contain an electron dense atom, such as a fluorine, are favored in the PNMT active site and possess little alpha2-adrenoceptor affinity, thereby conferring good selectivity (>500). Several members of the library (8, 14, 17, and 18) have excellent PNMT inhibitory potency and selectivity and are predicted, on the basis of their ClogP value (>0.5), to penetrate the BBB to a significant extent. Compounds 17 and 18 are the most potent and selective PNMT inhibitors reported to date.","Criscione KR, McLeish MJ, Romero FA, Grunewald GL, Vodonick SM",,,0,,CHEMBL1137211,FALSE,10.1021/jm0400653,4483,TRUE,18,J Med Chem,4493,8,,48109,,15317460,,"Inhibitors of phenylethanolamine N-methyltransferase that are predicted to penetrate the blood-brain barrier: design, synthesis, and evaluation of 3-fluoromethyl-7-(N-substituted aminosulfonyl)-1,2,3,4-tetrahydroisoquinolines that possess low affinity toward the alpha2-adrenoceptor.",47,2004
,,,"(+/-)-Citalopram (1, 1-(3-(dimethylamino)propyl)-1-(4-fluorophenyl)-1,3-dihydroisobenzofuran-5-carbonitrile), and its eutomer, escitalopram (S-(+)-1) are selective serotonin reuptake inhibitors (SSRIs) that are used clinically to treat anxiety and depression. To further explore structure-activity relationships at the serotonin transporter (SERT), a series of (+/-)-4- and 5-substituted citalopram analogues were designed, synthesized, and evaluated for binding at the SERT, dopamine transporter (DAT) and norepinephrine transporter (NET) in native rodent tissue. Many of these analogues showed high SERT binding affinities (Ki=1-40 nM) and selectivities over both NET and DAT. Selected enantiomeric pairs of analogues were synthesized and both retained enantioselectivity as with S- and R-1, wherein S>R at the SERT. In addition, the enantiomeric pairs of 1 and 5 were tested for binding at the homologous bacterial leucine transporter (LeuT), wherein low affinities and the absence of enantioselectivity suggested distinctive binding sites for these compounds at SERT as compared to LeuT. These novel ligands will provide molecular tools to elucidate drug-protein interactions at the SERT and to relate those to behavioral actions in vivo.","Kopajtic T, Zhang P, Newman AH, Cyriac G, Javitch JA, Zhao Y, Katz JL",,,0,,CHEMBL1212898,FALSE,10.1021/jm1005034,6112,TRUE,16,J Med Chem,6121,7,,"21224, 10032",,20672825,,"Structure-activity relationships for a novel series of citalopram (1-(3-(dimethylamino)propyl)-1-(4-fluorophenyl)-1,3-dihydroisobenzofuran-5-carbonitrile) analogues at monoamine transporters.",53,2010
,,,"(+/-)-cis-N-[1-(2-Hydroxy-2-phenylethyl)-3-methyl-4-piperidyl]-N- phenylpropanamide (1) is a mixture of four stereoisomers [(2S,3R,4S)-1a, (2R,3R,4S)-1b, (2R,3S,4R)-1c, and (2S,3S,4R)-1d], which together constitute two diastereoisomeric pairs of optical isomers. These four stereoisomers were prepared from optically active intermediates of known absolute configuration by procedures which had no effect on the configurations of the piperidine 3- and 4-carbons. The configuration of the phenylethyl 2-carbon in the final products was determined by X-ray analysis of (2S,3S,4R)-1d. A 1H NMR comparison of the final products to ohmefentanyl established that the racemic pair previously known as ohmefentanyl was a mixture of (2S,3R,4S)-1a and (2R,3S,4R)-1c. The individual activities of 1a, 1b, 1c, and 1d were evaluated in a variety of binding and pharmacological assays. The binding data revealed that isomers 1b and 1c had the highest affinity and selectivity for the mu site labeled with [3H]DAMGO. In contrast, the four isomers displaced [3H]etorphine in the order 1a approximately 1b > 1c approximately 1d. Evaluation of the four isomers on the mouse vas deferens (MVD) preparation revealed a potency order of 1a > 1b > 1c > 1d with concentrations of 1a and 1b in the femtomolar range causing inhibition. Experiments using the antagonists naltrexone (mu), ICI 174864 (delta), and norbinaltorphimine (kappa) demonstrated that the effects of 1a were mediated largely by the mu receptor while both delta and kappa agonist effects contributed to the actions of 1b and 1c. Isomer 1d acted as a weak mu antagonist in the MVD preparation. The same potency order was observed in a mouse analgesic assay and a rhesus monkey single dose suppression study. From the latter study the potency of 1a was estimated to be 20,000-50,000 times that of morphine, making this isomer one of the most potent opiates known. In the rhesus monkey study, isomer 1d failed to substitute for morphine and seemed to exacerbate withdrawal at doses of 0.6, 3.0, and 6.0 mg/kg. On the basis of the mouse data, isomer 1a was 21,000 times more potent than 1d, whereas isomers 1b and 1c were similar in their opiate activity in vivo. Using the optical isomers of cis-3-methylfentanyl as reference compounds, we analyzed the effects on the pharmacological activities of introducing a phenylethyl 2-hydroxyl group into the molecule.(ABSTRACT TRUNCATED AT 400 WORDS)","Stark PA, Singh P, Carroll FI, Rothman RB, Brine GA, Liu Y, Xu H",,,0,,CHEMBL1128312,FALSE,10.1021/jm00009a015,1547,TRUE,9,J Med Chem,1557,4,,,,7739013,,"Enantiomers of diastereomeric cis-N-[1-(2-hydroxy-2-phenylethyl)- 3-methyl-4-piperidyl]-N-phenylpropanamides: synthesis, X-ray analysis, and biological activities.",38,1995
,,,"(-)-6-(7-Methoxy-2-(trifluoromethyl)pyrazolo[1,5-a]pyridin-4-yl)-5-methyl-4,5-dihydropyridazin-3(2H)-one (KCA-1490) exhibits moderate dual PDE3/4-inhibitory activity and promises as a combined bronchodilatory/anti-inflammatory agent. N-alkylation of the pyridazinone ring markedly enhances potency against PDE4 but suppresses PDE3 inhibition. Addition of a 6-aryl-4,5-dihydropyridazin-3(2H)-one extension to the N-alkyl group facilitates both enhancement of PDE4-inhibitory activity and restoration of potent PDE3 inhibition. Both dihydropyridazinone rings, in the core and extension, can be replaced by achiral 4,4-dimethylpyrazolone subunits and the core pyrazolopyridine by isosteric bicyclic heteroaromatics. In combination, these modifications afford potent dual PDE3/4 inhibitors that suppress histamine-induced bronchoconstriction in vivo and exhibit promising anti-inflammatory activity via intratracheal administration.","Ohinata A, Eiraku T, Adams DR, Kishi T, Iwase K, Takita S, Yasue T, Ochiai K, Yageta Y, Kohno Y, Kojima A",,,0,,CHEMBL2331441,TRUE,10.1016/j.bmcl.2012.08.121,375,TRUE,1,Bioorg Med Chem Lett,381,1,,,,23200255,,Phosphodiesterase inhibitors. Part 5: hybrid PDE3/4 inhibitors as dual bronchorelaxant/anti-inflammatory agents for inhaled administration.,23,2013
,,,"(-)-6-(7-Methoxy-2-trifluoromethylpyrazolo[1,5-a]pyridin-4-yl)-5-methyl-4,5-dihydro-3-(2H)-pyridazinone (KCA-1490) is a dual PDE3/4 inhibitor that exhibits potent combined bronchodilatory and anti-inflammatory activity. Here we show that a 4,4-dimethylpyrazolone subunit serves as an effective surrogate for the 5-methyl-4,5-dihydropyridazin-3(2H)-one ring of KCA-1490 whilst lacking a stereogenic centre. The 2- and 7-substituents in the pyrazolo[1,5-a]pyridine subunit markedly influence the PDE-inhibitory profile and can be adjusted to afford either potent PDE4-selective inhibitors or dual PDE3/4 inhibitors. A survey of bicyclic heteroaromatic replacements for the pyrazolo[1,5-a]pyridine allowed further refinement of the inhibitory profile and identified 3-(8-methoxy-2-(trifluoromethyl)imidazo[1,2-a]pyridin-5-yl)-4,4-dimethyl-1H-pyrazol-5(4H)-one as an orally active, achiral KCA-1490 analog with well-balanced dual PDE3/4-inhibitory activity.","Ohinata A, Yageta Y, Eiraku T, Adams DR, Kishi T, Iwase K, Takita S, Yasue T, Ochiai K, Ando N, Kohno Y, Kojima A",,,0,,CHEMBL2069289,FALSE,10.1016/j.bmcl.2012.07.088,5833,TRUE,18,Bioorg Med Chem Lett,5838,9,,,,22884989,,"Phosphodiesterase inhibitors. Part 4: design, synthesis and structure-activity relationships of dual PDE3/4-inhibitory fused bicyclic heteroaromatic-4,4-dimethylpyrazolones.",22,2012
,,,"(-)-9-Fluorocytisine, (-)-9-methylcytisine and (-)-9-trifluoromethylcytisine were synthesized from the natural product (-)-cytisine. 9-Methyl and 9-trifluoromethyl cytisines display a remarkable affinity at the ?(4)?(2) nicotinic receptor subtype (0.2 nM) with a high selectivity versus the ?(7) nAChR subtype. Comparison of the affinity values suggests that the size of the substituent at the 9 position of (-)-cytisine seems more important than electronic factors for efficient binding and selectivity at ?(4)?(2) nAChRs.","Houllier N, Lasne MC, Rouden J, Gopisetti J, Lestage P",,,0,,CHEMBL1268923,TRUE,10.1016/j.bmcl.2010.09.017,6667,TRUE,22,Bioorg Med Chem Lett,6670,11,,,,20880707,,Identification of 9-fluoro substituted (-)-cytisine derivatives as ligands with high affinity for nicotinic receptors.,20,2010
,,,"(-)-Lobeline (2R,6S,10S), an antagonist at nicotinic acetylcholine receptors (nAChRs), inhibits the neurochemical and behavioral effects of methamphetamine and inhibits dopamine transporter (DAT) and vesicular monoamine transporter (VMAT2) function. VMAT2 is a target for the development of treatments for methamphetamine abuse. Structural modification of lobeline affords the defunctionalized analogues meso-transdiene (MTD) and lobelane, which have high potency and selectivity for VMAT2. To establish the structure-activity relationships within this novel class of VMAT2 ligands, specific stereochemical forms of MTD, lobelane, and other structurally related analogues have been synthesized. These compounds have been evaluated for inhibition of [(3)H]nicotine ([(3)H]NIC) binding (alpha4beta2 nAChR), [(3)H]methyllycaconitine ([(3)H]MLA) binding (alpha7 nAChR), and [(3)H]dihydrotetrabenazine ([(3)H]DTBZ) binding (VMAT2). Generally, all of these analogues had lower affinities at alpha4beta2 and alpha7 nAChRs compared to lobeline, thereby increasing selectivity for VMAT2. The following structural modifications resulted in only modest changes in affinity for VMAT2, affording analogues that were less potent than the lead compound, lobelane: (1) altering the stereochemistry at the C-2 and C-6 positions of the piperidino ring, (2) varying unsaturation in the piperidino C-2 and C-6 substituents, (3) introducing unsaturation into the piperidine ring, (4) ring-opening or eliminating the piperidine ring, and (5) removing the piperidino N-methyl group. Furthermore, incorporating a quaternary ammonium group into defunctionalized lobeline molecules in the cis-series resulted in significant loss of affinity for VMAT2, whereas only a modest change in affinity was obtained in the trans-series. The most potent (K(i) = 630 nM) and VMAT2-selective compound evaluated was the N-methyl-2,6-cis-bis(naphthaleneethyl)piperidine analogue (1-NAP-lobelane), in which the phenyl groups of lobelane were replaced with 1-naphthyl moieties. Thus, initial structure-activity relationship studies reveal that the most promising structural changes to the lobeline molecule that lead to enhancement of VMAT2 affinity and selectivity are defunctionalization, affording lobelane and MTD, and replacement of the phenyl rings of lobelane with other aromatic moieties that have a pi-extended structure.","Norrholm SD, Deaciuc AG, Zheng G, Crooks PA, Dwoskin LP",,,0,,CHEMBL1140262,FALSE,10.1021/jm0501228,5551,TRUE,17,J Med Chem,5560,7,,40536-0082,,16107155,,Defunctionalized lobeline analogues: structure-activity of novel ligands for the vesicular monoamine transporter.,48,2005
,,,"(-)-Lomaiviticin A (1) is a cytotoxic bacterial metabolite that induces double-strand breaks in DNA. Here we show that the cytotoxicity of (-)-lomaiviticin A (1) is synergistically potentiated in the presence of VE-821 (7), an inhibitor of ataxia telangiectasia and Rad3-related protein (ATR). While 0.5nM 1 or 10?M 7 alone are non-lethal to K562 cells, co-incubation of the two leads to high levels of cell kill (81% and 94% after 24 and 48h, respectively). Mechanistic data indicate that cells treated with 1 and 7 suffer extensive DNA double-strand breaks and apoptosis. These data suggest combinations of 1 and 7 may be a valuable chemotherapeutic strategy.","Colis LC, Herzon SB",,,0,,CHEMBL3808308,FALSE,10.1016/j.bmcl.2016.04.090,3122,TRUE,13,Bioorg Med Chem Lett,3126,7,,,,27177826,,Synergistic potentiation of (-)-lomaiviticin A cytotoxicity by the ATR inhibitor VE-821.,26,2016
,,,"(-)-N1-Benzylnorphysostigmine (4), prepared from synthetic (-)-O-methyl-N1-noreseroline (1) by N-benzylation, ether cleavage, and reaction of (-)-N1-benzylnoreseroline (3) with methyl isocyanate, was the intermediate used to prepare the title compounds. Catalytic debenzylation of 4 afforded (-)-N1-norphysostigmine (5), and (-)-eseramine (6) was obtained by reaction of 5 with methyl isocyanate. Reductive N-methylation of 5 gave (-)-physostigmine (9) while reaction of 5 with allyl bromide and phenethyl bromide afforded carbamates 7 and 8, respectively. Data on the in vitro potencies (IC50) and activities of certain of these compounds (4-8) as inhibitors of electric eel acetyl cholinesterase are reported. (-)-N1-Norphysostigmine (5) was found to be similarly potent against AChE as (-)-physostigmine (9).","Atack JR, Rapoport SI, Yu QS, Brossi A",,,0,,CHEMBL1124019,FALSE,10.1021/jm00120a008,2297,TRUE,12,J Med Chem,2300,12,,,,3193422,,"Synthesis and anticholinesterase activity of (-)-N1-norphysostigmine, (-)-eseramine, and other N(1)-substituted analogues of (-)-physostigmine.",31,1988
,,,"(-)-Oleocanthal (1) and ligstroside aglycone (2) are common bioactive olive oil secoiridoids. Secoiridoid 1 has been previously reported as a c-MET inhibitor. Chemically, (-)-oleocanthal is the elenolic acid ester of the common olive phenolic alcohol tyrosol. Therefore, several analogues (4-13) were synthesized by esterification and carbamoylation of tyrosol using diverse phenolic naturally occurring in olive and heterocyclic acids as elenolic acid bioisosteres to assess the effect of replacing the acid moiety of (-)-oleocanthal. Their c-MET inhibitory activity as well as their antiproliferative, antimigratory, and anti-invasive activities against the highly metastatic human breast cancer cell line MDA-MB231 has been assessed. Ligstroside aglycone (2) showed the best antimigratory activity. Generally, tyrosol esters showed better activities versus carbamate analogues. Tyrosol sinapate (5) showed the best c-MET phosphorylation inhibitory activity in Z'-LYTE kinase assay. Both 1 and 5 competitively inhibited the ATP binding into its pocket in the c-MET catalytic domain. Compound 5 showed selective activities against tumor cells without toxicity to the non-tumorigenic human breast MCF10A epithelial cell line. Tyrosol esters with a phenolic acid containing hydrogen bond donor and/or acceptor groups at the para-position have better anticancer and c-MET inhibitory activities. Olive oil secoiridoids are excellent scaffolds for the design of novel c-MET inhibitors.","Foudah AI, Melancon T, El Sayed KA, Busnena BA",,,0,,CHEMBL2346504,FALSE,10.1016/j.bmc.2012.12.050,2117,TRUE,7,Bioorg Med Chem,2127,4,,,,23403296,,Olive secoiridoids and semisynthetic bioisostere analogues for the control of metastatic breast cancer.,21,2013
,,,"(2S,3R)-N-[2-(Pyridin-3-ylmethyl)-1-azabicyclo[2.2.2]oct-3-yl]benzo[b]furan-2-carboxamide (7a, TC-5619), a novel selective agonist of the ?7 neuronal nicotinic acetylcholine receptor, has been identified as a promising drug candidate for the treatment of cognitive impairment associated with neurological disorders. 7a demonstrated more than a thousand-fold separation between the affinities for the ?7 and ?4?2 receptor subtypes and had no detectable effects on muscle or ganglionic nicotinic receptor subtypes, indicating a marked selectivity for the central nervous system over the peripheral nervous system. Results obtained from homology modeling and docking explain the observed selectivity. 7a had positive effects across cognitive, positive, and negative symptoms of schizophrenia in animal models and was additive or synergistic with the antipsychotic clozapine. Compound 7a, as an augmentation therapy to the standard treatment with antipsychotics, demonstrated encouraging results on measures of negative symptoms and cognitive dysfunction in schizophrenia and was well tolerated in a phase II clinical proof of concept trial in patients with schizophrenia.","Miao L, Yohannes D, Xiao Y, James JW, Benson L, Genus JF, Miller CH, Dull G, Fedorov NB, Sidach S, Hammond PS, Hauser TA, Kombo DC, Mazurov AA",,,0,,CHEMBL2177097,TRUE,10.1021/jm301048a,9793,TRUE,22,J Med Chem,9809,11,,27101-4165,,23126648,,"Discovery of (2S,3R)-N-[2-(pyridin-3-ylmethyl)-1-azabicyclo[2.2.2]oct-3-yl]benzo[b]furan-2-carboxamide (TC-5619), a selective ?7 nicotinic acetylcholine receptor agonist, for the treatment of cognitive disorders.",55,2012
,,,"(2S,3R,4R,5S,6R)-2-Aryl-5,5-difluoro-6-(hydroxymethyl)tetrahydro-2H-pyran-3,4-diols and (2S,3R,4R,5S,6R)-2-aryl-5-fluoro-5-methyl-6-(hydroxymethyl)tetrahydro-2H-pyran-3,4-diols were discovered as dual inhibitors of sodium glucose co-transporter proteins (e.g. SGLT1 and SGLT2) through rational drug design, efficient synthesis, and in vitro and in vivo evaluation. Compound 6g demonstrated potent dual inhibitory activities (IC = 96 nM for SGLT1 and IC = 1.3 nM for SGLT2). It showed robust inhibition of blood glucose excursion in an oral glucose tolerance test (OGTT) in Sprague Dawley (SD) rats when dosed at both 1 mg/kg and 10 mg/kg orally. It also demonstrated postprandial glucose control in db/db mice when dosed orally at 10 mg/kg.","Xu G,Du F,Kuo GH,Xu JZ,Liang Y,Demarest K,Gaul MD",,,0,,CHEMBL4725317,TRUE,10.1016/j.bmcl.2020.127387,127387,TRUE,17,Bioorg Med Chem Lett,127387,9,,,,32738984,,"5,5-Difluoro- and 5-Fluoro-5-methyl-hexose-based C-Glucosides as potent and orally bioavailable SGLT1 and SGLT2 dual inhibitors.",30,2020
,,,"(4-Benzylpiperidine-1-yl)-(6-hydroxy-1H-indole-2-yl)-methanone (6a) derived from (E)-1-(4-benzylpiperidin-1-yl)-3-(4-hydroxy-phenyl)-propenone (5) was identified as a potent NR2B subunit-selective antagonist of the NMDA receptor. To establish the structure-activity relationship (SAR) and to attempt the improvement of the ADME properties of the lead, a series of compounds were prepared and tested. Several derivatives showed low nanomolar activity both in the binding and in the functional assay. In a formalin-induced hyperalgesia model in mice, 6a and (4-benzylpiperidine-1-yl)-[5(6)-hydroxy-1H-benzimidazol-2-yl]-methanone (60a) were as active as besonprodil (2) after oral administration. A CoMSIA model was developed based on binding data of a series of indole- and benzimidazole-2-carboxamides.","Greiner I, Nagy J, Farkas S, Kolok S, T?rk?nyi G, Barta-Szalai G, Dom?ny G, Bertha F, H?da V, Agai B, Magd? I, Fetter J, Demeter A, G?ti T, Kiss C, Fodor L, Keser? GM, Horv?th C, Gere A, Boz? E, Borza I, Galg?czy K",,,0,,CHEMBL1142862,TRUE,10.1021/jm060420k,901,TRUE,5,J Med Chem,914,2,,,,17290978,,Selective NR1/2B N-methyl-D-aspartate receptor antagonists among indole-2-carboxamides and benzimidazole-2-carboxamides.,50,2007
,,,"(5aR)-5a-C-pentyl-4-epi-isofagomine 1 is a powerful inhibitor of lysosomal ?-galactosidase and a remarkable chaperone for mutations associated with GM1-gangliosidosis and Morquio disease type B. We report herein an improved synthesis of this compound and analogs (5a-C-methyl, pentyl, nonyl and phenylethyl derivatives), and a crystal structure of a synthetic intermediate that confirms its configuration resulting from the addition of a Grignard reagent. These compounds were evaluated as glycosidase inhibitors and their potential as chaperones for mutant lysosomal galactosidases determined. Based on these results and on docking studies, the 5-C-pentyl derivative 1 was selected as the optimal structure for further investigations: this compound induces the maturation of mutated ?-galactosidase in fibroblasts of a GM1-gangliosidosis patient and promote the decrease of keratan sulfate and oligosaccharide load in patient cells. Compound 1 is clearly capable of restoring ?-galactosidase activity and of promoting maturation of the protein, which should result in significant clinical benefit. These properties strongly support the development of compound 1 for the treatment of GM1-gangliosidosis and Morquio disease type B patients harboring ?-galactosidase mutations sensitive to pharmacological chaperoning.","Front S, Zoete V, Marti R, Marmy C, Gallienne E, Wood T, Demotz S, Charollais-Thoenig J, Martin OR, Pilloud V, Almeida S",,,0,,CHEMBL4270653,TRUE,10.1016/j.bmc.2018.09.023,5462,TRUE,20,Bioorg Med Chem,5469,11,,,,30270003,,4-epi-Isofagomine derivatives as pharmacological chaperones for the treatment of lysosomal diseases linked to ?-galactosidase mutations: Improved synthesis and biological investigations.,26,2018
,,,"(9S)-9-(2-Hydroxy-4,4-dimethyl-6-oxo-1-cyclohexen-1-yl)-3,3-dimethyl-2,3,4,9-tetrahydro-1H-xanthen-1-one ((S)-1) was identified as a selective and orally active neuropeptide Y Y5 receptor antagonist. The structure-activity relationship for this structural class was investigated and showed that limited substitution on the phenyl ring was tolerated and that modification of the 4,4-dimethyl group of the cyclohexenone and the 3,3-dimethyl group of the xanthenone parts slightly improved potency. The plasma concentration-time profile after oral administration of (S)-1 in Sprague-Dawley (SD) rats showed significant in vivo racemization of (S)-1 and that (S)-1 is cleared much more quickly than (R)-1. The duration of (S)-1 in SD rats after oral administration of (RS)-1 racemate was twice as long as that following oral administration of (S)-1. The C max values of (S)-1 after administration of (S)-1 and (RS)-1 were comparable, and the brain to plasma ratio for (S)-1 was 0.34 in SD rats. In our acute D-Trp (34)NPY-induced food intake model, both (S)-1 and (RS)-1 showed potent and dose-dependent efficacy. Therefore, the use of (RS)-1 is suitable for studies that require sustained plasma exposure of (S)-1.","Haga Y, Shibata T, Hirohashi T, Moriya M, Jitsuoka M, Ohe T, Gomori A, Fukami T, Sakuraba A, Ando M, Sato N, Ishihara A, Iwaasa H, Nonoshita K, Kanatani A",,,0,,CHEMBL1155895,FALSE,10.1021/jm8003587,4765,TRUE,15,J Med Chem,4770,7,,,,18637668,,"(9S)-9-(2-hydroxy-4,4-dimethyl-6-oxo-1-cyclohexen-1-yl)-3,3-dimethyl-2,3,4,9-tetrahydro-1H-xanthen-1-one, a selective and orally active neuropeptide Y Y5 receptor antagonist.",51,2008
,,,"(E)-3,4-Dihydroxybenzylideneacetone (compound 1) inhibited receptor activator of NF-?B ligand-induced osteoclastogenesis of C57BL/6 bone marrow monocyte/macrophages with IC50 of 7.8 ?M (IC50 of alendronate, 3.7 ?M) while stimulating the differentiation of MC3T3-E1 osteoblastic cells, accompanied by the induction of Runt-related transcription factor 2, alkaline phosphatase, and osteocalcin. (E)-4-(3-Hydroxy-4-methoxyphenyl)-3-buten-2-one (compound 2c) showed a dramatically increased osteoclast-inhibitory potency with IC50 of 0.11 ?M while sustaining osteoblast-stimulatory activity. (E)-4-(4-Hydroxy-3-methoxyphenyl)-3-buten-2-one (compound 2g) stimulated alkaline phosphatase production 2-fold at 50 ?M without changing osteoclast-inhibitory activity, compared with compound 1. Oral administration of compounds 1, 2c, and 2g prevented ovariectomy-induced osteoporosis in ddY mice to a degree proportional to their osteoclastogenesis-inhibitory potencies. The administration of 1 (mg/kg)/d compound 2c ameliorated histomorphometry of osteoporotic bone to a degree comparable with 10 (mg/kg)/d alendronate. Conclusively, the in vitro capacity of a few benzylideneacetone derivatives to inhibit osteoclastogenesis supported by independent osteoblastogenesis activation was convincingly reflected in in vivo management of osteoporosis, suggesting a potential novel therapeutics for osteopenic diseases.","Kim MH, Seo BY, Kim H, Lee JH, Song DW, Kim HK, Lee KH, Ahn SK, Pativada T, Choi YH, Choi CW, Lee EJ, Ku JM, Park SI, Kim WJ, Park GH, Hong SS",,,0,,CHEMBL4364291,FALSE,10.1021/acs.jmedchem.9b00270,6063,TRUE,13,J Med Chem,6082,6,,"03080, 01812, 02841, 16229, 99164-4746, 08308",,31257875,,Benzylideneacetone Derivatives Inhibit Osteoclastogenesis and Activate Osteoblastogenesis Independently Based on Specific Structure-Activity Relationship.,62,2019
,,,"(E)-3-(Benzenesulfonyl)-2-(methylsulfanyl)pyrido[1,2-a]pyrimidin-4-ylidenamine (7) was found to be a potent and selective 5-HT(6) antagonist. A one-step synthesis of this compound is described.","Li Y, He H, Grant-Young K, Wu D, Gao Q, Westphal RS, Scola PM, Hu S, Klakouski C, Huang Y, Bertekap RL, Wu YJ",,,0,,CHEMBL1145753,FALSE,10.1021/jm034142q,4834,TRUE,23,J Med Chem,4837,10,,6492,,14584934,,"Identification of a potent and selective 5-HT(6) antagonist: one-step synthesis of (E)-3-(benzenesulfonyl)-2- (methylsulfanyl)pyrido[1,2-a]pyrimidin-4-ylidenamine from 2-(benzenesulfonyl)-3,3-bis(methylsulfanyl)acrylonitrile.",46,2003
,,,"(E)-N-[3-(4-cinnamoylpiperazin-1-yl)propyl]-3,4-dihydroxybenzamide and (E)-N-[3-(4-cinnamoylpiperazin-1-yl)propyl]-3,4,5-trihydroxybenzamide were designed and synthesized as potential HIV-1 integrase inhibitors and evaluated their inhibition to the strand transfer process of HIV-1 integrase. The result indicates that 3,4,5-trihydroxylated aromatic derivatives exhibit good inhibition to HIV-1 integrase, however, corresponding 3,4-dihydroxylated aromatic derivatives appear little inhibition of HIV-1 integrase.","He H, Zeng C, Zhang B, Yang L, Huang Y, Xu X, Wang C, Hu L",,,0,,CHEMBL1221354,FALSE,10.1016/j.bmcl.2010.07.087,5469,TRUE,18,Bioorg Med Chem Lett,5471,9,,,,20709544,,Synthesis of polyhydroxylated aromatics having amidation of piperazine nitrogen as HIV-1 integrase inhibitor.,20,2010
,,,"(N)-Methanocarba adenosine 5'-methyluronamides containing 2-arylethynyl groups were synthesized as A3 adenosine receptor (AR) agonists and screened in vivo (po) for reduction of neuropathic pain. A small N(6)-methyl group maintained binding affinity, with human > mouse A3AR and MW < 500 and other favorable physicochemical properties. Emax (maximal efficacy in a mouse chronic constriction injury pain model) of previously characterized A3AR agonist, 2-(3,4-difluorophenylethynyl)-N(6)-(3-chlorobenzyl) derivative 6a, MRS5698, was surpassed. More efficacious analogues (in vivo) contained the following C2-arylethynyl groups: pyrazin-2-yl 23 (binding Ki, hA3AR, nM 1.8), fur-2-yl 27 (0.6), thien-2-yl 32 (0.6) and its 5-chloro 33, MRS5980 (0.7) and 5-bromo 34 (0.4) equivalents, and physiologically unstable ferrocene 36, MRS5979 (2.7). 33 and 36 displayed particularly long in vivo duration (>3 h). Selected analogues were docked to an A3AR homology model to explore the environment of receptor-bound C2 and N(6) groups. Various analogues bound with ?M affinity at off-target biogenic amine (M2, 5HT2A, ?3, 5HT2B, 5HT2C, and ?2C) or other receptors. Thus, we have expanded the structural range of orally active A3AR agonists for chronic pain treatment.","Paoletta S, Moss SM, Tosh DK, Gao ZG, Jacobson KA, Gizewski ET, Auchampach JA, Salvemini D, Finley A",,,0,,CHEMBL3407461,TRUE,10.1021/jm501021n,9901,TRUE,23,J Med Chem,9914,11,,"20892-0810, 53226, 63104",,25422861,,In vivo phenotypic screening for treating chronic neuropathic pain: modification of C2-arylethynyl group of conformationally constrained A3 adenosine receptor agonists.,57,2014
,,,"(N)-Methanocarba adenosine 5'-methyluronamides containing known A(3) AR (adenosine receptor)-enhancing modifications, i.e., 2-(arylethynyl)adenine and N(6)-methyl or N(6)-(3-substituted-benzyl), were nanomolar full agonists of human (h) A(3)AR and highly selective (K(i) ?0.6 nM, N(6)-methyl 2-(halophenylethynyl) analogues 13 and 14). Combined 2-arylethynyl-N(6)-3-chlorobenzyl substitutions preserved A(3)AR affinity/selectivity in the (N)-methanocarba series (e.g., 3,4-difluoro full agonist MRS5698 31, K(i) 3 nM, human and mouse A(3)) better than that for ribosides. Polyaromatic 2-ethynyl N(6)-3-chlorobenzyl analogues, such as potent linearly extended 2-p-biphenylethynyl MRS5679 34 (K(i) hA(3) 3.1 nM; A(1), A(2A), inactive) and fluorescent 1-pyrene adduct MRS5704 35 (K(i) hA(3) 68.3 nM), were conformationally rigid; receptor docking identified a large, mainly hydrophobic binding region. The vicinity of receptor-bound C2 groups was probed by homology modeling based on recent X-ray structure of an agonist-bound A(2A)AR, with a predicted helical rearrangement requiring an agonist-specific outward displacement of TM2 resembling opsin. Thus, the X-ray structure of related A(2A)AR is useful in guiding the design of new A(3)AR agonists.","Tosh DK, Wan TC, Phan K, Deflorian F, Gao ZG, Jacobson KA, Auchampach JA, Gizewski E",,,0,,CHEMBL2062514,TRUE,10.1021/jm300396n,4847,TRUE,10,J Med Chem,4860,5,,"53226, 20892",,22559880,,Structure-guided design of A(3) adenosine receptor-selective nucleosides: combination of 2-arylethynyl and bicyclo[3.1.0]hexane substitutions.,55,2012
