document_id,Filtered.new,independent_IC50,non_independent_IC50,independent_Ki,non_independent_Ki
CHEMBL1121421,multifunctional enzyme,3.0,6.0,0.0,0.0
CHEMBL1121493,multifunctional enzyme,1.0,14.0,0.0,0.0
CHEMBL1121680,multifunctional enzyme,3.0,6.0,0.0,0.0
CHEMBL1121695,multifunctional enzyme,0.0,6.5,0.0,0.0
CHEMBL1121721,no issue,5.0,0.5,0.0,0.0
CHEMBL1121751,multifunctional enzyme,0.0,0.0,1.0,2.0
CHEMBL1121774,multifunctional enzyme,0.0,0.0,0.5,0.0
CHEMBL1121806,review,0.0,0.0,0.5,0.0
CHEMBL1121940,multifunctional enzyme,0.0,0.0,1.0,7.0
CHEMBL1121981,multiply activity for same test item,4.5,0.0,0.0,0.0
CHEMBL1121982,no issue,0.5,0.0,0.0,0.0
CHEMBL1122012,review,0.0,0.0,1.0,1.5
CHEMBL1122013,no issue,0.0,0.0,1.0,0.5
CHEMBL1122103,multifunctional enzyme,1.5,13.0,0.0,0.0
CHEMBL1122157,multifunctional enzyme,0.5,0.0,0.0,0.0
CHEMBL1122264,test Item with unknown chirality,0.5,0.0,0.0,0.0
CHEMBL1122282,multiply activity for same test item,10.0,0.0,0.0,0.0
CHEMBL1122397,no issue,4.5,0.0,0.0,0.0
CHEMBL1122439,no issue,0.0,0.0,1.0,0.5
CHEMBL1122470,multifunctional enzyme,1.0,12.5,0.0,0.0
CHEMBL1122477,test Item with unknown chirality,0.5,0.0,0.0,0.0
CHEMBL1122542,multifunctional enzyme,0.0,0.0,0.5,0.0
CHEMBL1122576,no issue,4.5,0.0,0.0,0.0
CHEMBL1122648,multifunctional enzyme,3.0,0.5,0.0,0.0
CHEMBL1122707,multiply activity for same test item,0.0,0.0,1.5,0.0
CHEMBL1122740,multiply activity for same test item,32.5,0.0,0.0,0.0
CHEMBL1122801,multiply activity for same test item,7.0,0.0,0.0,0.0
CHEMBL1122806,no issue,9.0,0.0,1.5,0.0
CHEMBL1122824,multiply activity for same test item,0.0,0.0,0.0,0.0
CHEMBL1122863,no issue,0.5,0.0,0.5,0.0
CHEMBL1122902,multifunctional enzyme,3.0,0.5,0.0,0.0
CHEMBL1122908,no issue,0.0,0.0,40.0,0.0
CHEMBL1122916,no issue,0.0,0.0,0.0,0.0
CHEMBL1122930,test Item with unknown chirality,0.0,0.0,2.0,0.5
CHEMBL1122934,multiply activity for same test item,9.5,4.5,0.0,0.0
CHEMBL1122939,no issue,0.0,0.0,38.5,0.5
CHEMBL1123048,no issue,0.0,0.0,1.0,1.0
CHEMBL1123066,no issue,0.0,0.0,0.0,0.0
CHEMBL1123072,no issue,0.0,0.0,2.0,1.5
CHEMBL1123078,multifunctional enzyme,0.0,0.0,3.0,7.0
CHEMBL1123100,multiply activity for same test item,0.0,0.0,0.0,0.0
CHEMBL1123108,test Item with unknown chirality,0.0,0.0,1.5,3.5
CHEMBL1123138,shuffled assays,4.0,0.0,0.0,0.0
CHEMBL1123156,test Item with unknown chirality,68.0,24.0,1.5,1.5
CHEMBL1123181,highly correlated assays,5.5,6.5,0.0,0.0
CHEMBL1123225,no issue,0.0,0.0,0.0,0.5
CHEMBL1123252,no issue,0.5,0.0,0.0,0.0
CHEMBL1123303,test Item with unknown chirality,0.5,0.0,0.0,0.0
CHEMBL1123307,no issue,0.0,0.0,34.0,6.0
CHEMBL1123313,multifunctional enzyme,1.0,13.0,0.0,0.0
CHEMBL1123329,test Item with unknown chirality,0.5,0.0,0.0,0.0
CHEMBL1123364,multifunctional enzyme,1.0,0.0,0.0,0.0
CHEMBL1123426,multifunctional enzyme,0.0,0.0,0.5,0.0
CHEMBL1123445,multifunctional enzyme,1.5,13.0,0.0,0.0
CHEMBL1123459,no issue,0.0,0.0,2.0,0.0
CHEMBL1123545,multifunctional enzyme,2.0,12.0,0.0,0.0
CHEMBL1123605,no issue,0.0,0.0,0.0,0.0
CHEMBL1123635,no issue,2.0,2.5,0.0,0.0
CHEMBL1123636,no issue,0.0,0.0,0.0,0.5
CHEMBL1123638,multifunctional enzyme,3.0,6.0,0.0,0.0
CHEMBL1123646,no issue,0.0,0.0,11.0,0.0
CHEMBL1123675,multifunctional enzyme,3.0,10.0,0.0,0.0
CHEMBL1123767,no issue,0.0,0.0,3.0,0.5
CHEMBL1123825,no issue,6.5,0.5,0.0,0.0
CHEMBL1123885,test Item with unknown chirality,9.0,4.0,1.5,5.5
CHEMBL1123890,no issue,12.0,0.0,0.0,0.0
CHEMBL1123948,multifunctional enzyme,24.0,180.0,0.0,0.0
CHEMBL1123952,no issue,8.0,0.5,0.0,0.0
CHEMBL1123976,no issue,0.0,0.0,1.0,2.5
CHEMBL1123992,no issue,0.0,0.0,65.0,4.5
CHEMBL1123998,no issue,0.0,0.0,5.0,0.0
CHEMBL1124008,multifunctional enzyme,1.5,12.0,0.0,0.0
CHEMBL1124019,no issue,8.0,0.0,0.0,0.0
CHEMBL1124039,exact data citation,2.0,2.5,0.0,0.0
CHEMBL1124076,no issue,48.0,40.0,0.0,0.0
CHEMBL1124077,no issue,48.0,36.0,0.0,0.0
CHEMBL1124094,rounded data citation,5.5,0.0,0.0,0.0
CHEMBL1124116,test Item with unknown chirality,72.0,28.0,1.5,1.5
CHEMBL1124132,no issue,13.0,0.0,22.5,10.5
CHEMBL1124147,no issue,2.0,0.0,0.0,0.0
CHEMBL1124162,no issue,0.0,0.0,23.0,0.0
CHEMBL1124177,no issue,0.0,0.0,0.0,4.0
CHEMBL1124208,multiply activity for same test item,2.0,1.0,0.0,0.0
CHEMBL1124210,test Item with unknown chirality,0.0,0.0,0.0,0.0
CHEMBL1124219,test Item with unknown chirality,0.0,0.0,0.0,0.0
CHEMBL1124221,multiply activity for same test item,0.0,0.0,61.0,1.0
CHEMBL1124229,no issue,0.5,0.0,0.0,0.0
CHEMBL1124245,no issue,4.5,0.5,0.0,0.0
CHEMBL1124274,multiply activity for same test item,0.0,0.0,0.0,2.0
CHEMBL1124276,multifunctional enzyme,0.0,0.0,4.0,0.0
CHEMBL1124288,multiply activity for same test item,0.0,0.0,17.0,0.0
CHEMBL1124308,no issue,0.0,0.0,0.0,0.0
CHEMBL1124311,test Item with unknown chirality,0.5,0.0,0.0,0.0
CHEMBL1124313,no issue,1.0,0.0,0.0,0.0
CHEMBL1124325,no issue,0.0,0.0,2.0,0.0
CHEMBL1124342,no issue,0.0,0.0,23.0,0.5
CHEMBL1124374,test Item with unknown chirality,4.5,0.0,0.0,0.0
CHEMBL1124424,no issue,0.0,0.0,1.5,0.0
CHEMBL1124469,no issue,0.0,0.0,3.0,0.0
CHEMBL1124484,no issue,0.0,0.0,4.0,0.5
CHEMBL1124488,no issue,0.5,0.0,0.0,0.0
CHEMBL1124492,multifunctional enzyme,0.0,1.0,0.0,0.0
CHEMBL1124520,test Item with unknown chirality,0.0,1.0,0.0,0.0
CHEMBL1124563,multifunctional enzyme,0.0,0.0,0.5,0.0
CHEMBL1124565,multiply activity for same test item,0.0,0.0,0.0,0.0
CHEMBL1124567,multifunctional enzyme,3.0,5.0,0.0,0.0
CHEMBL1124568,multifunctional enzyme,24.0,30.0,11.5,1.5
CHEMBL1124573,no issue,0.0,0.0,190.0,0.0
CHEMBL1124616,no issue,0.0,24.0,0.0,0.0
CHEMBL1124623,multifunctional enzyme,0.0,0.0,1.0,1.5
CHEMBL1124636,test Item with unknown chirality,0.5,0.0,0.0,0.0
CHEMBL1124665,review,0.0,0.0,1.0,0.0
CHEMBL1124671,multiply activity for same test item,0.0,0.0,0.0,0.0
CHEMBL1124704,multifunctional enzyme,1.5,0.0,0.0,0.0
CHEMBL1124712,no issue,0.0,0.0,0.0,0.0
CHEMBL1124740,no issue,1.0,0.0,0.0,0.0
CHEMBL1124743,no issue,0.0,0.0,1.5,1.0
CHEMBL1124744,no issue,0.5,0.0,2.5,1.5
CHEMBL1124753,no issue,0.0,0.0,0.0,2.0
CHEMBL1124773,test Item with unknown chirality,0.0,0.5,0.0,0.0
CHEMBL1124790,shuffled assays,8.0,2.0,0.0,0.0
CHEMBL1124797,no issue,0.0,0.0,11.5,0.5
CHEMBL1124798,highly correlated assays,0.0,0.0,392.0,54.0
CHEMBL1124802,no issue,1.0,1.5,0.0,0.0
CHEMBL1124803,no issue,0.0,0.0,2.5,2.5
CHEMBL1124805,no issue,0.0,0.0,5.5,9.5
CHEMBL1124862,no issue,1.5,0.0,0.0,0.0
CHEMBL1124880,no issue,0.0,0.0,40.5,0.0
CHEMBL1124889,multiply activity for same test item,176.0,64.0,0.0,0.0
CHEMBL1124890,no issue,0.0,0.0,0.0,0.0
CHEMBL1124893,test Item with unknown chirality,0.0,0.5,0.0,0.0
CHEMBL1124902,no issue,48.0,16.0,0.0,0.0
CHEMBL1124903,no issue,0.0,0.0,26.5,0.0
CHEMBL1124934,no issue,0.0,0.0,9.5,0.0
CHEMBL1124949,no issue,0.0,10.0,0.0,0.0
CHEMBL1125016,no issue,0.0,0.0,0.0,0.0
CHEMBL1125019,no issue,0.5,4.5,0.0,0.0
CHEMBL1125020,no issue,0.0,0.0,35.0,2.0
CHEMBL1125067,highly correlated assays,0.0,0.0,4.0,6.0
CHEMBL1125080,no issue,0.0,0.0,13.0,1.5
CHEMBL1125088,no issue,0.5,0.0,0.0,0.0
CHEMBL1125108,no issue,2.5,0.0,0.0,0.0
CHEMBL1125110,no issue,0.0,2.0,0.0,0.0
CHEMBL1125116,no issue,0.0,0.0,7.5,1.0
CHEMBL1125127,highly correlated assays,0.0,2.0,0.0,0.0
CHEMBL1125128,multiply activity for same test item,0.0,0.0,0.0,4.5
CHEMBL1125142,no issue,0.0,0.0,0.0,0.5
CHEMBL1125178,no issue,2.0,2.0,0.0,0.0
CHEMBL1125209,no issue,0.0,2.0,0.0,0.0
CHEMBL1125213,no issue,0.0,0.0,2.0,0.0
CHEMBL1125218,no issue,2.0,0.0,0.0,0.0
CHEMBL1125222,highly correlated assays,0.0,0.0,30.5,0.0
CHEMBL1125233,multifunctional enzyme,3.0,7.0,0.0,0.0
CHEMBL1125246,no issue,2.5,0.0,0.0,0.0
CHEMBL1125250,multiply activity for same test item,145.5,0.0,4.0,0.0
CHEMBL1125269,multifunctional enzyme,0.0,0.0,0.0,3.0
CHEMBL1125270,test Item with unknown chirality,0.0,0.0,0.0,0.0
CHEMBL1125308,multiply activity for same test item,0.0,0.0,0.0,0.0
CHEMBL1125327,test Item with unknown chirality,0.0,0.0,0.0,0.0
CHEMBL1125334,no issue,1.0,1.5,0.0,0.0
CHEMBL1125335,no issue,0.0,0.0,1.5,0.0
CHEMBL1125345,highly correlated assays,0.0,0.0,38.5,2.0
CHEMBL1125358,test Item with unknown chirality,0.0,0.0,0.0,0.0
CHEMBL1125360,exact data citation,0.0,0.0,20.0,9.5
CHEMBL1125379,no issue,0.0,0.0,1.5,0.0
CHEMBL1125380,test Item with unknown chirality,0.0,1.0,0.0,0.0
CHEMBL1125388,test Item with unknown chirality,0.0,0.0,0.0,0.0
CHEMBL1125390,multifunctional enzyme,0.0,0.0,0.0,3.0
CHEMBL1125441,no issue,0.5,0.0,0.0,0.0
CHEMBL1125447,multiply activity for same test item,0.0,0.0,12.0,0.0
CHEMBL1125454,no issue,5.0,0.0,1.0,0.0
CHEMBL1125457,no issue,3.5,1.5,0.0,0.0
CHEMBL1125472,review,0.0,0.0,1.0,0.0
CHEMBL1125500,test Item with unknown chirality,0.0,0.0,0.0,0.0
CHEMBL1125501,highly correlated assays,20.0,0.0,97.0,80.0
CHEMBL1125508,multifunctional enzyme,0.0,0.0,0.0,0.0
CHEMBL1125509,no issue,0.0,1.5,0.0,0.0
CHEMBL1125513,exact data citation,0.0,0.0,37.5,6.5
CHEMBL1125524,highly correlated assays,0.0,0.0,120.0,76.5
CHEMBL1125526,no issue,0.0,0.5,0.0,0.0
CHEMBL1125532,no issue,62.0,0.0,0.0,0.0
CHEMBL1125558,no issue,8.5,2.0,0.0,0.0
CHEMBL1125572,review,0.0,0.0,5.0,1.5
CHEMBL1125573,no issue,0.0,0.0,1.0,0.0
CHEMBL1125598,review,5.5,0.0,0.0,0.0
CHEMBL1125610,no issue,1.0,0.0,0.0,0.0
CHEMBL1125633,no issue,0.0,0.0,14.0,0.5
CHEMBL1125635,no issue,32.0,5.0,0.0,4.0
CHEMBL1125636,no issue,2.0,2.5,0.0,0.0
CHEMBL1125637,multiply activity for same test item,5.5,5.0,0.0,0.0
CHEMBL1125646,highly correlated assays,0.0,0.0,2.0,1.5
CHEMBL1125657,no issue,0.0,0.0,11.5,4.0
CHEMBL1125659,test Item with unknown chirality,0.5,0.0,0.0,0.0
CHEMBL1125660,test Item with unknown chirality,0.0,4.0,0.0,0.0
CHEMBL1125662,no issue,0.0,0.0,2.0,0.0
CHEMBL1125667,multifunctional enzyme,3.0,5.0,0.0,0.0
CHEMBL1125682,multiply activity for same test item,0.0,0.0,0.0,0.0
CHEMBL1125692,no issue,0.0,0.0,4.0,0.0
CHEMBL1125696,no issue,5.0,0.5,0.0,0.0
CHEMBL1125699,exact data citation,0.0,0.0,2.5,1.5
CHEMBL1125704,test Item with unknown chirality,0.0,0.0,0.0,0.0
CHEMBL1125706,exact data citation,0.0,0.0,51.5,11.5
CHEMBL1125716,test Item with unknown chirality,0.0,0.5,0.0,0.0
CHEMBL1125719,no issue,3.0,2.0,0.0,0.0
CHEMBL1125721,multiply activity for same test item,0.0,0.0,20.5,1.5
CHEMBL1125742,multiply activity for same test item,0.0,0.0,38.5,5.5
CHEMBL1125762,no issue,0.0,0.0,1.5,2.5
CHEMBL1125764,highly correlated assays,0.0,0.0,10.0,0.0
CHEMBL1125782,highly correlated assays,4.0,2.0,0.0,0.0
CHEMBL1125790,no issue,6.5,0.0,0.0,0.0
CHEMBL1125803,high citation rate,36.0,0.0,0.0,0.0
CHEMBL1125805,exact data citation,0.0,12.0,0.0,0.0
CHEMBL1125810,test Item with unknown chirality,0.0,32.0,0.0,0.0
CHEMBL1125821,no issue,0.0,0.0,0.5,0.5
CHEMBL1125829,no issue,0.0,0.0,0.5,0.0
CHEMBL1125844,no issue,90.5,13.0,0.0,0.0
CHEMBL1125845,shuffled assays,1.0,0.0,0.0,0.0
CHEMBL1125862,highly correlated assays,0.0,0.0,37.5,7.5
CHEMBL1125863,test Item with unknown chirality,0.0,0.5,0.0,0.0
CHEMBL1125884,no issue,5.5,0.0,1.0,0.0
CHEMBL1125885,multiply activity for same test item,0.0,5.0,0.0,0.0
CHEMBL1125889,highly correlated assays,0.0,0.0,1.5,17.0
CHEMBL1125921,test Item with unknown chirality,0.0,0.0,0.0,0.0
CHEMBL1125922,highly correlated assays,1.0,0.0,7.5,1.5
CHEMBL1126012,multiply activity for same test item,7.5,2.5,0.0,0.0
CHEMBL1126016,no issue,4.0,0.0,0.0,0.0
CHEMBL1126028,test Item with unknown chirality,0.0,0.0,1.0,0.0
CHEMBL1126029,test Item with unknown chirality,0.0,0.0,2.0,0.0
CHEMBL1126030,no issue,1.5,4.0,0.0,0.0
CHEMBL1126053,multiply activity for same test item,0.0,0.0,0.0,0.0
CHEMBL1126065,no issue,0.0,0.0,0.0,1.0
CHEMBL1126077,test Item with unknown chirality,0.0,0.0,0.0,0.0
CHEMBL1126080,no issue,0.0,0.0,22.5,0.0
CHEMBL1126087,highly correlated assays,0.0,0.0,264.5,67.0
CHEMBL1126089,high citation rate,0.0,0.0,282.0,36.0
CHEMBL1126090,no issue,2.0,11.5,0.0,0.0
CHEMBL1126099,no issue,0.5,0.0,0.0,0.0
CHEMBL1126105,multifunctional enzyme,0.0,0.0,0.0,0.0
CHEMBL1126106,highly correlated assays,4.5,11.5,0.0,0.0
CHEMBL1126112,no issue,0.0,0.0,29.0,0.0
CHEMBL1126126,no issue,0.0,0.0,0.0,0.0
CHEMBL1126134,exact data citation,0.0,0.0,2.5,7.5
CHEMBL1126154,no issue,0.0,0.0,3.5,0.5
CHEMBL1126169,highly correlated assays,0.0,0.0,56.0,50.0
CHEMBL1126244,no issue,5.5,9.5,0.0,0.0
CHEMBL1126247,no issue,0.0,0.0,2.0,0.0
CHEMBL1126275,multiply activity for same test item,0.0,0.0,3.0,0.0
CHEMBL1126285,no issue,0.0,0.0,0.0,0.0
CHEMBL1126311,no issue,4.0,0.0,0.0,0.0
CHEMBL1126554,no issue,0.0,0.0,0.0,0.0
CHEMBL1126562,no issue,0.5,0.5,0.0,0.0
CHEMBL1126565,highly correlated assays,5.0,3.0,0.0,0.0
CHEMBL1126573,no issue,2.0,8.5,0.0,0.0
CHEMBL1126574,exact data citation,1.0,9.0,0.0,0.0
CHEMBL1126589,no issue,0.0,0.0,0.0,2.0
CHEMBL1126590,test Item with unknown chirality,0.0,0.0,0.0,0.0
CHEMBL1126591,multiply activity for same test item,0.0,0.0,0.0,1.0
CHEMBL1126634,no issue,3.5,6.5,0.0,0.0
CHEMBL1126639,multiply activity for same test item,0.0,0.0,0.0,0.0
CHEMBL1126645,multiply activity for same test item,0.0,32.0,0.0,0.0
CHEMBL1126651,no issue,0.0,0.0,0.0,0.0
CHEMBL1126656,highly correlated assays,2.0,1.5,0.0,0.0
CHEMBL1126669,rounded data citation,0.0,0.0,13.5,2.0
CHEMBL1126671,no issue,10.0,0.0,0.0,0.0
CHEMBL1126680,no issue,0.0,0.0,0.5,0.0
CHEMBL1126687,no issue,19.0,0.0,0.0,0.0
CHEMBL1126706,no issue,4.0,40.0,0.0,0.0
CHEMBL1126708,multiply activity for same test item,0.0,1.5,0.0,0.0
CHEMBL1126739,exact data citation,2.0,1.5,0.0,0.0
CHEMBL1126740,test Item with unknown chirality,0.0,0.0,0.5,0.0
CHEMBL1126741,no issue,0.0,0.0,1.5,0.0
CHEMBL1126769,no issue,1.0,0.0,0.0,0.0
CHEMBL1126778,exact data citation,0.0,0.0,1.5,15.5
CHEMBL1126788,test Item with unknown chirality,0.0,0.0,0.0,0.0
CHEMBL1126811,no issue,0.0,0.0,2.5,1.0
CHEMBL1126828,no issue,0.0,0.0,21.0,33.0
CHEMBL1126830,test Item with unknown chirality,0.0,0.0,0.0,0.0
CHEMBL1126858,no issue,0.0,0.0,4.5,0.0
CHEMBL1126862,no issue,0.0,0.0,39.5,0.0
CHEMBL1126863,multiply activity for same test item,0.0,0.0,0.0,0.0
CHEMBL1126864,no issue,0.0,2.5,0.0,0.0
CHEMBL1126876,no issue,0.0,0.0,0.0,0.5
CHEMBL1126882,test Item with unknown chirality,0.0,0.0,9.5,0.0
CHEMBL1126884,no issue,0.0,0.0,2.0,0.0
CHEMBL1126886,multifunctional enzyme,2.0,69.5,0.0,0.0
CHEMBL1126899,no issue,1.5,9.0,0.0,0.0
CHEMBL1126905,no issue,0.5,0.0,0.0,0.0
CHEMBL1126907,no issue,0.5,0.0,0.0,0.0
CHEMBL1126910,no issue,0.0,0.0,0.5,0.0
CHEMBL1126914,test Item with unknown chirality,0.0,0.0,0.0,0.0
CHEMBL1126916,no issue,0.0,0.5,0.0,0.0
CHEMBL1126920,test Item with unknown chirality,0.0,0.0,0.0,0.0
CHEMBL1126921,test Item with unknown chirality,0.0,0.0,0.0,0.0
CHEMBL1126934,highly correlated assays,0.0,0.0,173.5,30.5
CHEMBL1126935,no issue,1.0,0.5,0.0,0.0
CHEMBL1126938,no issue,5.5,49.0,0.0,0.0
CHEMBL1126948,test Item with unknown chirality,2.5,1.0,0.0,0.0
CHEMBL1126960,no issue,0.0,0.0,61.5,0.0
CHEMBL1127021,shuffled assays,4.0,40.0,0.0,0.0
CHEMBL1127030,no issue,1.5,3.5,0.0,0.0
CHEMBL1127032,no issue,2.0,8.0,0.0,0.0
CHEMBL1127039,highly correlated assays,2.0,11.0,0.0,0.0
CHEMBL1127052,no issue,4.0,0.0,0.0,0.0
CHEMBL1127053,multiply activity for same test item,0.0,0.0,19.0,39.0
CHEMBL1127062,no issue,2.5,0.0,0.0,0.0
CHEMBL1127080,no issue,0.0,0.0,1.0,0.5
CHEMBL1127303,no issue,2.5,6.0,0.0,0.0
CHEMBL1127305,exact data citation,0.0,1.0,0.0,0.0
CHEMBL1127306,no issue,0.0,2.0,0.0,0.0
CHEMBL1127335,no issue,2.5,0.0,0.0,0.0
CHEMBL1127350,test Item with unknown chirality,0.0,0.0,0.0,0.0
CHEMBL1127353,test Item with unknown chirality,0.0,0.0,0.5,0.5
CHEMBL1127358,no issue,0.0,0.0,2.5,1.5
CHEMBL1127371,no issue,0.5,2.0,0.0,0.0
CHEMBL1127386,no issue,0.0,0.0,0.0,0.0
CHEMBL1127387,no issue,3.0,0.5,0.0,0.0
CHEMBL1127392,multiply activity for same test item,0.0,0.0,0.0,0.0
CHEMBL1127415,highly correlated assays,3.0,11.0,0.0,0.0
CHEMBL1127417,no issue,0.0,0.0,0.0,0.0
CHEMBL1127419,high citation rate,4.0,18.5,0.0,0.0
CHEMBL1127437,no issue,6.5,0.0,0.0,0.0
CHEMBL1127439,no issue,0.0,0.0,0.0,0.5
CHEMBL1127442,highly correlated assays,1.5,13.0,0.0,0.0
CHEMBL1127443,no issue,0.0,0.0,0.5,0.0
CHEMBL1127447,no issue,1.5,1.0,0.0,0.0
CHEMBL1127454,no issue,0.0,0.0,2.5,0.0
CHEMBL1127464,no issue,0.0,0.0,0.0,0.5
CHEMBL1127466,no issue,0.0,0.0,31.0,1.0
CHEMBL1127468,test Item with unknown chirality,0.0,0.0,0.0,19.0
CHEMBL1127483,no issue,0.0,0.0,9.0,0.0
CHEMBL1127494,multiply activity for same test item,0.0,0.0,0.0,0.0
CHEMBL1127506,highly correlated assays,5.0,18.5,0.0,0.0
CHEMBL1127512,exact data citation,0.0,0.0,13.5,2.0
CHEMBL1127520,no issue,0.0,0.0,9.5,1.0
CHEMBL1127537,no issue,0.0,0.0,15.0,0.0
CHEMBL1127542,multiply activity for same test item,1.0,0.0,0.0,0.0
CHEMBL1127543,no issue,3.0,0.0,0.0,0.0
CHEMBL1127544,multiply activity for same test item,0.0,0.0,0.0,0.0
CHEMBL1127546,test Item with unknown chirality,0.0,1.0,0.0,0.0
CHEMBL1127549,highly correlated assays,1.0,0.0,20.0,5.5
CHEMBL1127559,no issue,15.5,0.0,0.0,0.0
CHEMBL1127575,no issue,0.0,0.0,0.5,0.0
CHEMBL1127583,exact data citation,0.0,0.0,20.5,11.0
CHEMBL1127584,no issue,0.0,0.0,0.5,0.0
CHEMBL1127585,no issue,0.0,0.0,0.0,0.0
CHEMBL1127598,no issue,109.5,0.0,0.0,0.0
CHEMBL1127600,multiply activity for same test item,0.0,0.0,0.0,0.0
CHEMBL1127624,multiply activity for same test item,0.0,1.5,0.0,0.0
CHEMBL1127626,highly correlated assays,0.0,0.0,0.5,2.5
CHEMBL1127628,no issue,0.0,0.0,22.0,1.5
CHEMBL1127636,high citation rate,0.5,6.5,0.0,0.0
CHEMBL1127644,test Item with unknown chirality,0.0,0.0,1.5,0.5
CHEMBL1127645,no issue,0.0,0.0,2.0,2.0
CHEMBL1127648,no issue,3.0,0.0,0.0,0.0
CHEMBL1127663,review,0.5,0.5,0.0,0.0
CHEMBL1127677,test Item with unknown chirality,0.0,0.0,0.0,0.0
CHEMBL1127684,multiply activity for same test item,0.0,0.0,0.0,0.0
CHEMBL1127692,highly correlated assays,2.0,0.0,0.0,0.0
CHEMBL1127699,no issue,5.0,0.0,0.0,0.0
CHEMBL1127704,multifunctional enzyme,8.5,91.5,0.0,0.0
CHEMBL1127729,no issue,0.5,0.0,0.0,0.0
CHEMBL1127732,multiply activity for same test item,0.0,0.0,0.0,0.5
CHEMBL1127803,no issue,1.0,5.0,0.0,0.0
CHEMBL1127807,multiply activity for same test item,2.0,20.5,0.0,0.0
CHEMBL1127819,multifunctional enzyme,1.5,16.0,0.0,0.0
CHEMBL1127820,no issue,8.5,34.0,0.0,0.0
CHEMBL1127826,no issue,0.0,0.0,0.0,0.0
CHEMBL1127843,no issue,0.0,1.0,0.0,0.0
CHEMBL1128171,no issue,0.0,0.0,0.0,0.5
CHEMBL1128181,test Item with unknown chirality,0.0,0.0,0.0,1.0
CHEMBL1128198,multifunctional enzyme,6.5,131.0,0.0,0.0
CHEMBL1128204,high citation rate,672.0,40.0,0.0,0.0
CHEMBL1128205,test Item with unknown chirality,0.0,0.0,0.5,0.0
CHEMBL1128207,no issue,0.5,0.0,0.0,0.0
CHEMBL1128213,no issue,0.0,0.0,21.5,2.5
CHEMBL1128218,no issue,8.0,0.0,0.0,0.0
CHEMBL1128224,exact data citation,0.0,0.0,20.0,5.5
CHEMBL1128229,test Item with unknown chirality,0.0,0.0,0.5,0.0
CHEMBL1128234,highly correlated assays,2.0,5.5,0.0,0.0
CHEMBL1128249,multifunctional enzyme,8.5,88.5,0.0,0.0
CHEMBL1128259,multiply activity for same test item,0.0,0.0,0.0,0.0
CHEMBL1128272,no issue,0.0,0.0,0.0,1.0
CHEMBL1128278,no issue,4.0,4.0,0.0,0.0
CHEMBL1128284,no issue,1.0,0.0,0.0,0.0
CHEMBL1128303,highly correlated assays,84.0,10.5,0.0,0.0
CHEMBL1128311,multiply activity for same test item,2.0,30.5,0.0,0.0
CHEMBL1128312,no issue,0.0,0.0,12.5,0.5
CHEMBL1128320,test Item with unknown chirality,48.0,16.0,0.0,0.0
CHEMBL1128322,no issue,0.0,0.0,6.5,0.5
CHEMBL1128329,test Item with unknown chirality,0.0,0.0,0.0,8.0
CHEMBL1128351,multiply activity for same test item,0.0,0.0,2.0,4.5
CHEMBL1128352,multiply activity for same test item,1.0,3.0,0.0,0.0
CHEMBL1128361,test Item with unknown chirality,0.0,0.0,0.5,0.0
CHEMBL1128377,no issue,0.0,0.0,0.0,0.0
CHEMBL1128387,no issue,0.5,0.0,0.0,0.0
CHEMBL1128393,test Item with unknown chirality,23.0,2.5,0.0,0.0
CHEMBL1128394,multiply activity for same test item,16.0,0.0,0.0,0.0
CHEMBL1128403,no issue,0.0,0.0,1.5,0.0
CHEMBL1128404,no issue,0.0,0.0,0.0,1.0
CHEMBL1128411,no issue,0.0,6.0,0.0,0.0
CHEMBL1128425,no issue,0.0,0.0,0.5,1.0
CHEMBL1128438,highly correlated assays,23.0,11.0,0.0,0.0
CHEMBL1128439,no issue,0.5,1.5,0.0,0.0
CHEMBL1128444,no issue,0.0,0.0,17.0,13.0
CHEMBL1128457,test Item with unknown chirality,0.5,0.0,0.0,0.0
CHEMBL1128459,no issue,0.0,0.0,1.0,0.0
CHEMBL1128467,no issue,0.0,0.0,0.0,1.5
CHEMBL1128481,no issue,0.0,0.0,2.5,0.5
CHEMBL1128493,multiply activity for same test item,0.0,0.0,2.5,5.0
CHEMBL1128494,multiply activity for same test item,0.0,0.0,2.5,3.0
CHEMBL1128503,test Item with unknown chirality,0.0,0.0,0.0,0.0
CHEMBL1128524,no issue,0.0,0.0,0.0,0.0
CHEMBL1128530,review,0.0,0.0,25.5,1.5
CHEMBL1128544,no issue,0.0,0.0,18.5,1.0
CHEMBL1128546,no issue,0.0,0.0,9.5,0.0
CHEMBL1128547,multifunctional enzyme,0.5,2.0,0.0,0.0
CHEMBL1128550,multifunctional enzyme,2.5,97.0,0.0,0.0
CHEMBL1128554,highly correlated assays,1.5,9.5,0.0,0.0
CHEMBL1128558,multifunctional enzyme,1.5,13.0,0.0,0.0
CHEMBL1128592,no issue,99.0,20.5,0.0,0.0
CHEMBL1128595,no issue,30.5,0.0,0.0,0.0
CHEMBL1128667,test Item with unknown chirality,0.0,0.0,0.0,22.0
CHEMBL1128680,multifunctional enzyme,3.5,177.0,0.0,0.0
CHEMBL1128696,no issue,6.5,0.0,0.0,0.0
CHEMBL1128698,multifunctional enzyme,0.0,0.5,0.0,0.0
CHEMBL1128700,exact data citation,82.5,3.5,0.0,0.0
CHEMBL1128717,multifunctional enzyme,21.0,99.0,0.0,0.0
CHEMBL1128720,no issue,0.0,0.5,0.0,0.0
CHEMBL1128729,review,0.0,0.0,3.5,1.5
CHEMBL1128735,no issue,0.5,0.0,0.0,0.0
CHEMBL1129025,no issue,0.0,0.0,0.0,0.0
CHEMBL1129037,no issue,10.0,0.0,0.0,0.0
CHEMBL1129040,highly correlated assays,0.0,3.0,0.0,0.0
CHEMBL1129060,high citation rate,0.0,0.0,124.0,20.0
CHEMBL1129070,no issue,0.0,0.0,0.0,0.0
CHEMBL1129071,multiply activity for same test item,4.5,31.0,0.0,0.0
CHEMBL1129077,no issue,0.0,0.0,11.0,0.0
CHEMBL1129245,no issue,1.0,0.5,0.0,0.0
CHEMBL1129246,no issue,0.5,0.0,0.0,0.0
CHEMBL1129256,test Item with unknown chirality,0.0,0.0,1.0,0.0
CHEMBL1129270,no issue,3.0,0.0,0.0,0.0
CHEMBL1129272,review,0.0,0.0,2.5,0.0
CHEMBL1129280,highly correlated assays,0.0,0.0,163.5,0.0
CHEMBL1129283,test Item with unknown chirality,0.0,0.0,6.5,0.5
CHEMBL1129285,test Item with unknown chirality,0.0,0.0,0.0,2.0
CHEMBL1129294,test Item with unknown chirality,0.0,0.0,0.0,1.0
CHEMBL1129303,test Item with unknown chirality,0.0,0.0,0.0,0.0
CHEMBL1129306,no issue,0.0,0.0,118.0,6.5
CHEMBL1129307,highly correlated assays,0.0,0.0,100.0,5.0
CHEMBL1129308,no issue,0.0,0.0,1.0,0.0
CHEMBL1129309,multiply activity for same test item,0.0,0.0,10.5,1.5
CHEMBL1129316,no issue,0.0,0.0,0.0,0.5
CHEMBL1129338,test Item with unknown chirality,0.0,0.0,0.0,0.0
CHEMBL1129342,test Item with unknown chirality,0.0,0.0,0.0,0.0
CHEMBL1129349,no issue,0.0,0.0,0.0,0.0
CHEMBL1129363,no issue,110.0,37.0,0.0,0.0
CHEMBL1129375,no issue,0.0,0.0,2.5,1.0
CHEMBL1129380,no issue,1.0,0.5,0.0,0.0
CHEMBL1129381,no issue,0.0,0.0,85.5,8.0
CHEMBL1129384,no issue,0.0,0.0,0.0,0.0
CHEMBL1129396,multifunctional enzyme,0.0,4.0,0.0,0.0
CHEMBL1129404,no issue,0.0,0.0,0.0,2.0
CHEMBL1129437,test Item with unknown chirality,0.0,0.0,0.0,0.0
CHEMBL1129441,no issue,0.0,0.0,4.5,8.0
CHEMBL1129442,test Item with unknown chirality,0.0,0.0,0.0,0.5
CHEMBL1129447,no issue,0.0,0.0,8.5,10.5
CHEMBL1129452,high citation rate,772.5,108.0,0.0,0.0
CHEMBL1129453,test Item with unknown chirality,0.0,0.0,0.0,0.0
CHEMBL1129454,high citation rate,0.0,0.0,157.0,37.5
CHEMBL1129469,highly correlated assays,9.5,4.0,0.0,0.0
CHEMBL1129488,exact data citation,0.5,0.5,0.0,0.0
CHEMBL1129490,no issue,0.0,0.0,22.5,28.0
CHEMBL1129498,test Item with unknown chirality,0.0,0.0,0.0,0.0
CHEMBL1129505,no issue,0.0,0.0,1.0,0.0
CHEMBL1129514,no issue,0.0,0.0,1.5,4.0
CHEMBL1129518,no issue,0.0,0.0,2.5,0.0
CHEMBL1129524,no issue,4.5,0.0,0.0,0.0
CHEMBL1129525,multifunctional enzyme,36.5,113.0,0.0,0.0
CHEMBL1129527,no issue,0.0,0.0,0.0,0.0
CHEMBL1129538,no issue,0.0,0.0,0.0,0.0
CHEMBL1129539,multifunctional enzyme,4.5,75.0,0.0,0.0
CHEMBL1129555,no issue,1.5,0.0,0.0,0.0
CHEMBL1129558,multiply activity for same test item,2.0,2.0,0.0,0.0
CHEMBL1129561,no issue,28.0,4.5,0.5,1.0
CHEMBL1129562,no issue,0.0,0.0,0.0,2.5
CHEMBL1129563,highly correlated assays,0.0,0.0,31.0,6.5
CHEMBL1129564,no issue,15.0,3.0,0.0,0.0
CHEMBL1129572,no issue,0.0,0.0,0.0,0.0
CHEMBL1129583,multifunctional enzyme,2.0,121.5,0.0,0.0
CHEMBL1129585,multiply activity for same test item,0.0,0.0,0.0,17.0
CHEMBL1129610,no issue,106.5,0.0,0.0,0.0
CHEMBL1129620,no issue,0.0,0.0,0.0,0.0
CHEMBL1129625,no issue,0.0,0.0,6.0,1.5
CHEMBL1129626,no issue,0.0,0.0,33.5,38.0
CHEMBL1129637,highly correlated assays,0.0,4.0,0.0,0.0
CHEMBL1129641,test Item with unknown chirality,0.0,0.0,0.0,0.0
CHEMBL1129642,no issue,28.0,0.0,0.0,0.0
CHEMBL1129647,no issue,973.0,156.0,0.0,0.0
CHEMBL1129665,no issue,580.0,96.0,0.0,0.0
CHEMBL1129676,no issue,2.0,0.0,0.0,0.0
CHEMBL1129677,multiply activity for same test item,8.5,354.5,0.0,0.0
CHEMBL1129682,no issue,1.0,0.0,0.0,0.0
CHEMBL1129684,no issue,1.5,0.0,0.0,0.0
CHEMBL1129747,no issue,0.0,0.0,1.0,3.0
CHEMBL1129751,no issue,7.0,1.0,0.0,0.0
CHEMBL1129785,no issue,0.0,0.0,1.5,10.5
CHEMBL1129796,no issue,0.0,0.0,0.0,0.0
CHEMBL1129933,no issue,0.0,0.0,0.0,0.0
CHEMBL1129937,multifunctional enzyme,3.5,114.5,0.0,0.0
CHEMBL1129938,multifunctional enzyme,3.0,80.0,0.0,0.0
CHEMBL1129946,multiply activity for same test item,0.5,0.0,0.0,0.0
CHEMBL1129953,no issue,0.5,0.5,0.0,0.0
CHEMBL1129962,test Item with unknown chirality,49.5,0.0,0.0,0.0
CHEMBL1129967,no issue,2.0,0.0,8.5,2.0
CHEMBL1129975,no issue,0.0,0.0,0.0,0.0
CHEMBL1129976,multiply activity for same test item,0.0,0.0,9.0,0.0
CHEMBL1129981,no issue,0.5,0.0,0.0,0.0
CHEMBL1129987,test Item with unknown chirality,0.0,0.0,0.0,1.0
CHEMBL1129989,highly correlated assays,0.0,2.0,0.0,0.0
CHEMBL1129993,no issue,0.0,0.0,0.0,0.0
CHEMBL1129995,multiply activity for same test item,0.0,0.0,0.5,4.5
CHEMBL1129998,review,7.0,0.0,0.0,0.0
CHEMBL1130003,test Item with unknown chirality,0.0,0.0,1.0,0.0
CHEMBL1130009,no issue,0.0,0.0,87.0,1.5
CHEMBL1130027,highly correlated assays,0.0,0.0,0.5,3.0
CHEMBL1130030,no issue,1.5,0.0,0.0,0.0
CHEMBL1130034,highly correlated assays,0.0,0.5,0.0,0.0
CHEMBL1130044,no issue,0.0,0.0,11.0,2.0
CHEMBL1130053,multiply activity for same test item,0.0,0.0,39.0,0.0
CHEMBL1130059,no issue,0.0,0.5,0.0,0.0
CHEMBL1130062,multifunctional enzyme,3.0,37.0,0.0,0.0
CHEMBL1130088,no issue,0.0,0.5,0.0,0.0
CHEMBL1130107,no issue,0.0,0.0,11.5,0.0
CHEMBL1130114,no issue,0.0,0.0,256.0,192.0
CHEMBL1130137,no issue,49.0,0.0,0.0,0.0
CHEMBL1130143,no issue,1.0,0.0,0.0,0.0
CHEMBL1130150,multifunctional enzyme,1.0,28.0,0.0,0.0
CHEMBL1130161,highly correlated assays,0.0,0.0,47.0,10.0
CHEMBL1130172,multiply activity for same test item,0.0,0.0,6.0,0.0
CHEMBL1130177,no issue,0.0,0.0,1.0,0.0
CHEMBL1130180,test Item with unknown chirality,23.0,1.0,0.0,0.0
CHEMBL1130193,no issue,0.0,1.0,0.0,0.0
CHEMBL1130195,no issue,0.0,0.0,3.0,2.0
CHEMBL1130196,no issue,2.5,2.0,0.0,0.0
CHEMBL1130223,no issue,5.5,0.0,0.0,0.0
CHEMBL1130226,multifunctional enzyme,1.5,21.0,0.0,0.0
CHEMBL1130228,no issue,0.0,0.0,8.5,0.0
CHEMBL1130235,multiply activity for same test item,0.0,0.5,0.0,0.0
CHEMBL1130242,highly correlated assays,8.5,63.5,0.0,0.0
CHEMBL1130259,highly correlated assays,0.0,0.0,44.0,14.0
CHEMBL1130263,no issue,6.5,0.0,0.0,0.0
CHEMBL1130264,test Item with unknown chirality,0.5,0.0,0.0,0.0
CHEMBL1130267,no issue,0.0,0.0,7.5,0.0
CHEMBL1130297,test Item with unknown chirality,0.0,1.5,0.0,0.0
CHEMBL1130317,no issue,8.0,0.0,0.0,0.0
CHEMBL1130338,highly correlated assays,0.0,0.0,38.5,0.0
CHEMBL1130351,multifunctional enzyme,10.0,66.0,0.0,0.0
CHEMBL1130385,multifunctional enzyme,1.5,67.5,0.0,0.0
CHEMBL1130392,no issue,10.0,12.0,0.0,0.0
CHEMBL1130404,exact data citation,0.0,0.5,0.0,0.0
CHEMBL1130409,no issue,0.0,0.5,0.0,0.0
CHEMBL1130410,no issue,7.0,0.0,0.0,0.0
CHEMBL1130416,no issue,0.0,0.0,13.0,0.0
CHEMBL1130417,no issue,0.0,2.0,0.0,0.0
CHEMBL1130425,highly correlated assays,2.5,12.5,0.0,0.0
CHEMBL1130595,no issue,0.0,0.0,2.0,0.0
CHEMBL1130597,multiply activity for same test item,0.0,0.0,22.5,0.0
CHEMBL1130605,no issue,1.0,0.0,0.0,0.0
CHEMBL1130641,no issue,0.5,0.0,0.0,0.0
CHEMBL1130663,highly correlated assays,0.0,0.0,192.0,161.5
CHEMBL1130696,test Item with unknown chirality,0.0,0.0,0.0,1.0
CHEMBL1130713,no issue,0.0,0.0,2.0,1.0
CHEMBL1130737,no issue,1.0,0.0,0.0,0.0
CHEMBL1130759,no issue,4.0,0.0,0.0,0.0
CHEMBL1130772,no issue,0.0,0.0,1.0,4.0
CHEMBL1130776,no issue,0.0,0.0,8.5,11.5
CHEMBL1130778,highly correlated assays,0.0,0.0,4.0,8.5
CHEMBL1130789,test Item with unknown chirality,0.0,0.0,0.0,0.0
CHEMBL1130795,no issue,0.5,0.0,0.0,0.0
CHEMBL1130802,test Item with unknown chirality,0.0,0.0,1.0,0.0
CHEMBL1130807,exact data citation,0.0,0.0,1.0,1.0
CHEMBL1130840,high citation rate,772.5,182.5,0.0,0.0
CHEMBL1130864,no issue,0.0,0.0,0.0,1.0
CHEMBL1130877,no issue,0.0,0.0,15.0,0.0
CHEMBL1130882,multiply activity for same test item,0.0,0.0,20.5,1.0
CHEMBL1130911,no issue,1.5,0.0,0.0,0.0
CHEMBL1130919,no issue,5.5,0.0,0.0,0.0
CHEMBL1130936,no issue,0.0,0.0,0.0,3.5
CHEMBL1130950,no issue,0.0,0.5,0.0,0.0
CHEMBL1130956,no issue,0.5,0.0,0.0,0.0
CHEMBL1130957,no issue,0.0,0.0,0.5,0.5
CHEMBL1130979,no issue,0.5,8.5,0.0,0.0
CHEMBL1130987,no issue,0.5,0.0,0.0,0.0
CHEMBL1131003,highly correlated assays,0.0,0.0,8.0,22.5
CHEMBL1131007,no issue,4.5,6.5,0.0,0.0
CHEMBL1131015,no issue,0.0,0.0,0.0,0.0
CHEMBL1131027,no issue,3.5,1.0,0.0,0.0
CHEMBL1131028,no issue,0.0,0.0,12.0,1.0
CHEMBL1131034,highly correlated assays,0.0,0.0,10.5,2.5
CHEMBL1131035,no issue,0.0,0.0,0.0,0.0
CHEMBL1131038,no issue,0.5,0.0,0.0,0.0
CHEMBL1131039,no issue,6.5,9.0,0.0,0.0
CHEMBL1131041,no issue,0.0,0.0,108.0,87.0
CHEMBL1131047,no issue,4.5,48.0,0.0,0.0
CHEMBL1131053,no issue,0.5,0.0,0.0,0.0
CHEMBL1131063,exact data citation,0.0,3.0,0.0,0.0
CHEMBL1131082,no issue,16.0,2.0,6.5,0.0
CHEMBL1131083,multiply activity for same test item,0.0,0.0,0.0,0.0
CHEMBL1131086,multiply activity for same test item,0.0,0.0,0.0,17.0
CHEMBL1131090,highly correlated assays,0.0,0.0,0.0,12.5
CHEMBL1131091,highly correlated assays,16.0,4.0,6.5,2.5
CHEMBL1131110,no issue,0.0,3.0,0.0,0.0
CHEMBL1131114,multiply activity for same test item,0.5,0.0,0.0,0.0
CHEMBL1131116,no issue,0.0,0.0,0.0,1.5
CHEMBL1131117,no issue,0.0,0.0,0.0,0.0
CHEMBL1131129,no issue,11.0,0.0,0.0,0.0
CHEMBL1131132,no issue,0.5,0.0,0.0,0.0
CHEMBL1131133,no issue,0.0,0.0,104.5,8.0
CHEMBL1131138,no issue,0.5,14.5,0.0,0.0
CHEMBL1131144,rounded data citation,0.0,0.0,89.0,101.0
CHEMBL1131161,no issue,1.0,3.0,0.0,2.0
CHEMBL1131165,exact data citation,0.0,2.5,0.0,0.0
CHEMBL1131172,multifunctional enzyme,3.5,107.0,0.0,0.0
CHEMBL1131177,exact data citation,0.0,3.5,0.0,0.0
CHEMBL1131179,no issue,2.5,3.0,0.0,0.0
CHEMBL1131197,highly correlated assays,0.0,0.0,132.0,22.5
CHEMBL1131210,no issue,0.0,0.0,0.0,0.0
CHEMBL1131217,highly correlated assays,0.0,4.0,0.0,0.0
CHEMBL1131224,no issue,0.0,0.0,0.0,1.5
CHEMBL1131238,shuffled assays,0.0,0.0,90.0,123.0
CHEMBL1131241,exact data citation,0.0,0.0,1.5,2.0
CHEMBL1131242,no issue,4.0,0.0,8.0,16.5
CHEMBL1131246,no issue,0.0,0.0,17.5,9.0
CHEMBL1131275,no issue,3.0,0.5,0.0,0.0
CHEMBL1131282,highly correlated assays,0.0,0.0,19.5,0.5
CHEMBL1131294,no issue,0.0,0.0,0.0,1.5
CHEMBL1131299,no issue,0.0,0.0,1.5,9.5
CHEMBL1131301,highly correlated assays,0.0,5.0,0.0,0.0
CHEMBL1131303,test Item with unknown chirality,16.5,0.0,0.0,0.0
CHEMBL1131307,shuffled assays,4.0,48.0,0.0,0.0
CHEMBL1131311,no issue,1.0,0.5,0.0,0.0
CHEMBL1131324,no issue,0.0,0.0,5.0,0.0
CHEMBL1131327,multifunctional enzyme,1.5,49.5,0.0,0.0
CHEMBL1131335,no issue,0.0,0.0,1.5,0.0
CHEMBL1131343,highly correlated assays,0.0,0.0,8.5,18.0
CHEMBL1131348,no issue,0.0,0.0,4.0,0.0
CHEMBL1131349,no issue,0.0,0.0,0.0,1.0
CHEMBL1131363,rounded data citation,0.0,0.0,7.0,0.0
CHEMBL1131370,test Item with unknown chirality,0.0,0.0,1.0,0.0
CHEMBL1131416,no issue,0.0,0.0,6.0,36.0
CHEMBL1131434,highly correlated assays,0.0,0.0,200.0,212.0
CHEMBL1131444,no issue,9.0,0.0,0.0,0.0
CHEMBL1131447,no issue,5.0,0.0,0.0,0.0
CHEMBL1131451,no issue,0.0,0.0,2.0,0.0
CHEMBL1131452,no issue,25.0,2.5,0.0,0.0
CHEMBL1131460,no issue,5.0,0.0,0.0,0.0
CHEMBL1131472,multiply activity for same test item,0.0,0.0,2.5,0.5
CHEMBL1131473,no issue,0.0,2.0,0.0,0.0
CHEMBL1131479,test Item with unknown chirality,0.0,0.0,3.0,0.0
CHEMBL1131491,highly correlated assays,39.0,0.0,0.0,0.0
CHEMBL1131492,no issue,68.0,0.0,0.0,0.0
CHEMBL1131494,test Item with unknown chirality,22.0,2.5,0.0,0.5
CHEMBL1131495,multifunctional enzyme,8.5,88.5,0.0,0.0
CHEMBL1131505,no issue,0.0,0.0,8.5,2.0
CHEMBL1131506,no issue,0.0,0.5,0.0,0.0
CHEMBL1131511,shuffled assays,0.0,0.0,21.0,14.5
CHEMBL1131530,multifunctional enzyme,1.0,31.5,0.0,0.0
CHEMBL1131533,no issue,0.0,0.0,3.0,0.0
CHEMBL1131555,no issue,0.0,0.0,0.5,3.5
CHEMBL1131557,highly correlated assays,0.0,0.0,2.5,2.5
CHEMBL1131583,multifunctional enzyme,18.5,427.0,0.0,0.0
CHEMBL1131584,test Item with unknown chirality,0.0,0.0,1.5,1.5
CHEMBL1131588,exact data citation,0.0,3.5,0.0,0.0
CHEMBL1131608,highly correlated assays,0.0,0.0,15.5,15.5
CHEMBL1131614,no issue,0.5,0.0,0.0,0.0
CHEMBL1131617,no issue,1.0,0.0,0.0,0.0
CHEMBL1131622,test Item with unknown chirality,1.5,0.0,0.0,0.0
CHEMBL1131624,highly correlated assays,1.0,9.0,0.0,0.0
CHEMBL1131626,multiply activity for same test item,0.0,0.0,1.0,14.5
CHEMBL1131630,no issue,0.0,0.0,0.0,4.5
CHEMBL1131634,multiply activity for same test item,0.0,0.0,0.0,0.0
CHEMBL1131645,no issue,62.0,0.0,0.0,0.0
CHEMBL1131656,exact data citation,0.0,0.0,3.0,0.0
CHEMBL1131666,no issue,0.0,2.0,0.0,0.0
CHEMBL1131677,exact data citation,0.0,0.5,0.0,0.0
CHEMBL1131728,test Item with unknown chirality,0.0,0.0,0.5,0.0
CHEMBL1131738,no issue,110.5,5.5,0.0,0.0
CHEMBL1131754,no issue,43.0,1.0,0.0,0.0
CHEMBL1131758,no issue,0.0,2.0,0.0,0.0
CHEMBL1131762,exact data citation,0.0,2.0,0.0,0.0
CHEMBL1131765,multiply activity for same test item,127.5,2.5,0.0,0.0
CHEMBL1131772,multiply activity for same test item,0.0,0.0,4.0,6.5
CHEMBL1131793,no issue,2.0,0.0,0.0,0.0
CHEMBL1131797,test Item with unknown chirality,0.0,1.0,0.0,0.0
CHEMBL1131799,no issue,16.0,0.0,0.0,0.0
CHEMBL1131801,exact data citation,0.0,0.0,3.0,0.0
CHEMBL1131809,test Item with unknown chirality,11.0,2.0,0.0,0.0
CHEMBL1131814,rounded data citation,0.0,0.5,0.0,0.0
CHEMBL1131815,no issue,0.0,0.0,472.0,16.0
CHEMBL1131821,highly correlated assays,115.0,2.5,0.0,0.0
CHEMBL1131836,no issue,11.5,1.0,0.0,0.0
CHEMBL1131846,no issue,0.5,0.0,0.0,0.0
CHEMBL1131871,no issue,0.0,0.0,115.0,39.0
CHEMBL1131872,no issue,0.0,0.0,0.5,1.0
CHEMBL1131882,exact data citation,0.0,0.0,2.0,1.0
CHEMBL1131883,rounded data citation,68.0,1.5,0.0,0.0
CHEMBL1131886,test Item with unknown chirality,0.0,0.0,3.0,0.0
CHEMBL1131888,no issue,0.0,0.0,0.0,7.0
CHEMBL1131894,rounded data citation,0.0,0.0,36.0,36.0
CHEMBL1131908,exact data citation,0.0,0.0,64.0,80.0
CHEMBL1131913,no issue,2.0,0.0,0.0,0.0
CHEMBL1131915,no issue,0.5,0.0,0.0,0.0
CHEMBL1131917,test Item with unknown chirality,0.0,1.0,0.0,0.0
CHEMBL1131972,no issue,0.0,1.0,0.0,0.0
CHEMBL1131991,exact data citation,0.0,0.0,2.0,1.0
CHEMBL1132013,no issue,0.0,0.0,0.0,0.0
CHEMBL1132042,no issue,0.0,0.0,0.0,1.0
CHEMBL1132049,no issue,0.5,0.5,0.0,0.0
CHEMBL1132050,exact data citation,0.5,0.5,0.0,0.0
CHEMBL1132078,test Item with unknown chirality,0.0,0.0,0.0,0.0
CHEMBL1132091,exact data citation,0.0,0.5,0.0,0.0
CHEMBL1132097,no issue,0.0,0.0,0.0,1.0
CHEMBL1132110,exact data citation,0.0,0.0,0.0,1.5
CHEMBL1132112,no issue,0.0,2.5,0.0,0.0
CHEMBL1132121,no issue,0.0,0.0,2.0,0.0
CHEMBL1132130,no issue,0.0,0.5,0.0,0.0
CHEMBL1132136,no issue,0.0,0.0,0.0,1.0
CHEMBL1132152,no issue,0.0,0.0,0.5,5.0
CHEMBL1132154,no issue,0.0,0.0,0.0,1.0
CHEMBL1132164,test Item with unknown chirality,0.0,1.5,0.0,0.0
CHEMBL1132179,no issue,36.0,1.5,27.5,1.5
CHEMBL1132183,no issue,0.0,0.0,26.0,23.5
CHEMBL1132186,multifunctional enzyme,6.0,61.0,0.0,0.0
CHEMBL1132188,no issue,0.0,1.5,0.0,1.0
CHEMBL1132204,highly correlated assays,13.5,5.5,8.5,3.0
CHEMBL1132209,highly correlated assays,0.0,0.0,0.5,5.5
CHEMBL1132213,no issue,8.5,0.0,0.0,0.0
CHEMBL1132222,no issue,48.0,0.0,0.0,0.0
CHEMBL1132229,multifunctional enzyme,0.0,0.0,0.0,2.0
CHEMBL1132261,multifunctional enzyme,3.5,143.5,0.0,0.0
CHEMBL1132271,no issue,1.5,0.5,0.0,0.0
CHEMBL1132276,test Item with unknown chirality,0.5,0.0,0.0,0.0
CHEMBL1132277,no issue,0.0,0.0,0.0,180.0
CHEMBL1132301,no issue,0.0,0.0,0.0,12.5
CHEMBL1132318,multiply activity for same test item,0.0,0.0,0.0,0.0
CHEMBL1132337,test Item with unknown chirality,0.0,0.0,0.0,0.5
CHEMBL1132343,no issue,44.5,0.0,0.0,0.0
CHEMBL1132368,highly correlated assays,0.0,0.0,37.5,0.0
CHEMBL1132373,highly correlated assays,0.0,0.0,22.5,30.0
CHEMBL1132375,multifunctional enzyme,0.0,0.0,0.0,2.0
CHEMBL1132386,review,0.0,6.5,0.0,0.0
CHEMBL1132420,exact data citation,0.0,0.5,0.0,0.0
CHEMBL1132431,highly correlated assays,114.0,156.0,0.0,0.0
CHEMBL1132432,multiply activity for same test item,2344.0,196.0,0.0,0.0
CHEMBL1132439,no issue,0.0,0.0,0.5,0.0
CHEMBL1132449,no issue,0.0,0.0,0.0,1.5
CHEMBL1132454,no issue,14.5,0.5,0.0,0.0
CHEMBL1132457,no issue,0.0,2.5,9.0,69.0
CHEMBL1132467,test Item with unknown chirality,1.5,0.0,0.0,0.0
CHEMBL1132469,no issue,5.5,4.5,0.0,0.0
CHEMBL1132488,no issue,0.0,0.0,0.5,1.5
CHEMBL1132492,no issue,5.0,0.0,0.0,0.0
CHEMBL1132503,highly correlated assays,110.5,5.5,0.0,0.0
CHEMBL1132508,no issue,0.0,2.0,0.0,0.0
CHEMBL1132512,no issue,0.0,0.0,0.0,0.0
CHEMBL1132519,exact data citation,0.0,0.0,12.5,1.5
CHEMBL1132530,no issue,9.0,2.5,0.0,0.0
CHEMBL1132531,no issue,0.0,0.0,8.0,0.0
CHEMBL1132537,test Item with unknown chirality,0.0,0.0,0.5,0.0
CHEMBL1132552,exact data citation,0.0,0.0,0.0,4.5
CHEMBL1132554,no issue,0.0,0.0,0.0,0.0
CHEMBL1132572,multiply activity for same test item,17.0,0.0,0.0,0.0
CHEMBL1132581,no issue,0.0,0.0,0.0,2.5
CHEMBL1132584,no issue,65.0,27.5,0.0,0.0
CHEMBL1132590,no issue,115.0,1.5,0.0,0.0
CHEMBL1132594,no issue,0.0,0.0,14.0,0.0
CHEMBL1132605,multifunctional enzyme,13.0,61.0,0.0,0.0
CHEMBL1132609,no issue,0.0,0.0,2.0,0.0
CHEMBL1132621,no issue,25.0,0.0,0.0,0.0
CHEMBL1132626,no issue,18.0,0.0,0.0,0.0
CHEMBL1132635,highly correlated assays,0.0,0.0,5.0,2.5
CHEMBL1132637,no issue,1.5,0.0,0.0,0.0
CHEMBL1132659,no issue,24.0,4.0,0.0,0.0
CHEMBL1132660,exact data citation,0.0,0.0,114.5,0.0
CHEMBL1132669,no issue,0.0,0.0,0.0,0.0
CHEMBL1132688,exact data citation,0.0,1.0,0.0,0.0
CHEMBL1132690,highly correlated assays,8.0,2.5,8.5,2.5
CHEMBL1132697,no issue,0.0,0.0,1.5,0.0
CHEMBL1132698,no issue,0.0,1.0,0.0,0.0
CHEMBL1132702,no issue,0.0,0.0,61.5,2.0
CHEMBL1132711,exact data citation,0.0,0.0,1.0,1.5
CHEMBL1132720,highly correlated assays,0.0,5.0,0.0,0.0
CHEMBL1132724,highly correlated assays,0.0,0.0,68.5,81.5
CHEMBL1132734,highly correlated assays,0.0,0.0,28.5,1.0
CHEMBL1132739,no issue,0.5,7.5,0.0,0.0
CHEMBL1132758,no issue,345.0,23.5,0.0,0.0
CHEMBL1132763,multiply activity for same test item,0.0,0.0,13.5,155.0
CHEMBL1132788,no issue,0.0,0.0,10.0,1.5
CHEMBL1132804,no issue,0.0,0.0,0.0,0.0
CHEMBL1132837,multiply activity for same test item,0.0,0.0,0.0,0.0
CHEMBL1132843,test Item with unknown chirality,0.0,0.0,6.5,0.5
CHEMBL1132855,no issue,1.0,0.0,0.0,0.0
CHEMBL1132863,highly correlated assays,1.5,3.0,0.0,0.0
CHEMBL1132880,no issue,0.0,0.0,1.5,0.0
CHEMBL1132913,no issue,0.5,0.0,0.0,0.0
CHEMBL1132914,no issue,0.0,0.0,0.0,1.0
CHEMBL1132939,no issue,0.0,0.0,9.0,2.0
CHEMBL1132961,multiply activity for same test item,0.0,1.5,0.0,0.0
CHEMBL1132967,no issue,0.0,3.0,0.0,0.0
CHEMBL1132980,no issue,0.0,0.0,4.5,5.5
CHEMBL1132981,no issue,0.0,0.0,14.0,0.0
CHEMBL1132996,no issue,0.0,0.0,2.5,3.0
CHEMBL1133025,no issue,0.0,0.0,6.0,2.5
CHEMBL1133030,no issue,0.0,3.0,0.0,0.0
CHEMBL1133037,exact data citation,2.5,2.0,0.0,0.0
CHEMBL1133050,test Item with unknown chirality,0.0,0.0,0.0,0.0
CHEMBL1133052,no issue,0.0,6.0,0.0,0.0
CHEMBL1133054,shuffled assays,0.0,0.0,0.0,1.5
CHEMBL1133086,multifunctional enzyme,3.0,39.0,0.0,0.0
CHEMBL1133101,no issue,0.0,0.0,1.5,0.0
CHEMBL1133109,no issue,0.0,0.0,3.5,2.0
CHEMBL1133116,test Item with unknown chirality,0.5,0.5,0.0,0.0
CHEMBL1133118,high citation rate,0.0,2.5,19.5,134.0
CHEMBL1133121,no issue,0.0,0.0,4.0,0.0
CHEMBL1133123,no issue,0.0,0.0,2.5,0.0
CHEMBL1133161,no issue,0.0,0.0,18.5,11.0
CHEMBL1133167,highly correlated assays,0.0,0.0,22.5,23.5
CHEMBL1133171,multiply activity for same test item,3.5,0.0,0.0,0.0
CHEMBL1133177,no issue,0.0,0.0,5.0,0.0
CHEMBL1133183,no issue,2.0,0.0,0.0,0.0
CHEMBL1133185,no issue,102.0,0.5,0.0,0.0
CHEMBL1133231,no issue,0.0,0.0,7.5,1.5
CHEMBL1133251,exact data citation,0.0,0.0,43.0,45.5
CHEMBL1133255,no issue,0.0,0.0,1.0,1.0
CHEMBL1133256,multiply activity for same test item,0.0,0.0,18.0,0.0
CHEMBL1133257,no issue,0.0,2.5,0.0,0.0
CHEMBL1133258,multiply activity for same test item,61.5,1.5,0.0,0.0
CHEMBL1133265,test Item with unknown chirality,0.0,0.0,1.0,0.0
CHEMBL1133281,no issue,4.0,0.5,0.0,0.0
CHEMBL1133322,exact data citation,4.5,6.5,0.0,0.0
CHEMBL1133345,no issue,0.0,0.5,0.0,0.0
CHEMBL1133346,rounded data citation,0.0,0.5,0.0,0.0
CHEMBL1133354,no issue,0.0,0.0,1.0,1.0
CHEMBL1133369,exact data citation,0.0,0.0,2.0,21.0
CHEMBL1133403,no issue,4.0,6.0,0.0,0.0
CHEMBL1133411,no issue,0.0,0.5,0.0,0.0
CHEMBL1133417,test Item with unknown chirality,0.0,0.0,6.0,0.0
CHEMBL1133419,no issue,0.0,0.0,14.5,0.0
CHEMBL1133436,no issue,0.0,0.0,3.5,1.0
CHEMBL1133437,no issue,0.0,1.5,0.0,0.0
CHEMBL1133438,no issue,95.5,2.0,0.0,0.0
CHEMBL1133448,multiply activity for same test item,15.0,0.0,0.0,0.0
CHEMBL1133457,no issue,22.5,2.5,0.0,0.0
CHEMBL1133458,multiply activity for same test item,0.0,0.0,17.0,0.0
CHEMBL1133485,multiply activity for same test item,8.5,486.5,10.0,205.5
CHEMBL1133495,no issue,18.5,0.0,0.0,0.0
CHEMBL1133510,no issue,15.0,11.5,0.0,0.0
CHEMBL1133517,no issue,0.0,0.0,3.0,2.0
CHEMBL1133533,highly correlated assays,0.0,0.0,12.5,41.0
CHEMBL1133541,review,0.0,0.0,34.0,1.0
CHEMBL1133542,no issue,0.0,0.0,1.0,0.0
CHEMBL1133553,no issue,0.5,0.5,0.0,0.0
CHEMBL1133559,multiply activity for same test item,3.0,0.0,0.0,0.0
CHEMBL1133560,no issue,0.0,0.0,4.5,0.0
CHEMBL1133568,no issue,108.0,0.0,0.0,0.0
CHEMBL1133572,highly correlated assays,0.0,0.0,20.0,0.0
CHEMBL1133579,no issue,0.0,0.0,0.5,0.0
CHEMBL1133582,no issue,0.0,0.0,1.0,23.0
CHEMBL1133587,highly correlated assays,0.0,3.5,0.0,0.0
CHEMBL1133589,no issue,21.0,2.0,0.0,0.0
CHEMBL1133595,no issue,8.0,0.0,0.0,0.0
CHEMBL1133607,no issue,0.0,0.0,13.0,6.0
CHEMBL1133609,highly correlated assays,13.0,0.0,0.0,0.0
CHEMBL1133610,no issue,0.0,0.0,2.0,0.0
CHEMBL1133616,no issue,0.0,0.0,13.5,11.0
CHEMBL1133617,multifunctional enzyme,4.0,27.0,0.0,0.0
CHEMBL1133652,highly correlated assays,0.0,0.0,21.5,24.5
CHEMBL1133662,highly correlated assays,36.0,1.5,27.5,1.5
CHEMBL1133688,no issue,3.0,1.0,0.0,0.0
CHEMBL1133692,highly correlated assays,1.0,3.5,0.0,0.0
CHEMBL1133694,no issue,0.5,0.0,0.0,0.0
CHEMBL1133710,no issue,0.0,0.0,144.5,42.5
CHEMBL1133718,no issue,40.0,8.0,0.0,0.0
CHEMBL1133723,no issue,21.5,0.0,0.0,0.0
CHEMBL1133724,no issue,0.0,0.0,5.0,0.0
CHEMBL1133725,exact data citation,0.0,0.0,14.0,5.0
CHEMBL1133730,no issue,0.0,0.0,27.0,5.0
CHEMBL1133741,no issue,3.5,3.0,0.0,0.0
CHEMBL1133742,exact data citation,0.0,1.0,0.0,0.0
CHEMBL1133759,high citation rate,0.0,0.0,108.0,32.5
CHEMBL1133760,no issue,0.0,0.5,0.0,0.0
CHEMBL1133781,test Item with unknown chirality,0.0,0.0,0.0,0.5
CHEMBL1133786,no issue,0.0,0.0,0.5,0.0
CHEMBL1133828,no issue,1.0,2.0,0.0,0.0
CHEMBL1133829,no issue,30.5,0.0,0.0,0.0
CHEMBL1133855,no issue,0.0,0.0,34.0,6.5
CHEMBL1133862,no issue,10.0,0.0,0.0,0.0
CHEMBL1133891,no issue,0.0,0.0,2.5,0.5
CHEMBL1133894,multiply activity for same test item,0.0,0.0,1.0,1.5
CHEMBL1133895,no issue,1.0,1.0,0.0,0.0
CHEMBL1133896,no issue,0.0,0.5,0.0,0.0
CHEMBL1133897,test Item with unknown chirality,1.5,0.0,0.0,0.0
CHEMBL1133898,highly correlated assays,0.0,0.0,11.5,10.5
CHEMBL1133903,no issue,0.0,0.0,0.0,0.0
CHEMBL1133924,exact data citation,1.0,1.0,0.0,0.0
CHEMBL1133954,exact data citation,21.0,2.0,0.0,0.0
CHEMBL1133964,test Item with unknown chirality,0.0,0.0,0.0,6.0
CHEMBL1133982,no issue,1.0,1.0,0.0,0.0
CHEMBL1134007,multifunctional enzyme,23.0,0.0,0.0,0.0
CHEMBL1134016,no issue,0.0,0.0,22.5,5.0
CHEMBL1134017,exact data citation,16.0,6.0,0.0,0.0
CHEMBL1134032,no issue,0.0,0.0,0.5,0.0
CHEMBL1134040,no issue,1.0,1.0,0.0,0.0
CHEMBL1134070,exact data citation,0.0,0.0,0.0,2.0
CHEMBL1134077,no issue,0.0,0.0,4.5,0.5
CHEMBL1134080,no issue,0.0,0.0,0.0,0.0
CHEMBL1134081,no issue,0.0,0.0,0.0,0.0
CHEMBL1134084,multiply activity for same test item,0.0,0.0,0.0,0.0
CHEMBL1134092,no issue,0.0,0.0,2.5,5.0
CHEMBL1134100,no issue,0.0,0.0,0.5,0.0
CHEMBL1134106,test Item with unknown chirality,6.5,0.0,0.0,0.0
CHEMBL1134129,no issue,0.0,0.0,0.0,4.5
CHEMBL1134157,highly correlated assays,5.0,2.5,0.0,0.0
CHEMBL1134194,no issue,15.0,5.0,0.0,0.0
CHEMBL1134202,no issue,1.0,1.5,0.0,0.0
CHEMBL1134203,no issue,0.0,2.0,0.0,0.0
CHEMBL1134211,exact data citation,0.0,0.0,2.5,24.5
CHEMBL1134213,exact data citation,0.0,0.0,0.0,0.5
CHEMBL1134240,no issue,0.0,0.0,15.5,4.0
CHEMBL1134245,no issue,0.0,0.0,12.5,0.0
CHEMBL1134250,no issue,0.0,1.5,0.0,0.0
CHEMBL1134281,no issue,1.0,0.0,0.0,0.0
CHEMBL1134289,no issue,0.0,0.5,0.0,0.0
CHEMBL1134308,no issue,0.0,0.0,0.5,0.0
CHEMBL1134328,no issue,0.0,0.0,3.0,0.5
CHEMBL1134334,no issue,0.0,0.0,4.0,0.0
CHEMBL1134335,no issue,0.0,0.5,0.0,0.0
CHEMBL1134342,review,0.0,0.0,34.0,1.0
CHEMBL1134355,highly correlated assays,29.0,32.5,0.0,0.0
CHEMBL1134358,test Item with unknown chirality,0.0,0.0,0.5,1.5
CHEMBL1134360,no issue,0.0,0.0,2.5,0.5
CHEMBL1134363,no issue,0.0,0.0,8.0,0.0
CHEMBL1134365,no issue,0.0,0.0,0.0,0.0
CHEMBL1134402,multiply activity for same test item,0.0,0.0,11.0,8.5
CHEMBL1134410,no issue,0.0,0.5,0.0,0.0
CHEMBL1134413,no issue,0.0,0.0,12.5,13.0
CHEMBL1134415,no issue,0.5,0.0,0.0,0.0
CHEMBL1134439,multiply activity for same test item,0.0,0.0,8.5,4.0
CHEMBL1134445,no issue,0.0,0.0,16.0,3.5
CHEMBL1134453,test Item with unknown chirality,0.0,0.0,0.0,0.0
CHEMBL1134475,no issue,0.0,0.0,0.0,0.5
CHEMBL1134479,shuffled assays,115.5,16.5,0.0,0.0
CHEMBL1134494,no issue,27.5,0.0,0.0,0.0
CHEMBL1134497,exact data citation,0.0,0.5,0.0,0.0
CHEMBL1134503,multifunctional enzyme,4.5,73.0,0.0,0.0
CHEMBL1134506,no issue,22.5,4.0,0.0,0.0
CHEMBL1134508,no issue,1.0,11.5,0.0,2.5
CHEMBL1134529,rounded data citation,0.0,2.0,0.0,0.0
CHEMBL1134533,multifunctional enzyme,7.0,81.5,0.0,0.0
CHEMBL1134546,multiply activity for same test item,64.5,34.5,0.0,0.0
CHEMBL1134547,multifunctional enzyme,2.5,19.5,0.0,0.0
CHEMBL1134554,highly correlated assays,0.0,0.0,1.0,3.5
CHEMBL1134557,no issue,3.0,0.0,0.0,0.0
CHEMBL1134559,no issue,0.0,0.0,22.5,81.5
CHEMBL1134562,exact data citation,0.0,0.0,2.0,38.5
CHEMBL1134564,no issue,0.0,0.0,1.5,1.0
CHEMBL1134568,no issue,0.0,0.0,16.5,14.0
CHEMBL1134574,no issue,248.0,32.0,1.0,2.5
CHEMBL1134578,multifunctional enzyme,0.0,2.0,0.0,0.0
CHEMBL1134588,no issue,0.0,0.0,13.0,2.5
CHEMBL1134604,no issue,1.0,0.0,0.5,0.0
CHEMBL1134608,no issue,0.0,0.0,11.0,1.0
CHEMBL1134612,no issue,3.0,0.0,0.0,0.0
CHEMBL1134623,no issue,0.0,0.0,0.0,0.5
CHEMBL1134626,exact data citation,0.0,0.0,0.0,2.0
CHEMBL1134645,no issue,0.0,0.0,0.0,0.0
CHEMBL1134648,no issue,0.0,0.0,0.0,1.0
CHEMBL1134672,test Item with unknown chirality,0.0,0.0,0.0,0.0
CHEMBL1134679,exact data citation,0.0,0.0,0.0,1.0
CHEMBL1134693,no issue,0.0,0.0,0.0,0.0
CHEMBL1134694,no issue,0.0,0.0,0.5,1.5
CHEMBL1134711,rounded data citation,0.0,0.0,3.0,2.5
CHEMBL1134717,highly correlated assays,0.0,0.0,56.5,13.5
CHEMBL1134734,no issue,0.0,0.0,54.5,1.5
CHEMBL1134752,no issue,7.5,0.0,0.0,0.0
CHEMBL1134754,no issue,0.0,0.0,1.0,0.0
CHEMBL1134767,no issue,0.0,0.0,0.0,278.0
CHEMBL1134770,no issue,0.0,1.0,0.0,0.0
CHEMBL1134774,highly correlated assays,194.0,1.5,0.0,0.0
CHEMBL1134775,no issue,0.0,0.0,1.0,0.0
CHEMBL1134791,highly correlated assays,0.0,1.5,0.0,0.0
CHEMBL1134799,no issue,62.5,2.0,0.0,0.0
CHEMBL1134812,multiply activity for same test item,0.0,0.0,0.0,0.0
CHEMBL1134817,highly correlated assays,0.0,0.0,18.0,8.5
CHEMBL1134822,rounded data citation,81.0,1.5,0.0,0.0
CHEMBL1134827,exact data citation,0.0,0.0,8.0,2.0
CHEMBL1134829,no issue,0.0,0.0,0.0,0.0
CHEMBL1134830,no issue,0.0,0.0,29.5,0.0
CHEMBL1134834,no issue,0.0,0.0,170.0,510.0
CHEMBL1134843,no issue,10.0,9.0,0.0,0.0
CHEMBL1134846,no issue,21.0,3.0,0.0,0.0
CHEMBL1134852,no issue,0.5,0.0,0.0,0.0
CHEMBL1134862,no issue,0.0,0.0,0.0,0.0
CHEMBL1134874,no issue,0.0,0.0,16.0,0.0
CHEMBL1134878,exact data citation,0.0,0.5,0.0,0.0
CHEMBL1134895,no issue,0.0,0.0,16.0,1.0
CHEMBL1134901,no issue,0.0,4.0,0.0,0.0
CHEMBL1134918,multiply activity for same test item,0.0,0.0,3.5,2.0
CHEMBL1134919,no issue,4.0,0.0,0.0,0.0
CHEMBL1134932,no issue,4.5,2.5,0.0,0.0
CHEMBL1134939,multifunctional enzyme,2.0,0.5,0.0,0.0
CHEMBL1134942,multiply activity for same test item,0.0,0.0,9.5,0.0
CHEMBL1134992,highly correlated assays,0.0,0.0,29.5,0.0
CHEMBL1134997,no issue,0.0,0.5,0.0,0.0
CHEMBL1135002,no issue,7.0,0.0,0.0,0.0
CHEMBL1135024,no issue,0.0,0.0,0.0,0.0
CHEMBL1135034,no issue,1.0,0.0,0.0,0.0
CHEMBL1135081,multiply activity for same test item,0.0,0.0,0.0,0.5
CHEMBL1135123,no issue,2.0,1.0,0.0,0.0
CHEMBL1135155,no issue,0.0,0.0,0.5,0.0
CHEMBL1135158,no issue,1.5,6.5,0.0,0.0
CHEMBL1135159,no issue,1.5,8.5,0.0,0.0
CHEMBL1135177,multiply activity for same test item,0.0,0.0,0.0,0.0
CHEMBL1135193,exact data citation,0.0,0.0,0.0,1.0
CHEMBL1135208,no issue,202.5,7.0,0.0,0.0
CHEMBL1135231,highly correlated assays,0.0,0.0,7.0,1.5
CHEMBL1135239,no issue,30.0,0.0,0.0,0.0
CHEMBL1135246,no issue,0.0,1.0,0.0,0.0
CHEMBL1135250,exact data citation,0.0,0.0,0.0,0.5
CHEMBL1135262,shuffled assays,0.0,0.0,0.0,0.5
CHEMBL1135278,highly correlated assays,0.0,0.0,11.5,10.5
CHEMBL1135288,exact data citation,0.0,5.0,0.0,0.0
CHEMBL1135289,highly correlated assays,0.0,5.0,0.0,0.0
CHEMBL1135297,test Item with unknown chirality,0.0,0.0,0.0,0.0
CHEMBL1135305,no issue,22.5,8.5,0.0,0.0
CHEMBL1135321,test Item with unknown chirality,0.0,0.0,0.5,0.0
CHEMBL1135322,multiply activity for same test item,0.0,0.0,0.0,0.0
CHEMBL1135338,exact data citation,0.0,0.0,3.0,0.0
CHEMBL1135343,multiply activity for same test item,0.0,0.0,0.0,0.0
CHEMBL1135367,no issue,0.0,0.0,0.0,0.0
CHEMBL1135371,test Item with unknown chirality,0.0,0.0,0.0,0.0
CHEMBL1135378,no issue,17.5,0.0,0.0,0.0
CHEMBL1135384,test Item with unknown chirality,0.0,0.5,0.0,0.0
CHEMBL1135386,no issue,0.0,0.0,1.0,0.0
CHEMBL1135389,no issue,0.0,0.0,4.0,18.5
CHEMBL1135398,rounded data citation,0.0,1.5,0.0,0.0
CHEMBL1135399,multifunctional enzyme,3.5,33.0,0.0,0.0
CHEMBL1135414,no issue,0.0,0.0,0.0,2.0
CHEMBL1135424,no issue,0.0,0.0,1.0,0.5
CHEMBL1135445,no issue,0.0,0.0,4.0,2.0
CHEMBL1135449,test Item with unknown chirality,0.0,0.0,0.0,9.0
CHEMBL1135457,no issue,0.0,0.0,23.0,0.0
CHEMBL1135460,multiply activity for same test item,0.0,0.0,2.5,0.0
CHEMBL1135472,test Item with unknown chirality,1.0,0.0,0.0,0.0
CHEMBL1135476,no issue,1.5,2.5,0.0,0.0
CHEMBL1135519,no issue,17.5,9.0,0.0,0.0
CHEMBL1135527,no issue,7.0,1.5,0.0,0.0
CHEMBL1135541,no issue,0.0,1.0,0.0,82.5
CHEMBL1135548,highly correlated assays,0.5,0.5,26.5,0.5
CHEMBL1135552,rounded data citation,3.5,1.0,0.0,0.0
CHEMBL1135555,no issue,0.5,0.0,0.0,0.0
CHEMBL1135563,no issue,14.5,4.5,0.0,0.0
CHEMBL1135592,no issue,0.0,0.0,73.0,42.5
CHEMBL1135609,no issue,0.0,0.0,0.5,0.0
CHEMBL1135617,no issue,1.0,3.0,0.0,0.0
CHEMBL1135635,test Item with unknown chirality,0.0,0.0,0.0,1.0
CHEMBL1135638,no issue,0.0,0.0,0.0,12.0
CHEMBL1135648,rounded data citation,0.0,0.0,0.0,0.5
CHEMBL1135650,multifunctional enzyme,39.5,49.0,0.0,0.0
CHEMBL1135665,highly correlated assays,0.0,0.0,12.5,13.0
CHEMBL1135669,multiply activity for same test item,0.0,0.0,0.5,0.0
CHEMBL1135674,no issue,26.5,0.0,0.0,0.0
CHEMBL1135679,no issue,0.0,0.5,0.0,3.0
CHEMBL1135689,no issue,472.5,6.0,0.0,0.0
CHEMBL1135706,multiply activity for same test item,0.0,0.0,0.0,0.0
CHEMBL1135707,multiply activity for same test item,0.0,0.0,14.5,2.0
CHEMBL1135711,highly correlated assays,0.0,0.0,2.0,4.0
CHEMBL1135718,highly correlated assays,17.5,0.0,0.0,0.0
CHEMBL1135719,exact data citation,0.0,0.0,0.0,13.0
CHEMBL1135735,no issue,0.0,0.0,0.5,0.0
CHEMBL1135740,highly correlated assays,0.0,0.0,0.0,7.5
CHEMBL1135743,no issue,0.0,0.0,2.0,1.0
CHEMBL1135758,no issue,54.5,0.0,0.0,0.0
CHEMBL1135774,no issue,0.0,0.0,2.0,0.0
CHEMBL1135775,no issue,31.0,9.5,19.0,17.5
CHEMBL1135782,no issue,0.0,0.0,44.5,2.0
CHEMBL1135800,no issue,0.0,0.0,0.0,3.5
CHEMBL1135802,multiply activity for same test item,0.0,0.0,0.0,0.0
CHEMBL1135807,no issue,0.0,0.0,9.5,1.0
CHEMBL1135809,no issue,0.0,0.0,8.0,3.0
CHEMBL1135811,no issue,0.0,0.0,0.0,3.5
CHEMBL1135814,no issue,8.0,0.0,0.0,0.0
CHEMBL1135823,no issue,0.0,0.0,1.0,0.0
CHEMBL1135829,no issue,20.5,0.0,0.0,0.0
CHEMBL1135866,no issue,2.0,0.0,0.0,0.0
CHEMBL1135879,multifunctional enzyme,0.0,0.0,0.0,1.0
CHEMBL1135881,highly correlated assays,0.0,0.0,30.0,1.0
CHEMBL1135884,no issue,0.0,0.0,2.5,0.0
CHEMBL1135886,no issue,0.0,0.0,0.5,0.0
CHEMBL1135889,no issue,44.0,0.0,0.0,0.0
CHEMBL1135904,no issue,0.0,0.0,0.0,1.0
CHEMBL1135905,no issue,0.0,0.0,16.5,5.5
CHEMBL1135906,no issue,146.5,0.0,0.0,0.0
CHEMBL1135911,no issue,16.0,0.0,0.0,0.0
CHEMBL1135915,highly correlated assays,0.0,0.0,6.5,22.0
CHEMBL1135928,highly correlated assays,2.5,13.0,0.0,2.5
CHEMBL1135932,no issue,0.0,0.0,113.0,1.0
CHEMBL1135933,no issue,0.0,0.0,36.5,10.0
CHEMBL1135938,multifunctional enzyme,2.5,13.0,0.0,0.0
CHEMBL1135939,no issue,0.0,0.0,24.0,0.0
CHEMBL1135957,no issue,0.0,0.0,1.0,5.0
CHEMBL1135969,shuffled assays,0.0,0.0,3.0,7.0
CHEMBL1135979,exact data citation,0.0,0.0,6.5,3.0
CHEMBL1135982,no issue,0.0,0.0,0.0,1.5
CHEMBL1135983,no issue,0.0,0.0,21.0,0.0
CHEMBL1135998,no issue,0.5,0.0,0.0,0.0
CHEMBL1136004,no issue,0.0,0.0,0.0,0.5
CHEMBL1136016,highly correlated assays,0.0,0.5,2.5,173.5
CHEMBL1136017,highly correlated assays,0.0,0.0,31.0,0.0
CHEMBL1136026,no issue,15.0,4.0,0.0,0.0
CHEMBL1136058,no issue,0.5,0.0,0.0,0.0
CHEMBL1136059,no issue,15.0,0.0,0.0,0.0
CHEMBL1136068,exact data citation,1.0,2.0,0.0,0.0
CHEMBL1136071,test Item with unknown chirality,1.5,3.5,0.0,0.0
CHEMBL1136086,no issue,26.0,11.0,0.0,0.0
CHEMBL1136101,no issue,140.5,45.5,0.0,0.0
CHEMBL1136105,no issue,0.0,1.0,0.0,0.0
CHEMBL1136109,no issue,1.5,0.0,0.0,0.0
CHEMBL1136127,multifunctional enzyme,8.0,0.0,2.5,0.0
CHEMBL1136138,no issue,0.0,64.0,0.0,0.0
CHEMBL1136160,no issue,0.0,0.0,1.0,4.0
CHEMBL1136178,no issue,0.0,0.0,0.0,4.5
CHEMBL1136205,no issue,15.0,2.0,0.0,0.0
CHEMBL1136213,no issue,0.0,0.0,0.0,0.5
CHEMBL1136214,multiply activity for same test item,0.5,0.0,0.0,0.0
CHEMBL1136260,no issue,4.5,0.0,0.5,0.5
CHEMBL1136283,test Item with unknown chirality,0.0,0.5,0.0,0.0
CHEMBL1136312,no issue,14.5,8.0,0.0,0.0
CHEMBL1136344,multiply activity for same test item,0.0,0.0,0.0,0.0
CHEMBL1136358,no issue,0.0,5.5,0.0,0.0
CHEMBL1136360,no issue,0.0,0.0,0.0,0.0
CHEMBL1136401,no issue,0.0,7.0,0.0,0.0
CHEMBL1136402,highly correlated assays,29.0,2.0,0.0,0.0
CHEMBL1136405,high citation rate,115.5,37.0,0.0,0.0
CHEMBL1136424,no issue,0.5,1.5,0.0,0.0
CHEMBL1136431,test Item with unknown chirality,11.0,3.0,0.0,0.0
CHEMBL1136450,no issue,35.0,2.5,26.5,2.5
CHEMBL1136461,multifunctional enzyme,32.5,0.0,0.0,0.0
CHEMBL1136470,exact data citation,0.0,0.0,0.5,0.5
CHEMBL1136476,no issue,0.5,0.5,0.0,0.0
CHEMBL1136497,no issue,3.5,3.0,7.0,3.0
CHEMBL1136521,no issue,0.0,0.0,8.0,1.0
CHEMBL1136522,exact data citation,0.0,0.0,38.0,23.5
CHEMBL1136523,no issue,74.0,0.0,0.0,0.0
CHEMBL1136534,no issue,2.5,3.0,0.0,0.0
CHEMBL1136540,exact data citation,0.0,0.0,0.0,1.5
CHEMBL1136548,no issue,4.0,0.0,0.0,0.0
CHEMBL1136557,no issue,22.0,7.5,0.0,0.0
CHEMBL1136566,highly correlated assays,0.0,0.0,80.0,96.0
CHEMBL1136583,no issue,0.0,0.0,0.0,0.0
CHEMBL1136593,rounded data citation,0.0,0.0,10.0,1.0
CHEMBL1136612,no issue,0.0,0.0,0.5,2.0
CHEMBL1136659,no issue,0.0,0.0,0.0,0.0
CHEMBL1136668,no issue,0.0,0.0,5.0,0.0
CHEMBL1136679,no issue,21.0,2.5,0.0,0.0
CHEMBL1136683,exact data citation,0.0,0.0,0.0,0.5
CHEMBL1136686,exact data citation,0.0,1.0,0.0,0.0
CHEMBL1136687,no issue,0.0,1.5,0.0,0.0
CHEMBL1136689,no issue,8.0,0.0,0.0,0.0
CHEMBL1136735,no issue,0.0,0.0,45.5,15.0
CHEMBL1136743,no issue,0.0,0.0,6.5,1.0
CHEMBL1136751,test Item with unknown chirality,25.0,0.0,0.0,0.0
CHEMBL1136756,no issue,0.0,0.0,6.5,0.0
CHEMBL1136764,no issue,0.5,0.0,17.5,1.0
CHEMBL1136772,no issue,4.0,4.0,0.0,0.0
CHEMBL1136775,no issue,1.5,1.0,0.0,0.0
CHEMBL1136782,multifunctional enzyme,16.5,235.0,0.0,0.0
CHEMBL1136786,highly correlated assays,0.0,0.0,24.0,31.5
CHEMBL1136792,multifunctional enzyme,0.0,0.0,0.0,2.0
CHEMBL1136793,no issue,2.5,4.0,0.0,0.0
CHEMBL1136798,no issue,0.0,0.0,2.0,2.0
CHEMBL1136800,exact data citation,0.0,0.5,0.0,0.0
CHEMBL1136809,no issue,0.0,0.0,2.0,0.0
CHEMBL1136810,no issue,0.0,0.0,1.5,3.5
CHEMBL1136819,no issue,4.0,0.0,0.0,0.0
CHEMBL1136834,exact data citation,0.0,0.5,0.0,1.5
CHEMBL1136835,no issue,0.0,0.0,6.0,2.0
CHEMBL1136840,no issue,0.0,0.0,0.0,3.5
CHEMBL1136843,no issue,20.5,0.5,0.0,0.0
CHEMBL1136846,no issue,4.0,32.0,0.0,0.0
CHEMBL1136849,no issue,0.0,0.0,0.0,0.0
CHEMBL1136854,multiply activity for same test item,0.0,0.0,9.5,0.0
CHEMBL1136855,high citation rate,0.0,0.0,0.0,6.0
CHEMBL1136860,no issue,0.5,0.0,0.0,0.0
CHEMBL1136862,test Item with unknown chirality,0.0,0.0,0.0,0.0
CHEMBL1136871,no issue,0.0,0.5,0.0,0.0
CHEMBL1136877,no issue,0.0,0.5,0.0,0.0
CHEMBL1136883,no issue,0.0,0.0,18.5,51.0
CHEMBL1136885,exact data citation,1.0,2.5,0.0,0.0
CHEMBL1136886,exact data citation,0.0,6.0,0.0,0.0
CHEMBL1136887,exact data citation,0.0,0.0,0.5,77.0
CHEMBL1136891,no issue,0.0,0.0,0.5,0.0
CHEMBL1136892,exact data citation,0.0,0.0,0.0,4.5
CHEMBL1136893,test Item with unknown chirality,0.0,1.0,0.0,0.0
CHEMBL1136897,high citation rate,14.0,0.0,0.0,0.0
CHEMBL1136903,no issue,0.0,2.0,0.0,0.0
CHEMBL1136907,no issue,1.5,0.0,0.0,0.0
CHEMBL1136915,exact data citation,9.5,9.5,0.0,0.0
CHEMBL1136917,no issue,343.5,6.5,0.0,0.0
CHEMBL1136924,no issue,0.0,0.5,3.5,5.5
CHEMBL1136929,no issue,0.0,0.0,10.5,17.0
CHEMBL1136931,no issue,0.0,0.0,23.0,438.0
CHEMBL1136932,no issue,4.0,1.0,0.0,0.0
CHEMBL1136933,no issue,0.0,0.0,1.5,0.5
CHEMBL1136936,no issue,0.0,0.0,0.0,0.0
CHEMBL1136937,no issue,257.0,5.0,0.0,0.0
CHEMBL1136938,no issue,2.0,6.0,0.0,1.0
CHEMBL1136939,no issue,3.0,5.0,0.0,0.0
CHEMBL1136951,no issue,0.0,0.0,17.0,0.0
CHEMBL1136955,exact data citation,0.0,3.5,0.0,0.0
CHEMBL1136956,no issue,0.0,0.0,0.0,0.0
CHEMBL1136958,no issue,76.0,108.0,0.0,0.0
CHEMBL1136959,rounded data citation,0.0,0.0,2.5,0.5
CHEMBL1136966,no issue,0.0,4.5,0.0,0.0
CHEMBL1136967,no issue,0.0,0.0,0.0,3.0
CHEMBL1136970,no issue,0.0,0.0,0.0,0.0
CHEMBL1136975,no issue,0.0,4.5,0.0,0.0
CHEMBL1136978,no issue,0.0,0.0,0.0,0.0
CHEMBL1136986,no issue,0.0,0.0,1.0,0.0
CHEMBL1136987,no issue,1.5,0.0,2.0,0.0
CHEMBL1136988,no issue,0.0,0.0,0.0,0.0
CHEMBL1137003,no issue,4.0,16.0,0.0,0.0
CHEMBL1137005,no issue,0.0,0.0,0.0,0.0
CHEMBL1137011,no issue,0.5,1.0,0.0,0.0
CHEMBL1137012,no issue,200.0,188.0,0.0,0.0
CHEMBL1137013,no issue,18.5,5.0,0.0,0.0
CHEMBL1137014,test Item with unknown chirality,0.0,0.5,0.0,0.0
CHEMBL1137016,highly correlated assays,0.0,3.0,138.5,85.0
CHEMBL1137017,no issue,0.0,0.0,12.5,0.0
CHEMBL1137024,no issue,0.0,0.0,0.0,0.0
CHEMBL1137025,no issue,0.0,0.0,0.0,0.0
CHEMBL1137026,no issue,0.5,0.5,0.0,0.0
CHEMBL1137036,no issue,0.0,64.0,0.0,0.0
CHEMBL1137038,exact data citation,46.5,13.0,0.0,0.0
CHEMBL1137039,no issue,0.0,0.0,0.0,1.5
CHEMBL1137040,no issue,15.0,4.0,0.0,0.0
CHEMBL1137049,no issue,0.0,0.0,52.5,9.5
CHEMBL1137050,no issue,0.0,0.0,0.5,0.0
CHEMBL1137052,no issue,46.0,4.0,7.5,1.0
CHEMBL1137054,no issue,0.0,1.0,0.0,0.0
CHEMBL1137059,high citation rate,0.0,0.0,33.0,841.0
CHEMBL1137061,no issue,0.0,0.0,5.5,2.5
CHEMBL1137063,exact data citation,0.0,0.0,0.5,1.5
CHEMBL1137065,no issue,0.0,0.0,0.0,0.0
CHEMBL1137066,no issue,0.0,0.0,0.0,1.5
CHEMBL1137067,no issue,6.0,6.0,0.0,0.0
CHEMBL1137068,no issue,0.0,0.0,1.5,1.0
CHEMBL1137072,multiply activity for same test item,0.0,2.5,0.0,0.0
CHEMBL1137074,no issue,20.5,1.5,0.0,0.0
CHEMBL1137083,no issue,0.0,0.0,4.0,6.5
CHEMBL1137093,test Item with unknown chirality,0.0,0.0,0.0,0.0
CHEMBL1137095,no issue,0.0,0.0,34.0,31.5
CHEMBL1137096,no issue,0.0,100.0,0.0,0.0
CHEMBL1137102,multiply activity for same test item,0.0,128.0,0.0,0.0
CHEMBL1137103,no issue,0.0,0.0,0.0,0.0
CHEMBL1137106,no issue,0.0,0.0,0.0,7.0
CHEMBL1137107,no issue,0.0,0.0,0.5,1.0
CHEMBL1137112,no issue,3.5,0.0,0.0,0.0
CHEMBL1137119,no issue,0.0,1.0,0.0,1.5
CHEMBL1137127,no issue,4.0,0.5,1.5,0.0
CHEMBL1137129,no issue,6.5,2.0,0.0,0.0
CHEMBL1137130,highly correlated assays,13.5,2.0,0.0,0.0
CHEMBL1137132,no issue,2.5,0.0,0.0,0.0
CHEMBL1137142,no issue,0.0,2.5,0.0,0.0
CHEMBL1137147,no issue,0.0,0.0,1.0,0.0
CHEMBL1137148,highly correlated assays,154.5,94.5,0.0,0.0
CHEMBL1137149,shuffled assays,18.0,106.5,0.0,0.0
CHEMBL1137150,no issue,0.0,0.0,0.0,1.0
CHEMBL1137154,multifunctional enzyme,0.0,0.0,0.0,20.0
CHEMBL1137156,no issue,0.0,0.0,1.0,1.0
CHEMBL1137159,test Item with unknown chirality,0.0,0.0,1.0,0.0
CHEMBL1137163,no issue,2.0,0.0,0.0,0.0
CHEMBL1137165,no issue,0.0,9.5,0.0,0.0
CHEMBL1137167,no issue,2.0,2.0,0.0,0.0
CHEMBL1137169,test Item with unknown chirality,0.0,0.0,0.0,0.0
CHEMBL1137176,no issue,0.0,0.0,12.5,7.5
CHEMBL1137181,test Item with unknown chirality,0.0,0.0,0.0,0.0
CHEMBL1137182,multiply activity for same test item,0.0,0.0,0.0,0.0
CHEMBL1137187,multiply activity for same test item,0.5,0.0,0.0,0.0
CHEMBL1137191,no issue,5.0,1.0,0.0,0.0
CHEMBL1137193,multiply activity for same test item,0.0,0.0,0.0,0.0
CHEMBL1137194,no issue,0.0,0.0,10.0,4.5
CHEMBL1137199,no issue,54.0,30.0,0.0,0.0
CHEMBL1137201,no issue,7.5,0.5,0.5,0.0
CHEMBL1137202,no issue,0.0,0.0,78.5,0.0
CHEMBL1137204,test Item with unknown chirality,0.0,0.0,5.0,0.0
CHEMBL1137205,no issue,5.0,3.0,0.0,0.0
CHEMBL1137208,no issue,17.0,5.0,0.5,0.5
CHEMBL1137209,no issue,0.0,0.0,10.5,11.0
CHEMBL1137211,multifunctional enzyme,0.0,0.0,0.0,0.5
CHEMBL1137214,no issue,27.0,0.0,0.0,0.0
CHEMBL1137216,no issue,0.0,0.0,39.0,18.0
CHEMBL1137217,highly correlated assays,24.5,16.5,0.0,0.0
CHEMBL1137219,highly correlated assays,0.0,0.0,23.5,586.0
CHEMBL1137222,no issue,28.0,0.0,0.0,0.0
CHEMBL1137224,no issue,0.0,0.0,5.5,0.0
CHEMBL1137232,exact data citation,0.0,0.0,11.5,13.5
CHEMBL1137234,no issue,1.5,1.0,0.0,0.0
CHEMBL1137237,exact data citation,0.0,2.0,0.0,0.0
CHEMBL1137238,no issue,0.0,0.0,0.0,0.0
CHEMBL1137239,no issue,4.5,0.0,0.0,0.0
CHEMBL1137240,multiply activity for same test item,0.0,0.0,0.0,0.0
CHEMBL1137241,no issue,0.0,7.0,0.0,0.0
CHEMBL1137244,no issue,0.0,0.0,11.0,0.0
CHEMBL1137255,no issue,0.0,0.0,0.0,0.0
CHEMBL1137256,no issue,2.0,0.0,4.0,0.0
CHEMBL1137257,exact data citation,0.5,1.5,0.0,0.0
CHEMBL1137263,no issue,0.0,0.0,0.0,2.0
CHEMBL1137264,multiply activity for same test item,0.0,0.0,28.0,639.5
CHEMBL1137266,multiply activity for same test item,0.0,0.0,0.0,0.0
CHEMBL1137273,test Item with unknown chirality,0.0,0.0,0.0,0.0
CHEMBL1137275,no issue,148.0,2.0,0.0,0.0
CHEMBL1137282,multiply activity for same test item,0.0,0.0,0.0,0.0
CHEMBL1137283,test Item with unknown chirality,0.0,0.0,0.0,0.0
CHEMBL1137287,multiply activity for same test item,8.0,6.5,0.0,0.0
CHEMBL1137293,no issue,0.0,0.5,0.0,0.0
CHEMBL1137294,no issue,8.0,13.5,0.0,0.0
CHEMBL1137295,no issue,0.0,0.0,240.0,6.0
CHEMBL1137296,highly correlated assays,58.5,0.0,0.0,0.0
CHEMBL1137297,highly correlated assays,7.5,5.0,54.0,10.0
CHEMBL1137299,highly correlated assays,7.5,5.0,54.0,10.0
CHEMBL1137300,no issue,7.5,0.0,0.0,0.0
CHEMBL1137301,no issue,0.0,0.0,37.0,9.0
CHEMBL1137302,no issue,0.0,0.0,8.5,0.0
CHEMBL1137305,no issue,0.0,0.0,0.0,0.5
CHEMBL1137307,no issue,6.0,0.0,0.0,0.0
CHEMBL1137310,multiply activity for same test item,0.0,0.0,0.0,0.0
CHEMBL1137316,no issue,0.0,0.0,17.5,4.5
CHEMBL1137319,no issue,0.5,2.5,0.0,0.0
CHEMBL1137320,highly correlated assays,0.0,0.0,30.5,842.0
CHEMBL1137324,no issue,0.0,0.0,0.0,0.0
CHEMBL1137325,shuffled assays,19.5,0.5,0.0,0.0
CHEMBL1137327,no issue,0.0,25.5,0.0,0.0
CHEMBL1137328,high citation rate,8.5,6.5,0.0,1.0
CHEMBL1137331,highly correlated assays,4.0,8.0,0.0,0.0
CHEMBL1137332,no issue,1.0,0.0,0.0,0.0
CHEMBL1137334,no issue,6.5,33.0,0.0,0.0
CHEMBL1137340,exact data citation,141.5,33.0,0.0,0.0
CHEMBL1137346,highly correlated assays,0.0,0.0,47.0,1357.5
CHEMBL1137348,high citation rate,260.0,3718.0,0.0,0.0
CHEMBL1137355,multifunctional enzyme,3.0,0.0,0.0,0.0
CHEMBL1137356,no issue,0.0,0.0,2.0,0.0
CHEMBL1137361,no issue,0.0,0.0,3.0,8.0
CHEMBL1137365,no issue,5.0,0.0,0.0,0.0
CHEMBL1137370,multifunctional enzyme,0.5,0.0,3.0,0.0
CHEMBL1137373,no issue,0.0,0.0,0.5,0.0
CHEMBL1137374,no issue,0.0,0.5,1.0,7.0
CHEMBL1137378,multifunctional enzyme,0.0,0.0,0.5,0.5
CHEMBL1137381,no issue,0.0,0.0,284.0,8.0
CHEMBL1137384,no issue,0.0,0.0,0.0,3.0
CHEMBL1137385,no issue,0.0,0.0,0.0,0.0
CHEMBL1137386,test Item with unknown chirality,8.0,0.0,0.0,0.0
CHEMBL1137387,highly correlated assays,5.0,0.0,64.5,19.5
CHEMBL1137389,highly correlated assays,4.0,12.0,0.0,0.0
CHEMBL1137390,no issue,1.5,0.0,16.0,1.5
CHEMBL1137393,multifunctional enzyme,3.0,0.0,0.0,0.0
CHEMBL1137400,no issue,0.0,0.0,4.0,84.5
CHEMBL1137401,exact data citation,0.0,0.0,5.0,2.5
CHEMBL1137403,test Item with unknown chirality,0.0,0.0,2.0,0.0
CHEMBL1137407,no issue,0.0,0.0,0.0,2.5
CHEMBL1137408,no issue,0.0,1.0,0.0,0.0
CHEMBL1137409,no issue,4.5,9.0,0.0,0.0
CHEMBL1137412,test Item with unknown chirality,0.0,0.0,0.0,0.0
CHEMBL1137415,exact data citation,5.5,1.5,0.0,0.0
CHEMBL1137421,no issue,20.5,0.0,0.0,0.0
CHEMBL1137424,exact data citation,0.0,0.0,2.5,0.5
CHEMBL1137426,no issue,0.5,0.0,0.0,0.0
CHEMBL1137428,exact data citation,34.5,4.5,16.0,3.0
CHEMBL1137432,no issue,0.0,0.0,29.0,7.0
CHEMBL1137438,no issue,0.0,0.0,0.0,0.0
CHEMBL1137443,no issue,0.0,0.0,0.0,0.0
CHEMBL1137447,exact data citation,52.5,27.0,0.0,0.0
CHEMBL1137450,no issue,0.0,0.0,0.0,16.0
CHEMBL1137462,no issue,0.0,0.0,8.0,0.0
CHEMBL1137463,no issue,268.0,72.0,0.0,0.0
CHEMBL1137469,multiply activity for same test item,0.0,0.0,0.0,0.0
CHEMBL1137470,no issue,0.0,1.0,0.0,4.0
CHEMBL1137472,no issue,0.0,1.5,0.0,0.0
CHEMBL1137473,no issue,0.0,8.0,0.0,0.0
CHEMBL1137479,no issue,0.0,0.0,12.0,1.0
CHEMBL1137482,exact data citation,0.0,0.0,23.0,322.5
CHEMBL1137491,no issue,0.0,0.0,0.0,0.0
CHEMBL1137492,no issue,0.0,0.0,14.5,18.5
CHEMBL1137497,no issue,1.0,1.0,0.0,0.0
CHEMBL1137501,no issue,7.0,0.5,0.0,0.0
CHEMBL1137510,exact data citation,2.5,11.0,0.0,0.0
CHEMBL1137517,highly correlated assays,0.0,0.0,25.5,0.0
CHEMBL1137518,no issue,1.5,0.0,0.0,0.0
CHEMBL1137522,highly correlated assays,0.0,0.0,15.0,0.0
CHEMBL1137526,rounded data citation,80.0,5.5,0.0,0.0
CHEMBL1137534,no issue,5.0,2.5,0.0,0.0
CHEMBL1137537,no issue,0.0,0.0,9.5,0.0
CHEMBL1137543,exact data citation,0.0,1.5,0.0,0.0
CHEMBL1137549,no issue,0.0,0.0,11.0,1.5
CHEMBL1137550,no issue,216.0,3.5,0.0,0.0
CHEMBL1137555,high citation rate,0.0,0.0,0.0,27.0
CHEMBL1137561,high citation rate,0.0,0.0,18.0,315.0
CHEMBL1137564,test Item with unknown chirality,0.0,0.0,0.0,0.0
CHEMBL1137566,no issue,0.0,0.0,3.5,13.0
CHEMBL1137569,test Item with unknown chirality,0.0,0.0,0.0,0.0
CHEMBL1137571,multifunctional enzyme,0.0,0.0,1.0,2.0
CHEMBL1137573,no issue,86.5,10.0,0.0,0.0
CHEMBL1137577,multiply activity for same test item,0.0,0.0,0.0,0.0
CHEMBL1137579,no issue,0.0,4.0,0.0,9.0
CHEMBL1137580,no issue,0.0,0.0,23.5,63.0
CHEMBL1137582,no issue,0.0,4.0,0.0,0.0
CHEMBL1137583,exact data citation,0.0,0.0,1.0,0.0
CHEMBL1137584,multiply activity for same test item,0.0,2.0,0.0,0.0
CHEMBL1137585,no issue,0.0,0.0,0.0,0.5
CHEMBL1137586,no issue,0.0,1.5,0.0,0.5
CHEMBL1137588,highly correlated assays,0.0,4.0,0.0,0.0
CHEMBL1137590,no issue,17.5,1.5,0.0,0.0
CHEMBL1137591,no issue,29.5,2.0,0.0,0.0
CHEMBL1137592,high citation rate,0.0,5.5,0.0,0.0
CHEMBL1137593,exact data citation,121.5,1.5,0.0,0.0
CHEMBL1137595,highly correlated assays,121.5,1.5,0.0,0.0
CHEMBL1137597,test Item with unknown chirality,0.0,0.5,0.0,0.0
CHEMBL1137602,no issue,1.0,0.0,0.0,0.0
CHEMBL1137603,test Item with unknown chirality,0.0,0.0,0.0,0.0
CHEMBL1137609,no issue,9.0,0.5,0.0,0.0
CHEMBL1137610,no issue,0.0,2.0,0.0,1.0
CHEMBL1137611,no issue,0.0,7.5,0.0,0.0
CHEMBL1137613,highly correlated assays,0.0,0.0,96.0,27.0
CHEMBL1137614,exact data citation,0.0,0.0,0.0,18.0
CHEMBL1137615,no issue,0.0,1.0,0.0,0.5
CHEMBL1137617,no issue,0.0,48.0,0.5,2.5
CHEMBL1137619,no issue,0.0,1.0,0.0,0.0
CHEMBL1137620,high citation rate,34.0,12.5,0.0,0.0
CHEMBL1137624,no issue,0.0,0.0,0.0,2.0
CHEMBL1137637,exact data citation,0.0,0.5,0.0,0.0
CHEMBL1137666,no issue,0.5,0.0,0.0,0.0
CHEMBL1137690,no issue,436.0,0.0,0.0,0.0
CHEMBL1137718,no issue,0.0,0.0,11.5,0.0
CHEMBL1137719,multiply activity for same test item,106.5,0.0,0.0,0.0
CHEMBL1137725,exact data citation,0.0,0.0,11.5,1.5
CHEMBL1137738,no issue,0.0,0.0,56.5,0.0
CHEMBL1137744,no issue,57.5,5.0,0.0,0.0
CHEMBL1137750,no issue,40.5,1.5,0.0,0.0
CHEMBL1137754,no issue,0.5,0.0,0.0,0.0
CHEMBL1137769,no issue,0.0,64.0,0.0,0.0
CHEMBL1137777,no issue,11.0,7.0,0.0,0.0
CHEMBL1137779,no issue,23.5,2.0,0.0,0.0
CHEMBL1137784,no issue,0.0,42.0,0.0,0.0
CHEMBL1137789,no issue,0.0,0.0,3.0,0.5
CHEMBL1137790,no issue,0.0,0.0,7.5,2.5
CHEMBL1137804,review,0.5,0.0,0.5,0.0
CHEMBL1137816,no issue,0.0,0.5,0.0,0.0
CHEMBL1137821,no issue,85.0,0.5,0.0,0.0
CHEMBL1137822,no issue,28.5,3.5,0.0,0.0
CHEMBL1137826,highly correlated assays,52.0,21.0,0.0,0.0
CHEMBL1137827,no issue,0.0,1.0,0.0,0.0
CHEMBL1137828,no issue,0.0,1.0,0.0,0.0
CHEMBL1137830,no issue,10.5,0.0,0.0,0.0
CHEMBL1137832,no issue,0.0,44.0,0.0,0.0
CHEMBL1137837,test Item with unknown chirality,0.0,0.0,5.5,3.0
CHEMBL1137842,exact data citation,0.0,3.0,0.0,0.0
CHEMBL1137846,exact data citation,54.0,28.5,0.0,0.0
CHEMBL1137861,exact data citation,0.0,0.0,0.5,0.0
CHEMBL1137862,no issue,0.0,0.0,2.0,8.0
CHEMBL1137863,highly correlated assays,0.0,0.0,3.0,6.0
CHEMBL1137865,exact data citation,0.0,0.0,5.0,4.0
CHEMBL1137866,no issue,0.0,0.0,0.0,2.0
CHEMBL1137867,rounded data citation,0.0,0.0,14.0,22.5
CHEMBL1137868,multiply activity for same test item,0.0,8.5,0.0,0.0
CHEMBL1137869,no issue,0.0,0.0,0.0,0.0
CHEMBL1137870,multiply activity for same test item,32.0,160.0,0.0,0.0
CHEMBL1137871,no issue,0.0,0.5,0.0,4.5
CHEMBL1137872,no issue,5.0,0.0,0.0,0.0
CHEMBL1137874,highly correlated assays,50.0,17.0,0.0,0.0
CHEMBL1137888,multiply activity for same test item,0.0,0.0,14.0,0.0
CHEMBL1137891,no issue,0.0,0.0,0.0,0.0
CHEMBL1137893,multifunctional enzyme,2.5,0.0,0.0,0.0
CHEMBL1137895,no issue,0.0,0.0,152.0,8.0
CHEMBL1137903,no issue,0.0,0.0,44.0,1.5
CHEMBL1137905,highly correlated assays,52.0,0.0,0.0,0.0
CHEMBL1137911,test Item with unknown chirality,0.0,3.0,0.0,0.0
CHEMBL1137912,no issue,0.5,4.5,0.0,0.0
CHEMBL1137915,no issue,0.0,0.0,1.0,0.0
CHEMBL1137916,test Item with unknown chirality,0.0,0.0,0.0,3.0
CHEMBL1137917,highly correlated assays,0.0,0.0,3.0,2.0
CHEMBL1137928,no issue,0.0,0.0,0.0,0.5
CHEMBL1137936,no issue,0.5,0.0,0.0,0.0
CHEMBL1137945,no issue,343.0,4.5,0.0,0.0
CHEMBL1137947,no issue,2.0,0.0,0.0,0.0
CHEMBL1137955,no issue,0.0,0.0,0.0,1.0
CHEMBL1137978,test Item with unknown chirality,0.0,0.0,0.0,0.0
CHEMBL1137979,test Item with unknown chirality,0.0,2.0,0.0,0.0
CHEMBL1137980,multiply activity for same test item,0.0,0.0,0.0,11.0
CHEMBL1137983,no issue,0.0,0.0,0.0,0.5
CHEMBL1137990,no issue,16.0,0.0,0.0,0.0
CHEMBL1137991,multiply activity for same test item,140.0,0.0,0.0,0.0
CHEMBL1137993,no issue,70.5,8.5,0.0,0.0
CHEMBL1137999,no issue,20.5,3.5,0.0,0.0
CHEMBL1138000,no issue,21.5,0.5,0.0,0.0
CHEMBL1138005,highly correlated assays,0.0,0.0,34.0,1035.5
CHEMBL1138006,no issue,108.5,10.5,0.0,0.0
CHEMBL1138008,rounded data citation,0.0,0.0,0.5,4.0
CHEMBL1138009,no issue,0.0,1.0,0.0,3.0
CHEMBL1138010,highly correlated assays,0.0,0.0,0.5,5.5
CHEMBL1138013,no issue,0.0,0.0,0.5,0.0
CHEMBL1138014,no issue,0.0,0.0,0.5,2.0
CHEMBL1138017,multiply activity for same test item,92.0,0.0,0.0,0.0
CHEMBL1138029,no issue,8.0,8.0,0.0,0.0
CHEMBL1138033,test Item with unknown chirality,0.0,0.5,0.0,0.0
CHEMBL1138039,no issue,0.0,48.0,0.0,0.0
CHEMBL1138042,highly correlated assays,0.0,0.0,138.5,99.5
CHEMBL1138043,no issue,1.0,0.0,0.0,0.0
CHEMBL1138044,highly correlated assays,0.0,0.0,41.5,37.5
CHEMBL1138045,no issue,0.0,1.0,0.0,0.0
CHEMBL1138050,no issue,26.0,0.0,0.0,0.0
CHEMBL1138052,no issue,0.0,16.5,0.0,0.0
CHEMBL1138053,no issue,13.0,0.5,0.0,0.0
CHEMBL1138056,no issue,0.0,0.5,0.0,0.0
CHEMBL1138057,no issue,5.5,6.5,0.0,0.0
CHEMBL1138058,no issue,0.5,2.0,0.0,0.0
CHEMBL1138059,exact data citation,0.0,0.0,5.0,1.5
CHEMBL1138060,no issue,0.0,0.0,0.0,0.5
CHEMBL1138065,no issue,0.0,25.0,0.0,0.0
CHEMBL1138067,highly correlated assays,0.0,0.0,6.5,18.0
CHEMBL1138069,no issue,0.0,0.0,0.0,0.0
CHEMBL1138071,no issue,11.0,2.5,0.0,0.0
CHEMBL1138072,test Item with unknown chirality,5.5,0.0,0.0,0.0
CHEMBL1138077,multiply activity for same test item,0.0,0.0,5.5,4.0
CHEMBL1138080,no issue,0.0,16.0,0.0,0.0
CHEMBL1138084,no issue,0.0,0.0,4.5,0.0
CHEMBL1138086,no issue,0.0,8.0,0.0,0.0
CHEMBL1138087,no issue,60.5,2.0,0.0,0.0
CHEMBL1138088,no issue,0.0,0.0,0.0,2.0
CHEMBL1138090,no issue,0.0,0.0,0.0,0.0
CHEMBL1138091,test Item with unknown chirality,0.0,0.0,0.0,0.5
CHEMBL1138092,exact data citation,0.0,2.0,0.0,0.0
CHEMBL1138093,exact data citation,0.0,0.0,0.5,1.5
CHEMBL1138094,highly correlated assays,0.0,0.0,9.5,0.0
CHEMBL1138095,no issue,0.0,2.0,0.0,0.0
CHEMBL1138098,no issue,0.0,6.0,0.0,0.0
CHEMBL1138100,multifunctional enzyme,4.0,0.0,0.0,0.0
CHEMBL1138101,no issue,3.0,0.0,0.0,0.0
CHEMBL1138102,no issue,33.0,16.5,0.0,0.0
CHEMBL1138106,no issue,18.0,0.0,0.0,0.0
CHEMBL1138111,exact data citation,0.0,0.0,0.0,0.5
CHEMBL1138120,no issue,0.0,0.0,0.0,0.0
CHEMBL1138122,no issue,0.0,0.0,0.0,4.0
CHEMBL1138125,no issue,875.0,4.0,0.0,0.0
CHEMBL1138126,no issue,1478.0,70.5,0.0,0.0
CHEMBL1138127,test Item with unknown chirality,0.0,0.0,0.0,1.5
CHEMBL1138132,no issue,0.0,0.0,0.0,0.5
CHEMBL1138133,no issue,0.0,0.0,0.0,0.0
CHEMBL1138134,no issue,2.0,1.0,0.0,0.0
CHEMBL1138136,no issue,0.0,0.0,12.5,3.0
CHEMBL1138144,no issue,34.5,3.5,25.5,4.0
CHEMBL1138149,exact data citation,0.5,2.0,0.0,0.0
CHEMBL1138150,test Item with unknown chirality,11.0,3.5,0.0,0.0
CHEMBL1138152,no issue,0.0,6.0,0.0,0.0
CHEMBL1138159,exact data citation,0.0,2.0,0.0,0.0
CHEMBL1138161,test Item with unknown chirality,0.0,0.0,0.0,0.0
CHEMBL1138162,no issue,2.5,0.0,0.0,0.0
CHEMBL1138163,no issue,0.0,0.0,0.0,0.0
CHEMBL1138164,no issue,0.0,2.0,0.0,0.0
CHEMBL1138171,no issue,0.0,1.0,0.0,0.0
CHEMBL1138174,no issue,36.0,2.5,0.0,0.0
CHEMBL1138177,no issue,46.0,0.0,0.0,0.0
CHEMBL1138178,no issue,0.0,3.0,0.0,0.0
CHEMBL1138181,highly correlated assays,0.0,0.0,0.0,8.5
CHEMBL1138182,rounded data citation,0.0,0.0,0.0,1.5
CHEMBL1138184,highly correlated assays,54.0,41.0,0.0,0.0
CHEMBL1138189,no issue,0.0,0.0,0.0,76.0
CHEMBL1138195,no issue,0.0,0.0,10.0,8.5
CHEMBL1138197,shuffled assays,0.0,0.0,4.0,188.0
CHEMBL1138198,highly correlated assays,0.0,0.0,26.5,1513.0
CHEMBL1138200,no issue,0.0,0.5,0.0,0.0
CHEMBL1138204,no issue,9.0,0.5,0.0,0.0
CHEMBL1138208,no issue,24.5,16.5,0.0,0.0
CHEMBL1138210,multiply activity for same test item,0.0,0.0,4.5,4.5
CHEMBL1138213,no issue,102.5,23.0,0.0,0.0
CHEMBL1138214,no issue,3.0,4.5,0.0,0.0
CHEMBL1138216,no issue,2.0,0.0,31.5,2.5
CHEMBL1138221,no issue,0.0,0.0,0.5,0.0
CHEMBL1138231,test Item with unknown chirality,0.0,0.0,1.0,0.5
CHEMBL1138234,no issue,0.0,0.0,0.0,1.5
CHEMBL1138236,no issue,40.0,1.0,0.0,0.0
CHEMBL1138245,no issue,0.0,0.0,11.0,2.0
CHEMBL1138261,multifunctional enzyme,0.0,0.0,0.0,12.0
CHEMBL1138271,no issue,0.0,0.0,8.0,4.0
CHEMBL1138274,test Item with unknown chirality,0.0,0.0,0.0,0.0
CHEMBL1138275,test Item with unknown chirality,0.0,0.0,0.0,0.0
CHEMBL1138280,no issue,0.0,6.0,0.0,0.0
CHEMBL1138282,no issue,0.0,0.0,21.0,41.0
CHEMBL1138285,no issue,0.0,0.0,25.0,0.0
CHEMBL1138287,no issue,1.5,0.0,0.0,0.0
CHEMBL1138302,multiply activity for same test item,0.0,0.0,54.0,0.0
CHEMBL1138307,exact data citation,0.0,0.0,31.5,24.0
CHEMBL1138320,no issue,0.0,0.0,0.0,1.0
CHEMBL1138322,no issue,3.5,8.5,0.0,0.0
CHEMBL1138325,highly correlated assays,0.0,2.5,0.0,10.5
CHEMBL1138326,multiply activity for same test item,123.5,2.0,0.0,0.0
CHEMBL1138328,no issue,4.0,16.0,0.0,0.0
CHEMBL1138333,no issue,0.0,0.0,0.5,6.0
CHEMBL1138335,no issue,0.5,0.0,0.0,0.0
CHEMBL1138336,test Item with unknown chirality,19.0,3.0,0.0,0.0
CHEMBL1138341,no issue,0.0,0.0,0.5,0.0
CHEMBL1138342,multifunctional enzyme,0.0,0.0,0.0,5.0
CHEMBL1138343,multiply activity for same test item,60.5,61.5,0.0,0.0
CHEMBL1138347,no issue,87.0,29.5,0.0,0.0
CHEMBL1138349,no issue,5.5,3.0,0.0,0.0
CHEMBL1138351,test Item with unknown chirality,0.0,0.5,0.0,0.0
CHEMBL1138357,no issue,0.0,0.0,36.5,10.0
CHEMBL1138361,no issue,0.0,0.0,0.0,0.0
CHEMBL1138370,no issue,0.0,0.0,0.0,0.0
CHEMBL1138374,no issue,7.0,0.0,0.0,0.0
CHEMBL1138378,no issue,0.0,0.0,4.0,68.5
CHEMBL1138385,no issue,12.5,0.0,0.0,0.0
CHEMBL1138390,exact data citation,1.5,10.5,0.0,0.0
CHEMBL1138391,no issue,31.5,6.0,0.0,0.0
CHEMBL1138399,exact data citation,0.0,1.5,0.0,0.0
CHEMBL1138402,no issue,0.0,1.5,0.0,0.0
CHEMBL1138409,no issue,0.0,0.0,0.0,0.0
CHEMBL1138411,exact data citation,2.0,5.0,0.0,0.0
CHEMBL1138415,no issue,0.0,0.0,4.0,3.5
CHEMBL1138419,no issue,1.5,0.0,0.0,0.0
CHEMBL1138420,test Item with unknown chirality,0.0,0.0,0.0,0.0
CHEMBL1138423,no issue,0.5,0.0,0.0,0.0
CHEMBL1138430,test Item with unknown chirality,0.0,0.0,9.5,27.5
CHEMBL1138443,highly correlated assays,0.0,0.0,26.5,1611.0
CHEMBL1138444,no issue,0.0,0.0,59.0,0.0
CHEMBL1138451,no issue,0.0,5.0,0.0,0.0
CHEMBL1138454,no issue,0.0,0.0,6.0,0.0
CHEMBL1138455,no issue,1.5,0.0,0.0,0.0
CHEMBL1138460,highly correlated assays,0.0,0.0,33.0,4.5
CHEMBL1138461,no issue,6.5,0.5,0.0,0.0
CHEMBL1138462,no issue,0.0,0.0,31.5,10.5
CHEMBL1138463,multifunctional enzyme,8.0,0.0,0.0,0.0
CHEMBL1138465,no issue,0.0,0.0,0.0,2.0
CHEMBL1138468,no issue,0.0,16.0,0.0,0.0
CHEMBL1138469,no issue,3.0,3.0,0.0,0.0
CHEMBL1138475,multiply activity for same test item,0.0,0.0,4.5,7.0
CHEMBL1138476,no issue,5.5,2.0,0.0,0.0
CHEMBL1138477,no issue,4.5,4.5,0.0,0.0
CHEMBL1138487,highly correlated assays,552.0,112.0,0.0,0.0
CHEMBL1138489,multifunctional enzyme,69.0,30.0,0.0,0.0
CHEMBL1138492,test Item with unknown chirality,0.0,0.0,0.0,0.0
CHEMBL1138494,no issue,0.0,0.0,0.0,0.0
CHEMBL1138498,no issue,0.0,0.0,0.5,1.0
CHEMBL1138501,no issue,0.0,0.5,0.5,3.5
CHEMBL1138502,test Item with unknown chirality,10.0,13.0,0.0,0.0
CHEMBL1138512,no issue,25.0,0.0,0.0,0.0
CHEMBL1138514,test Item with unknown chirality,47.5,0.0,0.0,0.0
CHEMBL1138523,no issue,7.5,0.0,0.0,0.0
CHEMBL1138525,no issue,0.0,60.0,0.0,0.0
CHEMBL1138526,no issue,347.5,0.0,0.0,0.0
CHEMBL1138527,no issue,29.0,1.0,0.0,0.0
CHEMBL1138528,no issue,0.0,0.0,0.0,1.5
CHEMBL1138538,highly correlated assays,51.5,8.0,0.0,0.0
CHEMBL1138543,test Item with unknown chirality,3.0,1.5,0.0,0.0
CHEMBL1138548,multiply activity for same test item,16.0,0.0,0.0,0.0
CHEMBL1138553,no issue,1.0,5.0,0.0,0.0
CHEMBL1138571,exact data citation,11.0,1.5,0.0,0.0
CHEMBL1138579,exact data citation,0.0,1.0,0.0,0.0
CHEMBL1138584,no issue,0.0,0.0,0.0,0.0
CHEMBL1138586,no issue,0.5,0.0,0.0,1.0
CHEMBL1138588,review,1.0,0.0,0.0,0.0
CHEMBL1138590,multiply activity for same test item,0.0,0.0,4.0,2.5
CHEMBL1138594,no issue,0.5,0.5,0.0,0.0
CHEMBL1138595,no issue,7.0,0.5,0.0,0.0
CHEMBL1138600,high citation rate,37.5,23.0,0.0,0.0
CHEMBL1138602,rounded data citation,0.0,2.0,0.0,0.0
CHEMBL1138606,exact data citation,0.0,0.0,0.0,3.0
CHEMBL1138612,multifunctional enzyme,0.0,0.0,0.5,0.5
CHEMBL1138617,no issue,1.0,0.0,0.0,0.0
CHEMBL1138622,no issue,20.5,0.0,0.0,0.0
CHEMBL1138633,test Item with unknown chirality,0.0,1.0,0.0,0.0
CHEMBL1138636,no issue,0.0,0.0,14.0,1.0
CHEMBL1138637,test Item with unknown chirality,0.0,0.0,0.0,1.0
CHEMBL1138639,no issue,2.0,0.0,0.0,0.0
CHEMBL1138646,highly correlated assays,0.0,0.0,0.0,3.0
CHEMBL1138647,exact data citation,0.0,0.0,23.0,395.0
CHEMBL1138651,no issue,0.0,0.5,0.0,0.0
CHEMBL1138658,no issue,0.0,0.0,2.0,2.0
CHEMBL1138659,no issue,26.0,12.0,0.0,0.0
CHEMBL1138661,no issue,24.0,6.5,0.0,0.0
CHEMBL1138663,no issue,17.5,1.0,0.0,0.0
CHEMBL1138665,no issue,0.0,2.0,0.0,0.0
CHEMBL1138670,review,0.0,0.0,2.5,0.0
CHEMBL1138672,no issue,0.0,0.0,72.0,0.0
CHEMBL1138675,no issue,0.0,0.0,37.0,11.0
CHEMBL1138676,no issue,0.0,0.0,101.0,36.0
CHEMBL1138681,no issue,0.5,0.0,0.0,0.0
CHEMBL1138682,no issue,0.0,0.0,6.0,0.5
CHEMBL1138705,test Item with unknown chirality,0.0,0.0,0.0,0.0
CHEMBL1138708,no issue,5.5,1.0,0.0,0.0
CHEMBL1138712,exact data citation,0.0,0.0,0.0,1.5
CHEMBL1138716,no issue,0.0,0.0,0.0,4.0
CHEMBL1138718,multiply activity for same test item,0.0,0.0,0.0,0.0
CHEMBL1138721,no issue,0.0,0.0,1.5,3.0
CHEMBL1138722,no issue,106.0,3.0,0.0,0.0
CHEMBL1138727,no issue,10.0,31.5,0.0,0.0
CHEMBL1138728,test Item with unknown chirality,7.0,0.0,0.0,0.0
CHEMBL1138730,no issue,200.0,72.0,2.5,5.5
CHEMBL1138731,exact data citation,0.5,2.5,0.0,0.0
CHEMBL1138734,no issue,494.0,47.0,0.0,0.0
CHEMBL1138735,no issue,0.0,0.0,0.0,0.0
CHEMBL1138737,no issue,0.0,1.5,0.0,0.0
CHEMBL1138740,highly correlated assays,3.5,1.0,4.5,2.5
CHEMBL1138741,multiply activity for same test item,0.0,0.0,0.0,0.0
CHEMBL1138743,no issue,0.5,0.0,0.0,3.5
CHEMBL1138746,no issue,0.0,2.0,0.0,0.0
CHEMBL1138747,highly correlated assays,5.0,2.0,0.0,0.0
CHEMBL1138752,no issue,0.0,0.0,42.5,0.0
CHEMBL1138763,no issue,4.5,7.0,0.0,0.0
CHEMBL1138767,no issue,0.0,0.0,0.0,0.0
CHEMBL1138770,no issue,0.0,0.0,0.0,0.0
CHEMBL1138772,no issue,12.5,5.0,0.0,0.0
CHEMBL1138773,highly correlated assays,46.5,13.0,0.0,0.0
CHEMBL1138774,multiply activity for same test item,0.0,0.0,0.0,0.0
CHEMBL1138788,test Item with unknown chirality,0.0,0.0,0.0,0.0
CHEMBL1138789,highly correlated assays,10.5,3.0,0.0,0.0
CHEMBL1138795,no issue,0.0,0.0,0.0,0.5
CHEMBL1138796,multiply activity for same test item,0.0,0.0,0.5,0.0
CHEMBL1138798,multiply activity for same test item,15.0,0.0,0.0,0.0
CHEMBL1138800,highly correlated assays,0.5,0.0,110.0,5.5
CHEMBL1138806,no issue,1.5,2.5,1.0,0.5
CHEMBL1138810,exact data citation,2.0,2.0,0.0,0.0
CHEMBL1138829,test Item with unknown chirality,0.0,0.0,0.0,8.0
CHEMBL1138830,no issue,122.5,0.0,0.0,0.0
CHEMBL1138842,multifunctional enzyme,4.0,0.0,0.0,0.0
CHEMBL1138847,no issue,0.0,0.0,61.5,1.5
CHEMBL1138849,no issue,0.0,0.0,0.0,0.0
CHEMBL1138859,exact data citation,1.5,4.5,0.0,0.0
CHEMBL1138861,no issue,15.5,11.0,0.0,0.0
CHEMBL1138865,no issue,0.0,2.5,0.0,0.0
CHEMBL1138874,no issue,5.0,0.0,0.0,0.0
CHEMBL1138885,no issue,0.0,0.0,31.5,45.0
CHEMBL1138886,multiply activity for same test item,361.5,107.5,0.0,0.0
CHEMBL1138893,exact data citation,0.0,1.0,0.0,0.0
CHEMBL1138900,no issue,0.0,0.0,0.0,6.5
CHEMBL1138901,test Item with unknown chirality,0.0,19.0,0.0,0.0
CHEMBL1138903,no issue,0.0,0.0,3.0,1.0
CHEMBL1138904,multiply activity for same test item,0.5,3.5,0.0,0.0
CHEMBL1138905,no issue,0.0,0.0,0.0,0.0
CHEMBL1138906,no issue,0.0,16.5,0.0,0.0
CHEMBL1138908,no issue,0.5,0.5,0.0,0.0
CHEMBL1138910,no issue,25.5,0.0,0.0,0.0
CHEMBL1138912,multiply activity for same test item,3.5,0.0,0.0,0.0
CHEMBL1138915,highly correlated assays,0.0,0.0,25.5,31.0
CHEMBL1138921,no issue,12.5,3.0,0.5,0.0
CHEMBL1138923,no issue,0.0,3.5,0.0,0.5
CHEMBL1138925,multiply activity for same test item,0.0,0.0,0.0,1.0
CHEMBL1138929,rounded data citation,10.0,0.0,0.0,0.0
CHEMBL1138933,no issue,18.0,9.5,7.0,7.0
CHEMBL1138935,multiply activity for same test item,8.0,11.0,0.0,0.0
CHEMBL1138937,exact data citation,0.0,1.0,0.0,0.0
CHEMBL1138938,exact data citation,0.0,0.0,0.0,5.0
CHEMBL1138941,no issue,0.5,0.0,0.0,0.0
CHEMBL1138943,multiply activity for same test item,0.0,0.0,0.5,0.0
CHEMBL1138946,test Item with unknown chirality,0.0,0.0,0.0,0.0
CHEMBL1138948,no issue,0.0,0.0,0.0,6.0
CHEMBL1138951,test Item with unknown chirality,1.5,0.0,0.0,0.0
CHEMBL1138952,exact data citation,0.0,0.0,2.0,18.5
CHEMBL1138953,exact data citation,0.0,0.0,3.5,7.0
CHEMBL1138957,exact data citation,0.5,3.5,0.0,0.0
CHEMBL1138964,no issue,9.0,2.5,0.0,0.0
CHEMBL1138965,highly correlated assays,0.0,5.5,0.0,0.0
CHEMBL1138967,no issue,1.5,1.0,0.0,0.0
CHEMBL1138970,no issue,0.0,24.0,0.0,0.0
CHEMBL1138972,no issue,0.5,0.0,0.0,0.0
CHEMBL1138973,no issue,0.0,0.0,19.0,0.0
CHEMBL1138975,exact data citation,0.0,2.0,0.0,0.0
CHEMBL1138977,no issue,0.0,0.0,0.0,0.0
CHEMBL1138980,no issue,7.0,0.0,0.0,0.0
CHEMBL1138981,test Item with unknown chirality,0.0,0.0,0.0,0.0
CHEMBL1138986,no issue,0.0,0.0,0.0,0.0
CHEMBL1138993,exact data citation,0.0,1.0,0.0,0.0
CHEMBL1138996,no issue,0.0,1.5,0.0,0.0
CHEMBL1138998,exact data citation,0.0,0.0,0.5,14.0
CHEMBL1139005,test Item with unknown chirality,0.0,0.0,0.0,3.5
CHEMBL1139007,no issue,3.5,0.0,0.0,0.0
CHEMBL1139010,no issue,0.5,2.0,0.0,0.0
CHEMBL1139015,exact data citation,1.5,3.0,0.0,0.0
CHEMBL1139018,no issue,24.0,1.0,0.0,0.0
CHEMBL1139019,no issue,0.0,0.0,0.0,0.0
CHEMBL1139021,highly correlated assays,0.0,0.0,0.0,3.0
CHEMBL1139022,exact data citation,32.0,30.0,0.0,0.0
CHEMBL1139023,no issue,0.0,1.0,0.0,0.0
CHEMBL1139039,no issue,2.0,5.0,0.0,0.0
CHEMBL1139041,test Item with unknown chirality,0.0,0.0,0.0,0.0
CHEMBL1139042,no issue,0.0,0.0,0.0,0.0
CHEMBL1139045,exact data citation,19.0,4.5,0.0,0.0
CHEMBL1139046,no issue,0.0,0.0,0.5,12.0
CHEMBL1139053,no issue,0.5,0.5,0.0,0.0
CHEMBL1139059,test Item with unknown chirality,0.0,6.0,0.0,36.0
CHEMBL1139060,multiply activity for same test item,0.0,0.0,20.0,9.5
CHEMBL1139065,no issue,0.0,0.0,0.0,1.5
CHEMBL1139072,no issue,0.5,1.0,0.0,0.0
CHEMBL1139074,multiply activity for same test item,0.0,1.0,0.0,0.0
CHEMBL1139077,high citation rate,0.0,0.0,0.5,47.0
CHEMBL1139080,test Item with unknown chirality,0.0,0.0,0.0,0.0
CHEMBL1139093,test Item with unknown chirality,0.0,0.0,0.0,0.0
CHEMBL1139098,no issue,0.0,0.0,1.5,0.0
CHEMBL1139099,no issue,6.0,0.0,0.0,0.0
CHEMBL1139101,no issue,0.0,0.0,8.0,0.0
CHEMBL1139102,multiply activity for same test item,4.5,1.5,0.0,0.0
CHEMBL1139103,no issue,0.0,0.0,0.0,0.0
CHEMBL1139105,no issue,0.0,0.5,0.0,0.0
CHEMBL1139112,test Item with unknown chirality,0.0,0.5,0.0,0.0
CHEMBL1139115,no issue,0.0,0.0,0.0,0.0
CHEMBL1139116,no issue,0.0,0.0,0.0,0.0
CHEMBL1139118,test Item with unknown chirality,0.0,0.0,0.0,0.0
CHEMBL1139124,no issue,0.0,0.0,0.0,0.0
CHEMBL1139125,no issue,11.0,11.5,0.0,0.0
CHEMBL1139129,no issue,2.0,0.5,0.0,0.0
CHEMBL1139130,no issue,0.0,1.5,0.0,0.0
CHEMBL1139135,no issue,0.0,0.0,0.0,0.0
CHEMBL1139138,test Item with unknown chirality,0.0,0.0,0.0,0.0
CHEMBL1139143,no issue,0.0,0.0,0.0,6.0
CHEMBL1139144,no issue,33.0,14.5,0.0,0.0
CHEMBL1139149,no issue,22.0,3.0,0.0,0.0
CHEMBL1139156,test Item with unknown chirality,0.0,0.0,9.5,7.5
CHEMBL1139157,test Item with unknown chirality,0.0,0.0,0.0,0.0
CHEMBL1139160,no issue,0.0,3.0,0.0,0.0
CHEMBL1139163,no issue,0.0,2.0,0.0,0.0
CHEMBL1139166,no issue,0.0,0.0,2.0,1.0
CHEMBL1139168,test Item with unknown chirality,0.0,0.0,0.0,0.0
CHEMBL1139173,no issue,0.0,0.0,0.0,0.0
CHEMBL1139176,test Item with unknown chirality,0.0,0.0,0.0,0.0
CHEMBL1139181,no issue,0.0,0.0,2.5,1.0
CHEMBL1139186,no issue,1.0,0.0,0.0,0.0
CHEMBL1139188,exact data citation,0.0,5.5,0.0,0.0
CHEMBL1139198,multiply activity for same test item,8.0,4.5,0.0,0.0
CHEMBL1139199,no issue,0.5,41.0,0.0,0.0
CHEMBL1139215,no issue,1.0,0.5,0.0,0.0
CHEMBL1139217,test Item with unknown chirality,0.5,0.5,0.0,0.0
CHEMBL1139220,no issue,0.0,0.0,53.5,0.0
CHEMBL1139224,test Item with unknown chirality,0.0,0.0,0.5,0.0
CHEMBL1139225,exact data citation,0.0,4.0,0.0,0.0
CHEMBL1139226,no issue,0.0,2.0,0.0,0.0
CHEMBL1139230,no issue,0.0,2.5,0.0,0.0
CHEMBL1139231,multiply activity for same test item,23.5,7.0,17.0,13.0
CHEMBL1139235,no issue,360.0,112.0,380.0,3.0
CHEMBL1139241,rounded data citation,0.0,0.5,0.0,9.5
CHEMBL1139248,multiply activity for same test item,0.0,104.0,0.0,4.0
CHEMBL1139255,exact data citation,0.0,1.5,0.0,0.0
CHEMBL1139266,no issue,0.0,0.0,0.0,0.0
CHEMBL1139269,no issue,50.0,12.5,22.5,16.0
CHEMBL1139276,exact data citation,5.0,5.0,0.0,0.0
CHEMBL1139277,no issue,33.0,0.0,0.0,0.0
CHEMBL1139279,no issue,0.0,3.0,0.0,0.0
CHEMBL1139291,highly correlated assays,0.0,0.5,98.0,19.5
CHEMBL1139308,no issue,0.0,0.5,0.0,0.0
CHEMBL1139316,no issue,5.5,0.0,0.0,0.0
CHEMBL1139317,no issue,0.0,0.0,0.0,0.5
CHEMBL1139318,no issue,0.0,0.0,0.0,0.0
CHEMBL1139323,no issue,0.0,0.0,0.0,0.0
CHEMBL1139330,no issue,0.0,0.0,0.0,4.0
CHEMBL1139334,no issue,73.0,0.0,0.0,0.0
CHEMBL1139338,high citation rate,0.0,0.0,0.0,28.5
CHEMBL1139341,exact data citation,1.0,6.5,1.0,0.0
CHEMBL1139344,no issue,0.0,0.0,8.0,3.0
CHEMBL1139345,no issue,200.0,0.0,10.0,0.0
CHEMBL1139349,highly correlated assays,63.0,0.5,0.5,0.0
CHEMBL1139350,no issue,0.0,2.0,0.0,0.0
CHEMBL1139352,no issue,18.5,0.0,0.0,0.0
CHEMBL1139353,high citation rate,0.0,0.0,48.5,6.5
CHEMBL1139358,no issue,0.0,32.0,0.0,0.0
CHEMBL1139366,no issue,141.5,21.0,0.0,0.0
CHEMBL1139370,no issue,0.0,0.0,262.5,40.5
CHEMBL1139372,no issue,4.0,56.0,0.0,0.0
CHEMBL1139375,no issue,0.5,0.0,0.0,0.0
CHEMBL1139379,no issue,2.0,2.0,0.0,0.0
CHEMBL1139384,multiply activity for same test item,0.0,1.0,0.0,0.0
CHEMBL1139386,no issue,0.0,0.0,16.5,0.0
CHEMBL1139391,multiply activity for same test item,8.5,0.0,0.0,0.0
CHEMBL1139393,exact data citation,0.0,0.0,0.0,0.5
CHEMBL1139400,no issue,26.5,0.0,9.0,0.0
CHEMBL1139410,shuffled assays,0.0,0.0,0.0,0.0
CHEMBL1139414,test Item with unknown chirality,0.0,0.0,0.0,0.0
CHEMBL1139415,no issue,0.0,0.5,0.0,0.0
CHEMBL1139432,no issue,0.0,1.0,0.0,0.5
CHEMBL1139435,no issue,0.0,0.0,1.0,6.0
CHEMBL1139446,no issue,2.5,0.0,0.0,0.0
CHEMBL1139453,highly correlated assays,0.0,0.0,2.0,5.5
CHEMBL1139461,exact data citation,0.0,1.0,0.0,0.0
CHEMBL1139467,shuffled assays,2100.0,772.0,0.0,0.0
CHEMBL1139469,test Item with unknown chirality,0.0,0.0,0.0,0.0
CHEMBL1139472,multifunctional enzyme,26.0,256.0,0.0,0.0
CHEMBL1139473,no issue,43.0,20.0,0.0,0.0
CHEMBL1139475,multifunctional enzyme,0.0,0.0,0.0,115.5
CHEMBL1139476,no issue,0.0,0.0,0.0,0.0
CHEMBL1139479,multiply activity for same test item,33.0,12.5,0.0,0.0
CHEMBL1139484,no issue,0.0,0.0,23.0,11.5
CHEMBL1139488,highly correlated assays,0.0,0.0,25.5,4.0
CHEMBL1139490,exact data citation,0.0,0.0,7.0,3.0
CHEMBL1139492,exact data citation,0.0,2.0,0.0,0.0
CHEMBL1139493,no issue,0.0,0.0,51.5,0.0
CHEMBL1139496,highly correlated assays,0.0,0.0,264.0,116.0
CHEMBL1139498,multiply activity for same test item,47.0,0.0,0.0,0.0
CHEMBL1139500,review,11.0,0.0,2.0,0.0
CHEMBL1139501,no issue,20.0,20.0,23.0,3.0
CHEMBL1139503,no issue,0.0,0.0,13.0,0.5
CHEMBL1139504,highly correlated assays,0.0,0.0,0.0,14.5
CHEMBL1139512,highly correlated assays,114.0,1.0,0.0,0.0
CHEMBL1139513,no issue,0.0,0.0,1.5,0.0
CHEMBL1139514,multiply activity for same test item,0.0,4.0,0.0,4.0
CHEMBL1139515,highly correlated assays,0.0,6.0,0.0,0.0
CHEMBL1139516,no issue,0.5,1.5,0.0,0.0
CHEMBL1139520,review,0.0,8.0,165.0,205.5
CHEMBL1139523,no issue,0.0,0.0,33.5,22.0
CHEMBL1139527,no issue,0.0,0.5,0.0,0.0
CHEMBL1139532,multiply activity for same test item,8.5,486.5,10.0,205.5
CHEMBL1139538,highly correlated assays,45.5,14.0,0.0,0.0
CHEMBL1139541,highly correlated assays,0.0,0.0,39.5,14.0
CHEMBL1139544,no issue,0.0,0.0,4.5,2.0
CHEMBL1139545,test Item with unknown chirality,26.0,0.0,0.0,0.0
CHEMBL1139549,exact data citation,0.0,0.0,0.0,0.5
CHEMBL1139564,no issue,22.0,1.0,0.0,0.0
CHEMBL1139565,no issue,0.0,0.0,13.0,1.0
CHEMBL1139567,no issue,2.0,1.0,0.0,0.0
CHEMBL1139568,highly correlated assays,0.0,0.0,40.0,921.0
CHEMBL1139570,exact data citation,40.5,7.0,0.0,0.0
CHEMBL1139571,highly correlated assays,15.0,1.0,3.5,0.0
CHEMBL1139572,no issue,0.0,0.0,2.5,0.5
CHEMBL1139578,no issue,0.5,2.5,0.0,0.0
CHEMBL1139579,highly correlated assays,0.0,0.0,0.0,5.0
CHEMBL1139581,highly correlated assays,0.0,0.0,0.5,14.0
CHEMBL1139582,no issue,0.0,0.0,9.0,5.0
CHEMBL1139587,no issue,0.0,0.0,0.0,0.0
CHEMBL1139588,no issue,3.0,0.5,0.0,0.0
CHEMBL1139589,no issue,5.5,0.0,0.0,0.0
CHEMBL1139593,no issue,3.0,3.0,0.0,0.0
CHEMBL1139595,multiply activity for same test item,2.0,0.0,0.0,0.0
CHEMBL1139599,no issue,25.0,1.5,0.0,0.0
CHEMBL1139600,no issue,0.0,0.0,0.0,0.0
CHEMBL1139603,test Item with unknown chirality,2.0,0.0,0.0,0.0
CHEMBL1139605,exact data citation,0.0,0.0,0.0,0.0
CHEMBL1139609,no issue,0.0,0.0,7.5,1.0
CHEMBL1139613,no issue,0.5,1.5,0.0,0.0
CHEMBL1139618,test Item with unknown chirality,0.0,0.0,0.0,0.0
CHEMBL1139622,no issue,0.0,40.0,0.0,0.0
CHEMBL1139629,no issue,0.0,0.0,0.0,4.0
CHEMBL1139648,no issue,2.0,1.5,0.0,0.0
CHEMBL1139649,high citation rate,252.5,150.0,0.0,0.0
CHEMBL1139650,no issue,0.0,1.0,0.0,0.0
CHEMBL1139656,no issue,0.0,0.0,0.5,0.0
CHEMBL1139657,exact data citation,0.0,1.5,0.0,0.0
CHEMBL1139659,no issue,0.5,0.0,0.0,0.0
CHEMBL1139661,no issue,0.0,0.0,0.0,3.0
CHEMBL1139663,no issue,33.0,14.5,0.0,0.0
CHEMBL1139664,no issue,0.0,0.0,0.0,0.0
CHEMBL1139666,multiply activity for same test item,0.0,4.5,0.0,0.0
CHEMBL1139667,no issue,0.0,6.5,0.0,0.0
CHEMBL1139674,no issue,0.0,0.0,0.0,0.0
CHEMBL1139675,exact data citation,0.0,1.5,0.0,0.0
CHEMBL1139678,test Item with unknown chirality,22.0,0.0,0.0,0.0
CHEMBL1139680,multiply activity for same test item,0.0,0.0,0.0,0.0
CHEMBL1139681,test Item with unknown chirality,0.0,0.0,0.0,0.0
CHEMBL1139686,no issue,0.5,0.0,0.0,0.0
CHEMBL1139687,no issue,0.0,0.0,0.5,1.0
CHEMBL1139689,no issue,0.0,1.5,0.0,0.0
CHEMBL1139690,no issue,0.0,0.0,0.0,4.5
CHEMBL1139695,no issue,63.0,0.0,0.0,0.0
CHEMBL1139697,test Item with unknown chirality,0.0,0.0,0.0,0.0
CHEMBL1139701,test Item with unknown chirality,0.5,0.5,0.0,0.0
CHEMBL1139705,exact data citation,0.0,0.0,14.0,9.5
CHEMBL1139706,test Item with unknown chirality,0.5,1.0,0.0,0.0
CHEMBL1139709,multiply activity for same test item,85.0,1.5,0.0,0.0
CHEMBL1139717,no issue,0.0,3.0,0.0,0.0
CHEMBL1139719,no issue,0.0,0.0,0.0,0.0
CHEMBL1139722,no issue,2.5,0.0,0.0,0.0
CHEMBL1139727,no issue,0.5,0.0,0.0,0.0
CHEMBL1139730,highly correlated assays,0.0,0.0,2.5,14.0
CHEMBL1139738,test Item with unknown chirality,0.0,0.0,4.5,0.5
CHEMBL1139739,no issue,0.0,0.5,0.0,0.0
CHEMBL1139740,exact data citation,3.0,11.0,0.0,0.0
CHEMBL1139742,no issue,1.0,0.0,0.0,0.0
CHEMBL1139745,no issue,0.5,0.0,0.0,0.0
CHEMBL1139747,test Item with unknown chirality,0.0,0.0,4.5,0.5
CHEMBL1139748,exact data citation,0.0,0.0,0.0,1.0
CHEMBL1139750,no issue,0.0,0.0,0.0,4.0
CHEMBL1139760,highly correlated assays,0.0,0.0,4.0,38.5
CHEMBL1139762,no issue,0.5,0.5,0.0,0.0
CHEMBL1139763,highly correlated assays,0.0,0.0,0.0,2.0
CHEMBL1139768,test Item with unknown chirality,0.0,0.0,0.0,0.0
CHEMBL1139774,no issue,0.0,0.0,1.5,0.5
CHEMBL1139781,no issue,4.0,4.0,0.0,0.0
CHEMBL1139795,no issue,3.0,1.0,0.0,0.0
CHEMBL1139802,no issue,0.5,2.0,0.0,0.0
CHEMBL1139805,no issue,0.0,0.0,0.0,0.0
CHEMBL1139807,multiply activity for same test item,0.5,0.0,0.0,0.0
CHEMBL1139813,no issue,0.0,48.0,0.0,0.0
CHEMBL1139814,multiply activity for same test item,0.0,4.5,0.0,0.0
CHEMBL1139815,test Item with unknown chirality,0.0,0.5,0.0,0.0
CHEMBL1139823,multiply activity for same test item,3.0,3.0,0.0,0.0
CHEMBL1139829,no issue,0.0,0.0,114.0,34.0
CHEMBL1139833,multiply activity for same test item,0.0,0.0,0.0,4.0
CHEMBL1139836,no issue,0.0,0.0,1.0,1.0
CHEMBL1139839,no issue,20.5,0.5,0.0,0.0
CHEMBL1139844,test Item with unknown chirality,1.5,0.0,0.0,0.0
CHEMBL1139845,highly correlated assays,0.0,0.0,50.5,4.5
CHEMBL1139846,no issue,0.0,0.0,3.5,13.0
CHEMBL1139847,highly correlated assays,0.0,0.0,45.0,1991.0
CHEMBL1139857,no issue,3.5,0.0,0.0,0.0
CHEMBL1139861,multiply activity for same test item,0.0,0.0,1.0,5.0
CHEMBL1139871,no issue,0.0,0.0,0.5,0.0
CHEMBL1139879,exact data citation,1.5,1.5,0.0,0.0
CHEMBL1139881,test Item with unknown chirality,0.0,0.0,0.0,0.5
CHEMBL1139885,no issue,85.5,0.0,0.0,0.0
CHEMBL1139886,no issue,25.0,8.0,0.5,1.0
CHEMBL1139895,no issue,1.5,0.0,0.0,0.0
CHEMBL1139904,multifunctional enzyme,1.0,0.0,0.0,0.0
CHEMBL1139911,no issue,0.0,1.5,0.0,0.0
CHEMBL1139912,no issue,0.0,0.0,0.0,0.0
CHEMBL1139915,no issue,1.0,0.0,0.0,0.0
CHEMBL1139918,multiply activity for same test item,0.0,0.0,0.0,78.0
CHEMBL1139919,test Item with unknown chirality,0.0,8.0,0.0,0.0
CHEMBL1139920,test Item with unknown chirality,0.0,0.0,0.0,2.0
CHEMBL1139921,no issue,0.5,0.5,0.0,0.0
CHEMBL1139934,no issue,0.0,1.5,0.0,0.0
CHEMBL1139937,no issue,3.0,14.0,0.0,0.0
CHEMBL1139941,no issue,0.0,1.5,0.0,0.0
CHEMBL1139947,no issue,33.0,16.0,0.0,0.0
CHEMBL1139948,no issue,0.0,0.0,1.0,0.0
CHEMBL1139950,no issue,30.5,1.5,0.0,0.0
CHEMBL1139955,no issue,0.0,0.0,0.0,0.5
CHEMBL1139961,test Item with unknown chirality,1.0,0.0,0.0,0.0
CHEMBL1139966,no issue,1.0,0.0,0.0,0.0
CHEMBL1139969,no issue,8.5,3.5,0.0,0.0
CHEMBL1139974,rounded data citation,2.0,1.0,0.0,0.0
CHEMBL1139975,no issue,0.5,0.0,0.0,0.0
CHEMBL1139976,no issue,0.0,3.0,0.0,0.0
CHEMBL1139979,highly correlated assays,0.0,0.0,14.5,20.0
CHEMBL1139988,no issue,0.0,0.0,0.0,0.0
CHEMBL1139989,shuffled assays,121.0,1.0,0.0,0.0
CHEMBL1140004,no issue,4.0,0.0,58.5,0.5
CHEMBL1140006,no issue,0.0,0.0,0.0,0.5
CHEMBL1140010,no issue,0.0,0.0,4.0,3.0
CHEMBL1140011,no issue,0.0,0.0,0.0,0.0
CHEMBL1140015,no issue,0.0,0.0,0.0,0.0
CHEMBL1140019,no issue,0.0,4.5,0.0,0.0
CHEMBL1140027,multiply activity for same test item,4.0,8.0,0.0,0.0
CHEMBL1140034,test Item with unknown chirality,0.0,0.0,0.0,4.0
CHEMBL1140036,highly correlated assays,2.0,2.5,0.0,0.0
CHEMBL1140042,test Item with unknown chirality,44.5,5.0,0.0,0.0
CHEMBL1140043,no issue,12.0,0.0,0.0,0.0
CHEMBL1140046,no issue,0.0,43.5,0.0,0.0
CHEMBL1140049,no issue,23.5,2.0,0.0,0.0
CHEMBL1140055,no issue,5.5,1.0,0.0,0.0
CHEMBL1140061,no issue,2.0,1.5,0.0,0.0
CHEMBL1140063,no issue,0.0,0.0,2.5,3.0
CHEMBL1140064,highly correlated assays,0.0,0.0,4.0,16.5
CHEMBL1140065,multifunctional enzyme,0.5,0.0,0.0,0.0
CHEMBL1140067,highly correlated assays,86.5,10.0,0.0,0.0
CHEMBL1140076,no issue,25.5,0.0,54.0,0.0
CHEMBL1140077,test Item with unknown chirality,0.0,2.0,0.0,0.0
CHEMBL1140078,no issue,66.5,24.5,0.0,0.5
CHEMBL1140079,exact data citation,0.0,0.5,0.0,0.0
CHEMBL1140081,rounded data citation,29.0,5.5,0.0,0.0
CHEMBL1140082,no issue,0.0,0.0,0.0,0.0
CHEMBL1140083,exact data citation,10.0,41.0,0.0,0.0
CHEMBL1140084,exact data citation,0.5,2.5,0.0,0.0
CHEMBL1140088,multifunctional enzyme,3.0,88.0,0.0,0.0
CHEMBL1140089,exact data citation,0.5,0.0,0.0,0.0
CHEMBL1140093,highly correlated assays,0.0,0.0,4.0,3.0
CHEMBL1140098,no issue,0.0,0.0,0.5,1.0
CHEMBL1140099,no issue,0.0,0.0,0.5,0.0
CHEMBL1140100,no issue,0.0,0.0,9.5,6.0
CHEMBL1140101,exact data citation,0.0,0.0,70.5,10.5
CHEMBL1140111,no issue,0.0,0.5,1.5,0.5
CHEMBL1140120,no issue,0.0,0.5,0.0,0.0
CHEMBL1140121,no issue,1.0,0.0,0.0,0.0
CHEMBL1140124,no issue,34.0,9.0,0.0,0.0
CHEMBL1140130,no issue,12.0,0.0,0.0,0.0
CHEMBL1140134,no issue,9.5,1.0,0.0,0.0
CHEMBL1140135,multifunctional enzyme,18.5,168.0,0.0,0.0
CHEMBL1140136,no issue,0.0,0.0,56.5,6.5
CHEMBL1140139,multifunctional enzyme,0.0,0.0,26.0,8.5
CHEMBL1140140,no issue,22.0,3.0,0.0,0.0
CHEMBL1140144,no issue,0.0,0.0,294.0,144.0
CHEMBL1140148,no issue,0.0,0.0,35.0,5.0
CHEMBL1140149,multiply activity for same test item,0.0,0.0,0.0,0.0
CHEMBL1140150,exact data citation,0.0,0.5,0.0,0.0
CHEMBL1140153,highly correlated assays,0.0,0.0,15.5,38.5
CHEMBL1140154,no issue,0.0,0.0,1.0,9.0
CHEMBL1140157,no issue,0.0,0.0,19.0,51.5
CHEMBL1140161,highly correlated assays,0.0,0.0,23.0,39.0
CHEMBL1140165,highly correlated assays,0.0,0.0,35.5,4.0
CHEMBL1140166,no issue,4.0,0.0,0.0,0.0
CHEMBL1140170,no issue,0.0,4.0,0.0,11.5
CHEMBL1140174,no issue,0.5,0.0,0.0,0.0
CHEMBL1140177,no issue,756.0,36.0,0.0,0.0
CHEMBL1140183,exact data citation,0.0,0.0,1.0,7.5
CHEMBL1140203,highly correlated assays,163.5,2.5,244.0,5.5
CHEMBL1140205,review,16.0,0.0,0.0,0.0
CHEMBL1140209,no issue,3.5,0.5,0.0,0.0
CHEMBL1140212,exact data citation,0.0,2.5,0.0,0.0
CHEMBL1140215,no issue,2.5,72.0,0.0,10.5
CHEMBL1140225,no issue,0.0,0.0,0.0,0.0
CHEMBL1140227,no issue,119.0,3.0,0.0,0.0
CHEMBL1140229,rounded data citation,16.0,7.0,0.0,0.0
CHEMBL1140235,no issue,0.0,0.0,53.5,9.0
CHEMBL1140236,no issue,0.0,0.5,2.5,1.5
CHEMBL1140241,exact data citation,0.0,0.0,1.5,2.5
CHEMBL1140242,exact data citation,0.0,0.0,0.0,3.5
CHEMBL1140243,no issue,0.0,1.5,0.0,0.0
CHEMBL1140244,highly correlated assays,0.0,0.0,33.0,605.0
CHEMBL1140255,highly correlated assays,0.0,2.5,0.0,0.0
CHEMBL1140262,no issue,0.0,0.0,0.0,27.5
CHEMBL1140265,multifunctional enzyme,0.0,1.5,0.0,0.0
CHEMBL1140268,no issue,1.0,0.5,0.0,0.0
CHEMBL1140270,no issue,0.0,6.0,0.0,0.0
CHEMBL1140272,no issue,0.0,0.0,0.0,0.0
CHEMBL1140273,highly correlated assays,0.0,0.0,34.0,887.5
CHEMBL1140281,no issue,0.0,0.0,35.5,3.0
CHEMBL1140283,no issue,3.5,0.0,0.0,0.0
CHEMBL1140284,multiply activity for same test item,0.0,0.0,28.0,4.0
CHEMBL1140286,no issue,0.0,0.0,8.5,1.0
CHEMBL1140292,no issue,0.0,1.0,0.0,0.0
CHEMBL1140293,no issue,0.0,0.0,0.0,0.0
CHEMBL1140296,no issue,144.5,0.0,0.0,0.0
CHEMBL1140299,rounded data citation,0.0,0.0,61.0,4.0
CHEMBL1140304,exact data citation,0.0,0.0,1.5,8.5
CHEMBL1140311,test Item with unknown chirality,0.0,0.0,0.0,0.0
CHEMBL1140313,multifunctional enzyme,0.0,0.5,0.0,0.0
CHEMBL1140314,highly correlated assays,0.0,0.0,1.0,7.5
CHEMBL1140319,no issue,11.0,0.0,0.0,0.0
CHEMBL1140320,test Item with unknown chirality,0.0,0.0,0.0,0.0
CHEMBL1140322,highly correlated assays,0.0,0.5,0.0,9.5
CHEMBL1140323,no issue,0.0,0.0,0.5,0.5
CHEMBL1140326,highly correlated assays,2.0,8.5,0.0,0.0
CHEMBL1140330,highly correlated assays,0.0,0.0,33.0,827.0
CHEMBL1140335,no issue,0.0,0.0,0.5,0.0
CHEMBL1140336,test Item with unknown chirality,1.0,0.0,0.0,0.0
CHEMBL1140340,highly correlated assays,13.0,16.5,4.0,11.0
CHEMBL1140344,no issue,0.0,0.0,0.0,4.0
CHEMBL1140346,test Item with unknown chirality,0.0,0.0,1.0,0.5
CHEMBL1140350,review,0.0,0.0,9.0,0.0
CHEMBL1140351,no issue,0.0,0.0,0.0,0.0
CHEMBL1140352,rounded data citation,0.5,0.0,0.0,0.0
CHEMBL1140355,no issue,0.0,0.0,0.0,0.0
CHEMBL1140358,no issue,0.0,0.0,63.0,2.5
CHEMBL1140360,highly correlated assays,2.0,17.0,0.0,0.0
CHEMBL1140363,no issue,0.5,0.0,0.0,0.0
CHEMBL1140367,multiply activity for same test item,0.0,0.0,0.0,0.0
CHEMBL1140368,test Item with unknown chirality,136.0,0.0,0.0,0.0
CHEMBL1140369,no issue,0.5,6.0,0.0,0.0
CHEMBL1140370,no issue,0.0,0.0,8.5,2.5
CHEMBL1140372,no issue,0.0,0.0,39.0,1.5
CHEMBL1140373,highly correlated assays,0.0,0.0,0.0,2.5
CHEMBL1140374,no issue,72.0,0.0,79.5,1.5
CHEMBL1140377,no issue,0.0,0.0,0.0,2.0
CHEMBL1140379,no issue,788.0,0.0,0.0,0.0
CHEMBL1140384,no issue,0.0,0.0,0.0,0.0
CHEMBL1140386,no issue,64.0,64.0,0.0,0.0
CHEMBL1140387,test Item with unknown chirality,0.0,0.0,0.0,0.0
CHEMBL1140390,highly correlated assays,46.5,13.0,0.0,0.0
CHEMBL1140394,no issue,12.0,24.0,0.0,0.0
CHEMBL1140395,multiply activity for same test item,0.0,0.0,0.0,0.0
CHEMBL1140398,no issue,0.0,0.0,0.0,0.0
CHEMBL1140402,multifunctional enzyme,9.5,2.0,0.0,0.0
CHEMBL1140403,exact data citation,0.0,0.0,33.0,780.5
CHEMBL1140404,no issue,0.5,0.0,0.0,0.0
CHEMBL1140405,no issue,4.0,8.0,0.0,0.0
CHEMBL1140407,no issue,0.0,0.0,1.0,1.5
CHEMBL1140408,no issue,0.0,0.5,0.0,0.0
CHEMBL1140409,no issue,0.0,1.5,0.0,0.0
CHEMBL1140410,no issue,4.0,0.0,0.0,0.0
CHEMBL1140415,no issue,0.0,0.5,0.0,0.0
CHEMBL1140416,no issue,0.0,0.0,0.0,0.0
CHEMBL1140420,no issue,97.5,0.0,8.5,0.0
CHEMBL1140425,test Item with unknown chirality,14.5,0.0,0.0,0.0
CHEMBL1140426,no issue,0.0,0.0,43.0,1.5
CHEMBL1140427,no issue,0.0,0.0,14.0,10.0
CHEMBL1140429,highly correlated assays,0.0,2.0,0.0,2.0
CHEMBL1140430,no issue,21.0,1.5,0.0,0.0
CHEMBL1140431,no issue,0.5,0.0,0.0,0.0
CHEMBL1140432,multifunctional enzyme,1.0,0.0,0.0,0.0
CHEMBL1140434,highly correlated assays,0.0,0.0,41.0,33.0
CHEMBL1140442,no issue,0.0,0.0,5.0,0.0
CHEMBL1140446,review,57.5,4.5,45.5,4.0
CHEMBL1140447,test Item with unknown chirality,0.0,0.0,1.0,0.0
CHEMBL1140448,no issue,0.0,0.0,2.0,0.0
CHEMBL1140454,test Item with unknown chirality,0.0,0.0,0.0,0.0
CHEMBL1140457,no issue,0.0,2.0,0.0,0.0
CHEMBL1140463,no issue,0.0,0.0,0.5,0.0
CHEMBL1140465,no issue,0.0,0.0,0.0,0.5
CHEMBL1140475,no issue,0.0,0.0,0.0,0.0
CHEMBL1140481,rounded data citation,23.0,1.5,0.0,0.0
CHEMBL1140484,no issue,0.0,0.0,0.0,0.0
CHEMBL1140506,no issue,34.0,8.0,0.0,0.0
CHEMBL1140508,exact data citation,0.0,0.0,0.0,2.5
CHEMBL1140510,highly correlated assays,0.0,0.0,58.5,2.0
CHEMBL1140511,no issue,12.0,4.0,0.0,0.0
CHEMBL1140512,no issue,5.5,2.0,0.0,0.0
CHEMBL1140513,no issue,0.0,0.0,0.5,0.0
CHEMBL1140519,no issue,0.0,0.0,0.0,0.5
CHEMBL1140523,multiply activity for same test item,0.0,2.5,0.0,0.0
CHEMBL1140529,highly correlated assays,33.0,17.0,0.0,0.0
CHEMBL1140531,no issue,340.0,112.0,0.0,0.0
CHEMBL1140541,no issue,0.0,0.0,0.0,0.0
CHEMBL1140555,no issue,0.0,0.0,4.5,2.5
CHEMBL1140556,exact data citation,0.0,0.0,0.0,1.0
CHEMBL1140557,no issue,0.0,0.0,0.5,0.0
CHEMBL1140563,test Item with unknown chirality,0.0,1.0,0.0,0.0
CHEMBL1140568,no issue,0.0,84.0,0.0,0.0
CHEMBL1140571,no issue,0.0,0.0,99.0,34.5
CHEMBL1140572,highly correlated assays,22.0,4.5,0.0,0.0
CHEMBL1140576,no issue,0.0,0.0,0.0,0.0
CHEMBL1140582,exact data citation,0.0,0.0,0.0,0.5
CHEMBL1140589,no issue,0.0,4.0,0.0,0.0
CHEMBL1140593,no issue,0.0,0.0,0.0,0.0
CHEMBL1140599,no issue,0.0,0.0,9.5,0.0
CHEMBL1140610,review,0.5,0.0,0.0,0.0
CHEMBL1140620,review,5.5,0.0,0.0,0.0
CHEMBL1140623,no issue,0.0,0.0,0.0,0.0
CHEMBL1140625,no issue,4.0,0.0,0.0,0.0
CHEMBL1140631,highly correlated assays,0.0,0.0,47.5,1323.0
CHEMBL1140632,multiply activity for same test item,13.0,0.0,0.0,0.0
CHEMBL1140634,review,2.5,0.0,1.0,0.0
CHEMBL1140651,multiply activity for same test item,0.0,0.0,0.0,0.0
CHEMBL1140669,no issue,0.0,0.0,0.0,0.0
CHEMBL1140672,no issue,54.5,9.5,0.0,0.0
CHEMBL1140675,no issue,0.0,1.5,0.0,0.0
CHEMBL1140677,highly correlated assays,0.0,0.0,78.0,12.5
CHEMBL1140679,no issue,1.5,13.0,0.0,0.0
CHEMBL1140690,exact data citation,0.0,1.5,0.0,0.0
CHEMBL1140695,no issue,0.5,0.5,0.0,0.0
CHEMBL1140697,no issue,0.0,0.0,1.0,0.5
CHEMBL1140699,highly correlated assays,0.0,0.0,4.0,88.0
CHEMBL1140702,no issue,5.0,0.0,0.0,0.0
CHEMBL1140703,multifunctional enzyme,8.5,39.5,0.0,0.0
CHEMBL1140704,multiply activity for same test item,0.0,0.0,1.5,18.0
CHEMBL1140705,rounded data citation,0.0,0.0,6.5,0.5
CHEMBL1140708,exact data citation,0.0,0.0,1.0,1.0
CHEMBL1140711,no issue,1.5,0.0,0.0,0.0
CHEMBL1140713,no issue,0.0,0.5,0.0,0.0
CHEMBL1140716,multiply activity for same test item,0.0,0.0,48.0,0.0
CHEMBL1140723,no issue,3.5,0.0,3.5,0.0
CHEMBL1140726,no issue,0.5,4.5,0.0,0.0
CHEMBL1140730,multifunctional enzyme,2.5,0.0,0.0,0.0
CHEMBL1140731,no issue,2.5,6.0,0.0,0.0
CHEMBL1140734,no issue,0.0,0.0,29.5,5.5
CHEMBL1140738,highly correlated assays,0.0,6.5,0.0,0.0
CHEMBL1140740,no issue,8.5,0.0,0.0,0.0
CHEMBL1140744,highly correlated assays,0.0,0.0,9.0,5.5
CHEMBL1140745,no issue,0.0,0.0,0.0,5.5
CHEMBL1140746,no issue,0.0,1.0,0.0,0.0
CHEMBL1140747,no issue,0.5,0.0,0.0,0.0
CHEMBL1140761,no issue,0.0,0.0,20.5,11.5
CHEMBL1140764,test Item with unknown chirality,0.0,2.0,0.0,0.0
CHEMBL1140765,no issue,58.0,1.0,0.0,0.0
CHEMBL1140779,highly correlated assays,0.0,41.0,0.0,0.0
CHEMBL1140783,no issue,3.0,3.5,0.0,0.0
CHEMBL1140785,no issue,10.5,13.0,0.0,0.0
CHEMBL1140787,no issue,0.0,0.5,0.5,0.0
CHEMBL1140788,no issue,0.0,0.0,0.0,1.5
CHEMBL1140794,no issue,3.0,0.0,23.0,0.0
CHEMBL1140796,exact data citation,0.0,0.0,2.0,13.0
CHEMBL1140801,no issue,0.0,0.0,1.0,0.0
CHEMBL1140805,no issue,39.5,2.5,0.0,0.0
CHEMBL1140814,highly correlated assays,0.0,0.0,18.5,16.5
CHEMBL1140815,no issue,3.5,15.0,0.0,0.0
CHEMBL1140816,exact data citation,0.0,0.0,0.0,3.0
CHEMBL1140824,no issue,1.0,1.5,0.0,0.0
CHEMBL1140827,highly correlated assays,0.0,64.0,0.0,0.0
CHEMBL1140829,no issue,0.0,0.0,8.5,0.0
CHEMBL1140833,no issue,0.0,0.0,0.0,0.0
CHEMBL1140838,no issue,0.0,120.0,0.0,0.0
CHEMBL1140844,no issue,1.5,0.0,0.0,0.0
CHEMBL1140849,no issue,0.0,0.0,0.0,0.0
CHEMBL1140855,no issue,0.0,0.0,55.5,2.5
CHEMBL1140857,highly correlated assays,0.0,0.0,25.0,64.5
CHEMBL1140868,review,2.0,0.0,0.0,0.0
CHEMBL1140871,no issue,85.5,1.0,0.0,0.0
CHEMBL1140874,highly correlated assays,0.0,0.0,33.0,501.0
CHEMBL1140881,rounded data citation,0.0,0.0,0.0,0.5
CHEMBL1140889,no issue,0.0,1.5,0.0,0.0
CHEMBL1140894,rounded data citation,0.0,0.0,1.0,1.5
CHEMBL1140897,no issue,0.0,0.0,0.0,0.0
CHEMBL1140899,multiply activity for same test item,152.0,0.5,0.0,0.0
CHEMBL1140900,no issue,0.5,0.5,0.0,0.0
CHEMBL1140902,no issue,104.0,9.0,0.0,0.0
CHEMBL1140903,no issue,0.5,1.5,0.0,0.0
CHEMBL1140909,exact data citation,0.0,0.0,9.5,1.0
CHEMBL1140914,multiply activity for same test item,0.0,0.0,0.0,16.0
CHEMBL1140918,test Item with unknown chirality,1.0,0.0,0.0,0.0
CHEMBL1140924,review,0.5,0.0,2.0,0.0
CHEMBL1140926,no issue,666.0,66.0,0.0,0.0
CHEMBL1140929,no issue,0.0,0.0,11.5,2.0
CHEMBL1140931,test Item with unknown chirality,8.0,76.0,0.0,0.0
CHEMBL1140937,high citation rate,0.0,0.0,136.0,440.0
CHEMBL1140942,no issue,16.0,16.0,0.0,0.0
CHEMBL1140945,no issue,0.0,16.0,0.0,0.0
CHEMBL1140952,no issue,10.5,0.0,0.0,0.0
CHEMBL1140980,multifunctional enzyme,1.0,1.5,0.0,0.0
CHEMBL1140981,no issue,10.0,0.0,0.0,0.0
CHEMBL1140987,exact data citation,0.0,0.0,2.0,14.0
CHEMBL1140988,exact data citation,0.0,0.0,54.0,0.0
CHEMBL1140992,no issue,11.5,4.0,0.0,0.0
CHEMBL1140994,no issue,32.0,0.0,0.0,0.0
CHEMBL1140995,no issue,0.5,13.5,0.0,0.0
CHEMBL1140999,no issue,0.0,0.0,0.0,0.0
CHEMBL1141006,exact data citation,0.0,0.0,0.0,1.0
CHEMBL1141011,highly correlated assays,0.0,0.0,25.5,463.5
CHEMBL1141020,no issue,0.0,56.0,0.0,0.0
CHEMBL1141021,no issue,0.0,0.0,0.0,0.0
CHEMBL1141022,rounded data citation,23.5,2.0,38.0,0.0
CHEMBL1141024,test Item with unknown chirality,0.0,0.0,0.0,0.0
CHEMBL1141030,exact data citation,0.0,0.0,0.0,2.5
CHEMBL1141034,no issue,0.0,0.0,0.0,2.5
CHEMBL1141036,no issue,0.0,0.0,0.0,0.0
CHEMBL1141037,no issue,0.0,0.0,7.5,5.0
CHEMBL1141038,no issue,0.0,4.0,0.0,0.0
CHEMBL1141047,no issue,6.5,0.0,0.0,0.0
CHEMBL1141049,no issue,1.0,0.0,0.0,0.0
CHEMBL1141055,no issue,0.5,1.0,0.0,0.0
CHEMBL1141066,test Item with unknown chirality,0.0,0.0,0.0,0.0
CHEMBL1141067,exact data citation,0.0,0.5,0.0,0.0
CHEMBL1141071,highly correlated assays,0.0,0.0,0.5,124.0
CHEMBL1141072,test Item with unknown chirality,0.0,0.0,0.0,3.5
CHEMBL1141073,no issue,0.0,1.5,0.0,0.0
CHEMBL1141074,high citation rate,0.0,0.0,132.0,616.0
CHEMBL1141075,no issue,1.0,0.5,0.0,0.0
CHEMBL1141077,test Item with unknown chirality,0.0,0.0,1.0,0.0
CHEMBL1141078,highly correlated assays,0.0,1.5,0.0,0.0
CHEMBL1141080,multiply activity for same test item,0.0,28.5,0.0,0.0
CHEMBL1141081,no issue,0.0,0.5,0.0,0.0
CHEMBL1141082,no issue,1.5,4.5,0.0,0.0
CHEMBL1141086,no issue,0.5,0.5,0.0,0.0
CHEMBL1141087,no issue,0.0,0.0,27.0,0.0
CHEMBL1141089,highly correlated assays,0.0,0.0,15.5,0.0
CHEMBL1141091,no issue,166.5,29.5,0.0,0.0
CHEMBL1141092,exact data citation,0.0,0.0,0.0,2.0
CHEMBL1141096,highly correlated assays,1.5,1.5,0.0,0.0
CHEMBL1141097,no issue,0.0,6.0,0.0,0.5
CHEMBL1141098,no issue,96.0,0.0,0.0,0.0
CHEMBL1141106,test Item with unknown chirality,0.0,0.0,0.0,0.0
CHEMBL1141107,high citation rate,8.0,7.5,0.0,0.0
CHEMBL1141110,no issue,4.5,1.0,0.0,0.5
CHEMBL1141113,no issue,0.0,0.0,0.5,0.0
CHEMBL1141114,shuffled assays,3.5,1.0,0.0,0.0
CHEMBL1141115,no issue,0.0,0.0,0.0,0.0
CHEMBL1141118,highly correlated assays,0.0,0.0,5.0,9.5
CHEMBL1141120,no issue,0.0,0.5,0.0,0.0
CHEMBL1141121,no issue,0.0,0.0,0.0,0.0
CHEMBL1141122,no issue,1.0,0.0,0.5,0.0
CHEMBL1141123,multiply activity for same test item,0.0,0.0,16.5,0.0
CHEMBL1141125,highly correlated assays,4.5,54.5,0.0,0.0
CHEMBL1141127,multiply activity for same test item,0.0,0.0,0.0,0.0
CHEMBL1141134,highly correlated assays,0.0,0.0,0.0,7.0
CHEMBL1141136,no issue,2.0,0.0,0.0,0.0
CHEMBL1141137,no issue,0.0,0.0,1.0,1.5
CHEMBL1141141,rounded data citation,0.0,0.0,1.0,0.0
CHEMBL1141146,exact data citation,0.0,6.0,0.0,0.0
CHEMBL1141148,highly correlated assays,159.0,63.5,0.0,0.0
CHEMBL1141150,multifunctional enzyme,7.5,21.0,0.0,0.0
CHEMBL1141151,no issue,6.0,0.0,0.0,0.0
CHEMBL1141157,test Item with unknown chirality,0.0,0.0,0.0,0.0
CHEMBL1141161,no issue,4.0,3.0,0.0,0.0
CHEMBL1141162,exact data citation,0.0,0.0,0.0,8.0
CHEMBL1141165,no issue,0.0,0.0,0.0,0.0
CHEMBL1141168,no issue,0.0,0.0,19.0,2.0
CHEMBL1141169,no issue,0.0,0.0,0.5,0.0
CHEMBL1141170,no issue,83.0,32.0,0.0,0.0
CHEMBL1141171,no issue,302.0,0.0,0.0,0.0
CHEMBL1141182,highly correlated assays,10.0,7.5,0.0,0.5
CHEMBL1141186,highly correlated assays,0.0,0.0,67.0,29.5
CHEMBL1141188,highly correlated assays,0.0,0.0,19.0,8.5
CHEMBL1141189,no issue,6.0,0.0,47.0,3.0
CHEMBL1141192,no issue,1.0,1.0,0.0,0.0
CHEMBL1141195,highly correlated assays,0.0,0.0,14.5,864.5
CHEMBL1141198,no issue,0.0,0.0,1.0,0.0
CHEMBL1141199,no issue,7.0,0.5,0.0,0.0
CHEMBL1141200,highly correlated assays,28.5,10.5,0.0,0.0
CHEMBL1141202,no issue,0.0,0.0,0.0,0.0
CHEMBL1141207,test Item with unknown chirality,1.0,0.0,0.0,0.0
CHEMBL1141209,highly correlated assays,0.0,0.0,33.5,469.0
CHEMBL1141211,no issue,412.0,96.0,0.0,0.0
CHEMBL1141212,no issue,1.0,0.0,0.0,0.0
CHEMBL1141213,no issue,4.0,33.0,0.0,0.0
CHEMBL1141219,multiply activity for same test item,0.0,0.0,0.0,0.0
CHEMBL1141220,no issue,0.0,0.0,0.0,0.5
CHEMBL1141221,no issue,0.0,0.0,0.0,0.0
CHEMBL1141222,no issue,0.0,0.0,0.0,0.0
CHEMBL1141227,test Item with unknown chirality,0.0,0.0,0.0,5.0
CHEMBL1141229,exact data citation,0.0,0.0,6.0,0.5
CHEMBL1141230,no issue,0.0,0.0,2.0,1.0
CHEMBL1141231,no issue,0.0,0.0,0.0,4.0
CHEMBL1141232,highly correlated assays,1.5,3.0,0.0,0.0
CHEMBL1141240,exact data citation,0.0,0.0,9.5,1.5
CHEMBL1141241,test Item with unknown chirality,5.0,0.0,0.0,0.0
CHEMBL1141242,highly correlated assays,58.5,0.0,0.0,0.0
CHEMBL1141245,no issue,4.0,0.0,0.0,0.0
CHEMBL1141268,test Item with unknown chirality,0.5,0.0,0.0,0.0
CHEMBL1141296,no issue,1.0,0.5,0.0,0.0
CHEMBL1141302,test Item with unknown chirality,5.0,0.0,0.0,0.0
CHEMBL1141343,no issue,4.0,1.0,0.0,0.0
CHEMBL1141368,no issue,0.0,1.0,0.0,0.0
CHEMBL1141375,exact data citation,0.0,0.0,2.0,0.0
CHEMBL1141380,no issue,0.0,0.5,0.0,0.0
CHEMBL1141381,no issue,0.0,1.0,0.0,0.0
CHEMBL1141382,exact data citation,0.0,0.0,12.0,2.5
CHEMBL1141384,highly correlated assays,0.5,3.5,0.0,0.0
CHEMBL1141392,no issue,2.0,0.0,28.0,28.0
CHEMBL1141394,multifunctional enzyme,1.0,1.5,0.0,0.0
CHEMBL1141395,no issue,0.0,0.0,0.0,0.5
CHEMBL1141396,no issue,0.0,1.0,0.0,0.0
CHEMBL1141401,highly correlated assays,0.0,0.0,124.0,138.5
CHEMBL1141405,no issue,0.0,0.0,0.0,2.5
CHEMBL1141415,no issue,3.0,0.0,0.0,0.0
CHEMBL1141416,no issue,0.0,0.0,0.0,0.0
CHEMBL1141420,highly correlated assays,0.0,0.0,20.0,0.5
CHEMBL1141426,exact data citation,2.5,5.5,0.0,0.0
CHEMBL1141430,exact data citation,1.5,1.5,0.0,0.0
CHEMBL1141434,no issue,0.0,0.0,0.0,0.0
CHEMBL1141452,highly correlated assays,0.0,4.5,8.0,14.0
CHEMBL1141454,review,0.0,4.0,0.0,0.0
CHEMBL1141455,review,456.5,9.0,0.0,0.0
CHEMBL1141458,review,2.0,0.0,0.0,0.0
CHEMBL1141460,review,12.5,0.0,0.0,0.0
CHEMBL1141467,highly correlated assays,5.0,32.5,0.0,0.0
CHEMBL1141480,highly correlated assays,0.5,30.0,0.0,0.0
CHEMBL1141481,multiply activity for same test item,0.0,0.0,0.5,0.0
CHEMBL1141482,high citation rate,0.0,0.0,2.5,11.0
CHEMBL1141483,rounded data citation,53.0,6.0,0.0,0.0
CHEMBL1141487,exact data citation,0.0,0.5,0.0,0.0
CHEMBL1141492,no issue,0.5,0.0,0.0,0.0
CHEMBL1141499,test Item with unknown chirality,0.5,0.0,0.0,0.0
CHEMBL1141500,exact data citation,0.0,0.0,0.0,2.0
CHEMBL1141511,test Item with unknown chirality,0.0,0.0,4.5,0.5
CHEMBL1141514,multiply activity for same test item,70.0,0.0,0.0,0.0
CHEMBL1141518,highly correlated assays,12.5,8.0,0.0,0.0
CHEMBL1141522,no issue,0.0,0.0,0.0,0.0
CHEMBL1141526,no issue,0.0,1.5,0.0,0.0
CHEMBL1141528,no issue,17.0,0.0,0.0,0.0
CHEMBL1141529,multiply activity for same test item,0.0,0.0,0.0,0.0
CHEMBL1141531,no issue,2750.0,600.0,0.0,0.0
CHEMBL1141536,highly correlated assays,0.0,2.5,0.0,0.5
CHEMBL1141537,no issue,0.5,0.0,0.0,0.0
CHEMBL1141538,no issue,0.0,0.0,0.0,0.0
CHEMBL1141541,no issue,0.5,4.0,0.0,0.0
CHEMBL1141544,no issue,0.5,0.0,1.0,0.0
CHEMBL1141546,no issue,0.0,0.0,17.0,0.0
CHEMBL1141547,no issue,204.0,236.0,0.0,0.0
CHEMBL1141550,no issue,28.0,0.0,0.0,0.0
CHEMBL1141551,no issue,1.5,0.5,0.0,0.0
CHEMBL1141555,no issue,0.0,0.0,0.0,2.5
CHEMBL1141558,test Item with unknown chirality,2.5,0.0,0.0,0.0
CHEMBL1141559,rounded data citation,0.0,0.0,0.0,0.5
CHEMBL1141560,no issue,0.0,1.5,0.0,0.0
CHEMBL1141563,no issue,2.5,0.0,0.0,0.0
CHEMBL1141565,highly correlated assays,4.0,16.0,0.0,0.0
CHEMBL1141567,no issue,0.0,0.0,1.0,0.0
CHEMBL1141573,highly correlated assays,5.0,0.5,0.0,0.0
CHEMBL1141576,no issue,0.0,4.5,0.0,0.0
CHEMBL1141581,multiply activity for same test item,0.0,0.0,0.5,5.0
CHEMBL1141582,no issue,0.5,0.0,0.0,0.0
CHEMBL1141584,exact data citation,10.5,13.0,0.0,0.0
CHEMBL1141586,no issue,0.0,2.0,0.0,0.0
CHEMBL1141590,no issue,0.0,0.5,0.0,1.0
CHEMBL1141591,test Item with unknown chirality,0.0,0.0,0.0,0.0
CHEMBL1141593,no issue,0.0,0.5,2.0,0.0
CHEMBL1141595,highly correlated assays,3.0,7.5,0.0,0.0
CHEMBL1141596,no issue,0.0,0.0,0.0,0.5
CHEMBL1141598,test Item with unknown chirality,0.0,0.0,0.0,0.0
CHEMBL1141599,no issue,0.5,0.0,0.0,0.0
CHEMBL1141603,multiply activity for same test item,1.0,0.5,0.0,0.0
CHEMBL1141605,no issue,1.0,0.5,1.0,1.0
CHEMBL1141609,no issue,0.0,15.0,0.0,0.0
CHEMBL1141614,no issue,79.5,1.0,0.0,0.0
CHEMBL1141618,no issue,2.0,2.5,0.0,0.0
CHEMBL1141619,no issue,1.0,5.0,0.0,0.0
CHEMBL1141624,no issue,0.0,20.5,0.0,0.0
CHEMBL1141631,no issue,3.0,0.0,0.0,0.0
CHEMBL1141635,no issue,0.5,0.0,0.0,0.0
CHEMBL1141638,no issue,4.0,16.0,0.0,0.0
CHEMBL1141640,test Item with unknown chirality,0.0,0.0,0.0,3.0
CHEMBL1141651,no issue,0.5,0.0,0.0,0.0
CHEMBL1141652,no issue,0.0,0.0,0.0,0.5
CHEMBL1141668,multiply activity for same test item,0.0,2.5,0.0,0.0
CHEMBL1141669,no issue,0.0,0.0,0.0,1.0
CHEMBL1141671,no issue,0.0,0.0,0.0,0.0
CHEMBL1141680,no issue,6.0,0.0,0.0,0.0
CHEMBL1141681,test Item with unknown chirality,0.0,0.0,0.0,0.0
CHEMBL1141683,exact data citation,0.0,68.0,0.0,0.0
CHEMBL1141684,test Item with unknown chirality,0.0,36.0,0.0,0.0
CHEMBL1141686,no issue,1.0,2.5,0.0,0.0
CHEMBL1141687,no issue,0.0,0.0,0.0,0.0
CHEMBL1141692,no issue,0.0,0.0,0.0,0.0
CHEMBL1141694,no issue,5.5,0.0,0.0,0.0
CHEMBL1141696,highly correlated assays,0.0,0.0,33.0,4.5
CHEMBL1141697,no issue,47.5,0.0,0.0,0.0
CHEMBL1141702,no issue,0.0,0.0,33.0,1.5
CHEMBL1141706,no issue,0.0,0.0,0.0,0.5
CHEMBL1141710,rounded data citation,0.0,0.0,6.5,4.0
CHEMBL1141723,exact data citation,1.0,0.0,2.5,0.0
CHEMBL1141731,no issue,0.0,0.0,24.0,15.0
CHEMBL1141864,no issue,0.0,0.0,1.5,5.5
CHEMBL1141868,no issue,1.5,1.0,0.0,0.0
CHEMBL1141869,test Item with unknown chirality,2.5,0.5,0.0,0.0
CHEMBL1141870,multiply activity for same test item,3.0,14.5,0.0,0.0
CHEMBL1141872,highly correlated assays,0.0,7.5,0.0,0.0
CHEMBL1141873,test Item with unknown chirality,18.5,0.0,0.0,0.0
CHEMBL1141877,no issue,1.5,1.0,0.0,0.0
CHEMBL1141881,highly correlated assays,0.0,0.0,76.0,55.5
CHEMBL1141883,no issue,1.0,0.0,0.0,0.0
CHEMBL1141885,no issue,0.0,0.0,1.5,0.5
CHEMBL1141887,multiply activity for same test item,50.0,17.0,0.0,0.0
CHEMBL1141888,no issue,1.5,4.5,0.0,0.0
CHEMBL1141889,multiply activity for same test item,0.0,0.0,0.0,0.0
CHEMBL1141893,no issue,368.0,8.0,6.5,1.0
CHEMBL1141895,no issue,4.0,1.5,0.0,0.0
CHEMBL1141902,no issue,4.0,0.5,0.0,0.0
CHEMBL1141903,test Item with unknown chirality,0.0,0.0,0.0,0.0
CHEMBL1141904,no issue,25.5,1.0,0.0,0.0
CHEMBL1141914,test Item with unknown chirality,9.5,0.0,0.0,0.0
CHEMBL1141919,no issue,0.0,0.0,0.0,2.0
CHEMBL1141920,multiply activity for same test item,0.0,0.0,0.0,0.0
CHEMBL1141921,no issue,8.0,1.0,0.0,0.0
CHEMBL1141924,highly correlated assays,0.0,0.0,11.5,470.0
CHEMBL1141931,no issue,0.0,2.5,0.0,0.0
CHEMBL1141934,highly correlated assays,27.5,0.0,0.0,0.0
CHEMBL1141935,no issue,0.5,4.0,0.0,0.0
CHEMBL1141940,highly correlated assays,0.0,0.0,0.5,2.0
CHEMBL1141946,multifunctional enzyme,0.0,0.0,0.0,17.0
CHEMBL1141947,test Item with unknown chirality,0.0,0.5,0.0,0.0
CHEMBL1141950,no issue,2.0,0.0,0.0,0.0
CHEMBL1141956,high citation rate,0.0,33.0,0.0,0.0
CHEMBL1141958,test Item with unknown chirality,0.0,0.0,0.0,0.0
CHEMBL1141963,no issue,0.0,2.5,0.0,0.0
CHEMBL1141971,no issue,0.5,0.0,0.0,0.0
CHEMBL1141972,test Item with unknown chirality,5.5,0.0,0.0,0.0
CHEMBL1141975,exact data citation,0.5,6.0,0.0,0.0
CHEMBL1141976,highly correlated assays,0.5,2.0,0.0,0.0
CHEMBL1141983,test Item with unknown chirality,40.0,0.0,0.0,0.0
CHEMBL1141984,highly correlated assays,0.0,0.0,33.5,1493.5
CHEMBL1141985,highly correlated assays,0.0,0.0,112.5,2504.0
CHEMBL1141986,no issue,1.5,2.0,0.0,0.0
CHEMBL1141988,multiply activity for same test item,0.0,0.0,0.5,6.0
CHEMBL1141989,no issue,0.0,0.0,0.0,1.0
CHEMBL1141995,highly correlated assays,15.0,9.0,0.0,0.0
CHEMBL1141998,test Item with unknown chirality,0.5,0.0,0.0,0.0
CHEMBL1142000,exact data citation,0.0,0.0,44.0,1.5
CHEMBL1142003,multiply activity for same test item,0.0,0.0,0.0,0.0
CHEMBL1142008,multiply activity for same test item,0.0,0.0,0.0,0.0
CHEMBL1142009,no issue,0.0,0.0,0.0,4.5
CHEMBL1142013,no issue,5.0,0.0,0.0,0.0
CHEMBL1142014,highly correlated assays,17.5,2.0,0.0,0.0
CHEMBL1142028,highly correlated assays,0.0,1.5,0.0,0.0
CHEMBL1142030,multifunctional enzyme,0.0,0.0,0.0,0.0
CHEMBL1142031,no issue,2.0,1.5,0.0,0.0
CHEMBL1142034,multifunctional enzyme,0.0,0.0,0.0,0.0
CHEMBL1142035,no issue,0.0,0.0,0.0,0.0
CHEMBL1142039,highly correlated assays,0.0,2.5,0.0,0.0
CHEMBL1142040,multiply activity for same test item,0.0,0.0,0.0,0.0
CHEMBL1142044,exact data citation,33.0,22.0,0.0,0.0
CHEMBL1142047,no issue,0.0,0.0,2.0,0.0
CHEMBL1142048,exact data citation,0.0,0.0,0.5,2.5
CHEMBL1142049,highly correlated assays,0.0,0.0,15.5,7.5
CHEMBL1142050,no issue,23.0,0.5,0.0,0.0
CHEMBL1142051,rounded data citation,1.5,4.5,0.0,0.0
CHEMBL1142052,no issue,0.0,0.0,18.0,0.0
CHEMBL1142056,no issue,0.5,0.0,0.0,0.0
CHEMBL1142190,shuffled assays,148.0,0.0,0.0,0.0
CHEMBL1142195,no issue,0.5,0.0,0.0,0.0
CHEMBL1142221,multiply activity for same test item,0.0,0.0,0.0,0.0
CHEMBL1142222,highly correlated assays,22.0,28.0,0.0,0.0
CHEMBL1142223,review,11.0,0.0,0.0,0.0
CHEMBL1142227,no issue,1.0,0.0,0.0,0.0
CHEMBL1142236,multifunctional enzyme,0.0,0.0,0.5,2.5
CHEMBL1142238,multifunctional enzyme,30.0,0.0,0.0,0.0
CHEMBL1142243,no issue,0.0,0.0,0.0,0.5
CHEMBL1142246,no issue,0.0,0.0,0.0,0.5
CHEMBL1142248,no issue,0.0,0.0,0.0,0.0
CHEMBL1142249,exact data citation,34.0,16.5,4.5,13.5
CHEMBL1142255,no issue,0.0,0.0,0.0,0.0
CHEMBL1142258,no issue,55.5,0.0,0.0,0.0
CHEMBL1142267,exact data citation,2.0,2.5,1.5,6.5
CHEMBL1142268,highly correlated assays,225.5,2.0,0.0,0.0
CHEMBL1142271,no issue,0.0,3.5,2.0,4.5
CHEMBL1142276,no issue,0.0,0.0,50.0,25.5
CHEMBL1142277,no issue,0.0,0.0,190.0,0.0
CHEMBL1142289,no issue,1.5,1.0,0.0,0.0
CHEMBL1142292,no issue,0.0,0.0,13.5,1.0
CHEMBL1142293,highly correlated assays,0.0,0.0,0.0,2.0
CHEMBL1142298,no issue,0.0,0.0,4.5,11.5
CHEMBL1142300,multiply activity for same test item,2.0,15.0,0.0,0.0
CHEMBL1142308,no issue,0.0,0.0,0.0,0.0
CHEMBL1142309,multiply activity for same test item,0.0,0.0,0.0,1.5
CHEMBL1142311,no issue,0.0,0.0,0.0,11.0
CHEMBL1142318,highly correlated assays,0.0,0.0,1.0,5.5
CHEMBL1142320,no issue,0.5,2.0,0.0,0.0
CHEMBL1142323,highly correlated assays,0.0,0.0,31.0,858.5
CHEMBL1142326,highly correlated assays,0.0,0.0,1.0,6.0
CHEMBL1142333,exact data citation,57.5,31.5,0.0,0.0
CHEMBL1142334,highly correlated assays,0.0,0.0,56.0,1.0
CHEMBL1142335,exact data citation,0.0,0.0,8.0,24.5
CHEMBL1142337,test Item with unknown chirality,0.0,0.0,0.5,10.0
CHEMBL1142344,highly correlated assays,2.0,2.5,0.0,0.0
CHEMBL1142345,highly correlated assays,0.0,0.0,39.0,0.0
CHEMBL1142350,shuffled assays,0.0,92.0,0.0,0.0
CHEMBL1142351,highly correlated assays,0.0,85.0,0.0,0.0
CHEMBL1142353,multiply activity for same test item,4.0,0.0,0.0,0.0
CHEMBL1142356,exact data citation,0.0,1.0,0.0,0.0
CHEMBL1142364,exact data citation,57.5,31.0,0.0,0.0
CHEMBL1142367,highly correlated assays,0.0,0.0,11.0,5.0
CHEMBL1142381,no issue,0.0,6.5,0.0,0.0
CHEMBL1142383,exact data citation,0.0,0.0,0.0,2.5
CHEMBL1142387,test Item with unknown chirality,0.5,0.0,0.0,0.0
CHEMBL1142404,no issue,1.0,0.0,0.0,0.0
CHEMBL1142412,no issue,6.0,0.0,0.0,0.0
CHEMBL1142413,no issue,28.0,98.0,0.0,0.0
CHEMBL1142431,rounded data citation,11.0,0.0,40.5,0.5
CHEMBL1142438,no issue,2.5,7.0,0.0,0.0
CHEMBL1142440,no issue,3.0,0.5,0.0,0.0
CHEMBL1142446,no issue,0.0,0.0,0.0,0.0
CHEMBL1142448,no issue,0.0,0.0,0.0,0.0
CHEMBL1142451,no issue,0.0,2.5,0.0,0.0
CHEMBL1142466,no issue,0.0,1.0,0.0,0.0
CHEMBL1142474,highly correlated assays,5.5,3.0,0.0,0.0
CHEMBL1142475,exact data citation,0.5,0.0,0.0,0.0
CHEMBL1142478,no issue,0.5,0.0,0.0,0.0
CHEMBL1142480,test Item with unknown chirality,0.0,0.0,1.0,0.0
CHEMBL1142481,exact data citation,0.0,0.0,0.5,12.0
CHEMBL1142484,no issue,0.5,1.5,0.0,0.0
CHEMBL1142493,multifunctional enzyme,0.0,0.5,0.0,0.0
CHEMBL1142495,no issue,0.0,0.0,254.0,53.0
CHEMBL1142498,multiply activity for same test item,18.0,9.5,23.0,7.5
CHEMBL1142499,exact data citation,0.0,1.0,0.0,0.0
CHEMBL1142500,no issue,0.0,0.0,0.0,0.0
CHEMBL1142503,no issue,0.0,0.0,0.5,1.0
CHEMBL1142515,test Item with unknown chirality,0.0,0.0,0.0,0.0
CHEMBL1142520,test Item with unknown chirality,0.5,0.5,0.0,0.0
CHEMBL1142531,no issue,0.0,0.5,0.0,0.0
CHEMBL1142532,no issue,0.0,0.0,0.5,8.0
CHEMBL1142534,no issue,0.0,10.0,0.0,0.0
CHEMBL1142535,highly correlated assays,0.0,52.0,0.0,0.0
CHEMBL1142544,no issue,14.5,0.0,0.0,0.0
CHEMBL1142545,rounded data citation,0.0,0.0,0.0,2.0
CHEMBL1142552,multifunctional enzyme,0.0,0.0,0.0,2.5
CHEMBL1142647,test Item with unknown chirality,2.0,0.0,0.0,0.0
CHEMBL1142650,no issue,3.5,2.0,0.0,0.0
CHEMBL1142658,no issue,16.0,0.0,0.0,0.0
CHEMBL1142663,no issue,15.0,7.0,0.0,0.0
CHEMBL1142670,test Item with unknown chirality,0.0,0.0,0.0,0.0
CHEMBL1142672,no issue,0.0,0.0,42.5,0.0
CHEMBL1142678,no issue,0.0,0.0,0.5,0.5
CHEMBL1142681,no issue,0.0,0.0,6.5,0.0
CHEMBL1142685,highly correlated assays,280.0,19.0,0.0,0.0
CHEMBL1142687,review,0.5,0.0,0.0,0.0
CHEMBL1142688,multifunctional enzyme,0.0,0.5,0.0,0.0
CHEMBL1142689,no issue,4.0,8.5,0.0,0.0
CHEMBL1142692,highly correlated assays,0.0,0.0,0.0,7.0
CHEMBL1142705,no issue,0.0,0.0,2.5,1.0
CHEMBL1142706,test Item with unknown chirality,4.0,21.0,0.0,0.0
CHEMBL1142709,no issue,42.0,0.5,0.0,0.0
CHEMBL1142710,highly correlated assays,0.0,0.0,32.0,0.0
CHEMBL1142711,no issue,0.0,0.0,4.0,1.0
CHEMBL1142714,highly correlated assays,129.5,33.0,0.0,0.0
CHEMBL1142715,highly correlated assays,0.0,0.0,173.0,0.0
CHEMBL1142716,no issue,0.0,0.0,0.0,0.0
CHEMBL1142718,no issue,76.5,4.5,1.0,0.0
CHEMBL1142719,highly correlated assays,0.0,0.0,20.0,44.0
CHEMBL1142721,multifunctional enzyme,0.0,0.0,0.0,13.0
CHEMBL1142723,highly correlated assays,7.5,0.0,14.5,20.0
CHEMBL1142724,no issue,146.0,0.0,0.0,0.0
CHEMBL1142727,exact data citation,0.0,0.0,0.0,4.5
CHEMBL1142728,no issue,15.5,0.0,0.0,0.0
CHEMBL1142732,test Item with unknown chirality,0.0,0.0,0.0,0.0
CHEMBL1142734,no issue,0.5,0.5,0.5,0.0
CHEMBL1142738,no issue,0.0,0.0,4.5,3.0
CHEMBL1142739,no issue,0.0,0.0,31.5,1.5
CHEMBL1142743,no issue,0.0,0.0,0.0,1.5
CHEMBL1142745,test Item with unknown chirality,0.0,0.0,0.0,0.0
CHEMBL1142752,no issue,0.0,0.0,0.0,0.0
CHEMBL1142762,multiply activity for same test item,0.0,0.0,0.0,0.0
CHEMBL1142766,highly correlated assays,0.0,0.0,4.5,8.0
CHEMBL1142770,no issue,0.0,0.0,0.0,1.5
CHEMBL1142772,no issue,0.0,0.0,0.5,0.0
CHEMBL1142773,test Item with unknown chirality,0.0,0.0,0.0,6.0
CHEMBL1142779,multiply activity for same test item,0.0,0.0,7.5,4.5
CHEMBL1142780,no issue,0.0,0.0,1.5,3.0
CHEMBL1142781,no issue,0.0,0.0,3.0,0.0
CHEMBL1142782,no issue,0.0,0.0,0.0,0.0
CHEMBL1142784,highly correlated assays,2.0,0.0,0.0,0.0
CHEMBL1142786,no issue,0.0,0.0,0.0,0.0
CHEMBL1142789,highly correlated assays,0.0,0.0,31.0,818.0
CHEMBL1142790,highly correlated assays,0.0,0.0,33.5,629.0
CHEMBL1142791,no issue,11.5,4.5,0.0,0.0
CHEMBL1142793,no issue,0.5,2.5,0.0,0.0
CHEMBL1142795,multiply activity for same test item,0.0,0.0,32.0,0.0
CHEMBL1142796,no issue,0.0,0.0,7.5,0.0
CHEMBL1142798,multiply activity for same test item,0.0,0.0,0.0,0.0
CHEMBL1142800,highly correlated assays,24.0,20.5,0.0,0.0
CHEMBL1142801,test Item with unknown chirality,0.0,0.0,0.0,0.0
CHEMBL1142811,test Item with unknown chirality,0.0,0.0,0.0,0.0
CHEMBL1142812,multiply activity for same test item,0.0,0.0,0.0,0.0
CHEMBL1142822,highly correlated assays,0.0,0.0,4.0,204.0
CHEMBL1142823,highly correlated assays,0.0,0.0,4.0,220.0
CHEMBL1142826,exact data citation,309.0,99.0,36.0,84.0
CHEMBL1142834,no issue,0.0,1.0,0.0,0.0
CHEMBL1142836,highly correlated assays,0.0,0.0,35.5,879.5
CHEMBL1142837,test Item with unknown chirality,0.0,0.0,4.5,0.5
CHEMBL1142838,no issue,61.5,5.5,0.0,0.0
CHEMBL1142843,no issue,0.0,0.0,0.0,162.0
CHEMBL1142852,multiply activity for same test item,0.5,1.0,0.0,0.0
CHEMBL1142853,no issue,0.0,0.0,0.0,0.0
CHEMBL1142854,no issue,4.0,0.0,0.0,0.0
CHEMBL1142855,multiply activity for same test item,0.0,1.5,0.0,0.0
CHEMBL1142856,test Item with unknown chirality,0.0,2.0,0.0,0.0
CHEMBL1142857,exact data citation,2.0,3.0,0.0,0.0
CHEMBL1142862,no issue,0.5,2.5,0.0,0.0
CHEMBL1142864,test Item with unknown chirality,2.0,0.5,0.0,0.0
CHEMBL1142869,exact data citation,0.0,4.0,0.0,0.0
CHEMBL1142879,no issue,1.5,0.0,0.0,0.0
CHEMBL1142891,exact data citation,2.0,5.0,0.0,0.0
CHEMBL1142898,no issue,0.0,16.0,0.0,0.0
CHEMBL1142906,test Item with unknown chirality,0.0,0.0,0.0,0.0
CHEMBL1142907,highly correlated assays,0.0,1.5,0.0,1.0
CHEMBL1142908,no issue,0.0,0.0,0.5,0.5
CHEMBL1142918,exact data citation,0.0,0.0,10.0,198.0
CHEMBL1142924,rounded data citation,0.0,0.0,50.5,4.5
CHEMBL1142932,no issue,0.0,0.0,36.5,6.5
CHEMBL1142935,highly correlated assays,0.0,2.0,0.0,0.0
CHEMBL1142937,no issue,0.0,0.0,8.5,5.0
CHEMBL1142938,no issue,0.0,0.0,2.5,8.0
CHEMBL1142943,no issue,36.0,0.0,0.0,0.0
CHEMBL1142951,no issue,0.0,0.0,4.5,1.5
CHEMBL1142955,no issue,17.0,2.0,0.0,0.0
CHEMBL1142961,no issue,0.0,1.5,0.0,0.0
CHEMBL1142963,no issue,0.0,0.0,47.5,1.5
CHEMBL1142967,test Item with unknown chirality,0.0,0.0,0.0,0.0
CHEMBL1142970,highly correlated assays,0.0,3.0,0.0,0.0
CHEMBL1142971,rounded data citation,109.5,0.0,0.0,0.0
CHEMBL1142976,highly correlated assays,0.0,0.0,0.0,5.5
CHEMBL1142982,no issue,42.0,4.0,0.0,0.0
CHEMBL1142983,highly correlated assays,0.0,0.0,30.5,847.5
CHEMBL1142988,no issue,0.0,5.0,0.0,0.0
CHEMBL1142995,no issue,0.0,0.0,0.0,0.0
CHEMBL1143002,no issue,0.0,0.0,0.0,0.0
CHEMBL1143005,no issue,5.5,4.0,0.0,0.0
CHEMBL1143011,no issue,0.0,0.0,0.0,0.0
CHEMBL1143012,highly correlated assays,0.0,14.5,0.0,0.0
CHEMBL1143034,multifunctional enzyme,10.5,0.0,0.0,0.0
CHEMBL1143039,exact data citation,0.0,1.0,0.0,0.0
CHEMBL1143045,multiply activity for same test item,0.0,0.0,0.0,0.0
CHEMBL1143053,highly correlated assays,19.0,1.0,0.0,0.0
CHEMBL1143063,no issue,0.0,0.0,0.0,0.0
CHEMBL1143065,no issue,0.0,0.0,0.0,0.5
CHEMBL1143067,exact data citation,2.0,1.0,0.0,0.0
CHEMBL1143068,no issue,0.0,0.0,0.0,0.0
CHEMBL1143080,highly correlated assays,270.5,8.0,8.0,5.0
CHEMBL1143081,high citation rate,7.0,17.0,0.0,0.0
CHEMBL1143088,no issue,0.0,4.5,0.0,0.0
CHEMBL1143092,no issue,0.0,0.0,0.0,0.0
CHEMBL1143093,exact data citation,2.5,4.5,0.0,0.0
CHEMBL1143100,no issue,5.5,0.0,0.0,0.0
CHEMBL1143102,no issue,0.0,0.0,30.0,74.0
CHEMBL1143104,multiply activity for same test item,0.0,0.0,0.0,1.0
CHEMBL1143107,no issue,132.0,0.0,0.0,0.0
CHEMBL1143108,multiply activity for same test item,1.5,0.0,0.0,0.0
CHEMBL1143114,no issue,0.0,0.0,7.5,0.0
CHEMBL1143117,multiply activity for same test item,0.5,0.5,0.0,0.0
CHEMBL1143127,no issue,1.0,1.0,0.0,0.0
CHEMBL1143133,highly correlated assays,0.0,0.0,2.5,20.5
CHEMBL1143135,no issue,0.0,0.0,0.0,7.0
CHEMBL1143136,no issue,0.0,0.0,0.0,11.5
CHEMBL1143139,exact data citation,8.0,1.5,0.0,0.0
CHEMBL1143152,no issue,0.0,0.0,0.0,0.0
CHEMBL1143155,no issue,0.0,1.0,0.0,0.0
CHEMBL1143157,no issue,0.0,7.0,0.0,0.0
CHEMBL1143158,test Item with unknown chirality,0.0,0.0,0.5,0.5
CHEMBL1143165,no issue,0.0,0.0,15.5,1.5
CHEMBL1143166,exact data citation,0.0,0.0,95.5,33.5
CHEMBL1143170,rounded data citation,3.0,0.0,0.0,0.0
CHEMBL1143176,exact data citation,3.0,0.0,0.0,0.0
CHEMBL1143179,highly correlated assays,0.0,0.0,7.0,3.5
CHEMBL1143180,exact data citation,0.0,2.0,0.0,0.0
CHEMBL1143181,no issue,0.0,0.0,0.0,0.0
CHEMBL1143182,no issue,0.0,0.0,0.0,0.0
CHEMBL1143184,no issue,0.0,0.0,1.0,1.0
CHEMBL1143186,no issue,0.0,0.0,0.5,5.5
CHEMBL1143190,highly correlated assays,6.0,2.0,0.0,0.0
CHEMBL1143193,multiply activity for same test item,0.0,0.0,3.5,0.5
CHEMBL1143201,no issue,0.0,0.0,0.0,0.0
CHEMBL1143206,highly correlated assays,0.0,0.0,40.0,858.5
CHEMBL1143207,no issue,1.0,1.5,0.0,0.0
CHEMBL1143209,no issue,5.0,3.5,0.0,0.0
CHEMBL1143211,highly correlated assays,5.5,0.0,43.0,0.0
CHEMBL1143218,highly correlated assays,20.5,17.0,0.0,0.0
CHEMBL1143219,highly correlated assays,0.0,0.0,2.5,0.0
CHEMBL1143221,no issue,0.0,0.0,3.0,2.0
CHEMBL1143222,test Item with unknown chirality,10.0,15.0,0.0,0.0
CHEMBL1143223,no issue,8.5,5.0,0.0,0.0
CHEMBL1143244,no issue,0.0,0.0,0.0,0.0
CHEMBL1143251,no issue,0.0,0.0,7.0,3.0
CHEMBL1143255,no issue,0.0,0.0,15.0,9.0
CHEMBL1143257,no issue,0.0,0.0,12.5,0.0
CHEMBL1143264,no issue,0.0,0.0,5.5,2.0
CHEMBL1143266,no issue,2.5,0.0,0.0,0.0
CHEMBL1143288,no issue,1.0,0.0,0.0,0.0
CHEMBL1143289,no issue,0.0,0.0,0.5,0.0
CHEMBL1143291,no issue,3.5,14.0,0.0,0.0
CHEMBL1143293,no issue,0.0,2.0,0.0,0.0
CHEMBL1143295,no issue,0.0,1.0,0.0,0.0
CHEMBL1143301,no issue,51.5,0.0,0.0,0.0
CHEMBL1143305,exact data citation,4.0,0.5,0.0,0.0
CHEMBL1143309,no issue,0.0,0.5,0.0,0.0
CHEMBL1143312,no issue,0.0,3.0,0.0,0.0
CHEMBL1143315,multiply activity for same test item,0.0,3.0,0.0,0.0
CHEMBL1143323,no issue,0.5,2.5,0.0,0.0
CHEMBL1143324,no issue,0.0,0.0,37.5,1.5
CHEMBL1143325,highly correlated assays,0.0,0.0,46.0,934.5
CHEMBL1143326,no issue,0.0,0.0,1.5,0.5
CHEMBL1143334,test Item with unknown chirality,0.0,0.0,0.0,0.0
CHEMBL1143347,highly correlated assays,0.0,0.0,26.5,1602.0
CHEMBL1143348,highly correlated assays,21.5,0.0,0.0,0.0
CHEMBL1143351,no issue,0.0,0.0,1.0,2.5
CHEMBL1143353,no issue,3.0,2.0,0.0,0.0
CHEMBL1143356,no issue,1.5,0.0,3.0,0.0
CHEMBL1143358,no issue,2.5,4.5,1.5,0.0
CHEMBL1143363,test Item with unknown chirality,0.0,36.0,0.0,0.0
CHEMBL1143364,test Item with unknown chirality,0.0,0.0,5.0,1.0
CHEMBL1143368,review,0.0,0.0,4.0,0.5
CHEMBL1143373,no issue,5.5,0.0,0.0,0.0
CHEMBL1143375,highly correlated assays,98.5,30.5,0.0,0.0
CHEMBL1143377,no issue,0.0,0.0,0.0,7.0
CHEMBL1143382,high citation rate,0.0,0.0,204.0,564.0
CHEMBL1143387,exact data citation,0.0,0.0,11.5,1.5
CHEMBL1143388,no issue,0.0,0.0,15.5,9.0
CHEMBL1143393,highly correlated assays,0.0,0.0,24.0,2.5
CHEMBL1143395,highly correlated assays,0.0,0.0,37.0,1902.0
CHEMBL1143397,multiply activity for same test item,0.0,0.0,25.5,23.5
CHEMBL1143434,no issue,0.5,0.5,0.0,0.0
CHEMBL1143437,no issue,0.0,0.0,11.0,2.5
CHEMBL1143449,highly correlated assays,0.5,5.5,0.0,0.0
CHEMBL1143453,no issue,0.0,0.0,3.0,0.0
CHEMBL1143455,no issue,5.0,0.0,0.0,0.0
CHEMBL1143456,no issue,0.0,0.0,0.0,1.5
CHEMBL1143457,no issue,0.5,0.5,0.0,0.0
CHEMBL1143459,no issue,0.0,0.0,4.0,0.0
CHEMBL1143461,highly correlated assays,0.0,19.0,0.0,0.0
CHEMBL1143464,test Item with unknown chirality,0.0,0.0,0.0,0.0
CHEMBL1143466,multiply activity for same test item,0.0,0.0,8.0,1.5
CHEMBL1143467,no issue,0.0,0.0,9.0,0.0
CHEMBL1143468,highly correlated assays,0.0,0.0,57.0,7.0
CHEMBL1143473,highly correlated assays,0.0,0.0,32.0,31.5
CHEMBL1143476,highly correlated assays,3.5,19.5,0.0,0.0
CHEMBL1143479,highly correlated assays,0.0,0.0,40.0,733.5
CHEMBL1143480,no issue,0.0,0.0,12.0,0.0
CHEMBL1143481,shuffled assays,0.0,0.0,7.5,1.0
CHEMBL1143485,highly correlated assays,15.0,0.0,0.0,0.0
CHEMBL1143494,no issue,0.0,1.0,0.0,0.0
CHEMBL1143497,no issue,0.0,0.0,0.0,3.5
CHEMBL1143503,no issue,0.5,2.0,0.0,0.0
CHEMBL1143518,no issue,0.0,0.0,0.5,1.5
CHEMBL1143520,multiply activity for same test item,1.0,0.0,0.0,0.0
CHEMBL1143528,no issue,0.0,2.5,0.0,0.0
CHEMBL1143532,no issue,0.0,0.0,9.5,0.0
CHEMBL1143535,test Item with unknown chirality,0.0,0.0,1.0,0.0
CHEMBL1143538,highly correlated assays,0.0,0.0,31.5,9.0
CHEMBL1143541,no issue,0.0,0.0,8.0,1.0
CHEMBL1143543,highly correlated assays,4.5,0.0,0.0,0.0
CHEMBL1143544,no issue,0.0,0.0,17.0,0.0
CHEMBL1143546,highly correlated assays,20.5,1.5,0.0,0.0
CHEMBL1143550,no issue,0.5,0.5,0.0,0.0
CHEMBL1143552,high citation rate,0.0,74.0,0.0,0.0
CHEMBL1143554,no issue,0.0,0.0,17.5,2.5
CHEMBL1143556,no issue,21.5,4.5,0.0,0.0
CHEMBL1143558,no issue,19.5,3.5,0.0,0.0
CHEMBL1143559,highly correlated assays,0.0,2.0,0.0,0.0
CHEMBL1143560,no issue,0.0,0.0,0.5,0.5
CHEMBL1143564,no issue,12.0,0.0,0.0,0.0
CHEMBL1143571,high citation rate,0.0,0.0,198.5,514.0
CHEMBL1143582,no issue,0.0,0.0,1.5,0.0
CHEMBL1143584,test Item with unknown chirality,0.0,0.0,12.0,0.0
CHEMBL1143588,test Item with unknown chirality,0.0,0.5,0.0,0.0
CHEMBL1143600,no issue,268.0,0.0,0.0,0.0
CHEMBL1143601,no issue,0.5,1.5,0.0,0.0
CHEMBL1143603,highly correlated assays,0.0,0.0,0.0,131.0
CHEMBL1143608,no issue,33.0,2.5,0.0,0.0
CHEMBL1143615,highly correlated assays,0.0,0.0,22.0,0.0
CHEMBL1143616,no issue,1.5,0.0,0.0,0.0
CHEMBL1143620,no issue,0.0,0.0,0.0,3.0
CHEMBL1143623,no issue,31.5,4.5,0.0,0.0
CHEMBL1143627,exact data citation,0.0,0.0,0.5,2.5
CHEMBL1143635,no issue,5.0,0.0,0.0,0.0
CHEMBL1143636,exact data citation,0.0,0.0,0.0,1.0
CHEMBL1143639,no issue,4.5,2.5,0.0,0.0
CHEMBL1143640,no issue,0.0,2.5,0.0,0.0
CHEMBL1143644,test Item with unknown chirality,18.5,3.5,0.0,0.0
CHEMBL1143648,exact data citation,0.0,1.0,0.0,5.0
CHEMBL1143653,no issue,4.0,10.5,0.0,0.0
CHEMBL1143655,exact data citation,0.0,1.5,0.0,0.0
CHEMBL1143659,no issue,2.0,0.5,0.5,14.0
CHEMBL1143661,no issue,17.0,0.0,0.0,0.0
CHEMBL1143662,no issue,0.0,0.0,38.5,7.0
CHEMBL1143667,no issue,0.0,0.5,0.0,0.0
CHEMBL1143672,rounded data citation,0.0,0.0,6.0,0.0
CHEMBL1143673,no issue,27.5,0.0,0.0,0.0
CHEMBL1143674,no issue,14.0,10.0,0.0,0.0
CHEMBL1143678,no issue,0.0,0.0,0.5,0.0
CHEMBL1143695,multiply activity for same test item,0.0,0.0,0.0,0.0
CHEMBL1143696,multiply activity for same test item,0.0,0.0,0.0,25.0
CHEMBL1143701,exact data citation,9.5,9.5,0.0,0.0
CHEMBL1143702,test Item with unknown chirality,12.5,0.5,0.0,0.0
CHEMBL1143706,no issue,0.5,0.0,0.0,7.5
CHEMBL1143707,no issue,0.0,0.0,0.0,1.0
CHEMBL1143734,rounded data citation,0.0,0.0,44.5,19.0
CHEMBL1143735,no issue,6.5,1.0,0.0,0.0
CHEMBL1143739,test Item with unknown chirality,0.0,0.0,0.0,0.0
CHEMBL1143741,no issue,6.0,0.0,0.0,0.0
CHEMBL1143746,no issue,23.0,4.5,0.0,0.0
CHEMBL1143748,no issue,119.5,0.0,0.0,0.0
CHEMBL1143756,shuffled assays,0.0,0.0,0.0,118.5
CHEMBL1143763,no issue,148.5,0.0,0.0,0.0
CHEMBL1143765,no issue,16.0,0.0,0.0,0.0
CHEMBL1143774,no issue,0.0,0.0,96.0,36.0
CHEMBL1143782,high citation rate,14.5,0.0,0.0,0.0
CHEMBL1143784,highly correlated assays,0.0,0.0,0.0,2.0
CHEMBL1143786,no issue,0.0,0.0,1.0,0.0
CHEMBL1143787,no issue,20.0,0.0,0.0,0.0
CHEMBL1143794,highly correlated assays,0.0,1.5,0.0,0.5
CHEMBL1143844,test Item with unknown chirality,36.0,0.0,0.0,0.0
CHEMBL1143847,no issue,0.0,0.0,0.0,0.0
CHEMBL1143857,multiply activity for same test item,0.0,0.0,2.5,3.0
CHEMBL1143873,no issue,0.0,4.5,0.0,0.0
CHEMBL1143874,exact data citation,52.5,27.0,0.0,0.0
CHEMBL1143878,no issue,216.0,0.0,0.0,0.0
CHEMBL1143879,no issue,0.0,0.0,0.0,0.0
CHEMBL1143883,test Item with unknown chirality,0.5,0.0,0.0,0.0
CHEMBL1143890,exact data citation,0.0,0.5,0.0,0.0
CHEMBL1143896,no issue,1.5,1.5,0.0,0.0
CHEMBL1143900,no issue,5.0,5.0,0.0,0.0
CHEMBL1143901,high citation rate,0.0,18.5,0.0,0.0
CHEMBL1143907,no issue,0.0,0.0,10.5,0.5
CHEMBL1143916,no issue,8.0,4.5,0.0,0.0
CHEMBL1143925,no issue,0.0,0.0,2.5,1.0
CHEMBL1143936,no issue,0.0,1.5,0.0,0.0
CHEMBL1143946,multiply activity for same test item,0.0,0.0,34.5,5.0
CHEMBL1143953,no issue,0.0,0.0,0.0,0.0
CHEMBL1143959,rounded data citation,0.0,0.0,18.5,49.0
CHEMBL1143963,exact data citation,0.0,0.0,16.0,0.0
CHEMBL1143964,no issue,0.0,0.0,0.0,0.0
CHEMBL1143969,no issue,0.0,0.0,1.0,0.5
CHEMBL1143970,test Item with unknown chirality,0.0,0.0,0.0,12.0
CHEMBL1143973,exact data citation,5.5,2.0,0.0,0.0
CHEMBL1143974,exact data citation,52.5,27.0,0.0,0.0
CHEMBL1143979,multiply activity for same test item,0.0,0.0,0.0,2.0
CHEMBL1143988,no issue,0.5,0.0,0.0,0.0
CHEMBL1143993,no issue,0.0,0.0,3.0,1.0
CHEMBL1143997,highly correlated assays,0.0,0.0,18.0,26.5
CHEMBL1143999,no issue,0.0,0.0,56.5,9.5
CHEMBL1144013,multiply activity for same test item,0.0,0.0,146.5,51.5
CHEMBL1144025,no issue,0.0,0.0,4.0,4.5
CHEMBL1144031,no issue,0.0,0.0,0.5,2.5
CHEMBL1144032,no issue,0.0,0.0,0.0,0.0
CHEMBL1144033,highly correlated assays,4.0,1.5,20.5,3.5
CHEMBL1144046,no issue,0.0,0.0,0.0,0.0
CHEMBL1144049,highly correlated assays,363.5,269.0,0.0,0.0
CHEMBL1144072,multifunctional enzyme,0.0,0.0,0.0,0.0
CHEMBL1144148,multifunctional enzyme,0.0,0.0,0.0,0.0
CHEMBL1144149,multifunctional enzyme,0.0,0.0,0.0,0.0
CHEMBL1144155,no issue,0.0,0.0,5.0,1.0
CHEMBL1144156,no issue,11.5,3.5,0.0,0.0
CHEMBL1144158,no issue,0.0,0.0,0.0,4.5
CHEMBL1144162,no issue,11.5,0.0,0.0,0.0
CHEMBL1144168,rounded data citation,4.5,3.5,0.0,0.0
CHEMBL1144170,no issue,0.0,0.0,0.0,0.0
CHEMBL1144173,rounded data citation,0.0,0.0,1.5,0.0
CHEMBL1144175,highly correlated assays,0.0,0.0,9.0,25.0
CHEMBL1144179,no issue,2.5,6.5,0.0,0.0
CHEMBL1144183,no issue,0.0,0.0,10.5,1.5
CHEMBL1144192,highly correlated assays,43.0,21.0,0.0,0.0
CHEMBL1144197,exact data citation,0.5,1.0,0.0,0.0
CHEMBL1144202,no issue,0.0,0.0,1.0,0.0
CHEMBL1144204,exact data citation,0.0,0.0,35.5,16.0
CHEMBL1144205,no issue,3.0,0.0,0.0,0.0
CHEMBL1144206,no issue,0.0,1.5,0.0,0.0
CHEMBL1144207,no issue,32.5,0.5,0.0,0.0
CHEMBL1144209,test Item with unknown chirality,3.5,10.0,0.0,0.0
CHEMBL1144221,no issue,4.5,0.0,0.0,0.0
CHEMBL1144222,no issue,0.0,4.0,0.0,0.0
CHEMBL1144236,rounded data citation,0.0,0.0,40.0,0.0
CHEMBL1144238,no issue,0.0,0.0,0.0,0.0
CHEMBL1144249,multiply activity for same test item,309.0,111.0,36.0,92.0
CHEMBL1144256,test Item with unknown chirality,0.0,0.0,0.0,0.0
CHEMBL1144261,exact data citation,0.0,0.0,3.0,5.0
CHEMBL1144263,no issue,0.0,1.5,0.0,0.0
CHEMBL1144264,multiply activity for same test item,0.0,0.0,0.0,4.5
CHEMBL1144271,highly correlated assays,0.0,0.0,34.0,885.5
CHEMBL1144272,multiply activity for same test item,0.0,0.0,0.0,0.0
CHEMBL1144273,test Item with unknown chirality,0.0,3.0,0.0,6.0
CHEMBL1144279,no issue,2.5,0.0,0.0,0.0
CHEMBL1144282,highly correlated assays,18.0,2.0,0.0,0.0
CHEMBL1144284,highly correlated assays,0.0,0.0,13.0,0.0
CHEMBL1144289,no issue,0.0,0.0,0.0,1.5
CHEMBL1144292,highly correlated assays,36.0,24.0,0.0,0.0
CHEMBL1144293,highly correlated assays,40.0,0.0,0.0,0.0
CHEMBL1144296,multiply activity for same test item,0.0,0.0,21.5,8.0
CHEMBL1144302,no issue,0.0,0.0,15.5,0.0
CHEMBL1144303,no issue,0.0,0.0,0.0,0.5
CHEMBL1144304,no issue,0.5,1.0,0.0,0.0
CHEMBL1144305,exact data citation,0.5,1.0,0.0,0.0
CHEMBL1144307,test Item with unknown chirality,0.0,0.0,0.5,0.0
CHEMBL1144310,exact data citation,0.0,0.0,0.0,3.0
CHEMBL1144315,multiply activity for same test item,4.5,0.0,0.0,0.0
CHEMBL1144322,exact data citation,0.0,0.0,2.5,0.0
CHEMBL1144325,no issue,0.0,0.0,24.0,0.5
CHEMBL1144326,multifunctional enzyme,0.0,0.0,0.0,2.0
CHEMBL1144327,highly correlated assays,0.0,0.0,15.0,654.0
CHEMBL1144328,no issue,0.0,0.0,8.0,0.0
CHEMBL1144330,test Item with unknown chirality,0.0,0.5,0.0,0.0
CHEMBL1144332,no issue,0.0,0.0,1.5,4.5
CHEMBL1144333,no issue,3.0,1.0,0.0,0.0
CHEMBL1144334,highly correlated assays,0.0,12.0,0.0,0.0
CHEMBL1144337,no issue,1.0,0.0,0.0,0.0
CHEMBL1144338,high citation rate,116.0,28.0,0.0,0.5
CHEMBL1144341,multiply activity for same test item,10.5,1.0,0.0,0.0
CHEMBL1144347,no issue,1.0,0.0,0.0,0.0
CHEMBL1144350,test Item with unknown chirality,4.0,25.5,0.0,0.0
CHEMBL1144351,no issue,4.0,0.0,0.0,0.0
CHEMBL1144357,no issue,0.0,0.0,0.0,6.0
CHEMBL1144361,test Item with unknown chirality,0.0,0.0,0.0,0.0
CHEMBL1144363,shuffled assays,85.5,0.0,0.0,0.0
CHEMBL1144372,multifunctional enzyme,2.5,12.0,0.0,0.0
CHEMBL1144376,test Item with unknown chirality,1.0,0.0,0.0,0.0
CHEMBL1144380,no issue,2.5,0.0,0.0,0.0
CHEMBL1144382,test Item with unknown chirality,0.0,0.0,0.0,0.0
CHEMBL1144388,highly correlated assays,0.0,0.0,33.0,1001.0
CHEMBL1144389,no issue,43.5,1.0,0.0,0.0
CHEMBL1144391,no issue,23.0,1.5,0.0,0.0
CHEMBL1144392,no issue,0.0,0.0,0.0,1.0
CHEMBL1144396,no issue,0.0,0.0,0.5,0.5
CHEMBL1144397,no issue,0.0,0.0,6.5,12.5
CHEMBL1144398,no issue,964.0,32.0,0.0,0.0
CHEMBL1144400,multiply activity for same test item,0.0,0.0,0.0,1.0
CHEMBL1144401,no issue,0.0,0.5,0.0,0.0
CHEMBL1144402,exact data citation,0.0,0.0,8.5,1.0
CHEMBL1144404,no issue,1.0,0.5,0.0,0.0
CHEMBL1144406,no issue,64.0,0.0,4.5,0.0
CHEMBL1144408,no issue,0.0,0.0,28.0,4.5
CHEMBL1144410,exact data citation,0.0,0.0,0.0,0.5
CHEMBL1144413,no issue,8.0,0.5,0.0,0.0
CHEMBL1144414,no issue,5.5,0.5,0.0,0.0
CHEMBL1144416,no issue,0.0,0.0,12.5,4.0
CHEMBL1144420,no issue,70.5,4.0,0.0,0.0
CHEMBL1144424,no issue,5.5,0.0,23.5,2.5
CHEMBL1144426,no issue,1.0,1.0,0.0,0.0
CHEMBL1144428,no issue,4.5,15.0,0.0,0.0
CHEMBL1144429,no issue,0.0,1.0,0.0,0.0
CHEMBL1144433,highly correlated assays,0.5,2.0,0.0,0.0
CHEMBL1144445,multiply activity for same test item,0.0,0.0,0.0,0.0
CHEMBL1144447,highly correlated assays,113.5,3.0,0.0,0.0
CHEMBL1144449,no issue,6.0,4.0,0.0,0.0
CHEMBL1144450,highly correlated assays,9.5,9.5,0.0,0.0
CHEMBL1144454,multifunctional enzyme,0.0,0.0,1.0,0.0
CHEMBL1144457,multiply activity for same test item,54.0,37.0,0.0,0.0
CHEMBL1144458,multifunctional enzyme,0.0,0.0,0.0,0.0
CHEMBL1144459,no issue,4.0,1.5,0.0,0.0
CHEMBL1144471,no issue,0.0,0.0,38.0,18.0
CHEMBL1144472,no issue,0.0,0.5,0.0,0.5
CHEMBL1144492,rounded data citation,2.0,5.5,0.0,0.0
CHEMBL1144497,highly correlated assays,65.0,37.0,0.0,0.0
CHEMBL1144500,no issue,0.0,0.5,0.0,0.0
CHEMBL1144502,highly correlated assays,11.0,3.5,0.0,0.0
CHEMBL1144524,highly correlated assays,268.0,72.0,0.0,0.0
CHEMBL1144527,exact data citation,3.0,5.0,0.0,0.0
CHEMBL1144529,no issue,9.0,0.5,0.0,0.0
CHEMBL1144531,shuffled assays,0.0,25.0,0.0,0.0
CHEMBL1144535,exact data citation,3.0,9.5,0.0,0.0
CHEMBL1144540,no issue,39.5,0.5,0.0,0.0
CHEMBL1144546,exact data citation,0.0,0.5,0.0,0.0
CHEMBL1144549,rounded data citation,28.0,0.0,0.0,0.0
CHEMBL1144556,no issue,0.0,0.0,0.0,2.5
CHEMBL1144563,no issue,0.0,0.0,1.5,0.0
CHEMBL1144565,no issue,0.0,0.0,0.0,0.0
CHEMBL1144571,no issue,0.0,0.0,6.0,0.0
CHEMBL1144573,no issue,3.0,2.5,0.0,0.0
CHEMBL1144574,no issue,34.0,7.5,0.0,0.0
CHEMBL1144577,no issue,0.0,1.0,0.0,0.0
CHEMBL1144586,no issue,0.0,9.0,0.0,0.0
CHEMBL1144590,no issue,0.0,0.0,0.0,0.0
CHEMBL1144593,test Item with unknown chirality,0.0,0.0,0.0,0.0
CHEMBL1144594,no issue,48.0,0.0,0.0,0.0
CHEMBL1144602,no issue,0.0,0.0,1.0,1.5
CHEMBL1144605,exact data citation,33.0,3.0,8.0,6.5
CHEMBL1144610,no issue,0.0,4.5,1.5,25.0
CHEMBL1144613,rounded data citation,23.0,2.5,0.0,0.0
CHEMBL1144618,multiply activity for same test item,0.0,0.0,152.0,4.0
CHEMBL1144621,multiply activity for same test item,48.0,2.0,0.0,0.0
CHEMBL1144630,test Item with unknown chirality,1.5,0.0,0.0,0.0
CHEMBL1144634,highly correlated assays,1.0,2.0,0.0,0.0
CHEMBL1144643,no issue,0.0,0.0,38.0,0.0
CHEMBL1144645,no issue,0.0,0.0,0.0,0.0
CHEMBL1144646,exact data citation,0.0,3.5,0.0,0.0
CHEMBL1144647,no issue,0.0,0.0,0.5,1.0
CHEMBL1144652,highly correlated assays,0.0,0.0,0.0,3.0
CHEMBL1144657,no issue,0.0,0.0,3.0,1.0
CHEMBL1144658,no issue,16.0,64.0,0.0,0.0
CHEMBL1144664,no issue,121.0,16.0,0.0,0.0
CHEMBL1144668,no issue,20.0,14.5,0.0,0.0
CHEMBL1144670,no issue,0.0,0.0,17.5,2.5
CHEMBL1144676,exact data citation,0.0,0.0,0.0,1.0
CHEMBL1144677,test Item with unknown chirality,2.0,0.0,0.0,0.0
CHEMBL1144699,exact data citation,0.5,0.5,0.0,0.0
CHEMBL1144714,shuffled assays,73.0,84.0,0.0,0.0
CHEMBL1144715,no issue,1.0,5.5,0.0,0.0
CHEMBL1144716,no issue,4.5,0.0,0.0,0.0
CHEMBL1144717,no issue,0.0,41.0,0.0,0.0
CHEMBL1144727,no issue,0.0,0.0,59.5,18.0
CHEMBL1144728,no issue,0.0,0.5,0.0,0.0
CHEMBL1144732,highly correlated assays,0.0,0.0,47.0,1209.0
CHEMBL1144745,no issue,0.0,0.0,21.5,2.0
CHEMBL1144747,test Item with unknown chirality,0.0,0.0,2.5,14.0
CHEMBL1144749,no issue,0.5,0.0,0.0,0.0
CHEMBL1144755,exact data citation,0.0,3.0,0.0,0.0
CHEMBL1144767,no issue,0.0,32.0,0.0,0.0
CHEMBL1144779,no issue,0.0,0.0,53.0,1.0
CHEMBL1144793,shuffled assays,0.0,111.0,0.0,0.0
CHEMBL1144794,no issue,2.0,0.0,0.0,0.0
CHEMBL1144810,multiply activity for same test item,0.0,0.0,0.0,1.0
CHEMBL1144811,multiply activity for same test item,0.0,0.0,6.0,4.0
CHEMBL1144812,no issue,0.0,2.0,0.0,0.0
CHEMBL1144823,no issue,3.5,1.0,0.0,0.0
CHEMBL1144829,no issue,8.0,0.0,0.0,0.0
CHEMBL1144831,no issue,2.5,2.0,0.0,0.0
CHEMBL1144841,multiply activity for same test item,0.0,2.0,0.0,0.0
CHEMBL1144844,test Item with unknown chirality,0.0,0.5,0.0,0.5
CHEMBL1144846,no issue,0.0,0.0,54.0,30.5
CHEMBL1144847,no issue,15.5,0.0,0.0,0.0
CHEMBL1144856,multiply activity for same test item,28.5,0.0,0.0,0.0
CHEMBL1144876,no issue,0.0,0.0,0.5,0.0
CHEMBL1144885,no issue,0.0,0.0,15.5,3.5
CHEMBL1144889,rounded data citation,0.0,0.0,0.0,1.0
CHEMBL1144897,highly correlated assays,1.5,3.5,0.0,0.0
CHEMBL1144908,test Item with unknown chirality,0.0,0.0,0.5,0.0
CHEMBL1144909,no issue,0.0,0.0,0.0,0.0
CHEMBL1144924,highly correlated assays,0.0,0.0,5.0,4.0
CHEMBL1144935,highly correlated assays,0.0,0.0,52.0,16.5
CHEMBL1144937,no issue,0.0,0.0,0.0,0.0
CHEMBL1144939,highly correlated assays,0.0,0.0,254.0,192.0
CHEMBL1144945,highly correlated assays,29.0,3.0,2.0,0.0
CHEMBL1144950,highly correlated assays,0.0,0.0,1.0,6.0
CHEMBL1144952,no issue,0.0,0.0,1.0,0.0
CHEMBL1144953,no issue,0.0,0.0,0.0,0.5
CHEMBL1144971,no issue,3.0,0.0,0.0,0.0
CHEMBL1144986,no issue,0.0,0.0,0.0,0.5
CHEMBL1144990,test Item with unknown chirality,0.0,0.0,5.0,1.0
CHEMBL1145005,no issue,5.0,7.5,0.0,0.0
CHEMBL1145007,highly correlated assays,0.0,0.0,0.0,5.5
CHEMBL1145008,rounded data citation,0.0,0.5,0.0,0.0
CHEMBL1145038,no issue,0.0,0.0,6.0,0.0
CHEMBL1145039,no issue,1.5,3.5,0.0,0.0
CHEMBL1145042,highly correlated assays,23.5,2.0,0.0,0.0
CHEMBL1145069,no issue,0.0,0.0,1.0,0.0
CHEMBL1145070,multiply activity for same test item,0.0,0.0,0.5,0.0
CHEMBL1145076,no issue,0.0,0.5,0.0,0.0
CHEMBL1145080,no issue,54.5,1.0,0.0,0.0
CHEMBL1145082,test Item with unknown chirality,11.0,0.0,0.0,0.0
CHEMBL1145083,shuffled assays,0.0,0.0,3.0,0.0
CHEMBL1145087,exact data citation,0.5,2.0,0.5,3.5
CHEMBL1145094,no issue,3.5,2.0,5.5,4.0
CHEMBL1145102,multiply activity for same test item,0.0,0.0,0.0,0.0
CHEMBL1145103,no issue,0.0,0.0,0.0,1.0
CHEMBL1145111,highly correlated assays,0.0,0.0,3.5,2.5
CHEMBL1145112,highly correlated assays,0.0,0.0,1.0,26.0
CHEMBL1145120,highly correlated assays,0.0,0.0,34.0,0.5
CHEMBL1145127,no issue,2.0,0.5,0.0,0.0
CHEMBL1145128,highly correlated assays,0.0,5.0,0.0,0.0
CHEMBL1145144,multiply activity for same test item,0.0,0.0,6.0,0.5
CHEMBL1145148,multiply activity for same test item,0.0,0.0,0.0,0.0
CHEMBL1145152,multifunctional enzyme,5.0,62.5,0.0,0.0
CHEMBL1145157,no issue,8.5,0.0,0.0,0.0
CHEMBL1145159,review,1.5,0.0,0.0,0.0
CHEMBL1145160,highly correlated assays,0.0,0.0,58.0,23.5
CHEMBL1145161,no issue,0.0,0.0,2.0,0.0
CHEMBL1145163,no issue,5.5,0.5,0.0,0.0
CHEMBL1145166,no issue,0.0,0.0,0.0,4.0
CHEMBL1145170,no issue,0.0,0.0,0.0,0.0
CHEMBL1145183,high citation rate,0.0,0.0,9.5,75.0
CHEMBL1145188,highly correlated assays,8.0,73.0,0.0,38.0
CHEMBL1145190,multifunctional enzyme,104.0,808.0,0.0,0.0
CHEMBL1145195,highly correlated assays,0.0,0.0,2.0,47.0
CHEMBL1145196,multiply activity for same test item,0.0,0.0,15.5,2.0
CHEMBL1145197,no issue,0.0,0.0,51.0,6.0
CHEMBL1145198,multiply activity for same test item,1.5,1.5,0.0,0.0
CHEMBL1145201,highly correlated assays,0.0,0.0,5.0,13.5
CHEMBL1145202,highly correlated assays,0.0,0.0,52.5,7.0
CHEMBL1145204,highly correlated assays,0.0,0.0,34.0,957.5
CHEMBL1145207,no issue,0.0,0.0,8.0,1.0
CHEMBL1145209,test Item with unknown chirality,0.0,0.0,0.0,0.0
CHEMBL1145211,highly correlated assays,0.0,0.0,61.0,4.0
CHEMBL1145212,no issue,0.0,0.0,9.5,0.0
CHEMBL1145216,no issue,13.0,0.0,0.0,0.0
CHEMBL1145220,no issue,0.0,3.5,0.0,0.0
CHEMBL1145226,multiply activity for same test item,0.0,1.5,0.0,0.0
CHEMBL1145227,test Item with unknown chirality,0.0,0.0,0.0,3.0
CHEMBL1145231,test Item with unknown chirality,19.0,3.0,0.0,0.0
CHEMBL1145235,no issue,0.0,0.0,16.5,0.0
CHEMBL1145238,highly correlated assays,18.5,5.0,0.0,0.0
CHEMBL1145239,highly correlated assays,2.5,2.0,0.0,0.0
CHEMBL1145240,no issue,0.0,0.0,0.5,0.0
CHEMBL1145245,highly correlated assays,0.0,0.0,0.0,10.5
CHEMBL1145248,exact data citation,2.0,1.5,0.0,0.0
CHEMBL1145249,no issue,0.0,0.0,10.0,4.0
CHEMBL1145250,highly correlated assays,0.0,1.5,0.0,0.0
CHEMBL1145258,exact data citation,0.0,0.0,0.5,0.0
CHEMBL1145259,no issue,0.0,0.0,0.0,2.0
CHEMBL1145270,no issue,0.0,0.0,5.0,1.0
CHEMBL1145271,highly correlated assays,0.0,0.0,16.0,13.0
CHEMBL1145278,multifunctional enzyme,0.0,1.5,0.0,0.0
CHEMBL1145279,multiply activity for same test item,0.0,3.0,0.0,0.0
CHEMBL1145281,no issue,0.0,0.0,0.0,0.0
CHEMBL1145282,no issue,0.0,0.0,0.0,0.0
CHEMBL1145283,multifunctional enzyme,0.0,0.0,0.0,30.0
CHEMBL1145284,highly correlated assays,0.0,0.0,3.5,142.5
CHEMBL1145292,exact data citation,17.5,7.0,0.0,0.0
CHEMBL1145298,no issue,0.0,0.0,0.5,1.5
CHEMBL1145304,highly correlated assays,39.0,28.5,0.0,0.0
CHEMBL1145305,no issue,0.0,3.5,0.0,0.0
CHEMBL1145308,test Item with unknown chirality,0.0,0.0,0.0,0.0
CHEMBL1145310,highly correlated assays,0.0,19.5,0.0,0.0
CHEMBL1145311,multifunctional enzyme,14.5,2.5,0.0,0.0
CHEMBL1145313,multiply activity for same test item,0.0,0.0,0.0,0.0
CHEMBL1145314,no issue,59.5,3.5,0.0,0.0
CHEMBL1145317,no issue,0.0,0.5,0.0,0.0
CHEMBL1145329,multifunctional enzyme,0.0,0.0,0.0,4.0
CHEMBL1145333,multiply activity for same test item,0.5,0.0,0.0,0.0
CHEMBL1145339,no issue,0.5,0.0,0.0,0.0
CHEMBL1145343,no issue,2.0,0.0,0.0,0.0
CHEMBL1145347,no issue,0.0,0.0,2.0,0.0
CHEMBL1145348,no issue,5.0,12.5,0.0,0.0
CHEMBL1145349,multiply activity for same test item,0.0,2.0,0.0,0.0
CHEMBL1145353,no issue,0.5,14.0,0.0,0.0
CHEMBL1145354,highly correlated assays,2.5,2.0,0.0,0.0
CHEMBL1145356,no issue,8.0,0.0,0.0,0.0
CHEMBL1145361,highly correlated assays,23.5,0.0,0.0,0.0
CHEMBL1145366,no issue,0.0,0.0,104.0,1.0
CHEMBL1145367,no issue,0.5,0.0,0.0,0.0
CHEMBL1145369,no issue,2.5,0.5,0.0,0.0
CHEMBL1145370,exact data citation,2.0,4.0,0.0,0.0
CHEMBL1145372,highly correlated assays,0.0,0.0,2.5,23.0
CHEMBL1145373,no issue,0.5,0.0,0.0,0.0
CHEMBL1145378,no issue,3.5,0.0,20.0,0.0
CHEMBL1145379,rounded data citation,0.0,0.0,0.0,0.5
CHEMBL1145394,no issue,1.0,1.0,0.0,0.0
CHEMBL1145400,no issue,2.0,0.5,0.0,0.0
CHEMBL1145402,shuffled assays,0.0,0.0,0.0,4.0
CHEMBL1145403,no issue,0.0,0.0,13.5,1.0
CHEMBL1145406,highly correlated assays,0.0,0.0,8.0,27.0
CHEMBL1145407,highly correlated assays,0.0,0.0,2.0,12.0
CHEMBL1145409,highly correlated assays,4.5,8.5,0.0,0.0
CHEMBL1145411,no issue,0.0,0.0,0.0,0.0
CHEMBL1145423,no issue,5.5,0.0,0.0,0.0
CHEMBL1145424,multifunctional enzyme,13.0,54.0,0.0,0.0
CHEMBL1145434,rounded data citation,20.5,0.0,0.0,0.0
CHEMBL1145441,no issue,0.0,2.0,0.0,0.0
CHEMBL1145443,no issue,28.0,0.0,0.0,0.0
CHEMBL1145445,no issue,8.0,1.5,0.0,0.0
CHEMBL1145447,no issue,0.0,0.0,2.0,0.5
CHEMBL1145452,rounded data citation,2.0,2.0,0.0,0.0
CHEMBL1145458,no issue,16.0,16.0,0.0,0.0
CHEMBL1145459,highly correlated assays,6.0,130.0,0.0,0.0
CHEMBL1145460,highly correlated assays,0.0,68.0,0.0,0.0
CHEMBL1145461,no issue,3.5,10.5,0.0,0.0
CHEMBL1145486,no issue,26.0,36.5,0.0,0.0
CHEMBL1145498,no issue,12.5,0.0,1.0,0.0
CHEMBL1145505,no issue,0.0,0.5,0.0,0.0
CHEMBL1145507,no issue,8.0,1.0,0.0,0.0
CHEMBL1145517,no issue,0.0,0.5,0.0,0.0
CHEMBL1145526,no issue,0.0,0.0,6.0,0.0
CHEMBL1145542,no issue,9.0,0.0,0.0,1.5
CHEMBL1145545,highly correlated assays,0.0,0.0,9.0,4.0
CHEMBL1145549,exact data citation,0.0,0.0,0.0,2.5
CHEMBL1145558,exact data citation,3.5,1.0,0.0,0.0
CHEMBL1145560,highly correlated assays,0.0,0.0,0.0,2.0
CHEMBL1145564,no issue,0.0,0.0,0.5,0.5
CHEMBL1145588,no issue,0.5,1.5,0.0,0.0
CHEMBL1145590,no issue,12.5,16.0,0.0,0.0
CHEMBL1145594,exact data citation,0.0,0.0,33.0,780.5
CHEMBL1145598,exact data citation,1.0,0.5,0.0,0.0
CHEMBL1145601,no issue,12.0,42.0,0.0,0.0
CHEMBL1145603,no issue,55.5,8.5,0.0,0.0
CHEMBL1145608,highly correlated assays,33.0,2.5,8.0,5.5
CHEMBL1145609,no issue,65.5,13.0,0.0,0.0
CHEMBL1145610,no issue,0.0,0.0,0.5,0.5
CHEMBL1145611,no issue,0.0,0.0,1.0,0.0
CHEMBL1145612,no issue,0.0,0.0,2.5,1.0
CHEMBL1145614,highly correlated assays,0.0,0.0,4.5,4.0
CHEMBL1145615,highly correlated assays,196.0,368.0,0.0,0.0
CHEMBL1145616,highly correlated assays,0.0,7.5,0.0,0.0
CHEMBL1145617,no issue,6.5,0.0,0.0,0.0
CHEMBL1145621,no issue,0.0,0.0,0.5,0.5
CHEMBL1145622,multiply activity for same test item,0.0,0.0,0.0,0.0
CHEMBL1145629,highly correlated assays,0.0,0.0,16.0,36.0
CHEMBL1145631,no issue,124.5,0.5,3.5,1.0
CHEMBL1145632,no issue,0.0,0.0,1.0,1.0
CHEMBL1145634,no issue,1.0,1.0,0.0,0.0
CHEMBL1145636,no issue,146.0,8.0,0.0,0.0
CHEMBL1145640,test Item with unknown chirality,0.0,0.0,0.5,0.0
CHEMBL1145642,no issue,10.0,0.0,0.0,0.0
CHEMBL1145647,no issue,2.5,3.0,0.0,0.0
CHEMBL1145650,multiply activity for same test item,0.0,0.0,0.0,8.5
CHEMBL1145728,multiply activity for same test item,0.0,4.5,0.0,0.0
CHEMBL1145729,no issue,2.5,1.5,0.0,0.0
CHEMBL1145751,exact data citation,1.0,9.0,0.0,0.0
CHEMBL1145753,no issue,0.5,3.0,0.0,0.0
CHEMBL1145777,multiply activity for same test item,0.0,0.0,30.0,249.0
CHEMBL1145784,exact data citation,0.0,3.0,0.0,0.0
CHEMBL1145785,no issue,0.5,1.5,0.0,0.0
CHEMBL1145790,test Item with unknown chirality,0.0,0.0,0.0,0.0
CHEMBL1145802,highly correlated assays,0.0,0.0,4.0,1.5
CHEMBL1145819,highly correlated assays,0.0,0.0,86.5,3.0
CHEMBL1145829,test Item with unknown chirality,2.0,0.0,0.0,0.0
CHEMBL1145839,highly correlated assays,0.0,0.0,1.5,17.5
CHEMBL1145840,no issue,0.0,0.0,9.0,13.0
CHEMBL1145844,highly correlated assays,0.0,0.0,33.0,16.0
CHEMBL1145850,no issue,0.0,0.0,0.0,1.5
CHEMBL1145868,no issue,0.0,0.0,1.0,0.0
CHEMBL1145876,highly correlated assays,0.0,0.0,12.5,1.0
CHEMBL1145888,highly correlated assays,0.0,0.0,9.5,10.5
CHEMBL1145892,no issue,0.5,0.0,0.0,0.0
CHEMBL1145899,no issue,17.0,5.0,0.0,0.0
CHEMBL1145900,highly correlated assays,31.0,0.0,0.0,0.0
CHEMBL1145902,no issue,0.5,0.5,0.0,0.0
CHEMBL1145911,highly correlated assays,2.0,2.0,0.0,0.0
CHEMBL1145913,test Item with unknown chirality,0.0,0.0,0.0,0.0
CHEMBL1145914,no issue,0.0,0.0,0.0,1.0
CHEMBL1145929,test Item with unknown chirality,0.0,0.0,6.0,0.0
CHEMBL1145951,test Item with unknown chirality,0.0,0.0,0.0,0.0
CHEMBL1145953,no issue,0.0,0.0,39.5,1.5
CHEMBL1145960,highly correlated assays,30.0,4.5,0.0,0.0
CHEMBL1145967,multifunctional enzyme,0.0,3.0,0.0,0.0
CHEMBL1145971,test Item with unknown chirality,0.0,0.0,0.0,0.0
CHEMBL1145978,no issue,0.0,0.0,0.0,36.0
CHEMBL1145982,multifunctional enzyme,28.0,0.0,0.0,0.0
CHEMBL1145984,test Item with unknown chirality,0.0,0.0,0.5,2.0
CHEMBL1145992,highly correlated assays,0.0,0.0,17.0,37.0
CHEMBL1146002,no issue,0.0,0.5,0.0,0.0
CHEMBL1146004,no issue,1.0,1.0,0.0,0.0
CHEMBL1146005,exact data citation,33.0,15.5,0.0,0.0
CHEMBL1146007,no issue,0.0,0.0,1.0,3.0
CHEMBL1146012,no issue,0.0,0.0,0.0,0.0
CHEMBL1146013,exact data citation,0.0,0.0,0.0,0.5
CHEMBL1146014,no issue,0.0,0.0,0.5,1.0
CHEMBL1146016,no issue,1.5,0.0,0.0,0.0
CHEMBL1146026,exact data citation,0.0,0.0,0.0,2.5
CHEMBL1146028,no issue,0.0,0.0,2.5,6.5
CHEMBL1146035,no issue,0.0,0.0,0.0,0.0
CHEMBL1146036,highly correlated assays,0.0,0.0,42.5,23.5
CHEMBL1146037,no issue,0.0,2.0,0.0,0.0
CHEMBL1146045,multiply activity for same test item,0.0,0.0,0.0,0.5
CHEMBL1146047,no issue,22.5,2.0,0.0,0.0
CHEMBL1146052,no issue,0.0,0.0,0.0,0.0
CHEMBL1146054,exact data citation,0.0,0.0,1.0,7.5
CHEMBL1146056,exact data citation,0.0,0.0,0.0,0.5
CHEMBL1146057,multifunctional enzyme,0.0,0.0,0.0,0.0
CHEMBL1146058,no issue,38.5,8.0,0.0,0.0
CHEMBL1146061,exact data citation,0.0,0.5,0.0,0.0
CHEMBL1146068,no issue,0.0,0.0,3.0,1.0
CHEMBL1146071,highly correlated assays,0.0,48.0,0.0,0.0
CHEMBL1146072,highly correlated assays,0.0,3.0,2.0,1.0
CHEMBL1146074,shuffled assays,0.0,132.0,0.0,0.0
CHEMBL1146076,no issue,16.0,0.0,0.0,0.0
CHEMBL1146077,highly correlated assays,1.0,24.0,0.0,0.0
CHEMBL1146078,no issue,2.5,0.5,0.0,0.0
CHEMBL1146079,exact data citation,107.0,9.0,0.0,0.0
CHEMBL1146080,no issue,0.0,0.0,0.5,0.0
CHEMBL1146084,multiply activity for same test item,0.0,0.0,0.0,0.0
CHEMBL1146088,no issue,0.0,0.0,4.5,6.5
CHEMBL1146094,highly correlated assays,0.5,13.0,0.0,0.0
CHEMBL1146102,highly correlated assays,50.0,13.5,0.0,0.0
CHEMBL1146103,highly correlated assays,0.0,28.0,0.0,0.0
CHEMBL1146108,no issue,0.0,0.0,0.0,0.0
CHEMBL1146114,no issue,0.0,8.0,0.0,0.0
CHEMBL1146123,no issue,0.0,1.0,0.0,0.0
CHEMBL1146126,no issue,1.0,0.0,0.0,0.0
CHEMBL1146127,highly correlated assays,0.0,0.0,2.0,16.5
CHEMBL1146129,no issue,0.0,0.0,0.0,0.0
CHEMBL1146130,no issue,0.5,0.0,0.0,0.0
CHEMBL1146136,no issue,0.0,0.0,0.0,0.0
CHEMBL1146151,no issue,0.0,0.0,0.0,1.5
CHEMBL1146152,no issue,0.5,0.5,0.0,0.0
CHEMBL1146154,no issue,1.0,0.0,0.0,0.0
CHEMBL1146163,highly correlated assays,21.0,5.5,0.0,0.0
CHEMBL1146164,exact data citation,19.0,4.0,0.0,0.0
CHEMBL1146172,no issue,0.0,0.0,0.0,2.5
CHEMBL1146173,no issue,0.0,0.0,0.0,4.0
CHEMBL1146191,no issue,0.5,1.5,0.0,0.0
CHEMBL1146192,test Item with unknown chirality,0.0,0.0,0.0,3.0
CHEMBL1146203,multifunctional enzyme,2.0,0.5,0.0,0.0
CHEMBL1146204,no issue,2.5,0.0,0.0,0.0
CHEMBL1146205,no issue,1.0,2.5,0.0,0.0
CHEMBL1146208,no issue,0.0,0.0,0.0,16.0
CHEMBL1146211,rounded data citation,0.0,0.0,0.0,96.0
CHEMBL1146232,exact data citation,1.0,10.0,0.0,0.0
CHEMBL1146235,no issue,1.5,1.0,0.0,0.0
CHEMBL1146241,no issue,0.0,4.0,0.0,0.0
CHEMBL1146246,no issue,0.0,0.0,0.0,0.0
CHEMBL1146247,no issue,0.0,0.0,0.0,0.0
CHEMBL1146252,exact data citation,0.0,4.5,0.0,0.0
CHEMBL1146258,no issue,0.0,0.0,0.5,0.0
CHEMBL1146264,shuffled assays,46.5,12.0,0.0,0.0
CHEMBL1146279,no issue,3.0,1.0,0.0,0.0
CHEMBL1146283,test Item with unknown chirality,0.0,1.0,0.0,0.0
CHEMBL1146287,multifunctional enzyme,0.0,0.0,0.5,0.0
CHEMBL1146289,exact data citation,0.0,1.0,0.0,0.0
CHEMBL1146290,no issue,0.5,2.0,0.0,0.0
CHEMBL1146292,test Item with unknown chirality,0.0,0.0,9.5,18.5
CHEMBL1146293,no issue,12.5,1.0,0.0,0.0
CHEMBL1146303,no issue,0.0,17.0,0.0,0.0
CHEMBL1146304,no issue,21.5,13.0,0.0,0.0
CHEMBL1146306,test Item with unknown chirality,0.0,0.0,0.0,0.0
CHEMBL1146307,multifunctional enzyme,0.0,0.0,0.0,14.5
CHEMBL1146308,highly correlated assays,1.5,2.5,0.0,0.0
CHEMBL1146314,no issue,8.5,5.5,0.0,0.0
CHEMBL1146318,multiply activity for same test item,0.0,0.0,0.0,0.0
CHEMBL1146330,no issue,0.5,0.0,0.0,0.0
CHEMBL1146331,highly correlated assays,0.0,0.0,7.5,187.0
CHEMBL1146346,exact data citation,46.5,12.0,0.0,0.0
CHEMBL1146348,test Item with unknown chirality,0.0,0.0,2.5,0.0
CHEMBL1146367,no issue,0.0,0.0,0.0,0.5
CHEMBL1146370,multiply activity for same test item,0.5,0.0,0.0,0.0
CHEMBL1146384,exact data citation,0.0,0.0,0.0,1.5
CHEMBL1146388,multiply activity for same test item,0.0,0.0,0.5,0.0
CHEMBL1146438,exact data citation,0.0,0.5,0.0,0.0
CHEMBL1146603,no issue,0.5,0.0,0.0,0.0
CHEMBL1146610,no issue,3.0,1.5,0.0,0.0
CHEMBL1146612,exact data citation,0.0,0.0,0.5,0.5
CHEMBL1146642,shuffled assays,101.0,47.5,0.0,0.0
CHEMBL1146656,multifunctional enzyme,0.0,6.0,0.0,0.0
CHEMBL1146661,highly correlated assays,0.0,0.0,20.0,3.5
CHEMBL1146696,highly correlated assays,0.0,0.0,24.0,568.0
CHEMBL1146704,no issue,15.5,0.5,0.0,0.0
CHEMBL1146717,no issue,0.5,0.0,0.0,0.0
CHEMBL1146726,no issue,2.0,5.5,0.0,0.0
CHEMBL1146742,highly correlated assays,0.0,6.5,0.0,0.0
CHEMBL1146787,no issue,0.0,0.0,0.0,0.0
CHEMBL1146804,exact data citation,33.0,22.0,0.0,0.0
CHEMBL1146809,test Item with unknown chirality,0.0,0.0,0.0,0.0
CHEMBL1146812,no issue,0.0,0.0,21.0,1.0
CHEMBL1146833,multiply activity for same test item,0.0,0.0,0.0,0.0
CHEMBL1146834,no issue,3.5,0.0,0.0,0.0
CHEMBL1146851,no issue,26.0,3.0,0.0,0.0
CHEMBL1146856,highly correlated assays,2.0,4.0,0.0,0.0
CHEMBL1146857,highly correlated assays,56.5,12.0,0.0,0.0
CHEMBL1146858,highly correlated assays,0.0,0.0,2.0,14.0
CHEMBL1146859,exact data citation,39.0,17.0,0.0,0.0
CHEMBL1146861,no issue,0.5,0.0,0.0,0.0
CHEMBL1146863,no issue,0.0,36.5,0.0,0.0
CHEMBL1146864,rounded data citation,0.0,0.0,7.5,0.0
CHEMBL1146869,no issue,72.5,0.5,0.0,0.0
CHEMBL1146871,no issue,0.0,0.0,20.5,16.0
CHEMBL1146880,no issue,0.0,0.0,0.0,0.0
CHEMBL1146889,test Item with unknown chirality,0.0,0.0,0.0,0.0
CHEMBL1146891,exact data citation,0.0,0.0,2.0,17.5
CHEMBL1146899,test Item with unknown chirality,0.0,1.5,0.0,5.5
CHEMBL1146900,no issue,0.0,0.0,0.0,0.0
CHEMBL1146903,highly correlated assays,0.0,0.0,20.5,10.0
CHEMBL1146904,exact data citation,0.0,0.0,0.0,0.5
CHEMBL1146911,no issue,7.5,11.0,0.0,0.0
CHEMBL1146912,highly correlated assays,1.0,1.5,0.0,0.0
CHEMBL1146915,no issue,3.5,0.0,35.5,0.5
CHEMBL1146919,exact data citation,33.0,14.5,0.0,0.0
CHEMBL1146923,highly correlated assays,0.0,1.5,0.0,0.0
CHEMBL1146925,exact data citation,0.0,0.0,0.0,3.0
CHEMBL1146931,highly correlated assays,252.5,150.0,0.0,0.0
CHEMBL1146936,highly correlated assays,0.0,0.0,0.0,3.5
CHEMBL1146938,highly correlated assays,0.0,2.0,0.0,0.0
CHEMBL1146948,no issue,2.5,1.0,0.0,0.0
CHEMBL1146949,no issue,22.5,0.5,0.0,0.0
CHEMBL1146953,exact data citation,0.0,0.0,26.5,1513.0
CHEMBL1146954,no issue,0.0,1.0,0.0,0.0
CHEMBL1146958,test Item with unknown chirality,0.0,2.0,0.0,0.0
CHEMBL1146959,no issue,0.0,2.5,0.0,0.0
CHEMBL1146970,no issue,0.0,0.0,0.0,29.0
CHEMBL1146978,no issue,0.5,0.0,0.0,0.0
CHEMBL1146979,no issue,5.0,0.5,0.0,0.0
CHEMBL1146981,no issue,0.0,0.5,0.0,0.0
CHEMBL1146986,highly correlated assays,0.0,4.0,0.0,0.0
CHEMBL1146987,no issue,0.0,0.5,0.0,0.0
CHEMBL1146991,exact data citation,0.0,0.0,11.0,1.5
CHEMBL1146992,highly correlated assays,0.0,0.0,0.0,11.0
CHEMBL1146993,test Item with unknown chirality,0.0,0.0,0.0,0.5
CHEMBL1146994,exact data citation,0.0,0.0,0.0,1.0
CHEMBL1147002,highly correlated assays,0.0,0.0,108.5,0.0
CHEMBL1147004,no issue,37.0,1.0,0.0,0.0
CHEMBL1147005,no issue,0.0,6.5,0.0,0.0
CHEMBL1147007,no issue,0.0,0.0,0.0,0.0
CHEMBL1147019,no issue,0.0,0.0,26.5,6.0
CHEMBL1147020,multifunctional enzyme,0.0,1.5,0.0,0.0
CHEMBL1147021,multifunctional enzyme,0.0,1.5,0.0,0.0
CHEMBL1147023,no issue,3.0,0.0,0.0,0.0
CHEMBL1147032,no issue,30.0,0.5,0.0,0.0
CHEMBL1147033,exact data citation,3.0,0.5,3.5,7.5
CHEMBL1147037,rounded data citation,0.0,0.0,9.5,0.0
CHEMBL1147043,no issue,0.5,1.0,0.0,0.0
CHEMBL1147047,no issue,0.0,0.0,0.0,0.0
CHEMBL1147054,exact data citation,0.0,7.0,0.0,0.0
CHEMBL1147070,no issue,6.5,0.0,0.0,0.0
CHEMBL1147071,no issue,0.0,0.0,0.0,0.0
CHEMBL1147074,no issue,0.0,0.0,0.0,0.0
CHEMBL1147076,no issue,7.5,1.0,0.0,0.0
CHEMBL1147088,no issue,0.0,0.0,1.0,0.0
CHEMBL1147123,no issue,35.0,0.0,0.0,0.0
CHEMBL1147126,exact data citation,1.5,1.5,0.0,0.0
CHEMBL1147134,highly correlated assays,0.0,0.0,25.5,0.0
CHEMBL1147138,highly correlated assays,9.5,4.0,53.0,24.0
CHEMBL1147141,no issue,0.0,1.0,0.0,0.5
CHEMBL1147155,high citation rate,0.0,40.0,0.0,0.0
CHEMBL1147166,no issue,0.0,0.0,1.5,0.0
CHEMBL1147183,no issue,1.5,0.0,0.0,0.0
CHEMBL1147184,no issue,1.5,1.5,0.0,0.0
CHEMBL1147186,no issue,0.0,0.0,13.0,0.0
CHEMBL1147187,highly correlated assays,1.0,2.0,0.0,0.0
CHEMBL1147195,no issue,0.0,0.0,0.0,0.0
CHEMBL1147208,no issue,0.0,0.0,68.5,0.0
CHEMBL1147216,exact data citation,34.0,7.5,0.0,0.0
CHEMBL1147233,no issue,0.0,0.0,0.0,0.0
CHEMBL1147277,multifunctional enzyme,18.5,0.0,0.0,0.0
CHEMBL1147335,no issue,0.0,0.0,0.0,0.0
CHEMBL1147404,no issue,0.0,0.0,1.0,0.0
CHEMBL1147419,shuffled assays,29.5,0.0,0.0,0.0
CHEMBL1147440,no issue,0.0,0.0,0.0,0.5
CHEMBL1147445,highly correlated assays,3.5,0.0,0.0,0.0
CHEMBL1147447,test Item with unknown chirality,1.0,0.0,0.0,0.0
CHEMBL1147451,no issue,10.0,5.0,0.0,0.0
CHEMBL1147453,highly correlated assays,2.0,12.5,0.0,0.0
CHEMBL1147464,multiply activity for same test item,0.0,0.0,0.0,0.0
CHEMBL1147470,no issue,0.0,8.0,0.0,0.0
CHEMBL1147471,exact data citation,0.0,1.0,0.0,0.0
CHEMBL1147483,no issue,0.0,0.0,0.0,0.0
CHEMBL1147484,no issue,0.0,0.0,0.0,0.0
CHEMBL1147485,no issue,0.0,0.0,3.5,0.0
CHEMBL1147488,no issue,54.5,1.0,0.0,0.0
CHEMBL1147494,multiply activity for same test item,104.0,52.0,0.0,0.0
CHEMBL1147498,multiply activity for same test item,12.0,4.0,0.0,0.0
CHEMBL1147503,exact data citation,0.0,3.5,0.0,0.0
CHEMBL1147507,multifunctional enzyme,2.5,59.0,0.0,0.0
CHEMBL1147520,highly correlated assays,50.0,17.0,0.0,0.0
CHEMBL1147521,no issue,0.5,0.0,0.0,0.0
CHEMBL1147539,highly correlated assays,36.0,9.0,0.0,0.0
CHEMBL1147566,no issue,0.0,0.0,0.0,9.0
CHEMBL1147576,no issue,3.5,0.0,0.0,0.0
CHEMBL1147609,highly correlated assays,0.0,3.0,0.0,0.0
CHEMBL1147619,no issue,49.0,24.0,0.0,0.0
CHEMBL1147632,highly correlated assays,0.0,0.0,7.0,1.5
CHEMBL1147637,no issue,0.0,0.0,0.0,2.0
CHEMBL1147639,exact data citation,21.0,2.0,0.0,0.0
CHEMBL1147643,no issue,0.0,0.0,0.0,0.0
CHEMBL1147646,no issue,0.0,0.0,11.0,4.0
CHEMBL1147648,no issue,0.0,0.0,0.0,0.0
CHEMBL1147649,highly correlated assays,0.0,6.0,0.0,0.0
CHEMBL1147652,no issue,0.0,0.0,0.0,0.0
CHEMBL1147657,exact data citation,0.0,0.0,30.0,455.0
CHEMBL1147659,no issue,0.5,0.0,0.0,0.0
CHEMBL1147661,no issue,6.5,5.0,0.0,0.0
CHEMBL1147669,no issue,0.0,0.0,17.0,7.5
CHEMBL1147672,test Item with unknown chirality,0.0,0.5,0.0,0.0
CHEMBL1147674,no issue,7.0,0.0,0.0,0.0
CHEMBL1147678,multifunctional enzyme,0.0,0.0,0.5,1.0
CHEMBL1147684,multiply activity for same test item,0.0,0.0,0.0,0.0
CHEMBL1147687,multiply activity for same test item,0.0,0.0,0.0,0.0
CHEMBL1147690,highly correlated assays,0.5,0.0,2.0,0.5
CHEMBL1147692,no issue,4.0,2.0,0.0,0.0
CHEMBL1147693,highly correlated assays,3.5,2.0,0.0,0.0
CHEMBL1147697,no issue,1.0,0.0,0.5,0.0
CHEMBL1147700,multiply activity for same test item,0.0,6.5,2.0,1.0
CHEMBL1147701,no issue,780.0,32.0,0.0,0.0
CHEMBL1147704,no issue,1.0,0.5,0.0,0.0
CHEMBL1147711,no issue,5.0,3.0,0.0,0.0
CHEMBL1147716,rounded data citation,0.5,1.0,0.0,0.0
CHEMBL1147723,no issue,25.5,1.0,0.0,0.0
CHEMBL1147725,no issue,7.0,5.0,0.0,0.0
CHEMBL1147728,no issue,0.0,0.0,0.0,106.5
CHEMBL1147729,test Item with unknown chirality,27.5,8.0,9.0,0.0
CHEMBL1147732,no issue,55.0,7.5,0.0,0.0
CHEMBL1147743,no issue,0.0,0.0,0.0,1.0
CHEMBL1147747,no issue,0.0,0.0,0.0,0.0
CHEMBL1147748,no issue,2130.0,4118.0,0.0,0.0
CHEMBL1147753,multifunctional enzyme,12.0,1.5,0.0,0.0
CHEMBL1147755,no issue,0.0,1.0,0.0,0.0
CHEMBL1147757,no issue,4.5,0.0,0.0,0.0
CHEMBL1147761,highly correlated assays,0.0,0.0,0.0,4.0
CHEMBL1147762,no issue,1.5,0.0,0.0,0.0
CHEMBL1147765,no issue,0.0,3.0,0.0,0.0
CHEMBL1147768,no issue,0.0,0.0,0.0,0.5
CHEMBL1147769,no issue,0.0,10.0,0.0,0.0
CHEMBL1147773,highly correlated assays,0.0,0.0,5.5,2.0
CHEMBL1147775,no issue,1.5,0.0,0.0,0.0
CHEMBL1147784,no issue,0.5,0.0,0.0,0.0
CHEMBL1147785,test Item with unknown chirality,0.0,0.5,0.0,0.0
CHEMBL1147789,no issue,0.0,0.0,0.0,0.0
CHEMBL1147793,high citation rate,0.0,0.0,0.0,74.5
CHEMBL1147794,no issue,0.0,0.0,20.0,0.0
CHEMBL1147795,no issue,0.0,0.0,0.0,0.0
CHEMBL1147798,no issue,0.0,0.0,0.0,0.0
CHEMBL1147799,no issue,0.0,0.0,16.0,0.0
CHEMBL1147803,multiply activity for same test item,0.0,0.0,0.0,0.0
CHEMBL1147807,no issue,0.5,0.0,0.0,0.0
CHEMBL1147808,no issue,21.5,5.5,0.0,0.0
CHEMBL1147816,exact data citation,0.0,0.5,0.0,0.0
CHEMBL1147820,no issue,4.0,8.0,0.0,0.0
CHEMBL1147823,test Item with unknown chirality,0.0,0.0,0.0,4.0
CHEMBL1147828,test Item with unknown chirality,0.5,0.5,0.0,0.0
CHEMBL1147830,highly correlated assays,0.0,5.0,0.0,0.0
CHEMBL1147831,highly correlated assays,0.0,1.5,0.0,0.0
CHEMBL1147837,no issue,3.0,0.0,0.0,0.0
CHEMBL1147844,no issue,1.0,0.0,0.0,0.0
CHEMBL1147848,highly correlated assays,0.0,17.0,0.0,0.0
CHEMBL1147851,no issue,0.0,0.0,0.0,5.0
CHEMBL1147887,no issue,0.0,0.0,43.5,3.0
CHEMBL1147891,no issue,0.0,0.5,0.0,0.0
CHEMBL1147914,rounded data citation,20.5,0.0,0.0,0.0
CHEMBL1147915,exact data citation,0.0,0.0,38.5,648.0
CHEMBL1147921,no issue,5.0,2.5,0.0,0.0
CHEMBL1147933,no issue,0.0,10.0,0.0,0.0
CHEMBL1147940,no issue,1.5,0.0,0.0,0.0
CHEMBL1147944,highly correlated assays,0.0,0.0,0.0,18.5
CHEMBL1147955,test Item with unknown chirality,0.0,0.0,0.0,0.0
CHEMBL1147965,high citation rate,1180.5,128.0,0.0,0.0
CHEMBL1147967,no issue,2.0,0.0,0.0,0.0
CHEMBL1147983,no issue,0.5,0.0,0.0,0.0
CHEMBL1147984,multiply activity for same test item,0.0,0.0,0.0,0.0
CHEMBL1147987,highly correlated assays,0.0,0.0,2.0,3.5
CHEMBL1147988,highly correlated assays,0.0,0.0,41.5,74.0
CHEMBL1147989,multiply activity for same test item,0.0,0.0,0.0,3.0
CHEMBL1147995,highly correlated assays,0.0,4.5,1.5,32.0
CHEMBL1148000,test Item with unknown chirality,0.0,0.0,1.0,0.0
CHEMBL1148001,no issue,20.0,2.5,0.0,0.0
CHEMBL1148011,highly correlated assays,0.0,0.0,0.0,0.0
CHEMBL1148021,multiply activity for same test item,0.0,0.0,2.5,14.0
CHEMBL1148022,no issue,0.0,0.0,0.0,0.0
CHEMBL1148024,no issue,0.0,0.5,0.0,0.0
CHEMBL1148025,no issue,0.0,0.0,42.5,3.0
CHEMBL1148114,no issue,0.0,0.0,10.0,0.5
CHEMBL1148117,exact data citation,24.0,16.0,0.0,0.0
CHEMBL1148148,no issue,0.0,5.0,0.0,0.0
CHEMBL1148243,no issue,0.0,0.0,15.5,4.5
CHEMBL1148247,no issue,3.0,1.5,0.0,0.0
CHEMBL1148255,exact data citation,0.5,0.5,0.0,0.5
CHEMBL1148261,multiply activity for same test item,0.0,0.0,0.0,0.0
CHEMBL1148277,no issue,0.0,0.0,0.0,0.0
CHEMBL1148289,highly correlated assays,2.5,6.5,0.0,0.0
CHEMBL1148293,highly correlated assays,0.0,0.0,1.0,14.0
CHEMBL1148301,no issue,0.0,0.0,8.0,4.5
CHEMBL1148303,highly correlated assays,2.0,2.5,0.0,0.0
CHEMBL1148304,multiply activity for same test item,0.5,0.0,0.0,0.0
CHEMBL1148310,no issue,0.0,4.0,0.0,0.0
CHEMBL1148313,exact data citation,0.0,3.0,0.0,0.0
CHEMBL1148328,no issue,0.0,0.5,0.0,0.0
CHEMBL1148335,highly correlated assays,0.0,0.0,1.5,8.5
CHEMBL1148338,highly correlated assays,0.0,0.0,5.0,2.5
CHEMBL1148340,no issue,4.5,4.5,0.0,0.0
CHEMBL1148346,no issue,0.5,6.0,0.0,0.0
CHEMBL1148352,no issue,0.0,0.0,15.5,9.0
CHEMBL1148359,multifunctional enzyme,0.5,17.5,0.0,0.0
CHEMBL1148363,highly correlated assays,0.0,0.0,56.0,3.5
CHEMBL1148390,multiply activity for same test item,0.0,0.0,0.0,0.0
CHEMBL1148397,no issue,0.0,0.0,16.0,1.5
CHEMBL1148423,highly correlated assays,33.0,22.0,0.0,0.0
CHEMBL1148432,no issue,1.0,0.0,0.0,0.0
CHEMBL1148443,multiply activity for same test item,0.0,0.0,25.0,50.0
CHEMBL1148445,multiply activity for same test item,0.0,0.0,0.0,0.0
CHEMBL1148450,no issue,8.5,0.0,0.0,0.0
CHEMBL1148451,no issue,4.0,0.0,4.0,0.0
CHEMBL1148458,test Item with unknown chirality,0.0,0.0,1.0,0.0
CHEMBL1148461,exact data citation,0.0,2.5,0.0,0.0
CHEMBL1148476,no issue,0.5,1.5,0.0,0.0
CHEMBL1148482,shuffled assays,163.5,0.5,0.0,0.0
CHEMBL1148493,highly correlated assays,0.0,0.0,0.0,2.0
CHEMBL1148503,test Item with unknown chirality,0.0,0.0,0.0,115.5
CHEMBL1148505,no issue,3.5,0.5,0.0,0.0
CHEMBL1148506,no issue,0.0,0.0,0.0,0.5
CHEMBL1148511,no issue,0.0,0.0,0.0,0.5
CHEMBL1148515,no issue,6.0,14.0,0.0,0.0
CHEMBL1148517,highly correlated assays,0.0,0.0,0.0,4.5
CHEMBL1148525,no issue,0.0,0.0,6.5,2.5
CHEMBL1148527,no issue,7.5,5.0,3.0,4.0
CHEMBL1148529,multiply activity for same test item,0.0,0.0,0.0,0.0
CHEMBL1148531,no issue,0.0,16.0,0.0,0.0
CHEMBL1148532,no issue,0.0,0.0,30.0,0.0
CHEMBL1148534,no issue,0.0,0.0,0.0,0.0
CHEMBL1148543,no issue,0.0,0.0,0.0,0.0
CHEMBL1148545,highly correlated assays,0.0,0.0,68.5,19.5
CHEMBL1148551,multiply activity for same test item,0.5,0.5,0.0,0.0
CHEMBL1148557,no issue,0.0,0.0,0.0,0.0
CHEMBL1148558,no issue,4.0,4.0,0.0,0.0
CHEMBL1148561,no issue,0.5,0.0,0.0,0.0
CHEMBL1148565,highly correlated assays,0.0,0.0,40.5,898.0
CHEMBL1148567,highly correlated assays,0.0,3.0,0.0,0.0
CHEMBL1148568,no issue,0.5,0.0,0.0,0.0
CHEMBL1148572,no issue,3.5,2.0,12.5,4.0
CHEMBL1148575,highly correlated assays,9.5,8.0,0.0,0.0
CHEMBL1148576,no issue,0.0,1.5,0.0,0.0
CHEMBL1148580,no issue,172.0,8.0,0.0,0.0
CHEMBL1148586,no issue,0.0,0.0,2.0,1.0
CHEMBL1148591,no issue,0.0,1.0,0.0,0.0
CHEMBL1148594,no issue,0.0,0.0,94.5,11.0
CHEMBL1148605,highly correlated assays,0.0,4.5,4.5,12.0
CHEMBL1148606,exact data citation,0.0,0.0,0.0,12.5
CHEMBL1148611,no issue,8.0,0.5,0.0,0.0
CHEMBL1148616,no issue,0.0,2.0,0.0,0.0
CHEMBL1148617,highly correlated assays,0.0,0.0,22.0,3.0
CHEMBL1148620,no issue,0.0,0.0,160.0,0.0
CHEMBL1148623,no issue,0.0,0.0,66.5,3.5
CHEMBL1148628,highly correlated assays,252.5,150.0,0.0,0.0
CHEMBL1148633,no issue,0.0,0.0,0.5,0.0
CHEMBL1148634,multiply activity for same test item,0.0,0.0,42.5,3.0
CHEMBL1148635,no issue,0.0,0.0,0.0,0.0
CHEMBL1148637,no issue,4.0,1.5,0.0,0.0
CHEMBL1148638,no issue,0.0,1.0,1.0,0.0
CHEMBL1148639,multiply activity for same test item,21.5,2.0,0.0,0.0
CHEMBL1148641,highly correlated assays,0.0,0.0,0.0,2.0
CHEMBL1148642,no issue,0.0,0.0,0.0,0.0
CHEMBL1148643,multiply activity for same test item,0.0,0.0,34.5,62.0
CHEMBL1148647,no issue,5.5,4.5,0.0,0.0
CHEMBL1148648,highly correlated assays,0.0,0.0,67.5,12.0
CHEMBL1148650,no issue,0.0,80.0,0.0,0.0
CHEMBL1148652,no issue,64.0,0.0,0.0,0.0
CHEMBL1148658,no issue,1710.0,6.0,0.0,0.0
CHEMBL1148660,shuffled assays,0.0,0.0,0.0,0.0
CHEMBL1148661,no issue,1.5,1.0,0.0,0.0
CHEMBL1148664,no issue,0.5,1.0,0.0,0.0
CHEMBL1148667,no issue,0.0,0.5,0.0,0.0
CHEMBL1148670,highly correlated assays,0.0,0.0,3.5,0.0
CHEMBL1148674,exact data citation,2.0,5.0,0.0,0.0
CHEMBL1148682,exact data citation,1.0,1.5,0.0,0.0
CHEMBL1148684,highly correlated assays,0.0,2.5,0.0,0.0
CHEMBL1148695,no issue,0.0,0.0,24.0,0.0
CHEMBL1148702,highly correlated assays,22.5,57.5,0.0,0.0
CHEMBL1148710,high citation rate,0.0,0.0,0.0,23.0
CHEMBL1148711,no issue,11.5,0.0,0.0,0.0
CHEMBL1148712,no issue,0.0,56.0,0.0,0.0
CHEMBL1148713,no issue,0.0,0.0,0.0,0.0
CHEMBL1148716,no issue,0.0,0.0,0.0,3.0
CHEMBL1148718,highly correlated assays,0.0,0.0,54.5,3.5
CHEMBL1148720,no issue,2.0,0.5,0.0,0.0
CHEMBL1148732,highly correlated assays,0.0,0.0,39.5,33.0
CHEMBL1148735,no issue,2.5,0.0,0.0,0.0
CHEMBL1148740,no issue,0.0,0.0,0.5,0.5
CHEMBL1148741,no issue,0.5,0.0,1.0,0.5
CHEMBL1148743,no issue,0.0,0.0,0.0,0.5
CHEMBL1148748,no issue,0.0,0.0,18.0,6.0
CHEMBL1148750,no issue,0.0,0.0,0.0,0.0
CHEMBL1148752,no issue,0.0,0.0,0.0,9.5
CHEMBL1148763,multifunctional enzyme,5.0,0.0,0.0,0.0
CHEMBL1148765,highly correlated assays,80.5,1.0,0.0,0.0
CHEMBL1148766,no issue,0.0,0.0,0.0,0.0
CHEMBL1148773,no issue,0.0,0.0,113.5,149.5
CHEMBL1148775,test Item with unknown chirality,0.0,0.0,0.0,1.5
CHEMBL1148776,no issue,0.0,0.0,0.5,0.5
CHEMBL1148778,no issue,28.5,0.0,0.0,0.0
CHEMBL1148780,rounded data citation,0.0,0.0,18.5,6.5
CHEMBL1148781,highly correlated assays,0.0,1.5,0.0,0.0
CHEMBL1148782,no issue,0.5,2.0,0.0,0.0
CHEMBL1148784,no issue,0.0,0.0,6.5,0.5
CHEMBL1148788,no issue,0.0,0.0,66.0,0.0
CHEMBL1148789,highly correlated assays,1.0,5.0,0.0,0.0
CHEMBL1148790,no issue,0.0,0.0,0.0,0.5
CHEMBL1148792,no issue,0.0,0.0,0.0,0.0
CHEMBL1148794,no issue,0.0,1.0,0.0,0.0
CHEMBL1148795,highly correlated assays,0.0,6.5,0.0,0.0
CHEMBL1148798,no issue,0.0,0.0,9.5,0.5
CHEMBL1148799,multifunctional enzyme,2.0,0.0,0.0,0.0
CHEMBL1148800,no issue,0.0,37.5,0.0,0.0
CHEMBL1148801,highly correlated assays,100.0,53.5,0.0,0.0
CHEMBL1148802,multiply activity for same test item,1.0,12.5,0.0,0.0
CHEMBL1148804,multifunctional enzyme,0.0,0.0,0.0,49.0
CHEMBL1148807,no issue,0.0,0.0,40.0,0.0
CHEMBL1148810,rounded data citation,0.0,0.0,5.5,2.0
CHEMBL1148812,rounded data citation,0.0,0.0,54.5,2.0
CHEMBL1148814,highly correlated assays,223.5,46.5,0.0,0.0
CHEMBL1148816,test Item with unknown chirality,0.0,0.0,0.0,0.0
CHEMBL1148818,no issue,0.0,5.5,3.0,44.0
CHEMBL1148820,no issue,0.5,0.0,0.0,0.0
CHEMBL1148822,highly correlated assays,0.0,0.0,292.0,1.5
CHEMBL1148826,no issue,3.0,0.5,3.5,6.0
CHEMBL1148829,highly correlated assays,0.0,0.0,47.0,19.0
CHEMBL1148831,no issue,0.5,6.5,0.0,0.0
CHEMBL1148836,exact data citation,0.5,1.5,0.0,0.0
CHEMBL1148842,highly correlated assays,0.0,2.5,0.0,0.0
CHEMBL1148848,no issue,0.0,0.0,0.0,0.0
CHEMBL1148850,test Item with unknown chirality,0.0,8.5,0.0,0.0
CHEMBL1148857,no issue,0.0,0.5,0.0,0.0
CHEMBL1148858,shuffled assays,68.0,85.0,0.0,0.0
CHEMBL1148859,no issue,0.0,0.5,0.0,0.0
CHEMBL1148867,exact data citation,0.0,1.5,0.0,0.0
CHEMBL1148869,no issue,0.0,1.0,0.0,0.0
CHEMBL1148872,no issue,0.0,0.0,0.5,1.0
CHEMBL1148875,no issue,0.0,0.0,0.0,1.0
CHEMBL1148883,no issue,0.0,0.0,0.0,0.0
CHEMBL1148889,multiply activity for same test item,0.0,0.0,0.0,0.0
CHEMBL1148892,rounded data citation,1.5,2.5,0.0,0.0
CHEMBL1148935,no issue,12.0,0.0,0.0,0.0
CHEMBL1148950,no issue,0.5,0.0,0.0,0.0
CHEMBL1148981,test Item with unknown chirality,0.0,0.0,0.0,0.0
CHEMBL1149075,no issue,6.0,2.0,0.0,0.0
CHEMBL1149076,no issue,1037.5,32.0,0.0,0.0
CHEMBL1149081,no issue,4.5,0.0,0.0,0.0
CHEMBL1149083,highly correlated assays,0.0,0.0,0.5,8.5
CHEMBL1149085,highly correlated assays,0.0,0.0,37.0,0.5
CHEMBL1149089,highly correlated assays,2.0,1.5,0.0,0.0
CHEMBL1149094,highly correlated assays,9.5,50.0,0.0,0.0
CHEMBL1149096,highly correlated assays,0.5,0.0,99.0,101.5
CHEMBL1149100,multifunctional enzyme,5.5,69.5,0.0,0.0
CHEMBL1149113,highly correlated assays,0.0,14.0,0.0,0.0
CHEMBL1149139,highly correlated assays,0.0,0.0,0.0,4.0
CHEMBL1149155,no issue,0.0,0.0,9.0,1.5
CHEMBL1149167,test Item with unknown chirality,0.0,0.0,0.0,1.5
CHEMBL1149176,test Item with unknown chirality,17.5,4.5,0.0,0.0
CHEMBL1149178,multifunctional enzyme,0.0,0.0,1.0,2.0
CHEMBL1149188,multifunctional enzyme,13.5,192.0,0.0,0.0
CHEMBL1149193,review,0.0,0.0,0.0,0.0
CHEMBL1149194,no issue,1.5,4.5,0.0,0.0
CHEMBL1149195,highly correlated assays,0.0,0.0,3.5,18.0
CHEMBL1149199,highly correlated assays,0.0,0.0,8.5,0.0
CHEMBL1149207,multifunctional enzyme,1.0,0.0,0.0,0.0
CHEMBL1149243,no issue,0.0,0.0,1.5,0.0
CHEMBL1149245,test Item with unknown chirality,0.0,0.0,0.0,15.0
CHEMBL1149249,highly correlated assays,0.0,0.0,3.0,6.5
CHEMBL1149257,test Item with unknown chirality,9.5,9.0,0.0,0.0
CHEMBL1149259,no issue,0.0,0.0,0.0,0.0
CHEMBL1149261,no issue,0.0,0.0,0.0,0.0
CHEMBL1149262,highly correlated assays,34.5,4.5,16.5,3.0
CHEMBL1149265,no issue,0.0,0.0,0.0,0.0
CHEMBL1149266,no issue,0.0,0.0,0.0,0.5
CHEMBL1149267,test Item with unknown chirality,0.0,0.0,0.0,0.0
CHEMBL1149275,highly correlated assays,181.5,39.0,2.0,0.0
CHEMBL1149279,no issue,0.0,0.0,7.0,0.0
CHEMBL1149281,no issue,5.5,1.5,0.0,0.0
CHEMBL1149285,no issue,0.0,3.0,0.0,0.0
CHEMBL1149286,no issue,0.0,0.0,3.0,1.5
CHEMBL1149288,exact data citation,0.0,0.0,8.0,5.0
CHEMBL1149290,exact data citation,4.0,2.5,0.0,0.0
CHEMBL1149291,highly correlated assays,4.0,2.5,0.0,0.0
CHEMBL1149292,highly correlated assays,8.0,11.5,0.0,0.0
CHEMBL1149293,no issue,0.0,0.0,0.0,0.0
CHEMBL1149300,no issue,0.0,0.0,0.0,0.0
CHEMBL1149301,multifunctional enzyme,10.0,38.5,0.0,0.0
CHEMBL1149303,no issue,89.5,10.5,0.0,0.0
CHEMBL1149306,multiply activity for same test item,17.5,2.0,0.0,0.0
CHEMBL1149308,highly correlated assays,1.0,0.0,88.0,16.0
CHEMBL1149309,multiply activity for same test item,23.0,0.0,0.0,0.0
CHEMBL1149310,no issue,0.0,0.0,1.0,0.0
CHEMBL1149313,multifunctional enzyme,7.5,22.0,0.0,0.0
CHEMBL1149315,exact data citation,0.0,0.0,0.0,0.5
CHEMBL1149321,test Item with unknown chirality,0.0,0.0,7.0,0.0
CHEMBL1149328,multiply activity for same test item,0.0,7.5,0.0,0.0
CHEMBL1149332,no issue,0.0,0.0,2.5,1.0
CHEMBL1149336,no issue,0.5,0.0,0.0,0.0
CHEMBL1149337,exact data citation,0.0,0.0,0.0,6.0
CHEMBL1149338,multiply activity for same test item,0.0,0.0,61.5,32.5
CHEMBL1149340,no issue,36.5,1.5,0.0,0.0
CHEMBL1149342,highly correlated assays,19.0,4.5,0.0,0.0
CHEMBL1149344,no issue,0.0,0.5,0.0,0.0
CHEMBL1149347,multifunctional enzyme,1.0,0.0,0.0,0.0
CHEMBL1149349,no issue,0.0,3.5,2.0,0.5
CHEMBL1149351,highly correlated assays,33.5,3.0,0.0,0.0
CHEMBL1149354,no issue,8.5,0.5,0.0,0.0
CHEMBL1149356,no issue,2.0,0.0,0.0,0.0
CHEMBL1149357,highly correlated assays,0.0,1.0,0.0,5.0
CHEMBL1149361,no issue,5.0,6.5,0.0,0.0
CHEMBL1149362,test Item with unknown chirality,0.0,0.5,0.0,0.0
CHEMBL1149363,no issue,0.0,0.0,0.0,0.0
CHEMBL1149372,no issue,10.0,0.0,8.0,0.0
CHEMBL1149379,exact data citation,0.0,0.0,15.5,4.5
CHEMBL1149384,no issue,0.0,4.0,0.0,0.0
CHEMBL1149388,no issue,9.5,0.0,0.0,0.0
CHEMBL1149389,highly correlated assays,0.0,0.0,0.0,3.0
CHEMBL1149390,no issue,2.0,1.0,0.0,0.0
CHEMBL1149395,highly correlated assays,0.0,4.5,0.0,0.0
CHEMBL1149398,no issue,0.0,0.0,1.0,0.0
CHEMBL1149399,multifunctional enzyme,10.0,31.0,0.0,0.0
CHEMBL1149406,no issue,31.0,0.0,5.5,0.0
CHEMBL1149412,no issue,0.0,1.0,0.0,0.0
CHEMBL1149413,exact data citation,1.5,0.5,0.0,0.0
CHEMBL1149414,no issue,0.0,0.0,0.0,0.0
CHEMBL1149415,highly correlated assays,0.5,0.0,96.0,4.5
CHEMBL1149417,highly correlated assays,36.0,15.5,0.0,0.0
CHEMBL1149424,no issue,1.0,1.0,0.0,0.0
CHEMBL1149431,no issue,0.0,0.0,0.0,0.0
CHEMBL1149436,highly correlated assays,0.0,0.0,252.0,44.0
CHEMBL1149440,exact data citation,21.0,1.5,0.0,0.0
CHEMBL1149441,rounded data citation,0.0,0.0,0.0,0.5
CHEMBL1149442,multifunctional enzyme,0.0,1.5,0.0,0.0
CHEMBL1149448,highly correlated assays,0.0,1.5,0.0,3.5
CHEMBL1149449,exact data citation,0.0,7.0,0.0,0.0
CHEMBL1149451,no issue,0.0,1.0,0.0,0.0
CHEMBL1149452,highly correlated assays,1.0,2.0,0.0,0.0
CHEMBL1149453,no issue,3.0,0.0,0.0,0.0
CHEMBL1149463,no issue,0.0,0.0,360.0,168.0
CHEMBL1149464,no issue,67.5,0.5,0.0,0.0
CHEMBL1149469,no issue,2.5,0.0,0.0,0.0
CHEMBL1149477,no issue,0.0,0.0,0.0,0.5
CHEMBL1149478,highly correlated assays,0.0,12.0,0.0,0.0
CHEMBL1149479,no issue,0.0,3.0,0.0,0.0
CHEMBL1149481,no issue,796.0,16.0,0.0,0.0
CHEMBL1149484,multifunctional enzyme,0.0,0.0,0.0,28.5
CHEMBL1149486,highly correlated assays,0.0,0.0,30.0,873.0
CHEMBL1149487,no issue,217.5,0.0,0.0,0.0
CHEMBL1149489,rounded data citation,8.5,0.0,0.0,0.0
CHEMBL1149490,no issue,0.0,0.0,1.0,0.0
CHEMBL1149491,no issue,0.0,0.0,0.0,0.0
CHEMBL1149494,multiply activity for same test item,0.0,0.0,0.0,3.5
CHEMBL1149496,no issue,24.0,12.0,0.0,0.0
CHEMBL1149497,no issue,16.5,1.0,0.0,0.0
CHEMBL1149501,highly correlated assays,223.0,1.0,0.0,0.0
CHEMBL1149505,no issue,0.0,0.0,0.5,4.5
CHEMBL1149508,no issue,4.0,4.0,0.0,0.0
CHEMBL1149513,highly correlated assays,0.0,0.5,0.0,3.5
CHEMBL1149514,exact data citation,0.0,1.0,0.0,0.0
CHEMBL1149517,no issue,0.0,0.0,0.0,18.0
CHEMBL1149519,multiply activity for same test item,0.0,0.0,0.0,0.5
CHEMBL1149520,multiply activity for same test item,1.0,2.5,0.0,0.0
CHEMBL1149523,test Item with unknown chirality,0.0,0.0,0.0,0.0
CHEMBL1149525,no issue,9.0,0.0,0.0,0.0
CHEMBL1149526,no issue,3.0,0.0,0.0,0.0
CHEMBL1149532,no issue,0.0,1.0,0.0,0.0
CHEMBL1149534,no issue,0.0,0.0,0.0,0.0
CHEMBL1149535,no issue,0.0,0.0,13.5,1.5
CHEMBL1149536,no issue,1.0,1.0,0.0,0.0
CHEMBL1149544,no issue,0.0,0.0,0.0,1.0
CHEMBL1149545,exact data citation,2.5,4.0,0.0,0.0
CHEMBL1149547,multifunctional enzyme,0.0,2.0,0.0,58.5
CHEMBL1149565,multiply activity for same test item,0.0,0.0,0.0,0.0
CHEMBL1149566,exact data citation,0.0,5.0,0.0,0.0
CHEMBL1149570,shuffled assays,4.0,34.0,0.0,0.0
CHEMBL1149575,multiply activity for same test item,0.0,0.0,2.0,8.0
CHEMBL1149577,no issue,3.5,0.0,4.0,0.0
CHEMBL1149590,no issue,0.5,0.0,0.0,0.0
CHEMBL1149592,test Item with unknown chirality,16.5,0.0,0.0,0.0
CHEMBL1149596,multiply activity for same test item,28.0,0.0,0.0,0.0
CHEMBL1149603,no issue,0.5,0.0,0.0,0.0
CHEMBL1149617,no issue,1.5,1.5,0.0,0.0
CHEMBL1149618,no issue,0.0,0.0,0.0,0.5
CHEMBL1149625,multiply activity for same test item,19.5,0.0,0.0,0.0
CHEMBL1149626,no issue,10.0,1.0,0.0,0.0
CHEMBL1149628,no issue,0.0,0.0,16.5,0.0
CHEMBL1149629,no issue,1.5,3.0,0.0,0.0
CHEMBL1149644,test Item with unknown chirality,0.0,0.0,0.0,0.0
CHEMBL1149646,test Item with unknown chirality,16.5,0.0,0.0,0.0
CHEMBL1149647,highly correlated assays,0.0,4.0,0.0,0.0
CHEMBL1149651,rounded data citation,0.0,0.0,0.0,2.0
CHEMBL1149655,multiply activity for same test item,45.5,8.0,0.0,0.0
CHEMBL1149657,highly correlated assays,0.0,0.0,20.5,13.0
CHEMBL1149671,no issue,0.0,0.0,0.0,0.5
CHEMBL1149678,no issue,0.0,0.0,0.0,0.0
CHEMBL1149686,no issue,0.0,0.0,0.0,2.0
CHEMBL1149691,exact data citation,0.5,0.5,0.0,0.0
CHEMBL1149692,highly correlated assays,0.0,0.0,34.0,838.0
CHEMBL1149697,no issue,26.0,6.5,0.0,0.0
CHEMBL1149707,high citation rate,0.0,0.0,252.0,49.5
CHEMBL1149712,no issue,1.0,1.5,0.0,0.0
CHEMBL1149715,no issue,1.5,0.0,0.0,0.0
CHEMBL1149763,highly correlated assays,1.0,4.5,0.0,0.0
CHEMBL1149774,multifunctional enzyme,0.0,0.0,0.5,0.5
CHEMBL1149776,no issue,36.5,1.0,0.0,0.0
CHEMBL1149785,no issue,22.0,1.0,0.0,0.0
CHEMBL1149792,no issue,0.0,0.0,16.5,0.0
CHEMBL1149802,no issue,135.0,0.0,0.0,0.0
CHEMBL1149823,exact data citation,2.5,0.0,0.0,0.0
CHEMBL1149828,no issue,1.5,0.5,0.0,0.0
CHEMBL1149838,exact data citation,6.0,1.0,0.0,0.0
CHEMBL1149847,rounded data citation,10.0,0.0,0.0,0.0
CHEMBL1149860,highly correlated assays,0.0,0.0,23.5,13.0
CHEMBL1149878,exact data citation,0.5,0.0,0.0,0.0
CHEMBL1149881,no issue,0.5,0.5,0.0,0.0
CHEMBL1149888,multiply activity for same test item,29.0,2.0,0.0,0.0
CHEMBL1149893,exact data citation,0.0,0.0,0.0,6.5
CHEMBL1149911,highly correlated assays,4.0,128.0,0.0,0.0
CHEMBL1150118,no issue,3.0,0.0,0.0,0.0
CHEMBL1150134,no issue,3.5,1.0,0.0,0.0
CHEMBL1150148,no issue,11.5,0.0,0.0,0.0
CHEMBL1150234,no issue,23.0,0.0,0.0,0.0
CHEMBL1150237,no issue,0.0,0.0,1.5,0.5
CHEMBL1150260,test Item with unknown chirality,0.0,0.0,0.0,0.0
CHEMBL1150265,no issue,4.0,0.0,0.0,0.0
CHEMBL1150274,test Item with unknown chirality,0.0,0.0,0.0,5.5
CHEMBL1150275,highly correlated assays,0.0,4.0,0.0,9.0
CHEMBL1150277,rounded data citation,12.5,2.0,0.0,0.0
CHEMBL1150279,highly correlated assays,22.0,86.5,0.5,22.5
CHEMBL1150286,no issue,7.0,3.0,0.0,0.0
CHEMBL1150291,highly correlated assays,0.0,0.0,244.0,48.5
CHEMBL1150292,no issue,0.0,0.0,16.5,3.5
CHEMBL1150300,no issue,0.0,1.0,0.0,0.0
CHEMBL1150301,no issue,4.5,0.0,0.0,0.0
CHEMBL1150311,highly correlated assays,3.5,10.0,0.0,0.0
CHEMBL1150314,test Item with unknown chirality,0.0,0.5,0.0,0.0
CHEMBL1150315,highly correlated assays,0.0,0.5,0.0,9.0
CHEMBL1150318,no issue,48.0,4.0,0.0,12.0
CHEMBL1150320,high citation rate,0.0,12.0,0.0,0.0
CHEMBL1150322,no issue,15.5,0.0,57.0,0.0
CHEMBL1150329,no issue,9.0,0.0,0.0,0.0
CHEMBL1150330,test Item with unknown chirality,0.0,0.0,0.0,0.0
CHEMBL1150334,no issue,0.0,76.0,0.0,0.0
CHEMBL1150342,no issue,0.0,0.5,0.0,0.0
CHEMBL1150345,highly correlated assays,0.0,0.0,91.0,0.0
CHEMBL1150354,test Item with unknown chirality,0.0,0.0,1.0,0.5
CHEMBL1150363,exact data citation,0.0,0.0,40.5,35.0
CHEMBL1150367,no issue,0.0,0.0,56.0,0.0
CHEMBL1150369,multiply activity for same test item,0.0,6.5,0.0,0.0
CHEMBL1150372,no issue,0.0,0.0,14.0,0.0
CHEMBL1150375,rounded data citation,21.5,4.0,0.0,0.0
CHEMBL1150386,highly correlated assays,10.5,0.0,6.5,6.0
CHEMBL1150398,exact data citation,6.0,0.0,0.0,0.0
CHEMBL1150402,no issue,0.0,0.0,40.0,32.0
CHEMBL1150408,exact data citation,1.5,2.5,0.0,0.0
CHEMBL1150418,no issue,3.0,0.5,0.0,0.0
CHEMBL1150425,rounded data citation,63.0,7.5,0.0,0.0
CHEMBL1150429,no issue,0.5,0.0,0.0,0.0
CHEMBL1150432,highly correlated assays,1.0,0.0,6.0,0.0
CHEMBL1150613,no issue,7.5,0.5,0.0,0.0
CHEMBL1150660,no issue,0.5,0.0,14.0,12.5
CHEMBL1150763,no issue,0.0,1.5,0.0,0.0
CHEMBL1150764,multiply activity for same test item,12.5,20.5,0.0,0.0
CHEMBL1150768,highly correlated assays,0.0,0.0,278.5,33.5
CHEMBL1150770,no issue,0.0,4.0,0.0,0.0
CHEMBL1150773,highly correlated assays,657.5,172.0,0.0,0.0
CHEMBL1150777,no issue,0.0,1.0,0.0,0.0
CHEMBL1150779,multifunctional enzyme,1.5,0.0,0.0,0.0
CHEMBL1150837,exact data citation,0.0,5.0,0.0,0.0
CHEMBL1150875,no issue,0.0,3.0,0.0,0.0
CHEMBL1150918,no issue,0.0,0.0,0.0,0.0
CHEMBL1150923,highly correlated assays,0.0,16.0,0.0,0.0
CHEMBL1150972,no issue,1.0,0.0,0.0,0.0
CHEMBL1150974,no issue,0.0,0.0,3.0,1.5
CHEMBL1150976,review,87.5,0.0,0.0,0.0
CHEMBL1151236,no issue,2.0,0.0,0.0,0.0
CHEMBL1151268,no issue,83.5,3.0,0.0,0.0
CHEMBL1151286,multiply activity for same test item,23.5,0.0,0.0,0.0
CHEMBL1151301,no issue,0.5,0.0,0.0,0.0
CHEMBL1151307,no issue,0.0,0.0,0.0,0.0
CHEMBL1151479,no issue,0.0,1.5,0.0,0.0
CHEMBL1151686,no issue,0.0,0.0,0.5,1.5
CHEMBL1151689,highly correlated assays,0.0,16.0,0.0,0.0
CHEMBL1151693,exact data citation,0.0,1.0,0.0,0.0
CHEMBL1151697,highly correlated assays,0.0,0.0,2.0,6.5
CHEMBL1151698,no issue,0.5,0.0,0.0,0.0
CHEMBL1151714,no issue,0.0,0.0,0.0,3.5
CHEMBL1151717,highly correlated assays,10.0,38.5,0.0,0.0
CHEMBL1151728,exact data citation,65.5,8.0,0.0,0.0
CHEMBL1151733,shuffled assays,49.0,247.0,0.0,0.0
CHEMBL1151735,exact data citation,0.0,0.0,0.0,0.5
CHEMBL1151736,shuffled assays,365.0,306.0,0.0,0.0
CHEMBL1151739,no issue,0.0,0.0,0.0,1.5
CHEMBL1151740,multiply activity for same test item,0.0,0.0,2.5,6.0
CHEMBL1151743,highly correlated assays,2.5,1.5,33.0,456.5
CHEMBL1151747,no issue,122.0,0.0,0.0,0.0
CHEMBL1151749,highly correlated assays,0.0,0.0,30.0,26.5
CHEMBL1151757,test Item with unknown chirality,0.0,0.0,0.0,1.5
CHEMBL1151759,no issue,0.5,4.0,4.0,64.0
CHEMBL1151761,no issue,0.0,0.0,4.0,0.0
CHEMBL1151772,no issue,0.0,3.0,0.0,0.0
CHEMBL1151778,no issue,0.0,4.0,0.0,0.0
CHEMBL1151779,highly correlated assays,2.0,2.5,3.0,8.5
CHEMBL1151781,no issue,4.0,0.0,0.0,0.0
CHEMBL1151785,no issue,0.5,0.0,0.0,0.0
CHEMBL1151792,no issue,0.0,0.0,1.0,2.5
CHEMBL1151794,no issue,0.0,0.0,0.0,0.0
CHEMBL1151798,no issue,0.0,0.5,0.0,0.0
CHEMBL1151820,highly correlated assays,167.0,2.0,0.0,0.0
CHEMBL1151821,exact data citation,0.0,1.0,0.0,0.0
CHEMBL1151839,test Item with unknown chirality,0.0,42.5,0.0,0.0
CHEMBL1151856,no issue,0.0,0.0,0.0,0.0
CHEMBL1151858,multiply activity for same test item,11.0,4.5,0.0,0.0
CHEMBL1151866,no issue,0.0,0.0,26.5,11.0
CHEMBL1151868,no issue,0.0,1.0,0.0,0.0
CHEMBL1151872,no issue,0.0,0.0,10.0,1.0
CHEMBL1151876,no issue,2.0,0.0,0.0,0.0
CHEMBL1151877,no issue,0.0,2.5,0.0,0.0
CHEMBL1151886,highly correlated assays,6.0,0.0,0.0,0.0
CHEMBL1151887,exact data citation,0.0,0.0,8.0,23.5
CHEMBL1151892,multifunctional enzyme,0.5,0.0,0.0,0.0
CHEMBL1151918,no issue,0.0,0.0,55.0,14.0
CHEMBL1151921,multiply activity for same test item,0.0,0.0,1.0,10.0
CHEMBL1151940,no issue,0.0,0.0,2.5,0.5
CHEMBL1151944,test Item with unknown chirality,19.0,3.0,0.0,0.0
CHEMBL1151945,multifunctional enzyme,18.0,159.5,0.0,0.0
CHEMBL1151946,test Item with unknown chirality,0.0,0.0,1.5,3.0
CHEMBL1151947,exact data citation,0.0,0.0,11.5,5.0
CHEMBL1151958,exact data citation,0.0,7.5,0.0,9.0
CHEMBL1151961,exact data citation,6.5,6.0,0.0,0.0
CHEMBL1151963,no issue,0.0,4.5,0.0,0.0
CHEMBL1151964,no issue,0.0,0.0,0.0,0.0
CHEMBL1152124,no issue,0.0,0.0,10.0,10.5
CHEMBL1152125,multifunctional enzyme,0.0,0.0,13.0,22.5
CHEMBL1152126,no issue,6.0,2.0,0.0,0.0
CHEMBL1152130,no issue,0.5,0.5,0.0,0.0
CHEMBL1152134,no issue,0.0,2.0,0.0,0.0
CHEMBL1152140,highly correlated assays,49.5,22.0,0.0,0.0
CHEMBL1152141,no issue,0.0,0.5,0.0,0.0
CHEMBL1152142,no issue,0.0,0.0,0.0,0.0
CHEMBL1152143,no issue,0.0,72.0,0.0,3.0
CHEMBL1152153,exact data citation,22.5,19.5,0.0,0.0
CHEMBL1152155,no issue,23.0,1.0,0.0,0.0
CHEMBL1152163,rounded data citation,0.0,1.0,0.0,0.0
CHEMBL1152166,no issue,0.0,4.0,0.0,0.0
CHEMBL1152169,highly correlated assays,4.0,10.0,0.0,0.0
CHEMBL1152170,no issue,8.0,3.5,0.0,0.0
CHEMBL1152171,exact data citation,0.0,0.0,0.0,23.5
CHEMBL1152172,no issue,1.5,0.0,0.0,0.0
CHEMBL1152185,no issue,4.5,0.5,0.0,0.0
CHEMBL1152204,highly correlated assays,0.0,0.0,0.5,3.0
CHEMBL1152205,test Item with unknown chirality,0.0,2.0,0.0,0.0
CHEMBL1152212,exact data citation,0.0,0.0,0.0,0.0
CHEMBL1152222,rounded data citation,0.0,0.0,1.5,0.0
CHEMBL1152224,no issue,0.0,0.5,0.0,0.0
CHEMBL1152225,highly correlated assays,121.0,2.5,0.0,0.0
CHEMBL1152226,multifunctional enzyme,0.0,0.0,0.0,4.0
CHEMBL1152232,exact data citation,0.0,3.0,0.0,0.0
CHEMBL1152235,no issue,0.0,1.0,0.0,0.0
CHEMBL1152249,highly correlated assays,0.0,0.0,1.0,6.0
CHEMBL1152251,no issue,0.0,0.0,0.0,0.5
CHEMBL1152252,no issue,24.0,10.0,0.0,0.0
CHEMBL1152257,no issue,0.0,1.0,0.0,0.0
CHEMBL1152264,exact data citation,25.0,13.5,0.0,0.0
CHEMBL1152272,no issue,0.0,0.0,0.5,0.0
CHEMBL1152277,highly correlated assays,0.0,0.0,2.0,4.0
CHEMBL1152287,highly correlated assays,110.5,19.0,0.0,0.0
CHEMBL1152288,exact data citation,20.5,14.5,0.0,0.0
CHEMBL1152291,no issue,0.0,0.0,0.0,3.5
CHEMBL1152292,no issue,6.0,5.0,0.0,0.0
CHEMBL1152303,no issue,0.0,0.0,2.0,0.0
CHEMBL1152349,no issue,0.0,3.5,0.0,0.0
CHEMBL1152360,shuffled assays,0.0,28.5,0.0,0.0
CHEMBL1152367,highly correlated assays,0.0,0.0,42.5,1.0
CHEMBL1152368,no issue,0.0,0.0,0.5,0.0
CHEMBL1152369,exact data citation,1.0,0.0,0.0,0.0
CHEMBL1152370,exact data citation,29.0,1.5,0.0,0.0
CHEMBL1152378,exact data citation,0.0,0.0,46.0,684.5
CHEMBL1152385,no issue,0.0,3.0,0.0,0.0
CHEMBL1152386,no issue,0.0,3.5,0.0,0.0
CHEMBL1152391,no issue,0.0,0.0,0.5,0.0
CHEMBL1152392,test Item with unknown chirality,0.0,0.0,0.0,0.0
CHEMBL1152393,no issue,0.0,1.0,20.0,10.5
CHEMBL1152406,highly correlated assays,0.0,17.0,0.0,0.0
CHEMBL1152417,no issue,0.0,0.0,0.0,1.0
CHEMBL1152429,exact data citation,53.0,6.0,0.0,0.0
CHEMBL1152433,highly correlated assays,6.0,14.0,0.0,0.0
CHEMBL1152435,no issue,0.0,0.0,0.0,0.0
CHEMBL1152436,high citation rate,0.0,0.0,9.0,11.5
CHEMBL1152446,high citation rate,0.0,6.5,0.0,0.0
CHEMBL1152448,multiply activity for same test item,2.0,0.0,0.0,0.0
CHEMBL1152451,no issue,15.0,0.5,0.0,0.0
CHEMBL1152459,no issue,24.5,0.0,0.0,0.0
CHEMBL1152487,no issue,0.5,0.0,0.0,0.0
CHEMBL1152510,rounded data citation,32.5,0.5,0.0,0.0
CHEMBL1152513,no issue,7.5,0.0,0.0,0.0
CHEMBL1152515,no issue,1.5,0.0,0.0,0.0
CHEMBL1152558,test Item with unknown chirality,0.0,0.0,0.0,16.0
CHEMBL1152562,no issue,5.0,2.0,0.0,0.0
CHEMBL1152564,no issue,0.0,0.0,2.0,1.0
CHEMBL1152569,exact data citation,0.0,0.0,0.0,0.5
CHEMBL1152570,no issue,0.0,3.5,0.0,0.5
CHEMBL1152571,no issue,4.5,0.0,0.0,0.0
CHEMBL1152574,no issue,1.0,0.0,0.0,0.0
CHEMBL1152579,no issue,0.0,0.0,0.0,0.0
CHEMBL1152582,no issue,0.5,0.0,0.0,0.0
CHEMBL1152583,no issue,66.0,0.5,0.0,0.0
CHEMBL1152586,no issue,0.0,2.0,0.0,0.0
CHEMBL1152596,no issue,33.0,4.5,24.5,5.0
CHEMBL1152600,highly correlated assays,0.0,0.0,3.0,25.5
CHEMBL1152601,no issue,0.0,0.0,0.0,0.0
CHEMBL1152608,multifunctional enzyme,0.0,0.0,3.0,0.0
CHEMBL1152616,highly correlated assays,1.5,10.0,4.5,12.0
CHEMBL1152620,exact data citation,0.0,0.0,17.0,246.0
CHEMBL1152634,exact data citation,21.5,1.5,0.0,0.0
CHEMBL1152659,exact data citation,0.0,0.0,0.0,4.5
CHEMBL1152683,highly correlated assays,3.0,11.0,0.0,0.0
CHEMBL1152687,no issue,0.0,2.5,0.0,0.0
CHEMBL1152690,no issue,0.0,0.0,0.5,0.0
CHEMBL1152692,highly correlated assays,0.0,0.0,83.5,21.0
CHEMBL1152700,highly correlated assays,0.0,5.0,0.0,0.0
CHEMBL1152701,no issue,15.5,2.0,0.0,0.0
CHEMBL1152713,no issue,3.0,0.0,0.0,0.0
CHEMBL1152715,no issue,0.0,0.0,0.0,5.0
CHEMBL1152717,no issue,0.0,0.0,0.0,0.0
CHEMBL1152724,no issue,1.5,0.5,0.0,0.0
CHEMBL1152726,test Item with unknown chirality,0.0,0.0,0.0,0.0
CHEMBL1152727,multifunctional enzyme,0.0,0.0,0.0,52.0
CHEMBL1152731,exact data citation,5.0,1.0,0.0,0.0
CHEMBL1152739,no issue,100.0,0.0,0.0,0.0
CHEMBL1152745,exact data citation,0.0,0.0,25.0,63.0
CHEMBL1152751,multiply activity for same test item,26.5,23.0,14.5,26.5
CHEMBL1152762,exact data citation,3.5,0.0,1.5,0.0
CHEMBL1152774,no issue,0.0,0.0,0.0,0.0
CHEMBL1152778,no issue,0.0,0.0,0.0,0.0
CHEMBL1152783,no issue,0.0,4.5,0.0,0.0
CHEMBL1152790,test Item with unknown chirality,2.5,0.0,2.0,0.0
CHEMBL1152794,high citation rate,66.0,61.5,0.0,0.0
CHEMBL1152801,highly correlated assays,0.0,0.0,27.0,18.0
CHEMBL1152805,highly correlated assays,56.5,12.0,38.5,12.5
CHEMBL1152806,multifunctional enzyme,7.0,0.0,0.0,0.0
CHEMBL1152811,highly correlated assays,281.5,0.0,0.0,0.0
CHEMBL1152812,no issue,25.5,2.5,0.0,0.0
CHEMBL1152816,exact data citation,65.0,8.0,0.0,0.0
CHEMBL1152837,review,0.0,0.0,11.0,0.0
CHEMBL1152841,shuffled assays,0.0,0.0,0.0,104.0
CHEMBL1152849,no issue,9.5,4.5,0.0,0.0
CHEMBL1152852,highly correlated assays,0.0,0.0,8.5,8.5
CHEMBL1152861,multiply activity for same test item,0.0,0.0,1.5,1.5
CHEMBL1152875,highly correlated assays,0.0,36.0,0.0,0.0
CHEMBL1152877,no issue,1.0,0.5,0.0,0.0
CHEMBL1152882,no issue,0.0,63.0,0.0,0.0
CHEMBL1152883,no issue,7.0,0.0,0.0,0.0
CHEMBL1152885,exact data citation,0.0,0.0,46.0,939.5
CHEMBL1152894,exact data citation,10.5,13.5,0.0,0.0
CHEMBL1152896,highly correlated assays,10.0,0.0,14.5,0.0
CHEMBL1152897,exact data citation,34.0,5.5,0.0,0.0
CHEMBL1152899,no issue,0.0,0.0,8.0,4.0
CHEMBL1152901,no issue,1.5,0.0,0.0,0.0
CHEMBL1152905,test Item with unknown chirality,0.0,8.5,0.0,0.0
CHEMBL1152910,no issue,0.5,1.5,0.0,0.0
CHEMBL1152913,no issue,52.0,0.0,0.0,0.0
CHEMBL1152916,exact data citation,0.0,0.0,1.0,1.5
CHEMBL1152936,no issue,3.5,2.0,0.0,0.0
CHEMBL1152937,highly correlated assays,0.0,0.0,35.0,1048.5
CHEMBL1152940,no issue,0.0,0.0,5.5,4.5
CHEMBL1152952,multiply activity for same test item,0.0,0.0,43.5,17.0
CHEMBL1152958,no issue,71.0,3.5,0.0,0.0
CHEMBL1152959,highly correlated assays,0.0,0.0,144.0,61.0
CHEMBL1152960,exact data citation,0.0,0.0,36.5,5.0
CHEMBL1152964,test Item with unknown chirality,8.0,0.5,0.0,0.0
CHEMBL1152978,no issue,3.5,3.0,0.0,0.0
CHEMBL1152979,review,3.0,0.0,0.0,0.0
CHEMBL1153009,test Item with unknown chirality,7.0,0.0,0.0,0.0
CHEMBL1153022,rounded data citation,61.5,0.5,0.0,0.0
CHEMBL1153033,no issue,0.0,0.0,0.0,0.0
CHEMBL1153036,no issue,1.5,0.0,0.0,0.0
CHEMBL1153042,no issue,138.5,0.0,0.0,0.5
CHEMBL1153045,no issue,0.0,0.0,0.0,0.0
CHEMBL1153048,highly correlated assays,0.0,5.5,0.0,0.0
CHEMBL1153053,highly correlated assays,0.0,21.0,4.0,44.5
CHEMBL1153060,no issue,0.5,0.5,0.0,0.0
CHEMBL1153062,highly correlated assays,2.5,1.5,0.0,0.0
CHEMBL1153063,no issue,0.0,0.0,0.5,0.5
CHEMBL1153066,multiply activity for same test item,0.0,96.0,0.5,4.0
CHEMBL1153075,no issue,78.0,26.0,4.0,1.5
CHEMBL1153077,multiply activity for same test item,24.0,5.5,0.0,0.0
CHEMBL1153082,highly correlated assays,0.0,0.0,26.0,51.0
CHEMBL1153088,multifunctional enzyme,4.0,19.0,0.0,0.0
CHEMBL1153091,exact data citation,0.0,1.5,0.0,0.0
CHEMBL1153096,highly correlated assays,0.0,0.0,12.0,19.0
CHEMBL1153100,no issue,0.5,0.5,0.0,0.0
CHEMBL1153103,no issue,0.0,0.0,0.0,2.0
CHEMBL1153104,exact data citation,0.0,0.5,0.0,0.0
CHEMBL1153110,exact data citation,0.0,0.0,0.0,1.0
CHEMBL1153111,exact data citation,0.0,1.5,0.0,0.0
CHEMBL1153112,no issue,0.5,0.0,0.0,0.0
CHEMBL1153113,exact data citation,8.0,3.5,0.0,0.0
CHEMBL1153122,no issue,2.0,0.0,0.0,0.0
CHEMBL1153125,no issue,3.0,0.5,0.0,0.0
CHEMBL1153132,exact data citation,0.0,0.0,1.0,1.0
CHEMBL1153133,no issue,24.0,0.0,0.0,0.0
CHEMBL1153136,no issue,8.5,4.5,0.0,0.0
CHEMBL1153140,no issue,0.0,0.0,0.0,0.0
CHEMBL1153144,shuffled assays,3.0,11.0,0.0,0.0
CHEMBL1153149,no issue,0.0,0.0,8.5,1.0
CHEMBL1153150,test Item with unknown chirality,0.0,0.0,0.0,0.0
CHEMBL1153159,no issue,1.5,0.0,0.0,0.0
CHEMBL1153163,no issue,0.0,17.0,3.0,2.0
CHEMBL1153168,test Item with unknown chirality,1.5,19.0,0.0,0.0
CHEMBL1153173,no issue,0.0,0.0,0.0,1.0
CHEMBL1153174,highly correlated assays,0.0,0.0,0.5,2.0
CHEMBL1153177,no issue,12.5,7.0,0.0,0.0
CHEMBL1153179,highly correlated assays,76.0,108.0,0.0,0.0
CHEMBL1153180,rounded data citation,4.5,6.0,0.0,0.0
CHEMBL1153184,highly correlated assays,0.0,0.0,33.0,5.0
CHEMBL1153188,no issue,3.0,10.0,0.0,0.0
CHEMBL1153191,no issue,0.0,0.0,3.5,3.5
CHEMBL1153195,multiply activity for same test item,0.0,0.0,0.0,1.0
CHEMBL1153197,test Item with unknown chirality,0.0,0.0,0.0,1.0
CHEMBL1153201,no issue,28.0,4.0,0.0,0.0
CHEMBL1153202,no issue,0.0,19.0,0.0,0.0
CHEMBL1153203,multifunctional enzyme,0.0,0.0,1.0,0.0
CHEMBL1153208,no issue,0.0,0.0,0.0,0.0
CHEMBL1153209,no issue,0.0,1.5,0.0,0.0
CHEMBL1153211,no issue,0.0,0.0,0.0,0.0
CHEMBL1153222,no issue,0.0,0.0,0.0,0.5
CHEMBL1153226,no issue,0.5,0.0,0.0,0.0
CHEMBL1153231,no issue,15.0,1.0,0.0,0.0
CHEMBL1153236,test Item with unknown chirality,0.0,0.0,1.5,0.0
CHEMBL1153237,highly correlated assays,3.0,10.0,0.0,0.0
CHEMBL1153238,test Item with unknown chirality,0.0,11.5,0.0,0.0
CHEMBL1153239,highly correlated assays,3.0,10.0,0.0,0.0
CHEMBL1153242,shuffled assays,0.0,7.0,0.0,0.0
CHEMBL1153243,exact data citation,0.0,0.0,0.0,0.5
CHEMBL1153247,no issue,0.0,2.0,0.0,0.0
CHEMBL1153248,no issue,0.0,0.5,0.0,0.0
CHEMBL1153249,high citation rate,150.0,12.0,0.0,0.0
CHEMBL1153250,no issue,2.0,0.0,0.0,0.0
CHEMBL1153263,no issue,0.0,0.0,0.0,0.0
CHEMBL1153265,no issue,13.0,0.0,0.0,0.0
CHEMBL1153266,exact data citation,0.0,1.0,0.0,0.0
CHEMBL1153267,no issue,0.0,1.0,0.0,0.0
CHEMBL1153272,exact data citation,0.5,1.5,0.0,0.0
CHEMBL1153273,no issue,0.0,35.0,0.0,0.0
CHEMBL1153284,no issue,0.0,0.0,0.0,0.0
CHEMBL1153289,no issue,0.0,0.0,0.0,0.0
CHEMBL1153293,no issue,0.0,102.0,0.0,0.0
CHEMBL1153294,no issue,15.0,2.0,0.0,0.0
CHEMBL1153296,no issue,0.0,0.0,2.0,3.0
CHEMBL1153300,multiply activity for same test item,0.0,0.5,0.0,0.0
CHEMBL1153301,exact data citation,0.0,0.5,0.0,0.0
CHEMBL1153308,multifunctional enzyme,0.0,0.0,0.0,0.0
CHEMBL1153311,no issue,1.0,0.0,0.0,0.0
CHEMBL1153312,no issue,0.0,0.0,0.0,0.0
CHEMBL1153317,multiply activity for same test item,3.0,0.0,0.0,0.0
CHEMBL1153319,exact data citation,0.0,0.0,25.0,62.0
CHEMBL1153320,review,1.5,0.0,0.0,0.0
CHEMBL1153325,no issue,0.0,0.0,0.0,0.0
CHEMBL1153327,exact data citation,0.0,0.5,0.0,0.0
CHEMBL1153332,no issue,0.0,1.5,0.0,0.0
CHEMBL1153337,no issue,4.5,36.0,0.0,0.0
CHEMBL1153341,no issue,0.5,0.0,0.0,0.0
CHEMBL1153344,no issue,5.5,1.5,0.0,0.0
CHEMBL1153347,no issue,0.0,20.0,0.0,0.0
CHEMBL1153349,no issue,1.0,0.0,0.0,0.0
CHEMBL1153354,no issue,0.0,0.0,0.0,0.0
CHEMBL1153362,no issue,4.0,64.0,0.0,0.0
CHEMBL1153367,exact data citation,0.0,3.0,0.0,0.0
CHEMBL1153372,highly correlated assays,1.0,6.0,0.0,0.0
CHEMBL1153377,no issue,0.0,0.0,51.0,11.0
CHEMBL1153382,no issue,0.0,0.0,2.0,0.0
CHEMBL1153383,exact data citation,0.0,0.0,0.0,0.5
CHEMBL1153387,no issue,0.5,0.0,0.0,0.0
CHEMBL1153398,no issue,0.0,0.0,0.0,0.0
CHEMBL1153400,no issue,0.5,2.0,0.0,0.0
CHEMBL1153402,highly correlated assays,0.0,0.0,42.5,35.0
CHEMBL1153406,no issue,221.5,1.5,0.0,0.0
CHEMBL1153421,exact data citation,0.0,0.0,27.5,1634.5
CHEMBL1153423,no issue,0.5,0.0,0.0,0.0
CHEMBL1153427,no issue,0.0,0.0,0.0,0.0
CHEMBL1153428,no issue,0.0,0.0,0.0,1.5
CHEMBL1153433,no issue,0.0,0.0,0.0,0.0
CHEMBL1153441,no issue,0.0,0.5,2.5,1.0
CHEMBL1153442,no issue,0.0,1.5,0.0,0.0
CHEMBL1153448,no issue,0.0,0.0,85.0,91.0
CHEMBL1153452,no issue,0.0,0.0,6.0,10.5
CHEMBL1153454,no issue,0.0,0.0,4.5,0.0
CHEMBL1153455,highly correlated assays,0.0,3.0,10.5,30.5
CHEMBL1153456,no issue,0.0,0.0,20.0,0.0
CHEMBL1153467,no issue,0.0,0.0,0.0,0.0
CHEMBL1153470,no issue,6.5,0.0,0.0,0.0
CHEMBL1153473,highly correlated assays,40.0,92.0,0.0,0.0
CHEMBL1153474,no issue,126.0,0.0,0.0,0.0
CHEMBL1153475,no issue,0.0,5.5,0.0,0.0
CHEMBL1153478,no issue,0.0,0.0,0.0,0.0
CHEMBL1153484,exact data citation,0.0,0.0,0.0,4.5
CHEMBL1153487,no issue,0.0,0.5,0.0,0.0
CHEMBL1153488,rounded data citation,0.0,4.0,0.0,1.5
CHEMBL1153489,exact data citation,0.0,0.5,0.0,0.0
CHEMBL1153494,no issue,0.5,0.0,0.0,0.0
CHEMBL1153499,no issue,0.0,0.0,0.0,0.0
CHEMBL1153502,multifunctional enzyme,0.0,0.0,0.0,0.0
CHEMBL1153503,no issue,0.0,0.0,0.0,0.0
CHEMBL1153506,multiply activity for same test item,3.5,0.0,0.0,0.0
CHEMBL1153519,no issue,0.0,1.0,0.0,0.0
CHEMBL1153520,no issue,0.0,0.0,0.0,1.5
CHEMBL1153522,exact data citation,0.0,0.5,0.0,0.5
CHEMBL1153531,highly correlated assays,18.0,18.5,5.5,4.0
CHEMBL1153532,no issue,0.0,0.0,12.0,0.0
CHEMBL1153536,no issue,0.5,17.0,0.0,0.0
CHEMBL1153596,no issue,0.0,0.0,1.5,0.0
CHEMBL1153611,test Item with unknown chirality,0.0,0.0,0.0,22.0
CHEMBL1153620,exact data citation,59.0,0.0,0.0,0.0
CHEMBL1153627,exact data citation,0.0,3.5,0.0,0.0
CHEMBL1153635,high citation rate,1176.0,20.5,0.0,0.0
CHEMBL1153637,no issue,5.0,0.0,0.0,0.0
CHEMBL1153638,test Item with unknown chirality,0.0,0.0,0.0,0.0
CHEMBL1153641,rounded data citation,0.0,0.0,0.0,1.0
CHEMBL1153694,exact data citation,0.0,1.0,0.0,0.0
CHEMBL1153698,no issue,11.0,0.0,0.0,0.0
CHEMBL1153716,no issue,0.0,0.0,0.0,0.0
CHEMBL1153718,highly correlated assays,0.0,13.5,4.0,16.0
CHEMBL1153725,multiply activity for same test item,4.0,0.0,0.0,0.0
CHEMBL1153738,no issue,4.5,0.0,0.0,0.0
CHEMBL1153754,no issue,0.0,0.0,0.0,0.0
CHEMBL1153757,high citation rate,13.5,0.0,0.0,0.0
CHEMBL1153760,no issue,64.0,2.0,0.0,0.0
CHEMBL1153762,no issue,0.0,1.5,33.5,0.0
CHEMBL1153798,multiply activity for same test item,0.0,0.0,0.0,0.0
CHEMBL1153804,no issue,4.0,72.0,0.0,0.0
CHEMBL1153817,multiply activity for same test item,0.0,0.0,47.0,22.5
CHEMBL1153819,no issue,0.0,0.0,7.0,4.5
CHEMBL1153823,no issue,0.0,0.0,1.0,5.0
CHEMBL1153825,no issue,9.5,0.5,0.0,0.0
CHEMBL1153826,no issue,0.5,0.0,0.0,0.0
CHEMBL1153828,no issue,1.0,0.0,0.0,0.0
CHEMBL1153829,no issue,0.0,4.0,0.0,0.0
CHEMBL1153836,no issue,4.0,0.0,0.0,0.0
CHEMBL1153857,no issue,0.0,0.0,18.5,46.5
CHEMBL1153859,shuffled assays,0.0,0.0,39.5,0.5
CHEMBL1153866,no issue,0.5,0.0,0.0,0.0
CHEMBL1153868,multifunctional enzyme,14.5,1.0,0.0,0.0
CHEMBL1153881,highly correlated assays,0.0,0.0,6.5,5.5
CHEMBL1153892,no issue,8.5,0.0,0.0,0.0
CHEMBL1153895,no issue,0.0,0.0,0.0,0.0
CHEMBL1153898,exact data citation,4.5,0.0,0.0,0.0
CHEMBL1153907,no issue,0.0,0.0,0.0,1.5
CHEMBL1153910,no issue,0.0,7.0,0.0,0.0
CHEMBL1153915,rounded data citation,0.0,0.0,8.5,1.0
CHEMBL1153927,no issue,0.0,0.0,2.0,1.5
CHEMBL1153941,multifunctional enzyme,70.0,30.5,0.0,0.0
CHEMBL1153945,no issue,0.0,0.0,1.0,0.5
CHEMBL1153946,exact data citation,5.0,5.0,0.0,0.0
CHEMBL1153953,no issue,0.0,0.0,77.5,1.0
CHEMBL1153955,no issue,8.0,0.0,0.0,0.0
CHEMBL1153958,no issue,0.0,1.5,0.0,0.0
CHEMBL1153960,highly correlated assays,5.0,1.5,49.0,10.5
CHEMBL1153969,no issue,105.5,11.0,0.0,0.0
CHEMBL1153970,multiply activity for same test item,0.0,2.0,0.0,0.0
CHEMBL1153977,no issue,0.0,0.0,19.0,13.5
CHEMBL1153979,highly correlated assays,0.0,0.0,41.0,709.5
CHEMBL1153981,shuffled assays,0.0,53.0,0.0,0.0
CHEMBL1153993,exact data citation,0.0,0.0,0.0,0.0
CHEMBL1153994,no issue,0.0,5.0,0.0,0.0
CHEMBL1153998,no issue,1.0,0.0,0.0,0.0
CHEMBL1154001,no issue,0.0,0.0,0.0,0.0
CHEMBL1154002,multiply activity for same test item,2.5,15.5,0.0,0.0
CHEMBL1154005,no issue,2.5,6.0,0.0,0.0
CHEMBL1154007,review,7.0,0.0,0.0,0.0
CHEMBL1154013,no issue,1.0,2.0,0.0,1.0
CHEMBL1154015,no issue,0.0,0.0,0.0,0.0
CHEMBL1154019,rounded data citation,0.0,0.0,7.5,1.0
CHEMBL1154021,no issue,0.0,4.0,0.0,0.0
CHEMBL1154025,test Item with unknown chirality,0.0,0.0,0.0,0.0
CHEMBL1154028,exact data citation,24.0,28.0,0.0,0.0
CHEMBL1154029,test Item with unknown chirality,28.0,0.0,0.0,0.0
CHEMBL1154033,no issue,3.5,0.0,0.0,0.0
CHEMBL1154034,no issue,0.0,0.0,0.0,39.0
CHEMBL1154036,highly correlated assays,100.0,48.0,0.0,0.0
CHEMBL1154037,no issue,0.0,0.0,0.0,0.0
CHEMBL1154041,multiply activity for same test item,29.0,4.5,0.0,0.0
CHEMBL1154051,highly correlated assays,3.0,0.0,0.0,0.0
CHEMBL1154053,no issue,0.0,0.5,0.0,0.0
CHEMBL1154060,test Item with unknown chirality,8.0,0.0,0.0,0.0
CHEMBL1154069,no issue,5.0,2.5,0.0,0.0
CHEMBL1154073,highly correlated assays,0.0,0.0,21.0,309.5
CHEMBL1154077,exact data citation,0.0,0.0,26.5,1599.5
CHEMBL1154085,no issue,0.0,0.0,16.5,2.5
CHEMBL1154094,highly correlated assays,0.0,0.0,24.5,493.5
CHEMBL1154095,no issue,0.0,2.0,0.0,0.0
CHEMBL1154101,highly correlated assays,99.0,4.0,0.0,0.0
CHEMBL1154109,multifunctional enzyme,0.5,2.0,0.0,0.0
CHEMBL1154110,multiply activity for same test item,0.0,0.0,0.0,0.0
CHEMBL1154111,highly correlated assays,0.0,2.0,0.0,0.0
CHEMBL1154112,no issue,0.0,0.0,0.0,0.0
CHEMBL1154113,exact data citation,0.0,0.0,50.0,23.0
CHEMBL1154118,test Item with unknown chirality,0.0,0.0,0.0,0.0
CHEMBL1154119,no issue,0.0,4.0,0.0,0.0
CHEMBL1154121,exact data citation,0.0,0.0,1.5,0.0
CHEMBL1154136,no issue,0.5,0.0,0.0,0.0
CHEMBL1154137,test Item with unknown chirality,2.0,0.5,0.0,0.0
CHEMBL1154164,highly correlated assays,4.0,4.5,0.0,0.0
CHEMBL1154166,exact data citation,0.0,3.0,0.0,0.0
CHEMBL1154177,no issue,0.0,28.0,0.0,0.0
CHEMBL1154180,no issue,0.0,16.0,0.0,0.0
CHEMBL1154181,no issue,0.5,0.0,0.0,0.0
CHEMBL1154182,no issue,0.0,0.0,0.5,0.0
CHEMBL1154184,exact data citation,0.0,0.0,5.5,0.0
CHEMBL1154189,no issue,0.0,0.0,4.5,0.0
CHEMBL1154191,exact data citation,0.0,0.0,18.5,49.5
CHEMBL1154193,no issue,0.0,0.0,0.0,7.5
CHEMBL1154195,highly correlated assays,0.0,0.0,113.0,13.0
CHEMBL1154203,highly correlated assays,0.0,1.0,5.5,4.5
CHEMBL1154218,exact data citation,0.5,1.0,0.0,0.0
CHEMBL1154229,test Item with unknown chirality,0.0,0.0,0.0,0.0
CHEMBL1154243,rounded data citation,18.5,1.5,0.0,0.0
CHEMBL1154244,no issue,47.5,0.0,0.0,0.0
CHEMBL1154253,test Item with unknown chirality,3.0,2.0,0.0,0.0
CHEMBL1154281,no issue,0.0,0.0,0.0,1.0
CHEMBL1154286,no issue,0.0,0.0,0.0,0.0
CHEMBL1154292,no issue,0.0,0.0,0.0,0.0
CHEMBL1154298,no issue,0.0,4.0,1.0,0.0
CHEMBL1154315,multifunctional enzyme,20.5,0.0,0.0,0.0
CHEMBL1154321,highly correlated assays,0.0,0.0,0.5,6.0
CHEMBL1154327,exact data citation,89.5,14.5,0.0,0.0
CHEMBL1154341,no issue,16.5,0.0,0.0,0.0
CHEMBL1154343,no issue,104.0,5.5,0.0,0.0
CHEMBL1154360,exact data citation,14.5,8.5,0.0,0.0
CHEMBL1154363,exact data citation,0.0,3.0,0.0,0.0
CHEMBL1154364,no issue,0.5,0.0,0.0,0.0
CHEMBL1154365,no issue,27.0,0.0,0.0,0.0
CHEMBL1154366,exact data citation,0.0,0.5,0.0,0.0
CHEMBL1154378,highly correlated assays,0.0,0.0,64.0,11.0
CHEMBL1154381,no issue,0.0,0.0,0.0,0.0
CHEMBL1154384,no issue,0.0,0.0,0.0,0.0
CHEMBL1154385,no issue,6.5,0.0,0.0,0.0
CHEMBL1154388,multiply activity for same test item,0.0,0.0,2.5,1.0
CHEMBL1154392,rounded data citation,0.0,1.0,0.0,0.0
CHEMBL1154393,no issue,158.5,18.0,0.0,0.0
CHEMBL1154395,no issue,0.0,0.0,1.5,0.0
CHEMBL1154396,highly correlated assays,0.0,15.5,0.0,0.0
CHEMBL1154421,test Item with unknown chirality,2.0,0.0,0.0,0.0
CHEMBL1154442,no issue,1.5,0.0,0.0,0.0
CHEMBL1154472,no issue,0.0,0.0,0.0,0.0
CHEMBL1154482,exact data citation,0.0,0.0,2.5,69.0
CHEMBL1154499,no issue,2.0,0.0,0.0,0.0
CHEMBL1154502,no issue,0.0,0.5,0.0,0.0
CHEMBL1154504,review,10.5,1.0,0.0,0.0
CHEMBL1154508,no issue,0.0,0.5,0.0,0.0
CHEMBL1154513,highly correlated assays,3.0,4.0,0.0,0.0
CHEMBL1154514,multiply activity for same test item,0.0,0.0,0.0,0.0
CHEMBL1154516,no issue,0.0,0.0,2.0,10.5
CHEMBL1154518,no issue,29.0,0.0,0.0,0.0
CHEMBL1154528,no issue,13.5,0.0,0.0,0.0
CHEMBL1154534,multifunctional enzyme,0.0,0.0,1.0,0.0
CHEMBL1154542,no issue,0.0,0.0,4.0,0.0
CHEMBL1154552,no issue,23.0,2.0,0.0,0.0
CHEMBL1154587,exact data citation,1.5,0.0,0.0,0.0
CHEMBL1154589,no issue,0.0,0.0,4.5,0.0
CHEMBL1154597,no issue,0.0,0.0,16.0,77.5
CHEMBL1154602,rounded data citation,0.5,8.0,0.0,0.0
CHEMBL1154606,no issue,0.0,0.0,5.5,12.5
CHEMBL1154613,no issue,3.0,2.0,0.0,0.0
CHEMBL1154618,no issue,0.0,0.0,2.0,1.0
CHEMBL1154619,test Item with unknown chirality,580.0,38.0,42.0,0.0
CHEMBL1154623,highly correlated assays,0.0,0.0,37.5,697.0
CHEMBL1154625,highly correlated assays,0.0,9.5,0.0,0.0
CHEMBL1154626,highly correlated assays,0.0,0.5,3.5,5.5
CHEMBL1154630,no issue,0.0,0.0,0.0,0.0
CHEMBL1154633,highly correlated assays,0.0,0.0,0.0,8.5
CHEMBL1154636,no issue,0.0,0.0,4.0,1.5
CHEMBL1154638,exact data citation,0.0,0.0,0.0,10.5
CHEMBL1154641,highly correlated assays,0.0,0.0,25.5,1035.5
CHEMBL1154644,no issue,0.5,0.5,0.0,0.0
CHEMBL1154650,no issue,3.0,1.0,0.0,0.0
CHEMBL1154652,no issue,4.0,0.0,0.0,0.0
CHEMBL1154659,no issue,0.0,4.0,0.0,0.0
CHEMBL1154661,no issue,5.5,0.0,0.0,0.0
CHEMBL1154666,exact data citation,0.0,0.0,0.0,1.0
CHEMBL1154674,exact data citation,0.0,0.0,9.0,4.5
CHEMBL1154679,no issue,4.0,16.0,0.0,0.0
CHEMBL1154682,no issue,0.0,0.0,0.0,0.0
CHEMBL1154683,no issue,0.0,0.0,0.0,0.0
CHEMBL1154687,no issue,58.0,4.0,3.5,0.0
CHEMBL1154688,test Item with unknown chirality,0.0,0.5,0.0,0.0
CHEMBL1154708,multiply activity for same test item,0.0,1.0,0.0,0.0
CHEMBL1154714,no issue,0.0,0.0,0.0,0.0
CHEMBL1154717,no issue,0.0,2.5,0.0,3.5
CHEMBL1154735,no issue,0.0,2.5,0.0,0.0
CHEMBL1154736,no issue,0.0,0.0,0.0,0.0
CHEMBL1154739,no issue,7.0,0.0,0.0,0.0
CHEMBL1154744,shuffled assays,0.0,0.0,21.5,2.0
CHEMBL1154754,test Item with unknown chirality,0.0,0.0,0.0,0.0
CHEMBL1154758,highly correlated assays,0.0,0.0,47.5,936.0
CHEMBL1154759,rounded data citation,5.5,0.5,0.0,0.0
CHEMBL1154760,no issue,0.0,2.0,0.0,0.0
CHEMBL1154761,no issue,3.0,0.0,0.0,0.0
CHEMBL1154764,no issue,0.5,0.0,0.0,0.0
CHEMBL1154768,highly correlated assays,0.0,0.0,0.0,6.5
CHEMBL1154769,no issue,80.0,32.0,0.0,0.0
CHEMBL1154772,no issue,7.5,0.5,0.0,0.0
CHEMBL1154775,no issue,0.5,0.0,0.0,0.0
CHEMBL1154776,no issue,0.0,0.0,6.0,5.0
CHEMBL1154777,highly correlated assays,0.0,2.5,2.5,17.0
CHEMBL1154789,exact data citation,3.0,14.0,0.0,0.0
CHEMBL1154793,no issue,0.0,0.0,0.0,0.0
CHEMBL1154815,highly correlated assays,6.0,0.0,0.0,0.0
CHEMBL1154816,test Item with unknown chirality,0.0,5.0,0.0,0.0
CHEMBL1154860,no issue,44.0,0.0,0.0,0.0
CHEMBL1154878,highly correlated assays,17.5,4.0,47.0,8.0
CHEMBL1154879,no issue,3.5,0.0,0.0,0.0
CHEMBL1154885,review,5.0,0.0,0.0,0.0
CHEMBL1154916,test Item with unknown chirality,0.0,0.0,0.0,0.0
CHEMBL1154925,no issue,24.0,3.5,0.0,0.0
CHEMBL1154928,no issue,0.0,0.5,0.0,0.0
CHEMBL1154929,no issue,32.0,0.0,0.0,0.0
CHEMBL1154933,no issue,0.0,8.0,0.0,0.0
CHEMBL1154935,no issue,0.0,1.5,0.0,0.0
CHEMBL1154936,exact data citation,0.0,0.0,3.5,6.0
CHEMBL1154937,no issue,0.0,0.0,1.0,0.0
CHEMBL1154938,no issue,7.0,0.0,0.0,0.0
CHEMBL1154939,no issue,0.0,0.0,2.0,1.0
CHEMBL1154942,exact data citation,0.0,1.5,0.0,0.0
CHEMBL1154943,no issue,0.0,2.0,0.0,0.0
CHEMBL1154944,rounded data citation,0.0,2.5,0.0,0.0
CHEMBL1154947,no issue,0.0,0.0,0.0,2.5
CHEMBL1154951,no issue,2.5,0.0,0.0,0.0
CHEMBL1154955,exact data citation,0.0,0.0,0.0,2.0
CHEMBL1154963,no issue,0.5,0.5,0.0,0.0
CHEMBL1154964,no issue,0.0,0.0,11.0,3.0
CHEMBL1154965,test Item with unknown chirality,0.0,0.0,0.5,0.0
CHEMBL1154969,no issue,0.0,4.0,0.0,0.0
CHEMBL1154973,no issue,0.5,0.0,0.0,0.0
CHEMBL1154975,multifunctional enzyme,43.0,0.0,0.0,0.0
CHEMBL1154976,exact data citation,0.0,0.0,1.5,15.0
CHEMBL1154983,no issue,0.0,18.0,0.0,0.0
CHEMBL1154984,multiply activity for same test item,6.0,0.0,0.0,0.0
CHEMBL1154987,no issue,34.0,0.5,0.0,0.0
CHEMBL1155005,no issue,0.0,0.0,0.0,0.0
CHEMBL1155010,no issue,0.0,0.0,24.0,0.0
CHEMBL1155011,highly correlated assays,26.0,13.0,4.0,3.0
CHEMBL1155013,no issue,0.0,0.0,6.5,1.0
CHEMBL1155016,no issue,0.0,2.0,0.0,0.0
CHEMBL1155017,no issue,0.0,0.0,0.0,0.0
CHEMBL1155025,no issue,0.0,0.0,0.0,0.0
CHEMBL1155026,no issue,0.0,0.0,6.0,1.5
CHEMBL1155028,no issue,0.0,0.0,16.5,2.5
CHEMBL1155041,no issue,9.0,0.5,0.0,0.0
CHEMBL1155050,highly correlated assays,3.0,3.0,0.0,0.0
CHEMBL1155054,no issue,5.0,0.0,0.0,0.0
CHEMBL1155056,high citation rate,12.5,3.0,48.0,0.5
CHEMBL1155057,exact data citation,0.0,0.0,13.5,3.0
CHEMBL1155059,no issue,0.5,9.5,0.0,0.0
CHEMBL1155060,exact data citation,0.0,1.0,0.0,0.0
CHEMBL1155066,no issue,0.0,0.5,0.0,0.0
CHEMBL1155072,highly correlated assays,0.0,0.5,2.0,1.5
CHEMBL1155074,no issue,0.0,0.0,0.5,0.0
CHEMBL1155080,test Item with unknown chirality,0.0,0.0,0.5,12.0
CHEMBL1155081,multiply activity for same test item,0.0,0.0,0.0,32.5
CHEMBL1155082,multiply activity for same test item,0.0,0.0,1.0,37.5
CHEMBL1155084,exact data citation,1.0,0.0,0.0,0.0
CHEMBL1155097,test Item with unknown chirality,0.5,11.5,0.0,0.0
CHEMBL1155098,exact data citation,0.0,0.0,0.0,3.0
CHEMBL1155106,no issue,0.0,0.0,0.0,0.0
CHEMBL1155111,no issue,141.5,0.0,0.0,0.0
CHEMBL1155113,no issue,27.5,7.0,0.0,0.0
CHEMBL1155122,test Item with unknown chirality,0.0,0.5,0.0,0.5
CHEMBL1155124,test Item with unknown chirality,0.0,4.0,0.0,0.0
CHEMBL1155126,test Item with unknown chirality,0.5,0.0,0.0,0.0
CHEMBL1155130,no issue,0.0,0.0,0.5,0.0
CHEMBL1155132,no issue,0.0,0.0,0.0,0.0
CHEMBL1155141,multifunctional enzyme,0.0,0.5,0.0,0.0
CHEMBL1155161,test Item with unknown chirality,0.0,0.0,8.0,0.0
CHEMBL1155178,exact data citation,0.0,1.5,0.0,0.0
CHEMBL1155179,highly correlated assays,0.0,0.0,0.0,140.0
CHEMBL1155182,no issue,15.5,1.0,0.0,0.0
CHEMBL1155183,test Item with unknown chirality,0.0,0.0,0.0,4.0
CHEMBL1155186,no issue,17.5,10.5,0.0,0.0
CHEMBL1155190,no issue,6.0,3.5,0.0,0.0
CHEMBL1155192,test Item with unknown chirality,0.0,0.0,0.0,0.0
CHEMBL1155194,no issue,0.0,0.0,10.5,0.5
CHEMBL1155200,exact data citation,12.5,16.5,0.0,0.0
CHEMBL1155218,highly correlated assays,0.0,0.0,46.5,778.5
CHEMBL1155219,no issue,0.0,0.0,0.0,0.0
CHEMBL1155221,exact data citation,0.0,0.0,1.0,0.5
CHEMBL1155223,no issue,0.0,0.0,22.5,14.5
CHEMBL1155232,no issue,6.0,4.0,0.0,0.0
CHEMBL1155233,review,0.0,0.5,0.0,0.0
CHEMBL1155235,no issue,0.0,0.0,1.0,0.0
CHEMBL1155237,no issue,0.0,3.5,0.0,0.0
CHEMBL1155245,shuffled assays,76.0,14.5,0.0,0.0
CHEMBL1155247,no issue,0.0,0.0,1.0,0.0
CHEMBL1155250,no issue,0.0,0.0,0.5,2.0
CHEMBL1155261,no issue,2.5,0.0,0.0,0.0
CHEMBL1155266,exact data citation,53.0,6.0,0.0,0.0
CHEMBL1155272,no issue,0.0,0.0,0.0,0.0
CHEMBL1155278,no issue,2.5,0.0,0.0,0.0
CHEMBL1155294,multifunctional enzyme,21.5,9.5,0.0,0.0
CHEMBL1155296,no issue,0.0,0.0,0.0,0.0
CHEMBL1155305,highly correlated assays,12.5,27.0,0.0,0.0
CHEMBL1155307,exact data citation,1.5,4.5,0.0,0.0
CHEMBL1155310,multiply activity for same test item,0.0,0.0,4.0,8.0
CHEMBL1155311,rounded data citation,1.5,10.5,0.0,0.0
CHEMBL1155313,no issue,15.0,2.5,0.0,0.0
CHEMBL1155314,no issue,0.0,2.0,0.0,0.0
CHEMBL1155318,no issue,0.0,2.0,0.0,0.0
CHEMBL1155321,exact data citation,0.0,21.0,6.5,48.0
CHEMBL1155343,test Item with unknown chirality,0.0,0.0,0.0,0.0
CHEMBL1155345,no issue,0.0,0.0,0.0,0.0
CHEMBL1155349,no issue,0.0,0.0,0.0,0.0
CHEMBL1155354,highly correlated assays,0.0,0.0,12.0,264.5
CHEMBL1155359,no issue,68.0,0.0,0.0,0.0
CHEMBL1155366,no issue,0.5,0.0,0.0,0.0
CHEMBL1155369,no issue,0.0,12.0,0.0,0.0
CHEMBL1155371,no issue,8.0,0.0,0.0,0.0
CHEMBL1155374,test Item with unknown chirality,1.0,0.0,0.0,0.0
CHEMBL1155376,exact data citation,3.5,2.0,0.0,0.0
CHEMBL1155377,exact data citation,0.5,2.5,0.0,0.0
CHEMBL1155383,multifunctional enzyme,12.0,0.0,0.0,0.0
CHEMBL1155386,no issue,0.0,1.0,0.0,0.0
CHEMBL1155387,multiply activity for same test item,0.0,96.0,0.0,0.0
CHEMBL1155393,no issue,0.0,4.5,0.0,0.0
CHEMBL1155414,highly correlated assays,0.0,0.0,0.0,2.0
CHEMBL1155418,highly correlated assays,0.0,3.5,0.0,0.0
CHEMBL1155422,rounded data citation,0.0,0.5,0.0,0.0
CHEMBL1155429,multiply activity for same test item,0.0,0.0,0.0,4.0
CHEMBL1155434,exact data citation,0.0,0.0,17.0,28.5
CHEMBL1155439,review,21.0,10.5,0.0,0.0
CHEMBL1155447,highly correlated assays,11.5,21.0,0.0,0.0
CHEMBL1155448,no issue,0.0,0.0,0.0,0.0
CHEMBL1155451,no issue,0.0,0.0,0.0,0.0
CHEMBL1155457,no issue,1.0,6.0,9.5,9.5
CHEMBL1155458,no issue,399.5,36.5,0.0,0.0
CHEMBL1155461,review,4.5,0.0,3.5,0.0
CHEMBL1155473,no issue,0.0,0.0,0.0,0.0
CHEMBL1155474,test Item with unknown chirality,0.0,0.0,0.0,0.0
CHEMBL1155476,test Item with unknown chirality,0.0,0.0,0.0,1.0
CHEMBL1155483,no issue,2.5,6.0,0.0,0.0
CHEMBL1155487,multiply activity for same test item,36.0,0.5,0.0,0.0
CHEMBL1155491,no issue,112.5,9.5,0.0,0.0
CHEMBL1155499,highly correlated assays,0.0,0.0,17.0,3.5
CHEMBL1155504,no issue,49.5,1.5,0.0,0.0
CHEMBL1155508,no issue,0.0,0.0,0.0,0.0
CHEMBL1155509,test Item with unknown chirality,0.0,0.0,0.0,0.0
CHEMBL1155513,highly correlated assays,0.0,0.0,40.0,24.5
CHEMBL1155515,highly correlated assays,10.0,37.5,26.5,13.0
CHEMBL1155517,highly correlated assays,0.0,16.0,0.0,0.0
CHEMBL1155522,no issue,0.0,1.0,0.0,0.0
CHEMBL1155526,no issue,0.5,0.5,0.0,0.5
CHEMBL1155531,rounded data citation,20.0,4.5,0.0,0.0
CHEMBL1155532,no issue,0.0,6.0,0.0,0.0
CHEMBL1155538,multiply activity for same test item,0.0,1.0,5.5,4.5
CHEMBL1155539,no issue,0.0,0.5,0.0,0.5
CHEMBL1155543,exact data citation,0.0,0.0,14.5,281.5
CHEMBL1155544,no issue,0.0,0.0,0.5,0.0
CHEMBL1155545,no issue,128.0,1.0,0.0,0.0
CHEMBL1155546,no issue,0.0,20.5,0.0,0.0
CHEMBL1155547,no issue,3.0,0.5,0.0,0.0
CHEMBL1155552,exact data citation,0.0,0.0,22.0,383.0
CHEMBL1155553,no issue,0.0,0.0,0.0,0.0
CHEMBL1155601,multifunctional enzyme,0.0,0.0,0.0,0.0
CHEMBL1155686,no issue,0.0,0.0,0.0,0.0
CHEMBL1155699,no issue,7.0,0.0,0.0,0.0
CHEMBL1155708,no issue,86.0,0.0,0.0,0.0
CHEMBL1155718,no issue,0.0,0.0,0.0,0.0
CHEMBL1155778,highly correlated assays,2.5,11.5,0.0,0.0
CHEMBL1155782,no issue,0.0,0.0,0.5,20.5
CHEMBL1155783,highly correlated assays,0.0,0.0,50.0,20.0
CHEMBL1155785,exact data citation,1.5,0.0,0.0,0.0
CHEMBL1155788,multifunctional enzyme,0.0,0.0,0.0,11.0
CHEMBL1155790,rounded data citation,10.0,0.0,0.0,0.0
CHEMBL1155791,highly correlated assays,3.0,1.5,0.0,0.0
CHEMBL1155794,exact data citation,68.0,85.0,0.0,0.0
CHEMBL1155799,highly correlated assays,0.0,0.0,222.5,126.5
CHEMBL1155801,no issue,8.0,4.5,0.0,0.0
CHEMBL1155803,no issue,0.0,0.0,7.5,0.5
CHEMBL1155806,high citation rate,0.0,0.0,950.0,0.0
CHEMBL1155807,highly correlated assays,4.5,5.5,0.0,0.0
CHEMBL1155810,no issue,0.0,1.0,2.0,0.0
CHEMBL1155813,no issue,6.5,3.0,4.5,21.5
CHEMBL1155819,highly correlated assays,7.0,5.0,0.0,0.0
CHEMBL1155822,exact data citation,84.5,27.0,0.0,0.0
CHEMBL1155823,multifunctional enzyme,16.5,229.0,0.0,0.0
CHEMBL1155826,no issue,0.0,0.0,8.0,1.0
CHEMBL1155836,no issue,0.0,1.5,0.0,0.0
CHEMBL1155838,no issue,1.0,3.5,4.5,19.5
CHEMBL1155846,no issue,0.0,0.0,0.0,100.5
CHEMBL1155847,no issue,7.5,10.5,0.0,0.0
CHEMBL1155848,no issue,36.5,0.0,0.0,0.0
CHEMBL1155852,no issue,0.0,4.0,0.0,0.0
CHEMBL1155858,highly correlated assays,0.0,4.0,0.0,3.0
CHEMBL1155861,test Item with unknown chirality,0.0,0.0,4.0,0.0
CHEMBL1155863,no issue,0.0,0.0,0.0,0.0
CHEMBL1155867,test Item with unknown chirality,0.0,0.5,0.0,0.0
CHEMBL1155868,highly correlated assays,0.0,6.5,0.0,0.0
CHEMBL1155875,highly correlated assays,0.0,1.0,25.0,50.5
CHEMBL1155876,no issue,176.0,0.0,0.0,0.0
CHEMBL1155878,no issue,0.0,7.5,0.0,0.0
CHEMBL1155882,no issue,0.0,10.5,0.0,1.5
CHEMBL1155885,no issue,0.0,0.0,0.0,0.0
CHEMBL1155893,no issue,0.0,0.5,0.0,0.0
CHEMBL1155895,test Item with unknown chirality,0.0,0.0,0.0,0.5
CHEMBL1155896,highly correlated assays,0.0,0.0,120.5,11.0
CHEMBL1155897,no issue,0.0,0.0,26.0,1.5
CHEMBL1155900,no issue,0.0,0.0,1.5,1.0
CHEMBL1155905,exact data citation,0.0,0.0,46.5,790.0
CHEMBL1155909,multiply activity for same test item,1.5,0.5,0.0,0.0
CHEMBL1155912,highly correlated assays,29.5,14.5,0.0,0.0
CHEMBL1155914,highly correlated assays,152.0,36.5,3.0,1.0
CHEMBL1155919,highly correlated assays,0.0,0.0,0.5,122.5
CHEMBL1155922,exact data citation,0.0,0.0,0.0,0.5
CHEMBL1155925,no issue,0.0,0.5,0.0,0.0
CHEMBL1155929,shuffled assays,0.0,0.0,44.0,32.0
CHEMBL1155930,no issue,0.5,0.0,0.0,0.0
CHEMBL1155933,no issue,1.0,0.0,0.0,0.0
CHEMBL1155934,no issue,1.5,2.0,0.0,0.0
CHEMBL1155940,no issue,1.0,0.0,0.0,0.0
CHEMBL1155952,no issue,0.0,0.0,0.0,0.0
CHEMBL1155956,no issue,0.0,0.0,0.5,0.0
CHEMBL1155961,no issue,0.0,0.0,0.0,5.5
CHEMBL1155962,test Item with unknown chirality,0.0,1.0,0.0,0.0
CHEMBL1155967,multifunctional enzyme,0.5,0.0,0.0,0.0
CHEMBL1155971,test Item with unknown chirality,0.0,0.0,0.0,0.0
CHEMBL1155974,no issue,32.0,0.0,0.0,0.0
CHEMBL1155988,exact data citation,0.5,0.0,0.0,0.0
CHEMBL1155989,no issue,0.5,4.5,0.0,0.0
CHEMBL1155991,multiply activity for same test item,0.0,0.0,0.0,0.0
CHEMBL1155992,shuffled assays,0.0,0.0,34.0,7.0
CHEMBL1155999,rounded data citation,0.0,0.5,0.0,0.0
CHEMBL1156003,no issue,0.0,0.0,0.0,0.0
CHEMBL1156013,no issue,0.0,3.0,0.0,0.0
CHEMBL1156016,review,76.5,12.0,0.0,0.0
CHEMBL1156018,exact data citation,0.0,0.0,25.5,67.0
CHEMBL1156021,no issue,0.5,0.0,0.0,0.0
CHEMBL1156023,no issue,12.0,72.0,0.0,0.0
CHEMBL1156031,multiply activity for same test item,0.0,0.0,3.5,0.5
CHEMBL1156037,no issue,0.0,0.0,0.5,0.0
CHEMBL1156039,no issue,2.5,0.5,0.0,2.5
CHEMBL1156040,no issue,1.0,0.0,0.0,0.0
CHEMBL1156044,no issue,0.0,0.0,1.0,0.0
CHEMBL1156048,no issue,0.0,1.5,0.0,0.0
CHEMBL1156049,test Item with unknown chirality,1.5,0.0,0.0,0.0
CHEMBL1156053,exact data citation,0.0,0.0,9.5,6.0
CHEMBL1156056,no issue,7.0,0.0,0.0,0.0
CHEMBL1156058,multifunctional enzyme,109.5,16.0,0.0,0.0
CHEMBL1156059,no issue,0.0,0.0,0.0,0.0
CHEMBL1156060,highly correlated assays,0.0,0.0,110.5,1438.0
CHEMBL1156061,no issue,0.0,0.5,0.0,0.0
CHEMBL1156067,no issue,6.0,1.0,0.0,0.0
CHEMBL1156069,no issue,0.0,0.0,0.0,0.5
CHEMBL1156071,multiply activity for same test item,15.0,0.0,0.0,0.0
CHEMBL1156077,no issue,0.0,0.0,0.0,0.5
CHEMBL1156083,rounded data citation,0.0,0.0,1.5,0.0
CHEMBL1156084,no issue,3.5,14.0,0.0,0.0
CHEMBL1156085,no issue,0.0,0.0,0.0,0.0
CHEMBL1156086,no issue,0.0,17.0,0.0,0.0
CHEMBL1156095,highly correlated assays,16.0,32.0,1.0,2.0
CHEMBL1156101,no issue,1.5,3.0,0.0,0.0
CHEMBL1156106,no issue,39.5,20.0,27.5,2.0
CHEMBL1156120,highly correlated assays,0.0,0.0,19.5,7.5
CHEMBL1156122,rounded data citation,19.5,3.5,0.0,0.0
CHEMBL1156125,no issue,41.5,28.0,0.0,0.0
CHEMBL1156128,highly correlated assays,0.0,0.0,0.5,57.5
CHEMBL1156145,rounded data citation,0.0,0.0,0.5,1.0
CHEMBL1156146,no issue,11.0,7.0,0.0,0.0
CHEMBL1156151,no issue,9.0,5.5,0.0,0.0
CHEMBL1156157,no issue,0.0,16.0,0.0,0.0
CHEMBL1156165,no issue,0.0,0.0,2.5,0.0
CHEMBL1156167,highly correlated assays,6.0,2.0,0.0,0.0
CHEMBL1156169,no issue,0.5,0.0,0.0,0.0
CHEMBL1156178,highly correlated assays,6.5,12.0,0.0,0.0
CHEMBL1156188,no issue,0.0,0.5,0.0,0.0
CHEMBL1156190,highly correlated assays,28.5,0.0,25.0,0.0
CHEMBL1156202,no issue,0.0,0.0,0.0,1.0
CHEMBL1156209,multiply activity for same test item,0.0,0.0,0.0,0.0
CHEMBL1156210,no issue,4.5,1.0,0.0,0.0
CHEMBL1156213,no issue,113.5,3.0,0.0,0.0
CHEMBL1156214,no issue,0.0,0.0,0.0,1.5
CHEMBL1156219,no issue,0.0,3.5,0.0,0.5
CHEMBL1156220,no issue,0.0,36.5,0.0,0.0
CHEMBL1156221,exact data citation,0.0,1.0,0.0,0.0
CHEMBL1156230,highly correlated assays,3.0,7.0,0.0,0.0
CHEMBL1156232,multifunctional enzyme,17.0,2.0,0.0,0.0
CHEMBL1156241,test Item with unknown chirality,0.0,0.0,0.0,0.5
CHEMBL1156252,no issue,0.5,0.0,0.0,0.0
CHEMBL1156253,test Item with unknown chirality,21.5,0.5,0.0,0.0
CHEMBL1156254,no issue,0.5,1.5,0.0,0.0
CHEMBL1156258,review,7.5,0.5,0.0,0.0
CHEMBL1156263,no issue,29.0,14.5,0.0,0.0
CHEMBL1156265,exact data citation,1.5,10.5,0.0,0.0
CHEMBL1156268,no issue,0.0,0.0,0.0,0.0
CHEMBL1156269,no issue,166.5,0.0,0.0,0.0
CHEMBL1156271,no issue,0.0,32.5,0.0,0.0
CHEMBL1156272,highly correlated assays,0.0,32.0,0.0,0.0
CHEMBL1156274,no issue,0.0,244.0,0.0,0.0
CHEMBL1156275,highly correlated assays,0.0,16.5,0.0,0.0
CHEMBL1156281,no issue,0.0,0.0,6.0,0.0
CHEMBL1156284,test Item with unknown chirality,0.0,0.0,0.0,0.0
CHEMBL1156291,no issue,0.0,4.5,0.0,0.0
CHEMBL1156296,no issue,0.0,8.0,0.0,0.0
CHEMBL1156297,exact data citation,0.0,0.0,40.5,743.0
CHEMBL1156301,test Item with unknown chirality,15.5,7.0,0.0,0.0
CHEMBL1156303,rounded data citation,0.0,1.0,0.0,0.0
CHEMBL1156307,no issue,0.0,4.0,0.0,0.0
CHEMBL1156309,no issue,0.0,0.0,0.0,0.0
CHEMBL1156330,no issue,0.0,1.0,0.0,0.0
CHEMBL1156335,highly correlated assays,0.0,0.0,23.0,356.5
CHEMBL1156338,no issue,0.0,0.0,0.5,0.0
CHEMBL1156356,no issue,15.5,2.5,0.0,0.0
CHEMBL1156362,no issue,0.0,0.0,26.5,0.0
CHEMBL1156378,no issue,33.0,0.0,0.0,0.0
CHEMBL1156391,no issue,3.5,1.0,0.0,0.0
CHEMBL1156415,test Item with unknown chirality,6.5,0.0,0.0,0.0
CHEMBL1156426,multifunctional enzyme,0.0,0.0,0.5,0.0
CHEMBL1156428,no issue,1156.5,0.0,0.0,0.0
CHEMBL1156439,no issue,32.0,0.0,0.0,0.0
CHEMBL1156440,no issue,352.0,0.0,0.0,0.0
CHEMBL1156441,no issue,10.0,20.0,0.0,0.0
CHEMBL1156444,multifunctional enzyme,0.0,0.0,0.5,1.0
CHEMBL1156445,no issue,2.0,0.0,0.0,0.0
CHEMBL1156453,no issue,20.0,0.0,0.0,0.0
CHEMBL1156465,no issue,1.0,0.5,0.0,0.0
CHEMBL1156470,highly correlated assays,2.5,4.0,0.0,0.0
CHEMBL1156482,no issue,0.0,0.0,0.0,0.0
CHEMBL1156485,no issue,0.0,0.0,0.0,0.0
CHEMBL1156486,no issue,5.5,4.0,0.0,0.0
CHEMBL1156493,no issue,0.0,0.0,0.0,0.0
CHEMBL1156501,test Item with unknown chirality,0.0,0.0,0.0,0.0
CHEMBL1156512,no issue,1.0,0.0,0.0,0.0
CHEMBL1156513,no issue,0.0,1.0,0.0,0.0
CHEMBL1156516,no issue,31.5,0.0,0.0,0.0
CHEMBL1156536,exact data citation,63.0,7.5,0.0,0.0
CHEMBL1156550,highly correlated assays,0.0,0.0,43.5,13.0
CHEMBL1156552,no issue,0.0,0.0,0.5,0.0
CHEMBL1156554,highly correlated assays,0.0,5.0,0.0,0.0
CHEMBL1156564,test Item with unknown chirality,13.0,4.0,0.0,0.0
CHEMBL1156565,no issue,0.0,0.0,0.0,1.0
CHEMBL1156566,highly correlated assays,61.5,114.5,0.0,0.0
CHEMBL1156568,no issue,0.0,0.0,0.0,2.0
CHEMBL1156570,no issue,4.0,0.0,0.0,0.0
CHEMBL1156572,multifunctional enzyme,68.5,31.5,0.0,0.0
CHEMBL1156573,no issue,0.0,0.0,12.0,0.0
CHEMBL1156579,no issue,0.0,0.0,1.0,0.0
CHEMBL1156582,highly correlated assays,34.0,24.5,0.0,0.0
CHEMBL1156583,highly correlated assays,0.0,0.0,0.0,4.5
CHEMBL1156585,test Item with unknown chirality,2.5,0.0,0.0,0.0
CHEMBL1156588,highly correlated assays,5.0,21.5,0.0,0.0
CHEMBL1156589,no issue,0.0,0.0,7.5,2.5
CHEMBL1156596,highly correlated assays,10.0,39.5,0.0,0.0
CHEMBL1156598,no issue,11.0,23.0,0.0,0.0
CHEMBL1156602,no issue,0.5,0.0,0.0,0.0
CHEMBL1156603,no issue,4.0,0.0,0.0,0.0
CHEMBL1156604,highly correlated assays,0.0,0.0,1.5,21.5
CHEMBL1156605,no issue,0.5,3.0,4.5,1.5
CHEMBL1156610,exact data citation,10.5,14.0,0.0,0.0
CHEMBL1156611,highly correlated assays,0.5,4.5,0.0,0.0
CHEMBL1156613,no issue,3.5,0.0,0.0,0.0
CHEMBL1156614,no issue,0.5,0.0,0.0,0.0
CHEMBL1156626,review,8.5,0.0,0.0,0.0
CHEMBL1156628,no issue,0.0,2.0,0.0,0.0
CHEMBL1156630,highly correlated assays,0.0,0.0,50.5,25.5
CHEMBL1156633,highly correlated assays,0.0,3.0,0.0,0.0
CHEMBL1156635,no issue,5.5,0.0,0.0,0.0
CHEMBL1156665,no issue,24.0,0.0,0.0,0.0
CHEMBL1156680,multiply activity for same test item,1.5,0.0,0.0,0.0
CHEMBL1156685,highly correlated assays,19.0,4.5,0.0,0.0
CHEMBL1156686,no issue,9.5,0.5,3.0,0.0
CHEMBL1156690,no issue,0.0,0.0,0.0,0.0
CHEMBL1156709,no issue,4.5,0.0,0.0,0.0
CHEMBL1156717,no issue,18.0,0.5,0.0,0.0
CHEMBL1156730,high citation rate,66.0,143.5,0.0,0.0
CHEMBL1156733,highly correlated assays,0.0,0.0,0.0,7.5
CHEMBL1156734,highly correlated assays,0.0,9.0,0.0,0.0
CHEMBL1156735,no issue,0.0,0.0,0.0,1.5
CHEMBL1156739,no issue,1.0,0.0,0.0,0.0
CHEMBL1156745,no issue,17.0,13.5,0.0,0.0
CHEMBL1156749,rounded data citation,0.0,0.0,15.0,1.0
CHEMBL1156750,no issue,0.0,1.5,0.0,0.0
CHEMBL1156752,no issue,1.5,0.0,20.5,0.0
CHEMBL1156756,shuffled assays,0.0,0.0,0.0,0.5
CHEMBL1156759,no issue,0.0,0.0,0.0,0.0
CHEMBL1156762,no issue,0.0,0.0,0.0,5.0
CHEMBL1156767,multiply activity for same test item,0.0,0.0,106.5,51.5
CHEMBL1156770,exact data citation,0.0,0.0,2.0,7.0
CHEMBL1156772,exact data citation,0.0,0.0,8.5,5.0
CHEMBL1156775,highly correlated assays,0.0,0.0,1.5,26.0
CHEMBL1156785,no issue,3.0,0.0,0.0,0.0
CHEMBL1156787,highly correlated assays,0.0,28.0,0.0,0.0
CHEMBL1156789,highly correlated assays,22.5,9.0,0.0,0.0
CHEMBL1156800,rounded data citation,23.0,0.0,0.0,0.0
CHEMBL1156805,exact data citation,0.0,0.0,1.5,1.0
CHEMBL1156812,multiply activity for same test item,0.0,0.0,2.5,2.5
CHEMBL1156813,exact data citation,62.0,0.0,51.0,4.0
CHEMBL1156815,multiply activity for same test item,0.0,0.0,28.0,0.0
CHEMBL1156817,no issue,0.0,1.0,0.0,0.0
CHEMBL1156818,no issue,5.5,1.5,0.0,0.0
CHEMBL1156820,no issue,0.0,0.0,11.5,0.5
CHEMBL1156822,no issue,13.0,0.0,0.0,0.0
CHEMBL1156827,no issue,0.0,0.0,0.0,8.0
CHEMBL1156833,exact data citation,0.0,3.0,0.0,0.0
CHEMBL1156836,no issue,126.0,0.5,0.0,0.0
CHEMBL1156840,exact data citation,53.0,6.0,0.0,0.0
CHEMBL1156845,multiply activity for same test item,4.5,0.5,0.0,0.0
CHEMBL1156850,no issue,0.0,0.0,0.0,0.0
CHEMBL1156855,test Item with unknown chirality,0.0,0.0,0.0,0.0
CHEMBL1156860,no issue,1.0,0.0,0.0,0.0
CHEMBL1156866,no issue,0.0,3.5,0.0,44.0
CHEMBL1156872,no issue,0.0,0.0,0.0,0.0
CHEMBL1156891,test Item with unknown chirality,0.0,1.0,0.0,0.0
CHEMBL1156894,no issue,0.0,0.0,0.0,0.0
CHEMBL1156895,exact data citation,76.0,14.5,0.0,0.0
CHEMBL1156899,shuffled assays,1088.0,1180.0,0.0,0.0
CHEMBL1156904,no issue,0.0,0.0,0.0,8.5
CHEMBL1156908,no issue,3.0,0.0,0.0,0.0
CHEMBL1156909,exact data citation,0.0,0.0,2.0,15.5
CHEMBL1156912,review,0.0,0.0,0.0,11.5
CHEMBL1156923,no issue,0.0,0.0,0.0,0.0
CHEMBL1156925,no issue,2.0,0.0,0.0,0.0
CHEMBL1156929,multiply activity for same test item,18.0,0.0,0.0,0.0
CHEMBL1156930,highly correlated assays,0.0,0.0,0.0,0.0
CHEMBL1156934,multifunctional enzyme,0.5,1.0,0.0,0.0
CHEMBL1156937,no issue,0.0,0.0,0.0,0.0
CHEMBL1156938,no issue,0.0,0.0,1.5,2.0
CHEMBL1156939,no issue,2.0,0.0,1.0,0.0
CHEMBL1156941,no issue,2.5,0.5,0.0,0.0
CHEMBL1156954,no issue,10.0,0.0,0.0,0.0
CHEMBL1156969,rounded data citation,0.0,0.0,23.5,0.5
CHEMBL1156971,rounded data citation,0.0,1.0,0.0,0.0
CHEMBL1156984,no issue,4.0,52.0,0.0,0.0
CHEMBL1156986,highly correlated assays,71.0,3.5,0.0,0.0
CHEMBL1156989,no issue,9.5,0.5,0.0,0.0
CHEMBL1156992,no issue,0.0,0.0,22.0,0.0
CHEMBL1156993,test Item with unknown chirality,0.0,6.0,0.0,0.0
CHEMBL1156995,highly correlated assays,0.0,80.0,0.0,3.0
CHEMBL1157008,no issue,9.0,7.5,0.0,0.0
CHEMBL1157009,highly correlated assays,0.0,4.0,0.0,0.0
CHEMBL1157011,no issue,0.0,1.0,4.0,4.0
CHEMBL1157030,no issue,119.0,10.5,0.0,0.0
CHEMBL1157033,review,1.5,0.0,0.0,0.0
CHEMBL1157080,exact data citation,5.5,0.5,0.0,0.0
CHEMBL1157114,no issue,5.5,2.0,0.0,0.0
CHEMBL1157120,no issue,0.0,0.0,6.0,4.0
CHEMBL1157125,exact data citation,1.0,0.5,0.0,0.0
CHEMBL1157133,test Item with unknown chirality,0.0,0.0,0.0,0.0
CHEMBL1157135,no issue,2.0,0.0,0.0,0.0
CHEMBL1157137,no issue,20.5,5.5,0.0,0.0
CHEMBL1157138,exact data citation,0.5,0.0,0.0,0.0
CHEMBL1157146,no issue,1.0,1.5,0.0,0.0
CHEMBL1157147,no issue,0.0,0.5,0.0,0.0
CHEMBL1157148,highly correlated assays,0.0,0.0,36.5,6.5
CHEMBL1157158,highly correlated assays,0.5,0.0,2.0,4.5
CHEMBL1157164,test Item with unknown chirality,0.0,0.5,0.0,0.0
CHEMBL1157167,no issue,16.0,0.5,0.0,0.0
CHEMBL1157185,no issue,2.5,2.0,0.0,0.0
CHEMBL1157199,highly correlated assays,21.5,1.5,0.0,0.0
CHEMBL1157211,no issue,1.0,0.0,0.0,0.0
CHEMBL1157251,no issue,15.5,0.5,0.0,0.0
CHEMBL1157348,highly correlated assays,0.0,0.0,226.0,80.5
CHEMBL1157349,highly correlated assays,0.0,1.5,0.0,0.0
CHEMBL1157354,multifunctional enzyme,0.0,0.0,0.5,1.0
CHEMBL1157355,review,1259.0,60.0,0.0,0.0
CHEMBL1157368,rounded data citation,2.0,0.5,0.0,0.0
CHEMBL1157410,no issue,12.0,3.5,0.0,0.0
CHEMBL1157420,highly correlated assays,12.0,52.0,0.0,0.0
CHEMBL1157439,no issue,0.0,0.0,69.0,3.0
CHEMBL1157445,no issue,120.0,6.5,0.0,0.0
CHEMBL1157452,no issue,9.0,0.0,0.0,0.0
CHEMBL1157458,highly correlated assays,0.0,0.0,2.0,2.0
CHEMBL1157459,test Item with unknown chirality,0.0,4.0,0.0,0.0
CHEMBL1157465,no issue,0.0,7.0,0.0,0.0
CHEMBL1157467,no issue,0.5,2.5,0.0,0.0
CHEMBL1157471,highly correlated assays,0.0,0.0,0.5,46.0
CHEMBL1157476,multiply activity for same test item,0.0,0.0,0.0,0.0
CHEMBL1157480,no issue,1.5,0.0,0.0,0.0
CHEMBL1157481,no issue,40.0,0.0,0.0,0.0
CHEMBL1157483,no issue,0.0,0.0,0.0,0.0
CHEMBL1157485,no issue,13.5,0.0,0.0,0.0
CHEMBL1157487,shuffled assays,0.0,32.0,0.0,0.0
CHEMBL1157491,multiply activity for same test item,0.0,0.0,0.0,0.0
CHEMBL1157499,test Item with unknown chirality,3.0,0.0,0.0,0.0
CHEMBL1157509,no issue,29.5,0.0,0.0,0.0
CHEMBL1157516,exact data citation,0.0,0.0,0.0,0.5
CHEMBL1157521,highly correlated assays,30.0,11.5,0.0,0.0
CHEMBL1157522,highly correlated assays,0.0,0.0,2.0,16.0
CHEMBL1157534,no issue,0.0,120.0,0.0,0.0
CHEMBL1157535,test Item with unknown chirality,0.0,0.0,0.0,0.0
CHEMBL1157537,multiply activity for same test item,0.0,0.0,1.5,2.0
CHEMBL1157538,no issue,3.5,3.5,0.5,0.0
CHEMBL1157541,no issue,52.5,1.5,0.0,0.0
CHEMBL1157546,test Item with unknown chirality,0.0,2.0,0.0,2.0
CHEMBL1157549,highly correlated assays,32.0,46.5,0.0,0.0
CHEMBL1157558,exact data citation,0.0,1.0,0.0,0.0
CHEMBL1157560,no issue,0.0,0.0,2.0,0.0
CHEMBL1157562,multiply activity for same test item,0.0,0.0,0.0,42.0
CHEMBL1157563,no issue,2.0,0.0,0.0,0.0
CHEMBL1157564,test Item with unknown chirality,0.0,0.0,0.0,0.0
CHEMBL1157565,no issue,0.0,0.0,0.0,1.0
CHEMBL1157568,test Item with unknown chirality,0.0,0.0,0.0,0.5
CHEMBL1157570,highly correlated assays,0.0,15.0,0.0,1.0
CHEMBL1157573,no issue,0.0,0.0,0.0,0.0
CHEMBL1157574,highly correlated assays,23.0,9.0,0.0,0.0
CHEMBL1157577,highly correlated assays,13.0,5.0,0.0,0.0
CHEMBL1157583,no issue,19.5,67.0,0.0,0.0
CHEMBL1157584,no issue,0.0,0.0,0.0,0.0
CHEMBL1157594,no issue,0.0,0.0,772.0,0.0
CHEMBL1157595,no issue,5.0,8.5,4.0,0.5
CHEMBL1157596,no issue,4.0,0.0,0.0,0.0
CHEMBL1157603,no issue,0.0,0.0,4.0,0.0
CHEMBL1157604,test Item with unknown chirality,4.5,17.5,0.0,0.0
CHEMBL1157605,no issue,112.5,14.0,0.0,0.0
CHEMBL1157608,no issue,0.0,0.0,0.0,0.0
CHEMBL1157614,no issue,6.5,0.0,0.0,0.0
CHEMBL1157616,no issue,11.0,0.5,0.0,0.0
CHEMBL1157620,no issue,0.0,0.0,0.0,28.5
CHEMBL1157624,no issue,52.0,5.0,0.0,0.0
CHEMBL1157629,no issue,92.0,0.5,0.0,0.0
CHEMBL1157636,no issue,14.0,3.5,0.0,0.0
CHEMBL1157641,highly correlated assays,0.0,0.0,20.5,329.0
CHEMBL1157642,highly correlated assays,61.5,0.0,117.5,30.0
CHEMBL1157644,highly correlated assays,87.0,0.0,0.0,0.0
CHEMBL1157646,rounded data citation,32.5,0.5,0.0,0.0
CHEMBL1157648,multifunctional enzyme,0.0,2.0,0.0,60.5
CHEMBL1157651,no issue,4.5,0.0,0.0,0.0
CHEMBL1157656,exact data citation,0.0,0.0,1.0,0.0
CHEMBL1157657,highly correlated assays,0.0,0.0,31.0,26.5
CHEMBL1157661,no issue,0.0,0.0,48.0,1.5
CHEMBL1157664,no issue,0.0,1.0,0.0,0.0
CHEMBL1157666,exact data citation,7.5,4.5,0.0,0.0
CHEMBL1157667,no issue,0.0,1.0,0.0,0.0
CHEMBL1157668,no issue,7.5,4.5,0.0,0.0
CHEMBL1157683,exact data citation,0.0,2.0,0.0,0.0
CHEMBL1157697,shuffled assays,89.0,56.0,0.0,0.0
CHEMBL1157700,multifunctional enzyme,0.0,0.0,0.0,0.0
CHEMBL1157702,no issue,1.5,0.5,0.0,0.0
CHEMBL1157706,no issue,0.5,1.5,0.0,0.0
CHEMBL1157707,no issue,1.0,1.5,0.0,0.0
CHEMBL1157712,highly correlated assays,2.5,0.0,4.5,0.0
CHEMBL1157713,highly correlated assays,0.0,16.0,0.0,4.0
CHEMBL1157716,no issue,7.5,4.5,0.0,0.0
CHEMBL1157717,no issue,1.0,0.0,0.0,0.0
CHEMBL1157718,no issue,0.0,4.0,0.0,0.0
CHEMBL1157719,highly correlated assays,12.0,49.0,0.0,0.0
CHEMBL1157722,no issue,0.5,0.0,0.0,0.0
CHEMBL1157726,no issue,540.0,96.0,0.0,0.0
CHEMBL1157730,exact data citation,0.0,0.0,53.0,1.0
CHEMBL1157735,no issue,0.0,0.0,0.0,0.0
CHEMBL1157736,no issue,0.0,0.5,0.0,0.0
CHEMBL1157737,no issue,0.5,0.0,0.0,0.0
CHEMBL1157744,no issue,0.0,0.0,0.0,0.0
CHEMBL1157745,no issue,0.0,0.0,0.5,0.5
CHEMBL1157748,multiply activity for same test item,0.0,0.0,1.0,5.0
CHEMBL1157749,highly correlated assays,0.0,0.0,76.0,25.0
CHEMBL1157780,no issue,1.0,0.0,0.0,0.0
CHEMBL1157783,no issue,1.0,0.5,0.0,0.0
CHEMBL1157786,exact data citation,0.0,0.0,16.5,0.5
CHEMBL1157788,highly correlated assays,0.0,4.5,0.0,0.0
CHEMBL1157791,no issue,0.5,0.0,0.0,0.0
CHEMBL1157794,test Item with unknown chirality,0.0,4.5,0.0,0.0
CHEMBL1157802,test Item with unknown chirality,0.0,0.0,0.0,0.0
CHEMBL1157812,no issue,2.0,0.0,3.5,0.0
CHEMBL1157813,exact data citation,0.0,0.0,1.0,4.0
CHEMBL1157818,highly correlated assays,0.0,0.0,67.0,76.0
CHEMBL1157820,no issue,0.0,0.0,0.0,0.0
CHEMBL1157822,test Item with unknown chirality,2.5,0.0,0.0,0.0
CHEMBL1157827,exact data citation,3.5,3.0,7.0,2.5
CHEMBL1157828,exact data citation,0.0,0.0,4.0,1.0
CHEMBL1157829,no issue,2.5,0.0,0.0,0.0
CHEMBL1157839,review,2.5,0.0,1.0,1.0
CHEMBL1157866,no issue,30.0,3.0,0.0,0.0
CHEMBL1157883,no issue,80.5,7.5,0.0,0.0
CHEMBL1157885,highly correlated assays,0.0,2.5,0.0,2.0
CHEMBL1157886,no issue,0.0,0.0,42.5,1.5
CHEMBL1157898,test Item with unknown chirality,1.0,0.0,0.0,0.0
CHEMBL1157899,highly correlated assays,0.0,3.5,0.0,0.0
CHEMBL1157900,multiply activity for same test item,46.0,5.0,0.0,0.0
CHEMBL1157901,highly correlated assays,0.0,2.5,0.0,0.0
CHEMBL1157906,no issue,1.5,7.0,0.0,0.0
CHEMBL1157915,multiply activity for same test item,307.5,25.0,0.0,0.0
CHEMBL1157919,exact data citation,1.5,4.5,0.0,0.0
CHEMBL1157923,exact data citation,0.0,0.0,51.0,6.0
CHEMBL1157925,no issue,24.0,0.0,0.0,0.0
CHEMBL1157927,no issue,2.0,0.0,0.0,0.0
CHEMBL1157937,no issue,0.0,0.0,0.0,0.0
CHEMBL1157938,no issue,0.0,0.0,0.0,0.0
CHEMBL1157961,no issue,51.5,0.0,0.0,0.0
CHEMBL1157970,multifunctional enzyme,0.0,0.0,0.5,0.5
CHEMBL1158055,no issue,1.5,1.5,0.0,0.0
CHEMBL1158056,no issue,8.5,0.0,0.0,0.0
CHEMBL1158060,highly correlated assays,177.5,0.0,0.0,0.0
CHEMBL1158075,no issue,0.0,0.0,14.0,0.0
CHEMBL1158089,no issue,0.0,0.0,2.5,0.5
CHEMBL1158101,no issue,13.5,10.0,0.0,0.0
CHEMBL1158153,no issue,0.0,0.0,0.0,0.5
CHEMBL1158157,high citation rate,0.0,56.0,0.0,0.0
CHEMBL1158254,test Item with unknown chirality,0.5,0.0,0.0,0.0
CHEMBL1158267,no issue,0.0,0.0,1.5,0.0
CHEMBL1158279,no issue,0.0,0.0,0.0,0.0
CHEMBL1158280,no issue,6.0,1.0,0.0,0.0
CHEMBL1158345,multiply activity for same test item,35.5,0.0,0.0,0.0
CHEMBL1158371,no issue,60.0,6.0,0.0,0.0
CHEMBL1158399,highly correlated assays,49.0,3.0,0.0,0.0
CHEMBL1158401,highly correlated assays,0.0,0.0,33.0,0.0
CHEMBL1158406,no issue,0.0,0.0,0.0,0.0
CHEMBL1158409,no issue,0.0,0.0,0.0,0.0
CHEMBL1158411,exact data citation,0.0,3.5,0.0,0.0
CHEMBL1158414,no issue,0.0,0.5,0.0,0.0
CHEMBL1158418,no issue,0.0,0.0,4.0,0.5
CHEMBL1158432,test Item with unknown chirality,5.0,0.0,1.0,0.0
CHEMBL1158433,test Item with unknown chirality,0.0,0.0,0.0,0.0
CHEMBL1158434,no issue,0.0,0.0,0.0,0.5
CHEMBL1158439,no issue,30.5,0.0,0.0,0.0
CHEMBL1158445,highly correlated assays,0.0,17.5,0.0,0.0
CHEMBL1158447,no issue,0.5,0.0,0.0,0.0
CHEMBL1158455,no issue,0.0,0.0,0.0,0.0
CHEMBL1158456,no issue,0.0,3.0,0.0,0.0
CHEMBL1158459,multiply activity for same test item,19.0,3.5,0.0,0.0
CHEMBL1158463,rounded data citation,0.0,2.0,0.0,0.0
CHEMBL1158465,no issue,0.0,0.0,0.0,0.0
CHEMBL1158467,no issue,0.0,7.5,0.0,0.0
CHEMBL1158468,multiply activity for same test item,0.0,9.5,0.0,0.0
CHEMBL1158470,no issue,0.0,6.0,0.0,0.0
CHEMBL1158472,exact data citation,0.0,0.0,21.0,324.5
CHEMBL1158476,multiply activity for same test item,0.0,0.0,6.0,19.0
CHEMBL1158482,no issue,0.0,0.0,52.0,206.0
CHEMBL1158483,highly correlated assays,0.0,1.5,0.0,0.0
CHEMBL1158488,no issue,28.5,0.0,0.0,0.0
CHEMBL1158492,no issue,0.0,0.5,0.0,0.0
CHEMBL1158495,highly correlated assays,43.0,2.5,0.0,0.0
CHEMBL1158497,multifunctional enzyme,15.0,9.0,0.0,0.0
CHEMBL1158499,test Item with unknown chirality,1.0,0.0,0.0,0.0
CHEMBL1158500,no issue,0.0,0.0,44.0,12.5
CHEMBL1158507,no issue,0.0,1.0,0.0,0.0
CHEMBL1158509,no issue,0.0,80.0,0.0,0.0
CHEMBL1158511,multiply activity for same test item,0.0,0.0,4.5,1.5
CHEMBL1158513,exact data citation,0.0,1.0,0.0,0.0
CHEMBL1158515,highly correlated assays,0.0,84.0,0.0,0.0
CHEMBL1158518,no issue,3.5,0.0,33.0,0.0
CHEMBL1158522,no issue,0.0,0.0,0.0,3.5
CHEMBL1158524,no issue,0.0,0.0,19.5,0.0
CHEMBL1158529,highly correlated assays,83.5,7.5,0.0,0.0
CHEMBL1158538,no issue,16.0,0.0,0.0,0.0
CHEMBL1158539,no issue,0.0,1.5,0.0,0.0
CHEMBL1158540,highly correlated assays,36.0,16.0,0.0,0.0
CHEMBL1158541,no issue,3.0,0.0,0.0,0.0
CHEMBL1158555,highly correlated assays,220.0,76.0,0.0,0.0
CHEMBL1158556,exact data citation,0.0,3.5,0.0,0.0
CHEMBL1158560,exact data citation,0.0,0.0,11.0,2.5
CHEMBL1158564,no issue,2.0,2.0,0.0,0.0
CHEMBL1158568,no issue,0.0,0.0,0.0,0.0
CHEMBL1158569,no issue,0.0,0.0,1.0,0.5
CHEMBL1158577,no issue,0.0,0.0,21.0,1.5
CHEMBL1158584,exact data citation,63.0,4.0,0.0,0.0
CHEMBL1158590,no issue,65.0,1.0,0.0,0.0
CHEMBL1158591,no issue,1.0,0.0,0.0,0.0
CHEMBL1158602,multiply activity for same test item,1.5,19.0,0.0,0.0
CHEMBL1158608,no issue,0.0,0.0,4.0,0.5
CHEMBL1158619,no issue,33.0,0.0,0.0,0.0
CHEMBL1158622,test Item with unknown chirality,0.0,0.0,0.0,0.0
CHEMBL1158625,no issue,0.0,3.5,0.0,0.0
CHEMBL1158627,highly correlated assays,0.0,0.0,1.5,8.0
CHEMBL1158628,shuffled assays,0.0,0.0,0.0,92.0
CHEMBL1158828,multifunctional enzyme,0.0,0.0,0.0,0.0
CHEMBL1159019,review,0.0,0.0,0.0,0.0
CHEMBL1159043,exact data citation,14.5,13.0,0.0,0.0
CHEMBL1159052,no issue,0.0,0.0,13.5,6.5
CHEMBL1159055,no issue,0.0,0.5,0.0,0.0
CHEMBL1159058,no issue,1.5,4.0,0.0,0.0
CHEMBL1159067,no issue,0.0,0.0,0.0,1.0
CHEMBL1159071,no issue,1.0,0.0,0.0,0.5
CHEMBL1159080,no issue,1.0,1.0,0.0,0.0
CHEMBL1159082,test Item with unknown chirality,7.0,6.0,0.0,0.0
CHEMBL1159083,exact data citation,0.0,0.5,0.0,0.0
CHEMBL1159084,no issue,20.0,5.5,0.0,0.0
CHEMBL1159087,no issue,2.5,0.0,0.0,0.0
CHEMBL1159089,no issue,0.0,2.5,0.0,0.0
CHEMBL1159093,no issue,0.5,0.0,0.0,0.0
CHEMBL1159096,exact data citation,8.0,8.5,0.0,0.0
CHEMBL1159098,multifunctional enzyme,68.5,30.0,0.0,0.0
CHEMBL1159101,no issue,0.0,0.0,1.5,2.0
CHEMBL1159112,highly correlated assays,48.5,9.5,0.0,0.0
CHEMBL1159113,highly correlated assays,0.0,0.0,33.0,4.5
CHEMBL1159120,multifunctional enzyme,24.5,291.5,0.0,0.0
CHEMBL1159122,no issue,1.0,0.0,0.0,0.0
CHEMBL1159125,rounded data citation,0.0,0.5,0.0,0.0
CHEMBL1159256,no issue,0.0,0.5,0.0,0.0
CHEMBL1159269,no issue,6.5,1.0,0.0,0.0
CHEMBL1159271,exact data citation,0.5,0.0,0.0,0.0
CHEMBL1165846,no issue,3.0,5.0,0.0,0.0
CHEMBL1165847,review,0.5,0.5,8.5,4.5
CHEMBL1165871,multifunctional enzyme,4.5,2.5,0.0,0.0
CHEMBL1165874,highly correlated assays,0.0,0.0,40.5,951.5
CHEMBL1165900,no issue,0.0,0.0,1.5,0.0
CHEMBL1165903,no issue,114.0,0.0,0.0,0.0
CHEMBL1165915,no issue,0.0,0.0,0.0,42.0
CHEMBL1165917,rounded data citation,0.0,0.0,10.5,38.0
CHEMBL1165918,no issue,410.5,0.0,0.0,0.0
CHEMBL1165924,no issue,0.0,3.0,0.0,0.0
CHEMBL1165925,no issue,1.5,2.5,0.0,0.0
CHEMBL1165926,multifunctional enzyme,0.5,0.0,0.0,0.0
CHEMBL1165928,no issue,0.0,8.0,0.0,0.0
CHEMBL1165932,highly correlated assays,0.0,2.0,0.0,0.0
CHEMBL1165934,test Item with unknown chirality,3.0,3.0,0.0,0.0
CHEMBL1165938,rounded data citation,0.0,0.5,0.0,0.0
CHEMBL1165944,exact data citation,48.5,9.0,0.0,0.0
CHEMBL1165948,no issue,0.0,9.0,0.0,0.0
CHEMBL1165953,no issue,1.0,13.0,0.0,0.0
CHEMBL1165972,no issue,0.0,0.0,0.0,0.5
CHEMBL1165993,no issue,43.5,0.5,24.0,0.0
CHEMBL1166005,test Item with unknown chirality,0.0,1.0,0.0,0.0
CHEMBL1166009,highly correlated assays,0.0,0.0,343.5,2.0
CHEMBL1166018,no issue,11.5,6.5,0.0,0.0
CHEMBL1177637,no issue,0.0,0.0,5.0,2.0
CHEMBL1177639,no issue,0.0,0.5,0.0,0.0
CHEMBL1177649,no issue,0.0,0.0,2.0,0.5
CHEMBL1177652,highly correlated assays,15.0,14.0,0.0,0.0
CHEMBL1177654,no issue,1.5,0.0,0.0,0.0
CHEMBL1177657,multiply activity for same test item,0.0,27.5,0.0,0.0
CHEMBL1177668,no issue,33.0,0.0,0.0,0.0
CHEMBL1177669,no issue,0.0,0.0,0.0,0.0
CHEMBL1177670,highly correlated assays,0.0,0.0,99.0,3.5
CHEMBL1177672,highly correlated assays,0.0,14.5,0.0,0.0
CHEMBL1177674,highly correlated assays,0.0,4.0,0.0,0.0
CHEMBL1177680,no issue,0.0,0.0,0.5,0.5
CHEMBL1177684,no issue,59.0,12.5,0.0,0.0
CHEMBL1177686,no issue,0.0,0.0,0.0,1.5
CHEMBL1177692,highly correlated assays,0.0,0.0,40.0,548.5
CHEMBL1177700,exact data citation,0.0,0.0,2.5,2.0
CHEMBL1177705,no issue,140.0,2.5,0.0,0.0
CHEMBL1177708,no issue,70.5,8.0,0.0,0.0
CHEMBL1177712,no issue,4.5,11.0,0.0,0.0
CHEMBL1177713,high citation rate,104.0,92.0,0.0,0.0
CHEMBL1177716,no issue,1.0,0.5,0.0,0.0
CHEMBL1177717,no issue,0.0,0.0,0.0,0.0
CHEMBL1177719,no issue,5.5,1.0,0.0,0.0
CHEMBL1177720,no issue,4.0,44.0,0.0,0.0
CHEMBL1177725,no issue,1.5,0.0,24.0,37.5
CHEMBL1177728,no issue,0.5,0.5,0.0,0.0
CHEMBL1177734,exact data citation,158.5,18.0,0.0,0.0
CHEMBL1177736,highly correlated assays,11.0,32.0,0.0,0.0
CHEMBL1177762,no issue,0.0,0.0,2.0,0.0
CHEMBL1177763,no issue,0.0,0.5,0.0,0.0
CHEMBL1177773,no issue,60.5,0.5,0.0,0.0
CHEMBL1177791,no issue,0.0,36.0,0.0,0.0
CHEMBL1177792,no issue,0.0,0.0,0.0,0.0
CHEMBL1177813,multiply activity for same test item,0.0,0.0,0.0,0.0
CHEMBL1177820,no issue,0.0,0.0,0.0,0.0
CHEMBL1177825,no issue,1.5,0.0,0.0,0.0
CHEMBL1177838,exact data citation,98.0,5.0,0.0,0.0
CHEMBL1177841,no issue,10.5,5.0,0.0,0.0
CHEMBL1177872,no issue,5.5,0.0,0.0,0.0
CHEMBL1177880,no issue,0.0,0.0,0.0,0.0
CHEMBL1177883,multiply activity for same test item,0.0,0.0,0.0,41.0
CHEMBL1177889,no issue,0.0,0.0,0.0,1.0
CHEMBL1208672,no issue,14.0,0.0,0.0,0.0
CHEMBL1208673,highly correlated assays,45.5,0.0,0.0,0.0
CHEMBL1208679,test Item with unknown chirality,0.0,0.0,0.0,0.0
CHEMBL1208683,highly correlated assays,0.0,0.0,100.5,0.0
CHEMBL1208689,no issue,0.0,4.0,0.0,0.0
CHEMBL1208692,test Item with unknown chirality,0.0,4.5,0.0,0.0
CHEMBL1208697,highly correlated assays,76.0,14.5,0.0,0.0
CHEMBL1208703,no issue,0.5,3.0,0.0,0.0
CHEMBL1208705,no issue,0.0,5.5,0.0,0.0
CHEMBL1208707,test Item with unknown chirality,0.0,0.0,0.0,0.0
CHEMBL1208711,no issue,0.0,0.5,0.0,0.0
CHEMBL1208718,no issue,1.5,0.0,0.0,0.0
CHEMBL1208719,highly correlated assays,200.0,72.0,2.5,5.5
CHEMBL1208729,highly correlated assays,0.0,12.5,0.0,0.0
CHEMBL1208732,highly correlated assays,0.0,3.5,0.0,0.0
CHEMBL1208738,test Item with unknown chirality,0.0,0.0,0.0,0.0
CHEMBL1208739,no issue,0.0,0.0,0.0,3.0
CHEMBL1208745,no issue,0.0,59.5,0.0,0.0
CHEMBL1208746,no issue,0.0,1.5,0.0,1.0
CHEMBL1208748,highly correlated assays,0.0,0.0,51.5,791.5
CHEMBL1208751,no issue,2.5,2.5,0.0,0.0
CHEMBL1208754,test Item with unknown chirality,0.0,0.0,0.0,0.0
CHEMBL1208758,exact data citation,2.5,11.5,0.0,0.0
CHEMBL1208759,exact data citation,31.5,8.0,0.0,0.0
CHEMBL1208767,no issue,0.0,0.0,0.0,0.5
CHEMBL1208771,exact data citation,0.0,0.0,0.5,1.5
CHEMBL1208779,exact data citation,2.5,0.0,0.0,0.0
CHEMBL1208786,exact data citation,11.5,3.5,0.0,0.0
CHEMBL1208788,multiply activity for same test item,1.0,11.0,0.0,0.0
CHEMBL1212695,test Item with unknown chirality,0.0,0.0,3.5,2.0
CHEMBL1212706,no issue,0.0,0.0,1.5,2.0
CHEMBL1212709,highly correlated assays,0.0,68.0,0.0,0.0
CHEMBL1212719,no issue,0.0,0.0,0.5,0.0
CHEMBL1212730,no issue,0.0,0.0,0.0,0.0
CHEMBL1212776,rounded data citation,0.5,0.0,0.0,0.0
CHEMBL1212811,no issue,0.0,0.0,41.5,1.0
CHEMBL1212819,exact data citation,0.0,0.0,0.0,2.0
CHEMBL1212820,exact data citation,0.0,4.0,0.0,0.0
CHEMBL1212821,no issue,1.5,0.0,0.0,0.0
CHEMBL1212822,no issue,0.0,0.0,21.0,0.0
CHEMBL1212825,no issue,0.0,3.0,0.0,0.0
CHEMBL1212834,no issue,0.0,1.0,0.0,0.0
CHEMBL1212839,highly correlated assays,0.0,2.0,1.5,9.5
CHEMBL1212845,no issue,4.0,0.0,0.0,0.0
CHEMBL1212847,exact data citation,0.0,0.0,5.5,2.5
CHEMBL1212848,no issue,0.0,0.0,2.0,0.0
CHEMBL1212849,no issue,33.0,0.5,0.0,0.0
CHEMBL1212852,highly correlated assays,0.0,0.0,25.5,799.5
CHEMBL1212853,highly correlated assays,196.0,220.0,0.0,0.0
CHEMBL1212860,highly correlated assays,0.5,18.0,0.0,0.0
CHEMBL1212861,exact data citation,13.5,3.5,0.0,0.0
CHEMBL1212862,no issue,0.0,2.0,0.0,0.0
CHEMBL1212864,test Item with unknown chirality,0.0,0.0,0.0,0.0
CHEMBL1212877,rounded data citation,0.0,0.0,5.5,1.0
CHEMBL1212884,exact data citation,0.0,0.0,0.0,0.5
CHEMBL1212894,no issue,0.5,0.0,0.0,0.0
CHEMBL1212898,test Item with unknown chirality,0.0,0.0,1.5,0.0
CHEMBL1212915,no issue,0.0,0.0,0.0,0.0
CHEMBL1212916,multifunctional enzyme,4.0,0.0,0.0,0.0
CHEMBL1212920,multiply activity for same test item,0.0,0.0,0.0,0.0
CHEMBL1212921,no issue,1.0,0.0,0.0,0.0
CHEMBL1212922,no issue,0.5,0.0,0.0,0.0
CHEMBL1212923,no issue,0.0,0.0,0.0,1.0
CHEMBL1212925,highly correlated assays,10.5,22.5,0.0,0.0
CHEMBL1212928,test Item with unknown chirality,0.0,0.0,0.0,0.5
CHEMBL1212935,highly correlated assays,0.0,0.0,50.0,31.5
CHEMBL1221163,highly correlated assays,0.0,0.0,0.0,42.0
CHEMBL1221167,no issue,0.0,4.0,0.0,0.0
CHEMBL1221171,no issue,36.0,0.0,48.0,0.0
CHEMBL1221172,test Item with unknown chirality,2.0,0.0,0.0,0.0
CHEMBL1221186,no issue,0.0,0.0,0.0,0.0
CHEMBL1221188,no issue,0.0,0.0,0.0,0.0
CHEMBL1221208,no issue,0.0,0.0,0.0,0.0
CHEMBL1221209,test Item with unknown chirality,0.0,0.5,0.0,0.0
CHEMBL1221218,no issue,29.0,16.0,0.0,0.0
CHEMBL1221227,test Item with unknown chirality,0.0,16.0,0.0,0.0
CHEMBL1221239,exact data citation,68.0,5.0,0.0,0.0
CHEMBL1221245,no issue,0.0,0.0,6.0,7.5
CHEMBL1221249,no issue,0.0,0.0,2.0,0.0
CHEMBL1221253,no issue,0.0,0.0,0.5,0.0
CHEMBL1221255,multifunctional enzyme,21.0,10.0,0.0,0.0
CHEMBL1221256,no issue,188.0,0.0,0.0,0.0
CHEMBL1221257,no issue,0.0,0.0,19.5,2.5
CHEMBL1221272,no issue,3.0,4.0,0.0,0.0
CHEMBL1221273,no issue,0.0,16.0,0.0,0.0
CHEMBL1221277,test Item with unknown chirality,50.5,6.0,0.0,0.0
CHEMBL1221281,no issue,5.5,5.0,0.0,0.0
CHEMBL1221284,no issue,0.0,0.5,0.0,0.0
CHEMBL1221287,highly correlated assays,0.0,0.0,0.0,13.5
CHEMBL1221289,exact data citation,0.5,0.0,0.0,0.0
CHEMBL1221290,multiply activity for same test item,0.0,0.0,0.0,0.0
CHEMBL1221295,highly correlated assays,0.0,0.0,39.5,7.0
CHEMBL1221300,high citation rate,40.0,96.0,0.0,0.0
CHEMBL1221313,no issue,0.0,0.0,14.5,7.0
CHEMBL1221315,no issue,0.0,0.0,0.0,0.0
CHEMBL1221318,multiply activity for same test item,0.0,0.0,76.5,2.0
CHEMBL1221320,exact data citation,0.0,0.0,0.5,8.0
CHEMBL1221326,exact data citation,40.5,1.5,0.0,0.0
CHEMBL1221332,test Item with unknown chirality,0.0,1.5,0.0,0.0
CHEMBL1221335,multifunctional enzyme,7.0,0.0,0.0,0.0
CHEMBL1221336,no issue,0.0,1.5,0.0,0.0
CHEMBL1221349,highly correlated assays,0.0,16.0,0.0,0.0
CHEMBL1221353,no issue,0.0,0.0,0.0,2.0
CHEMBL1221354,no issue,3.0,0.0,0.0,0.0
CHEMBL1221355,no issue,0.0,0.5,0.0,0.5
CHEMBL1221357,exact data citation,0.0,4.5,0.0,0.0
CHEMBL1221361,no issue,0.0,0.0,0.0,0.0
CHEMBL1221377,no issue,3.5,2.5,0.0,0.0
CHEMBL1221386,test Item with unknown chirality,42.0,0.5,0.0,0.0
CHEMBL1221388,no issue,0.0,0.0,0.0,0.0
CHEMBL1240295,no issue,8.5,0.0,0.0,0.0
CHEMBL1240324,test Item with unknown chirality,0.0,0.0,0.0,0.0
CHEMBL1240326,review,0.0,0.0,0.0,0.0
CHEMBL1240330,no issue,0.0,0.0,0.0,0.0
CHEMBL1240338,no issue,13.5,9.5,0.0,0.0
CHEMBL1240346,no issue,712.0,0.0,0.0,0.0
CHEMBL1240366,no issue,0.0,0.0,0.0,0.0
CHEMBL1240418,highly correlated assays,0.0,0.0,40.0,920.5
CHEMBL1240442,highly correlated assays,0.0,0.0,0.0,0.0
CHEMBL1240449,rounded data citation,82.0,3.5,0.0,0.0
CHEMBL1240454,highly correlated assays,0.0,0.0,17.5,17.0
CHEMBL1240470,no issue,0.5,0.0,0.0,0.0
CHEMBL1240482,no issue,8.0,0.0,0.0,0.0
CHEMBL1240488,no issue,3.0,4.5,0.0,7.5
CHEMBL1240489,no issue,0.0,0.0,29.0,0.0
CHEMBL1240490,no issue,155.5,0.0,0.0,0.0
CHEMBL1240498,no issue,2.5,0.0,0.0,0.0
CHEMBL1240499,no issue,0.0,0.0,5.5,1.5
CHEMBL1240503,exact data citation,53.0,6.0,0.0,0.0
CHEMBL1240510,multifunctional enzyme,70.5,43.5,0.0,0.0
CHEMBL1240513,no issue,29.0,2.5,0.0,0.0
CHEMBL1240514,multiply activity for same test item,0.0,0.0,0.0,0.0
CHEMBL1240519,no issue,0.0,1.5,0.0,0.0
CHEMBL1240526,no issue,8.5,0.0,0.0,0.0
CHEMBL1240529,no issue,37.5,1.0,0.0,0.0
CHEMBL1250430,multifunctional enzyme,69.0,50.5,0.0,0.0
CHEMBL1250431,no issue,0.0,0.0,1.5,1.5
CHEMBL1250432,exact data citation,13.5,0.0,33.0,456.5
CHEMBL1250436,exact data citation,0.0,0.0,13.0,5.0
CHEMBL1250452,highly correlated assays,1.0,0.0,5.5,0.0
CHEMBL1250453,multifunctional enzyme,0.0,0.0,0.0,0.0
CHEMBL1250454,highly correlated assays,0.0,0.0,12.5,7.5
CHEMBL1250455,multiply activity for same test item,0.0,0.0,3.0,7.0
CHEMBL1250457,no issue,0.5,0.0,0.0,0.0
CHEMBL1250469,no issue,1.0,0.0,0.0,0.0
CHEMBL1250470,test Item with unknown chirality,0.0,1.0,0.0,0.0
CHEMBL1250474,no issue,0.0,0.0,0.0,0.0
CHEMBL1250494,multifunctional enzyme,71.0,27.5,0.0,0.0
CHEMBL1250518,no issue,38.0,17.5,0.0,0.0
CHEMBL1250519,highly correlated assays,0.0,12.0,0.0,0.0
CHEMBL1250525,exact data citation,0.0,0.0,2.5,12.0
CHEMBL1250526,no issue,0.5,1.0,0.0,0.0
CHEMBL1250538,no issue,14.0,3.0,0.0,0.0
CHEMBL1250539,no issue,0.0,0.0,0.5,0.5
CHEMBL1250540,no issue,0.0,0.0,0.5,5.0
CHEMBL1250545,no issue,0.0,4.0,0.0,0.0
CHEMBL1255168,no issue,1.0,2.0,0.0,0.0
CHEMBL1255170,no issue,2.0,0.0,0.0,0.0
CHEMBL1255172,no issue,0.0,0.0,0.0,1.0
CHEMBL1255181,no issue,104.5,15.0,0.0,0.0
CHEMBL1255185,no issue,107.0,5.0,0.0,0.0
CHEMBL1255197,no issue,0.0,0.0,10.0,3.5
CHEMBL1255200,shuffled assays,546.0,72.0,0.0,0.0
CHEMBL1255205,test Item with unknown chirality,0.0,0.0,0.0,0.0
CHEMBL1255209,test Item with unknown chirality,0.0,0.0,0.0,1.0
CHEMBL1255210,multifunctional enzyme,0.0,0.0,0.0,0.0
CHEMBL1255211,no issue,32.0,0.0,0.0,0.0
CHEMBL1255216,test Item with unknown chirality,0.0,1.5,0.0,1.0
CHEMBL1255217,highly correlated assays,0.0,0.0,274.0,128.5
CHEMBL1255222,no issue,0.0,0.0,0.5,6.0
CHEMBL1255223,test Item with unknown chirality,4.0,84.0,0.0,0.0
CHEMBL1255224,no issue,0.0,24.5,0.0,0.0
CHEMBL1255226,no issue,0.0,0.0,0.0,0.0
CHEMBL1255227,no issue,0.0,0.0,0.0,0.0
CHEMBL1255253,no issue,456.0,24.0,0.0,0.0
CHEMBL1255335,no issue,0.0,0.5,0.0,0.0
CHEMBL1255339,exact data citation,0.0,0.5,0.0,0.0
CHEMBL1255387,multifunctional enzyme,0.0,0.0,0.0,0.0
CHEMBL1255487,multifunctional enzyme,0.0,0.0,2.5,0.0
CHEMBL1255506,no issue,271.5,78.0,0.0,0.0
CHEMBL1255507,exact data citation,0.0,0.0,7.0,10.5
CHEMBL1255511,no issue,31.5,0.5,0.0,0.0
CHEMBL1255512,no issue,0.0,0.0,5.5,8.0
CHEMBL1255513,exact data citation,7.5,1.5,0.0,0.0
CHEMBL1255514,highly correlated assays,3.5,2.5,0.0,0.0
CHEMBL1255515,no issue,0.0,0.5,0.0,0.0
CHEMBL1255516,exact data citation,0.0,16.0,0.0,0.0
CHEMBL1255520,no issue,0.0,0.0,7.0,10.5
CHEMBL1255526,no issue,0.0,96.0,0.0,0.0
CHEMBL1255538,no issue,0.5,3.5,0.0,0.0
CHEMBL1255545,no issue,0.0,0.0,2.0,3.0
CHEMBL1255548,no issue,4.5,6.0,0.0,0.0
CHEMBL1255549,no issue,0.0,0.0,0.0,1.5
CHEMBL1255551,no issue,0.0,0.0,7.5,4.5
CHEMBL1255556,no issue,0.0,0.0,34.0,1.5
CHEMBL1255566,multiply activity for same test item,0.0,0.0,0.5,0.0
CHEMBL1255573,no issue,76.5,0.0,0.0,0.0
CHEMBL1268809,highly correlated assays,0.0,3.5,0.0,0.0
CHEMBL1268813,highly correlated assays,0.0,0.0,11.0,6.0
CHEMBL1268814,highly correlated assays,0.0,0.0,270.0,38.0
CHEMBL1268824,no issue,0.0,0.0,0.0,0.0
CHEMBL1268827,no issue,0.0,0.0,0.0,9.0
CHEMBL1268842,no issue,19.5,0.5,0.0,0.0
CHEMBL1268844,no issue,3.5,7.0,0.0,0.0
CHEMBL1268866,exact data citation,0.5,0.0,0.0,0.0
CHEMBL1268867,review,2.0,0.0,0.0,0.0
CHEMBL1268879,multiply activity for same test item,0.0,0.0,0.0,6.0
CHEMBL1268881,no issue,0.0,0.0,0.0,3.5
CHEMBL1268885,no issue,0.0,5.0,0.0,0.0
CHEMBL1268887,no issue,0.0,0.0,0.0,0.0
CHEMBL1268892,no issue,0.0,0.0,0.0,3.5
CHEMBL1268896,no issue,0.0,0.0,0.0,0.0
CHEMBL1268897,no issue,0.5,0.5,0.0,0.0
CHEMBL1268899,no issue,0.0,0.0,0.0,0.0
CHEMBL1268904,no issue,5.0,0.0,0.0,0.0
CHEMBL1268911,no issue,0.0,1.0,0.0,0.0
CHEMBL1268917,test Item with unknown chirality,0.0,0.0,0.5,0.0
CHEMBL1268919,no issue,67.0,11.5,0.0,0.0
CHEMBL1268920,multiply activity for same test item,1.5,4.5,0.0,0.0
CHEMBL1268923,no issue,0.0,0.0,3.5,0.0
CHEMBL1268925,multifunctional enzyme,0.0,0.0,0.0,0.0
CHEMBL1268932,no issue,0.0,0.0,0.0,0.0
CHEMBL1268933,rounded data citation,0.0,0.0,0.0,3.5
CHEMBL1268938,exact data citation,0.0,0.0,0.0,1.0
CHEMBL1268941,no issue,0.0,0.5,0.0,0.0
CHEMBL1268942,test Item with unknown chirality,0.0,0.5,0.0,0.0
CHEMBL1268946,no issue,0.0,0.0,0.5,1.0
CHEMBL1268949,no issue,0.0,0.0,0.0,0.5
CHEMBL1268959,no issue,5.0,0.0,0.0,0.0
CHEMBL1268970,no issue,0.0,0.0,0.0,0.0
CHEMBL1268975,multiply activity for same test item,0.0,0.0,0.0,78.0
CHEMBL1268979,test Item with unknown chirality,0.0,0.0,0.0,0.0
CHEMBL1268981,no issue,0.0,0.0,1.5,4.0
CHEMBL1268987,highly correlated assays,4.5,3.0,0.0,0.0
CHEMBL1268990,no issue,0.0,0.0,0.0,0.0
CHEMBL1268992,no issue,31.0,2.0,0.0,0.0
CHEMBL1268994,multifunctional enzyme,69.0,33.5,0.0,0.0
CHEMBL1269009,no issue,0.0,0.0,0.0,0.0
CHEMBL1275259,no issue,0.0,0.0,0.0,0.0
CHEMBL1275267,high citation rate,360.0,112.0,380.0,3.0
CHEMBL1275274,highly correlated assays,10.5,0.5,0.0,0.0
CHEMBL1275283,shuffled assays,0.0,0.0,0.0,0.0
CHEMBL1275324,exact data citation,0.0,0.5,6.0,97.0
CHEMBL1275329,highly correlated assays,0.0,0.0,0.0,36.0
CHEMBL1275338,test Item with unknown chirality,2.0,1.5,0.0,0.0
CHEMBL1275345,highly correlated assays,0.0,1.5,46.5,8.5
CHEMBL1275346,highly correlated assays,0.0,0.0,0.0,16.5
CHEMBL1275351,no issue,0.0,0.0,2.0,0.5
CHEMBL1275353,exact data citation,69.0,0.5,0.0,0.0
CHEMBL1275354,exact data citation,0.0,0.5,0.0,0.0
CHEMBL1275355,exact data citation,0.0,0.0,3.5,7.5
CHEMBL1275360,no issue,0.0,0.0,12.0,2.0
CHEMBL1275364,no issue,0.0,0.0,4.0,0.0
CHEMBL1275369,no issue,34.0,2.0,0.0,0.0
CHEMBL1275371,exact data citation,3.0,1.0,0.0,0.0
CHEMBL1275372,exact data citation,0.0,6.0,0.0,0.0
CHEMBL1275376,no issue,0.0,0.0,2.0,0.0
CHEMBL1275380,no issue,1.0,3.0,0.0,0.0
CHEMBL1275385,highly correlated assays,1.5,11.0,0.0,0.0
CHEMBL1275386,no issue,0.0,0.0,0.5,0.5
CHEMBL1275393,no issue,0.0,6.5,0.0,0.0
CHEMBL1275399,no issue,156.0,0.0,0.0,0.0
CHEMBL1275402,no issue,8.0,0.0,0.0,11.0
CHEMBL1275404,no issue,0.0,0.0,0.5,0.5
CHEMBL1275523,no issue,5.0,3.5,0.0,0.0
CHEMBL1287644,no issue,8.5,0.0,0.0,0.0
CHEMBL1287663,multifunctional enzyme,4.0,0.0,0.0,0.0
CHEMBL1287669,highly correlated assays,318.0,1.0,0.0,0.0
CHEMBL1287670,no issue,2.0,1.5,3.5,0.0
CHEMBL1287671,rounded data citation,0.5,0.0,0.0,0.5
CHEMBL1287675,test Item with unknown chirality,53.5,0.5,0.0,0.0
CHEMBL1287682,exact data citation,13.5,3.5,0.0,0.0
CHEMBL1287687,no issue,28.0,0.0,0.0,0.0
CHEMBL1287688,no issue,0.0,0.0,20.0,54.0
CHEMBL1287694,no issue,0.0,20.0,0.0,0.0
CHEMBL1287700,no issue,0.0,0.5,0.0,0.0
CHEMBL1287701,no issue,1.0,0.5,0.0,0.0
CHEMBL1287708,no issue,0.0,0.0,28.5,0.0
CHEMBL1287709,exact data citation,0.0,3.5,0.0,0.0
CHEMBL1287714,no issue,1.0,0.5,0.0,0.0
CHEMBL1287715,no issue,0.0,0.0,0.0,0.0
CHEMBL1287723,no issue,4.5,2.0,0.0,0.0
CHEMBL1287724,no issue,0.0,0.0,0.0,0.0
CHEMBL1287737,no issue,1.0,0.0,0.0,0.0
CHEMBL1287744,no issue,0.0,0.0,0.0,0.0
CHEMBL1287756,highly correlated assays,220.0,76.0,0.0,0.0
CHEMBL1287765,no issue,0.0,0.0,0.0,0.0
CHEMBL1287768,no issue,1.0,0.0,0.0,0.0
CHEMBL1287777,no issue,0.0,0.0,0.0,8.5
CHEMBL1287792,exact data citation,0.0,0.0,0.0,1.0
CHEMBL1287799,no issue,0.0,0.0,75.5,2.0
CHEMBL1287801,no issue,0.0,0.0,4.0,1.0
CHEMBL1287810,no issue,42.0,0.0,0.0,0.0
CHEMBL1629418,exact data citation,0.0,1.0,0.0,0.0
CHEMBL1629419,exact data citation,25.0,0.5,0.0,0.0
CHEMBL1629428,highly correlated assays,0.0,0.0,106.0,86.0
CHEMBL1629430,multifunctional enzyme,0.5,0.0,0.0,0.0
CHEMBL1629440,no issue,0.0,0.0,3.0,1.0
CHEMBL1629442,high citation rate,0.0,4.0,0.0,0.0
CHEMBL1629443,highly correlated assays,327.0,1.5,0.0,0.0
CHEMBL1629448,no issue,6.0,0.0,0.0,0.0
CHEMBL1629451,no issue,0.0,0.0,0.0,5.0
CHEMBL1629452,no issue,41.0,5.5,0.0,0.0
CHEMBL1629455,no issue,0.0,0.5,0.0,0.5
CHEMBL1629458,no issue,7.5,0.0,0.0,0.0
CHEMBL1629478,no issue,132.5,14.0,0.0,0.0
CHEMBL1629479,exact data citation,59.0,7.0,0.0,0.0
CHEMBL1629484,no issue,0.0,1.0,0.0,0.0
CHEMBL1629492,no issue,0.0,0.0,5.5,0.0
CHEMBL1629497,exact data citation,0.0,0.0,50.0,20.0
CHEMBL1629521,exact data citation,36.5,1.0,0.0,0.0
CHEMBL1629524,test Item with unknown chirality,0.5,0.0,0.0,0.0
CHEMBL1629525,shuffled assays,0.5,133.5,0.0,0.0
CHEMBL1629536,no issue,7.0,6.0,0.0,0.0
CHEMBL1629537,highly correlated assays,538.0,49.5,0.0,0.0
CHEMBL1629538,multiply activity for same test item,0.0,0.0,0.0,0.0
CHEMBL1629540,no issue,0.0,0.0,0.0,2.0
CHEMBL1629544,exact data citation,1.5,2.5,0.0,0.0
CHEMBL1629639,no issue,0.0,0.0,0.0,0.0
CHEMBL1629647,no issue,47.5,0.0,0.0,0.0
CHEMBL1641369,no issue,20.5,8.0,0.0,0.0
CHEMBL1641372,exact data citation,0.0,0.0,0.0,1.0
CHEMBL1641373,test Item with unknown chirality,0.0,0.0,0.0,5.0
CHEMBL1641377,no issue,0.0,0.0,0.0,0.0
CHEMBL1641396,exact data citation,0.0,0.0,45.5,9.0
CHEMBL1641404,no issue,0.0,0.5,0.0,0.0
CHEMBL1641409,no issue,5.0,1.0,0.0,0.0
CHEMBL1641411,no issue,0.0,48.0,0.0,0.0
CHEMBL1641412,multiply activity for same test item,0.0,1.5,0.0,0.0
CHEMBL1641414,highly correlated assays,71.0,1.5,0.0,0.0
CHEMBL1641415,no issue,7.0,0.0,0.0,0.0
CHEMBL1641416,no issue,0.0,0.0,0.0,0.0
CHEMBL1641424,no issue,4.0,1.5,0.0,0.0
CHEMBL1641429,multifunctional enzyme,19.0,0.0,0.0,0.0
CHEMBL1641430,highly correlated assays,119.0,16.5,0.0,0.0
CHEMBL1641432,multiply activity for same test item,0.0,1.0,0.0,0.0
CHEMBL1641435,no issue,0.5,0.0,0.0,0.0
CHEMBL1641442,no issue,3.0,0.0,0.0,0.0
CHEMBL1641453,multifunctional enzyme,0.0,0.0,0.5,0.0
CHEMBL1641456,exact data citation,0.0,0.0,0.0,3.5
CHEMBL1641461,no issue,32.0,20.0,0.0,1.0
CHEMBL1641464,no issue,0.0,0.0,0.0,0.0
CHEMBL1641472,no issue,8.0,4.0,0.0,0.0
CHEMBL1641474,no issue,13.5,4.0,0.0,0.0
CHEMBL1641476,no issue,0.0,0.0,36.0,0.0
CHEMBL1641483,no issue,0.0,0.0,0.0,1.0
CHEMBL1641485,multifunctional enzyme,77.0,17.5,0.0,0.0
CHEMBL1641488,no issue,13.5,0.0,0.0,0.0
CHEMBL1641492,no issue,3.0,6.0,0.0,0.0
CHEMBL1641495,no issue,0.0,0.0,0.0,0.0
CHEMBL1641505,exact data citation,0.0,6.5,0.0,0.0
CHEMBL1641506,no issue,68.0,5.5,0.0,0.0
CHEMBL1641519,highly correlated assays,32.0,20.0,4.5,1.0
CHEMBL1641523,no issue,0.0,0.0,0.0,0.0
CHEMBL1641524,test Item with unknown chirality,0.0,0.5,0.0,0.0
CHEMBL1641531,test Item with unknown chirality,0.0,0.0,0.0,0.0
CHEMBL1641544,shuffled assays,120.0,40.0,0.0,0.0
CHEMBL1641547,exact data citation,0.0,1.0,0.0,0.0
CHEMBL1641548,no issue,0.0,1.5,0.0,0.0
CHEMBL1641558,rounded data citation,0.0,0.5,0.0,0.5
CHEMBL1641559,exact data citation,2.0,2.0,0.0,0.0
CHEMBL1641560,rounded data citation,0.0,0.0,21.0,40.5
CHEMBL1641564,no issue,1.5,3.5,0.0,0.0
CHEMBL1641566,no issue,10.5,26.5,0.0,0.0
CHEMBL1641574,no issue,0.0,0.0,0.0,1.0
CHEMBL1641577,multiply activity for same test item,0.0,0.0,0.0,0.0
CHEMBL1641585,no issue,0.0,0.5,0.0,0.0
CHEMBL1641586,no issue,0.0,0.0,0.5,0.0
CHEMBL1641598,no issue,0.0,0.0,0.0,4.0
CHEMBL1641599,shuffled assays,25.0,0.0,0.0,0.0
CHEMBL1641603,highly correlated assays,0.0,0.0,11.5,223.0
CHEMBL1649067,no issue,0.0,1.0,0.0,1.0
CHEMBL1649068,no issue,0.0,3.0,0.0,0.0
CHEMBL1649069,no issue,2.5,1.0,0.0,0.0
CHEMBL1649073,no issue,0.0,0.0,0.0,0.0
CHEMBL1649076,no issue,0.0,0.0,0.0,0.0
CHEMBL1649080,no issue,30.0,0.0,0.0,0.0
CHEMBL1649086,highly correlated assays,0.0,0.0,3.0,15.5
CHEMBL1649094,no issue,6.5,20.5,0.0,0.0
CHEMBL1649098,no issue,1.0,0.0,0.0,0.0
CHEMBL1649099,no issue,0.5,1.5,0.0,0.0
CHEMBL1649100,no issue,0.5,2.5,0.0,0.0
CHEMBL1649104,exact data citation,3.5,0.0,0.0,0.0
CHEMBL1649107,test Item with unknown chirality,0.0,0.0,0.5,3.5
CHEMBL1649255,test Item with unknown chirality,0.0,0.0,16.0,0.0
CHEMBL1649335,highly correlated assays,125.5,0.0,0.0,0.0
CHEMBL1649346,no issue,0.0,0.0,43.0,10.5
CHEMBL1649350,high citation rate,13.0,0.0,0.0,0.0
CHEMBL1649366,highly correlated assays,28.0,0.0,0.0,0.0
CHEMBL1649368,exact data citation,85.5,0.0,0.0,0.0
CHEMBL1649369,no issue,0.0,0.0,0.0,5.5
CHEMBL1649377,exact data citation,114.0,12.5,0.0,0.0
CHEMBL1649412,no issue,83.0,0.5,0.0,0.0
CHEMBL1649418,no issue,0.0,0.0,6.0,2.0
CHEMBL1649419,no issue,8.0,0.0,0.0,0.0
CHEMBL1649420,no issue,0.0,0.5,0.0,0.0
CHEMBL1649421,highly correlated assays,0.0,22.0,0.0,0.0
CHEMBL1649422,no issue,29.5,0.5,0.0,0.0
CHEMBL1649470,no issue,0.0,0.0,0.0,0.0
CHEMBL1649477,multiply activity for same test item,0.0,0.0,0.0,0.0
CHEMBL1649543,no issue,0.0,0.0,0.0,0.0
CHEMBL1667725,no issue,4.0,1.0,0.0,0.0
CHEMBL1667742,highly correlated assays,12.5,0.0,0.0,0.0
CHEMBL1667752,highly correlated assays,0.0,0.0,160.0,70.0
CHEMBL1667769,no issue,0.0,0.0,0.0,0.0
CHEMBL1667772,no issue,4.0,25.5,0.0,0.0
CHEMBL1667778,no issue,24.0,0.0,0.0,0.0
CHEMBL1667779,no issue,88.0,0.0,0.0,0.0
CHEMBL1667799,exact data citation,24.5,36.0,0.0,0.0
CHEMBL1667802,highly correlated assays,0.0,57.5,0.0,0.0
CHEMBL1667813,exact data citation,0.0,7.0,0.0,0.0
CHEMBL1667814,multiply activity for same test item,166.5,11.0,0.0,0.0
CHEMBL1667816,no issue,0.0,0.0,0.0,6.5
CHEMBL1667818,multiply activity for same test item,0.0,1.0,0.0,0.0
CHEMBL1667819,no issue,0.0,1.0,0.0,0.0
CHEMBL1667829,test Item with unknown chirality,0.0,0.0,0.0,0.0
CHEMBL1667832,no issue,6.5,3.5,0.0,0.0
CHEMBL1667838,highly correlated assays,0.0,38.0,0.0,0.0
CHEMBL1667842,no issue,33.0,0.0,0.0,0.0
CHEMBL1667843,multiply activity for same test item,188.0,28.0,0.0,0.0
CHEMBL1667846,no issue,0.5,1.0,0.0,0.0
CHEMBL1667859,no issue,0.0,0.0,0.5,4.0
CHEMBL1667861,highly correlated assays,0.0,0.0,1.0,33.5
CHEMBL1667863,no issue,3.5,0.0,0.0,0.0
CHEMBL1671659,multifunctional enzyme,9.0,0.0,0.0,0.0
CHEMBL1671700,no issue,0.5,0.5,0.0,0.0
CHEMBL1671719,multifunctional enzyme,42.0,0.0,72.0,0.0
CHEMBL1671777,no issue,4.0,1.5,0.0,0.0
CHEMBL1671778,test Item with unknown chirality,4.0,1.0,0.0,0.0
CHEMBL1671781,no issue,0.0,0.0,0.0,1.0
CHEMBL1671783,no issue,0.0,2.5,0.0,4.0
CHEMBL1671790,highly correlated assays,0.0,0.0,34.0,1673.0
CHEMBL1671793,exact data citation,0.0,0.0,14.5,7.0
CHEMBL1671803,no issue,0.0,0.0,76.0,16.0
CHEMBL1671809,highly correlated assays,0.0,0.0,19.5,4.5
CHEMBL1671811,no issue,2.0,0.0,0.0,0.0
CHEMBL1671813,highly correlated assays,0.0,17.0,0.0,3.0
CHEMBL1671814,no issue,0.0,2.0,0.0,0.0
CHEMBL1671815,no issue,0.0,4.5,0.0,0.0
CHEMBL1671821,no issue,0.0,0.0,0.5,0.0
CHEMBL1671823,test Item with unknown chirality,0.0,4.0,0.0,0.0
CHEMBL1671824,no issue,0.0,0.0,1.5,0.0
CHEMBL1671832,no issue,0.5,0.0,0.0,0.0
CHEMBL1671836,no issue,0.0,0.0,0.0,0.0
CHEMBL1671837,no issue,6.5,0.0,0.0,0.0
CHEMBL1671839,no issue,0.0,0.0,0.5,0.0
CHEMBL1671843,no issue,13.5,4.0,0.0,0.0
CHEMBL1671846,exact data citation,0.0,0.5,0.0,0.0
CHEMBL1671847,highly correlated assays,1.5,7.0,0.0,0.0
CHEMBL1671850,no issue,1.0,4.0,0.0,0.0
CHEMBL1671861,highly correlated assays,256.0,432.0,0.0,0.0
CHEMBL1681635,no issue,0.0,0.5,0.0,0.0
CHEMBL1681660,no issue,0.0,0.0,0.0,0.0
CHEMBL1681668,no issue,0.0,90.5,0.0,0.0
CHEMBL1681669,multifunctional enzyme,109.0,16.0,0.0,0.0
CHEMBL1681677,exact data citation,0.0,0.0,24.5,697.0
CHEMBL1681678,no issue,18.0,0.5,0.0,0.0
CHEMBL1681679,exact data citation,0.5,0.0,0.0,0.0
CHEMBL1681685,no issue,4.0,20.0,0.0,0.0
CHEMBL1681687,no issue,0.0,0.0,22.5,1.0
CHEMBL1681689,test Item with unknown chirality,36.0,1.5,0.0,0.0
CHEMBL1681695,exact data citation,2.0,5.5,0.0,0.0
CHEMBL1681696,no issue,0.0,17.5,0.0,0.0
CHEMBL1681706,highly correlated assays,0.0,6.5,0.0,0.0
CHEMBL1681707,no issue,0.0,0.0,0.0,0.0
CHEMBL1681720,multiply activity for same test item,0.0,2.0,0.0,0.0
CHEMBL1681724,exact data citation,0.0,0.0,75.5,2.0
CHEMBL1681726,no issue,15.0,8.5,0.0,0.0
CHEMBL1681730,test Item with unknown chirality,0.0,0.5,0.0,0.0
CHEMBL1681736,no issue,0.5,0.0,0.0,0.0
CHEMBL1681744,no issue,0.5,0.0,0.0,0.0
CHEMBL1681746,no issue,0.0,0.0,0.0,0.0
CHEMBL1681750,multifunctional enzyme,0.0,0.0,0.0,8.0
CHEMBL1681757,rounded data citation,18.5,0.0,0.0,0.0
CHEMBL1681764,no issue,5.0,4.5,0.0,0.0
CHEMBL1681772,no issue,59.5,0.0,0.0,0.0
CHEMBL1681774,highly correlated assays,0.0,0.0,4.5,0.0
CHEMBL1681775,no issue,0.0,1.0,0.0,0.0
CHEMBL1681780,multifunctional enzyme,16.5,2.0,0.0,0.0
CHEMBL1681786,no issue,4.0,16.0,0.0,0.0
CHEMBL1681788,no issue,0.0,0.0,41.5,1.5
CHEMBL1687692,no issue,0.0,2.0,1.0,0.0
CHEMBL1687697,no issue,0.5,0.0,0.0,0.0
CHEMBL1687698,no issue,0.0,0.0,0.0,0.0
CHEMBL1687700,no issue,0.0,0.5,0.0,0.0
CHEMBL1687702,no issue,0.0,0.0,0.0,1.0
CHEMBL1687705,no issue,0.0,0.0,0.0,0.0
CHEMBL1687736,test Item with unknown chirality,8.0,0.0,0.0,0.0
CHEMBL1687773,exact data citation,59.5,3.0,0.0,0.0
CHEMBL1687818,no issue,5.0,0.0,0.0,0.0
CHEMBL1687844,highly correlated assays,44.5,4.5,0.0,0.0
CHEMBL1687862,no issue,33.0,0.0,0.0,0.0
CHEMBL1687868,exact data citation,4.5,1.0,0.0,0.0
CHEMBL1687880,no issue,8.5,0.0,0.0,0.0
CHEMBL1687885,no issue,68.5,9.0,0.0,0.0
CHEMBL1687887,no issue,0.0,0.0,0.0,0.0
CHEMBL1687894,no issue,0.0,2.5,0.0,0.0
CHEMBL1687911,highly correlated assays,0.0,0.0,0.5,97.5
CHEMBL1687920,no issue,0.0,16.0,0.0,0.0
CHEMBL1687921,no issue,0.0,0.0,0.0,2.5
CHEMBL1687923,no issue,0.0,0.0,0.0,0.0
CHEMBL1687928,no issue,0.0,0.0,0.0,0.0
CHEMBL1687929,highly correlated assays,13.0,37.0,0.0,0.0
CHEMBL1687930,no issue,5.0,0.5,0.0,8.0
CHEMBL1687932,no issue,0.0,0.0,56.5,11.0
CHEMBL1687933,no issue,0.0,0.0,37.5,5.0
CHEMBL1687938,no issue,60.0,0.0,0.0,0.0
CHEMBL1687939,highly correlated assays,0.0,0.0,38.0,609.0
CHEMBL1687940,no issue,0.5,1.0,0.0,0.0
CHEMBL1687943,highly correlated assays,3.5,8.0,0.0,0.0
CHEMBL1687944,exact data citation,0.0,0.0,25.0,354.5
CHEMBL1759842,no issue,126.5,15.0,0.0,0.0
CHEMBL1759846,no issue,0.0,0.5,0.0,0.5
CHEMBL1759847,no issue,6.0,0.0,0.0,0.0
CHEMBL1759849,multiply activity for same test item,0.0,0.0,0.0,0.0
CHEMBL1759854,no issue,0.0,0.0,0.0,0.0
CHEMBL1759863,no issue,30.5,2.5,0.0,0.0
CHEMBL1759865,exact data citation,115.0,12.5,0.0,0.0
CHEMBL1759866,no issue,0.0,0.0,0.0,0.0
CHEMBL1759871,no issue,0.5,0.0,0.0,0.0
CHEMBL1759890,no issue,0.5,0.0,0.0,0.0
CHEMBL1759891,no issue,0.0,0.0,0.0,0.0
CHEMBL1759899,exact data citation,0.0,2.0,0.0,0.0
CHEMBL1759901,no issue,20.0,16.0,0.0,0.0
CHEMBL1759905,highly correlated assays,136.0,20.5,0.0,0.0
CHEMBL1759906,no issue,32.0,2.0,0.0,0.0
CHEMBL1759909,no issue,0.0,0.0,16.0,3.5
CHEMBL1759910,no issue,0.0,0.0,3.5,0.0
CHEMBL1759911,test Item with unknown chirality,0.0,1.0,0.0,0.0
CHEMBL1759913,no issue,48.0,0.0,0.0,0.0
CHEMBL1759918,highly correlated assays,0.0,0.0,4.0,8.0
CHEMBL1759922,multifunctional enzyme,0.0,0.0,0.0,76.0
CHEMBL1759923,highly correlated assays,0.0,0.0,0.0,6.5
CHEMBL1759927,no issue,7.0,0.0,0.0,0.0
CHEMBL1759931,no issue,0.0,0.0,1.0,0.0
CHEMBL1759933,multifunctional enzyme,21.5,9.5,0.0,0.0
CHEMBL1759934,exact data citation,0.0,0.0,11.0,163.5
CHEMBL1759935,highly correlated assays,15.5,0.0,54.0,0.0
CHEMBL1759937,test Item with unknown chirality,0.0,0.0,0.0,0.0
CHEMBL1759941,no issue,0.5,0.0,0.0,0.0
CHEMBL1759967,no issue,6.5,0.0,0.0,0.0
CHEMBL1759968,multifunctional enzyme,0.0,0.0,0.0,0.0
CHEMBL1759969,no issue,0.0,0.0,35.5,14.0
CHEMBL1759971,exact data citation,0.0,12.0,0.0,0.0
CHEMBL1759972,exact data citation,1.0,2.5,0.0,0.0
CHEMBL1759974,no issue,0.0,0.0,0.0,0.0
CHEMBL1759975,multifunctional enzyme,0.0,0.0,7.0,0.0
CHEMBL1759979,no issue,153.5,13.5,0.0,0.0
CHEMBL1759992,highly correlated assays,0.0,0.0,0.0,5.0
CHEMBL1759994,no issue,0.0,16.0,0.0,0.5
CHEMBL1764947,no issue,0.0,0.0,0.0,1.5
CHEMBL1764953,multifunctional enzyme,11.0,4.0,0.0,0.0
CHEMBL1764954,test Item with unknown chirality,0.0,0.0,0.0,0.0
CHEMBL1764955,no issue,5.5,0.0,0.0,0.0
CHEMBL1764969,no issue,145.5,6.5,0.0,0.0
CHEMBL1764973,test Item with unknown chirality,0.0,0.0,8.5,0.5
CHEMBL1764974,no issue,0.0,2.5,1.0,8.0
CHEMBL1764976,no issue,2.5,6.0,0.0,0.0
CHEMBL1764978,no issue,36.5,0.0,0.0,0.0
CHEMBL1764984,exact data citation,0.0,0.5,0.0,0.0
CHEMBL1764987,no issue,0.0,0.0,0.5,0.0
CHEMBL1764988,no issue,0.0,7.5,0.0,0.0
CHEMBL1764989,highly correlated assays,0.0,0.0,15.0,0.0
CHEMBL1765000,no issue,0.5,18.5,0.0,0.0
CHEMBL1765003,no issue,1.0,0.0,0.0,0.0
CHEMBL1765006,no issue,6.5,8.0,0.0,0.0
CHEMBL1765007,highly correlated assays,0.0,6.0,0.0,0.0
CHEMBL1765010,no issue,0.0,0.0,0.0,0.5
CHEMBL1765015,exact data citation,0.0,7.5,0.0,9.0
CHEMBL1765016,no issue,0.0,52.0,0.0,0.0
CHEMBL1765017,multifunctional enzyme,68.0,31.0,0.0,0.0
CHEMBL1765034,no issue,429.0,37.5,0.0,0.0
CHEMBL1765036,no issue,0.0,0.5,0.0,0.0
CHEMBL1765045,highly correlated assays,10.0,38.0,0.0,0.0
CHEMBL1765048,high citation rate,0.0,0.0,14.0,150.5
CHEMBL1765051,no issue,0.0,6.5,0.0,0.0
CHEMBL1765052,highly correlated assays,40.5,0.0,0.0,0.0
CHEMBL1765058,no issue,0.0,0.0,2.0,45.0
CHEMBL1765064,no issue,0.0,0.5,0.0,0.0
CHEMBL1765066,no issue,1.0,0.0,0.0,0.0
CHEMBL1765068,highly correlated assays,6.5,5.0,0.0,0.0
CHEMBL1765069,multiply activity for same test item,0.0,0.0,0.0,0.0
CHEMBL1765070,no issue,8.0,4.0,0.0,0.0
CHEMBL1765073,highly correlated assays,119.0,5.0,0.0,0.0
CHEMBL1765080,rounded data citation,28.5,7.5,0.0,0.0
CHEMBL1765081,highly correlated assays,6.0,0.0,0.5,0.0
CHEMBL1765082,exact data citation,0.0,2.0,1.0,25.0
CHEMBL1765088,multiply activity for same test item,0.0,3.0,0.0,0.0
CHEMBL1765089,high citation rate,108.0,116.0,0.0,0.0
CHEMBL1770052,multiply activity for same test item,0.0,0.0,22.0,85.5
CHEMBL1770054,exact data citation,0.0,0.0,0.5,0.0
CHEMBL1770058,no issue,0.0,2.0,0.0,0.0
CHEMBL1770065,no issue,1.0,0.5,0.0,0.0
CHEMBL1770073,no issue,0.0,2.0,0.0,0.0
CHEMBL1770074,no issue,120.0,6.5,0.0,0.0
CHEMBL1770079,test Item with unknown chirality,0.0,18.0,0.0,0.0
CHEMBL1770085,highly correlated assays,182.5,12.5,0.0,0.0
CHEMBL1770088,exact data citation,0.0,0.0,1.0,2.0
CHEMBL1770099,no issue,0.0,0.0,0.0,0.0
CHEMBL1770101,no issue,25.0,4.0,0.0,0.0
CHEMBL1770106,highly correlated assays,4.0,2.0,0.0,0.0
CHEMBL1770108,highly correlated assays,1.5,3.5,1.5,3.0
CHEMBL1770110,no issue,0.0,0.0,16.0,0.5
CHEMBL1770114,no issue,0.0,0.0,36.5,4.0
CHEMBL1770126,no issue,0.0,0.0,2.5,3.0
CHEMBL1770132,highly correlated assays,0.5,2.0,0.0,0.0
CHEMBL1770133,test Item with unknown chirality,0.0,0.0,0.0,0.0
CHEMBL1770135,multifunctional enzyme,0.0,0.0,0.0,0.5
CHEMBL1770140,no issue,0.0,1.5,0.0,0.0
CHEMBL1770143,highly correlated assays,4.0,4.5,0.0,0.0
CHEMBL1770150,no issue,0.0,0.0,0.0,0.0
CHEMBL1772935,test Item with unknown chirality,0.0,2.5,0.0,0.0
CHEMBL1772943,no issue,0.0,6.0,0.0,0.0
CHEMBL1772952,highly correlated assays,0.0,0.0,10.0,18.0
CHEMBL1772956,highly correlated assays,0.0,0.0,23.5,26.5
CHEMBL1772957,highly correlated assays,0.0,0.0,70.5,16.5
CHEMBL1772961,no issue,3.5,0.0,0.0,0.0
CHEMBL1772963,no issue,0.5,0.0,0.0,0.0
CHEMBL1772967,no issue,0.0,0.0,0.0,0.0
CHEMBL1772970,no issue,28.0,8.5,0.0,25.0
CHEMBL1772973,no issue,6.0,1.0,9.0,1.0
CHEMBL1772975,no issue,0.0,0.0,56.0,9.0
CHEMBL1772985,highly correlated assays,0.0,1.0,13.0,33.0
CHEMBL1772987,no issue,0.0,0.0,4.5,1.5
CHEMBL1772991,exact data citation,0.5,1.5,0.0,0.0
CHEMBL1773002,test Item with unknown chirality,0.0,0.5,0.0,0.0
CHEMBL1773007,no issue,53.5,145.5,0.0,0.0
CHEMBL1773009,no issue,0.0,0.0,4.0,52.0
CHEMBL1773016,no issue,0.0,0.0,0.0,0.0
CHEMBL1773017,no issue,0.5,0.0,0.0,0.0
CHEMBL1773026,exact data citation,0.0,0.0,0.5,1.0
CHEMBL1773034,no issue,51.5,0.0,0.0,0.0
CHEMBL1773038,no issue,0.0,0.0,0.0,0.0
CHEMBL1773044,no issue,0.0,0.0,0.5,0.0
CHEMBL1773049,no issue,0.0,0.0,0.0,1.0
CHEMBL1773056,no issue,0.0,0.0,33.5,1.5
CHEMBL1773061,no issue,72.0,67.0,0.0,0.0
CHEMBL1773063,no issue,0.0,0.0,92.0,0.0
CHEMBL1773066,highly correlated assays,0.0,0.0,0.0,19.0
CHEMBL1773067,no issue,0.0,0.0,0.0,0.0
CHEMBL1773070,rounded data citation,52.0,6.5,0.0,0.0
CHEMBL1773071,highly correlated assays,318.0,20.5,0.0,0.0
CHEMBL1777666,no issue,0.0,0.5,0.0,0.0
CHEMBL1777673,no issue,0.0,0.0,0.5,4.0
CHEMBL1777679,test Item with unknown chirality,0.0,2.0,0.0,0.0
CHEMBL1777705,no issue,1.5,0.5,0.0,0.0
CHEMBL1777711,no issue,1.0,0.0,0.0,0.0
CHEMBL1777714,highly correlated assays,0.0,3.5,0.0,0.0
CHEMBL1777715,exact data citation,0.5,2.0,0.0,0.0
CHEMBL1777717,no issue,0.0,0.0,4.0,0.0
CHEMBL1777723,no issue,14.5,3.0,0.0,0.0
CHEMBL1777724,no issue,0.0,1.0,0.0,0.0
CHEMBL1777726,exact data citation,0.0,0.0,21.5,46.0
CHEMBL1777732,no issue,0.0,0.0,0.0,0.5
CHEMBL1777734,highly correlated assays,0.0,0.0,79.0,0.0
CHEMBL1777736,exact data citation,4.0,4.0,0.0,1.0
CHEMBL1777752,highly correlated assays,4.5,6.0,0.0,0.0
CHEMBL1777754,exact data citation,0.0,0.0,42.5,753.5
CHEMBL1777762,no issue,0.0,0.0,0.5,0.0
CHEMBL1777776,highly correlated assays,20.0,86.5,0.0,0.0
CHEMBL1777780,no issue,4.5,0.0,0.0,0.0
CHEMBL1777794,highly correlated assays,23.5,0.0,0.0,0.0
CHEMBL1777796,rounded data citation,48.0,3.5,0.0,0.0
CHEMBL1777799,no issue,33.5,5.5,0.0,0.0
CHEMBL1777801,highly correlated assays,0.0,4.5,0.0,3.0
CHEMBL1777808,no issue,0.0,0.0,34.5,11.0
CHEMBL1781878,no issue,32.0,0.0,0.0,0.0
CHEMBL1781883,no issue,0.0,3.0,0.0,6.0
CHEMBL1781884,highly correlated assays,0.0,4.0,0.0,1.5
CHEMBL1781893,no issue,176.0,4.0,0.0,0.0
CHEMBL1781905,test Item with unknown chirality,0.0,4.0,0.0,0.0
CHEMBL1781909,no issue,3.0,2.5,4.0,1.5
CHEMBL1781913,exact data citation,53.0,6.0,0.0,0.0
CHEMBL1781915,exact data citation,19.5,0.0,0.0,0.0
CHEMBL1781916,no issue,4.5,8.0,0.0,0.0
CHEMBL1781928,exact data citation,13.5,3.5,0.0,0.0
CHEMBL1781929,test Item with unknown chirality,1.0,0.0,0.0,0.0
CHEMBL1781931,no issue,0.0,0.0,0.0,0.0
CHEMBL1781936,no issue,14.5,0.0,0.0,0.0
CHEMBL1781945,multifunctional enzyme,74.0,31.5,0.0,0.0
CHEMBL1781946,no issue,0.5,1.0,0.0,0.5
CHEMBL1781947,highly correlated assays,0.0,0.0,23.0,0.0
CHEMBL1781950,no issue,0.0,0.0,6.5,17.0
CHEMBL1781958,exact data citation,0.0,0.0,0.0,1.0
CHEMBL1781962,test Item with unknown chirality,0.0,0.0,0.0,0.0
CHEMBL1781963,no issue,0.5,2.0,0.0,0.0
CHEMBL1781964,highly correlated assays,29.0,0.0,0.0,0.0
CHEMBL1781966,multiply activity for same test item,27.0,7.5,0.0,0.0
CHEMBL1781967,no issue,2.0,1.0,0.0,0.0
CHEMBL1781971,highly correlated assays,88.0,80.0,0.0,0.0
CHEMBL1781976,highly correlated assays,0.0,0.0,38.0,50.5
CHEMBL1781979,no issue,3.0,0.0,0.0,0.0
CHEMBL1781981,exact data citation,0.0,0.0,19.0,1.0
CHEMBL1781985,highly correlated assays,0.0,0.0,25.5,576.0
CHEMBL1781988,high citation rate,1716.0,66.0,0.0,0.0
CHEMBL1781991,no issue,1.0,0.0,0.0,0.0
CHEMBL1781997,highly correlated assays,0.0,0.0,21.5,509.5
CHEMBL1782001,no issue,11.0,0.0,0.0,0.0
CHEMBL1782018,no issue,4.0,0.0,0.0,0.0
CHEMBL1782020,no issue,0.0,0.0,35.0,0.5
CHEMBL1782022,test Item with unknown chirality,0.0,0.0,0.5,0.5
CHEMBL1782027,no issue,117.0,10.5,0.0,0.0
CHEMBL1782032,no issue,0.0,0.0,1.5,0.5
CHEMBL1782034,exact data citation,0.0,0.5,0.0,0.0
CHEMBL1782038,highly correlated assays,0.0,0.0,60.0,7.5
CHEMBL1782039,highly correlated assays,0.0,90.0,0.0,0.0
CHEMBL1782045,no issue,0.0,0.0,0.0,0.0
CHEMBL1782051,shuffled assays,0.0,17.0,0.0,0.0
CHEMBL1782056,no issue,0.0,96.0,0.0,0.0
CHEMBL1795201,no issue,0.0,0.0,0.0,0.0
CHEMBL1795206,no issue,0.0,1.0,0.0,0.0
CHEMBL1795230,exact data citation,0.0,0.0,26.0,510.0
CHEMBL1795231,exact data citation,0.0,0.0,0.5,0.0
CHEMBL1795239,multifunctional enzyme,83.0,20.5,0.0,0.0
CHEMBL1795241,no issue,0.0,0.0,6.0,0.0
CHEMBL1795245,multifunctional enzyme,0.0,0.0,2.0,2.0
CHEMBL1795253,highly correlated assays,15.0,6.5,0.0,0.0
CHEMBL1795254,exact data citation,0.0,0.0,0.0,1.5
CHEMBL1795257,no issue,0.0,0.0,24.0,6.0
CHEMBL1795258,highly correlated assays,124.0,20.0,0.0,0.0
CHEMBL1795261,no issue,0.0,3.0,0.0,0.0
CHEMBL1795262,no issue,0.0,0.0,0.0,0.0
CHEMBL1795263,exact data citation,1.5,3.5,0.0,0.0
CHEMBL1795265,exact data citation,0.0,6.0,0.0,0.0
CHEMBL1795276,no issue,0.5,0.0,0.0,0.0
CHEMBL1795291,review,1.0,0.0,0.0,0.0
CHEMBL1795302,test Item with unknown chirality,55.0,1.5,0.0,0.0
CHEMBL1795309,test Item with unknown chirality,0.0,0.0,0.0,0.0
CHEMBL1795314,highly correlated assays,46.0,5.0,0.0,0.0
CHEMBL1795318,rounded data citation,86.5,14.0,0.0,0.0
CHEMBL1795327,highly correlated assays,0.0,0.0,0.0,1.0
CHEMBL1795328,highly correlated assays,0.0,0.0,53.5,5.5
CHEMBL1795332,no issue,4.0,32.0,0.0,0.5
CHEMBL1795334,no issue,40.5,0.0,0.0,0.0
CHEMBL1795336,test Item with unknown chirality,16.0,0.0,0.0,0.0
CHEMBL1795337,exact data citation,0.0,0.0,40.0,707.0
CHEMBL1795340,no issue,0.0,0.0,0.0,0.0
CHEMBL1799908,rounded data citation,0.0,0.0,2.5,0.0
CHEMBL1799923,test Item with unknown chirality,0.0,0.5,0.0,0.5
CHEMBL1799928,no issue,0.0,0.0,3.0,4.0
CHEMBL1799930,rounded data citation,10.5,0.0,0.0,0.0
CHEMBL1799933,exact data citation,0.0,0.5,0.0,0.0
CHEMBL1799934,no issue,4.0,0.0,0.0,0.0
CHEMBL1799939,multifunctional enzyme,0.5,1.0,0.0,0.0
CHEMBL1799941,no issue,4.0,3.0,0.0,0.0
CHEMBL1799944,no issue,0.0,0.0,1.0,0.5
CHEMBL1799946,no issue,4.0,0.0,0.0,0.0
CHEMBL1799949,shuffled assays,952.0,452.0,0.0,0.0
CHEMBL1799962,no issue,19.0,1.5,0.0,0.0
CHEMBL1799969,no issue,0.0,0.0,3.5,0.0
CHEMBL1799970,no issue,14.0,0.5,0.0,0.0
CHEMBL1799971,highly correlated assays,0.0,0.0,254.5,134.5
CHEMBL1799979,multifunctional enzyme,3.5,0.0,0.0,0.0
CHEMBL1799984,high citation rate,1690.0,0.0,0.0,0.0
CHEMBL1799985,exact data citation,0.0,0.0,6.0,0.5
CHEMBL1799987,no issue,16.0,16.0,0.0,0.0
CHEMBL1800001,no issue,0.0,0.0,44.5,1.5
CHEMBL1800003,no issue,0.0,16.0,0.0,0.0
CHEMBL1800018,no issue,3.5,1.0,0.0,0.0
CHEMBL1800025,no issue,0.0,8.0,0.0,0.0
CHEMBL1800026,no issue,0.0,0.0,33.0,2.0
CHEMBL1800027,no issue,0.0,1.0,0.0,0.0
CHEMBL1800042,no issue,0.0,0.5,0.0,0.0
CHEMBL1800044,rounded data citation,0.0,0.5,0.0,0.0
CHEMBL1800055,highly correlated assays,0.0,3.5,0.0,0.0
CHEMBL1800056,no issue,338.5,4.0,0.0,0.0
CHEMBL1800059,rounded data citation,0.0,1.0,0.0,0.0
CHEMBL1800064,high citation rate,0.0,0.0,246.0,0.0
CHEMBL1800066,no issue,48.0,28.0,0.0,0.0
CHEMBL1800067,test Item with unknown chirality,0.0,0.0,0.0,0.0
CHEMBL1800073,exact data citation,1.5,0.0,0.0,0.0
CHEMBL1800075,test Item with unknown chirality,0.5,0.0,0.0,0.0
CHEMBL1806350,no issue,0.0,0.0,6.5,4.5
CHEMBL1806361,no issue,0.0,1.5,0.0,0.0
CHEMBL1806366,test Item with unknown chirality,0.0,0.0,0.0,0.0
CHEMBL1806373,no issue,245.0,22.0,0.0,0.0
CHEMBL1806382,no issue,0.0,26.0,0.0,0.0
CHEMBL1806383,multiply activity for same test item,0.0,0.0,0.0,1.0
CHEMBL1806384,no issue,2.5,0.0,0.0,0.0
CHEMBL1806385,no issue,0.0,1.5,0.0,0.5
CHEMBL1806391,rounded data citation,54.5,31.0,0.0,0.0
CHEMBL1806403,no issue,0.0,0.5,0.0,0.0
CHEMBL1806418,no issue,0.0,0.0,0.0,1.0
CHEMBL1806431,rounded data citation,85.0,0.5,0.0,0.0
CHEMBL1806440,highly correlated assays,0.0,0.0,0.5,86.5
CHEMBL1806441,no issue,0.0,0.0,0.0,2.0
CHEMBL1806454,multifunctional enzyme,0.0,0.0,0.0,0.0
CHEMBL1806458,exact data citation,0.0,4.0,0.0,0.0
CHEMBL1806459,highly correlated assays,6.0,0.0,13.0,2.5
CHEMBL1806462,no issue,0.5,0.0,0.0,0.0
CHEMBL1806467,no issue,3.5,1.0,0.0,0.0
CHEMBL1806471,no issue,0.0,0.0,0.0,0.0
CHEMBL1806478,no issue,0.0,2.5,0.0,0.0
CHEMBL1806485,no issue,18.0,10.5,0.0,0.0
CHEMBL1806497,no issue,3.0,2.0,0.0,0.0
CHEMBL1811753,no issue,0.0,5.5,0.0,0.0
CHEMBL1811758,multifunctional enzyme,0.0,0.0,1.0,0.5
CHEMBL1811766,no issue,12.0,0.0,0.0,0.0
CHEMBL1811774,multifunctional enzyme,66.0,42.0,0.0,0.0
CHEMBL1811778,highly correlated assays,4.0,0.0,4.5,7.0
CHEMBL1811785,highly correlated assays,0.0,0.0,51.5,17.0
CHEMBL1811786,no issue,0.0,0.0,0.0,0.0
CHEMBL1811787,multifunctional enzyme,0.0,0.0,0.0,1.0
CHEMBL1811792,test Item with unknown chirality,0.5,0.0,0.0,0.0
CHEMBL1811794,highly correlated assays,0.0,0.0,26.5,1623.0
CHEMBL1811796,no issue,0.0,0.0,0.0,72.5
CHEMBL1811802,no issue,0.0,0.5,0.0,0.0
CHEMBL1811819,exact data citation,1.0,0.5,0.0,0.0
CHEMBL1811824,no issue,4.5,0.0,0.0,0.0
CHEMBL1811829,highly correlated assays,0.0,1.0,0.0,6.5
CHEMBL1811836,rounded data citation,0.0,0.0,6.5,3.0
CHEMBL1811837,no issue,0.0,0.0,33.5,0.0
CHEMBL1811841,exact data citation,0.0,0.0,36.5,9.0
CHEMBL1811851,no issue,0.0,0.0,0.0,0.0
CHEMBL1811863,no issue,11.0,6.0,0.0,0.0
CHEMBL1811871,highly correlated assays,0.0,0.0,47.0,915.5
CHEMBL1811872,highly correlated assays,1.0,0.5,79.5,0.0
CHEMBL1811886,highly correlated assays,0.0,0.0,15.5,28.5
CHEMBL1811887,no issue,0.0,1.0,0.0,0.0
CHEMBL1811889,no issue,0.0,1.0,0.0,0.0
CHEMBL1811891,no issue,0.0,24.0,0.0,0.0
CHEMBL1811897,test Item with unknown chirality,4.5,3.5,0.0,0.0
CHEMBL1811901,no issue,28.0,1.0,0.0,0.0
CHEMBL1811912,no issue,84.0,0.5,0.0,0.0
CHEMBL1811916,exact data citation,0.0,0.0,0.0,1.0
CHEMBL1811917,no issue,0.0,0.0,0.5,0.0
CHEMBL1817540,no issue,0.0,0.0,12.5,0.0
CHEMBL1817544,exact data citation,0.0,0.0,28.5,673.5
CHEMBL1817549,rounded data citation,0.0,4.0,0.0,0.0
CHEMBL1817555,no issue,28.0,20.0,0.0,0.0
CHEMBL1817561,no issue,2.5,2.5,0.0,0.0
CHEMBL1817571,highly correlated assays,0.0,5.0,0.0,13.0
CHEMBL1817578,no issue,31.5,1.0,0.0,0.0
CHEMBL1817582,highly correlated assays,0.0,12.0,0.0,0.0
CHEMBL1817586,multifunctional enzyme,16.5,2.0,0.0,0.0
CHEMBL1817594,highly correlated assays,87.5,29.0,0.0,0.0
CHEMBL1817595,multifunctional enzyme,10.5,147.5,0.0,0.0
CHEMBL1817601,no issue,0.0,0.0,1.0,0.0
CHEMBL1817606,test Item with unknown chirality,0.0,0.0,0.0,0.0
CHEMBL1817613,test Item with unknown chirality,0.0,0.0,0.0,0.0
CHEMBL1817617,rounded data citation,13.5,3.5,0.0,0.0
CHEMBL1817621,exact data citation,70.5,7.5,0.0,0.0
CHEMBL1817626,no issue,0.5,4.5,0.0,0.0
CHEMBL1817628,multifunctional enzyme,0.0,0.0,73.5,1.0
CHEMBL1817631,no issue,5.0,0.0,0.0,0.0
CHEMBL1817643,no issue,928.0,8.0,1.0,0.0
CHEMBL1817645,no issue,7.0,0.0,0.0,0.0
CHEMBL1817647,multiply activity for same test item,0.0,0.0,1.5,24.0
CHEMBL1817656,test Item with unknown chirality,1.5,1.5,0.0,0.0
CHEMBL1817657,no issue,0.0,0.0,0.0,0.0
CHEMBL1817659,no issue,3.0,8.0,0.0,0.0
CHEMBL1817668,no issue,0.0,0.0,22.0,42.5
CHEMBL1821550,highly correlated assays,0.0,0.0,68.5,0.0
CHEMBL1821551,no issue,0.0,0.5,0.0,0.0
CHEMBL1821560,no issue,0.0,0.0,0.0,0.0
CHEMBL1821563,multiply activity for same test item,3.5,0.0,0.0,0.0
CHEMBL1821564,multifunctional enzyme,0.0,0.0,0.0,0.0
CHEMBL1821575,test Item with unknown chirality,0.0,0.0,0.0,4.5
CHEMBL1821582,exact data citation,0.0,1.0,0.0,0.0
CHEMBL1821585,no issue,0.0,0.0,4.5,0.0
CHEMBL1821588,no issue,0.0,0.0,2.0,0.0
CHEMBL1821606,no issue,0.0,0.0,45.0,12.5
CHEMBL1821608,no issue,0.0,0.0,0.5,2.0
CHEMBL1821609,multiply activity for same test item,121.0,1.5,0.0,0.0
CHEMBL1821611,multifunctional enzyme,0.0,0.5,0.0,0.0
CHEMBL1821615,rounded data citation,0.0,0.0,21.0,5.5
CHEMBL1821619,no issue,0.0,0.0,12.5,2.5
CHEMBL1821625,highly correlated assays,0.0,0.0,34.5,13.0
CHEMBL1821627,exact data citation,2.0,0.0,0.0,0.0
CHEMBL1821635,no issue,60.5,0.5,0.0,0.0
CHEMBL1821641,exact data citation,0.5,18.5,0.0,0.0
CHEMBL1821662,no issue,11.5,0.5,0.0,0.0
CHEMBL1821665,no issue,0.0,0.0,0.0,0.0
CHEMBL1821670,highly correlated assays,0.0,0.0,1.0,5.0
CHEMBL1821671,no issue,8.0,1.0,0.0,0.0
CHEMBL1821672,no issue,0.5,1.5,0.0,0.0
CHEMBL1821683,highly correlated assays,0.0,0.0,47.0,687.0
CHEMBL1821686,no issue,0.0,0.0,0.0,0.0
CHEMBL1821689,no issue,0.0,1.0,0.0,0.0
CHEMBL1821694,exact data citation,0.0,2.5,0.0,0.0
CHEMBL1821719,no issue,0.0,1.0,0.0,0.0
CHEMBL1821721,no issue,0.0,0.0,0.0,4.0
CHEMBL1821723,no issue,55.5,23.0,1.0,0.0
CHEMBL1828496,multifunctional enzyme,70.0,32.5,0.0,0.0
CHEMBL1828497,highly correlated assays,0.0,0.0,78.5,2.0
CHEMBL1828508,highly correlated assays,12.5,16.5,0.0,0.0
CHEMBL1828512,test Item with unknown chirality,0.0,16.0,0.0,0.0
CHEMBL1828515,multiply activity for same test item,0.0,0.0,0.0,0.0
CHEMBL1828525,rounded data citation,58.0,13.5,0.0,0.0
CHEMBL1828526,test Item with unknown chirality,0.5,0.0,0.0,0.0
CHEMBL1828527,exact data citation,0.0,0.0,0.0,4.5
CHEMBL1828529,multifunctional enzyme,12.5,0.0,0.0,0.0
CHEMBL1828531,highly correlated assays,82.0,153.0,0.0,0.0
CHEMBL1828538,exact data citation,0.0,0.0,5.5,2.0
CHEMBL1828540,highly correlated assays,34.0,9.5,0.0,0.0
CHEMBL1828550,rounded data citation,3.5,0.0,0.0,0.0
CHEMBL1828553,no issue,16.0,2.5,0.0,0.0
CHEMBL1828554,no issue,1.0,2.0,0.0,0.0
CHEMBL1828557,no issue,43.5,0.0,0.0,0.0
CHEMBL1828558,test Item with unknown chirality,0.0,0.0,0.0,0.0
CHEMBL1828563,exact data citation,9.5,9.5,0.0,0.0
CHEMBL1828564,no issue,3.5,7.0,0.0,0.0
CHEMBL1828569,no issue,0.0,1.0,0.0,0.0
CHEMBL1828571,highly correlated assays,12.5,43.5,5.5,4.0
CHEMBL1828572,highly correlated assays,0.0,0.0,25.5,75.5
CHEMBL1828580,exact data citation,0.0,0.0,3.5,10.5
CHEMBL1828583,highly correlated assays,0.0,0.0,12.0,8.0
CHEMBL1828584,no issue,119.0,7.5,0.0,0.0
CHEMBL1828588,rounded data citation,0.0,0.0,21.0,6.0
CHEMBL1828593,no issue,0.0,0.0,7.0,4.5
CHEMBL1828612,exact data citation,13.5,3.5,0.0,0.0
CHEMBL1828613,no issue,196.0,31.5,0.0,0.0
CHEMBL1828619,highly correlated assays,0.0,0.0,0.0,10.5
CHEMBL1828622,no issue,0.0,40.0,0.0,0.0
CHEMBL1828623,no issue,0.0,0.0,0.0,0.0
CHEMBL1828625,test Item with unknown chirality,0.0,4.0,0.0,0.0
CHEMBL1833794,highly correlated assays,4.0,84.0,0.0,0.0
CHEMBL1833795,no issue,0.0,0.0,6.0,0.5
CHEMBL1833804,multiply activity for same test item,1.0,2.5,0.0,0.0
CHEMBL1833810,multifunctional enzyme,83.0,22.5,0.0,0.0
CHEMBL1833814,multifunctional enzyme,1.0,0.0,0.0,0.0
CHEMBL1833815,no issue,0.0,3.0,0.0,0.0
CHEMBL1833816,no issue,6.0,0.0,0.0,0.0
CHEMBL1833820,rounded data citation,128.0,3.5,0.0,0.0
CHEMBL1833823,multifunctional enzyme,8.0,0.5,0.0,0.0
CHEMBL1833828,exact data citation,0.0,0.0,0.5,1.0
CHEMBL1833829,highly correlated assays,263.0,8.0,0.0,0.0
CHEMBL1833830,no issue,0.0,0.0,19.0,4.0
CHEMBL1833845,rounded data citation,0.0,1.5,0.0,0.0
CHEMBL1833847,test Item with unknown chirality,0.0,0.0,1.0,24.0
CHEMBL1833850,review,2.5,1.0,0.0,0.0
CHEMBL1833858,test Item with unknown chirality,0.0,0.0,0.0,0.0
CHEMBL1833860,no issue,1.5,0.0,0.0,0.0
CHEMBL1833864,multiply activity for same test item,0.0,0.0,0.0,8.0
CHEMBL1833867,exact data citation,0.0,0.0,4.5,0.0
CHEMBL1833876,no issue,0.0,0.0,0.0,8.0
CHEMBL1833885,exact data citation,0.0,0.0,28.0,545.0
CHEMBL1833899,highly correlated assays,0.0,0.0,37.0,571.5
CHEMBL1833903,exact data citation,24.0,14.5,0.0,0.0
CHEMBL1833905,no issue,163.5,19.5,0.0,0.0
CHEMBL1833906,no issue,0.0,0.0,4.5,0.0
CHEMBL1833909,highly correlated assays,0.0,0.0,13.5,9.5
CHEMBL1833912,no issue,0.5,0.0,0.0,0.0
CHEMBL1833915,no issue,0.0,0.5,0.0,1.5
CHEMBL1833916,rounded data citation,2.0,2.0,0.0,0.0
CHEMBL1833918,multifunctional enzyme,28.0,48.0,0.0,0.0
CHEMBL1833919,rounded data citation,0.0,0.0,0.0,0.5
CHEMBL1833926,no issue,0.0,0.0,0.0,0.0
CHEMBL1833932,no issue,0.0,0.0,0.0,0.0
CHEMBL1833939,no issue,0.0,0.0,0.0,1.5
CHEMBL1833942,no issue,0.0,24.0,0.0,0.0
CHEMBL1833947,highly correlated assays,0.0,0.0,20.0,0.5
CHEMBL1833948,no issue,0.0,0.0,19.5,13.0
CHEMBL1833950,no issue,27.5,0.5,0.0,0.0
CHEMBL1833953,no issue,0.0,0.0,0.0,0.5
CHEMBL1833955,test Item with unknown chirality,0.0,0.0,1.0,12.0
CHEMBL1833956,no issue,8.5,1.5,0.0,0.0
CHEMBL1833961,multiply activity for same test item,0.0,0.0,24.5,6.5
CHEMBL1833968,no issue,0.0,0.0,25.5,2.5
CHEMBL1833971,no issue,0.0,0.0,0.0,0.0
CHEMBL1833973,no issue,0.0,0.0,1.0,0.0
CHEMBL1909493,no issue,94.5,0.0,0.0,0.0
CHEMBL1909501,no issue,4.0,1.0,0.0,0.0
CHEMBL1909509,highly correlated assays,0.0,0.0,36.0,4.0
CHEMBL1909511,no issue,0.0,0.0,116.0,8.0
CHEMBL1909512,exact data citation,0.5,1.0,0.0,0.0
CHEMBL1909515,exact data citation,1.0,1.5,0.0,0.0
CHEMBL1909527,test Item with unknown chirality,0.0,0.5,0.0,1.0
CHEMBL1909535,no issue,0.5,1.5,0.0,0.0
CHEMBL1909544,highly correlated assays,0.0,48.0,0.0,0.0
CHEMBL1909545,no issue,2.5,1.0,0.5,0.0
CHEMBL1909549,no issue,0.0,0.0,0.0,0.0
CHEMBL1909551,exact data citation,6.0,1.0,9.0,1.0
CHEMBL1909565,shuffled assays,0.0,0.0,1.5,0.0
CHEMBL1909577,no issue,0.0,0.0,0.0,0.0
CHEMBL1909582,test Item with unknown chirality,0.0,0.0,0.0,0.0
CHEMBL1909583,no issue,1.0,0.0,0.0,0.0
CHEMBL1909585,no issue,33.0,0.5,0.0,0.0
CHEMBL1909591,multiply activity for same test item,2.0,0.5,0.5,0.0
CHEMBL1909595,no issue,0.0,0.0,41.0,0.0
CHEMBL1909604,no issue,0.0,0.0,2.5,0.0
CHEMBL1909618,highly correlated assays,305.5,74.5,0.0,0.0
CHEMBL1909622,no issue,0.0,0.0,0.0,0.0
CHEMBL1909627,multifunctional enzyme,70.5,1.5,0.0,0.0
CHEMBL1909635,exact data citation,0.0,0.0,0.0,1.5
CHEMBL1909641,test Item with unknown chirality,0.0,0.0,0.0,0.0
CHEMBL1914282,no issue,4.0,4.5,0.0,0.0
CHEMBL1914283,highly correlated assays,0.0,0.0,0.0,6.5
CHEMBL1914286,multiply activity for same test item,2.0,0.0,0.5,0.0
CHEMBL1914298,multifunctional enzyme,0.0,0.0,0.0,0.0
CHEMBL1914301,no issue,3.5,2.0,0.0,0.0
CHEMBL1914304,test Item with unknown chirality,0.5,2.0,0.0,0.0
CHEMBL1914306,no issue,2.0,0.0,0.0,0.0
CHEMBL1914313,no issue,0.0,1.0,0.0,0.0
CHEMBL1914316,no issue,0.0,1.0,0.0,0.0
CHEMBL1914317,no issue,0.0,8.5,0.0,0.0
CHEMBL1914319,no issue,1.0,1.0,0.0,0.0
CHEMBL1914323,no issue,0.0,0.0,0.5,1.5
CHEMBL1914329,multifunctional enzyme,98.5,0.0,0.0,0.0
CHEMBL1914335,highly correlated assays,0.0,0.0,0.0,3.0
CHEMBL1914337,no issue,20.0,0.5,0.0,0.0
CHEMBL1914343,review,0.5,0.0,0.0,0.0
CHEMBL1914344,test Item with unknown chirality,0.0,3.0,0.0,0.0
CHEMBL1914348,no issue,0.0,10.0,0.0,0.0
CHEMBL1914352,no issue,331.0,13.0,0.0,0.0
CHEMBL1914355,highly correlated assays,0.0,5.5,0.0,9.0
CHEMBL1914366,no issue,5.0,0.0,0.0,0.0
CHEMBL1914368,no issue,64.0,2.0,0.0,0.0
CHEMBL1914369,no issue,0.0,2.0,0.0,0.0
CHEMBL1914371,highly correlated assays,0.0,0.0,254.5,134.5
CHEMBL1914376,highly correlated assays,60.0,7.0,0.0,0.0
CHEMBL1914379,no issue,46.0,0.0,319.0,181.0
CHEMBL1914382,no issue,0.5,0.0,0.0,0.0
CHEMBL1914389,no issue,3.5,20.0,0.0,0.0
CHEMBL1914395,no issue,1.0,1.0,0.0,0.0
CHEMBL1914403,rounded data citation,1.0,0.5,0.0,0.0
CHEMBL1914410,highly correlated assays,0.0,0.0,209.0,113.0
CHEMBL1914415,no issue,0.0,0.0,0.0,2.0
CHEMBL1914418,no issue,0.0,0.0,176.0,0.0
CHEMBL1914421,no issue,0.5,0.5,0.0,0.0
CHEMBL1914426,highly correlated assays,0.0,0.0,0.0,0.0
CHEMBL1914427,rounded data citation,21.0,0.0,0.0,0.0
CHEMBL1914433,rounded data citation,0.5,0.5,0.0,0.0
CHEMBL1914436,exact data citation,0.0,1.0,0.0,0.0
CHEMBL1914437,no issue,1.0,0.5,0.0,0.0
CHEMBL1914440,no issue,0.0,0.0,0.0,0.0
CHEMBL1914441,no issue,0.0,0.0,0.0,0.0
CHEMBL1914445,exact data citation,114.5,12.0,0.0,0.0
CHEMBL1914457,test Item with unknown chirality,1.0,0.0,0.0,0.0
CHEMBL1914458,rounded data citation,118.0,15.0,0.0,0.0
CHEMBL1914459,no issue,4.0,0.0,0.0,0.0
CHEMBL1921669,highly correlated assays,328.0,3.0,0.0,0.0
CHEMBL1921671,no issue,1.0,0.0,0.0,0.0
CHEMBL1921673,no issue,1.0,1.0,0.0,0.0
CHEMBL1921674,multiply activity for same test item,1.0,0.0,0.0,0.0
CHEMBL1921676,rounded data citation,0.0,0.5,0.0,0.0
CHEMBL1921678,test Item with unknown chirality,0.0,1.0,0.0,0.0
CHEMBL1921689,exact data citation,0.0,0.0,0.0,51.5
CHEMBL1921692,multiply activity for same test item,0.0,0.0,0.0,0.0
CHEMBL1921699,rounded data citation,18.0,2.0,0.0,0.0
CHEMBL1921704,no issue,0.0,0.0,0.0,0.0
CHEMBL1921707,highly correlated assays,0.0,0.0,312.5,31.5
CHEMBL1921714,highly correlated assays,0.0,0.0,12.0,1.5
CHEMBL1921723,no issue,1.0,2.0,0.0,0.0
CHEMBL1921733,exact data citation,0.0,0.5,0.0,0.0
CHEMBL1921734,no issue,0.5,0.5,0.0,0.0
CHEMBL1921745,no issue,0.0,0.0,4.0,0.0
CHEMBL1921748,no issue,0.0,32.0,0.0,0.0
CHEMBL1921749,no issue,78.0,42.0,0.0,0.0
CHEMBL1921750,highly correlated assays,0.0,0.0,50.0,17.0
CHEMBL1921761,no issue,0.0,0.0,0.0,0.0
CHEMBL1921765,no issue,0.0,1.0,0.0,0.0
CHEMBL1921774,no issue,0.0,0.0,0.0,0.0
CHEMBL1921778,multiply activity for same test item,24.0,0.0,0.0,0.0
CHEMBL1921782,multiply activity for same test item,0.0,0.0,3.5,1.0
CHEMBL1921791,no issue,0.0,2.0,0.0,0.0
CHEMBL1921798,highly correlated assays,0.0,0.0,0.0,2.0
CHEMBL1921801,multifunctional enzyme,0.5,2.0,0.0,0.0
CHEMBL1926501,no issue,199.5,26.5,0.0,0.0
CHEMBL1926502,multiply activity for same test item,23.0,0.5,0.0,0.0
CHEMBL1926506,exact data citation,28.5,8.0,0.0,0.0
CHEMBL1926507,highly correlated assays,0.0,6.5,0.0,0.0
CHEMBL1926509,no issue,0.0,0.0,0.0,0.0
CHEMBL1926511,no issue,0.0,0.0,0.0,0.0
CHEMBL1926520,exact data citation,0.0,0.0,0.0,5.0
CHEMBL1926525,multifunctional enzyme,9.0,0.0,0.0,0.0
CHEMBL1926530,no issue,0.0,0.0,0.0,0.0
CHEMBL1926558,no issue,6.5,4.5,0.0,0.0
CHEMBL1926578,no issue,6.0,0.0,8.5,0.0
CHEMBL1926582,no issue,0.0,1.0,0.0,0.0
CHEMBL1926587,multifunctional enzyme,0.0,0.0,1.0,0.0
CHEMBL1926591,highly correlated assays,0.0,0.0,26.5,17.5
CHEMBL1926603,no issue,31.0,2.5,0.0,0.0
CHEMBL1926605,exact data citation,24.0,16.0,0.0,0.0
CHEMBL1926606,exact data citation,0.0,0.0,44.0,12.5
CHEMBL1926611,no issue,38.0,0.0,0.0,0.0
CHEMBL1926620,no issue,0.0,0.5,0.0,0.0
CHEMBL1926625,no issue,53.5,48.0,0.0,0.0
CHEMBL1926627,exact data citation,0.0,0.0,1.0,1.5
CHEMBL1926634,no issue,2.0,0.5,0.0,0.0
CHEMBL1926639,no issue,0.0,0.0,0.0,0.0
CHEMBL1926644,highly correlated assays,0.0,0.0,0.0,2.0
CHEMBL1926645,highly correlated assays,0.0,3.0,0.0,0.0
CHEMBL1926653,rounded data citation,0.0,0.0,18.5,6.0
CHEMBL1926654,exact data citation,29.5,1.0,0.0,0.0
CHEMBL1926656,no issue,0.0,3.5,0.0,0.0
CHEMBL1926659,no issue,0.0,0.0,20.0,0.0
CHEMBL1926663,no issue,0.0,0.0,0.0,0.0
CHEMBL1926671,test Item with unknown chirality,0.0,0.0,0.0,11.0
CHEMBL1926679,highly correlated assays,73.0,0.0,0.0,0.0
CHEMBL1932917,multiply activity for same test item,0.0,0.0,0.0,1.0
CHEMBL1932918,test Item with unknown chirality,54.5,2.0,0.0,0.0
CHEMBL1932924,no issue,468.0,84.0,0.0,0.0
CHEMBL1932929,highly correlated assays,0.0,2.5,0.0,1.0
CHEMBL1932930,multifunctional enzyme,69.5,29.0,0.0,0.0
CHEMBL1932947,no issue,0.0,0.0,0.0,0.0
CHEMBL1932948,no issue,0.0,0.0,0.0,19.5
CHEMBL1932951,multifunctional enzyme,19.5,0.5,0.0,0.0
CHEMBL1932953,no issue,0.0,0.0,0.0,0.0
CHEMBL1932955,no issue,1.0,0.0,0.0,0.0
CHEMBL1932964,exact data citation,0.0,1.0,0.0,0.0
CHEMBL1932966,highly correlated assays,0.0,0.0,11.5,30.5
CHEMBL1932973,no issue,0.0,0.0,0.0,7.5
CHEMBL1932974,no issue,0.0,0.0,0.0,0.0
CHEMBL1932975,exact data citation,8.5,15.5,0.0,0.0
CHEMBL1932980,exact data citation,0.0,0.0,0.0,2.0
CHEMBL1932997,no issue,0.0,5.0,0.0,0.0
CHEMBL1932998,no issue,92.0,20.0,9.0,0.0
CHEMBL1933000,no issue,25.0,0.0,0.0,0.0
CHEMBL1933005,no issue,0.0,0.0,0.0,0.0
CHEMBL1933007,test Item with unknown chirality,0.0,0.0,0.0,0.0
CHEMBL1933016,multifunctional enzyme,83.0,20.5,0.0,0.0
CHEMBL1933018,no issue,0.0,0.0,1.5,0.0
CHEMBL1933019,no issue,0.0,0.0,20.0,0.0
CHEMBL1933020,test Item with unknown chirality,0.0,0.0,0.0,0.0
CHEMBL1933023,no issue,1.0,0.0,0.0,0.0
CHEMBL1933027,no issue,0.0,0.0,0.5,0.0
CHEMBL1933038,highly correlated assays,1.5,0.0,368.0,60.5
CHEMBL1933039,no issue,2.0,0.5,0.0,0.0
CHEMBL1933042,no issue,0.0,0.5,0.0,0.0
CHEMBL1933047,exact data citation,0.0,1.5,0.0,0.0
CHEMBL1933050,high citation rate,0.0,63.5,0.0,0.0
CHEMBL1933057,multifunctional enzyme,14.5,0.0,0.0,0.0
CHEMBL1933060,no issue,189.0,0.0,0.0,0.0
CHEMBL1933061,test Item with unknown chirality,0.0,0.0,0.0,0.0
CHEMBL1933063,no issue,40.0,144.0,0.0,0.0
CHEMBL1938231,no issue,475.5,29.0,0.0,0.0
CHEMBL1938235,multifunctional enzyme,0.0,0.0,0.0,0.0
CHEMBL1938238,review,0.0,0.0,0.0,0.0
CHEMBL1938239,highly correlated assays,86.5,13.5,0.0,0.0
CHEMBL1938243,no issue,0.0,0.0,0.0,0.5
CHEMBL1938250,highly correlated assays,0.0,41.5,0.0,0.0
CHEMBL1938257,no issue,0.0,5.0,0.0,0.0
CHEMBL1938260,no issue,0.0,0.0,10.5,12.5
CHEMBL1938272,no issue,4.0,3.0,0.0,0.0
CHEMBL1938274,no issue,0.5,12.0,0.0,0.0
CHEMBL1938277,exact data citation,5.5,3.5,0.0,0.0
CHEMBL1938282,multifunctional enzyme,0.0,0.0,0.5,0.5
CHEMBL1938296,no issue,21.0,6.0,0.0,0.0
CHEMBL1938297,exact data citation,0.0,0.0,21.0,41.0
CHEMBL1938298,no issue,6.0,0.0,0.0,0.0
CHEMBL1938300,exact data citation,0.0,1.5,0.0,0.0
CHEMBL1938302,highly correlated assays,0.0,0.0,494.0,180.0
CHEMBL1938306,exact data citation,7.5,0.5,0.0,0.0
CHEMBL1938315,test Item with unknown chirality,2.0,0.0,0.0,0.0
CHEMBL1938324,no issue,0.5,1.0,0.0,0.0
CHEMBL1938332,exact data citation,0.0,1.0,0.0,2.0
CHEMBL1938335,no issue,0.0,0.0,0.0,0.0
CHEMBL1938336,no issue,1.5,0.0,0.0,0.0
CHEMBL1938337,no issue,3.0,0.0,0.0,0.0
CHEMBL1938339,exact data citation,0.0,8.5,0.0,0.0
CHEMBL1938342,highly correlated assays,0.0,0.0,0.0,8.5
CHEMBL1938343,multiply activity for same test item,0.0,1.0,0.0,0.0
CHEMBL1938349,highly correlated assays,0.0,0.0,21.5,33.5
CHEMBL1938351,no issue,0.0,0.0,0.0,0.0
CHEMBL1938352,no issue,0.0,0.5,0.0,0.0
CHEMBL1938353,no issue,0.0,0.0,0.0,0.0
CHEMBL1938354,no issue,0.0,0.0,0.0,0.0
CHEMBL1938364,no issue,0.0,0.0,0.0,0.5
CHEMBL1938373,no issue,6.0,0.0,0.0,0.0
CHEMBL1938382,no issue,0.0,0.0,0.0,0.0
CHEMBL1938390,exact data citation,0.5,8.5,0.0,0.0
CHEMBL1938394,multifunctional enzyme,0.0,0.0,0.0,0.0
CHEMBL1944508,no issue,0.0,0.0,0.0,0.0
CHEMBL1944509,no issue,4.0,0.0,0.0,0.0
CHEMBL1944510,test Item with unknown chirality,47.0,0.5,0.0,0.0
CHEMBL1944519,exact data citation,9.0,0.5,0.0,0.0
CHEMBL1944520,test Item with unknown chirality,0.0,0.0,0.0,0.0
CHEMBL1944522,no issue,0.0,0.0,0.0,0.0
CHEMBL1944524,no issue,0.0,0.0,0.0,2.0
CHEMBL1944529,no issue,0.0,0.0,7.5,4.5
CHEMBL1944535,highly correlated assays,0.0,2.5,0.0,0.0
CHEMBL1944548,no issue,1.0,0.0,0.0,0.0
CHEMBL1944549,exact data citation,0.0,0.0,0.5,0.0
CHEMBL1944550,no issue,0.0,4.0,0.0,0.0
CHEMBL1944553,no issue,0.0,0.0,0.5,3.0
CHEMBL1944554,highly correlated assays,0.0,0.0,12.5,270.0
CHEMBL1944557,no issue,0.0,0.0,4.0,3.0
CHEMBL1944558,no issue,0.0,0.0,0.0,1.0
CHEMBL1944561,no issue,0.0,0.0,0.0,0.0
CHEMBL1944569,multiply activity for same test item,0.0,0.0,0.5,0.0
CHEMBL1944572,test Item with unknown chirality,0.0,0.0,0.0,0.5
CHEMBL1944582,no issue,430.0,126.0,0.0,0.0
CHEMBL1944590,no issue,0.0,4.0,0.0,0.0
CHEMBL1944594,exact data citation,0.0,0.0,24.0,36.5
CHEMBL1944597,highly correlated assays,0.0,0.0,2.5,0.5
CHEMBL1944602,no issue,4.5,0.0,0.0,0.0
CHEMBL1944605,no issue,0.0,0.0,0.0,0.0
CHEMBL1944607,no issue,6.0,5.5,0.0,0.0
CHEMBL1944613,highly correlated assays,0.0,0.0,3.5,1296.0
CHEMBL1944621,no issue,1.5,1.5,0.0,0.0
CHEMBL1944635,highly correlated assays,1.0,2.0,0.0,0.0
CHEMBL1949494,no issue,0.0,0.0,8.5,0.5
CHEMBL1949499,no issue,0.0,0.0,0.0,0.0
CHEMBL1949501,review,0.0,0.0,0.0,0.0
CHEMBL1949512,multiply activity for same test item,0.0,0.0,0.0,0.0
CHEMBL1949513,multifunctional enzyme,28.0,48.0,0.0,0.0
CHEMBL1949518,no issue,29.5,0.0,0.0,0.0
CHEMBL1949530,exact data citation,0.0,0.0,0.0,0.5
CHEMBL1949546,exact data citation,0.0,0.0,0.0,0.5
CHEMBL1949554,multiply activity for same test item,0.0,0.0,0.0,0.0
CHEMBL1949557,no issue,0.0,0.0,0.0,0.0
CHEMBL1949559,no issue,0.0,4.5,0.0,0.0
CHEMBL1949570,test Item with unknown chirality,0.0,0.0,1.5,1.0
CHEMBL1949579,rounded data citation,33.0,0.0,0.0,0.0
CHEMBL1949590,no issue,0.0,1.5,0.0,0.0
CHEMBL1949592,multifunctional enzyme,0.0,0.5,0.0,0.0
CHEMBL1949601,no issue,0.0,0.0,11.5,3.0
CHEMBL1949605,multiply activity for same test item,0.0,5.0,0.0,0.0
CHEMBL1949606,no issue,0.0,0.0,16.0,268.0
CHEMBL1949615,no issue,16.0,6.5,0.0,0.0
CHEMBL1949618,test Item with unknown chirality,0.0,2.5,0.0,0.0
CHEMBL1949630,test Item with unknown chirality,0.0,0.0,0.0,0.0
CHEMBL1949631,multiply activity for same test item,0.0,0.0,0.0,0.0
CHEMBL1949632,no issue,0.0,3.5,0.0,0.0
CHEMBL1949635,highly correlated assays,0.0,68.5,0.0,0.0
CHEMBL1949636,highly correlated assays,0.0,10.0,0.0,0.0
CHEMBL1949642,no issue,0.0,0.0,0.0,0.0
CHEMBL1949653,no issue,4.5,0.0,0.0,0.0
CHEMBL1949659,no issue,114.0,0.0,0.0,0.0
CHEMBL1949660,highly correlated assays,0.0,0.0,0.0,1.0
CHEMBL1949661,no issue,1.0,1.0,0.0,0.0
CHEMBL1949664,test Item with unknown chirality,0.0,0.0,0.0,0.0
CHEMBL1949670,highly correlated assays,0.0,0.0,30.0,11.5
CHEMBL1949672,no issue,0.0,0.0,16.5,1.5
CHEMBL1949673,no issue,5.5,0.0,0.0,0.0
CHEMBL1955715,test Item with unknown chirality,0.0,54.5,0.0,0.0
CHEMBL1955719,exact data citation,125.5,1.0,0.0,0.0
CHEMBL1955720,no issue,30.0,3.5,1.5,0.0
CHEMBL1955725,multifunctional enzyme,0.0,1.5,0.0,0.0
CHEMBL1955726,no issue,5.0,0.5,0.0,0.0
CHEMBL1955727,highly correlated assays,0.0,0.0,50.5,12.0
CHEMBL1955728,exact data citation,0.0,0.5,0.0,0.0
CHEMBL1955747,no issue,0.5,0.5,0.0,0.0
CHEMBL1955753,highly correlated assays,96.0,80.0,0.0,0.0
CHEMBL1955754,exact data citation,0.0,2.0,0.0,0.0
CHEMBL1955756,exact data citation,0.0,0.0,0.0,0.5
CHEMBL1955760,no issue,0.0,0.0,0.0,0.5
CHEMBL1955765,test Item with unknown chirality,0.0,36.0,0.0,0.0
CHEMBL1955767,no issue,83.0,53.5,0.0,0.0
CHEMBL1955771,no issue,11.0,0.0,0.0,0.5
CHEMBL1955773,no issue,0.0,1.0,0.0,0.0
CHEMBL1955777,highly correlated assays,0.0,0.0,102.0,3888.0
CHEMBL1955779,test Item with unknown chirality,0.0,0.0,0.0,1.5
CHEMBL1955781,no issue,0.0,0.5,0.0,0.0
CHEMBL1955782,no issue,0.0,0.0,0.0,0.0
CHEMBL1955784,shuffled assays,69.0,4.0,0.0,0.0
CHEMBL1955785,no issue,0.0,0.0,0.0,4.0
CHEMBL1955789,no issue,0.0,16.0,0.0,0.0
CHEMBL1955798,no issue,0.0,0.0,0.0,18.0
CHEMBL1955803,no issue,0.0,0.0,0.0,0.0
CHEMBL1955805,no issue,14.0,0.0,0.0,0.0
CHEMBL1955808,no issue,7.0,0.0,0.0,0.0
CHEMBL1955811,no issue,5.0,0.0,0.0,0.0
CHEMBL1955812,high citation rate,0.0,0.0,0.0,14.5
CHEMBL1955816,rounded data citation,44.0,0.0,0.0,0.0
CHEMBL1955817,no issue,464.0,72.0,0.0,0.0
CHEMBL1955823,exact data citation,0.5,0.0,0.0,0.0
CHEMBL1955830,multiply activity for same test item,0.0,0.0,0.0,0.0
CHEMBL1955848,no issue,58.5,13.0,0.0,0.0
CHEMBL1955849,highly correlated assays,0.0,0.0,40.5,725.0
CHEMBL1955856,highly correlated assays,0.0,0.0,0.0,24.0
CHEMBL1955857,no issue,0.0,0.5,0.0,0.0
CHEMBL1955858,no issue,0.0,0.0,4.0,0.0
CHEMBL1955861,no issue,1.0,0.0,0.0,0.0
CHEMBL1955863,no issue,0.0,32.0,0.0,0.0
CHEMBL1955864,exact data citation,139.0,26.5,0.0,0.0
CHEMBL2010642,no issue,30.5,0.0,0.0,0.0
CHEMBL2010651,no issue,0.0,0.0,0.0,0.0
CHEMBL2010652,no issue,132.5,8.0,0.0,0.0
CHEMBL2010653,no issue,2.0,0.0,0.5,0.0
CHEMBL2010656,no issue,120.0,6.5,0.0,0.0
CHEMBL2010668,no issue,31.0,2.0,0.0,0.0
CHEMBL2010669,highly correlated assays,2326.5,37.5,0.0,0.0
CHEMBL2010679,test Item with unknown chirality,2.5,1.0,0.0,0.0
CHEMBL2010683,no issue,0.0,0.0,0.0,0.0
CHEMBL2010687,no issue,2.5,0.0,0.0,0.0
CHEMBL2010689,no issue,0.0,0.0,0.0,0.0
CHEMBL2010695,no issue,0.0,0.0,0.0,0.0
CHEMBL2010697,exact data citation,0.0,0.5,0.0,0.0
CHEMBL2010698,no issue,81.0,66.0,0.0,0.0
CHEMBL2010700,no issue,0.0,0.0,0.0,0.0
CHEMBL2010702,no issue,0.0,6.0,0.0,0.0
CHEMBL2010709,no issue,0.0,0.0,0.0,0.0
CHEMBL2010713,multiply activity for same test item,0.0,1.0,0.0,0.0
CHEMBL2010717,test Item with unknown chirality,0.0,0.0,0.0,0.0
CHEMBL2010723,exact data citation,0.5,1.5,0.0,0.0
CHEMBL2010728,exact data citation,0.5,0.0,0.0,0.0
CHEMBL2010731,no issue,1.5,0.0,0.0,0.0
CHEMBL2010736,no issue,0.0,0.0,0.0,10.5
CHEMBL2010740,no issue,0.0,0.0,0.0,0.0
CHEMBL2010743,rounded data citation,31.0,2.0,0.0,0.0
CHEMBL2010745,highly correlated assays,9.5,22.5,0.0,0.0
CHEMBL2010752,no issue,0.0,0.5,0.0,0.0
CHEMBL2010756,no issue,0.0,0.0,0.0,0.0
CHEMBL2010758,exact data citation,0.0,0.0,0.0,2.5
CHEMBL2010772,no issue,0.0,0.0,0.0,0.0
CHEMBL2010778,multifunctional enzyme,0.0,0.0,0.0,0.0
CHEMBL2010787,rounded data citation,1.5,2.5,0.0,0.0
CHEMBL2010788,no issue,0.0,0.0,0.5,0.5
CHEMBL2010791,no issue,0.0,4.5,0.0,0.0
CHEMBL2010800,no issue,0.0,0.0,0.0,0.0
CHEMBL2016435,no issue,17.0,1.0,0.0,0.0
CHEMBL2016448,no issue,31.5,0.5,0.0,0.0
CHEMBL2016452,no issue,0.0,0.0,0.0,4.0
CHEMBL2016457,exact data citation,0.0,3.0,0.0,0.0
CHEMBL2016458,no issue,0.0,4.0,0.0,0.0
CHEMBL2016459,high citation rate,0.0,0.0,0.0,0.0
CHEMBL2016461,no issue,5.0,1.0,0.0,0.0
CHEMBL2016462,no issue,4.0,8.0,0.0,0.0
CHEMBL2016463,no issue,0.0,0.0,79.5,16.0
CHEMBL2016464,no issue,10.5,0.0,0.0,0.0
CHEMBL2016470,exact data citation,0.0,0.0,4.5,0.0
CHEMBL2016473,no issue,0.0,0.0,0.5,19.5
CHEMBL2016478,no issue,0.0,4.0,0.0,0.5
CHEMBL2016483,no issue,1.0,0.0,0.5,0.0
CHEMBL2016485,no issue,0.0,0.0,0.0,0.0
CHEMBL2016487,no issue,0.0,12.0,0.0,0.0
CHEMBL2016489,exact data citation,0.0,0.0,7.5,7.0
CHEMBL2016491,highly correlated assays,5.0,15.5,0.0,0.0
CHEMBL2016495,highly correlated assays,0.0,16.0,0.0,0.0
CHEMBL2016507,no issue,22.5,0.5,0.0,0.0
CHEMBL2016510,test Item with unknown chirality,1.5,0.0,0.0,0.0
CHEMBL2016512,no issue,0.0,0.0,0.0,0.0
CHEMBL2016514,multiply activity for same test item,1.0,0.0,18.5,0.0
CHEMBL2016523,no issue,0.0,34.0,0.0,0.0
CHEMBL2016525,exact data citation,0.0,1.5,0.0,0.0
CHEMBL2016535,no issue,2.0,0.0,0.0,0.0
CHEMBL2016538,no issue,0.0,0.0,0.0,2.0
CHEMBL2016541,no issue,7.0,0.0,0.0,0.0
CHEMBL2016543,exact data citation,162.0,14.5,0.0,0.0
CHEMBL2016545,no issue,0.0,0.5,10.0,3.0
CHEMBL2016550,multiply activity for same test item,0.0,0.5,0.0,0.0
CHEMBL2016554,no issue,9.0,3.0,0.0,0.0
CHEMBL2016558,no issue,0.0,0.0,0.5,2.0
CHEMBL2016567,no issue,0.0,1.0,0.0,0.0
CHEMBL2016572,no issue,13.5,1.5,0.0,0.0
CHEMBL2016575,no issue,0.5,0.0,0.0,0.0
CHEMBL2016576,multiply activity for same test item,11.0,1.0,0.0,0.0
CHEMBL2021770,no issue,0.0,2.0,0.0,0.0
CHEMBL2021774,no issue,0.0,0.0,0.0,0.0
CHEMBL2021781,highly correlated assays,272.0,11.5,0.0,0.0
CHEMBL2021782,no issue,1.5,0.0,0.0,0.0
CHEMBL2021783,exact data citation,116.0,17.0,0.0,0.0
CHEMBL2021786,no issue,0.0,17.5,0.0,0.0
CHEMBL2021792,multiply activity for same test item,0.0,0.5,0.0,0.0
CHEMBL2021802,exact data citation,0.5,0.5,0.0,0.5
CHEMBL2021809,no issue,7.0,1.0,0.0,0.0
CHEMBL2021811,no issue,7.0,0.0,0.0,0.0
CHEMBL2021813,highly correlated assays,0.0,0.0,8.0,4.5
CHEMBL2021819,test Item with unknown chirality,0.0,0.0,0.0,0.0
CHEMBL2021821,multifunctional enzyme,0.0,0.0,0.0,0.0
CHEMBL2021822,no issue,32.5,4.0,0.0,0.0
CHEMBL2021833,no issue,0.0,0.0,0.0,1.5
CHEMBL2021837,no issue,42.5,0.0,0.0,0.0
CHEMBL2021841,exact data citation,0.0,0.5,0.0,0.0
CHEMBL2021847,exact data citation,0.0,0.0,0.0,7.0
CHEMBL2021848,no issue,2.0,0.0,0.0,0.0
CHEMBL2021850,highly correlated assays,0.0,18.0,0.0,0.0
CHEMBL2021852,shuffled assays,120.0,80.0,0.0,0.0
CHEMBL2021853,no issue,0.0,0.0,3.5,0.0
CHEMBL2021862,no issue,0.0,0.0,0.0,0.0
CHEMBL2021868,multifunctional enzyme,63.0,2.5,0.0,0.0
CHEMBL2021876,no issue,0.0,0.0,31.5,0.0
CHEMBL2021877,exact data citation,0.0,0.0,35.0,553.5
CHEMBL2021879,no issue,6.0,1.5,0.0,0.0
CHEMBL2021885,no issue,0.0,0.0,0.5,70.0
CHEMBL2021886,highly correlated assays,0.0,17.5,0.0,0.0
CHEMBL2021889,rounded data citation,199.0,43.0,0.0,0.0
CHEMBL2021890,no issue,0.0,2.0,0.0,0.0
CHEMBL2021892,no issue,0.0,0.0,17.0,10.5
CHEMBL2021894,no issue,56.0,0.0,0.0,0.0
CHEMBL2021900,no issue,0.0,0.0,71.0,0.0
CHEMBL2021903,no issue,0.0,0.0,0.0,0.0
CHEMBL2021908,multifunctional enzyme,18.0,0.5,0.0,0.0
CHEMBL2021917,no issue,0.0,129.0,0.0,0.0
CHEMBL2021918,highly correlated assays,0.0,0.5,5.5,3.0
CHEMBL2021921,no issue,2.5,0.0,0.0,0.0
CHEMBL2029200,test Item with unknown chirality,11.5,0.0,0.5,0.0
CHEMBL2029202,test Item with unknown chirality,0.0,3.0,0.0,0.0
CHEMBL2029205,no issue,32.0,3.0,0.0,0.0
CHEMBL2029208,highly correlated assays,3.0,29.5,0.0,0.0
CHEMBL2029214,highly correlated assays,0.0,0.0,15.0,0.0
CHEMBL2029217,exact data citation,0.0,1.0,0.0,0.0
CHEMBL2029218,highly correlated assays,4.5,4.0,0.0,0.0
CHEMBL2029222,highly correlated assays,512.0,84.0,0.0,0.0
CHEMBL2029226,multifunctional enzyme,0.0,0.0,0.0,2.0
CHEMBL2029227,exact data citation,3.5,0.0,0.0,0.0
CHEMBL2029234,no issue,0.0,2.0,0.0,0.0
CHEMBL2029237,shuffled assays,0.0,32.5,0.0,0.0
CHEMBL2029240,no issue,0.0,0.0,0.0,0.0
CHEMBL2029243,no issue,0.5,13.5,0.0,0.0
CHEMBL2029245,no issue,0.5,0.0,0.0,0.0
CHEMBL2029249,highly correlated assays,0.0,0.0,54.5,4.0
CHEMBL2029250,no issue,3.0,0.0,0.0,0.0
CHEMBL2029256,no issue,0.5,0.0,0.0,0.0
CHEMBL2029265,exact data citation,0.0,0.0,0.0,0.5
CHEMBL2029266,test Item with unknown chirality,0.0,0.0,0.0,0.0
CHEMBL2029267,no issue,0.0,0.0,0.0,0.5
CHEMBL2029270,no issue,0.0,0.0,0.0,0.0
CHEMBL2029271,no issue,0.0,0.0,30.0,12.0
CHEMBL2029277,no issue,0.0,2.5,0.0,0.0
CHEMBL2029279,test Item with unknown chirality,0.0,0.0,0.0,44.0
CHEMBL2029285,no issue,4.0,0.5,0.0,0.0
CHEMBL2029292,rounded data citation,0.0,0.0,0.0,0.5
CHEMBL2029294,no issue,0.0,0.0,0.0,0.0
CHEMBL2029296,exact data citation,0.0,0.0,92.5,28.5
CHEMBL2029297,no issue,3.5,0.0,0.0,0.0
CHEMBL2029301,no issue,0.0,4.0,0.0,0.0
CHEMBL2029306,exact data citation,5.0,0.5,0.0,0.0
CHEMBL2029317,no issue,0.0,0.0,0.0,0.0
CHEMBL2029321,no issue,1.5,1.0,0.0,0.0
CHEMBL2029330,no issue,22.0,6.0,0.0,0.0
CHEMBL2029334,test Item with unknown chirality,0.0,4.0,0.0,0.0
CHEMBL2029335,exact data citation,0.0,0.0,1.0,1.0
CHEMBL2029339,no issue,44.0,0.0,0.0,0.0
CHEMBL2029344,exact data citation,0.0,2.0,0.0,0.0
CHEMBL2029348,no issue,13.5,0.0,0.0,0.0
CHEMBL2034814,exact data citation,0.0,0.0,0.0,9.5
CHEMBL2034817,highly correlated assays,0.0,0.0,0.0,2.0
CHEMBL2034824,highly correlated assays,0.0,0.0,0.0,2.5
CHEMBL2034834,no issue,8.5,1.5,0.0,0.0
CHEMBL2034837,exact data citation,0.5,2.5,0.0,0.0
CHEMBL2034839,no issue,0.0,0.0,0.0,1.0
CHEMBL2034840,test Item with unknown chirality,0.0,0.0,0.0,0.0
CHEMBL2034850,exact data citation,68.5,4.5,0.0,0.0
CHEMBL2034854,no issue,3.0,6.0,0.0,0.0
CHEMBL2034862,no issue,6.0,1.5,0.0,0.0
CHEMBL2034871,multiply activity for same test item,4.5,0.0,2.0,0.0
CHEMBL2034878,no issue,20.5,30.5,0.0,0.0
CHEMBL2034889,no issue,0.0,0.0,0.0,0.0
CHEMBL2034893,multifunctional enzyme,44.5,16.0,0.5,0.0
CHEMBL2034897,no issue,0.0,0.0,0.0,0.0
CHEMBL2034898,no issue,8.0,0.0,0.0,0.0
CHEMBL2034909,no issue,0.0,0.0,0.0,0.0
CHEMBL2034917,no issue,124.0,2.5,0.0,0.0
CHEMBL2034919,highly correlated assays,0.0,0.0,6.5,16.0
CHEMBL2034922,multifunctional enzyme,0.0,0.0,0.0,0.0
CHEMBL2034931,no issue,1.0,0.0,0.0,0.0
CHEMBL2034935,no issue,0.0,0.0,0.0,0.0
CHEMBL2034937,test Item with unknown chirality,0.0,0.0,0.0,0.0
CHEMBL2034946,test Item with unknown chirality,0.5,0.0,0.0,0.0
CHEMBL2034948,highly correlated assays,0.0,2.5,0.0,0.0
CHEMBL2034951,no issue,19.5,0.0,0.0,0.0
CHEMBL2034953,highly correlated assays,0.0,0.0,25.5,67.0
CHEMBL2034963,exact data citation,113.0,13.5,0.0,0.0
CHEMBL2034965,no issue,0.0,0.0,0.0,1.5
CHEMBL2034970,no issue,0.0,0.0,1.0,1.0
CHEMBL2034975,no issue,0.0,4.0,0.0,0.0
CHEMBL2034981,no issue,0.0,0.0,1.5,1.5
CHEMBL2040708,no issue,0.5,2.5,0.0,0.0
CHEMBL2040712,highly correlated assays,0.0,16.0,0.0,0.0
CHEMBL2040715,exact data citation,3.0,0.0,0.0,0.0
CHEMBL2040723,highly correlated assays,0.0,0.0,12.0,17.5
CHEMBL2040729,no issue,0.0,4.0,0.0,0.0
CHEMBL2040739,no issue,1.0,0.0,0.0,0.0
CHEMBL2040748,shuffled assays,0.0,0.0,0.0,170.5
CHEMBL2040751,no issue,3.5,0.0,0.0,0.0
CHEMBL2040761,no issue,145.0,9.0,0.0,0.0
CHEMBL2040767,highly correlated assays,0.0,0.0,86.5,7.5
CHEMBL2040771,no issue,4.0,16.0,0.0,0.0
CHEMBL2040774,no issue,0.0,0.0,9.5,5.5
CHEMBL2040779,highly correlated assays,0.0,0.0,20.5,7.5
CHEMBL2040782,test Item with unknown chirality,0.0,20.5,0.0,0.0
CHEMBL2040789,highly correlated assays,0.0,0.0,0.0,1.5
CHEMBL2040800,no issue,0.0,0.5,0.0,0.0
CHEMBL2040806,exact data citation,0.5,0.0,0.0,0.0
CHEMBL2040810,no issue,0.0,0.0,7.0,0.0
CHEMBL2040817,no issue,0.0,0.0,0.0,0.0
CHEMBL2040821,no issue,82.5,7.5,0.0,0.0
CHEMBL2040827,no issue,0.0,0.5,0.0,0.0
CHEMBL2040834,no issue,4.0,0.0,0.0,0.0
CHEMBL2040836,no issue,0.5,0.0,0.0,0.0
CHEMBL2046276,highly correlated assays,0.0,0.0,26.0,1006.0
CHEMBL2046278,exact data citation,146.0,4.5,0.0,0.0
CHEMBL2046280,no issue,0.5,0.0,0.0,0.0
CHEMBL2046286,no issue,0.0,0.0,2.0,0.0
CHEMBL2046289,no issue,0.0,0.0,0.0,0.0
CHEMBL2046290,high citation rate,0.0,0.0,1.0,18.5
CHEMBL2046296,no issue,1.5,1.5,0.0,0.0
CHEMBL2046315,no issue,0.0,16.0,0.0,0.0
CHEMBL2046316,no issue,0.0,0.0,9.5,0.0
CHEMBL2046322,no issue,0.0,8.0,0.0,0.0
CHEMBL2046323,highly correlated assays,0.0,0.0,36.0,646.0
CHEMBL2046324,no issue,279.5,7.0,0.0,0.0
CHEMBL2046335,no issue,0.0,1.5,0.0,0.0
CHEMBL2046344,no issue,2.5,0.5,0.0,0.0
CHEMBL2046346,no issue,0.0,0.0,0.0,2.0
CHEMBL2046351,no issue,5.5,5.0,0.0,0.0
CHEMBL2046354,no issue,0.0,0.5,0.0,2.5
CHEMBL2046355,test Item with unknown chirality,0.0,0.0,0.0,0.0
CHEMBL2046358,no issue,0.0,0.0,0.0,3.5
CHEMBL2046359,multifunctional enzyme,31.0,65.5,0.0,0.0
CHEMBL2046366,no issue,0.5,0.0,0.0,0.0
CHEMBL2046370,no issue,0.0,0.5,0.0,0.0
CHEMBL2046372,exact data citation,0.0,0.5,0.0,0.0
CHEMBL2046373,test Item with unknown chirality,0.0,0.0,0.0,0.0
CHEMBL2046379,highly correlated assays,225.0,42.0,0.0,0.0
CHEMBL2046381,highly correlated assays,225.5,2.0,0.0,0.0
CHEMBL2046384,no issue,4.5,0.0,0.0,0.0
CHEMBL2046386,no issue,58.5,48.0,0.0,0.0
CHEMBL2046387,no issue,0.0,2.0,0.0,0.0
CHEMBL2046397,rounded data citation,30.5,2.5,0.0,0.0
CHEMBL2046398,exact data citation,0.0,0.0,1.0,2.0
CHEMBL2046401,highly correlated assays,6.0,0.0,35.0,5.5
CHEMBL2046402,no issue,57.5,53.5,0.0,0.0
CHEMBL2046406,highly correlated assays,0.0,4.5,20.5,35.0
CHEMBL2046409,no issue,131.5,49.5,0.0,0.0
CHEMBL2046410,multiply activity for same test item,0.0,0.0,0.0,0.0
CHEMBL2046414,no issue,0.0,2.0,0.0,0.0
CHEMBL2046417,no issue,0.0,1.0,0.0,0.0
CHEMBL2046422,multifunctional enzyme,5.0,0.0,0.0,0.0
CHEMBL2046428,test Item with unknown chirality,1.0,0.0,0.0,0.0
CHEMBL2046429,no issue,95.5,7.5,0.0,0.0
CHEMBL2046431,no issue,0.0,0.0,0.0,0.0
CHEMBL2046433,no issue,28.0,104.0,0.0,0.0
CHEMBL2046440,highly correlated assays,36.5,4.5,0.0,0.0
CHEMBL2057062,exact data citation,0.0,0.0,3.5,12.0
CHEMBL2057071,no issue,2.5,0.0,40.0,0.0
CHEMBL2057072,no issue,48.5,8.5,14.5,9.5
CHEMBL2057074,no issue,32.0,12.5,0.0,0.0
CHEMBL2057077,no issue,0.0,1.5,0.0,0.0
CHEMBL2057080,no issue,4.0,0.0,0.0,0.0
CHEMBL2057088,highly correlated assays,0.0,5.5,0.0,0.0
CHEMBL2057089,no issue,6.0,0.0,0.0,0.0
CHEMBL2057090,no issue,0.0,11.0,0.0,0.0
CHEMBL2057092,rounded data citation,0.0,0.0,0.0,1.0
CHEMBL2057099,no issue,0.0,0.0,0.0,0.0
CHEMBL2057107,multifunctional enzyme,72.0,4.0,0.0,0.0
CHEMBL2057108,no issue,0.0,0.0,0.5,3.5
CHEMBL2057121,no issue,0.0,0.0,0.0,0.0
CHEMBL2057126,exact data citation,2.5,0.0,0.0,0.0
CHEMBL2057127,highly correlated assays,1027.5,4.5,0.0,0.0
CHEMBL2057129,multiply activity for same test item,0.0,1.5,0.0,0.0
CHEMBL2057130,review,24.5,0.0,0.0,0.0
CHEMBL2057131,no issue,0.5,0.0,0.0,0.0
CHEMBL2057133,exact data citation,0.0,0.0,0.0,5.0
CHEMBL2057141,exact data citation,0.0,1.0,0.0,0.0
CHEMBL2057142,no issue,0.0,1.0,0.0,0.0
CHEMBL2057154,no issue,0.0,0.0,0.0,2.0
CHEMBL2057156,no issue,0.5,7.5,0.0,0.0
CHEMBL2057159,no issue,0.0,0.0,4.0,2.0
CHEMBL2057166,highly correlated assays,5.5,0.0,0.0,0.0
CHEMBL2057167,no issue,0.0,0.0,0.0,0.0
CHEMBL2057174,no issue,2.5,0.5,1.0,0.0
CHEMBL2057175,highly correlated assays,6.0,1.0,0.0,0.5
CHEMBL2057179,no issue,99.0,1.0,0.0,0.0
CHEMBL2057184,no issue,0.0,0.0,0.5,9.0
CHEMBL2057191,shuffled assays,0.0,16.5,0.0,0.0
CHEMBL2057193,no issue,6.5,0.0,0.0,0.0
CHEMBL2057194,no issue,74.0,0.0,0.0,0.0
CHEMBL2057196,no issue,0.0,3.0,0.0,0.0
CHEMBL2057199,multiply activity for same test item,0.5,1.0,0.0,0.0
CHEMBL2057200,no issue,1.0,0.0,0.0,0.0
CHEMBL2057205,highly correlated assays,0.5,9.5,0.0,0.0
CHEMBL2062359,highly correlated assays,0.5,4.0,0.0,0.0
CHEMBL2062364,no issue,52.0,72.0,0.0,0.0
CHEMBL2062370,no issue,0.5,0.5,0.0,0.0
CHEMBL2062374,no issue,0.0,0.0,40.0,4.0
CHEMBL2062375,no issue,4.0,34.5,0.0,0.0
CHEMBL2062376,rounded data citation,96.5,6.5,0.0,0.0
CHEMBL2062390,no issue,85.0,11.0,0.0,0.0
CHEMBL2062392,test Item with unknown chirality,0.0,0.0,1.0,5.5
CHEMBL2062399,highly correlated assays,0.0,96.0,0.0,0.0
CHEMBL2062402,highly correlated assays,280.5,8.0,0.0,0.0
CHEMBL2062409,no issue,0.0,0.0,0.0,0.0
CHEMBL2062411,test Item with unknown chirality,0.5,16.0,0.0,0.0
CHEMBL2062412,no issue,19.0,1.0,0.0,0.0
CHEMBL2062413,no issue,0.0,0.0,0.0,0.0
CHEMBL2062423,no issue,0.0,0.0,0.0,1.0
CHEMBL2062426,no issue,12.0,2.0,0.0,2.5
CHEMBL2062428,highly correlated assays,653.5,1.5,0.0,0.0
CHEMBL2062429,no issue,0.0,0.0,5.5,0.5
CHEMBL2062434,no issue,6.0,1.0,0.0,0.0
CHEMBL2062443,exact data citation,0.5,7.5,0.0,0.0
CHEMBL2062445,exact data citation,0.0,2.0,0.0,0.0
CHEMBL2062446,highly correlated assays,0.0,0.0,268.0,44.0
CHEMBL2062454,high citation rate,0.0,19.0,0.0,0.0
CHEMBL2062461,highly correlated assays,105.5,13.0,24.0,32.0
CHEMBL2062462,highly correlated assays,0.0,0.0,25.0,68.5
CHEMBL2062463,no issue,0.0,0.0,1.0,0.0
CHEMBL2062471,no issue,0.0,0.0,0.0,0.0
CHEMBL2062472,exact data citation,0.0,1.0,0.0,0.0
CHEMBL2062477,no issue,8.0,0.0,0.0,0.0
CHEMBL2062486,no issue,0.0,0.0,0.0,0.0
CHEMBL2062490,multiply activity for same test item,3.5,1.0,0.0,0.0
CHEMBL2062495,no issue,0.0,5.0,0.0,0.0
CHEMBL2062501,no issue,0.0,0.0,1.5,1.0
CHEMBL2062502,no issue,21.0,5.0,0.0,0.0
CHEMBL2062503,no issue,0.0,0.0,0.0,0.0
CHEMBL2062509,no issue,0.5,0.0,0.0,0.0
CHEMBL2062514,highly correlated assays,0.0,0.0,1.5,6.0
CHEMBL2062519,highly correlated assays,0.0,0.0,14.0,5.0
CHEMBL2069167,no issue,0.0,0.0,0.0,0.0
CHEMBL2069170,no issue,27.0,0.0,0.0,0.0
CHEMBL2069172,exact data citation,0.0,0.0,0.0,2.5
CHEMBL2069174,test Item with unknown chirality,0.0,0.0,0.0,0.0
CHEMBL2069178,exact data citation,0.5,0.0,1.0,13.0
CHEMBL2069183,no issue,6.5,0.0,0.0,0.0
CHEMBL2069184,no issue,0.0,0.0,0.0,0.0
CHEMBL2069189,no issue,1.0,1.5,0.0,0.0
CHEMBL2069196,test Item with unknown chirality,11.0,0.0,0.0,0.0
CHEMBL2069198,no issue,26.5,0.0,0.0,0.0
CHEMBL2069201,multifunctional enzyme,0.0,0.0,0.0,0.0
CHEMBL2069204,test Item with unknown chirality,0.0,0.0,0.0,0.0
CHEMBL2069206,shuffled assays,0.0,0.0,47.5,30.5
CHEMBL2069216,no issue,9.0,6.0,0.0,0.0
CHEMBL2069218,exact data citation,0.0,0.0,3.5,28.5
CHEMBL2069219,test Item with unknown chirality,0.0,0.0,0.0,0.0
CHEMBL2069226,test Item with unknown chirality,0.0,0.0,0.0,0.0
CHEMBL2069231,no issue,33.5,3.0,0.0,0.0
CHEMBL2069238,no issue,1.5,1.0,0.0,0.0
CHEMBL2069241,no issue,0.0,1.5,0.0,0.0
CHEMBL2069245,rounded data citation,0.0,1.0,0.0,0.0
CHEMBL2069252,no issue,0.5,0.0,0.0,0.0
CHEMBL2069262,no issue,0.0,52.5,0.0,0.0
CHEMBL2069267,highly correlated assays,0.0,0.0,29.0,386.5
CHEMBL2069270,rounded data citation,0.0,0.0,1.5,0.5
CHEMBL2069289,test Item with unknown chirality,0.0,2.0,0.0,0.0
CHEMBL2069299,no issue,0.0,1.0,0.0,0.0
CHEMBL2069300,test Item with unknown chirality,0.0,0.0,0.0,0.0
CHEMBL2069305,test Item with unknown chirality,0.0,0.0,0.0,0.0
CHEMBL2073788,no issue,0.0,0.0,0.0,0.0
CHEMBL2074061,no issue,0.0,0.0,0.0,0.0
CHEMBL2086223,exact data citation,0.0,0.0,0.5,3.0
CHEMBL2086229,exact data citation,0.0,1.5,0.0,0.0
CHEMBL2086236,no issue,0.0,0.5,0.0,0.0
CHEMBL2086238,no issue,0.0,0.0,0.0,1.0
CHEMBL2086240,no issue,0.0,0.0,0.0,0.0
CHEMBL2086247,no issue,0.0,0.0,0.0,0.0
CHEMBL2086250,rounded data citation,9.0,0.0,0.0,0.0
CHEMBL2086255,multifunctional enzyme,0.0,0.5,0.0,0.0
CHEMBL2086256,no issue,1.0,1.5,0.0,0.0
CHEMBL2086257,no issue,20.0,4.0,0.0,0.0
CHEMBL2086274,no issue,270.5,0.0,0.0,0.0
CHEMBL2086277,test Item with unknown chirality,74.0,10.5,0.0,0.0
CHEMBL2086301,highly correlated assays,5.0,13.0,0.0,0.0
CHEMBL2086302,no issue,0.0,0.0,0.5,0.0
CHEMBL2086305,no issue,0.0,0.0,2.0,0.0
CHEMBL2086309,no issue,0.0,0.0,0.0,0.0
CHEMBL2086313,no issue,0.5,1.0,0.0,0.0
CHEMBL2086316,no issue,0.0,0.0,5.0,0.0
CHEMBL2086338,exact data citation,0.5,0.0,0.0,0.0
CHEMBL2086340,exact data citation,0.5,18.5,0.0,0.0
CHEMBL2086345,no issue,3.5,2.5,0.0,0.0
CHEMBL2086356,no issue,0.0,0.0,0.0,0.0
CHEMBL2086357,exact data citation,1.5,0.0,0.0,0.0
CHEMBL2086361,exact data citation,0.0,1.5,0.0,0.0
CHEMBL2086369,exact data citation,0.0,0.0,50.0,17.5
CHEMBL2086370,multiply activity for same test item,0.0,0.0,0.5,3.5
CHEMBL2086372,highly correlated assays,0.0,0.0,13.5,20.5
CHEMBL2086382,no issue,0.0,0.0,0.5,0.0
CHEMBL2086387,no issue,0.0,0.0,0.0,2.5
CHEMBL2086389,no issue,0.5,0.0,0.0,0.0
CHEMBL2146360,no issue,0.0,0.0,0.0,0.0
CHEMBL2146361,no issue,0.0,0.0,0.0,0.5
CHEMBL2146366,rounded data citation,0.0,0.5,0.0,0.0
CHEMBL2146368,no issue,0.5,0.0,0.0,0.0
CHEMBL2146372,test Item with unknown chirality,0.0,1.0,0.0,0.0
CHEMBL2146377,review,21.0,10.5,0.0,0.0
CHEMBL2146379,highly correlated assays,0.0,0.0,0.0,19.0
CHEMBL2146383,no issue,0.5,0.0,0.0,0.0
CHEMBL2146384,highly correlated assays,0.0,2.0,0.0,0.0
CHEMBL2146398,exact data citation,0.0,8.0,0.0,0.0
CHEMBL2146404,highly correlated assays,116.0,11.5,0.0,0.0
CHEMBL2146407,rounded data citation,59.5,0.0,0.0,0.0
CHEMBL2146411,shuffled assays,30.5,1.0,0.5,0.0
CHEMBL2146414,no issue,50.0,37.0,0.0,0.0
CHEMBL2146425,no issue,0.5,1.0,0.0,0.0
CHEMBL2146430,no issue,1.5,0.0,0.0,0.0
CHEMBL2146432,no issue,0.5,6.0,0.0,0.0
CHEMBL2146436,high citation rate,0.0,2.5,1.0,8.0
CHEMBL2146438,test Item with unknown chirality,0.0,0.0,0.0,0.0
CHEMBL2146448,highly correlated assays,0.0,0.0,20.5,4.5
CHEMBL2146451,no issue,36.0,17.0,0.5,0.5
CHEMBL2146454,no issue,0.0,2.0,0.0,0.0
CHEMBL2146458,no issue,0.0,0.0,0.0,0.0
CHEMBL2146462,no issue,0.0,0.0,28.0,0.0
CHEMBL2146473,highly correlated assays,0.0,5.0,0.0,0.0
CHEMBL2146479,no issue,3.0,0.0,0.0,0.0
CHEMBL2146480,no issue,36.0,0.0,0.0,0.0
CHEMBL2150847,exact data citation,0.0,0.0,60.5,8.5
CHEMBL2150850,multifunctional enzyme,73.5,29.0,0.0,0.0
CHEMBL2150852,multifunctional enzyme,114.0,0.0,0.0,0.0
CHEMBL2150854,no issue,8.0,0.0,0.0,0.0
CHEMBL2150865,review,24.5,0.0,20.0,0.0
CHEMBL2150866,multifunctional enzyme,0.0,0.5,0.0,0.0
CHEMBL2150873,highly correlated assays,32.5,8.0,0.5,4.0
CHEMBL2150878,no issue,0.0,0.0,0.5,0.0
CHEMBL2150880,no issue,18.5,5.0,0.0,0.0
CHEMBL2150881,no issue,19.5,0.0,0.0,0.0
CHEMBL2150892,multiply activity for same test item,1.5,1.5,0.0,0.0
CHEMBL2150896,no issue,0.0,0.0,0.5,0.0
CHEMBL2150897,no issue,120.0,0.0,0.0,0.0
CHEMBL2150901,highly correlated assays,0.0,0.0,36.0,44.0
CHEMBL2150908,exact data citation,2.0,0.5,0.0,0.0
CHEMBL2150915,no issue,0.0,0.0,0.0,0.5
CHEMBL2150921,rounded data citation,3.5,0.0,0.0,0.0
CHEMBL2150922,test Item with unknown chirality,0.0,0.0,0.0,16.0
CHEMBL2150928,no issue,0.5,0.0,0.0,0.0
CHEMBL2150930,no issue,121.0,5.5,0.0,0.0
CHEMBL2150931,no issue,6.0,1.5,0.0,0.0
CHEMBL2150932,no issue,0.0,0.0,0.5,0.5
CHEMBL2150934,no issue,0.0,96.0,0.0,0.0
CHEMBL2150943,multiply activity for same test item,21.5,0.5,0.0,0.0
CHEMBL2150952,no issue,0.0,7.0,0.0,0.0
CHEMBL2150957,no issue,0.0,0.0,0.0,0.0
CHEMBL2150958,no issue,0.0,0.0,8.0,0.0
CHEMBL2150959,highly correlated assays,0.0,0.0,101.5,0.0
CHEMBL2150961,no issue,0.0,1.0,0.0,0.0
CHEMBL2150965,no issue,0.0,0.0,0.0,0.0
CHEMBL2150966,no issue,20.0,4.0,0.0,0.0
CHEMBL2150973,no issue,16.0,0.0,108.0,0.0
CHEMBL2150980,exact data citation,0.0,0.0,3.0,6.0
CHEMBL2150991,no issue,0.0,0.0,0.0,1.0
CHEMBL2150994,exact data citation,0.0,3.0,0.0,0.0
CHEMBL2151002,highly correlated assays,0.0,0.0,0.0,10.0
CHEMBL2151006,exact data citation,0.0,0.0,50.0,18.5
CHEMBL2151015,no issue,0.0,17.5,0.0,0.0
CHEMBL2151019,no issue,12.0,0.0,0.0,0.0
CHEMBL2151025,no issue,4.0,0.0,0.0,0.0
CHEMBL2151034,exact data citation,4.5,0.0,0.0,0.0
CHEMBL2151036,exact data citation,0.0,0.0,4.0,0.5
CHEMBL2151039,review,1.0,0.0,8.0,2.0
CHEMBL2157861,test Item with unknown chirality,7.5,1.0,0.0,0.0
CHEMBL2157866,no issue,0.0,0.0,0.0,0.0
CHEMBL2157870,test Item with unknown chirality,0.0,2.0,0.0,0.0
CHEMBL2157871,no issue,0.0,1.0,0.0,0.0
CHEMBL2157872,multifunctional enzyme,0.0,0.0,0.0,48.0
CHEMBL2157873,no issue,12.0,0.5,0.0,0.0
CHEMBL2157876,no issue,0.0,0.0,14.5,0.0
CHEMBL2157884,no issue,0.0,0.0,0.0,0.5
CHEMBL2157886,exact data citation,0.0,0.0,7.0,0.0
CHEMBL2157887,no issue,0.5,0.0,0.0,0.0
CHEMBL2157889,no issue,1.0,1.0,0.0,0.0
CHEMBL2157893,no issue,4.0,0.0,0.0,0.0
CHEMBL2157898,highly correlated assays,16.0,0.0,0.0,0.0
CHEMBL2157904,no issue,5.5,0.5,4.5,0.0
CHEMBL2157905,no issue,0.0,0.0,0.0,0.0
CHEMBL2157906,exact data citation,0.0,0.0,0.0,6.0
CHEMBL2157910,no issue,4.0,2.0,0.0,0.0
CHEMBL2157915,no issue,0.0,0.0,0.0,3.0
CHEMBL2157916,no issue,0.0,0.0,0.0,0.0
CHEMBL2157917,no issue,0.0,0.0,0.0,0.0
CHEMBL2157920,no issue,5.0,25.0,0.0,0.0
CHEMBL2157924,multiply activity for same test item,0.0,0.0,0.0,0.0
CHEMBL2157925,no issue,0.0,0.0,8.0,2.0
CHEMBL2157942,no issue,0.0,0.0,0.0,0.0
CHEMBL2157943,no issue,4.0,2.5,0.0,0.0
CHEMBL2157948,no issue,0.0,0.0,0.0,0.0
CHEMBL2157949,no issue,0.0,2.0,0.0,48.0
CHEMBL2157957,exact data citation,0.0,1.0,0.0,0.0
CHEMBL2157961,test Item with unknown chirality,0.0,1.0,0.0,0.0
CHEMBL2157964,test Item with unknown chirality,0.0,0.0,4.0,1.5
CHEMBL2157966,no issue,0.0,0.0,0.5,0.0
CHEMBL2157968,exact data citation,124.0,2.5,0.0,0.0
CHEMBL2157970,exact data citation,11.0,5.0,0.0,0.0
CHEMBL2157978,multiply activity for same test item,14.5,2.0,0.0,0.0
CHEMBL2157980,no issue,0.0,0.0,0.0,0.0
CHEMBL2157982,highly correlated assays,0.0,80.0,0.0,0.0
CHEMBL2157986,highly correlated assays,0.0,0.0,52.5,21.0
CHEMBL2157991,no issue,0.5,0.0,0.0,0.0
CHEMBL2158000,multifunctional enzyme,0.0,0.5,0.0,0.0
CHEMBL2163189,exact data citation,0.5,1.5,0.0,0.0
CHEMBL2163190,no issue,0.5,2.0,0.0,0.0
CHEMBL2163192,no issue,0.0,0.0,8.5,0.0
CHEMBL2163195,highly correlated assays,0.0,0.0,201.0,2983.5
CHEMBL2163199,no issue,0.0,0.0,9.5,0.0
CHEMBL2163204,test Item with unknown chirality,0.0,0.0,2.0,0.5
CHEMBL2163205,no issue,2.5,1.5,0.0,0.0
CHEMBL2163206,shuffled assays,1492.0,574.0,0.0,0.0
CHEMBL2163208,high citation rate,3.5,114.0,0.0,0.0
CHEMBL2163209,highly correlated assays,4.5,28.5,0.0,0.0
CHEMBL2163210,no issue,0.5,4.0,0.0,0.0
CHEMBL2163218,no issue,0.0,0.0,32.5,3.0
CHEMBL2163222,exact data citation,18.0,0.0,0.0,0.0
CHEMBL2163227,test Item with unknown chirality,0.0,0.0,0.0,0.0
CHEMBL2163232,no issue,0.5,0.5,0.0,0.0
CHEMBL2163233,no issue,25.0,0.0,0.0,0.0
CHEMBL2163234,no issue,0.0,0.0,4.5,0.0
CHEMBL2163235,no issue,4.0,0.0,0.0,0.0
CHEMBL2163236,no issue,2.0,0.0,55.5,2.0
CHEMBL2163237,no issue,0.0,0.0,6.5,3.0
CHEMBL2163249,no issue,11.0,0.0,0.0,0.0
CHEMBL2163253,multifunctional enzyme,0.0,0.0,0.0,0.0
CHEMBL2163264,no issue,0.0,0.0,0.0,0.0
CHEMBL2163268,no issue,0.0,0.0,0.0,0.5
CHEMBL2163275,review,5.5,0.0,17.5,0.0
CHEMBL2163280,test Item with unknown chirality,0.0,0.0,2.0,0.5
CHEMBL2163282,no issue,0.5,0.0,0.0,0.0
CHEMBL2163286,no issue,1.0,1.0,0.0,0.0
CHEMBL2163292,exact data citation,0.0,0.5,0.0,0.0
CHEMBL2163293,review,0.0,0.0,0.5,0.0
CHEMBL2163299,no issue,0.5,2.5,0.0,0.0
CHEMBL2163300,no issue,0.0,0.0,0.0,0.0
CHEMBL2163305,no issue,0.0,0.5,0.0,0.0
CHEMBL2163317,no issue,0.0,0.0,0.0,0.0
CHEMBL2163321,no issue,0.0,4.0,0.0,0.0
CHEMBL2163325,no issue,1.5,1.0,0.0,0.0
CHEMBL2163326,no issue,0.0,0.0,13.5,4.0
CHEMBL2163330,no issue,372.5,37.0,0.0,0.0
CHEMBL2163333,exact data citation,8.0,21.5,0.0,0.0
CHEMBL2163334,exact data citation,0.0,0.5,0.0,0.0
CHEMBL2163335,no issue,0.0,0.0,22.0,1.0
CHEMBL2163339,no issue,4.0,0.5,0.0,0.0
CHEMBL2163341,no issue,0.0,0.5,0.0,0.0
CHEMBL2163342,no issue,0.0,1.5,0.0,0.0
CHEMBL2163343,test Item with unknown chirality,5.5,0.0,0.0,0.0
CHEMBL2169737,no issue,0.0,0.0,0.0,0.0
CHEMBL2169742,no issue,0.5,1.0,0.0,0.0
CHEMBL2169758,no issue,0.5,0.5,0.0,0.0
CHEMBL2169760,highly correlated assays,0.0,0.0,30.5,30.5
CHEMBL2169773,exact data citation,10.0,26.0,0.0,0.0
CHEMBL2169775,no issue,118.0,14.0,0.0,0.0
CHEMBL2169778,review,0.5,0.0,0.0,0.0
CHEMBL2169781,highly correlated assays,20.0,180.5,0.0,0.0
CHEMBL2169783,highly correlated assays,36.5,3.5,0.0,0.0
CHEMBL2169784,review,4.0,0.0,0.0,0.0
CHEMBL2169785,no issue,2.0,0.0,0.0,0.0
CHEMBL2169790,multifunctional enzyme,0.0,0.0,3.5,0.0
CHEMBL2169793,exact data citation,0.0,0.0,18.5,46.0
CHEMBL2169798,multiply activity for same test item,0.0,0.0,0.0,0.0
CHEMBL2169800,test Item with unknown chirality,14.5,0.0,0.0,0.0
CHEMBL2169801,exact data citation,3.0,1.0,0.0,0.0
CHEMBL2169802,highly correlated assays,108.0,0.0,0.0,0.0
CHEMBL2169803,multifunctional enzyme,16.0,0.0,0.0,0.0
CHEMBL2169804,highly correlated assays,88.0,3.5,0.0,0.0
CHEMBL2169805,exact data citation,0.0,0.0,0.0,0.5
CHEMBL2169806,no issue,69.0,0.0,0.0,0.0
CHEMBL2169808,exact data citation,0.0,2.0,0.0,0.0
CHEMBL2169809,no issue,0.0,0.0,0.5,0.0
CHEMBL2169811,review,130.5,0.0,2.5,0.0
CHEMBL2169812,no issue,0.0,0.0,2.0,8.5
CHEMBL2169816,rounded data citation,14.0,0.0,0.0,0.0
CHEMBL2169818,no issue,28.5,1.0,0.0,0.0
CHEMBL2169819,rounded data citation,0.0,0.0,2.5,3.0
CHEMBL2169824,highly correlated assays,15.5,0.0,1.0,0.0
CHEMBL2169826,highly correlated assays,0.0,3.0,0.0,0.0
CHEMBL2169827,no issue,0.0,0.0,47.5,9.5
CHEMBL2169828,no issue,21.0,5.0,0.0,0.0
CHEMBL2169832,review,10.0,0.5,0.0,0.0
CHEMBL2169833,highly correlated assays,1.5,5.0,0.0,0.0
CHEMBL2169836,no issue,0.0,0.0,0.0,0.0
CHEMBL2169837,exact data citation,0.0,0.0,0.0,3.0
CHEMBL2169838,no issue,0.0,0.0,15.0,5.0
CHEMBL2169839,no issue,159.5,19.0,0.0,0.0
CHEMBL2169843,no issue,0.0,0.0,21.0,41.0
CHEMBL2169858,multiply activity for same test item,244.5,0.0,0.0,0.0
CHEMBL2169860,no issue,0.5,0.0,0.0,0.0
CHEMBL2169861,no issue,9.0,2.5,0.0,0.0
CHEMBL2169863,no issue,0.0,16.5,0.0,0.0
CHEMBL2169865,no issue,0.0,0.0,0.0,0.5
CHEMBL2169869,no issue,83.0,0.0,0.0,0.0
CHEMBL2169870,no issue,0.0,0.0,1.5,0.0
CHEMBL2169876,no issue,0.0,8.0,0.0,0.0
CHEMBL2169877,no issue,0.0,0.0,0.0,0.0
CHEMBL2169882,no issue,29.5,10.0,0.0,0.0
CHEMBL2169886,no issue,3.5,1.0,0.5,1.0
CHEMBL2176868,highly correlated assays,0.0,0.0,74.0,6.0
CHEMBL2176869,highly correlated assays,0.0,0.0,1.0,7.0
CHEMBL2176870,no issue,2.0,0.0,0.0,0.0
CHEMBL2176873,no issue,8.0,3.0,0.0,0.0
CHEMBL2176876,no issue,112.0,24.0,0.0,0.0
CHEMBL2176882,no issue,0.5,2.0,0.0,0.0
CHEMBL2176883,no issue,0.0,0.0,0.0,0.0
CHEMBL2176889,no issue,25.0,2.5,0.0,0.0
CHEMBL2176890,no issue,2.0,28.5,16.0,118.5
CHEMBL2176891,test Item with unknown chirality,0.0,1.0,0.0,0.0
CHEMBL2176893,no issue,2.5,1.0,0.0,0.0
CHEMBL2176899,rounded data citation,44.0,1.0,0.0,0.0
CHEMBL2176903,no issue,3.0,0.0,0.0,0.0
CHEMBL2176905,no issue,0.0,0.0,0.0,0.0
CHEMBL2176907,no issue,0.0,0.0,0.0,0.0
CHEMBL2176911,no issue,101.0,69.5,0.0,0.0
CHEMBL2176912,rounded data citation,0.0,0.0,0.0,2.0
CHEMBL2176914,no issue,48.0,8.0,0.0,0.0
CHEMBL2176918,multifunctional enzyme,0.0,0.0,0.0,0.0
CHEMBL2176924,no issue,9.0,9.0,0.0,0.0
CHEMBL2176926,no issue,35.0,0.0,0.0,0.0
CHEMBL2176927,no issue,0.0,0.0,0.0,1.0
CHEMBL2176930,no issue,0.0,2.0,0.0,0.0
CHEMBL2176933,multifunctional enzyme,6.5,0.0,0.0,0.0
CHEMBL2176934,no issue,1.0,0.0,0.0,0.0
CHEMBL2176935,no issue,0.0,32.0,0.0,0.0
CHEMBL2176943,no issue,2.0,0.0,0.0,0.0
CHEMBL2176947,multifunctional enzyme,68.0,0.0,0.0,0.0
CHEMBL2176949,no issue,0.0,0.0,5.0,1.0
CHEMBL2176951,review,26.5,1.5,0.0,0.0
CHEMBL2176954,no issue,0.5,1.0,0.0,0.0
CHEMBL2176955,no issue,0.5,0.0,0.0,0.0
CHEMBL2176958,no issue,21.5,0.5,0.0,0.0
CHEMBL2176959,no issue,4.0,16.0,0.0,0.0
CHEMBL2176961,no issue,0.0,0.0,2.0,0.0
CHEMBL2176962,no issue,112.0,0.0,0.0,0.0
CHEMBL2176967,test Item with unknown chirality,2.5,0.0,0.5,0.0
CHEMBL2176970,no issue,0.0,0.0,0.0,0.0
CHEMBL2176971,no issue,0.0,0.0,0.0,0.0
CHEMBL2176975,no issue,0.0,0.0,0.0,0.0
CHEMBL2176976,rounded data citation,0.5,0.5,0.0,0.0
CHEMBL2176977,exact data citation,0.0,0.0,0.0,1.0
CHEMBL2176978,no issue,636.0,4.0,0.0,0.0
CHEMBL2176979,no issue,0.5,0.0,0.0,0.0
CHEMBL2176981,multifunctional enzyme,120.5,4.5,0.0,0.0
CHEMBL2176986,no issue,0.0,0.0,0.0,0.0
CHEMBL2176988,no issue,0.0,0.0,6.5,2.5
CHEMBL2176992,no issue,1.0,3.0,0.0,0.0
CHEMBL2176994,no issue,5.0,0.0,0.0,0.0
CHEMBL2176995,no issue,0.5,0.0,0.0,0.0
CHEMBL2176996,no issue,0.0,0.0,0.0,2.5
CHEMBL2176999,highly correlated assays,66.5,3.0,0.0,0.5
CHEMBL2177001,no issue,3.5,0.0,0.0,0.0
CHEMBL2177004,test Item with unknown chirality,0.0,0.0,0.0,0.0
CHEMBL2177005,review,20.5,3.0,0.0,0.0
CHEMBL2177006,no issue,4.0,16.0,0.0,0.0
CHEMBL2177008,multiply activity for same test item,0.0,0.0,0.0,0.0
CHEMBL2177010,no issue,5.0,0.0,0.0,0.0
CHEMBL2177012,multifunctional enzyme,0.0,0.0,0.0,0.0
CHEMBL2177015,no issue,0.0,0.0,0.0,0.0
CHEMBL2177016,highly correlated assays,0.0,0.0,0.0,88.5
CHEMBL2177017,review,8.0,0.0,0.0,0.0
CHEMBL2177022,highly correlated assays,0.0,17.5,0.0,0.0
CHEMBL2177024,no issue,0.5,0.0,0.0,0.0
CHEMBL2177026,no issue,0.0,0.0,0.0,0.0
CHEMBL2177027,no issue,0.0,0.0,2.0,0.0
CHEMBL2177028,no issue,0.0,0.0,1.5,2.5
CHEMBL2177029,highly correlated assays,1.0,0.5,68.0,22.0
CHEMBL2177031,exact data citation,0.0,0.0,0.0,134.0
CHEMBL2177033,no issue,11.0,4.0,0.0,0.0
CHEMBL2177038,no issue,0.0,0.0,48.5,2.0
CHEMBL2177044,no issue,0.0,16.0,0.0,0.0
CHEMBL2177045,no issue,0.0,0.0,0.0,4.0
CHEMBL2177046,no issue,0.0,0.0,0.0,0.0
CHEMBL2177047,no issue,11.5,4.0,0.0,0.0
CHEMBL2177048,no issue,0.0,0.0,0.0,0.0
CHEMBL2177053,review,0.5,0.0,0.0,0.0
CHEMBL2177058,shuffled assays,0.0,0.0,81.0,0.5
CHEMBL2177065,no issue,0.0,0.0,0.0,1.5
CHEMBL2177066,no issue,1.0,0.5,23.0,3.0
CHEMBL2177072,no issue,0.0,4.0,0.0,0.0
CHEMBL2177078,no issue,0.0,0.0,5.5,2.5
CHEMBL2177079,test Item with unknown chirality,0.0,1.0,0.0,0.0
CHEMBL2177084,test Item with unknown chirality,3.5,0.0,0.0,0.0
CHEMBL2177091,no issue,0.0,0.0,0.0,0.0
CHEMBL2177093,no issue,0.0,0.0,0.0,1.0
CHEMBL2177097,highly correlated assays,0.0,0.0,8.5,3.0
CHEMBL2177102,review,6.0,5.0,0.0,0.5
CHEMBL2177103,multifunctional enzyme,6.5,3.0,0.0,0.0
CHEMBL2202953,rounded data citation,0.0,2.0,0.0,0.0
CHEMBL2202955,no issue,0.5,0.0,0.0,0.0
CHEMBL2202959,highly correlated assays,0.0,0.0,0.5,9.0
CHEMBL2202960,exact data citation,0.0,0.5,0.0,0.0
CHEMBL2202966,no issue,0.0,0.0,0.0,0.0
CHEMBL2202967,test Item with unknown chirality,0.0,0.0,5.0,0.0
CHEMBL2202969,exact data citation,0.0,0.0,0.0,1.0
CHEMBL2202974,highly correlated assays,0.0,0.0,0.5,3.5
CHEMBL2202975,multifunctional enzyme,0.0,0.0,0.0,0.0
CHEMBL2202985,exact data citation,0.0,1.0,0.0,0.0
CHEMBL2202992,no issue,0.0,0.5,0.0,0.0
CHEMBL2202994,highly correlated assays,0.0,11.0,0.0,0.0
CHEMBL2203004,rounded data citation,16.0,0.0,0.0,0.0
CHEMBL2203005,rounded data citation,4.5,5.0,0.0,0.0
CHEMBL2203014,no issue,0.0,0.0,0.0,0.0
CHEMBL2203020,no issue,6.5,14.0,0.0,0.0
CHEMBL2203023,highly correlated assays,15.0,0.0,76.5,0.0
CHEMBL2203025,no issue,0.0,0.0,0.0,0.0
CHEMBL2203026,no issue,0.0,0.5,0.0,0.0
CHEMBL2203031,no issue,4.5,0.0,0.0,0.0
CHEMBL2203032,no issue,2.0,0.0,0.0,0.0
CHEMBL2203033,no issue,0.0,0.0,0.0,0.0
CHEMBL2203036,no issue,3.0,0.0,42.0,0.0
CHEMBL2203039,test Item with unknown chirality,0.0,0.0,0.0,0.0
CHEMBL2203041,no issue,93.5,17.5,0.0,0.0
CHEMBL2203042,rounded data citation,0.0,0.0,0.0,3.0
CHEMBL2203046,highly correlated assays,0.0,0.0,0.0,16.0
CHEMBL2203055,no issue,0.0,0.0,7.0,0.0
CHEMBL2203057,no issue,0.0,0.0,0.0,0.0
CHEMBL2203059,no issue,0.0,0.0,0.5,4.0
CHEMBL2203077,no issue,1.0,0.0,0.0,0.0
CHEMBL2203087,exact data citation,0.5,0.0,0.0,0.0
CHEMBL2203088,rounded data citation,33.0,0.0,0.0,0.0
CHEMBL2203091,exact data citation,0.5,1.0,0.0,0.0
CHEMBL2203095,no issue,0.0,2.0,0.0,0.0
CHEMBL2203096,test Item with unknown chirality,0.0,0.0,0.0,0.0
CHEMBL2203098,multiply activity for same test item,929.0,60.0,0.0,0.0
CHEMBL2203099,no issue,0.0,0.0,77.5,24.5
CHEMBL2203102,no issue,0.0,3.5,0.0,0.0
CHEMBL2203103,multifunctional enzyme,0.5,0.0,0.0,0.0
CHEMBL2203106,no issue,0.0,0.0,0.0,0.0
CHEMBL2203110,no issue,0.0,0.0,0.0,0.0
CHEMBL2203114,shuffled assays,0.0,68.0,0.0,0.0
CHEMBL2203126,no issue,0.0,6.5,0.0,0.0
CHEMBL2203130,multifunctional enzyme,39.0,3.5,0.0,0.0
CHEMBL2203133,no issue,0.0,2.0,0.0,0.0
CHEMBL2203135,no issue,0.5,0.0,0.0,0.0
CHEMBL2203139,rounded data citation,4.0,1.5,0.0,0.0
CHEMBL2203150,no issue,0.0,0.0,0.0,4.0
CHEMBL2203152,no issue,0.0,0.0,9.5,0.0
CHEMBL2203153,no issue,0.0,1.0,0.0,0.0
CHEMBL2203156,test Item with unknown chirality,0.0,0.0,0.0,0.0
CHEMBL2203157,no issue,0.0,0.0,0.0,0.0
CHEMBL2203158,no issue,0.0,0.0,24.0,0.0
CHEMBL2203161,no issue,0.0,0.0,0.0,0.0
CHEMBL2203168,no issue,0.0,0.0,0.0,0.0
CHEMBL2203175,no issue,0.0,0.0,0.0,0.0
CHEMBL2203176,rounded data citation,56.5,29.0,0.0,0.0
CHEMBL2203183,no issue,0.0,0.0,7.0,0.0
CHEMBL2203185,no issue,0.0,0.0,1.0,3.0
CHEMBL2203189,no issue,0.0,0.0,61.5,2.5
CHEMBL2203210,no issue,0.0,0.0,0.0,0.0
CHEMBL2203219,highly correlated assays,0.0,0.0,0.0,1.0
CHEMBL2203232,multiply activity for same test item,0.0,8.0,0.0,0.0
CHEMBL2203238,no issue,6.5,0.0,0.0,0.0
CHEMBL2203239,exact data citation,56.5,29.0,0.0,0.0
CHEMBL2203244,no issue,0.0,0.5,0.0,0.0
CHEMBL2203245,test Item with unknown chirality,0.0,0.0,0.0,3.0
CHEMBL2203251,no issue,0.0,0.0,1.5,0.0
CHEMBL2203256,no issue,1.5,0.0,0.0,0.0
CHEMBL2203263,no issue,0.0,0.0,0.0,0.0
CHEMBL2203264,no issue,0.5,0.0,0.0,0.0
CHEMBL2203266,no issue,0.0,0.0,6.5,0.0
CHEMBL2203283,test Item with unknown chirality,96.0,11.0,0.0,0.0
CHEMBL2203285,rounded data citation,0.0,0.0,12.5,2.5
CHEMBL2216748,no issue,5.5,0.0,0.0,0.0
CHEMBL2216749,review,0.0,0.0,0.0,0.0
CHEMBL2216750,review,10.5,0.0,0.0,0.0
CHEMBL2216751,exact data citation,3.0,0.0,0.0,0.0
CHEMBL2216752,review,0.0,0.0,0.0,0.0
CHEMBL2311248,no issue,0.0,0.0,2.5,0.5
CHEMBL2311250,rounded data citation,0.5,1.5,0.0,0.0
CHEMBL2311263,shuffled assays,100.0,84.0,0.0,0.0
CHEMBL2311268,no issue,0.0,0.0,0.0,0.0
CHEMBL2311270,test Item with unknown chirality,0.0,0.0,2.0,0.0
CHEMBL2311273,no issue,0.0,0.0,0.0,0.0
CHEMBL2311279,no issue,0.0,1.0,0.0,0.0
CHEMBL2311283,highly correlated assays,0.0,0.0,14.5,0.0
CHEMBL2311285,no issue,0.0,2.5,1.0,1.0
CHEMBL2311289,no issue,0.0,4.0,0.0,0.0
CHEMBL2311291,no issue,0.0,0.0,0.0,0.0
CHEMBL2311292,test Item with unknown chirality,0.0,0.0,1.0,0.0
CHEMBL2311293,no issue,2.0,0.0,0.0,0.0
CHEMBL2311294,no issue,4.0,0.5,0.0,0.0
CHEMBL2311300,no issue,0.5,1.0,4.0,3.0
CHEMBL2311310,exact data citation,59.0,0.5,0.0,0.0
CHEMBL2311315,no issue,0.0,0.0,0.0,0.0
CHEMBL2311316,no issue,0.0,0.0,6.0,1.0
CHEMBL2311317,review,6.0,0.0,0.0,0.0
CHEMBL2311318,no issue,0.0,0.5,0.0,0.0
CHEMBL2311325,test Item with unknown chirality,45.5,2.0,0.0,0.0
CHEMBL2311330,no issue,0.0,0.0,0.0,0.0
CHEMBL2311331,highly correlated assays,0.0,0.0,1.0,2.0
CHEMBL2311332,test Item with unknown chirality,29.0,0.0,0.0,0.0
CHEMBL2311339,no issue,768.0,208.0,0.0,0.0
CHEMBL2311346,multiply activity for same test item,0.0,0.5,0.0,0.0
CHEMBL2311349,multiply activity for same test item,8.0,0.0,0.0,0.0
CHEMBL2311352,no issue,8.0,0.0,0.0,0.0
CHEMBL2311356,highly correlated assays,0.0,0.0,6.0,10.0
CHEMBL2311362,multifunctional enzyme,10.0,2.5,0.0,0.0
CHEMBL2311368,no issue,1.0,0.0,0.0,0.0
CHEMBL2311370,test Item with unknown chirality,2.0,0.0,0.0,0.0
CHEMBL2311383,no issue,5.0,0.0,0.0,0.0
CHEMBL2311389,highly correlated assays,0.0,32.0,0.0,0.0
CHEMBL2311394,highly correlated assays,0.0,0.0,1.0,9.0
CHEMBL2311399,rounded data citation,1.0,1.0,0.0,0.0
CHEMBL2311401,test Item with unknown chirality,0.0,0.0,0.5,0.0
CHEMBL2311405,highly correlated assays,0.5,4.5,0.0,0.0
CHEMBL2311409,highly correlated assays,292.5,23.0,0.0,0.0
CHEMBL2311412,no issue,0.5,0.0,0.0,0.0
CHEMBL2311417,highly correlated assays,18.5,8.0,0.0,0.0
CHEMBL2311420,exact data citation,0.0,0.5,0.0,0.0
CHEMBL2311425,highly correlated assays,470.0,17.5,0.0,0.0
CHEMBL2311431,no issue,2.0,0.0,0.0,0.0
CHEMBL2311437,exact data citation,7.5,4.5,0.0,0.0
CHEMBL2311441,no issue,0.5,0.0,0.0,0.0
CHEMBL2311442,test Item with unknown chirality,0.0,0.0,0.5,0.0
CHEMBL2311445,no issue,0.0,0.0,0.0,0.0
CHEMBL2311446,highly correlated assays,125.0,33.0,0.0,0.0
CHEMBL2311453,multiply activity for same test item,16.5,33.0,0.0,0.0
CHEMBL2311454,no issue,0.0,6.5,0.0,0.0
CHEMBL2311455,multifunctional enzyme,0.5,2.5,0.0,0.0
CHEMBL2311459,rounded data citation,0.0,3.0,0.0,0.0
CHEMBL2311463,no issue,0.0,0.0,1.0,0.0
CHEMBL2311467,no issue,2.5,0.0,0.0,0.0
CHEMBL2311468,highly correlated assays,0.5,1.5,0.0,0.0
CHEMBL2311471,no issue,42.5,0.0,13.0,0.5
CHEMBL2311488,exact data citation,0.0,2.0,0.0,0.0
CHEMBL2311489,no issue,0.0,0.0,43.0,5.0
CHEMBL2311490,no issue,0.0,0.0,35.5,16.0
CHEMBL2311492,test Item with unknown chirality,0.0,0.0,0.0,0.0
CHEMBL2311493,multiply activity for same test item,0.5,21.5,1.0,0.0
CHEMBL2311498,no issue,0.0,0.0,0.0,0.5
CHEMBL2311500,no issue,0.0,1.0,0.0,0.0
CHEMBL2311502,no issue,0.0,0.0,0.0,0.5
CHEMBL2311504,no issue,4.5,0.0,0.0,0.0
CHEMBL2311505,no issue,0.0,2.0,0.0,0.0
CHEMBL2311506,highly correlated assays,41.5,5.5,0.0,0.0
CHEMBL2311507,exact data citation,0.0,0.0,1.0,1.0
CHEMBL2311510,no issue,0.0,0.0,13.5,0.0
CHEMBL2311513,no issue,0.0,0.0,0.0,0.0
CHEMBL2311514,multiply activity for same test item,0.0,0.0,8.0,4.0
CHEMBL2311516,exact data citation,0.5,1.0,0.0,0.0
CHEMBL2311518,multiply activity for same test item,0.0,0.0,3.0,0.0
CHEMBL2311523,no issue,0.0,9.5,0.0,0.0
CHEMBL2311525,no issue,0.0,0.0,54.5,4.0
CHEMBL2311526,no issue,4.0,0.0,0.0,0.0
CHEMBL2311529,highly correlated assays,0.0,0.0,30.5,42.5
CHEMBL2311532,no issue,0.0,0.0,0.0,0.0
CHEMBL2311538,no issue,29.0,2.0,0.0,0.0
CHEMBL2321647,highly correlated assays,214.0,33.5,0.0,0.0
CHEMBL2321654,exact data citation,59.0,12.5,0.0,0.0
CHEMBL2321656,no issue,0.0,1.5,0.0,0.0
CHEMBL2321662,highly correlated assays,0.0,0.0,5.5,0.0
CHEMBL2321664,no issue,15.5,27.5,0.0,0.0
CHEMBL2321667,multifunctional enzyme,0.0,0.0,0.0,0.0
CHEMBL2321674,no issue,0.0,4.0,0.0,0.0
CHEMBL2321678,no issue,0.0,0.0,0.0,0.0
CHEMBL2321681,exact data citation,3.5,1.0,0.0,0.0
CHEMBL2321683,no issue,16.0,0.0,0.0,0.0
CHEMBL2321685,multifunctional enzyme,25.0,0.5,0.0,0.0
CHEMBL2321686,no issue,4.0,0.0,0.0,0.0
CHEMBL2321688,no issue,0.0,0.0,0.0,1.0
CHEMBL2321689,test Item with unknown chirality,53.0,1.0,0.0,0.0
CHEMBL2321700,exact data citation,0.0,0.0,8.5,2.5
CHEMBL2321703,no issue,0.0,0.0,14.0,0.0
CHEMBL2321704,no issue,0.0,0.0,0.0,0.0
CHEMBL2321706,no issue,0.0,2.0,0.0,0.0
CHEMBL2321707,no issue,24.0,0.0,0.0,0.0
CHEMBL2321709,no issue,97.5,0.0,8.5,0.0
CHEMBL2321710,no issue,12.0,8.0,0.0,0.0
CHEMBL2321713,no issue,0.0,0.0,46.0,0.5
CHEMBL2321715,rounded data citation,1.0,3.0,0.0,0.0
CHEMBL2321716,review,0.0,0.0,0.0,0.0
CHEMBL2321717,no issue,1.0,0.0,0.0,0.0
CHEMBL2321719,highly correlated assays,0.0,0.0,0.0,7.0
CHEMBL2321721,no issue,1.0,0.5,0.0,0.0
CHEMBL2321722,no issue,4.0,8.0,0.0,0.0
CHEMBL2321724,no issue,3.5,0.0,0.0,0.0
CHEMBL2321726,no issue,0.0,0.0,0.0,3.5
CHEMBL2321730,highly correlated assays,0.0,0.0,2.0,0.0
CHEMBL2321731,highly correlated assays,0.0,2.0,0.0,0.5
CHEMBL2321738,exact data citation,0.0,0.0,1.0,0.0
CHEMBL2321742,exact data citation,0.0,0.0,0.5,0.0
CHEMBL2321744,highly correlated assays,0.0,7.5,0.0,0.0
CHEMBL2321745,multifunctional enzyme,16.0,108.5,0.0,0.0
CHEMBL2321746,highly correlated assays,0.0,0.0,24.5,1650.0
CHEMBL2321748,no issue,72.0,4.0,0.0,0.0
CHEMBL2321753,no issue,0.0,0.0,7.0,0.0
CHEMBL2321754,exact data citation,0.0,0.0,40.0,558.0
CHEMBL2321755,exact data citation,0.0,2.0,0.0,0.0
CHEMBL2321758,no issue,4.0,120.5,0.0,0.0
CHEMBL2321763,no issue,1.0,0.0,0.0,0.0
CHEMBL2321765,no issue,1.5,19.0,0.0,0.0
CHEMBL2321766,no issue,0.5,0.5,0.0,0.0
CHEMBL2321768,no issue,0.0,0.0,231.5,0.0
CHEMBL2321769,highly correlated assays,16.0,3.0,0.0,0.0
CHEMBL2321770,no issue,76.0,0.0,0.0,0.0
CHEMBL2321772,no issue,3.0,0.0,0.0,0.0
CHEMBL2321773,multiply activity for same test item,0.0,0.0,0.0,0.0
CHEMBL2321774,highly correlated assays,0.0,0.0,28.0,10.0
CHEMBL2321779,no issue,4.0,0.0,0.0,0.0
CHEMBL2321788,no issue,0.0,0.0,0.0,2.0
CHEMBL2321789,no issue,3.0,1.5,0.0,0.0
CHEMBL2321799,no issue,0.0,0.0,0.0,0.0
CHEMBL2321802,no issue,5.5,0.0,0.0,0.0
CHEMBL2321806,no issue,0.0,0.0,6.0,0.0
CHEMBL2321810,no issue,20.5,0.0,0.0,0.0
CHEMBL2321812,no issue,2.0,0.0,0.0,0.0
CHEMBL2321814,highly correlated assays,0.0,0.0,40.0,558.5
CHEMBL2321820,no issue,0.0,0.0,0.0,0.0
CHEMBL2321821,no issue,0.0,0.0,0.0,7.5
CHEMBL2321829,no issue,314.5,61.0,0.0,0.0
CHEMBL2321830,no issue,34.0,4.5,0.0,0.0
CHEMBL2321833,no issue,0.0,0.0,0.0,0.0
CHEMBL2321834,highly correlated assays,0.0,24.5,0.0,0.0
CHEMBL2321835,no issue,1.5,0.0,22.5,0.0
CHEMBL2321836,no issue,0.0,0.5,0.0,0.0
CHEMBL2321840,multiply activity for same test item,0.0,4.0,0.0,0.0
CHEMBL2321843,no issue,0.0,0.0,12.0,9.0
CHEMBL2321852,no issue,0.0,0.0,0.5,59.5
CHEMBL2321854,no issue,0.5,0.0,0.0,0.0
CHEMBL2321855,no issue,0.0,0.0,0.0,0.0
CHEMBL2321858,no issue,0.0,0.5,0.0,0.0
CHEMBL2321860,highly correlated assays,0.0,4.5,0.0,12.0
CHEMBL2321863,no issue,0.0,1.0,0.0,0.0
CHEMBL2321864,no issue,210.0,6.0,0.0,0.0
CHEMBL2321866,exact data citation,0.0,0.0,48.5,2.0
CHEMBL2321867,highly correlated assays,0.0,0.0,83.5,4.5
CHEMBL2321868,no issue,0.0,0.0,0.0,0.0
CHEMBL2321869,review,19.0,1.0,0.0,3.5
CHEMBL2321871,no issue,0.0,0.5,0.0,0.0
CHEMBL2321873,no issue,0.0,0.0,0.0,0.0
CHEMBL2331090,test Item with unknown chirality,25.0,0.0,0.0,0.0
CHEMBL2331093,multifunctional enzyme,40.5,1.5,0.0,0.0
CHEMBL2331096,test Item with unknown chirality,17.0,8.0,0.0,0.0
CHEMBL2331099,rounded data citation,14.0,0.0,0.0,0.0
CHEMBL2331101,no issue,3.0,0.0,0.0,0.0
CHEMBL2331105,exact data citation,9.0,0.0,0.0,0.0
CHEMBL2331108,multiply activity for same test item,0.0,0.0,18.5,4.5
CHEMBL2331110,review,0.5,0.0,0.0,0.0
CHEMBL2331115,no issue,4.5,7.0,0.0,0.0
CHEMBL2331119,test Item with unknown chirality,0.0,0.0,5.5,0.0
CHEMBL2331121,multiply activity for same test item,0.0,0.0,54.0,0.5
CHEMBL2331135,exact data citation,0.0,0.0,33.0,448.5
CHEMBL2331140,rounded data citation,155.5,14.5,0.0,0.0
CHEMBL2331141,no issue,16.5,0.0,0.0,0.0
CHEMBL2331145,no issue,0.0,0.0,1.0,4.5
CHEMBL2331146,no issue,12.0,2.0,0.0,0.0
CHEMBL2331151,test Item with unknown chirality,20.5,1.5,4.5,0.5
CHEMBL2331159,no issue,6.0,0.0,0.0,0.0
CHEMBL2331175,multifunctional enzyme,77.0,8.0,0.0,0.0
CHEMBL2331176,multifunctional enzyme,70.0,32.5,0.0,0.0
CHEMBL2331178,no issue,67.0,20.0,0.0,0.0
CHEMBL2331189,no issue,2.0,0.5,0.0,0.0
CHEMBL2331199,exact data citation,1.5,0.0,0.0,0.0
CHEMBL2331201,highly correlated assays,0.0,0.0,0.5,25.5
CHEMBL2331203,no issue,0.0,0.0,0.0,0.0
CHEMBL2331212,multiply activity for same test item,0.0,0.0,145.0,62.5
CHEMBL2331218,multiply activity for same test item,3.0,1.0,0.0,0.0
CHEMBL2331221,no issue,5.0,0.5,0.0,0.0
CHEMBL2331222,no issue,0.5,1.0,0.0,0.0
CHEMBL2331231,no issue,8.0,0.0,0.0,0.0
CHEMBL2331233,exact data citation,3.5,1.0,0.0,0.0
CHEMBL2331234,no issue,0.0,0.5,0.0,0.0
CHEMBL2331236,rounded data citation,6.5,4.5,0.0,0.0
CHEMBL2331237,no issue,0.0,0.0,0.0,0.0
CHEMBL2331239,no issue,0.0,0.0,0.0,0.0
CHEMBL2331241,exact data citation,0.0,0.0,0.0,16.0
CHEMBL2331244,review,3.0,2.0,0.0,0.0
CHEMBL2331255,exact data citation,0.0,0.0,40.0,548.5
CHEMBL2331260,no issue,23.5,0.5,0.0,0.0
CHEMBL2331262,no issue,0.0,0.0,2.0,0.0
CHEMBL2331267,no issue,0.0,2.0,0.0,0.0
CHEMBL2331270,exact data citation,0.0,0.0,1.0,1.0
CHEMBL2331273,highly correlated assays,13.0,4.5,0.0,0.0
CHEMBL2331274,no issue,0.0,0.0,0.0,0.0
CHEMBL2331276,no issue,18.5,0.0,3.0,0.0
CHEMBL2331278,multiply activity for same test item,0.0,0.0,0.0,0.0
CHEMBL2331279,no issue,0.5,0.0,0.0,0.0
CHEMBL2331280,no issue,86.5,0.0,0.0,0.0
CHEMBL2331285,no issue,114.5,16.0,0.0,0.0
CHEMBL2331286,no issue,200.0,0.0,0.0,0.0
CHEMBL2331288,no issue,0.0,0.0,0.0,0.0
CHEMBL2331290,no issue,44.0,0.0,0.0,0.0
CHEMBL2331292,no issue,40.0,60.0,0.0,0.0
CHEMBL2331298,no issue,2.5,0.0,0.0,0.0
CHEMBL2331299,no issue,9.0,0.5,0.0,0.0
CHEMBL2331301,multifunctional enzyme,0.0,1.0,0.0,0.0
CHEMBL2331304,no issue,0.0,0.0,324.0,8.0
CHEMBL2331307,highly correlated assays,10.0,37.0,0.0,0.0
CHEMBL2331312,no issue,0.0,0.5,0.0,0.0
CHEMBL2331315,highly correlated assays,0.0,0.0,1.0,2.0
CHEMBL2331317,exact data citation,8.0,19.0,0.0,0.0
CHEMBL2331319,highly correlated assays,285.5,47.5,0.0,0.0
CHEMBL2331320,no issue,6.5,7.5,0.0,0.0
CHEMBL2331321,high citation rate,468.0,84.0,0.0,0.0
CHEMBL2331326,no issue,3.5,0.0,0.0,0.0
CHEMBL2331328,no issue,3.0,0.0,0.0,0.0
CHEMBL2331331,no issue,83.5,17.0,0.0,0.0
CHEMBL2331332,multifunctional enzyme,28.5,1.0,0.0,0.0
CHEMBL2331336,no issue,5.5,0.0,2.5,0.0
CHEMBL2331337,test Item with unknown chirality,4.0,0.0,0.0,0.0
CHEMBL2331343,high citation rate,2.0,0.5,16.5,8.0
CHEMBL2331344,review,0.0,0.0,0.5,0.0
CHEMBL2331351,no issue,0.0,0.5,0.0,0.0
CHEMBL2331353,no issue,94.5,0.0,0.0,0.0
CHEMBL2331357,no issue,0.0,0.0,0.0,0.0
CHEMBL2331374,no issue,6.5,14.0,0.0,0.0
CHEMBL2331377,no issue,0.0,8.0,0.0,0.0
CHEMBL2331378,no issue,40.5,16.5,0.0,0.0
CHEMBL2331379,rounded data citation,0.0,0.5,0.0,0.0
CHEMBL2331389,no issue,0.0,168.0,0.0,0.0
CHEMBL2331395,no issue,0.0,0.0,0.0,6.5
CHEMBL2331397,no issue,0.0,0.0,1.0,0.0
CHEMBL2331399,highly correlated assays,0.0,0.0,0.0,218.0
CHEMBL2331403,no issue,224.0,0.0,0.0,0.0
CHEMBL2331405,no issue,56.5,2.0,0.0,0.0
CHEMBL2331409,no issue,0.0,0.0,12.0,159.0
CHEMBL2331410,no issue,21.0,0.0,0.5,0.0
CHEMBL2331414,exact data citation,48.0,1.0,0.0,0.0
CHEMBL2331417,exact data citation,0.0,0.0,12.0,159.0
CHEMBL2331425,multiply activity for same test item,0.0,0.0,0.0,0.0
CHEMBL2331433,multifunctional enzyme,2.5,0.0,0.0,0.0
CHEMBL2331441,test Item with unknown chirality,0.0,2.0,0.0,0.0
CHEMBL2331448,no issue,2.0,0.0,0.0,0.0
CHEMBL2331449,rounded data citation,7.0,0.0,0.0,0.0
CHEMBL2331450,no issue,0.0,0.0,0.0,0.0
CHEMBL2331451,exact data citation,0.0,2.5,0.0,0.0
CHEMBL2331457,no issue,0.5,0.0,0.0,0.0
CHEMBL2331460,review,0.0,0.0,0.0,7.5
CHEMBL2331470,highly correlated assays,449.5,3.0,0.0,0.0
CHEMBL2331471,highly correlated assays,6.5,0.0,0.0,0.0
CHEMBL2331472,multiply activity for same test item,0.0,6.0,0.0,0.0
CHEMBL2331475,test Item with unknown chirality,0.0,2.5,0.0,0.0
CHEMBL2331479,exact data citation,0.0,0.0,0.0,89.0
CHEMBL2331483,no issue,272.0,12.5,0.0,0.0
CHEMBL2331488,no issue,0.0,0.0,15.5,2.0
CHEMBL2331489,multifunctional enzyme,0.0,2.0,0.0,0.0
CHEMBL2331490,no issue,32.5,0.5,0.0,0.0
CHEMBL2331491,test Item with unknown chirality,17.0,8.0,0.0,0.0
CHEMBL2331497,highly correlated assays,2.0,0.0,11.5,0.0
CHEMBL2331505,no issue,43.5,0.0,0.0,0.0
CHEMBL2331507,rounded data citation,4.0,0.0,0.0,0.0
CHEMBL2331511,multiply activity for same test item,0.0,0.0,7.0,0.0
CHEMBL2331513,rounded data citation,0.0,0.0,48.5,2.0
CHEMBL2331516,no issue,0.0,0.0,4.5,0.0
CHEMBL2331519,no issue,23.0,0.0,0.0,0.0
CHEMBL2331524,highly correlated assays,14.0,8.0,0.0,0.0
CHEMBL2331531,no issue,0.0,25.0,0.0,0.0
CHEMBL2331532,no issue,0.0,0.0,8.5,2.5
CHEMBL2331535,exact data citation,0.0,0.0,0.0,1.0
CHEMBL2331543,no issue,112.5,2.0,0.0,0.0
CHEMBL2331547,highly correlated assays,0.0,0.0,40.0,548.5
CHEMBL2331549,exact data citation,0.0,0.0,0.0,3.5
CHEMBL2331553,no issue,5.5,0.0,0.0,0.0
CHEMBL2346496,no issue,22.5,0.0,0.0,0.0
CHEMBL2346500,no issue,291.0,0.0,0.0,0.0
CHEMBL2346501,no issue,0.5,0.0,0.0,0.0
CHEMBL2346503,no issue,0.0,0.0,6.5,1.5
CHEMBL2346504,no issue,0.5,0.5,0.0,0.0
CHEMBL2346506,no issue,0.0,0.5,0.0,0.0
CHEMBL2346507,no issue,6.0,10.0,0.0,0.0
CHEMBL2346511,review,69.5,0.0,0.0,0.0
CHEMBL2346515,multifunctional enzyme,0.0,4.0,0.0,0.0
CHEMBL2346517,no issue,1.5,0.5,0.0,0.0
CHEMBL2346519,no issue,2.0,0.5,0.0,0.0
CHEMBL2346521,no issue,0.0,2.0,0.0,0.0
CHEMBL2346524,no issue,101.0,2.5,0.0,0.0
CHEMBL2346533,highly correlated assays,0.0,0.0,41.5,550.5
CHEMBL2346534,exact data citation,101.0,2.0,0.0,0.0
CHEMBL2346537,no issue,4.0,2.0,0.0,0.0
CHEMBL2346538,no issue,93.5,0.5,0.0,0.0
CHEMBL2346543,multifunctional enzyme,0.0,0.0,0.0,0.0
CHEMBL2346546,highly correlated assays,4.0,0.0,0.0,0.0
CHEMBL2346547,no issue,49.0,0.0,0.0,0.0
CHEMBL2346550,rounded data citation,33.0,0.5,0.0,0.0
CHEMBL2346559,no issue,0.0,0.0,0.0,0.0
CHEMBL2346562,no issue,1.0,0.0,0.0,0.0
CHEMBL2346566,no issue,2.0,0.0,0.0,0.0
CHEMBL2346567,test Item with unknown chirality,0.0,0.0,0.0,3.0
CHEMBL2346569,no issue,83.0,53.5,0.0,0.0
CHEMBL2346571,no issue,0.0,0.0,87.0,7.5
CHEMBL2346572,no issue,0.5,0.0,2.0,0.0
CHEMBL2346574,no issue,0.0,0.0,58.0,0.0
CHEMBL2346579,exact data citation,0.0,0.0,0.0,1.5
CHEMBL2346581,no issue,0.0,0.0,0.0,0.5
CHEMBL2346585,multifunctional enzyme,12.5,0.0,0.0,0.0
CHEMBL2346586,no issue,0.0,0.0,0.0,0.0
CHEMBL2346588,no issue,0.0,0.5,0.0,0.0
CHEMBL2346589,no issue,1.0,0.5,0.0,0.0
CHEMBL2346591,no issue,3.0,0.0,0.0,0.0
CHEMBL2346593,exact data citation,0.0,0.0,0.0,3.5
CHEMBL2346594,exact data citation,8.5,0.0,0.0,0.0
CHEMBL2346595,no issue,90.0,16.5,0.0,0.0
CHEMBL2346597,no issue,0.0,1.5,0.0,0.0
CHEMBL2346599,no issue,64.0,0.0,0.0,0.0
CHEMBL2346601,highly correlated assays,0.0,0.0,25.5,71.5
CHEMBL2346603,no issue,0.0,0.5,0.0,0.0
CHEMBL2346606,no issue,2.0,0.0,0.0,0.0
CHEMBL2346609,test Item with unknown chirality,0.5,0.0,0.0,0.0
CHEMBL2346614,no issue,0.0,4.5,0.0,0.0
CHEMBL2346616,no issue,1.5,2.5,0.0,0.0
CHEMBL2346617,no issue,16.0,4.5,0.0,0.0
CHEMBL2346623,no issue,5.0,0.0,0.0,0.0
CHEMBL2346624,high citation rate,115.5,18.0,0.0,0.0
CHEMBL2346626,rounded data citation,0.0,0.0,0.0,0.5
CHEMBL2346629,no issue,0.0,176.0,0.0,0.0
CHEMBL2346632,test Item with unknown chirality,55.0,1.5,0.0,0.0
CHEMBL2346633,no issue,0.0,0.0,0.0,0.0
CHEMBL2346634,no issue,12.5,0.0,0.0,0.0
CHEMBL2346640,no issue,3.0,4.0,2.0,0.5
CHEMBL2346641,shuffled assays,1.0,0.0,0.0,0.0
CHEMBL2346647,exact data citation,0.5,0.5,0.0,0.0
CHEMBL2346648,no issue,0.0,1.5,0.0,0.0
CHEMBL2346652,test Item with unknown chirality,0.0,1.5,0.0,0.0
CHEMBL2346653,test Item with unknown chirality,0.0,1.0,0.0,0.0
CHEMBL2346654,no issue,3.5,0.0,0.0,0.0
CHEMBL2346662,no issue,0.5,0.0,21.5,0.0
CHEMBL2346663,no issue,0.0,8.0,0.0,0.5
CHEMBL2375208,highly correlated assays,36.5,0.0,7.0,0.0
CHEMBL2375212,test Item with unknown chirality,0.5,0.0,0.0,0.0
CHEMBL2375216,no issue,33.5,5.5,0.0,0.0
CHEMBL2375220,no issue,0.0,0.0,30.5,6.0
CHEMBL2375224,no issue,0.0,0.0,10.0,2.5
CHEMBL2375225,no issue,1.0,0.0,0.0,0.0
CHEMBL2375236,shuffled assays,348.5,62.0,0.0,0.0
CHEMBL2375237,no issue,1.5,5.0,0.0,0.0
CHEMBL2375240,highly correlated assays,0.0,0.0,26.5,1474.0
CHEMBL2375244,exact data citation,14.0,0.0,0.0,0.0
CHEMBL2375246,no issue,2.0,0.0,0.0,0.0
CHEMBL2375247,no issue,1.0,0.5,0.0,0.0
CHEMBL2375249,no issue,0.0,0.0,10.0,3.5
CHEMBL2375252,exact data citation,3.5,7.0,0.0,0.0
CHEMBL2375253,shuffled assays,3.5,0.0,0.0,0.0
CHEMBL2375256,no issue,0.5,0.5,0.0,0.0
CHEMBL2375259,exact data citation,0.0,1.0,0.0,0.0
CHEMBL2375263,multifunctional enzyme,4.0,0.0,0.0,0.0
CHEMBL2375267,multifunctional enzyme,0.5,0.0,0.0,0.0
CHEMBL2375269,review,57.5,0.0,0.0,0.0
CHEMBL2375273,exact data citation,118.5,10.0,0.0,0.0
CHEMBL2375275,exact data citation,0.0,9.0,0.0,0.0
CHEMBL2375283,no issue,2.5,0.0,0.0,0.0
CHEMBL2375285,multifunctional enzyme,120.0,23.5,0.0,0.0
CHEMBL2375287,highly correlated assays,3.0,0.0,7.0,3.0
CHEMBL2375290,multifunctional enzyme,1.5,3.5,0.0,0.0
CHEMBL2375291,shuffled assays,314.5,39.0,0.0,0.0
CHEMBL2375312,exact data citation,0.0,0.0,0.0,1.5
CHEMBL2375326,highly correlated assays,41.5,9.5,0.0,0.0
CHEMBL2375327,exact data citation,0.0,0.0,0.0,0.5
CHEMBL2375339,no issue,120.0,9.5,0.0,0.0
CHEMBL2375343,no issue,261.5,6.0,0.0,0.0
CHEMBL2375349,no issue,0.0,0.0,17.0,0.0
CHEMBL2375356,multiply activity for same test item,0.0,0.0,0.0,0.0
CHEMBL2380191,no issue,27.5,0.5,0.0,0.0
CHEMBL2380195,no issue,16.0,18.0,0.0,0.0
CHEMBL2380198,no issue,0.0,0.0,0.0,0.0
CHEMBL2380202,no issue,0.5,1.0,0.0,0.0
CHEMBL2380206,no issue,0.0,0.5,0.0,0.0
CHEMBL2380208,no issue,0.0,2.5,0.0,0.0
CHEMBL2380209,no issue,0.5,5.0,0.0,0.0
CHEMBL2380214,high citation rate,1284.0,348.0,0.0,0.0
CHEMBL2380216,no issue,0.5,1.0,0.0,0.0
CHEMBL2380218,exact data citation,40.5,16.5,0.0,0.0
CHEMBL2380224,no issue,28.5,0.0,0.0,0.0
CHEMBL2380225,no issue,1.0,1.0,0.0,0.0
CHEMBL2380230,no issue,0.0,0.0,0.0,0.0
CHEMBL2380231,no issue,0.5,0.0,0.0,0.0
CHEMBL2380232,no issue,4.5,2.5,0.0,0.0
CHEMBL2380234,multiply activity for same test item,0.0,0.0,0.0,0.0
CHEMBL2380236,multiply activity for same test item,0.0,0.0,0.0,0.0
CHEMBL2380248,multiply activity for same test item,0.0,0.0,0.0,0.0
CHEMBL2380250,exact data citation,36.5,0.0,0.0,0.0
CHEMBL2380255,no issue,57.0,5.0,82.5,36.5
CHEMBL2380256,no issue,0.0,0.0,0.0,0.0
CHEMBL2380258,highly correlated assays,1.5,0.5,66.0,0.0
CHEMBL2380259,no issue,9.0,0.0,0.0,0.0
CHEMBL2380262,exact data citation,0.0,0.0,0.0,2.5
CHEMBL2380263,no issue,1.0,1.0,0.0,0.0
CHEMBL2380264,no issue,0.5,0.0,0.0,0.0
CHEMBL2380265,review,9.5,0.0,3.5,0.0
CHEMBL2380267,no issue,0.0,0.0,0.0,0.0
CHEMBL2380269,no issue,0.0,2.5,0.0,0.0
CHEMBL2380270,no issue,0.0,0.0,1.5,0.0
CHEMBL2380275,no issue,0.0,0.0,5.0,0.0
CHEMBL2380279,no issue,0.0,0.0,29.5,1.5
CHEMBL2380280,exact data citation,0.0,0.0,37.0,551.5
CHEMBL2380281,no issue,2.5,0.0,0.0,0.0
CHEMBL2380288,multifunctional enzyme,9.5,56.0,0.0,0.0
CHEMBL2380291,highly correlated assays,0.5,2.5,0.0,1.0
CHEMBL2380292,test Item with unknown chirality,0.0,1.0,0.0,0.0
CHEMBL2380293,highly correlated assays,122.5,9.0,0.0,0.0
CHEMBL2380294,no issue,33.5,0.5,0.0,0.0
CHEMBL2380295,no issue,0.0,0.0,0.0,0.0
CHEMBL2380296,no issue,0.0,0.0,0.0,0.0
CHEMBL2380297,no issue,0.0,2.5,0.0,0.0
CHEMBL2380305,highly correlated assays,2.0,1.5,0.0,0.5
CHEMBL2380311,exact data citation,118.5,9.0,0.0,0.0
CHEMBL2380312,highly correlated assays,401.0,3.0,0.0,0.0
CHEMBL2384904,no issue,1.0,1.0,0.0,0.0
CHEMBL2384910,exact data citation,0.0,2.0,0.0,0.0
CHEMBL2384911,highly correlated assays,126.0,6.0,0.0,0.0
CHEMBL2384918,rounded data citation,1.0,0.5,0.0,0.0
CHEMBL2384924,no issue,0.0,0.0,5.0,1.0
CHEMBL2384927,no issue,0.0,0.0,0.0,0.5
CHEMBL2384928,highly correlated assays,0.0,7.0,0.0,7.0
CHEMBL2384932,no issue,0.0,0.0,1.0,0.0
CHEMBL2384934,highly correlated assays,84.0,9.0,0.0,0.0
CHEMBL2384937,no issue,10.0,0.0,0.0,0.0
CHEMBL2384938,no issue,0.0,0.0,0.5,0.0
CHEMBL2384940,no issue,0.5,0.5,0.0,0.0
CHEMBL2384945,no issue,9.0,0.5,0.0,0.0
CHEMBL2384946,exact data citation,0.0,0.0,0.0,7.0
CHEMBL2384950,test Item with unknown chirality,0.0,4.5,0.0,4.5
CHEMBL2384951,no issue,0.0,0.0,0.5,0.5
CHEMBL2384953,multifunctional enzyme,0.0,0.0,0.0,0.0
CHEMBL2384962,test Item with unknown chirality,56.0,0.5,0.0,0.0
CHEMBL2384964,exact data citation,272.0,11.5,0.0,0.0
CHEMBL2384966,highly correlated assays,0.0,0.0,29.5,12.0
CHEMBL2384968,no issue,0.0,0.5,0.0,0.0
CHEMBL2384970,no issue,0.0,0.0,0.0,6.0
CHEMBL2384972,no issue,6.0,0.0,0.0,0.0
CHEMBL2384974,exact data citation,2.0,0.0,0.0,0.0
CHEMBL2384981,no issue,8.0,0.0,0.0,0.0
CHEMBL2384982,no issue,49.5,4.5,0.0,0.0
CHEMBL2384983,highly correlated assays,388.0,4.0,0.0,0.0
CHEMBL2384985,test Item with unknown chirality,18.5,0.0,0.0,0.0
CHEMBL2384988,no issue,16.0,44.5,0.0,0.5
CHEMBL2384992,no issue,0.0,0.5,0.0,0.0
CHEMBL2384997,no issue,2.5,4.0,0.0,0.0
CHEMBL2384999,multiply activity for same test item,25.0,0.5,8.0,1.5
CHEMBL2385013,multifunctional enzyme,0.0,0.5,0.0,0.0
CHEMBL2385017,highly correlated assays,11.0,6.5,0.0,0.0
CHEMBL2385018,highly correlated assays,45.5,5.5,0.0,0.0
CHEMBL2385020,highly correlated assays,0.0,0.0,32.5,6.5
CHEMBL2385022,exact data citation,0.0,0.5,0.0,0.0
CHEMBL2385023,no issue,2.5,0.0,0.0,0.0
CHEMBL2385026,no issue,0.0,0.0,1.0,4.0
CHEMBL2385030,multifunctional enzyme,0.0,0.0,6.0,112.0
CHEMBL2385033,review,318.0,0.5,0.0,0.0
CHEMBL2385039,no issue,0.5,7.5,0.0,0.0
CHEMBL2385040,multifunctional enzyme,20.0,0.0,0.0,0.0
CHEMBL2385041,highly correlated assays,232.5,34.5,0.0,0.0
CHEMBL2385045,no issue,18.0,20.0,0.0,0.0
CHEMBL2385046,no issue,0.5,0.0,0.0,0.0
CHEMBL2385048,multifunctional enzyme,11.5,0.5,0.0,0.0
CHEMBL2385050,no issue,0.0,3.0,0.0,0.0
CHEMBL2385052,no issue,12.5,2.0,0.0,0.0
CHEMBL2385054,highly correlated assays,0.0,0.0,0.5,7.0
CHEMBL2385057,no issue,1.0,1.0,0.0,0.0
CHEMBL2385058,review,7.5,0.0,15.5,0.0
CHEMBL2385061,exact data citation,0.0,0.0,30.0,423.0
CHEMBL2385063,no issue,10.0,80.0,0.0,0.0
CHEMBL2385071,highly correlated assays,15.5,4.5,28.5,4.0
CHEMBL2385078,multiply activity for same test item,0.0,0.0,0.0,0.0
CHEMBL2385080,no issue,0.0,0.0,1.0,1.0
CHEMBL2390817,no issue,0.0,1.5,0.0,0.0
CHEMBL2390826,no issue,0.0,26.0,0.0,0.0
CHEMBL2390828,highly correlated assays,206.5,5.5,0.0,0.0
CHEMBL2390830,high citation rate,190.0,0.0,217.0,1.5
CHEMBL2390838,no issue,5.5,57.5,0.0,0.0
CHEMBL2390840,highly correlated assays,85.5,0.0,64.0,0.5
CHEMBL2390841,no issue,0.0,0.5,0.0,0.0
CHEMBL2390842,exact data citation,0.0,1.0,0.0,0.0
CHEMBL2390843,highly correlated assays,148.0,126.5,0.0,0.0
CHEMBL2390846,highly correlated assays,3.0,0.0,0.0,0.0
CHEMBL2390847,no issue,0.0,0.0,0.0,0.0
CHEMBL2390850,no issue,0.0,0.0,0.0,1.0
CHEMBL2390856,exact data citation,0.0,0.0,1.5,0.0
CHEMBL2390863,test Item with unknown chirality,96.0,11.0,0.0,0.0
CHEMBL2390867,highly correlated assays,74.0,6.0,0.0,0.0
CHEMBL2390869,no issue,0.0,80.0,0.0,0.0
CHEMBL2390879,multifunctional enzyme,45.5,9.5,0.0,0.0
CHEMBL2390883,exact data citation,4.0,0.0,0.0,0.0
CHEMBL2390888,no issue,0.5,0.0,0.0,0.0
CHEMBL2390891,no issue,112.5,3.0,0.0,0.0
CHEMBL2390895,exact data citation,0.0,4.0,0.0,0.0
CHEMBL2390902,no issue,2.0,0.0,0.0,0.0
CHEMBL2390905,multifunctional enzyme,0.0,0.0,0.5,0.0
CHEMBL2390910,highly correlated assays,8.0,0.0,8.0,0.0
CHEMBL2390914,multifunctional enzyme,32.5,109.0,0.0,0.0
CHEMBL2390916,no issue,0.0,0.0,2.0,0.0
CHEMBL2390917,no issue,169.0,0.0,0.5,0.0
CHEMBL2390918,no issue,103.5,0.0,124.5,0.0
CHEMBL2390919,no issue,544.0,0.0,0.0,0.0
CHEMBL2390921,exact data citation,0.0,2.5,0.0,0.0
CHEMBL2390928,no issue,1.0,2.0,0.0,0.0
CHEMBL2390930,no issue,0.0,0.5,0.0,0.0
CHEMBL2390933,exact data citation,1.5,7.0,0.0,0.0
CHEMBL2390935,no issue,0.0,0.0,4.0,2.0
CHEMBL2390941,exact data citation,0.0,0.5,0.0,0.0
CHEMBL2390947,no issue,0.0,0.0,1.5,0.0
CHEMBL2390954,no issue,6.5,13.0,0.0,0.0
CHEMBL2390956,no issue,166.5,11.0,0.0,0.0
CHEMBL2396514,test Item with unknown chirality,0.0,0.0,0.0,0.0
CHEMBL2396517,no issue,2.5,0.0,0.0,0.0
CHEMBL2396519,review,0.0,0.0,6.5,0.0
CHEMBL2396520,multifunctional enzyme,37.5,16.0,0.0,0.0
CHEMBL2396532,highly correlated assays,0.0,8.5,0.0,0.0
CHEMBL2396535,highly correlated assays,0.0,0.0,36.0,13.0
CHEMBL2396537,review,0.0,0.0,1.5,0.0
CHEMBL2396540,highly correlated assays,0.0,0.0,40.0,4.0
CHEMBL2396542,test Item with unknown chirality,0.0,0.0,0.0,0.0
CHEMBL2396543,exact data citation,1.5,0.0,0.0,0.0
CHEMBL2396544,no issue,67.0,6.0,0.0,0.0
CHEMBL2396548,highly correlated assays,0.0,0.0,40.0,231.5
CHEMBL2396549,no issue,0.0,32.5,0.0,0.0
CHEMBL2396550,no issue,5.0,0.0,0.0,0.0
CHEMBL2396554,no issue,0.0,0.0,4.5,1.0
CHEMBL2396561,no issue,0.0,0.0,0.0,0.0
CHEMBL2396564,highly correlated assays,57.5,0.0,0.0,0.0
CHEMBL2396567,test Item with unknown chirality,0.0,0.0,0.0,55.5
CHEMBL2396572,no issue,0.5,0.0,1.0,0.5
CHEMBL2396585,no issue,32.5,9.0,0.0,0.0
CHEMBL2396586,test Item with unknown chirality,35.5,0.0,0.0,0.0
CHEMBL2396588,rounded data citation,107.0,3.5,0.0,0.0
CHEMBL2396593,review,1.0,0.0,0.0,0.0
CHEMBL2396607,no issue,40.0,191.5,0.0,0.0
CHEMBL2396615,no issue,0.0,2.5,0.0,0.0
CHEMBL2396625,no issue,0.0,0.5,0.0,0.0
CHEMBL2396632,no issue,0.0,0.0,5.0,1.5
CHEMBL2396638,highly correlated assays,2.0,2.0,0.0,0.0
CHEMBL2396642,exact data citation,0.0,1.5,0.0,0.0
CHEMBL2396644,highly correlated assays,107.5,0.0,0.0,0.0
CHEMBL2396645,no issue,5.0,1.0,0.0,0.0
CHEMBL2396646,multiply activity for same test item,0.0,0.5,0.0,0.0
CHEMBL2396650,no issue,0.0,1.0,0.0,1.0
CHEMBL2396652,highly correlated assays,0.0,0.0,33.5,14.5
CHEMBL2401611,no issue,0.0,0.0,0.0,0.0
CHEMBL2401620,exact data citation,101.0,47.0,0.0,0.0
CHEMBL2401625,highly correlated assays,0.0,0.0,14.0,14.5
CHEMBL2401626,no issue,37.5,4.0,0.0,0.0
CHEMBL2401627,highly correlated assays,34.0,0.0,0.0,0.0
CHEMBL2401630,no issue,0.0,0.0,0.0,0.0
CHEMBL2401632,no issue,11.5,0.0,0.0,0.0
CHEMBL2401634,multifunctional enzyme,0.5,0.0,0.0,0.0
CHEMBL2401637,highly correlated assays,5.5,8.0,0.0,0.0
CHEMBL2401646,no issue,0.0,0.0,0.0,0.0
CHEMBL2401650,highly correlated assays,190.5,4.5,0.0,0.0
CHEMBL2401653,high citation rate,0.0,120.0,0.0,0.0
CHEMBL2401656,exact data citation,446.0,32.0,0.0,0.0
CHEMBL2401658,test Item with unknown chirality,0.0,0.0,2.5,0.0
CHEMBL2401664,rounded data citation,30.5,2.5,0.0,0.0
CHEMBL2401669,no issue,3.5,2.5,0.0,0.0
CHEMBL2401672,highly correlated assays,0.0,16.0,0.0,0.0
CHEMBL2401677,exact data citation,0.0,0.0,10.0,1.0
CHEMBL2401680,no issue,0.0,0.0,12.0,160.5
CHEMBL2401681,no issue,2.5,21.0,0.0,0.0
CHEMBL2401685,no issue,0.0,0.0,0.0,0.0
CHEMBL2401687,exact data citation,0.0,0.0,40.0,548.5
CHEMBL2401690,no issue,1.0,0.5,0.0,0.0
CHEMBL2401692,highly correlated assays,943.5,69.5,0.0,0.0
CHEMBL2401695,no issue,245.5,66.5,0.0,0.0
CHEMBL2401696,exact data citation,8.0,0.0,0.0,0.0
CHEMBL2401698,no issue,0.0,0.0,0.0,1.0
CHEMBL2401699,no issue,0.0,0.5,0.0,0.0
CHEMBL2401700,exact data citation,0.0,0.0,0.5,1.0
CHEMBL2401702,highly correlated assays,0.0,0.0,21.0,352.5
CHEMBL2401703,exact data citation,3.5,1.0,0.0,0.0
CHEMBL2401704,highly correlated assays,3.0,0.0,0.5,0.0
CHEMBL2401705,no issue,6.0,0.0,0.0,0.0
CHEMBL2401706,test Item with unknown chirality,55.0,1.5,0.0,0.0
CHEMBL2401709,no issue,1.0,0.0,0.0,0.0
CHEMBL2401710,highly correlated assays,0.0,0.0,10.5,0.0
CHEMBL2401721,highly correlated assays,46.0,16.5,0.0,0.0
CHEMBL2401729,highly correlated assays,296.0,11.5,0.0,0.0
CHEMBL2401731,no issue,0.0,56.0,0.0,0.0
CHEMBL2401733,no issue,0.0,0.0,0.0,0.0
CHEMBL2401737,exact data citation,1.0,0.5,0.0,0.0
CHEMBL2406911,highly correlated assays,2.0,0.0,10.5,1.0
CHEMBL2406924,no issue,0.0,0.0,0.0,0.0
CHEMBL2406926,no issue,0.0,0.0,1.0,2.5
CHEMBL2406928,no issue,48.0,6.0,0.0,0.0
CHEMBL2406932,highly correlated assays,0.0,0.0,0.0,6.5
CHEMBL2406935,no issue,1.5,0.0,0.0,0.0
CHEMBL2406942,rounded data citation,69.5,0.0,0.0,0.0
CHEMBL2406945,no issue,4.0,0.0,0.0,0.0
CHEMBL2406946,no issue,1.5,0.5,0.0,0.0
CHEMBL2406947,rounded data citation,7.0,0.0,0.0,0.0
CHEMBL2406958,highly correlated assays,450.0,0.0,0.0,0.0
CHEMBL2406961,test Item with unknown chirality,0.0,0.0,0.5,0.0
CHEMBL2406965,no issue,0.0,0.5,0.0,0.0
CHEMBL2406975,test Item with unknown chirality,0.0,0.0,0.0,0.0
CHEMBL2406976,no issue,1.0,1.0,0.0,0.0
CHEMBL2406977,no issue,1.0,3.0,0.5,1.0
CHEMBL2406987,no issue,0.0,0.0,6.5,0.0
CHEMBL2406989,highly correlated assays,219.0,3.5,0.0,0.0
CHEMBL2406997,multifunctional enzyme,6.0,0.0,0.0,0.0
CHEMBL2406999,no issue,1.5,0.0,0.0,0.0
CHEMBL2407000,no issue,41.5,0.0,0.0,0.0
CHEMBL2407005,no issue,0.0,0.5,0.0,0.0
CHEMBL2407010,shuffled assays,1284.0,348.0,0.0,0.0
CHEMBL2407016,exact data citation,1.0,0.5,0.0,0.0
CHEMBL2407017,test Item with unknown chirality,0.0,0.0,0.0,2.5
CHEMBL2407020,no issue,0.0,3.0,0.0,0.0
CHEMBL2407028,no issue,15.0,2.0,0.0,0.0
CHEMBL2407030,exact data citation,0.0,0.0,6.5,2.5
CHEMBL2407033,review,1.5,0.0,0.0,0.0
CHEMBL2407034,no issue,24.5,0.0,0.0,0.0
CHEMBL2407039,no issue,8.0,1.0,0.0,0.0
CHEMBL2407041,no issue,5.0,0.0,0.0,0.0
CHEMBL2407051,no issue,0.5,2.0,0.0,0.0
CHEMBL2407052,highly correlated assays,0.0,0.0,40.5,567.0
CHEMBL2407055,exact data citation,152.0,80.0,0.0,0.0
CHEMBL2407060,multiply activity for same test item,0.0,0.0,0.0,0.0
CHEMBL2407065,no issue,0.0,0.0,0.0,0.0
CHEMBL2407066,multiply activity for same test item,0.5,0.0,0.0,0.0
CHEMBL2407068,no issue,0.0,0.0,11.5,0.0
CHEMBL2407072,no issue,102.0,0.0,0.0,0.0
CHEMBL2407079,multifunctional enzyme,0.0,9.0,0.0,0.0
CHEMBL2407081,no issue,5.0,2.0,0.0,0.0
CHEMBL2407083,highly correlated assays,0.0,0.0,481.5,0.0
CHEMBL2407085,no issue,0.0,0.0,6.5,4.0
CHEMBL2407087,no issue,4.0,0.0,0.0,0.0
CHEMBL2412952,no issue,0.5,6.0,0.0,3.5
CHEMBL2412954,no issue,0.0,0.0,0.0,4.0
CHEMBL2412957,no issue,0.0,0.0,0.0,0.0
CHEMBL2412971,highly correlated assays,2.5,0.0,23.5,1.0
CHEMBL2412975,multifunctional enzyme,4.0,32.0,0.0,0.0
CHEMBL2412977,no issue,0.0,0.0,0.0,0.0
CHEMBL2412978,exact data citation,0.0,0.0,0.0,0.5
CHEMBL2412986,no issue,0.5,2.0,0.0,0.0
CHEMBL2412987,no issue,17.5,0.0,0.0,0.0
CHEMBL2412990,highly correlated assays,18.0,0.0,31.0,2.0
CHEMBL2412992,highly correlated assays,0.0,0.0,533.5,270.5
CHEMBL2412997,highly correlated assays,0.0,0.0,9.0,0.0
CHEMBL2412999,highly correlated assays,0.0,0.0,32.0,13.0
CHEMBL2413000,multifunctional enzyme,0.5,1.0,0.0,0.0
CHEMBL2413003,highly correlated assays,0.0,0.0,272.5,46.0
CHEMBL2413008,highly correlated assays,0.0,0.0,26.5,886.5
CHEMBL2413011,no issue,0.0,9.0,0.0,0.0
CHEMBL2413012,exact data citation,0.0,0.0,40.0,576.5
CHEMBL2413015,test Item with unknown chirality,0.0,0.0,1.5,0.0
CHEMBL2413016,no issue,0.0,0.0,0.0,0.5
CHEMBL2413018,multifunctional enzyme,1.5,2.0,0.0,0.0
CHEMBL2413020,no issue,51.0,2.5,0.0,0.0
CHEMBL2413025,rounded data citation,188.5,0.0,0.0,0.0
CHEMBL2413029,no issue,0.0,0.0,0.5,0.0
CHEMBL2413033,no issue,0.0,0.5,0.0,0.0
CHEMBL2413039,highly correlated assays,79.5,0.0,0.0,0.0
CHEMBL2413041,exact data citation,0.0,0.0,0.0,1.5
CHEMBL2413050,no issue,48.0,0.0,0.0,0.0
CHEMBL2413054,no issue,0.0,1.0,0.0,0.0
CHEMBL2413055,no issue,1.0,0.0,7.5,0.0
CHEMBL2413069,no issue,2.0,0.0,0.0,0.0
CHEMBL2413071,multifunctional enzyme,0.0,0.0,0.0,0.0
CHEMBL2413075,no issue,0.0,0.0,0.0,1.0
CHEMBL2413078,exact data citation,0.0,0.0,40.0,548.5
CHEMBL2417365,multifunctional enzyme,75.5,23.0,0.0,0.0
CHEMBL2417367,no issue,19.0,18.5,0.0,0.0
CHEMBL2417368,no issue,4.5,17.0,0.0,0.0
CHEMBL2417373,no issue,4.5,0.0,0.0,0.0
CHEMBL2417374,no issue,36.0,0.0,0.0,0.0
CHEMBL2417375,no issue,0.0,0.0,3.0,20.0
CHEMBL2417377,no issue,0.0,0.0,0.0,0.0
CHEMBL2417378,no issue,18.0,0.0,0.0,0.0
CHEMBL2417380,test Item with unknown chirality,74.0,10.5,0.0,0.0
CHEMBL2417384,no issue,28.0,1.5,0.0,0.0
CHEMBL2417389,exact data citation,0.0,8.0,0.0,0.0
CHEMBL2417390,exact data citation,5.0,27.0,0.0,0.0
CHEMBL2417393,no issue,0.0,8.5,0.0,0.0
CHEMBL2417399,no issue,0.0,0.0,22.0,0.0
CHEMBL2417402,review,76.5,3.5,0.0,0.0
CHEMBL2417403,no issue,0.0,0.0,2.0,1.0
CHEMBL2417404,no issue,1.0,2.0,0.0,0.0
CHEMBL2417408,no issue,40.0,140.0,0.0,0.0
CHEMBL2417409,no issue,0.0,0.0,0.0,0.0
CHEMBL2417410,no issue,125.5,1.0,0.0,0.0
CHEMBL2417412,test Item with unknown chirality,0.0,16.0,0.0,0.0
CHEMBL2417416,no issue,0.0,0.0,6.5,2.0
CHEMBL2417426,no issue,1.0,2.0,0.0,0.0
CHEMBL2417434,no issue,12.0,8.0,0.0,0.0
CHEMBL2417437,no issue,0.0,0.0,0.0,0.0
CHEMBL2417439,multifunctional enzyme,0.0,3.5,0.0,0.0
CHEMBL2417440,no issue,4.0,0.0,0.0,0.0
CHEMBL2417446,multiply activity for same test item,0.0,2.0,0.0,0.0
CHEMBL2417454,multifunctional enzyme,38.5,3.5,0.0,0.0
CHEMBL2417457,multiply activity for same test item,0.0,0.5,0.0,0.0
CHEMBL2417459,no issue,0.5,0.0,0.0,0.0
CHEMBL2417460,rounded data citation,1.0,5.5,0.0,0.0
CHEMBL2417472,rounded data citation,21.5,4.0,0.0,0.0
CHEMBL2417473,no issue,0.0,0.0,60.0,16.0
CHEMBL2417484,shuffled assays,39.5,0.5,0.0,0.0
CHEMBL2417489,no issue,2.0,2.5,0.0,0.0
CHEMBL2417494,no issue,0.0,108.0,0.0,0.0
CHEMBL2417495,no issue,9.0,3.0,0.0,0.0
CHEMBL2417497,highly correlated assays,0.0,0.0,0.0,2.5
CHEMBL2417503,highly correlated assays,0.0,0.0,23.0,359.5
CHEMBL2417505,no issue,8.0,0.0,0.0,0.0
CHEMBL2417511,exact data citation,0.0,0.0,30.0,11.5
CHEMBL2417512,no issue,1.0,1.0,0.0,0.0
CHEMBL2417514,rounded data citation,4.0,0.5,0.0,0.0
CHEMBL2417529,exact data citation,45.5,5.5,0.0,0.0
CHEMBL2417532,no issue,2.0,0.0,0.0,0.0
CHEMBL2417538,no issue,48.0,0.0,2.0,0.0
CHEMBL2417539,highly correlated assays,33.0,27.0,0.0,0.5
CHEMBL2417540,review,0.5,0.0,2.5,0.0
CHEMBL2417545,highly correlated assays,0.0,0.0,7.0,6.5
CHEMBL2417547,no issue,1.0,14.5,0.0,0.0
CHEMBL2417548,no issue,2.0,0.0,0.0,0.0
CHEMBL2417549,no issue,0.0,12.0,0.0,0.0
CHEMBL2424518,no issue,13.0,2.0,0.0,0.0
CHEMBL2424521,no issue,1195.0,89.0,0.0,0.0
CHEMBL2424523,test Item with unknown chirality,0.0,0.0,0.0,0.0
CHEMBL2424529,multifunctional enzyme,18.5,0.0,0.0,0.0
CHEMBL2424530,no issue,3.0,0.0,0.0,0.0
CHEMBL2424532,exact data citation,0.0,0.0,0.0,2.0
CHEMBL2424535,no issue,3.0,0.0,0.0,0.0
CHEMBL2424537,test Item with unknown chirality,96.0,11.0,0.0,0.0
CHEMBL2424538,multiply activity for same test item,0.0,0.0,0.0,0.0
CHEMBL2424544,review,1.0,0.0,0.0,0.0
CHEMBL2424545,exact data citation,18.5,1.5,0.0,0.0
CHEMBL2424550,highly correlated assays,0.0,2.5,0.0,0.0
CHEMBL2424555,exact data citation,59.0,0.5,0.0,0.0
CHEMBL2424560,high citation rate,1740.0,116.5,0.0,0.0
CHEMBL2424565,no issue,0.5,0.0,0.0,0.0
CHEMBL2424572,exact data citation,0.0,1.5,0.0,2.5
CHEMBL2424575,no issue,6.0,1.0,0.0,0.0
CHEMBL2424579,highly correlated assays,93.5,0.0,0.0,0.0
CHEMBL2424582,test Item with unknown chirality,0.0,0.0,0.0,0.0
CHEMBL2424583,no issue,1.5,2.0,0.0,0.0
CHEMBL2424588,exact data citation,94.5,8.5,0.0,0.0
CHEMBL2424591,no issue,4.5,1.0,0.0,0.0
CHEMBL2424594,highly correlated assays,0.0,0.0,90.5,0.0
CHEMBL2424596,no issue,0.0,12.0,0.0,1.0
CHEMBL2424599,rounded data citation,123.5,3.0,0.0,0.0
CHEMBL2424603,multifunctional enzyme,0.0,0.5,0.0,0.0
CHEMBL2424611,no issue,0.0,0.5,0.0,7.0
CHEMBL2424619,no issue,0.0,8.5,0.0,0.0
CHEMBL2424622,no issue,0.0,1.0,0.0,0.0
CHEMBL2424625,multiply activity for same test item,0.0,0.0,2.5,2.5
CHEMBL2424628,multiply activity for same test item,0.0,0.0,2.5,2.5
CHEMBL2424631,no issue,0.0,0.0,0.5,16.5
CHEMBL2424634,no issue,4.5,0.0,0.0,0.0
CHEMBL2424638,no issue,0.0,0.0,0.0,0.0
CHEMBL2424642,multiply activity for same test item,0.0,0.0,2.5,2.5
CHEMBL2424648,highly correlated assays,0.0,0.0,43.5,1279.0
CHEMBL2424657,no issue,0.0,3.5,0.0,0.0
CHEMBL2429711,no issue,0.0,0.0,1.0,2.5
CHEMBL2429713,review,4.0,76.0,0.0,0.0
CHEMBL2429736,no issue,0.0,0.5,0.0,0.0
CHEMBL2429742,no issue,35.0,0.0,0.0,0.0
CHEMBL2429746,review,0.0,0.5,0.0,0.0
CHEMBL2429761,no issue,0.0,0.0,0.0,0.0
CHEMBL2429765,highly correlated assays,4.5,1.0,0.5,1.0
CHEMBL2429767,multiply activity for same test item,4.5,4.0,0.0,0.0
CHEMBL2429769,no issue,9.0,0.0,0.0,0.0
CHEMBL2429770,exact data citation,0.0,0.0,0.5,0.0
CHEMBL2429772,no issue,0.0,321.5,0.0,0.0
CHEMBL2429781,review,0.0,1.0,0.0,0.0
CHEMBL2429783,no issue,18.0,4.5,0.0,0.0
CHEMBL2429789,no issue,896.5,24.0,0.0,0.0
CHEMBL2429790,no issue,0.5,0.0,0.0,0.0
CHEMBL2429791,test Item with unknown chirality,0.0,0.0,0.5,0.0
CHEMBL2429811,multifunctional enzyme,7.0,2.5,0.0,0.0
CHEMBL2429812,exact data citation,0.0,0.0,12.0,28.0
CHEMBL2429816,no issue,0.0,0.0,19.0,0.0
CHEMBL2429821,no issue,1.5,0.0,0.0,0.0
CHEMBL2429823,no issue,32.0,3.0,0.0,0.0
CHEMBL2429832,test Item with unknown chirality,0.0,0.0,0.0,9.0
CHEMBL2429834,highly correlated assays,200.5,21.0,0.0,0.0
CHEMBL2429837,no issue,0.0,0.0,0.0,0.0
CHEMBL2429841,no issue,0.0,0.0,17.0,227.0
CHEMBL2429846,multifunctional enzyme,42.0,8.5,0.0,0.0
CHEMBL2429847,no issue,0.0,0.0,0.0,0.0
CHEMBL2429856,no issue,57.0,48.0,0.0,0.0
CHEMBL2429859,no issue,0.5,0.0,0.0,0.0
CHEMBL2429861,no issue,3.5,3.0,0.0,0.0
CHEMBL2429862,no issue,0.5,0.5,0.0,0.0
CHEMBL2434820,no issue,12.0,8.0,0.0,0.0
CHEMBL2434822,no issue,222.0,210.0,0.0,0.0
CHEMBL2434826,highly correlated assays,168.5,11.0,0.0,0.0
CHEMBL2434831,high citation rate,4.0,76.0,0.0,0.0
CHEMBL2434832,test Item with unknown chirality,22.0,0.0,0.0,0.0
CHEMBL2434833,no issue,72.0,48.0,0.0,0.0
CHEMBL2434835,no issue,1.5,0.5,0.0,0.0
CHEMBL2434838,no issue,0.0,0.0,3.0,0.0
CHEMBL2434847,rounded data citation,14.5,19.0,0.0,0.0
CHEMBL2434851,no issue,0.0,0.5,0.0,0.0
CHEMBL2434853,no issue,5.0,0.0,0.0,0.0
CHEMBL2434870,no issue,0.0,0.0,0.0,0.0
CHEMBL2434871,rounded data citation,36.5,1.5,0.0,0.0
CHEMBL2434872,exact data citation,0.0,0.0,94.0,27.0
CHEMBL2434873,no issue,9.5,0.0,0.0,0.0
CHEMBL2434881,test Item with unknown chirality,0.0,0.0,0.0,0.0
CHEMBL2434886,no issue,0.0,0.0,10.5,1.0
CHEMBL2434895,no issue,0.0,0.0,8.5,3.0
CHEMBL2434904,exact data citation,0.0,3.5,0.0,0.0
CHEMBL2434905,multiply activity for same test item,0.0,0.0,0.5,0.0
CHEMBL2434913,no issue,0.0,36.5,0.0,0.0
CHEMBL2434914,no issue,10.0,2.0,0.0,0.0
CHEMBL2434924,highly correlated assays,4.0,5.0,0.0,0.0
CHEMBL2434937,multifunctional enzyme,0.0,0.0,2.0,2.0
CHEMBL2434948,no issue,1.5,0.0,0.0,0.0
CHEMBL2434949,no issue,8.5,0.5,0.0,0.0
CHEMBL2434956,no issue,160.5,2.0,0.0,0.0
CHEMBL2434957,exact data citation,0.0,0.0,25.0,62.0
CHEMBL2434968,no issue,1.5,0.0,0.0,0.0
CHEMBL2434969,no issue,5.0,0.0,0.0,0.0
CHEMBL2439950,no issue,0.0,0.5,0.0,0.0
CHEMBL2439953,exact data citation,0.0,0.0,0.5,8.0
CHEMBL2439955,exact data citation,12.5,0.5,0.0,0.0
CHEMBL2439957,no issue,0.5,0.0,0.0,0.0
CHEMBL2439959,highly correlated assays,0.0,0.0,0.0,10.5
CHEMBL2439962,multifunctional enzyme,0.0,0.0,0.0,0.0
CHEMBL2439967,no issue,0.0,0.5,0.0,0.0
CHEMBL2439970,no issue,0.0,52.0,0.0,0.0
CHEMBL2439973,no issue,0.0,1.5,0.0,0.0
CHEMBL2439974,no issue,280.5,3.0,0.0,0.0
CHEMBL2439978,no issue,0.5,0.0,0.0,0.0
CHEMBL2439983,no issue,152.5,22.5,0.0,0.0
CHEMBL2439987,no issue,0.0,22.0,16.0,91.0
CHEMBL2439988,exact data citation,0.0,0.0,0.0,4.0
CHEMBL2439989,no issue,0.0,0.0,3.0,9.0
CHEMBL2439999,multiply activity for same test item,0.0,0.0,0.0,0.0
CHEMBL2440003,no issue,0.5,0.0,0.0,0.0
CHEMBL2440006,no issue,0.0,0.0,31.0,0.0
CHEMBL2440007,no issue,57.5,29.0,0.0,0.0
CHEMBL2440009,no issue,0.0,0.0,0.0,0.0
CHEMBL2440010,highly correlated assays,0.0,0.0,0.0,17.5
CHEMBL2440018,test Item with unknown chirality,0.0,0.0,0.0,1.0
CHEMBL2440019,no issue,7.0,8.5,0.0,0.0
CHEMBL2440021,test Item with unknown chirality,0.0,0.0,2.5,0.0
CHEMBL2440022,multifunctional enzyme,63.0,2.5,0.0,0.0
CHEMBL2440024,no issue,91.5,14.0,0.0,0.0
CHEMBL2440026,no issue,0.0,16.0,0.0,0.5
CHEMBL2440027,no issue,1.0,0.0,0.0,0.0
CHEMBL2440029,no issue,0.0,140.0,0.0,1.5
CHEMBL2440033,rounded data citation,0.0,0.0,1.5,1.0
CHEMBL2440034,no issue,127.5,71.5,0.0,0.0
CHEMBL2440036,no issue,1.0,2.5,0.0,0.0
CHEMBL2440039,no issue,22.5,0.0,0.0,0.0
CHEMBL2440043,no issue,0.0,1.5,0.0,0.0
CHEMBL2440047,no issue,12.5,1.5,0.0,0.0
CHEMBL2440058,no issue,15.5,0.0,0.0,0.0
CHEMBL2440060,no issue,0.0,0.0,0.5,0.0
CHEMBL2440061,no issue,0.0,0.0,0.0,0.0
CHEMBL2440062,no issue,0.0,0.0,0.0,0.0
CHEMBL2440064,highly correlated assays,6.5,8.5,0.0,0.0
CHEMBL2440066,shuffled assays,0.0,0.0,1.0,1.0
CHEMBL2440069,multiply activity for same test item,0.0,0.0,0.0,0.0
CHEMBL2440070,no issue,0.0,0.0,0.0,20.0
CHEMBL2440072,no issue,4.0,0.0,0.0,0.0
CHEMBL2440075,highly correlated assays,0.0,8.0,5.5,0.0
CHEMBL2440081,highly correlated assays,0.0,0.0,33.0,568.0
CHEMBL2440083,no issue,0.0,0.0,0.5,0.0
CHEMBL2440093,rounded data citation,100.0,3.0,0.0,0.0
CHEMBL2440098,no issue,3.5,1.0,13.0,1.5
CHEMBL2440103,highly correlated assays,4.0,16.0,0.0,0.0
CHEMBL2440108,test Item with unknown chirality,0.0,0.0,4.0,0.0
CHEMBL2440118,multifunctional enzyme,4.0,0.0,0.0,0.0
CHEMBL3044779,no issue,0.0,0.0,0.0,0.0
CHEMBL3044891,no issue,0.0,0.0,0.0,0.5
CHEMBL3044975,no issue,0.0,0.0,0.0,0.0
CHEMBL3045240,no issue,0.5,2.0,0.0,0.0
CHEMBL3045369,no issue,0.0,1.0,0.0,0.0
CHEMBL3045650,multiply activity for same test item,0.0,0.0,0.0,0.0
CHEMBL3045671,rounded data citation,0.0,0.0,14.0,0.0
CHEMBL3045796,no issue,0.0,1.0,0.0,0.0
CHEMBL3045824,no issue,0.0,0.0,4.0,0.0
CHEMBL3046597,no issue,0.0,8.0,0.0,0.0
CHEMBL3046764,no issue,0.0,0.0,0.0,0.0
CHEMBL3046857,test Item with unknown chirality,0.0,0.0,0.0,0.0
CHEMBL3046867,no issue,4.0,4.0,0.0,0.0
CHEMBL3046870,no issue,0.0,0.0,0.0,0.0
CHEMBL3046924,no issue,0.5,0.0,0.0,0.0
CHEMBL3085624,no issue,0.0,1.0,0.0,0.0
CHEMBL3085626,highly correlated assays,327.5,22.5,0.0,0.0
CHEMBL3085627,no issue,0.0,0.0,33.0,0.0
CHEMBL3085630,highly correlated assays,40.0,81.0,0.0,0.0
CHEMBL3085648,no issue,0.0,0.0,0.0,0.0
CHEMBL3085649,multifunctional enzyme,0.0,0.0,0.0,0.5
CHEMBL3085656,highly correlated assays,2.5,0.0,5.5,10.0
CHEMBL3085661,no issue,5.0,1.0,0.0,0.0
CHEMBL3085663,exact data citation,0.0,0.0,37.0,551.5
CHEMBL3085664,no issue,7.5,0.5,0.0,0.0
CHEMBL3085666,multiply activity for same test item,0.0,0.0,10.5,38.0
CHEMBL3085672,exact data citation,54.0,5.5,0.0,0.0
CHEMBL3085673,test Item with unknown chirality,0.0,1.0,0.0,0.0
CHEMBL3085675,highly correlated assays,0.0,0.0,1.5,8.5
CHEMBL3085677,test Item with unknown chirality,96.0,11.0,0.0,0.0
CHEMBL3085681,rounded data citation,72.0,1.0,0.0,0.0
CHEMBL3085682,multiply activity for same test item,163.0,3.0,0.0,0.0
CHEMBL3085683,no issue,0.5,0.0,0.0,0.0
CHEMBL3085688,no issue,0.0,3.0,0.0,0.0
CHEMBL3085691,no issue,4.5,1.0,1.5,1.0
CHEMBL3085696,no issue,0.0,0.0,0.0,0.0
CHEMBL3085697,no issue,0.0,0.0,0.0,0.0
CHEMBL3085700,multiply activity for same test item,15.5,4.5,0.0,0.0
CHEMBL3085703,rounded data citation,0.0,0.0,49.5,7.0
CHEMBL3085704,no issue,5.0,0.5,0.5,0.0
CHEMBL3085707,rounded data citation,2.5,1.0,0.0,0.0
CHEMBL3085709,exact data citation,0.5,0.0,0.0,0.0
CHEMBL3085712,rounded data citation,11.0,5.0,0.0,0.0
CHEMBL3085714,shuffled assays,76.0,64.5,0.0,0.0
CHEMBL3085715,no issue,1.0,0.0,0.0,0.0
CHEMBL3085718,multiply activity for same test item,0.0,0.0,0.0,0.0
CHEMBL3085720,exact data citation,23.0,0.0,0.0,0.0
CHEMBL3085723,no issue,0.0,0.0,9.5,0.5
CHEMBL3085724,multiply activity for same test item,0.5,0.0,0.0,0.0
CHEMBL3085727,highly correlated assays,0.0,0.0,32.0,16.0
CHEMBL3085732,highly correlated assays,0.0,0.5,1.5,15.0
CHEMBL3085739,no issue,0.0,0.0,0.0,0.0
CHEMBL3085741,no issue,1.0,0.0,2.0,0.5
CHEMBL3085743,no issue,0.0,4.5,0.0,0.0
CHEMBL3085748,review,2.0,0.0,0.0,0.0
CHEMBL3085749,no issue,0.0,1.0,0.0,0.0
CHEMBL3085758,no issue,0.0,0.0,0.0,0.0
CHEMBL3085760,multifunctional enzyme,0.0,0.0,8.0,0.0
CHEMBL3085763,exact data citation,0.0,1.0,0.0,0.0
CHEMBL3085767,review,16.0,0.0,12.5,0.0
CHEMBL3085768,no issue,0.0,0.0,20.0,0.0
CHEMBL3085776,review,2.5,0.0,0.0,0.0
CHEMBL3091274,highly correlated assays,0.0,16.0,0.0,0.5
CHEMBL3091278,exact data citation,0.0,0.0,12.0,160.5
CHEMBL3091283,highly correlated assays,0.0,0.0,2.0,3.0
CHEMBL3091286,no issue,16.0,0.0,0.0,0.0
CHEMBL3091288,no issue,0.0,4.0,0.0,0.0
CHEMBL3091289,highly correlated assays,0.0,0.0,0.0,2.5
CHEMBL3091290,no issue,0.0,0.5,0.0,0.0
CHEMBL3091294,no issue,138.0,8.5,0.0,0.0
CHEMBL3091296,exact data citation,56.5,29.0,0.0,0.0
CHEMBL3091303,highly correlated assays,54.0,7.5,260.5,218.0
CHEMBL3091306,test Item with unknown chirality,5.0,0.0,0.0,0.0
CHEMBL3091310,no issue,0.0,0.0,0.0,0.0
CHEMBL3091311,no issue,0.0,0.0,0.0,0.0
CHEMBL3091315,review,6.0,0.5,0.0,0.0
CHEMBL3091317,highly correlated assays,210.5,23.5,0.0,0.0
CHEMBL3091319,no issue,1.5,6.0,0.0,0.0
CHEMBL3091322,no issue,2.5,2.5,0.0,0.0
CHEMBL3091323,highly correlated assays,40.0,177.5,0.0,0.0
CHEMBL3091329,no issue,14.0,245.5,0.0,0.0
CHEMBL3091330,test Item with unknown chirality,0.0,0.0,0.0,18.5
CHEMBL3091331,shuffled assays,204.0,434.0,0.0,0.0
CHEMBL3091333,no issue,84.0,7.5,0.0,0.0
CHEMBL3091335,no issue,36.0,100.5,0.0,0.0
CHEMBL3091337,no issue,99.5,48.5,0.0,0.0
CHEMBL3091339,highly correlated assays,0.0,1.5,0.0,0.0
CHEMBL3091340,no issue,176.0,0.0,0.0,0.0
CHEMBL3091341,rounded data citation,0.0,0.0,0.0,0.5
CHEMBL3091342,no issue,0.0,0.0,0.0,15.0
CHEMBL3091343,no issue,10.5,0.0,0.0,0.0
CHEMBL3091351,rounded data citation,0.0,0.0,3.0,0.5
CHEMBL3091356,exact data citation,0.0,0.0,40.0,558.0
CHEMBL3091358,no issue,0.0,0.0,0.5,0.0
CHEMBL3091362,high citation rate,0.0,0.0,156.5,0.0
CHEMBL3091363,exact data citation,0.0,0.5,0.0,0.0
CHEMBL3091365,no issue,5.0,0.0,0.0,0.0
CHEMBL3091368,no issue,0.0,0.0,0.0,0.0
CHEMBL3091369,test Item with unknown chirality,0.0,0.0,0.0,1.0
CHEMBL3091375,no issue,0.0,0.0,0.0,0.0
CHEMBL3091381,no issue,2.5,7.0,0.0,0.0
CHEMBL3091384,no issue,0.0,0.0,0.0,0.0
CHEMBL3091385,exact data citation,0.5,0.0,0.0,0.0
CHEMBL3091389,test Item with unknown chirality,9.5,1.0,0.0,0.0
CHEMBL3091390,no issue,1.5,0.0,0.0,0.0
CHEMBL3091392,multifunctional enzyme,320.0,4.0,0.0,0.0
CHEMBL3091394,no issue,175.5,15.0,0.0,0.0
CHEMBL3091395,no issue,66.0,0.0,0.0,0.0
CHEMBL3091400,no issue,0.5,0.0,0.0,0.0
CHEMBL3091402,high citation rate,0.0,0.0,34.0,1.5
CHEMBL3091404,highly correlated assays,0.0,151.0,0.0,0.0
CHEMBL3091416,no issue,0.0,0.0,0.0,0.0
CHEMBL3091417,no issue,0.0,0.5,0.0,0.0
CHEMBL3091422,no issue,1.0,0.0,0.0,0.0
CHEMBL3091427,highly correlated assays,0.0,0.0,11.5,1.5
CHEMBL3091431,highly correlated assays,146.0,9.5,0.0,0.0
CHEMBL3091432,no issue,1.0,0.0,0.0,0.0
CHEMBL3091433,no issue,8.5,2.5,0.0,0.0
CHEMBL3091434,highly correlated assays,0.0,0.0,0.0,4.5
CHEMBL3091438,no issue,0.5,0.0,0.0,0.0
CHEMBL3091444,no issue,0.0,0.0,3.0,0.0
CHEMBL3091446,highly correlated assays,0.0,0.0,53.0,1.5
CHEMBL3091451,high citation rate,168.5,53.0,0.0,0.0
CHEMBL3091452,highly correlated assays,0.0,0.0,37.5,578.5
CHEMBL3091454,test Item with unknown chirality,0.0,0.0,0.0,0.0
CHEMBL3097987,exact data citation,0.5,0.0,0.0,0.0
CHEMBL3097992,no issue,0.0,0.0,28.0,15.0
CHEMBL3097995,multifunctional enzyme,0.0,0.0,0.0,6.0
CHEMBL3098001,no issue,0.5,0.0,0.0,0.0
CHEMBL3098004,highly correlated assays,0.0,0.0,0.5,16.5
CHEMBL3098008,highly correlated assays,352.0,38.0,0.0,0.0
CHEMBL3098012,no issue,0.0,2.5,0.0,0.0
CHEMBL3098014,highly correlated assays,0.0,0.0,15.5,3.5
CHEMBL3098016,no issue,27.0,9.5,0.0,0.0
CHEMBL3098017,no issue,54.5,9.0,0.0,0.0
CHEMBL3098019,exact data citation,0.0,0.0,35.5,632.5
CHEMBL3098020,exact data citation,0.0,0.0,0.0,2.0
CHEMBL3098022,highly correlated assays,0.0,0.0,0.0,3.0
CHEMBL3098023,no issue,102.5,9.0,0.0,0.0
CHEMBL3098031,no issue,0.0,0.0,38.0,7.0
CHEMBL3098036,exact data citation,0.0,0.0,13.5,902.0
CHEMBL3098040,no issue,144.0,20.5,0.0,0.0
CHEMBL3098043,no issue,0.0,3.5,0.0,0.0
CHEMBL3098044,exact data citation,0.0,0.0,23.0,322.5
CHEMBL3098052,no issue,32.0,1.5,0.0,0.0
CHEMBL3098055,highly correlated assays,0.0,0.0,1.5,0.0
CHEMBL3098056,no issue,0.0,0.0,0.0,0.0
CHEMBL3098067,no issue,106.0,0.0,0.0,0.0
CHEMBL3098068,no issue,8.0,0.0,0.0,0.0
CHEMBL3098073,no issue,0.0,0.0,0.0,0.0
CHEMBL3098080,no issue,0.0,0.0,4.5,2.0
CHEMBL3098089,no issue,45.5,2.0,0.0,0.0
CHEMBL3098097,no issue,30.0,5.0,0.0,0.0
CHEMBL3098098,exact data citation,0.0,1.0,0.0,0.0
CHEMBL3098104,no issue,82.0,54.5,0.0,0.0
CHEMBL3098108,highly correlated assays,110.5,14.0,0.0,0.0
CHEMBL3098113,no issue,11.5,0.0,0.0,0.0
CHEMBL3098114,highly correlated assays,0.0,0.0,46.5,753.0
CHEMBL3098122,no issue,0.0,0.0,0.0,0.0
CHEMBL3098125,rounded data citation,30.5,0.0,0.0,0.0
CHEMBL3098129,no issue,9.5,0.0,0.0,0.0
CHEMBL3102696,test Item with unknown chirality,0.0,3.0,0.0,0.0
CHEMBL3102697,no issue,0.0,0.0,1.0,8.5
CHEMBL3102702,highly correlated assays,486.5,9.5,0.0,0.0
CHEMBL3102704,no issue,0.0,0.0,0.0,0.0
CHEMBL3102707,multiply activity for same test item,0.0,0.5,0.0,0.0
CHEMBL3102712,multifunctional enzyme,1.0,0.0,0.0,0.0
CHEMBL3102716,no issue,18.5,0.0,0.0,0.0
CHEMBL3102719,highly correlated assays,5.5,0.0,0.0,0.0
CHEMBL3102727,no issue,0.0,0.0,0.0,0.0
CHEMBL3102730,exact data citation,0.0,0.0,0.0,0.5
CHEMBL3102731,multifunctional enzyme,1.5,0.0,0.0,0.0
CHEMBL3102733,no issue,1.5,0.0,0.0,0.0
CHEMBL3102734,no issue,1.5,0.0,0.0,0.0
CHEMBL3102735,exact data citation,71.0,2.0,0.0,0.0
CHEMBL3102744,no issue,240.0,12.0,0.0,0.0
CHEMBL3102747,no issue,12.5,6.5,0.0,0.0
CHEMBL3102750,multiply activity for same test item,0.0,18.5,0.0,0.0
CHEMBL3102751,exact data citation,45.5,5.5,0.0,0.0
CHEMBL3102752,multifunctional enzyme,0.0,0.0,0.0,0.0
CHEMBL3102753,no issue,40.0,1.5,0.0,0.0
CHEMBL3102756,exact data citation,0.0,0.0,74.5,10.5
CHEMBL3102757,no issue,0.0,0.5,0.0,0.0
CHEMBL3102759,exact data citation,0.0,0.5,0.0,0.0
CHEMBL3102760,highly correlated assays,40.0,1.5,0.0,0.0
CHEMBL3102769,exact data citation,52.0,7.0,0.0,0.0
CHEMBL3102773,multiply activity for same test item,0.0,0.0,257.5,4.0
CHEMBL3102780,exact data citation,0.0,1.5,0.0,0.0
CHEMBL3102787,no issue,94.5,0.0,0.0,0.0
CHEMBL3102788,no issue,6.5,1.0,0.0,0.0
CHEMBL3102802,test Item with unknown chirality,1.0,0.0,0.0,0.0
CHEMBL3102803,no issue,6.5,0.5,0.0,0.0
CHEMBL3102809,test Item with unknown chirality,0.5,1.0,0.0,0.0
CHEMBL3102819,multifunctional enzyme,4.0,0.0,0.0,0.0
CHEMBL3102826,no issue,23.0,0.5,0.0,0.0
CHEMBL3102830,no issue,0.0,0.0,1.0,2.5
CHEMBL3102832,no issue,0.0,0.5,0.0,0.0
CHEMBL3102845,no issue,0.0,0.0,17.0,0.0
CHEMBL3102850,multifunctional enzyme,23.0,2.5,0.0,0.0
CHEMBL3102853,exact data citation,0.0,0.0,40.0,921.0
CHEMBL3102856,no issue,0.0,16.0,0.0,0.0
CHEMBL3108665,rounded data citation,0.0,0.0,0.0,3.5
CHEMBL3108667,no issue,0.0,5.5,0.0,0.0
CHEMBL3108672,no issue,8.0,0.0,0.0,0.0
CHEMBL3108674,rounded data citation,0.0,0.0,37.5,0.5
CHEMBL3108676,no issue,0.0,0.0,0.0,0.0
CHEMBL3108679,no issue,40.0,16.0,0.0,0.0
CHEMBL3108682,no issue,0.0,0.0,0.0,0.0
CHEMBL3108684,no issue,12.5,4.0,0.0,0.0
CHEMBL3108694,no issue,0.0,1.0,0.0,0.0
CHEMBL3108696,no issue,24.0,1.0,0.0,0.0
CHEMBL3108698,no issue,0.0,0.0,0.0,0.0
CHEMBL3108702,highly correlated assays,36.0,0.0,0.0,0.0
CHEMBL3108705,test Item with unknown chirality,0.0,0.0,0.0,0.0
CHEMBL3108708,no issue,0.0,24.0,0.0,0.0
CHEMBL3108713,no issue,0.0,0.0,0.0,0.0
CHEMBL3108715,no issue,12.5,5.0,0.0,0.0
CHEMBL3108724,exact data citation,0.0,0.5,0.0,0.0
CHEMBL3108731,no issue,57.0,1.5,0.0,0.0
CHEMBL3108735,no issue,1.0,0.0,0.0,0.0
CHEMBL3108736,no issue,23.5,0.5,1.5,0.0
CHEMBL3108739,no issue,21.5,0.5,0.0,0.0
CHEMBL3108743,no issue,56.0,0.0,0.0,0.0
CHEMBL3108745,exact data citation,272.0,12.0,0.0,0.0
CHEMBL3108746,no issue,2.0,0.0,0.0,0.0
CHEMBL3108748,review,17.0,0.0,0.0,0.0
CHEMBL3108749,highly correlated assays,0.0,5.5,0.0,0.0
CHEMBL3108753,multiply activity for same test item,0.0,0.0,0.0,0.0
CHEMBL3108758,highly correlated assays,441.5,16.5,0.0,0.0
CHEMBL3108764,no issue,16.0,0.0,0.0,0.0
CHEMBL3108770,no issue,448.0,440.0,0.0,0.0
CHEMBL3108771,no issue,120.0,40.0,0.0,0.0
CHEMBL3108776,no issue,0.0,0.0,0.0,0.0
CHEMBL3112389,no issue,0.0,0.0,0.0,0.0
CHEMBL3112390,test Item with unknown chirality,0.0,0.0,0.0,0.0
CHEMBL3112393,no issue,32.5,7.0,0.0,0.0
CHEMBL3112394,no issue,0.0,1.5,0.0,0.0
CHEMBL3112400,no issue,130.5,6.5,59.0,7.5
CHEMBL3112407,highly correlated assays,1185.0,110.0,0.0,0.0
CHEMBL3112413,no issue,7.0,5.0,0.0,0.0
CHEMBL3112417,exact data citation,0.0,0.0,3.0,10.0
CHEMBL3112423,no issue,24.0,0.0,1.0,0.0
CHEMBL3112424,high citation rate,24.5,68.0,0.0,0.0
CHEMBL3112438,no issue,0.0,2.5,0.0,0.0
CHEMBL3112440,no issue,5.0,0.0,0.0,0.0
CHEMBL3112442,no issue,140.5,0.0,0.0,0.0
CHEMBL3112447,no issue,0.0,0.0,0.0,0.0
CHEMBL3112448,highly correlated assays,65.0,9.5,0.0,0.0
CHEMBL3112449,no issue,0.0,0.0,0.0,0.0
CHEMBL3112453,no issue,0.0,1.0,0.0,0.0
CHEMBL3112454,no issue,1.0,0.5,0.0,0.0
CHEMBL3112455,exact data citation,0.0,0.0,40.0,548.5
CHEMBL3112457,review,3.5,0.0,0.0,0.0
CHEMBL3112460,test Item with unknown chirality,0.0,0.5,0.0,0.0
CHEMBL3112461,no issue,0.0,0.0,604.0,0.0
CHEMBL3112465,exact data citation,89.5,4.0,0.0,0.0
CHEMBL3112468,test Item with unknown chirality,0.0,2.0,0.0,0.0
CHEMBL3112472,no issue,0.0,0.0,0.0,0.0
CHEMBL3112474,multiply activity for same test item,0.0,2.0,0.0,0.0
CHEMBL3112482,multifunctional enzyme,1.5,2.0,0.0,0.0
CHEMBL3112488,highly correlated assays,148.5,0.0,0.0,0.0
CHEMBL3112489,exact data citation,0.0,0.0,12.0,159.0
CHEMBL3112490,exact data citation,40.5,5.5,0.0,0.0
CHEMBL3112494,no issue,0.0,0.0,1.0,0.0
CHEMBL3112495,highly correlated assays,0.0,112.0,0.0,0.0
CHEMBL3112499,no issue,1.0,0.0,2.0,0.0
CHEMBL3112505,no issue,4.0,0.0,0.0,0.0
CHEMBL3112506,no issue,0.0,0.5,0.0,0.0
CHEMBL3112507,no issue,48.0,1.0,0.0,0.0
CHEMBL3112510,no issue,1.5,0.0,0.0,0.0
CHEMBL3112511,exact data citation,0.0,4.0,10.5,16.0
CHEMBL3112515,no issue,14.0,19.5,0.0,0.0
CHEMBL3112519,no issue,0.5,0.0,0.0,0.0
CHEMBL3112523,no issue,686.0,0.0,0.0,0.0
CHEMBL3112530,no issue,11.0,1.0,0.0,0.0
CHEMBL3112532,no issue,5.5,0.0,0.0,0.0
CHEMBL3112537,multifunctional enzyme,8.0,0.0,0.0,0.0
CHEMBL3112541,highly correlated assays,0.0,0.0,41.5,1212.0
CHEMBL3112549,exact data citation,6.0,0.0,0.0,0.0
CHEMBL3112550,high citation rate,0.0,0.0,0.0,0.0
CHEMBL3112552,no issue,1.5,3.0,0.0,0.0
CHEMBL3112555,test Item with unknown chirality,0.0,0.0,0.0,0.0
CHEMBL3112562,exact data citation,0.5,0.0,0.0,0.0
CHEMBL3112564,no issue,2.0,0.0,0.5,0.0
CHEMBL3112567,exact data citation,0.5,0.0,0.0,0.0
CHEMBL3112572,no issue,0.0,0.0,0.0,0.0
CHEMBL3112576,highly correlated assays,328.0,22.0,0.0,0.0
CHEMBL3112579,multiply activity for same test item,0.0,40.5,0.0,0.0
CHEMBL3112581,exact data citation,1.5,0.0,0.0,0.0
CHEMBL3112582,no issue,0.0,4.0,0.0,0.0
CHEMBL3112588,test Item with unknown chirality,1.0,0.5,0.0,0.0
CHEMBL3112589,no issue,0.5,0.0,0.0,0.0
CHEMBL3120054,no issue,3.0,0.0,0.0,0.0
CHEMBL3120077,no issue,9.5,0.0,0.0,0.0
CHEMBL3120081,no issue,0.5,0.0,0.0,0.0
CHEMBL3120088,multiply activity for same test item,0.0,0.0,0.0,0.0
CHEMBL3120096,multifunctional enzyme,0.0,0.0,0.5,0.0
CHEMBL3120110,highly correlated assays,23.5,2.5,54.0,0.5
CHEMBL3120113,no issue,0.0,0.0,1.5,0.5
CHEMBL3120114,no issue,0.0,0.0,2.0,1.5
CHEMBL3120120,rounded data citation,61.0,9.0,0.0,0.0
CHEMBL3120127,no issue,0.0,0.5,0.0,0.0
CHEMBL3120130,exact data citation,0.0,0.0,40.0,548.5
CHEMBL3120137,highly correlated assays,0.0,0.0,40.0,656.5
CHEMBL3120138,highly correlated assays,0.0,0.0,6.5,2.0
CHEMBL3120141,exact data citation,0.0,0.0,0.0,7.5
CHEMBL3120144,multifunctional enzyme,18.5,0.0,0.0,0.0
CHEMBL3120147,rounded data citation,2.5,1.0,0.5,0.0
CHEMBL3120148,highly correlated assays,13.5,2.5,49.5,13.5
CHEMBL3120153,test Item with unknown chirality,0.0,0.0,0.0,0.0
CHEMBL3120158,no issue,1.0,0.0,0.0,0.0
CHEMBL3120159,shuffled assays,83.0,53.5,0.0,0.0
CHEMBL3120163,no issue,0.0,0.5,0.0,0.0
CHEMBL3120164,highly correlated assays,81.0,36.0,0.0,0.0
CHEMBL3124743,no issue,0.0,0.0,0.5,0.0
CHEMBL3124744,exact data citation,0.0,0.0,40.0,548.5
CHEMBL3124747,multifunctional enzyme,0.0,0.0,0.0,0.0
CHEMBL3124748,no issue,0.5,0.0,0.0,0.0
CHEMBL3124749,no issue,59.5,0.0,0.0,0.0
CHEMBL3124750,no issue,0.0,0.0,3.0,1.0
CHEMBL3124764,exact data citation,0.0,0.0,40.0,548.5
CHEMBL3124767,no issue,0.0,1.0,0.0,0.0
CHEMBL3124772,no issue,0.0,3.5,0.0,0.0
CHEMBL3124775,highly correlated assays,0.0,0.0,40.0,588.5
CHEMBL3124778,multifunctional enzyme,0.0,0.0,1.5,1.0
CHEMBL3124785,no issue,0.0,4.0,0.0,0.0
CHEMBL3124786,no issue,0.0,0.0,0.0,0.0
CHEMBL3124792,test Item with unknown chirality,0.0,4.0,0.0,0.0
CHEMBL3124799,no issue,8.5,0.0,0.0,0.0
CHEMBL3124800,multifunctional enzyme,0.5,0.0,0.0,0.0
CHEMBL3124801,no issue,0.0,0.0,0.0,0.0
CHEMBL3124803,multiply activity for same test item,0.5,0.5,0.0,0.0
CHEMBL3124807,rounded data citation,72.5,0.5,0.0,0.0
CHEMBL3124809,no issue,1.0,0.0,0.0,8.0
CHEMBL3124810,no issue,32.0,0.0,0.0,0.0
CHEMBL3124811,no issue,0.0,0.0,0.0,1.0
CHEMBL3124815,no issue,216.0,0.0,0.0,0.0
CHEMBL3124816,multiply activity for same test item,0.0,0.0,0.0,0.0
CHEMBL3124824,no issue,0.5,2.0,0.0,0.0
CHEMBL3124825,exact data citation,88.0,0.0,0.0,0.0
CHEMBL3124826,no issue,5.0,29.0,0.0,0.0
CHEMBL3124831,highly correlated assays,0.5,0.0,0.0,14.0
CHEMBL3124832,no issue,0.0,0.0,0.0,0.0
CHEMBL3124838,no issue,1.0,0.0,0.0,0.0
CHEMBL3124840,shuffled assays,97.5,0.0,0.0,0.0
CHEMBL3124844,no issue,0.0,0.0,0.0,16.0
CHEMBL3124846,no issue,26.0,0.0,0.0,0.0
CHEMBL3124848,no issue,0.0,1.5,0.0,0.0
CHEMBL3124849,no issue,1.0,0.0,0.0,0.0
CHEMBL3124851,review,0.0,0.0,11.0,0.0
CHEMBL3124860,multiply activity for same test item,3.5,13.0,0.0,0.0
CHEMBL3124862,test Item with unknown chirality,0.0,0.0,1.0,0.0
CHEMBL3124868,multiply activity for same test item,107.0,5.5,0.0,0.0
CHEMBL3124869,no issue,1650.0,620.0,2.0,5.5
CHEMBL3124871,no issue,2.5,0.0,0.0,0.0
CHEMBL3124874,no issue,2.0,0.0,0.0,0.0
CHEMBL3124876,high citation rate,0.0,0.0,0.0,0.0
CHEMBL3124878,no issue,0.5,0.0,0.0,0.0
CHEMBL3124885,multiply activity for same test item,0.0,8.0,0.0,0.0
CHEMBL3124888,review,0.0,0.0,0.0,0.0
CHEMBL3124891,no issue,0.5,0.5,0.0,1.5
CHEMBL3124899,no issue,0.0,0.0,24.0,54.0
CHEMBL3124902,no issue,0.0,0.0,7.0,0.0
CHEMBL3124907,rounded data citation,0.0,0.0,2.5,0.0
CHEMBL3124915,test Item with unknown chirality,25.0,23.0,0.0,0.0
CHEMBL3124916,highly correlated assays,30.5,0.0,0.0,0.0
CHEMBL3124917,no issue,180.0,86.0,0.0,0.0
CHEMBL3124921,no issue,26.5,24.5,0.0,0.0
CHEMBL3124926,no issue,0.0,0.0,0.0,0.0
CHEMBL3124927,no issue,0.0,0.0,0.0,0.0
CHEMBL3124932,highly correlated assays,111.0,17.0,0.0,0.0
CHEMBL3124933,test Item with unknown chirality,0.0,0.0,0.0,0.0
CHEMBL3124937,no issue,4.0,4.5,0.0,0.0
CHEMBL3124940,highly correlated assays,50.0,1.0,0.0,0.0
CHEMBL3132752,no issue,1.0,0.0,0.0,0.0
CHEMBL3132754,highly correlated assays,0.0,0.0,4.5,3.5
CHEMBL3132792,highly correlated assays,0.0,0.0,0.0,160.0
CHEMBL3132796,no issue,8.0,0.5,6.5,0.5
CHEMBL3132809,no issue,0.0,4.0,0.0,0.0
CHEMBL3217443,test Item with unknown chirality,7.5,1.5,0.0,0.0
CHEMBL3217451,exact data citation,0.0,0.5,0.0,0.0
CHEMBL3217531,no issue,0.0,0.0,1.5,0.0
CHEMBL3217564,multiply activity for same test item,0.0,0.5,0.0,0.0
CHEMBL3217586,no issue,5.5,0.0,2.5,0.0
CHEMBL3217588,no issue,1.0,1.0,0.0,0.0
CHEMBL3217593,no issue,11.0,1.0,13.0,1.5
CHEMBL3217676,no issue,0.0,0.0,0.0,0.0
CHEMBL3217694,no issue,0.0,0.5,0.0,0.0
CHEMBL3217744,no issue,0.0,16.5,2.0,0.0
CHEMBL3227965,multifunctional enzyme,0.0,0.0,0.5,0.0
CHEMBL3227986,test Item with unknown chirality,0.0,0.0,0.0,0.0
CHEMBL3232704,multiply activity for same test item,12.0,8.0,0.0,0.0
CHEMBL3232705,no issue,0.0,3.5,0.0,0.0
CHEMBL3232706,no issue,0.0,0.0,10.0,17.5
CHEMBL3232708,highly correlated assays,0.5,0.0,58.5,0.0
CHEMBL3232711,highly correlated assays,4.0,71.0,0.0,0.0
CHEMBL3232715,highly correlated assays,8.5,0.0,0.0,0.0
CHEMBL3232717,no issue,18.5,1.5,0.0,0.0
CHEMBL3232719,no issue,18.0,0.5,0.0,0.0
CHEMBL3232722,highly correlated assays,31.5,0.5,0.0,0.0
CHEMBL3232723,exact data citation,60.0,2.0,0.0,0.0
CHEMBL3232726,no issue,72.0,4.0,0.0,0.0
CHEMBL3232727,exact data citation,0.0,2.5,0.0,0.0
CHEMBL3232730,highly correlated assays,11.5,1.0,8.0,0.0
CHEMBL3232733,exact data citation,11.5,5.5,0.0,0.0
CHEMBL3232734,no issue,25.5,0.0,0.0,0.0
CHEMBL3232737,no issue,0.0,0.0,2.5,0.0
CHEMBL3232739,highly correlated assays,310.0,70.0,0.0,0.0
CHEMBL3232746,no issue,1.5,1.0,0.0,0.0
CHEMBL3232751,exact data citation,50.0,9.5,0.0,0.0
CHEMBL3232752,no issue,88.5,4.0,0.0,0.0
CHEMBL3232760,no issue,2.5,11.0,0.0,0.0
CHEMBL3232764,highly correlated assays,454.0,42.5,0.0,0.0
CHEMBL3232769,no issue,0.0,0.0,0.0,0.0
CHEMBL3232770,no issue,0.0,0.0,188.0,20.0
CHEMBL3232781,exact data citation,50.0,12.0,0.0,0.0
CHEMBL3232783,highly correlated assays,0.0,0.0,39.0,66.5
CHEMBL3232785,no issue,43.0,6.5,0.0,0.0
CHEMBL3232786,highly correlated assays,0.0,0.0,169.5,0.0
CHEMBL3232790,highly correlated assays,0.0,0.0,0.0,5.0
CHEMBL3232792,highly correlated assays,0.0,0.0,0.0,38.5
CHEMBL3232793,no issue,83.0,53.5,0.0,0.0
CHEMBL3232794,high citation rate,1284.0,348.0,0.0,0.0
CHEMBL3232795,no issue,0.0,0.0,0.0,0.0
CHEMBL3232796,exact data citation,0.0,0.0,40.0,613.5
CHEMBL3232801,review,5.5,12.0,0.0,0.0
CHEMBL3232805,rounded data citation,23.0,0.0,0.0,0.0
CHEMBL3232806,rounded data citation,7.5,0.0,0.0,0.0
CHEMBL3232811,highly correlated assays,12.5,1.5,0.0,0.0
CHEMBL3232818,no issue,3.0,4.0,0.0,0.0
CHEMBL3232819,no issue,28.5,0.0,0.0,0.0
CHEMBL3232821,no issue,0.0,1.0,0.0,0.0
CHEMBL3232823,no issue,0.0,0.0,22.0,12.0
CHEMBL3232824,test Item with unknown chirality,0.0,0.0,0.0,0.5
CHEMBL3232825,no issue,5.5,0.0,0.0,0.0
CHEMBL3232827,review,0.0,0.5,0.0,0.0
CHEMBL3232829,no issue,7.5,10.0,0.0,0.0
CHEMBL3232832,highly correlated assays,0.0,0.0,12.0,0.5
CHEMBL3232837,highly correlated assays,391.0,35.0,0.0,0.0
CHEMBL3232838,highly correlated assays,89.0,4.5,0.0,0.0
CHEMBL3232841,no issue,0.0,0.5,0.0,0.0
CHEMBL3232845,high citation rate,32.0,0.0,0.0,0.0
CHEMBL3232846,exact data citation,46.5,4.5,0.0,0.0
CHEMBL3232847,multifunctional enzyme,40.0,0.0,0.0,0.0
CHEMBL3232849,no issue,0.0,0.0,0.0,0.0
CHEMBL3232851,no issue,91.5,0.0,0.0,0.0
CHEMBL3232853,highly correlated assays,0.0,20.5,0.0,0.0
CHEMBL3232855,no issue,0.0,0.0,0.0,0.0
CHEMBL3232857,no issue,0.5,54.0,0.0,0.0
CHEMBL3232865,no issue,0.5,0.0,0.0,0.0
CHEMBL3232866,test Item with unknown chirality,0.0,3.0,0.0,0.0
CHEMBL3232869,no issue,10.0,2.5,0.0,0.0
CHEMBL3232874,review,0.5,0.0,0.0,0.0
CHEMBL3232879,highly correlated assays,384.0,34.5,0.0,0.0
CHEMBL3232887,multifunctional enzyme,0.0,1.5,0.0,0.0
CHEMBL3232889,no issue,6.0,1.0,0.0,0.0
CHEMBL3232890,no issue,51.0,0.0,0.0,0.0
CHEMBL3232892,exact data citation,4.5,5.0,0.0,0.0
CHEMBL3232894,shuffled assays,38.5,28.0,0.0,0.0
CHEMBL3232899,no issue,1.0,1.0,0.0,0.0
CHEMBL3232906,no issue,3.0,0.0,0.0,0.0
CHEMBL3232909,no issue,32.0,85.5,0.0,0.0
CHEMBL3232915,highly correlated assays,0.0,0.0,61.5,1.0
CHEMBL3232916,no issue,31.5,0.0,0.0,0.0
CHEMBL3232917,no issue,432.0,32.0,0.0,0.0
CHEMBL3232918,no issue,8.5,0.0,0.0,0.0
CHEMBL3232919,no issue,0.0,0.0,0.0,0.0
CHEMBL3232921,no issue,286.0,45.0,0.0,0.0
CHEMBL3232922,no issue,0.0,0.0,36.5,8.0
CHEMBL3232924,no issue,15.0,12.0,0.0,0.0
CHEMBL3232926,exact data citation,18.5,0.0,0.0,0.0
CHEMBL3232933,no issue,0.5,0.0,0.0,0.0
CHEMBL3232934,rounded data citation,73.0,0.0,0.0,0.0
CHEMBL3232937,test Item with unknown chirality,1.0,0.0,0.0,0.0
CHEMBL3232939,no issue,0.0,0.0,0.0,0.0
CHEMBL3232944,no issue,97.5,1.0,0.0,0.0
CHEMBL3232946,no issue,356.0,36.0,0.0,0.0
CHEMBL3232950,highly correlated assays,232.0,1.5,0.0,0.0
CHEMBL3232956,no issue,0.0,0.0,3.0,5.5
CHEMBL3232961,multifunctional enzyme,0.5,0.5,0.0,0.0
CHEMBL3232962,no issue,4.0,4.0,0.0,0.0
CHEMBL3232965,review,0.0,0.0,1.0,3.0
CHEMBL3232966,exact data citation,0.5,8.5,0.0,0.0
CHEMBL3232967,highly correlated assays,12.0,6.5,0.0,0.0
CHEMBL3232969,test Item with unknown chirality,0.0,0.0,0.0,0.0
CHEMBL3232970,no issue,3.5,0.0,0.0,0.0
CHEMBL3232974,no issue,0.0,0.5,0.0,0.0
CHEMBL3232975,no issue,0.0,0.0,0.0,0.0
CHEMBL3232996,no issue,0.0,0.0,2.5,0.5
CHEMBL3233005,no issue,4.5,0.0,0.0,0.0
CHEMBL3233006,no issue,116.0,23.5,0.0,0.0
CHEMBL3233007,test Item with unknown chirality,30.0,4.0,0.0,0.0
CHEMBL3233010,highly correlated assays,676.0,32.0,0.0,0.0
CHEMBL3233011,highly correlated assays,127.5,71.5,0.0,0.0
CHEMBL3244226,multifunctional enzyme,0.0,0.0,6.5,0.0
CHEMBL3244366,no issue,0.0,0.0,0.0,0.5
CHEMBL3259515,highly correlated assays,200.0,188.0,0.0,0.0
CHEMBL3259516,no issue,0.0,0.0,0.0,0.0
CHEMBL3259524,exact data citation,0.0,0.0,26.5,1648.0
CHEMBL3259530,no issue,5.0,0.5,0.0,0.0
CHEMBL3259531,highly correlated assays,38.5,8.5,0.0,0.0
CHEMBL3259532,exact data citation,0.0,0.5,0.0,0.0
CHEMBL3259536,multifunctional enzyme,50.5,1.5,0.0,0.0
CHEMBL3259538,multifunctional enzyme,70.0,32.5,0.0,0.0
CHEMBL3259542,no issue,3.5,0.0,0.0,0.0
CHEMBL3259544,exact data citation,0.0,0.0,2.5,9.5
CHEMBL3259551,no issue,0.0,0.0,2.5,0.0
CHEMBL3259556,no issue,4.0,0.0,0.0,0.0
CHEMBL3259557,no issue,0.0,0.0,0.0,0.0
CHEMBL3259558,highly correlated assays,0.0,5.5,0.0,0.0
CHEMBL3259559,no issue,3.0,10.0,0.0,0.0
CHEMBL3259563,no issue,0.0,10.0,0.0,0.0
CHEMBL3259567,highly correlated assays,56.0,19.0,0.5,0.5
CHEMBL3259568,no issue,68.5,1.0,0.0,0.0
CHEMBL3259569,highly correlated assays,299.5,8.5,0.0,0.0
CHEMBL3259570,highly correlated assays,0.5,18.5,0.0,0.0
CHEMBL3259577,review,64.0,2.0,5.5,0.0
CHEMBL3259581,exact data citation,51.5,2.0,0.0,0.0
CHEMBL3259582,no issue,9.5,2.5,0.0,0.0
CHEMBL3259590,exact data citation,0.0,0.0,0.0,1.0
CHEMBL3259593,no issue,0.0,0.0,0.0,4.0
CHEMBL3259594,no issue,0.0,0.0,13.5,3.5
CHEMBL3259596,test Item with unknown chirality,0.0,0.0,0.0,0.0
CHEMBL3259597,no issue,8.0,0.0,0.0,0.0
CHEMBL3259600,no issue,2.0,0.0,0.0,0.0
CHEMBL3259606,no issue,0.0,0.0,1.5,0.0
CHEMBL3259607,review,0.0,0.0,3.5,0.0
CHEMBL3259612,exact data citation,69.0,4.0,0.0,0.0
CHEMBL3259613,no issue,0.0,0.5,0.0,0.0
CHEMBL3259614,test Item with unknown chirality,7.5,0.0,0.0,0.0
CHEMBL3259620,exact data citation,1.5,3.5,0.0,0.0
CHEMBL3259623,shuffled assays,8.0,1.5,0.0,0.0
CHEMBL3259629,test Item with unknown chirality,0.0,0.0,0.0,0.0
CHEMBL3259630,multiply activity for same test item,0.0,0.0,0.0,0.0
CHEMBL3259631,no issue,0.0,4.0,0.0,0.0
CHEMBL3259632,highly correlated assays,1.0,5.0,2.5,5.5
CHEMBL3259633,highly correlated assays,0.0,0.0,10.0,33.0
CHEMBL3259636,no issue,0.5,0.0,0.0,0.0
CHEMBL3259641,no issue,0.0,2.5,0.0,0.0
CHEMBL3259642,no issue,93.0,0.0,0.0,0.0
CHEMBL3259644,exact data citation,53.5,3.5,0.0,0.0
CHEMBL3259653,no issue,11.0,2.0,0.0,0.0
CHEMBL3259658,test Item with unknown chirality,0.5,0.0,0.0,0.0
CHEMBL3259661,no issue,5.0,2.0,0.0,0.0
CHEMBL3259669,no issue,0.0,2.0,0.0,0.0
CHEMBL3259680,high citation rate,477.5,0.0,0.0,0.0
CHEMBL3259681,exact data citation,0.0,0.0,3.5,10.5
CHEMBL3259683,shuffled assays,0.0,0.0,23.0,598.5
CHEMBL3259688,exact data citation,0.0,0.0,23.0,1.5
CHEMBL3259695,no issue,0.0,3.0,3.5,6.5
CHEMBL3259697,no issue,24.0,0.0,0.0,0.0
CHEMBL3259700,exact data citation,0.0,0.0,0.5,1.0
CHEMBL3259702,no issue,28.0,4.5,0.0,0.0
CHEMBL3259704,no issue,3.0,3.5,4.5,1.0
CHEMBL3259705,no issue,2.5,3.5,0.0,0.0
CHEMBL3259706,no issue,1.0,1.5,0.0,0.0
CHEMBL3259707,no issue,0.0,0.0,0.0,0.0
CHEMBL3259708,no issue,0.0,0.0,0.0,0.0
CHEMBL3259710,no issue,0.0,0.0,2.0,0.0
CHEMBL3259714,highly correlated assays,0.0,0.0,40.0,548.5
CHEMBL3259715,no issue,0.0,0.0,46.0,0.0
CHEMBL3259716,highly correlated assays,30.0,4.0,0.5,0.0
CHEMBL3259719,no issue,0.0,10.0,0.0,0.0
CHEMBL3259722,highly correlated assays,0.0,0.0,30.5,12.0
CHEMBL3259726,no issue,11.0,1.5,0.0,0.0
CHEMBL3259727,no issue,32.0,16.0,0.0,0.0
CHEMBL3259729,exact data citation,0.0,3.0,0.0,0.0
CHEMBL3259733,highly correlated assays,13.0,102.5,0.0,0.0
CHEMBL3259735,no issue,0.0,0.0,16.5,1.0
CHEMBL3259740,no issue,27.5,2.0,0.0,0.0
CHEMBL3259743,test Item with unknown chirality,0.0,0.0,0.0,0.0
CHEMBL3259745,no issue,1.0,0.0,0.0,0.0
CHEMBL3259747,no issue,0.0,0.5,0.0,0.0
CHEMBL3259748,no issue,0.0,0.0,0.0,0.0
CHEMBL3259754,no issue,13.0,0.0,0.0,0.0
CHEMBL3259764,no issue,0.0,2.0,0.0,0.0
CHEMBL3259766,exact data citation,47.5,3.5,0.0,0.0
CHEMBL3259769,no issue,8.0,12.0,0.0,0.0
CHEMBL3259772,no issue,0.0,0.0,0.0,0.0
CHEMBL3259773,high citation rate,300.0,246.0,0.0,0.0
CHEMBL3259775,no issue,0.0,0.0,5.0,0.0
CHEMBL3259776,no issue,0.0,1.0,0.0,1.5
CHEMBL3259777,review,0.0,0.0,0.5,0.0
CHEMBL3259780,no issue,1.0,0.0,1.0,0.0
CHEMBL3259781,highly correlated assays,0.5,0.0,275.0,4.0
CHEMBL3259784,rounded data citation,72.0,1.0,0.0,0.0
CHEMBL3259785,review,0.0,8.5,0.0,0.0
CHEMBL3259792,high citation rate,1319.5,563.0,0.0,0.0
CHEMBL3259797,rounded data citation,7.0,1.5,0.0,0.0
CHEMBL3259799,rounded data citation,56.0,6.0,0.0,0.0
CHEMBL3259804,no issue,54.5,163.5,0.0,0.0
CHEMBL3259812,exact data citation,56.5,0.5,0.0,0.0
CHEMBL3259813,no issue,0.0,0.0,3.5,0.5
CHEMBL3259814,shuffled assays,98.5,4.5,0.0,0.0
CHEMBL3271957,multifunctional enzyme,13.5,0.0,0.0,0.0
CHEMBL3271962,test Item with unknown chirality,0.0,0.0,0.0,0.0
CHEMBL3271969,multifunctional enzyme,18.5,0.0,0.0,0.0
CHEMBL3272104,multifunctional enzyme,0.0,0.0,9.5,4.0
CHEMBL3272185,multifunctional enzyme,18.5,0.0,0.0,0.0
CHEMBL3272223,multifunctional enzyme,6.0,7.5,0.0,0.0
CHEMBL3286092,exact data citation,0.0,0.0,2.0,2.0
CHEMBL3286093,no issue,31.5,0.0,0.0,0.0
CHEMBL3286097,no issue,10.5,7.0,0.0,0.0
CHEMBL3286098,no issue,0.0,0.0,0.0,0.0
CHEMBL3286108,highly correlated assays,47.0,4.5,113.5,18.0
CHEMBL3286112,multiply activity for same test item,0.0,0.0,21.5,0.0
CHEMBL3286122,no issue,36.0,0.0,0.0,0.0
CHEMBL3286125,no issue,40.0,0.0,0.0,0.0
CHEMBL3286128,no issue,0.0,0.0,0.0,0.0
CHEMBL3286129,exact data citation,0.0,0.0,0.0,4.0
CHEMBL3286137,highly correlated assays,167.5,131.0,0.0,0.0
CHEMBL3286139,test Item with unknown chirality,84.5,0.0,0.0,0.0
CHEMBL3286150,high citation rate,0.0,0.5,0.0,24.0
CHEMBL3286154,no issue,0.0,5.5,0.0,0.0
CHEMBL3286155,exact data citation,0.0,0.0,17.0,1.0
CHEMBL3286156,multifunctional enzyme,0.0,0.0,0.0,0.0
CHEMBL3286158,highly correlated assays,33.0,33.5,0.0,0.0
CHEMBL3286161,review,0.0,0.0,9.0,0.0
CHEMBL3286171,test Item with unknown chirality,106.5,4.0,0.0,0.0
CHEMBL3286174,no issue,0.0,0.0,0.0,0.0
CHEMBL3286176,multiply activity for same test item,33.5,3.0,0.0,0.0
CHEMBL3286177,no issue,2.0,0.0,0.0,0.0
CHEMBL3286179,multiply activity for same test item,0.5,4.0,0.0,0.0
CHEMBL3286180,no issue,0.5,0.0,0.0,0.0
CHEMBL3286181,highly correlated assays,5.0,0.0,0.0,0.0
CHEMBL3286192,no issue,0.0,1.0,0.0,0.0
CHEMBL3286193,no issue,60.5,7.0,0.0,0.0
CHEMBL3286195,high citation rate,1336.0,600.0,18.5,14.0
CHEMBL3286205,no issue,0.0,0.5,0.0,0.0
CHEMBL3286224,no issue,0.0,84.0,0.0,0.0
CHEMBL3286226,no issue,35.5,8.5,0.0,0.0
CHEMBL3286227,no issue,172.0,4.0,0.0,0.0
CHEMBL3286230,multifunctional enzyme,5.0,8.5,0.0,0.0
CHEMBL3286234,test Item with unknown chirality,0.0,0.0,9.0,0.0
CHEMBL3286236,rounded data citation,122.0,4.5,0.0,0.0
CHEMBL3286249,exact data citation,0.0,0.0,40.0,919.0
CHEMBL3286252,no issue,0.0,6.5,0.5,1.0
CHEMBL3286258,highly correlated assays,8.5,0.0,0.0,0.0
CHEMBL3286260,no issue,0.0,0.0,2.0,0.0
CHEMBL3286262,no issue,10.0,2.0,0.0,0.0
CHEMBL3286270,no issue,17.0,0.0,0.0,0.0
CHEMBL3286272,test Item with unknown chirality,0.0,0.0,0.0,3.5
CHEMBL3286274,highly correlated assays,29.0,12.0,0.0,0.0
CHEMBL3286277,no issue,0.0,0.5,0.0,0.0
CHEMBL3286280,review,0.0,0.0,13.0,0.0
CHEMBL3286281,no issue,0.0,0.0,2.5,5.0
CHEMBL3286283,no issue,0.0,0.0,1.0,0.0
CHEMBL3286286,rounded data citation,103.5,0.0,0.0,0.0
CHEMBL3286287,multiply activity for same test item,0.0,0.0,39.5,22.5
CHEMBL3286300,multifunctional enzyme,50.0,5.0,0.0,0.0
CHEMBL3286301,highly correlated assays,0.0,10.0,0.0,0.0
CHEMBL3286308,no issue,12.5,4.5,0.0,0.0
CHEMBL3286311,no issue,0.0,0.0,2.0,5.0
CHEMBL3286313,multiply activity for same test item,3.0,0.0,196.5,216.0
CHEMBL3286322,test Item with unknown chirality,50.5,6.0,0.0,0.0
CHEMBL3286323,no issue,28.0,0.0,0.0,0.0
CHEMBL3286325,no issue,0.0,0.0,11.5,0.0
CHEMBL3286326,no issue,0.0,0.0,0.0,14.0
CHEMBL3286329,highly correlated assays,0.0,6.5,0.0,0.0
CHEMBL3286333,no issue,0.0,0.0,0.0,0.5
CHEMBL3286339,no issue,0.0,0.5,1.0,0.0
CHEMBL3286341,highly correlated assays,0.0,15.5,0.0,0.0
CHEMBL3286342,no issue,0.0,1.0,0.0,0.0
CHEMBL3286346,no issue,0.0,0.0,16.0,0.0
CHEMBL3286355,no issue,0.0,0.0,0.0,0.0
CHEMBL3286356,test Item with unknown chirality,0.0,0.0,0.0,1.0
CHEMBL3286357,multifunctional enzyme,11.5,0.5,0.0,0.0
CHEMBL3286361,no issue,0.0,0.0,0.0,0.0
CHEMBL3286363,test Item with unknown chirality,60.0,5.0,0.0,0.0
CHEMBL3286368,no issue,1.0,0.0,0.0,0.0
CHEMBL3286376,rounded data citation,32.5,0.5,0.0,0.0
CHEMBL3286378,no issue,5.5,0.0,0.0,0.0
CHEMBL3286387,multifunctional enzyme,8.5,9.0,0.0,0.0
CHEMBL3286393,high citation rate,377.0,280.0,0.0,0.0
CHEMBL3297645,test Item with unknown chirality,0.0,0.0,8.5,0.0
CHEMBL3297649,multiply activity for same test item,0.0,0.0,8.0,0.0
CHEMBL3297656,multifunctional enzyme,50.0,1.5,0.0,0.0
CHEMBL3297660,highly correlated assays,0.0,0.0,20.5,19.5
CHEMBL3297664,no issue,152.0,8.0,0.0,0.0
CHEMBL3297667,exact data citation,0.0,0.0,25.0,62.0
CHEMBL3297670,exact data citation,0.0,2.5,0.0,0.0
CHEMBL3297676,no issue,24.0,0.0,0.0,0.0
CHEMBL3297680,exact data citation,1.0,0.0,0.0,0.0
CHEMBL3297683,no issue,0.0,0.0,1.0,0.5
CHEMBL3297684,highly correlated assays,7.5,0.0,0.0,0.0
CHEMBL3297685,highly correlated assays,0.0,0.0,40.0,550.5
CHEMBL3297688,no issue,0.0,0.0,0.0,2.0
CHEMBL3297689,no issue,3.0,0.0,0.0,0.0
CHEMBL3297690,review,1223.5,57.0,0.0,0.0
CHEMBL3297694,no issue,8.0,0.0,0.0,0.0
CHEMBL3297697,multiply activity for same test item,0.0,3.0,0.0,18.5
CHEMBL3297705,no issue,0.0,0.0,0.0,0.0
CHEMBL3297706,no issue,0.0,1.5,0.0,0.0
CHEMBL3297707,test Item with unknown chirality,0.0,0.5,0.0,0.5
CHEMBL3297709,exact data citation,0.0,0.0,0.0,3.0
CHEMBL3297713,no issue,0.0,0.0,0.0,0.0
CHEMBL3297725,rounded data citation,0.0,1.0,0.0,0.0
CHEMBL3297731,no issue,57.5,13.0,0.0,0.0
CHEMBL3297739,shuffled assays,20.0,43.5,0.0,0.0
CHEMBL3297742,multiply activity for same test item,0.0,0.0,0.0,0.0
CHEMBL3351222,no issue,0.0,0.0,0.0,0.0
CHEMBL3351223,no issue,0.5,0.0,0.0,0.0
CHEMBL3351224,test Item with unknown chirality,1.0,2.5,0.0,0.0
CHEMBL3351225,no issue,4.0,0.0,0.0,0.0
CHEMBL3351229,no issue,0.0,0.5,0.0,0.0
CHEMBL3351234,no issue,409.0,76.5,0.0,0.0
CHEMBL3351237,no issue,0.5,1.5,0.0,0.0
CHEMBL3351238,exact data citation,28.0,0.5,0.0,0.0
CHEMBL3351241,highly correlated assays,0.0,9.0,0.0,0.0
CHEMBL3351246,no issue,1.5,0.0,0.0,0.0
CHEMBL3351248,no issue,0.0,0.0,0.0,0.0
CHEMBL3351249,no issue,0.0,0.0,0.0,0.0
CHEMBL3351252,no issue,2.0,0.0,0.0,0.0
CHEMBL3351266,review,2.0,0.0,0.0,0.0
CHEMBL3351268,test Item with unknown chirality,29.0,13.0,0.0,0.0
CHEMBL3351269,no issue,0.0,0.0,4.0,12.0
CHEMBL3351275,no issue,0.0,0.0,3.5,0.0
CHEMBL3351280,no issue,0.0,0.0,0.0,0.0
CHEMBL3351281,highly correlated assays,231.5,7.0,0.0,0.0
CHEMBL3351282,review,7.0,0.0,0.5,0.0
CHEMBL3351294,no issue,0.5,1.5,0.0,0.0
CHEMBL3351295,no issue,145.5,10.0,0.0,0.0
CHEMBL3351298,highly correlated assays,226.0,13.5,0.0,0.0
CHEMBL3351299,highly correlated assays,0.0,0.0,38.0,563.5
CHEMBL3351300,test Item with unknown chirality,16.0,0.0,0.0,0.0
CHEMBL3351302,highly correlated assays,237.5,29.5,0.0,0.0
CHEMBL3351303,no issue,28.0,3.0,0.0,0.0
CHEMBL3351304,rounded data citation,15.0,11.0,0.0,0.0
CHEMBL3351310,no issue,0.0,0.0,0.0,0.5
CHEMBL3351311,no issue,0.5,1.0,0.0,0.0
CHEMBL3351312,no issue,1.0,0.0,0.0,0.0
CHEMBL3351316,highly correlated assays,15.5,2.0,0.0,0.0
CHEMBL3351320,no issue,0.5,0.0,0.0,0.0
CHEMBL3351327,multifunctional enzyme,0.0,0.0,2.0,0.0
CHEMBL3351332,no issue,2.5,9.5,0.0,0.0
CHEMBL3351335,exact data citation,27.5,11.0,0.0,0.0
CHEMBL3351336,rounded data citation,0.0,1.0,0.0,0.0
CHEMBL3351341,no issue,0.5,0.5,0.0,0.0
CHEMBL3351344,no issue,16.0,20.0,0.0,0.0
CHEMBL3351349,highly correlated assays,364.5,17.5,0.0,0.0
CHEMBL3351352,no issue,0.0,0.5,0.0,0.0
CHEMBL3351355,test Item with unknown chirality,0.0,0.0,0.0,1.5
CHEMBL3351356,no issue,0.0,0.0,0.0,0.0
CHEMBL3351360,no issue,0.0,2.0,0.0,0.0
CHEMBL3351363,no issue,36.0,40.0,13.0,1.0
CHEMBL3351367,test Item with unknown chirality,0.0,5.5,0.0,0.0
CHEMBL3351375,highly correlated assays,147.5,0.0,0.0,0.0
CHEMBL3351376,highly correlated assays,0.0,0.0,0.5,9.0
CHEMBL3351377,exact data citation,76.5,9.0,0.0,0.0
CHEMBL3351386,no issue,364.0,4.0,0.0,0.0
CHEMBL3351388,no issue,5.5,0.0,0.0,0.0
CHEMBL3351396,no issue,0.5,1.5,0.0,0.0
CHEMBL3351398,multifunctional enzyme,0.0,2.5,0.0,0.0
CHEMBL3351400,exact data citation,0.0,0.0,36.5,9.0
CHEMBL3351402,exact data citation,0.0,2.5,0.0,0.0
CHEMBL3351403,no issue,0.0,3.5,0.0,0.0
CHEMBL3351407,shuffled assays,93.0,0.0,0.0,0.0
CHEMBL3351409,no issue,0.0,0.0,0.0,0.0
CHEMBL3351421,test Item with unknown chirality,0.5,2.0,0.0,1.0
CHEMBL3351422,exact data citation,0.0,1.0,0.0,0.0
CHEMBL3351424,no issue,0.0,0.0,0.0,0.0
CHEMBL3351430,highly correlated assays,0.0,0.0,46.5,673.0
CHEMBL3351438,multiply activity for same test item,0.0,16.5,0.0,0.0
CHEMBL3351439,no issue,1.0,0.0,0.0,0.0
CHEMBL3351441,highly correlated assays,0.0,0.0,31.0,5.0
CHEMBL3351443,rounded data citation,291.0,40.0,0.0,0.0
CHEMBL3351445,highly correlated assays,1.0,10.0,0.0,0.0
CHEMBL3351446,no issue,4.0,0.0,0.0,0.0
CHEMBL3351447,exact data citation,1.0,0.0,0.0,0.0
CHEMBL3351449,no issue,0.5,0.0,0.0,0.0
CHEMBL3351455,no issue,0.0,2.0,0.0,0.0
CHEMBL3351460,exact data citation,2.0,0.0,0.0,0.0
CHEMBL3351461,no issue,0.0,40.0,0.0,0.0
CHEMBL3351463,highly correlated assays,0.0,0.0,8.5,2.0
CHEMBL3351466,exact data citation,0.0,4.0,2.0,16.0
CHEMBL3351468,no issue,0.0,0.0,0.0,0.0
CHEMBL3351469,no issue,0.5,2.5,0.0,0.0
CHEMBL3351476,no issue,16.0,0.0,0.0,0.0
CHEMBL3351479,no issue,8.5,0.0,0.0,0.0
CHEMBL3351482,no issue,9.5,0.0,0.0,0.0
CHEMBL3351485,no issue,1.0,1.0,0.0,0.0
CHEMBL3351489,no issue,0.0,0.0,5.5,1.0
CHEMBL3351490,no issue,0.0,0.0,0.0,0.0
CHEMBL3351502,multifunctional enzyme,0.0,0.0,1.5,0.0
CHEMBL3351503,high citation rate,0.0,0.0,0.0,6.0
CHEMBL3351509,test Item with unknown chirality,0.0,1.0,0.0,0.0
CHEMBL3351512,no issue,0.0,0.0,9.5,10.0
CHEMBL3351519,test Item with unknown chirality,4.0,0.0,0.0,0.0
CHEMBL3351525,exact data citation,0.0,0.0,23.0,3.0
CHEMBL3351526,no issue,1.0,0.0,0.5,0.0
CHEMBL3351527,highly correlated assays,79.5,57.0,0.0,0.0
CHEMBL3351528,highly correlated assays,0.0,0.0,135.0,0.0
CHEMBL3351537,highly correlated assays,25.5,6.0,0.0,0.0
CHEMBL3351540,highly correlated assays,233.5,5.0,0.0,0.0
CHEMBL3351542,highly correlated assays,0.0,0.0,22.5,0.5
CHEMBL3351544,no issue,28.0,0.0,0.0,0.0
CHEMBL3351546,highly correlated assays,0.0,0.0,26.0,69.5
CHEMBL3351548,no issue,0.0,21.0,0.0,0.0
CHEMBL3351549,no issue,0.0,0.0,0.5,0.0
CHEMBL3351552,no issue,0.0,125.0,0.0,2.5
CHEMBL3351553,test Item with unknown chirality,10.0,0.0,0.0,0.0
CHEMBL3351555,no issue,0.0,0.0,5.5,2.5
CHEMBL3351561,no issue,9.0,18.0,0.0,0.0
CHEMBL3351564,no issue,0.0,0.5,0.0,0.0
CHEMBL3351571,no issue,0.5,0.0,0.0,0.0
CHEMBL3351573,no issue,2.5,0.0,0.0,0.0
CHEMBL3351578,no issue,0.0,0.0,4.0,2.0
CHEMBL3351595,multiply activity for same test item,5.0,2.0,0.0,0.0
CHEMBL3351605,no issue,75.5,7.0,0.0,0.0
CHEMBL3351608,no issue,2.5,0.5,0.0,0.0
CHEMBL3351609,no issue,0.0,0.0,0.0,0.0
CHEMBL3351610,no issue,25.0,0.0,0.0,0.0
CHEMBL3351613,shuffled assays,1930.0,832.0,0.0,0.0
CHEMBL3351615,no issue,121.5,0.5,0.0,0.0
CHEMBL3351619,highly correlated assays,0.0,0.5,1.5,1.0
CHEMBL3351620,highly correlated assays,0.0,0.0,19.5,9.0
CHEMBL3351626,no issue,12.5,1.0,0.5,0.0
CHEMBL3351629,highly correlated assays,103.0,6.0,0.0,0.0
CHEMBL3351631,no issue,0.5,0.0,0.0,0.0
CHEMBL3351632,test Item with unknown chirality,0.0,0.0,1.0,0.0
CHEMBL3351633,test Item with unknown chirality,54.0,0.0,0.0,0.0
CHEMBL3351634,exact data citation,0.0,0.0,40.0,550.5
CHEMBL3351638,highly correlated assays,57.0,64.0,0.0,0.0
CHEMBL3351642,highly correlated assays,0.0,3.0,0.0,0.0
CHEMBL3351651,no issue,8.0,4.0,0.0,0.0
CHEMBL3351652,no issue,0.0,0.0,0.0,0.0
CHEMBL3351653,highly correlated assays,0.0,0.0,88.0,2.0
CHEMBL3351663,no issue,0.0,0.0,3.0,2.5
CHEMBL3351667,highly correlated assays,812.0,253.5,0.0,0.0
CHEMBL3351678,no issue,0.0,0.0,2.0,0.0
CHEMBL3351679,multiply activity for same test item,0.0,0.0,16.5,3.5
CHEMBL3351683,exact data citation,0.0,1.0,0.0,0.0
CHEMBL3351689,no issue,1.0,0.0,0.0,0.0
CHEMBL3351692,no issue,0.0,2.0,0.0,0.0
CHEMBL3351693,exact data citation,0.0,0.0,26.5,1648.0
CHEMBL3351696,no issue,0.0,1.0,0.0,0.5
CHEMBL3351697,review,0.5,0.0,0.0,0.0
CHEMBL3351700,highly correlated assays,0.0,0.0,21.0,60.5
CHEMBL3351701,no issue,0.0,0.0,8.0,86.0
CHEMBL3351708,exact data citation,13.0,5.0,0.0,0.0
CHEMBL3351711,no issue,118.5,0.0,0.0,0.0
CHEMBL3351714,highly correlated assays,7.0,3.5,18.0,2.0
CHEMBL3351718,no issue,32.5,19.5,0.0,0.0
CHEMBL3351719,no issue,34.0,8.0,0.0,0.0
CHEMBL3351720,no issue,0.0,6.0,0.0,0.0
CHEMBL3351722,no issue,0.0,0.0,0.5,0.5
CHEMBL3351724,no issue,0.0,0.0,0.0,0.0
CHEMBL3351727,no issue,0.0,0.5,0.0,0.0
CHEMBL3351729,highly correlated assays,233.5,14.0,0.0,0.0
CHEMBL3351739,exact data citation,98.5,4.5,0.0,0.0
CHEMBL3351740,highly correlated assays,340.5,47.0,0.0,0.0
CHEMBL3351747,no issue,76.0,0.0,0.0,0.0
CHEMBL3351750,no issue,0.0,0.0,0.0,1.5
CHEMBL3351757,highly correlated assays,415.5,0.0,0.0,0.0
CHEMBL3351758,multifunctional enzyme,0.0,0.0,4.0,112.0
CHEMBL3351765,review,11.5,0.0,0.0,0.0
CHEMBL3351767,no issue,1.0,10.5,0.5,1.0
CHEMBL3351773,no issue,252.0,0.0,0.0,0.0
CHEMBL3351775,shuffled assays,99.0,49.0,0.0,0.0
CHEMBL3351776,highly correlated assays,0.0,0.0,10.0,20.5
CHEMBL3351777,highly correlated assays,0.0,0.0,20.0,14.5
CHEMBL3351778,highly correlated assays,48.0,0.0,0.0,0.0
CHEMBL3351779,no issue,123.5,3.0,0.0,0.0
CHEMBL3351783,no issue,0.0,0.0,0.0,4.0
CHEMBL3351789,no issue,766.0,36.0,0.0,0.0
CHEMBL3351793,exact data citation,0.0,0.0,0.0,2.0
CHEMBL3351796,no issue,18.0,0.5,0.0,0.0
CHEMBL3351798,no issue,96.0,0.5,0.0,0.0
CHEMBL3351799,no issue,0.0,16.0,0.0,0.0
CHEMBL3351803,no issue,3.5,0.0,0.0,0.0
CHEMBL3351804,multifunctional enzyme,60.0,0.0,0.0,0.0
CHEMBL3351813,exact data citation,1.5,0.0,0.0,0.0
CHEMBL3351822,exact data citation,2.5,2.0,0.0,0.0
CHEMBL3351824,highly correlated assays,104.5,14.0,24.0,32.0
CHEMBL3351827,no issue,36.0,48.0,0.0,0.0
CHEMBL3351830,test Item with unknown chirality,0.0,0.0,0.5,0.0
CHEMBL3351831,high citation rate,0.0,24.0,0.0,1.0
CHEMBL3351833,no issue,8.5,0.0,0.0,0.0
CHEMBL3351836,exact data citation,0.0,0.0,40.0,548.5
CHEMBL3351837,rounded data citation,76.5,0.0,0.0,0.0
CHEMBL3351849,no issue,11.0,2.5,0.0,0.0
CHEMBL3351852,high citation rate,0.0,0.0,0.0,0.0
CHEMBL3351862,review,96.0,0.0,0.0,0.0
CHEMBL3351863,multiply activity for same test item,0.0,0.0,0.0,0.0
CHEMBL3351868,exact data citation,0.0,0.0,49.0,19.0
CHEMBL3351871,no issue,0.0,1.0,0.0,0.0
CHEMBL3351875,no issue,16.5,0.0,0.0,0.0
CHEMBL3351878,highly correlated assays,0.0,0.0,35.0,559.0
CHEMBL3351886,no issue,0.0,0.0,1.0,1.5
CHEMBL3351894,highly correlated assays,0.0,32.0,0.0,0.0
CHEMBL3351897,no issue,0.5,1.0,0.0,0.0
CHEMBL3351901,multifunctional enzyme,40.0,16.0,0.0,0.0
CHEMBL3351907,no issue,43.0,0.0,0.0,0.0
CHEMBL3351911,no issue,0.5,0.0,12.0,10.5
CHEMBL3351918,no issue,10.5,10.5,0.0,0.0
CHEMBL3351920,exact data citation,5.5,0.0,0.0,0.0
CHEMBL3351921,no issue,0.0,18.0,0.0,0.0
CHEMBL3351922,no issue,8.0,0.0,0.0,0.0
CHEMBL3351923,highly correlated assays,0.0,32.0,0.0,0.5
CHEMBL3351924,test Item with unknown chirality,1.0,0.0,0.0,0.0
CHEMBL3351928,exact data citation,0.0,1.0,0.0,0.0
CHEMBL3351930,no issue,1.0,0.5,3.0,0.0
CHEMBL3351941,test Item with unknown chirality,5.0,3.0,0.0,0.0
CHEMBL3351945,no issue,7.0,0.0,0.0,0.0
CHEMBL3351948,no issue,0.0,0.0,0.0,0.0
CHEMBL3351955,no issue,4.0,74.5,0.0,0.0
CHEMBL3351957,test Item with unknown chirality,0.0,0.0,0.0,1.0
CHEMBL3351962,no issue,0.0,0.0,0.0,0.0
CHEMBL3351964,no issue,1.0,0.5,0.0,0.0
CHEMBL3351966,test Item with unknown chirality,0.0,0.0,0.0,0.5
CHEMBL3351970,test Item with unknown chirality,0.0,0.0,0.0,9.5
CHEMBL3351978,no issue,0.0,0.5,0.0,0.0
CHEMBL3351980,highly correlated assays,0.0,0.0,30.5,1.5
CHEMBL3351989,no issue,0.0,0.0,0.0,0.0
CHEMBL3351992,no issue,8.0,8.5,0.0,0.0
CHEMBL3351993,rounded data citation,14.5,1.5,0.0,0.0
CHEMBL3351996,highly correlated assays,0.0,0.0,40.0,555.5
CHEMBL3351999,test Item with unknown chirality,0.0,0.0,1.0,3.0
CHEMBL3352000,no issue,0.5,1.0,0.0,0.0
CHEMBL3352003,highly correlated assays,0.0,0.0,21.0,344.5
CHEMBL3352005,exact data citation,0.0,0.0,5.5,1.0
CHEMBL3352006,test Item with unknown chirality,0.0,0.0,0.0,0.0
CHEMBL3352007,exact data citation,0.5,0.0,0.0,0.0
CHEMBL3352008,no issue,0.0,0.0,74.5,0.0
CHEMBL3352010,multiply activity for same test item,0.0,0.0,23.5,1.0
CHEMBL3352011,no issue,102.5,0.5,0.0,0.0
CHEMBL3352018,no issue,0.0,0.0,0.5,0.0
CHEMBL3352020,exact data citation,9.0,0.0,0.0,0.0
CHEMBL3352021,rounded data citation,0.0,3.0,0.0,0.0
CHEMBL3352030,no issue,0.0,1.0,0.0,0.0
CHEMBL3352031,no issue,11.0,1.0,0.0,0.0
CHEMBL3352034,no issue,0.5,0.0,0.0,0.0
CHEMBL3352043,no issue,0.0,0.0,0.0,0.0
CHEMBL3352050,no issue,0.5,0.0,0.0,0.0
CHEMBL3352054,exact data citation,6.0,17.5,0.0,0.0
CHEMBL3352060,no issue,0.5,0.5,0.0,0.0
CHEMBL3352069,no issue,0.0,0.5,0.0,0.5
CHEMBL3352071,no issue,0.0,0.5,0.0,0.0
CHEMBL3352072,no issue,2.0,0.0,0.0,0.0
CHEMBL3352074,highly correlated assays,4.0,2.0,0.0,0.0
CHEMBL3352077,no issue,4.0,4.0,0.0,0.0
CHEMBL3352087,multiply activity for same test item,0.0,4.0,0.0,0.0
CHEMBL3352089,no issue,4.0,18.0,0.0,0.0
CHEMBL3352090,no issue,0.0,0.0,1.0,1.5
CHEMBL3352092,exact data citation,0.0,0.0,40.0,548.5
CHEMBL3352093,highly correlated assays,421.5,29.5,0.0,0.0
CHEMBL3352095,exact data citation,0.0,2.0,0.0,0.0
CHEMBL3352097,review,0.0,0.0,0.0,0.0
CHEMBL3352098,exact data citation,0.0,0.0,35.0,553.5
CHEMBL3352102,multifunctional enzyme,6.5,0.5,0.0,0.0
CHEMBL3352108,highly correlated assays,34.5,2.0,0.0,0.0
CHEMBL3352117,multiply activity for same test item,1.5,1.0,0.0,0.0
CHEMBL3352118,multifunctional enzyme,0.0,0.0,0.0,0.0
CHEMBL3352121,no issue,1.5,2.0,0.0,0.0
CHEMBL3352124,exact data citation,17.5,1.0,0.0,0.0
CHEMBL3352127,highly correlated assays,19.5,16.5,0.0,0.5
CHEMBL3352128,no issue,1.5,0.0,0.0,0.0
CHEMBL3352131,review,6.0,0.0,0.0,0.0
CHEMBL3352141,no issue,0.0,0.0,11.5,1.5
CHEMBL3352148,highly correlated assays,15.5,0.0,0.0,0.0
CHEMBL3352150,shuffled assays,20.0,0.5,0.0,0.0
CHEMBL3352157,exact data citation,0.0,0.0,6.5,0.5
CHEMBL3352160,no issue,0.0,0.0,0.0,0.0
CHEMBL3352162,no issue,4.0,1.5,0.0,0.0
CHEMBL3352165,no issue,37.5,0.5,0.0,0.0
CHEMBL3352166,no issue,1.5,0.0,0.0,0.0
CHEMBL3352167,no issue,0.0,0.0,49.5,0.5
CHEMBL3352169,no issue,0.0,0.0,0.0,0.0
CHEMBL3352170,exact data citation,22.5,0.5,0.0,0.0
CHEMBL3352172,no issue,0.0,11.0,0.0,0.0
CHEMBL3352173,multiply activity for same test item,0.0,0.0,0.0,0.0
CHEMBL3352178,no issue,0.0,0.0,11.0,12.5
CHEMBL3352182,no issue,12.0,0.0,0.0,0.0
CHEMBL3352187,exact data citation,28.0,0.5,0.0,0.0
CHEMBL3352191,exact data citation,0.0,0.0,23.0,342.5
CHEMBL3352194,no issue,11.5,0.0,0.0,0.0
CHEMBL3352195,exact data citation,12.0,0.5,0.0,0.0
CHEMBL3352198,no issue,0.0,3.0,0.0,0.0
CHEMBL3352201,no issue,1.0,0.0,0.0,0.0
CHEMBL3352205,multifunctional enzyme,494.5,44.5,0.0,0.0
CHEMBL3352207,multifunctional enzyme,0.0,0.0,0.0,0.0
CHEMBL3352208,multiply activity for same test item,0.0,0.0,0.0,0.0
CHEMBL3352209,exact data citation,0.5,2.0,0.0,0.0
CHEMBL3352215,no issue,0.5,2.0,0.0,0.0
CHEMBL3352218,exact data citation,0.0,0.5,0.0,0.0
CHEMBL3352220,no issue,19.0,4.0,0.0,0.0
CHEMBL3352228,highly correlated assays,0.0,16.0,0.0,0.5
CHEMBL3352232,test Item with unknown chirality,0.0,0.0,0.0,0.0
CHEMBL3352233,multiply activity for same test item,0.0,0.0,0.0,0.0
CHEMBL3352235,no issue,11.0,1.0,0.0,0.0
CHEMBL3352238,no issue,0.0,1.0,0.0,0.0
CHEMBL3352239,review,3.5,1.5,1.5,0.0
CHEMBL3352241,no issue,0.0,0.0,0.0,0.0
CHEMBL3352242,no issue,0.0,0.0,0.0,0.0
CHEMBL3352246,exact data citation,23.0,0.0,0.0,0.0
CHEMBL3352248,no issue,24.0,1.5,0.0,0.0
CHEMBL3352252,no issue,61.5,10.0,0.0,0.0
CHEMBL3352254,no issue,0.0,0.0,0.0,1.5
CHEMBL3352256,rounded data citation,0.0,0.0,2.5,0.0
CHEMBL3352260,no issue,2.0,1.0,0.0,0.0
CHEMBL3352261,no issue,9.5,1.5,0.0,0.0
CHEMBL3352264,test Item with unknown chirality,0.0,0.0,0.0,2.0
CHEMBL3352268,no issue,1.5,0.0,0.0,0.0
CHEMBL3352272,no issue,8.0,24.5,0.0,0.0
CHEMBL3352273,highly correlated assays,280.0,56.5,0.0,0.0
CHEMBL3352276,no issue,15.5,2.5,0.0,0.0
CHEMBL3352277,no issue,4.0,3.0,0.0,0.0
CHEMBL3352278,no issue,0.0,0.0,0.0,0.0
CHEMBL3352279,no issue,1.0,0.5,0.0,0.0
CHEMBL3352280,test Item with unknown chirality,59.0,0.0,0.0,0.0
CHEMBL3352289,multifunctional enzyme,35.5,6.5,0.0,0.0
CHEMBL3352292,exact data citation,0.5,0.0,0.0,0.0
CHEMBL3352296,high citation rate,160.0,40.0,0.0,0.0
CHEMBL3352297,exact data citation,18.5,0.0,0.0,0.0
CHEMBL3352313,test Item with unknown chirality,0.0,0.0,1.5,0.5
CHEMBL3352315,no issue,4.0,0.0,0.0,0.0
CHEMBL3352320,no issue,3.5,2.0,0.0,0.0
CHEMBL3352322,exact data citation,59.5,22.0,0.0,0.0
CHEMBL3352323,no issue,0.0,2.5,0.0,0.0
CHEMBL3352327,no issue,0.0,0.0,0.0,0.0
CHEMBL3352334,no issue,60.5,0.5,0.0,0.0
CHEMBL3352338,no issue,0.0,0.0,0.0,0.0
CHEMBL3352340,highly correlated assays,0.0,4.5,0.0,10.0
CHEMBL3352342,highly correlated assays,9.5,1.5,0.0,0.0
CHEMBL3352345,highly correlated assays,28.0,10.5,0.0,0.0
CHEMBL3352351,rounded data citation,16.5,17.0,0.0,0.0
CHEMBL3352357,high citation rate,0.0,0.0,181.5,124.0
CHEMBL3352364,highly correlated assays,0.0,0.0,83.5,21.5
CHEMBL3352367,no issue,1.0,0.0,0.0,0.0
CHEMBL3352375,no issue,1.0,1.0,0.0,0.0
CHEMBL3352376,no issue,126.0,8.5,1.0,0.5
CHEMBL3352377,no issue,0.0,0.5,0.0,0.0
CHEMBL3352379,multiply activity for same test item,1.0,7.0,0.0,0.0
CHEMBL3352385,no issue,242.5,61.0,0.0,0.0
CHEMBL3352388,no issue,88.5,4.0,0.0,0.0
CHEMBL3352389,exact data citation,1.0,2.0,0.0,0.0
CHEMBL3352397,no issue,20.5,3.5,0.0,0.0
CHEMBL3352400,exact data citation,0.0,0.0,40.0,548.5
CHEMBL3352402,no issue,51.5,0.0,0.0,0.0
CHEMBL3352406,exact data citation,0.0,0.5,0.0,0.0
CHEMBL3352410,highly correlated assays,0.0,0.0,10.0,0.0
CHEMBL3352411,highly correlated assays,0.0,4.5,0.0,0.0
CHEMBL3352412,no issue,152.5,0.0,0.0,0.0
CHEMBL3352418,high citation rate,0.5,9.5,0.0,0.0
CHEMBL3352423,no issue,4.5,1.0,22.5,0.0
CHEMBL3352429,exact data citation,9.0,0.0,0.0,0.0
CHEMBL3352433,no issue,56.0,8.0,0.0,0.0
CHEMBL3352436,highly correlated assays,0.0,0.0,0.0,4.0
CHEMBL3352454,no issue,0.0,0.0,19.5,5.0
CHEMBL3352458,no issue,36.0,0.0,0.0,0.0
CHEMBL3352459,no issue,0.0,0.5,0.0,0.0
CHEMBL3352462,highly correlated assays,16.0,49.5,0.0,0.0
CHEMBL3352465,rounded data citation,0.0,0.0,1.5,1.0
CHEMBL3352467,no issue,0.0,0.0,0.0,0.0
CHEMBL3352469,highly correlated assays,0.5,0.0,41.0,16.0
CHEMBL3352472,no issue,0.0,0.0,0.0,0.0
CHEMBL3352474,no issue,12.0,0.0,0.0,0.0
CHEMBL3352477,no issue,2.0,0.0,0.0,0.0
CHEMBL3352479,exact data citation,0.0,2.0,0.0,0.0
CHEMBL3352482,no issue,2.5,1.5,0.0,0.0
CHEMBL3352488,no issue,1.5,2.0,0.0,0.0
CHEMBL3352491,test Item with unknown chirality,0.5,0.5,0.0,0.0
CHEMBL3352495,no issue,0.0,4.0,0.0,0.0
CHEMBL3352497,no issue,31.5,25.5,0.0,0.0
CHEMBL3352509,highly correlated assays,0.0,0.0,40.0,550.0
CHEMBL3352511,no issue,0.0,4.0,0.0,0.0
CHEMBL3352518,rounded data citation,80.0,5.5,0.0,0.0
CHEMBL3352519,no issue,1.5,2.5,0.0,0.0
CHEMBL3352522,high citation rate,0.5,215.0,0.0,0.0
CHEMBL3352528,no issue,0.0,0.0,0.0,0.0
CHEMBL3352533,no issue,0.0,0.0,0.0,0.0
CHEMBL3352539,no issue,4.5,1.0,0.0,0.0
CHEMBL3352541,test Item with unknown chirality,0.5,15.5,0.0,0.0
CHEMBL3352542,multifunctional enzyme,0.0,1.5,0.0,0.0
CHEMBL3352549,highly correlated assays,140.0,9.5,0.0,0.0
CHEMBL3352551,rounded data citation,0.0,0.0,2.5,1.0
CHEMBL3352553,no issue,0.0,0.0,0.0,0.0
CHEMBL3352554,no issue,6.0,0.0,0.0,0.0
CHEMBL3352555,no issue,4.5,4.0,0.0,0.0
CHEMBL3352559,highly correlated assays,1.5,1.5,0.0,0.0
CHEMBL3352560,highly correlated assays,45.5,11.0,0.0,0.0
CHEMBL3352565,no issue,0.5,0.0,0.0,0.0
CHEMBL3352569,no issue,40.0,0.0,0.0,0.0
CHEMBL3352570,highly correlated assays,397.0,31.0,0.0,0.0
CHEMBL3352577,test Item with unknown chirality,0.0,0.0,0.0,0.0
CHEMBL3352585,exact data citation,1.0,1.0,0.0,0.0
CHEMBL3352588,review,21.0,0.0,0.0,0.0
CHEMBL3352589,test Item with unknown chirality,0.0,0.0,0.0,0.0
CHEMBL3352590,no issue,0.0,0.0,0.0,0.0
CHEMBL3352592,no issue,122.0,5.0,0.0,0.0
CHEMBL3352598,highly correlated assays,0.0,0.0,1.0,3.0
CHEMBL3352600,exact data citation,0.0,0.0,13.5,1.5
CHEMBL3352608,no issue,0.0,0.5,0.0,0.0
CHEMBL3352611,exact data citation,0.0,0.0,19.0,4.5
CHEMBL3352613,no issue,5.5,0.0,0.0,0.0
CHEMBL3352616,exact data citation,0.0,0.0,23.0,322.5
CHEMBL3352617,no issue,11.0,10.0,0.0,0.0
CHEMBL3352619,no issue,16.5,17.0,0.0,0.0
CHEMBL3352629,highly correlated assays,395.5,42.5,0.0,0.0
CHEMBL3352631,multiply activity for same test item,0.0,0.0,6.0,7.5
CHEMBL3352633,highly correlated assays,140.5,29.5,0.0,0.0
CHEMBL3352640,exact data citation,0.0,0.0,37.0,551.5
CHEMBL3352647,no issue,2.0,1.5,0.0,0.0
CHEMBL3352651,no issue,2.0,0.0,0.0,0.0
CHEMBL3352658,no issue,3.0,0.0,0.0,0.0
CHEMBL3352659,test Item with unknown chirality,96.0,11.0,0.0,0.0
CHEMBL3352662,no issue,32.0,84.0,0.0,0.0
CHEMBL3352669,no issue,4.0,2.5,0.0,0.0
CHEMBL3352685,highly correlated assays,4.5,3.0,0.0,1.0
CHEMBL3352689,highly correlated assays,0.0,11.5,0.0,0.0
CHEMBL3352690,exact data citation,0.0,0.0,0.0,0.5
CHEMBL3352692,no issue,3.0,0.0,0.0,0.0
CHEMBL3352694,highly correlated assays,0.0,0.0,0.0,0.0
CHEMBL3352699,no issue,0.0,0.0,0.0,0.0
CHEMBL3352701,no issue,0.0,0.0,0.0,0.0
CHEMBL3352705,exact data citation,0.0,0.0,12.0,159.0
CHEMBL3352706,exact data citation,0.0,3.0,0.0,0.0
CHEMBL3352709,highly correlated assays,0.0,0.0,254.5,83.5
CHEMBL3352711,no issue,0.0,0.0,0.0,0.5
CHEMBL3352718,highly correlated assays,0.0,0.0,10.0,17.5
CHEMBL3352722,highly correlated assays,17.0,32.0,3.0,3.0
CHEMBL3352727,exact data citation,51.5,2.0,0.0,0.0
CHEMBL3352729,no issue,2.0,0.5,0.0,0.0
CHEMBL3352735,no issue,0.0,0.0,0.5,0.0
CHEMBL3352741,multiply activity for same test item,0.0,0.5,0.0,0.0
CHEMBL3352744,no issue,0.0,0.0,0.0,0.0
CHEMBL3352745,highly correlated assays,0.0,0.0,44.5,8.0
CHEMBL3352763,highly correlated assays,0.0,0.0,40.0,552.5
CHEMBL3352764,no issue,0.0,0.0,0.0,0.0
CHEMBL3352768,exact data citation,4.0,1.0,0.0,0.0
CHEMBL3352769,no issue,0.5,1.0,0.5,0.0
CHEMBL3352771,no issue,0.0,0.0,1.5,0.0
CHEMBL3352774,multifunctional enzyme,0.0,0.0,1.5,0.0
CHEMBL3352775,exact data citation,1.5,1.5,0.0,0.0
CHEMBL3352777,no issue,3.5,0.0,0.0,0.0
CHEMBL3352784,no issue,0.0,48.0,0.0,0.0
CHEMBL3352788,no issue,45.0,12.0,0.0,0.0
CHEMBL3352793,highly correlated assays,0.0,16.0,0.0,0.0
CHEMBL3352797,no issue,4.0,0.0,0.0,0.0
CHEMBL3352799,exact data citation,55.5,30.0,0.0,0.0
CHEMBL3352803,test Item with unknown chirality,0.0,0.0,1.0,0.0
CHEMBL3352812,test Item with unknown chirality,8.5,6.0,0.0,0.0
CHEMBL3352813,test Item with unknown chirality,240.0,20.0,0.0,0.0
CHEMBL3352815,no issue,22.5,0.0,0.0,0.0
CHEMBL3352817,highly correlated assays,2.0,0.0,8.0,2.0
CHEMBL3352819,no issue,3.5,2.0,0.0,0.0
CHEMBL3352820,highly correlated assays,58.0,13.0,0.0,0.0
CHEMBL3390837,no issue,0.0,0.0,0.0,0.0
CHEMBL3392954,exact data citation,4.0,2.5,0.0,0.0
CHEMBL3392959,exact data citation,129.0,2.5,0.0,0.0
CHEMBL3392961,no issue,7.0,1.5,0.0,0.0
CHEMBL3392963,no issue,1.0,0.0,0.0,0.0
CHEMBL3392964,no issue,6.5,0.5,0.0,0.0
CHEMBL3392965,test Item with unknown chirality,0.0,0.0,0.0,0.0
CHEMBL3392967,highly correlated assays,76.0,0.0,0.0,0.0
CHEMBL3392968,highly correlated assays,0.0,0.0,67.0,11.0
CHEMBL3392969,highly correlated assays,46.0,0.0,0.0,0.0
CHEMBL3392971,test Item with unknown chirality,0.0,0.0,8.0,8.0
CHEMBL3392973,multiply activity for same test item,12.5,3.5,0.0,0.0
CHEMBL3392974,test Item with unknown chirality,0.0,0.0,0.0,12.0
CHEMBL3392978,no issue,53.0,7.0,0.0,0.0
CHEMBL3392979,no issue,14.5,3.0,0.0,0.0
CHEMBL3392980,exact data citation,0.0,0.0,0.0,1.0
CHEMBL3392981,multiply activity for same test item,1.5,0.5,0.0,0.0
CHEMBL3392984,rounded data citation,16.0,4.0,0.0,0.0
CHEMBL3392988,exact data citation,0.0,0.0,26.5,1606.5
CHEMBL3392989,exact data citation,124.0,2.5,0.0,0.0
CHEMBL3392990,multifunctional enzyme,55.0,9.0,0.0,0.0
CHEMBL3392991,exact data citation,0.0,0.0,0.0,4.0
CHEMBL3392997,no issue,0.0,1.0,0.0,0.0
CHEMBL3392998,no issue,0.0,0.0,1.0,0.0
CHEMBL3393002,highly correlated assays,0.0,0.0,0.0,3.0
CHEMBL3393005,multifunctional enzyme,71.0,1.0,0.0,0.0
CHEMBL3393008,rounded data citation,0.5,1.0,0.0,0.0
CHEMBL3393009,no issue,14.5,0.0,0.0,0.0
CHEMBL3393014,no issue,0.0,0.0,0.0,0.0
CHEMBL3393021,rounded data citation,0.0,0.5,0.0,4.5
CHEMBL3393028,no issue,0.0,0.0,0.0,0.0
CHEMBL3393034,no issue,0.0,1.0,3.0,2.5
CHEMBL3393040,no issue,0.0,0.0,0.0,0.0
CHEMBL3393047,no issue,0.0,0.0,0.0,2.5
CHEMBL3393051,no issue,0.0,0.0,0.0,0.0
CHEMBL3393054,highly correlated assays,0.0,0.0,0.0,0.0
CHEMBL3393055,no issue,0.0,0.0,0.0,0.0
CHEMBL3393056,multiply activity for same test item,0.0,10.5,0.0,0.0
CHEMBL3393058,no issue,3.0,0.0,0.0,0.0
CHEMBL3393060,highly correlated assays,18.5,0.0,0.0,0.0
CHEMBL3396949,test Item with unknown chirality,100.5,6.5,0.0,0.0
CHEMBL3396951,no issue,0.5,0.0,0.5,2.5
CHEMBL3396955,no issue,0.5,0.0,0.0,0.0
CHEMBL3396956,no issue,6.0,1.0,0.0,0.0
CHEMBL3396957,exact data citation,14.5,41.5,0.0,0.0
CHEMBL3396960,no issue,5.0,0.0,0.0,0.0
CHEMBL3396961,exact data citation,7.5,4.5,0.0,0.0
CHEMBL3396962,no issue,29.5,1.0,0.0,0.0
CHEMBL3396963,no issue,0.0,0.0,0.0,0.0
CHEMBL3396964,no issue,3.0,0.0,0.0,0.0
CHEMBL3396971,no issue,29.5,7.0,0.0,0.0
CHEMBL3396972,shuffled assays,101.0,47.0,0.0,0.0
CHEMBL3396973,highly correlated assays,137.0,4.0,0.0,0.0
CHEMBL3396974,exact data citation,59.5,0.0,0.0,0.0
CHEMBL3396986,exact data citation,0.0,2.0,0.0,0.0
CHEMBL3396987,no issue,116.5,2.0,0.0,0.0
CHEMBL3396988,exact data citation,0.0,0.0,0.5,6.5
CHEMBL3396989,no issue,0.0,36.0,0.0,0.0
CHEMBL3396990,test Item with unknown chirality,0.0,0.0,0.0,0.0
CHEMBL3396991,highly correlated assays,0.0,0.0,21.5,0.0
CHEMBL3396993,multifunctional enzyme,6.5,9.5,0.0,0.0
CHEMBL3396995,multiply activity for same test item,0.0,0.0,0.0,0.0
CHEMBL3396997,no issue,0.0,0.0,0.0,0.0
CHEMBL3397007,highly correlated assays,0.0,0.0,10.5,16.5
CHEMBL3397012,exact data citation,0.0,1.0,0.0,0.0
CHEMBL3397015,no issue,6.0,0.0,0.0,0.0
CHEMBL3397016,exact data citation,0.0,5.0,0.0,0.0
CHEMBL3397018,no issue,3.0,0.0,0.0,0.0
CHEMBL3397020,no issue,1.0,0.0,0.0,0.0
CHEMBL3397021,highly correlated assays,28.5,9.0,0.0,0.0
CHEMBL3397022,rounded data citation,16.0,4.5,0.0,0.0
CHEMBL3397027,test Item with unknown chirality,56.0,11.5,0.0,0.0
CHEMBL3397030,test Item with unknown chirality,2.0,0.5,0.0,0.0
CHEMBL3397033,exact data citation,13.5,4.0,0.0,0.0
CHEMBL3397036,no issue,0.0,0.0,0.0,0.0
CHEMBL3397037,exact data citation,0.0,0.0,14.5,24.0
CHEMBL3399917,no issue,6.0,0.5,0.0,0.0
CHEMBL3399927,exact data citation,1.0,0.0,0.0,0.0
CHEMBL3399931,multifunctional enzyme,1.0,0.0,34.0,8.0
CHEMBL3399932,no issue,212.0,21.5,0.0,0.0
CHEMBL3399934,exact data citation,0.0,0.0,2.0,0.0
CHEMBL3399942,no issue,0.5,0.0,0.0,0.0
CHEMBL3399945,exact data citation,0.0,0.0,42.0,629.5
CHEMBL3399946,no issue,1.0,3.5,0.0,0.0
CHEMBL3399949,no issue,0.0,0.0,0.0,0.0
CHEMBL3399950,no issue,18.5,0.0,0.0,0.0
CHEMBL3399954,test Item with unknown chirality,0.0,0.0,0.0,0.0
CHEMBL3399955,highly correlated assays,0.0,0.0,40.0,568.5
CHEMBL3399957,highly correlated assays,0.0,0.0,13.5,4.0
CHEMBL3399959,review,17.0,0.0,0.0,0.0
CHEMBL3399963,no issue,24.0,16.0,0.0,0.0
CHEMBL3399968,exact data citation,0.0,0.5,0.0,0.0
CHEMBL3399969,no issue,1.5,1.5,0.0,0.0
CHEMBL3399974,multiply activity for same test item,0.0,0.0,0.0,0.0
CHEMBL3399977,no issue,0.0,0.0,4.0,8.5
CHEMBL3399978,test Item with unknown chirality,0.0,0.0,0.0,0.0
CHEMBL3399979,highly correlated assays,36.0,64.0,0.0,0.0
CHEMBL3399982,no issue,30.5,2.5,4.5,0.5
CHEMBL3399987,test Item with unknown chirality,0.0,0.0,0.5,0.0
CHEMBL3399993,exact data citation,0.0,2.5,0.0,0.0
CHEMBL3400001,multiply activity for same test item,0.0,3.0,0.0,0.0
CHEMBL3400002,multifunctional enzyme,7.0,1.0,0.0,0.0
CHEMBL3400003,highly correlated assays,324.5,26.0,0.0,0.0
CHEMBL3400007,exact data citation,0.0,0.0,26.5,1648.0
CHEMBL3400008,no issue,3.0,0.5,0.0,0.0
CHEMBL3400009,no issue,16.0,0.0,0.0,0.0
CHEMBL3400011,rounded data citation,6.5,0.5,0.0,0.0
CHEMBL3400012,multiply activity for same test item,2.0,3.0,0.0,0.0
CHEMBL3400022,no issue,2.0,16.0,0.0,0.0
CHEMBL3400027,highly correlated assays,25.5,32.5,23.0,322.5
CHEMBL3400031,multifunctional enzyme,8.0,0.0,0.0,0.0
CHEMBL3400046,exact data citation,1.5,0.0,0.0,0.0
CHEMBL3400047,no issue,0.0,0.0,22.0,6.0
CHEMBL3400050,multifunctional enzyme,2.5,6.0,0.0,0.0
CHEMBL3400051,no issue,102.5,1.0,0.0,0.0
CHEMBL3400053,no issue,0.0,0.0,0.0,0.0
CHEMBL3400056,no issue,31.5,0.0,0.0,0.0
CHEMBL3400059,no issue,0.0,4.0,0.0,0.0
CHEMBL3400063,exact data citation,0.0,2.0,0.0,0.0
CHEMBL3400074,no issue,0.0,2.5,0.0,0.0
CHEMBL3400075,highly correlated assays,0.0,6.0,0.0,0.0
CHEMBL3400077,no issue,8.5,16.5,0.0,0.0
CHEMBL3400079,exact data citation,0.0,0.0,26.5,1648.0
CHEMBL3400081,exact data citation,0.0,8.5,0.0,0.0
CHEMBL3400082,exact data citation,0.0,0.0,40.0,548.5
CHEMBL3400086,no issue,0.0,0.5,0.0,1.5
CHEMBL3400094,no issue,172.0,5.5,0.0,0.0
CHEMBL3400096,no issue,17.5,5.5,0.0,0.0
CHEMBL3400103,no issue,1.5,1.5,0.0,0.0
CHEMBL3400104,no issue,0.0,3.0,0.0,0.0
CHEMBL3400105,highly correlated assays,178.0,0.0,0.0,0.0
CHEMBL3400106,no issue,8.0,0.0,0.0,0.0
CHEMBL3400110,rounded data citation,23.0,0.0,0.0,0.0
CHEMBL3400112,highly correlated assays,3.5,1.0,3.0,20.0
CHEMBL3400114,highly correlated assays,57.5,11.0,0.0,0.0
CHEMBL3400118,highly correlated assays,20.0,0.5,40.0,548.5
CHEMBL3400120,no issue,12.0,0.0,0.0,0.0
CHEMBL3400123,no issue,0.0,0.0,0.0,0.0
CHEMBL3400124,no issue,0.5,0.0,0.0,0.0
CHEMBL3400125,multiply activity for same test item,0.0,0.5,0.0,0.0
CHEMBL3400126,no issue,0.0,6.5,0.0,0.0
CHEMBL3400131,multiply activity for same test item,0.0,37.0,0.0,0.0
CHEMBL3400132,no issue,7.0,0.0,0.0,0.0
CHEMBL3400138,test Item with unknown chirality,0.5,0.0,0.0,0.0
CHEMBL3400139,highly correlated assays,0.0,0.0,0.0,0.0
CHEMBL3400144,exact data citation,12.0,8.0,0.0,0.0
CHEMBL3400148,highly correlated assays,0.0,0.0,1.0,1.5
CHEMBL3407330,highly correlated assays,0.0,0.0,0.0,2.5
CHEMBL3407331,shuffled assays,4.0,60.0,0.0,0.0
CHEMBL3407333,high citation rate,280.0,4.0,0.0,0.0
CHEMBL3407336,no issue,0.0,0.0,0.0,0.0
CHEMBL3407340,no issue,0.0,0.0,1.0,0.0
CHEMBL3407341,highly correlated assays,0.0,0.0,1.5,2.0
CHEMBL3407343,no issue,12.0,0.0,0.0,0.0
CHEMBL3407344,review,0.0,0.0,0.0,0.0
CHEMBL3407349,no issue,0.5,11.5,0.5,0.0
CHEMBL3407352,no issue,0.0,1.0,0.0,0.0
CHEMBL3407354,review,3.5,0.0,0.0,0.0
CHEMBL3407356,rounded data citation,71.0,2.0,0.0,0.0
CHEMBL3407357,exact data citation,1.0,0.0,0.0,0.0
CHEMBL3407359,high citation rate,696.0,90.0,0.0,0.0
CHEMBL3407366,multifunctional enzyme,17.0,3.0,0.0,0.0
CHEMBL3407369,no issue,1.0,0.0,0.0,0.0
CHEMBL3407370,no issue,9.5,0.5,0.0,0.0
CHEMBL3407371,no issue,4.0,0.0,0.0,0.0
CHEMBL3407375,highly correlated assays,0.0,2.0,0.0,0.0
CHEMBL3407377,exact data citation,0.0,0.0,11.5,1.5
CHEMBL3407380,exact data citation,26.5,5.0,0.0,0.0
CHEMBL3407384,exact data citation,0.0,0.0,29.5,10.5
CHEMBL3407391,no issue,0.0,0.0,6.0,9.0
CHEMBL3407392,exact data citation,23.0,2.5,22.5,0.0
CHEMBL3407393,multifunctional enzyme,28.0,16.0,0.0,0.0
CHEMBL3407402,exact data citation,12.5,7.5,0.0,0.0
CHEMBL3407404,no issue,7.0,0.0,0.0,0.0
CHEMBL3407406,exact data citation,0.0,0.0,21.0,324.5
CHEMBL3407414,no issue,0.0,2.0,0.0,0.0
CHEMBL3407416,no issue,0.5,41.0,0.0,0.0
CHEMBL3407417,no issue,42.0,0.0,0.0,0.0
CHEMBL3407418,no issue,204.0,32.5,0.0,0.0
CHEMBL3407419,no issue,4.0,0.0,0.0,0.0
CHEMBL3407421,multifunctional enzyme,7.0,3.5,0.0,0.0
CHEMBL3407425,multifunctional enzyme,2.0,1.0,0.0,0.0
CHEMBL3407429,highly correlated assays,228.5,11.5,0.0,0.0
CHEMBL3407431,rounded data citation,31.5,1.5,0.0,0.0
CHEMBL3407432,rounded data citation,83.0,53.5,0.0,0.0
CHEMBL3407433,no issue,0.0,0.0,0.0,0.0
CHEMBL3407435,no issue,79.0,10.0,0.0,0.0
CHEMBL3407441,highly correlated assays,19.0,4.5,0.0,0.0
CHEMBL3407443,no issue,0.0,0.5,0.0,0.0
CHEMBL3407445,test Item with unknown chirality,50.5,6.0,0.0,0.0
CHEMBL3407447,highly correlated assays,17.5,13.0,0.0,0.0
CHEMBL3407453,rounded data citation,39.5,0.5,0.0,0.0
CHEMBL3407454,no issue,0.0,0.0,3.5,0.0
CHEMBL3407461,highly correlated assays,0.0,0.0,0.0,3.0
CHEMBL3407463,no issue,16.0,0.0,0.0,0.0
CHEMBL3407464,highly correlated assays,35.5,10.5,127.5,21.5
CHEMBL3407467,review,27.5,0.0,0.0,0.0
CHEMBL3407468,exact data citation,0.0,12.5,0.0,0.0
CHEMBL3407475,review,8.5,0.5,7.0,1.0
CHEMBL3407477,highly correlated assays,0.0,4.5,0.0,9.0
CHEMBL3407478,no issue,52.5,0.0,0.0,0.0
CHEMBL3407480,no issue,0.0,0.0,6.0,0.0
CHEMBL3407481,test Item with unknown chirality,0.0,24.0,0.0,60.0
CHEMBL3414421,highly correlated assays,2.0,1.0,16.5,6.5
CHEMBL3414429,no issue,3.5,2.0,0.0,0.0
CHEMBL3414430,rounded data citation,250.5,34.5,0.0,0.0
CHEMBL3414433,shuffled assays,80.0,206.5,0.0,0.0
CHEMBL3414434,test Item with unknown chirality,0.5,0.0,0.0,0.0
CHEMBL3414435,no issue,33.0,0.5,0.0,0.0
CHEMBL3414438,no issue,0.0,0.0,0.0,3.0
CHEMBL3414440,highly correlated assays,11.0,3.5,0.0,0.0
CHEMBL3414441,highly correlated assays,323.5,26.0,0.0,0.0
CHEMBL3414442,highly correlated assays,15.0,10.0,0.0,0.0
CHEMBL3414443,highly correlated assays,303.0,0.0,0.0,0.0
CHEMBL3414445,test Item with unknown chirality,127.0,0.0,0.0,0.0
CHEMBL3414447,no issue,0.0,0.0,12.0,4.0
CHEMBL3414448,exact data citation,0.5,0.0,0.0,0.0
CHEMBL3414449,no issue,0.0,0.0,0.5,0.0
CHEMBL3414451,no issue,0.0,36.0,0.0,0.0
CHEMBL3414457,multiply activity for same test item,0.0,0.0,0.0,0.0
CHEMBL3414458,no issue,42.5,163.0,0.0,0.0
CHEMBL3414463,no issue,1.0,17.5,0.0,0.0
CHEMBL3414468,multiply activity for same test item,0.0,0.0,0.0,0.0
CHEMBL3414469,review,7.0,0.0,0.0,0.0
CHEMBL3414472,no issue,0.0,64.0,0.0,0.0
CHEMBL3414475,no issue,13.5,1.5,0.0,0.0
CHEMBL3414476,no issue,105.0,1.0,0.0,0.0
CHEMBL3414477,multifunctional enzyme,0.5,1.0,0.0,0.0
CHEMBL3414481,no issue,0.0,0.0,4.0,0.0
CHEMBL3414482,exact data citation,24.0,8.0,0.0,0.0
CHEMBL3414489,exact data citation,0.0,0.0,0.0,6.5
CHEMBL3414490,no issue,8.5,10.5,0.0,0.0
CHEMBL3414491,exact data citation,5.0,1.5,0.0,0.0
CHEMBL3414492,no issue,8.5,6.0,0.0,0.0
CHEMBL3414493,test Item with unknown chirality,0.0,0.0,1.5,0.0
CHEMBL3414494,no issue,6.0,2.5,0.0,0.0
CHEMBL3414495,highly correlated assays,268.5,19.0,0.0,0.0
CHEMBL3414497,no issue,0.5,14.0,0.0,0.0
CHEMBL3414499,no issue,6.5,24.0,0.0,0.0
CHEMBL3414504,no issue,116.0,0.0,0.0,0.0
CHEMBL3414505,multifunctional enzyme,1.5,0.0,0.0,0.0
CHEMBL3414506,no issue,22.0,2.5,0.0,0.5
CHEMBL3414510,no issue,1.0,0.0,0.0,0.0
CHEMBL3414512,exact data citation,2.5,0.0,1.5,0.0
CHEMBL3414516,highly correlated assays,10.0,21.0,0.0,0.0
CHEMBL3414517,highly correlated assays,0.0,0.0,4.0,4.5
CHEMBL3414522,test Item with unknown chirality,0.0,1.0,0.0,0.0
CHEMBL3414524,highly correlated assays,0.0,0.0,40.0,550.5
CHEMBL3414525,no issue,1.0,0.0,0.0,0.0
CHEMBL3414532,highly correlated assays,24.0,0.0,0.0,0.0
CHEMBL3414538,no issue,2.0,5.0,0.0,0.0
CHEMBL3414542,no issue,6.0,2.0,0.0,0.0
CHEMBL3414543,highly correlated assays,300.0,246.0,0.0,0.0
CHEMBL3414546,no issue,20.0,0.0,0.0,0.0
CHEMBL3414549,no issue,0.0,0.0,0.0,0.0
CHEMBL3414550,no issue,0.0,0.0,0.0,0.0
CHEMBL3414551,highly correlated assays,179.5,1.5,24.0,0.0
CHEMBL3414552,exact data citation,287.0,11.5,0.0,0.0
CHEMBL3414556,review,2.0,0.0,0.0,0.0
CHEMBL3414558,highly correlated assays,0.0,0.0,58.0,14.0
CHEMBL3414560,no issue,0.0,0.0,0.0,1.0
CHEMBL3414563,rounded data citation,0.0,0.0,2.5,0.0
CHEMBL3414564,test Item with unknown chirality,0.0,0.0,0.0,0.0
CHEMBL3414571,test Item with unknown chirality,0.0,0.0,0.0,0.0
CHEMBL3421533,highly correlated assays,9.0,2.0,0.0,0.0
CHEMBL3421534,shuffled assays,2.0,18.0,0.0,0.0
CHEMBL3421536,highly correlated assays,0.0,15.5,0.0,0.0
CHEMBL3421537,no issue,0.0,2.5,0.0,0.0
CHEMBL3421539,no issue,2.5,0.0,0.0,0.0
CHEMBL3421542,test Item with unknown chirality,0.5,0.0,0.0,0.0
CHEMBL3421545,no issue,3.0,0.0,0.0,0.0
CHEMBL3421547,no issue,7.5,4.5,0.0,0.0
CHEMBL3421549,highly correlated assays,312.0,2.5,0.0,0.0
CHEMBL3421558,shuffled assays,0.0,5.5,0.0,0.0
CHEMBL3421561,review,1.0,0.0,10.5,0.0
CHEMBL3421568,highly correlated assays,263.5,8.5,0.0,0.0
CHEMBL3421571,exact data citation,9.5,0.5,0.0,0.0
CHEMBL3421572,highly correlated assays,0.0,0.0,7.0,155.0
CHEMBL3421585,multifunctional enzyme,0.0,0.0,0.0,0.0
CHEMBL3421590,exact data citation,5.0,1.0,0.0,0.0
CHEMBL3421595,multifunctional enzyme,164.0,12.0,0.0,0.0
CHEMBL3421597,no issue,0.0,0.0,0.0,0.0
CHEMBL3421600,no issue,1.5,4.5,0.0,0.0
CHEMBL3421601,no issue,0.0,0.0,0.0,0.5
CHEMBL3421602,review,5.5,8.5,0.0,0.0
CHEMBL3421605,no issue,0.0,0.0,1.0,0.5
CHEMBL3421608,highly correlated assays,18.5,5.5,0.0,0.0
CHEMBL3421611,exact data citation,0.0,0.0,3.5,6.0
CHEMBL3421614,no issue,0.5,0.0,0.0,0.0
CHEMBL3421616,exact data citation,0.0,0.0,47.5,9.5
CHEMBL3421623,no issue,13.0,2.0,0.0,0.0
CHEMBL3421625,highly correlated assays,0.0,3.0,16.0,5.5
CHEMBL3421627,no issue,0.5,2.5,0.0,0.0
CHEMBL3421629,no issue,200.0,0.0,0.0,0.0
CHEMBL3421631,no issue,2.5,0.0,0.0,0.0
CHEMBL3425404,no issue,11.0,0.5,0.0,0.0
CHEMBL3425409,highly correlated assays,4.0,8.5,0.0,0.0
CHEMBL3425413,no issue,444.0,6.0,0.0,0.0
CHEMBL3425416,multifunctional enzyme,0.0,0.0,0.0,0.0
CHEMBL3425418,no issue,0.5,0.0,0.0,0.0
CHEMBL3425425,exact data citation,0.0,0.0,37.0,551.5
CHEMBL3425427,no issue,1.0,0.0,0.0,0.0
CHEMBL3425428,rounded data citation,0.5,0.5,0.0,0.0
CHEMBL3425429,no issue,3.0,0.0,0.0,0.0
CHEMBL3425430,test Item with unknown chirality,0.0,24.0,0.0,61.0
CHEMBL3425433,test Item with unknown chirality,11.5,0.0,0.0,0.0
CHEMBL3425434,highly correlated assays,17.0,4.5,0.0,0.0
CHEMBL3425435,no issue,2.0,0.0,0.0,0.0
CHEMBL3425437,test Item with unknown chirality,0.5,0.0,0.0,0.0
CHEMBL3425438,no issue,64.5,26.0,0.0,0.0
CHEMBL3425442,multiply activity for same test item,0.0,2.0,0.0,17.0
CHEMBL3425444,rounded data citation,100.5,47.5,0.0,0.0
CHEMBL3425449,no issue,0.0,3.0,0.0,2.0
CHEMBL3425452,no issue,73.0,9.0,0.0,0.0
CHEMBL3425456,no issue,0.0,29.0,0.0,0.0
CHEMBL3425464,no issue,9.0,29.5,0.0,0.0
CHEMBL3425472,multiply activity for same test item,16.0,10.5,0.0,0.0
CHEMBL3425475,multifunctional enzyme,2.0,0.0,0.0,0.0
CHEMBL3425476,no issue,0.0,0.0,0.0,0.0
CHEMBL3425477,no issue,103.5,0.0,0.0,0.0
CHEMBL3425478,no issue,0.0,0.0,0.0,0.0
CHEMBL3425479,no issue,0.0,0.0,0.0,0.0
CHEMBL3425483,no issue,4.0,0.0,0.0,0.0
CHEMBL3425485,highly correlated assays,32.5,7.5,0.0,0.0
CHEMBL3425488,exact data citation,0.0,2.5,0.0,0.0
CHEMBL3425491,exact data citation,16.0,0.0,0.0,0.0
CHEMBL3425494,no issue,336.0,67.5,0.0,0.0
CHEMBL3425497,no issue,0.0,0.0,13.5,1.0
CHEMBL3425500,review,8.5,0.0,0.0,0.0
CHEMBL3425502,review,38.5,0.0,0.0,0.0
CHEMBL3425507,test Item with unknown chirality,21.0,1.0,4.5,0.5
CHEMBL3425510,highly correlated assays,0.0,6.5,0.0,0.0
CHEMBL3425511,no issue,0.0,0.0,0.0,0.0
CHEMBL3430320,no issue,0.5,0.0,0.0,0.0
CHEMBL3430321,no issue,15.0,0.0,0.0,0.0
CHEMBL3436046,high citation rate,24.5,0.0,0.0,0.0
CHEMBL3525936,no issue,2.0,1.0,0.0,0.0
CHEMBL3526013,test Item with unknown chirality,0.0,0.0,2.5,0.0
CHEMBL3526046,no issue,0.0,0.5,0.0,0.0
CHEMBL3526051,no issue,35.0,0.0,0.0,0.0
CHEMBL3526091,no issue,4.5,0.0,0.0,0.0
CHEMBL3526109,no issue,1.5,1.0,0.0,0.0
CHEMBL3526127,no issue,4.0,0.0,0.0,0.0
CHEMBL3526146,no issue,1.0,0.0,0.0,0.0
CHEMBL3526151,test Item with unknown chirality,1.5,3.0,0.0,0.0
CHEMBL3576758,test Item with unknown chirality,0.0,0.5,0.0,0.0
CHEMBL3576771,high citation rate,0.0,0.0,28.0,184.5
CHEMBL3576773,test Item with unknown chirality,0.0,0.0,0.5,0.0
CHEMBL3576775,highly correlated assays,103.0,9.5,0.0,0.0
CHEMBL3576788,highly correlated assays,378.0,14.0,0.0,0.0
CHEMBL3576790,test Item with unknown chirality,0.0,0.0,0.0,0.0
CHEMBL3576793,no issue,0.0,0.0,0.0,0.5
CHEMBL3576800,highly correlated assays,0.0,63.0,0.0,0.0
CHEMBL3576804,no issue,0.0,0.0,0.0,0.0
CHEMBL3576807,multifunctional enzyme,108.0,24.0,0.0,0.0
CHEMBL3576812,no issue,3.5,0.0,0.0,0.0
CHEMBL3576815,multiply activity for same test item,0.0,0.0,0.0,0.0
CHEMBL3576820,exact data citation,0.5,0.5,0.0,0.0
CHEMBL3576829,no issue,108.5,16.0,0.0,0.0
CHEMBL3576831,no issue,0.0,0.0,0.0,0.0
CHEMBL3576832,test Item with unknown chirality,0.0,0.0,0.0,0.5
CHEMBL3576835,no issue,2.0,0.0,0.0,0.0
CHEMBL3576845,highly correlated assays,311.0,36.5,0.0,0.0
CHEMBL3576847,no issue,499.0,122.5,0.0,0.0
CHEMBL3576859,no issue,0.0,0.0,0.5,0.5
CHEMBL3576868,no issue,0.0,0.0,0.0,0.0
CHEMBL3576869,no issue,12.5,1.0,0.0,0.0
CHEMBL3580533,no issue,0.0,0.0,1.5,0.0
CHEMBL3580536,rounded data citation,26.5,10.0,0.0,0.0
CHEMBL3580553,no issue,70.5,1.0,0.0,0.0
CHEMBL3580555,no issue,14.5,7.5,0.0,0.0
CHEMBL3580561,exact data citation,0.0,2.0,0.0,0.0
CHEMBL3580562,no issue,40.5,0.0,0.0,0.0
CHEMBL3580564,no issue,0.0,0.0,34.5,4.0
CHEMBL3580565,rounded data citation,0.0,0.0,17.0,0.0
CHEMBL3580567,no issue,0.0,0.0,29.5,17.0
CHEMBL3580568,no issue,3.0,13.5,0.0,0.0
CHEMBL3580569,exact data citation,0.0,1.0,0.0,0.0
CHEMBL3580575,no issue,0.0,0.0,0.0,0.0
CHEMBL3580580,no issue,2.5,0.0,0.0,0.0
CHEMBL3580586,test Item with unknown chirality,0.0,0.0,11.0,0.0
CHEMBL3580588,no issue,0.0,0.0,0.0,0.0
CHEMBL3580589,no issue,0.0,0.0,2.0,0.0
CHEMBL3580597,no issue,860.0,140.0,68.0,248.0
CHEMBL3580601,no issue,0.0,0.0,0.0,2.0
CHEMBL3580611,exact data citation,20.0,4.0,0.0,0.0
CHEMBL3580618,no issue,0.0,0.5,0.0,0.0
CHEMBL3580634,rounded data citation,0.0,0.0,2.0,0.0
CHEMBL3580636,no issue,0.0,0.0,0.0,0.0
CHEMBL3580640,highly correlated assays,0.0,0.0,2.5,3.0
CHEMBL3580643,no issue,2.0,1.5,0.0,0.0
CHEMBL3580647,no issue,0.0,1.5,0.0,0.0
CHEMBL3580651,highly correlated assays,0.0,108.0,0.0,0.0
CHEMBL3580660,test Item with unknown chirality,7.5,0.0,0.0,0.0
CHEMBL3580661,shuffled assays,0.0,0.0,0.0,6.0
CHEMBL3580662,no issue,0.0,0.0,0.0,0.0
CHEMBL3580663,exact data citation,0.0,0.0,1.0,10.5
CHEMBL3585246,shuffled assays,2.5,2.0,0.0,0.0
CHEMBL3585247,no issue,28.0,0.0,0.0,0.0
CHEMBL3585250,exact data citation,0.0,0.0,40.0,548.5
CHEMBL3585252,no issue,18.0,5.0,0.5,0.0
CHEMBL3585253,review,1.0,0.0,0.0,0.0
CHEMBL3585259,no issue,0.0,0.0,0.0,0.0
CHEMBL3585260,no issue,0.0,0.0,0.0,0.0
CHEMBL3585261,no issue,0.0,0.0,14.5,0.0
CHEMBL3585263,no issue,0.0,0.0,1.0,2.0
CHEMBL3585264,exact data citation,0.0,1.0,0.0,0.0
CHEMBL3585266,exact data citation,0.0,0.0,5.5,2.0
CHEMBL3585271,multifunctional enzyme,92.5,4.0,0.0,0.0
CHEMBL3585279,rounded data citation,2.0,1.5,0.0,0.0
CHEMBL3585289,no issue,0.0,0.0,0.0,0.0
CHEMBL3585296,no issue,0.0,0.0,8.0,0.5
CHEMBL3585297,highly correlated assays,0.0,0.0,40.0,552.5
CHEMBL3585299,no issue,0.0,1.5,0.0,0.0
CHEMBL3585304,test Item with unknown chirality,6.0,0.0,0.0,0.0
CHEMBL3585305,no issue,147.5,13.0,0.0,0.0
CHEMBL3585306,highly correlated assays,144.5,71.5,0.0,0.0
CHEMBL3585313,no issue,4.0,0.0,0.0,0.0
CHEMBL3585315,highly correlated assays,0.5,2.5,0.0,0.0
CHEMBL3585316,exact data citation,259.5,12.5,0.0,0.0
CHEMBL3585317,rounded data citation,16.0,4.0,0.0,0.0
CHEMBL3585319,no issue,0.0,0.0,12.0,8.0
CHEMBL3585325,no issue,0.0,0.0,8.0,1.0
CHEMBL3585326,no issue,0.0,0.0,23.5,377.0
CHEMBL3585331,review,9.5,0.0,0.0,0.0
CHEMBL3585336,multifunctional enzyme,0.5,1.0,0.0,0.0
CHEMBL3585339,test Item with unknown chirality,0.5,0.0,0.0,0.0
CHEMBL3585342,test Item with unknown chirality,11.5,0.0,0.0,0.0
CHEMBL3585343,no issue,0.0,11.0,0.0,0.0
CHEMBL3585345,no issue,11.0,1.0,0.0,0.0
CHEMBL3585346,no issue,29.5,7.0,0.0,0.0
CHEMBL3585347,no issue,2.5,1.0,0.0,0.0
CHEMBL3588744,no issue,0.0,30.5,0.0,0.0
CHEMBL3588746,highly correlated assays,0.0,0.0,2.5,5.5
CHEMBL3588748,multifunctional enzyme,14.5,5.5,0.0,0.0
CHEMBL3588756,no issue,0.0,0.0,2.0,3.5
CHEMBL3588759,no issue,12.0,5.0,0.0,0.0
CHEMBL3588764,no issue,0.0,0.0,0.0,17.0
CHEMBL3588765,rounded data citation,15.0,1.5,0.0,0.0
CHEMBL3588771,no issue,0.0,6.0,0.0,0.0
CHEMBL3588778,no issue,1.5,1.5,0.0,0.0
CHEMBL3588780,highly correlated assays,0.0,0.0,0.0,96.0
CHEMBL3588784,no issue,0.0,21.0,0.0,0.0
CHEMBL3588785,no issue,3.0,4.0,0.0,0.0
CHEMBL3588791,no issue,0.0,12.0,0.0,0.0
CHEMBL3588792,no issue,0.0,0.5,0.0,0.0
CHEMBL3588794,multifunctional enzyme,0.0,0.0,0.0,0.0
CHEMBL3588796,no issue,76.0,6.0,0.0,0.0
CHEMBL3588799,exact data citation,30.5,6.0,0.0,0.0
CHEMBL3588800,highly correlated assays,218.0,4.5,0.0,2.0
CHEMBL3588810,highly correlated assays,0.0,0.0,32.5,16.0
CHEMBL3588814,no issue,10.0,0.0,0.0,0.0
CHEMBL3588818,highly correlated assays,0.0,0.0,1.5,1.0
CHEMBL3588821,no issue,0.0,0.0,0.0,0.0
CHEMBL3588823,no issue,0.0,0.0,11.0,0.0
CHEMBL3588833,no issue,1.0,0.0,0.0,0.0
CHEMBL3588836,rounded data citation,23.0,2.5,0.0,0.0
CHEMBL3588844,no issue,8.0,24.0,0.0,0.0
CHEMBL3588846,no issue,0.0,0.0,0.0,0.0
CHEMBL3588849,exact data citation,0.5,0.5,0.0,0.0
CHEMBL3588858,no issue,0.0,0.0,36.0,0.0
CHEMBL3593160,no issue,0.0,0.0,0.0,0.0
CHEMBL3593162,exact data citation,0.0,0.0,0.0,4.5
CHEMBL3593166,rounded data citation,100.5,47.5,0.0,0.0
CHEMBL3593175,no issue,16.0,20.0,0.0,0.0
CHEMBL3593176,highly correlated assays,29.5,26.5,0.0,0.0
CHEMBL3593177,rounded data citation,23.0,0.0,0.0,0.0
CHEMBL3593181,exact data citation,0.0,0.0,40.0,656.5
CHEMBL3593193,no issue,85.5,0.0,0.0,0.0
CHEMBL3593194,exact data citation,2.5,2.5,0.0,0.0
CHEMBL3593203,no issue,0.0,0.0,1.0,0.0
CHEMBL3593206,no issue,0.5,0.0,0.0,0.0
CHEMBL3593208,no issue,17.5,2.0,0.0,0.0
CHEMBL3593209,exact data citation,0.0,0.0,40.0,548.5
CHEMBL3593212,no issue,1.5,5.0,0.0,0.0
CHEMBL3593215,no issue,15.0,0.5,0.0,0.0
CHEMBL3593221,highly correlated assays,245.5,21.5,0.0,0.0
CHEMBL3593224,no issue,0.0,0.5,0.0,0.0
CHEMBL3593229,highly correlated assays,79.5,15.5,0.0,0.0
CHEMBL3593231,no issue,1.5,0.5,0.0,0.0
CHEMBL3593234,multiply activity for same test item,0.0,0.5,0.0,0.0
CHEMBL3593235,multifunctional enzyme,10.5,0.0,0.0,0.0
CHEMBL3593236,exact data citation,0.0,0.0,12.0,159.0
CHEMBL3593240,exact data citation,45.0,5.0,0.0,0.0
CHEMBL3593241,no issue,0.0,0.0,0.0,1.0
CHEMBL3593243,no issue,23.5,3.0,0.0,0.0
CHEMBL3593245,no issue,0.0,39.5,0.0,0.0
CHEMBL3596088,exact data citation,0.0,0.0,3.5,10.5
CHEMBL3596089,highly correlated assays,37.5,0.0,0.0,0.0
CHEMBL3596090,test Item with unknown chirality,0.0,0.0,0.0,0.0
CHEMBL3596098,no issue,10.0,2.0,3.0,2.5
CHEMBL3596108,test Item with unknown chirality,0.0,0.0,0.0,3.5
CHEMBL3596119,exact data citation,0.0,0.0,0.0,3.5
CHEMBL3596125,test Item with unknown chirality,0.0,0.0,0.0,0.0
CHEMBL3596130,no issue,0.0,0.0,11.5,1.5
CHEMBL3596133,exact data citation,0.0,11.0,0.0,0.0
CHEMBL3596134,no issue,5.5,3.5,0.0,0.0
CHEMBL3596137,no issue,0.0,0.0,0.0,0.0
CHEMBL3596142,highly correlated assays,3.0,0.0,7.0,0.0
CHEMBL3596145,exact data citation,0.0,0.0,12.0,160.5
CHEMBL3596148,exact data citation,20.5,0.0,0.0,0.0
CHEMBL3596154,no issue,0.0,1.5,0.0,0.0
CHEMBL3596160,highly correlated assays,62.0,13.0,0.0,0.0
CHEMBL3596163,test Item with unknown chirality,5.5,0.0,0.0,0.0
CHEMBL3596172,highly correlated assays,0.0,1.0,0.0,7.0
CHEMBL3596173,no issue,0.0,0.0,17.5,0.0
CHEMBL3596174,no issue,220.5,12.0,0.0,0.0
CHEMBL3596179,no issue,26.0,0.0,0.0,0.0
CHEMBL3596180,high citation rate,0.0,0.0,48.0,0.0
CHEMBL3596185,no issue,0.0,0.0,44.0,12.5
CHEMBL3596194,no issue,2.0,0.0,0.0,0.0
CHEMBL3600284,no issue,0.0,0.0,0.0,0.0
CHEMBL3600286,no issue,0.0,0.0,0.0,0.0
CHEMBL3600288,no issue,0.5,0.0,0.0,0.0
CHEMBL3600291,exact data citation,0.0,0.0,40.0,548.5
CHEMBL3600299,no issue,5.5,0.0,0.0,0.0
CHEMBL3600302,multifunctional enzyme,0.0,0.0,0.0,0.0
CHEMBL3600306,exact data citation,0.0,0.0,40.0,548.5
CHEMBL3600311,no issue,5.5,0.0,0.0,0.0
CHEMBL3600313,shuffled assays,72.5,0.5,0.0,0.0
CHEMBL3600314,no issue,24.0,54.0,1.5,0.5
CHEMBL3600345,highly correlated assays,17.5,0.0,0.0,0.0
CHEMBL3600352,exact data citation,240.5,34.0,0.0,0.0
CHEMBL3600357,no issue,0.0,0.0,4.0,0.0
CHEMBL3600359,no issue,16.0,4.0,0.0,0.0
CHEMBL3600363,no issue,0.5,0.0,0.0,0.0
CHEMBL3600364,no issue,27.5,4.0,0.0,0.0
CHEMBL3600366,exact data citation,0.0,0.0,40.0,548.5
CHEMBL3600373,exact data citation,0.0,0.0,35.0,557.5
CHEMBL3600374,multifunctional enzyme,0.0,0.0,0.0,0.0
CHEMBL3600377,no issue,0.5,0.0,0.0,0.0
CHEMBL3600385,test Item with unknown chirality,0.0,0.0,0.0,0.0
CHEMBL3603732,rounded data citation,192.0,16.5,0.0,0.0
CHEMBL3603733,no issue,0.0,0.0,13.5,1.0
CHEMBL3603735,exact data citation,0.0,0.0,5.5,2.0
CHEMBL3603736,no issue,0.0,0.0,0.0,0.0
CHEMBL3603737,multiply activity for same test item,1.5,0.0,0.0,0.0
CHEMBL3603740,highly correlated assays,225.5,13.5,0.0,0.0
CHEMBL3603741,no issue,0.0,8.0,0.0,0.0
CHEMBL3603744,no issue,0.0,12.0,0.0,0.0
CHEMBL3603747,no issue,66.5,5.0,0.0,0.0
CHEMBL3603752,highly correlated assays,0.0,24.0,0.0,0.0
CHEMBL3603757,high citation rate,40.0,61.0,0.0,0.0
CHEMBL3603762,no issue,0.0,0.0,0.0,24.0
CHEMBL3603763,test Item with unknown chirality,0.0,48.0,0.0,0.0
CHEMBL3603765,no issue,119.0,35.0,16.0,16.0
CHEMBL3603767,no issue,122.5,4.0,0.0,0.0
CHEMBL3603772,multifunctional enzyme,9.5,0.0,0.0,0.0
CHEMBL3603780,no issue,428.0,40.5,0.0,0.0
CHEMBL3603785,exact data citation,1.5,5.0,0.0,0.0
CHEMBL3603788,multifunctional enzyme,0.0,0.0,0.0,0.0
CHEMBL3603794,no issue,0.0,0.0,1.5,0.0
CHEMBL3603800,no issue,3.5,0.0,0.0,0.0
CHEMBL3603801,no issue,0.5,2.0,0.5,0.0
CHEMBL3603804,review,3.0,0.0,0.0,0.0
CHEMBL3603806,no issue,2.0,1.5,0.0,0.0
CHEMBL3603807,no issue,0.0,32.0,0.0,0.0
CHEMBL3603808,no issue,3.0,0.0,0.0,0.0
CHEMBL3603809,exact data citation,0.0,0.0,2.0,0.0
CHEMBL3603810,no issue,1.5,6.0,0.0,0.0
CHEMBL3603812,no issue,24.0,6.0,0.0,0.0
CHEMBL3603815,exact data citation,0.0,0.0,40.0,551.5
CHEMBL3603817,exact data citation,5.0,2.0,0.0,0.0
CHEMBL3603822,highly correlated assays,0.0,0.0,102.5,2178.5
CHEMBL3603825,no issue,0.0,0.0,0.0,2.0
CHEMBL3603828,exact data citation,4.0,0.5,0.0,0.0
CHEMBL3603831,no issue,6.5,0.0,0.0,0.0
CHEMBL3603832,no issue,0.0,1.0,0.0,0.0
CHEMBL3603833,multifunctional enzyme,16.5,13.0,0.0,0.0
CHEMBL3603837,highly correlated assays,26.0,0.5,18.5,0.0
CHEMBL3608203,rounded data citation,5.0,1.0,0.0,0.0
CHEMBL3608207,highly correlated assays,34.0,0.0,0.0,0.0
CHEMBL3608212,no issue,0.5,0.0,0.0,0.0
CHEMBL3608213,no issue,84.0,0.0,0.0,0.0
CHEMBL3608214,highly correlated assays,0.0,3.0,0.0,2.0
CHEMBL3608217,rounded data citation,4.5,1.5,0.0,0.0
CHEMBL3608218,no issue,15.0,0.0,0.0,0.0
CHEMBL3608230,highly correlated assays,3.0,4.5,0.0,0.0
CHEMBL3608235,exact data citation,1.0,0.0,0.0,0.0
CHEMBL3608237,no issue,0.0,0.0,0.0,0.0
CHEMBL3608239,exact data citation,5.5,39.5,0.0,0.0
CHEMBL3608240,no issue,3.0,0.0,0.0,0.0
CHEMBL3608244,exact data citation,0.0,0.5,0.0,0.0
CHEMBL3608245,exact data citation,0.0,2.5,0.0,0.0
CHEMBL3608249,exact data citation,0.0,0.0,0.0,1.0
CHEMBL3608250,no issue,3.5,0.0,0.0,0.0
CHEMBL3608251,test Item with unknown chirality,0.0,0.0,0.0,1.0
CHEMBL3608254,test Item with unknown chirality,0.0,0.0,0.0,0.0
CHEMBL3608255,no issue,6.0,0.5,0.0,0.0
CHEMBL3608256,exact data citation,16.0,4.0,0.0,0.0
CHEMBL3608257,no issue,398.5,80.5,0.0,0.0
CHEMBL3608259,exact data citation,0.0,0.0,37.0,551.5
CHEMBL3608263,no issue,4.0,108.0,0.0,0.0
CHEMBL3608273,no issue,1.0,9.0,0.0,0.0
CHEMBL3608274,highly correlated assays,3.0,5.0,0.0,0.0
CHEMBL3608277,no issue,0.0,0.0,0.0,0.0
CHEMBL3608284,test Item with unknown chirality,0.0,0.0,0.0,1.0
CHEMBL3608290,no issue,0.0,0.0,0.5,0.0
CHEMBL3608292,no issue,0.0,0.0,0.0,0.0
CHEMBL3608296,highly correlated assays,0.0,0.0,41.0,583.0
CHEMBL3608299,no issue,0.0,0.0,0.0,0.0
CHEMBL3608303,no issue,0.5,0.0,27.0,2.5
CHEMBL3611967,highly correlated assays,247.5,0.5,0.0,0.0
CHEMBL3611971,test Item with unknown chirality,100.5,6.5,0.0,0.0
CHEMBL3611974,no issue,1.5,1.0,0.0,0.5
CHEMBL3611977,highly correlated assays,0.0,0.0,115.5,23.0
CHEMBL3611978,exact data citation,53.5,7.0,0.0,0.0
CHEMBL3611979,no issue,6.0,0.0,0.0,0.0
CHEMBL3611988,no issue,6.5,8.5,0.0,0.0
CHEMBL3611990,no issue,0.0,47.5,0.0,0.0
CHEMBL3611991,no issue,0.5,0.0,0.0,0.0
CHEMBL3611993,rounded data citation,56.5,3.0,0.0,0.0
CHEMBL3611997,rounded data citation,11.5,0.0,0.0,0.0
CHEMBL3612001,no issue,1.0,0.0,0.0,0.0
CHEMBL3612007,no issue,1.0,0.0,0.0,0.0
CHEMBL3612011,no issue,0.0,0.0,0.5,3.5
CHEMBL3612012,no issue,0.0,0.0,0.0,0.0
CHEMBL3612013,exact data citation,0.0,0.0,0.5,54.0
CHEMBL3612016,no issue,0.0,0.0,25.5,36.5
CHEMBL3612017,no issue,0.0,0.0,0.0,1.0
CHEMBL3612018,highly correlated assays,0.0,17.0,0.0,0.0
CHEMBL3612019,highly correlated assays,0.0,19.0,0.0,0.0
CHEMBL3612020,no issue,0.0,0.0,0.0,0.0
CHEMBL3612028,no issue,0.0,0.0,0.0,4.0
CHEMBL3612030,highly correlated assays,200.5,172.0,0.0,0.0
CHEMBL3612032,no issue,48.0,0.0,0.0,0.0
CHEMBL3612033,no issue,4.0,0.0,0.0,0.0
CHEMBL3612034,no issue,18.0,0.5,0.0,0.0
CHEMBL3612040,multiply activity for same test item,0.0,0.0,0.0,0.0
CHEMBL3612044,exact data citation,0.0,0.0,43.0,688.5
CHEMBL3612051,no issue,0.0,0.0,0.0,2.5
CHEMBL3612053,rounded data citation,1.0,0.5,0.0,0.0
CHEMBL3612058,exact data citation,0.0,0.0,0.0,2.0
CHEMBL3612060,no issue,1.0,0.0,0.0,0.0
CHEMBL3612061,exact data citation,0.5,0.0,0.0,0.0
CHEMBL3612064,no issue,0.0,0.0,0.0,0.0
CHEMBL3612067,multifunctional enzyme,89.5,2.0,0.0,0.0
CHEMBL3616365,no issue,3.0,0.0,0.0,0.0
CHEMBL3616369,no issue,0.0,2.0,0.0,0.0
CHEMBL3616374,exact data citation,0.0,0.5,0.0,0.0
CHEMBL3616375,no issue,1.0,0.0,0.0,0.0
CHEMBL3616378,highly correlated assays,0.0,5.0,0.0,4.0
CHEMBL3616381,no issue,0.0,1.0,0.0,0.0
CHEMBL3616388,no issue,0.0,0.0,0.0,0.0
CHEMBL3616391,multifunctional enzyme,0.0,0.0,0.0,0.0
CHEMBL3616392,test Item with unknown chirality,22.0,3.0,0.0,0.0
CHEMBL3616393,review,7.5,0.0,0.0,0.0
CHEMBL3616395,highly correlated assays,111.0,0.0,0.0,0.0
CHEMBL3616396,no issue,244.0,8.0,0.0,0.0
CHEMBL3616397,review,5.5,0.5,0.0,0.0
CHEMBL3616402,no issue,0.0,0.0,0.0,0.0
CHEMBL3616403,exact data citation,21.5,2.0,0.0,0.0
CHEMBL3616406,rounded data citation,10.0,2.5,0.0,0.0
CHEMBL3616411,highly correlated assays,334.0,0.0,0.0,0.0
CHEMBL3616415,no issue,0.5,1.0,0.0,0.5
CHEMBL3616417,rounded data citation,0.0,0.0,0.5,1.0
CHEMBL3616418,no issue,0.0,0.0,0.0,0.0
CHEMBL3616422,highly correlated assays,121.5,77.5,0.0,0.0
CHEMBL3616427,highly correlated assays,6.0,0.5,0.0,0.0
CHEMBL3616441,multiply activity for same test item,0.0,0.0,0.0,0.0
CHEMBL3616445,test Item with unknown chirality,0.0,0.0,0.0,0.0
CHEMBL3616453,review,0.0,0.0,0.0,0.0
CHEMBL3616456,rounded data citation,28.0,0.0,0.0,0.0
CHEMBL3616458,no issue,5.0,7.0,0.0,0.0
CHEMBL3616460,highly correlated assays,0.0,20.0,0.0,0.0
CHEMBL3616461,exact data citation,18.5,0.0,0.0,0.0
CHEMBL3616465,review,0.0,0.0,3.0,0.0
CHEMBL3616475,highly correlated assays,0.0,0.0,204.0,53.0
CHEMBL3621038,no issue,0.0,0.0,0.0,1.0
CHEMBL3621040,exact data citation,102.5,1.0,0.0,0.0
CHEMBL3621041,high citation rate,342.0,86.0,0.0,0.0
CHEMBL3621043,review,1.0,0.0,0.0,0.0
CHEMBL3621046,no issue,2.0,0.0,0.0,0.0
CHEMBL3621051,no issue,55.0,16.5,0.0,0.0
CHEMBL3621057,no issue,0.0,0.0,42.0,14.5
CHEMBL3621059,highly correlated assays,14.5,0.0,0.0,0.0
CHEMBL3621061,highly correlated assays,0.0,0.0,221.5,8.5
CHEMBL3621069,no issue,4.0,0.0,0.0,0.0
CHEMBL3621074,no issue,0.0,0.0,0.0,0.0
CHEMBL3621081,no issue,0.0,0.5,0.0,2.0
CHEMBL3621088,exact data citation,0.0,0.0,40.0,548.5
CHEMBL3621091,highly correlated assays,1.5,13.5,0.0,0.0
CHEMBL3621095,highly correlated assays,23.0,0.0,0.0,0.0
CHEMBL3621098,no issue,0.0,0.0,0.0,0.0
CHEMBL3621099,no issue,0.0,6.5,0.0,0.0
CHEMBL3621100,highly correlated assays,429.0,29.0,0.0,0.0
CHEMBL3621101,highly correlated assays,16.0,13.0,0.0,0.0
CHEMBL3621102,no issue,36.0,3.0,0.0,0.0
CHEMBL3621108,no issue,0.0,0.0,0.0,0.0
CHEMBL3621110,highly correlated assays,47.0,17.5,0.0,0.0
CHEMBL3621113,review,39.0,7.5,0.0,0.0
CHEMBL3621116,highly correlated assays,45.0,1.5,0.0,0.0
CHEMBL3621125,highly correlated assays,0.0,0.0,40.0,549.5
CHEMBL3621126,no issue,0.0,0.0,0.0,0.0
CHEMBL3621128,highly correlated assays,0.0,0.0,15.0,11.5
CHEMBL3621129,no issue,271.0,16.5,0.0,0.0
CHEMBL3621132,no issue,0.5,3.0,0.0,1.0
CHEMBL3621135,no issue,0.0,0.0,0.0,0.0
CHEMBL3621140,multiply activity for same test item,0.0,0.5,0.0,0.0
CHEMBL3621141,rounded data citation,3.5,0.0,0.0,0.0
CHEMBL3621142,no issue,96.5,6.5,0.0,0.0
CHEMBL3621143,test Item with unknown chirality,25.0,10.5,2.5,5.5
CHEMBL3621151,shuffled assays,42.0,110.0,0.0,0.0
CHEMBL3621153,exact data citation,0.0,0.5,0.0,0.0
CHEMBL3621154,multifunctional enzyme,7.0,1.0,0.0,0.0
CHEMBL3621160,no issue,0.0,1.5,0.0,0.0
CHEMBL3621164,highly correlated assays,2.0,0.0,0.0,0.0
CHEMBL3621167,exact data citation,0.0,0.0,17.0,0.0
CHEMBL3621176,no issue,1.5,0.0,0.0,0.0
CHEMBL3621179,no issue,0.5,3.0,0.0,0.0
CHEMBL3621185,multifunctional enzyme,0.0,0.0,0.5,0.0
CHEMBL3621203,no issue,0.0,0.0,0.0,0.0
CHEMBL3627595,no issue,0.0,0.0,0.0,0.0
CHEMBL3627598,rounded data citation,32.5,0.5,0.0,0.0
CHEMBL3627607,exact data citation,0.0,0.5,0.0,0.0
CHEMBL3627608,no issue,4.0,32.0,0.0,0.0
CHEMBL3627610,exact data citation,0.0,0.0,35.5,10.0
CHEMBL3627611,no issue,0.0,0.0,0.0,67.5
CHEMBL3627612,no issue,0.0,0.0,0.0,0.0
CHEMBL3627613,exact data citation,0.0,2.5,0.0,0.0
CHEMBL3627614,exact data citation,0.0,0.0,9.5,5.5
CHEMBL3627616,test Item with unknown chirality,83.0,1.5,0.0,0.0
CHEMBL3627617,highly correlated assays,141.5,5.5,0.0,0.0
CHEMBL3627623,test Item with unknown chirality,57.5,1.5,0.0,0.0
CHEMBL3627624,highly correlated assays,0.0,0.0,34.0,491.5
CHEMBL3627626,no issue,0.0,58.5,0.0,1.0
CHEMBL3627628,no issue,68.5,1.5,0.0,0.0
CHEMBL3627633,rounded data citation,2.5,1.0,0.0,0.0
CHEMBL3627636,no issue,0.0,0.0,0.0,1.5
CHEMBL3627640,no issue,8.0,0.0,0.0,0.0
CHEMBL3627641,rounded data citation,8.5,0.0,0.0,0.0
CHEMBL3627642,no issue,8.0,1.5,0.0,0.0
CHEMBL3627649,no issue,3.0,0.0,0.0,0.0
CHEMBL3627651,no issue,5.5,4.0,0.0,0.0
CHEMBL3627656,highly correlated assays,63.0,0.0,0.0,0.0
CHEMBL3627657,test Item with unknown chirality,105.0,2.0,0.0,0.0
CHEMBL3627661,highly correlated assays,36.5,5.0,0.0,0.0
CHEMBL3627663,multifunctional enzyme,4.5,2.5,0.0,0.0
CHEMBL3627664,highly correlated assays,0.0,11.5,0.0,0.0
CHEMBL3627665,review,18.0,0.0,0.0,0.0
CHEMBL3627676,highly correlated assays,0.0,0.0,0.0,2.0
CHEMBL3627677,multifunctional enzyme,69.5,2.5,0.0,0.0
CHEMBL3627680,multifunctional enzyme,0.0,0.0,0.0,0.5
CHEMBL3627684,test Item with unknown chirality,0.0,0.0,0.0,0.0
CHEMBL3627689,exact data citation,0.5,0.5,0.0,0.0
CHEMBL3627691,highly correlated assays,0.0,0.0,0.0,19.0
CHEMBL3627692,exact data citation,0.0,0.0,0.0,3.0
CHEMBL3627698,no issue,0.0,2.0,0.0,0.0
CHEMBL3627699,no issue,0.0,0.0,7.5,9.0
CHEMBL3627700,no issue,0.0,15.5,0.0,0.0
CHEMBL3627705,no issue,0.0,0.0,28.0,0.0
CHEMBL3627711,test Item with unknown chirality,0.0,0.0,0.0,2.5
CHEMBL3627714,no issue,0.0,0.0,0.0,1.5
CHEMBL3627716,highly correlated assays,0.0,0.0,7.0,4.0
CHEMBL3627718,highly correlated assays,0.0,0.0,0.0,7.0
CHEMBL3632459,exact data citation,7.0,0.5,0.0,0.0
CHEMBL3632460,no issue,12.0,32.0,0.0,0.0
CHEMBL3632461,no issue,0.0,0.0,0.0,0.0
CHEMBL3632463,no issue,3.0,0.0,0.0,0.0
CHEMBL3632465,high citation rate,0.5,12.0,0.0,0.0
CHEMBL3632475,no issue,0.0,0.0,0.0,0.0
CHEMBL3632479,multifunctional enzyme,3.0,0.0,0.0,0.0
CHEMBL3632481,highly correlated assays,23.5,3.0,4.0,0.5
CHEMBL3632483,highly correlated assays,0.0,0.0,32.0,0.0
CHEMBL3632485,exact data citation,0.0,0.0,40.0,548.5
CHEMBL3632486,exact data citation,0.0,0.0,10.5,168.5
CHEMBL3632487,no issue,2.5,3.5,0.0,1.0
CHEMBL3632489,no issue,30.5,2.5,4.5,0.5
CHEMBL3632495,highly correlated assays,0.0,0.0,40.5,580.5
CHEMBL3632504,no issue,0.0,0.0,0.0,0.0
CHEMBL3632507,no issue,30.0,7.0,0.0,0.0
CHEMBL3632511,no issue,1.0,0.0,0.0,0.0
CHEMBL3632513,test Item with unknown chirality,107.0,0.0,0.0,0.0
CHEMBL3632523,no issue,0.0,0.5,0.0,0.0
CHEMBL3632526,no issue,23.5,3.0,0.0,0.0
CHEMBL3632527,no issue,0.0,0.0,64.0,16.0
CHEMBL3632528,no issue,0.5,0.5,0.0,0.0
CHEMBL3632530,test Item with unknown chirality,1.0,0.0,0.0,0.0
CHEMBL3632535,no issue,12.0,4.0,0.0,0.0
CHEMBL3632540,rounded data citation,20.5,1.5,0.0,0.0
CHEMBL3632542,no issue,107.0,0.0,0.0,0.0
CHEMBL3632546,no issue,16.0,0.0,0.0,0.0
CHEMBL3632547,no issue,0.0,0.0,0.0,1.0
CHEMBL3632549,no issue,57.0,0.0,0.0,0.0
CHEMBL3632551,no issue,5.0,0.0,0.0,0.0
CHEMBL3632552,test Item with unknown chirality,2.0,0.0,0.0,0.0
CHEMBL3632557,no issue,69.5,0.0,0.0,0.0
CHEMBL3632560,no issue,16.0,32.0,0.0,0.0
CHEMBL3632561,no issue,1.5,0.0,0.0,0.0
CHEMBL3632565,review,0.0,1.0,0.0,0.0
CHEMBL3632567,multiply activity for same test item,0.0,0.0,0.0,0.0
CHEMBL3632570,no issue,8.5,0.0,0.0,0.0
CHEMBL3632576,no issue,49.5,12.0,0.0,0.0
CHEMBL3632578,no issue,1.0,0.0,0.0,0.0
CHEMBL3632579,no issue,24.0,1.0,0.0,0.0
CHEMBL3632584,exact data citation,0.0,0.0,0.0,6.0
CHEMBL3632585,no issue,2.0,0.0,0.0,0.0
CHEMBL3632595,shuffled assays,10.0,2.5,0.0,0.0
CHEMBL3632596,rounded data citation,0.0,0.0,6.5,16.0
CHEMBL3632597,highly correlated assays,4.5,17.0,0.0,0.0
CHEMBL3632605,exact data citation,0.0,0.0,1.5,0.0
CHEMBL3632621,highly correlated assays,0.0,0.0,35.0,33.0
CHEMBL3734651,no issue,26.5,4.0,0.0,0.0
CHEMBL3734653,exact data citation,0.0,0.0,20.0,51.5
CHEMBL3734657,no issue,0.0,0.0,0.0,1.0
CHEMBL3734662,exact data citation,0.0,0.5,0.0,0.0
CHEMBL3734664,no issue,58.5,1.0,0.0,3.0
CHEMBL3734665,no issue,212.5,0.5,0.0,0.0
CHEMBL3734669,no issue,0.0,0.0,0.0,0.0
CHEMBL3734672,no issue,95.5,8.0,0.0,0.0
CHEMBL3734674,rounded data citation,29.5,5.0,0.0,0.0
CHEMBL3734689,no issue,4.0,0.0,0.0,0.0
CHEMBL3734690,no issue,3.0,0.0,0.0,0.0
CHEMBL3734692,no issue,0.0,0.0,0.0,0.0
CHEMBL3734697,no issue,1.0,0.0,0.0,0.0
CHEMBL3734698,no issue,0.0,0.0,0.5,104.0
CHEMBL3734710,no issue,452.0,156.5,0.0,0.0
CHEMBL3734721,test Item with unknown chirality,2.0,0.0,0.0,0.0
CHEMBL3734725,no issue,0.0,0.0,10.5,6.5
CHEMBL3734728,exact data citation,0.0,0.0,1.0,0.5
CHEMBL3734729,no issue,0.0,1.0,0.0,0.0
CHEMBL3734733,multiply activity for same test item,0.0,0.0,0.0,0.0
CHEMBL3734737,no issue,264.0,6.0,0.0,0.0
CHEMBL3734740,no issue,6.5,4.0,0.0,0.0
CHEMBL3734743,no issue,0.0,0.0,0.0,0.0
CHEMBL3734746,multifunctional enzyme,3.0,9.0,0.0,0.0
CHEMBL3734751,no issue,2.0,3.5,0.0,0.0
CHEMBL3734753,highly correlated assays,0.0,0.0,0.0,27.5
CHEMBL3734754,test Item with unknown chirality,0.0,0.0,0.0,0.0
CHEMBL3734755,no issue,152.0,20.0,0.0,0.0
CHEMBL3734757,no issue,43.0,2.0,0.0,0.0
CHEMBL3734759,rounded data citation,115.5,6.5,0.0,0.0
CHEMBL3734760,no issue,1.0,0.5,0.0,0.0
CHEMBL3739255,no issue,0.0,0.0,0.0,0.0
CHEMBL3739256,shuffled assays,232.0,0.0,0.0,0.0
CHEMBL3739262,no issue,4.0,0.0,0.0,0.0
CHEMBL3739274,no issue,0.5,0.0,0.0,0.0
CHEMBL3739276,no issue,0.0,0.0,0.0,0.0
CHEMBL3739285,highly correlated assays,0.0,0.0,17.5,248.0
CHEMBL3739287,no issue,0.0,0.0,0.0,0.0
CHEMBL3739297,highly correlated assays,337.5,3.0,0.0,0.0
CHEMBL3739302,no issue,48.0,10.0,0.0,0.0
CHEMBL3739307,multifunctional enzyme,0.0,0.0,0.0,0.0
CHEMBL3739311,no issue,10.0,1.0,0.0,0.0
CHEMBL3739328,test Item with unknown chirality,0.0,1.5,0.0,0.0
CHEMBL3739338,exact data citation,0.0,0.0,34.0,489.5
CHEMBL3739340,no issue,124.5,1.0,0.0,0.0
CHEMBL3739350,no issue,1852.0,32.0,0.0,0.0
CHEMBL3739355,no issue,0.0,0.0,0.0,0.5
CHEMBL3739356,no issue,138.0,1.5,0.0,0.0
CHEMBL3739358,no issue,0.0,0.0,3.0,4.0
CHEMBL3739367,no issue,0.0,0.0,7.0,0.0
CHEMBL3739377,no issue,42.0,154.0,0.0,0.0
CHEMBL3739382,no issue,0.5,0.0,0.0,0.0
CHEMBL3739387,exact data citation,0.0,0.0,1.0,0.5
CHEMBL3739394,no issue,34.5,1.5,0.0,0.0
CHEMBL3739403,highly correlated assays,4.0,11.0,0.0,0.0
CHEMBL3739413,no issue,0.0,76.0,0.5,0.5
CHEMBL3739420,no issue,0.0,1.0,0.0,0.0
CHEMBL3745593,highly correlated assays,1.5,0.0,0.0,0.0
CHEMBL3745594,exact data citation,0.5,0.0,0.5,0.0
CHEMBL3745596,no issue,0.0,0.0,0.5,9.5
CHEMBL3745597,multiply activity for same test item,0.0,0.0,0.0,0.0
CHEMBL3745603,no issue,8.0,8.0,6.0,90.0
CHEMBL3745604,no issue,52.0,12.0,0.0,0.0
CHEMBL3745607,no issue,7.0,8.0,0.0,0.0
CHEMBL3745610,rounded data citation,16.0,4.0,0.0,0.0
CHEMBL3745611,no issue,14.5,8.0,0.0,0.0
CHEMBL3745613,exact data citation,1.5,0.0,0.0,0.0
CHEMBL3745616,no issue,0.5,0.0,0.0,0.0
CHEMBL3745622,no issue,29.5,3.5,0.0,0.0
CHEMBL3745627,no issue,0.0,0.0,0.0,4.5
CHEMBL3745631,multiply activity for same test item,0.5,0.5,0.0,0.0
CHEMBL3745634,highly correlated assays,112.5,13.5,0.0,0.0
CHEMBL3745640,review,349.5,0.0,1.5,0.0
CHEMBL3745645,multifunctional enzyme,15.5,0.0,0.0,0.0
CHEMBL3745646,multifunctional enzyme,0.0,0.0,1.5,0.0
CHEMBL3745647,high citation rate,99.5,10.0,0.0,0.0
CHEMBL3745656,no issue,0.0,0.0,0.0,0.0
CHEMBL3745660,multifunctional enzyme,3.5,9.0,0.0,0.0
CHEMBL3745671,highly correlated assays,7.0,2.5,0.0,0.0
CHEMBL3745672,no issue,24.0,0.0,0.0,0.0
CHEMBL3745678,highly correlated assays,261.0,22.5,0.0,0.0
CHEMBL3745681,high citation rate,0.0,0.0,293.5,15.0
CHEMBL3745682,review,17.0,0.0,0.0,0.0
CHEMBL3745686,no issue,7.5,0.0,0.0,0.0
CHEMBL3745688,no issue,73.0,1.5,0.0,0.0
CHEMBL3745690,no issue,0.0,0.0,0.0,0.0
CHEMBL3745693,no issue,97.0,0.0,0.0,0.0
CHEMBL3745697,no issue,0.0,0.0,0.0,0.0
CHEMBL3745699,no issue,1.5,0.0,0.0,0.0
CHEMBL3745702,no issue,0.0,0.0,0.0,0.0
CHEMBL3745703,no issue,0.0,0.0,0.0,0.0
CHEMBL3745704,no issue,7.0,2.5,0.0,0.0
CHEMBL3745705,no issue,0.0,32.0,0.0,0.0
CHEMBL3745707,no issue,0.0,0.0,0.0,0.0
CHEMBL3745708,no issue,0.0,0.0,1.0,0.0
CHEMBL3745711,no issue,0.5,0.0,0.0,0.0
CHEMBL3745715,exact data citation,0.0,0.0,26.5,1647.0
CHEMBL3745716,no issue,304.5,0.0,0.0,0.0
CHEMBL3751661,no issue,0.0,0.0,4.5,0.0
CHEMBL3751663,multifunctional enzyme,16.0,0.0,0.0,0.0
CHEMBL3751667,no issue,0.0,0.0,1.5,1.0
CHEMBL3751668,no issue,312.0,12.0,0.0,0.0
CHEMBL3751669,exact data citation,0.0,4.5,0.0,11.5
CHEMBL3751670,test Item with unknown chirality,0.0,1.0,0.0,1.0
CHEMBL3751677,exact data citation,20.0,3.0,0.0,0.0
CHEMBL3751680,rounded data citation,0.0,0.0,2.0,1.0
CHEMBL3751684,multifunctional enzyme,4.0,8.5,0.0,0.0
CHEMBL3751694,no issue,397.5,44.0,0.0,0.0
CHEMBL3751698,highly correlated assays,0.0,0.0,5.5,12.5
CHEMBL3751699,no issue,18.0,2.0,0.0,0.0
CHEMBL3751702,no issue,0.0,0.5,0.0,0.0
CHEMBL3751717,no issue,8.0,42.0,0.0,0.0
CHEMBL3751727,rounded data citation,33.0,0.0,0.0,0.0
CHEMBL3751729,no issue,0.0,0.0,5.5,0.0
CHEMBL3751731,highly correlated assays,50.0,1.0,0.0,0.0
CHEMBL3751732,no issue,0.0,0.0,236.5,20.0
CHEMBL3751740,no issue,0.0,0.0,0.0,0.0
CHEMBL3751748,no issue,9.5,1.5,0.0,0.0
CHEMBL3751755,highly correlated assays,13.5,0.0,22.5,0.0
CHEMBL3751756,multifunctional enzyme,10.5,0.0,0.0,0.0
CHEMBL3751759,no issue,0.0,0.0,0.0,0.0
CHEMBL3751762,rounded data citation,3.5,1.5,0.0,0.0
CHEMBL3751765,highly correlated assays,73.5,0.0,0.0,0.0
CHEMBL3751776,no issue,34.0,6.0,0.0,0.0
CHEMBL3751777,exact data citation,5.5,0.0,0.0,0.0
CHEMBL3751785,multiply activity for same test item,0.0,0.0,0.0,0.0
CHEMBL3751787,no issue,14.5,2.0,0.0,0.0
CHEMBL3751792,no issue,0.0,0.0,13.5,2.0
CHEMBL3751795,no issue,0.0,0.0,0.0,2.0
CHEMBL3751800,test Item with unknown chirality,0.0,1.0,0.0,1.0
CHEMBL3751801,no issue,0.0,0.0,3.0,0.0
CHEMBL3751802,rounded data citation,33.0,0.0,0.0,0.0
CHEMBL3751803,no issue,16.0,58.5,0.0,0.0
CHEMBL3751805,highly correlated assays,83.0,36.5,0.0,0.0
CHEMBL3751806,exact data citation,0.0,3.0,0.0,0.0
CHEMBL3751815,exact data citation,0.0,0.0,40.0,548.5
CHEMBL3751818,no issue,33.0,0.0,0.0,0.0
CHEMBL3751824,no issue,14.5,19.0,0.0,0.0
CHEMBL3751826,exact data citation,0.0,0.0,42.5,603.0
CHEMBL3751828,exact data citation,0.0,4.5,0.0,0.0
CHEMBL3751829,no issue,9.0,2.5,0.0,0.0
CHEMBL3751830,no issue,1.0,0.0,0.0,0.0
CHEMBL3751831,no issue,0.0,0.0,0.0,0.0
CHEMBL3751833,shuffled assays,24.0,55.0,0.0,0.0
CHEMBL3751845,no issue,81.0,0.0,0.0,0.0
CHEMBL3751846,no issue,4.0,0.0,0.0,0.0
CHEMBL3751848,no issue,0.0,0.0,13.0,0.0
CHEMBL3751850,no issue,5.5,0.0,0.0,0.0
CHEMBL3758074,no issue,15.0,1.0,0.0,0.0
CHEMBL3758078,no issue,0.0,0.0,0.5,0.0
CHEMBL3758083,no issue,37.0,2.0,0.0,0.0
CHEMBL3758084,exact data citation,0.0,0.0,44.0,10.0
CHEMBL3758087,review,0.0,0.0,5.5,0.0
CHEMBL3758091,highly correlated assays,330.0,30.5,0.0,0.0
CHEMBL3758092,test Item with unknown chirality,0.0,2.0,0.0,0.0
CHEMBL3758093,highly correlated assays,0.0,0.0,26.5,1648.0
CHEMBL3758094,highly correlated assays,0.0,0.0,16.0,243.0
CHEMBL3758095,no issue,0.0,0.0,19.0,4.5
CHEMBL3758097,exact data citation,0.0,2.0,0.0,0.0
CHEMBL3758099,highly correlated assays,0.0,0.0,35.5,18.0
CHEMBL3758105,no issue,32.0,0.0,0.0,0.5
CHEMBL3758110,highly correlated assays,0.0,0.0,41.0,595.0
CHEMBL3758114,no issue,24.0,1.5,0.0,0.0
CHEMBL3758120,no issue,0.0,0.0,0.0,0.0
CHEMBL3758121,exact data citation,0.0,0.0,22.0,374.5
CHEMBL3758122,highly correlated assays,0.0,0.0,21.5,1.0
CHEMBL3758126,highly correlated assays,0.0,0.0,40.0,550.5
CHEMBL3758127,no issue,0.0,0.0,13.5,1.0
CHEMBL3758129,no issue,82.0,54.5,0.0,0.0
CHEMBL3758132,highly correlated assays,228.0,2.5,0.0,0.0
CHEMBL3758134,no issue,1.5,0.0,0.0,0.0
CHEMBL3758135,multifunctional enzyme,0.5,0.0,0.0,0.0
CHEMBL3758136,exact data citation,12.0,8.0,0.0,0.0
CHEMBL3758137,no issue,9.0,4.5,0.0,0.0
CHEMBL3758139,highly correlated assays,213.0,10.5,0.0,0.0
CHEMBL3758140,no issue,0.0,0.0,0.0,0.0
CHEMBL3758147,rounded data citation,62.0,0.0,0.0,0.0
CHEMBL3758149,no issue,5.5,0.0,0.5,0.0
CHEMBL3758160,highly correlated assays,422.0,0.5,0.0,0.0
CHEMBL3758162,highly correlated assays,206.5,5.5,0.0,0.0
CHEMBL3758166,no issue,0.0,1.5,0.0,0.0
CHEMBL3758169,no issue,0.0,0.0,60.0,72.0
CHEMBL3758171,highly correlated assays,0.0,0.0,28.0,418.0
CHEMBL3758174,multifunctional enzyme,340.0,28.0,0.0,0.0
CHEMBL3763010,multifunctional enzyme,24.5,11.0,0.0,0.0
CHEMBL3763012,highly correlated assays,73.5,0.0,22.5,0.0
CHEMBL3763016,no issue,1.0,1.5,0.0,0.0
CHEMBL3763019,no issue,34.5,14.0,0.0,0.0
CHEMBL3763023,exact data citation,0.0,0.0,40.5,567.0
CHEMBL3763024,exact data citation,0.0,0.0,40.0,548.5
CHEMBL3763027,exact data citation,0.0,1.0,0.0,0.0
CHEMBL3763032,no issue,0.0,0.0,0.0,0.0
CHEMBL3763037,no issue,48.0,1.5,1.0,0.0
CHEMBL3763038,highly correlated assays,116.0,9.0,0.0,0.0
CHEMBL3763041,no issue,280.0,0.0,0.0,0.0
CHEMBL3763045,highly correlated assays,82.0,0.0,0.0,0.0
CHEMBL3763046,exact data citation,16.0,17.5,0.0,0.0
CHEMBL3763047,no issue,9.0,2.0,0.0,0.0
CHEMBL3763050,multiply activity for same test item,0.0,2.0,0.0,0.0
CHEMBL3763052,multiply activity for same test item,0.0,0.0,5.5,2.5
CHEMBL3763056,no issue,0.5,0.0,0.0,0.0
CHEMBL3763057,no issue,1.5,0.0,0.0,0.0
CHEMBL3763060,no issue,0.0,0.5,0.0,0.0
CHEMBL3763063,no issue,764.0,48.0,0.0,0.0
CHEMBL3763065,exact data citation,2.5,0.0,0.0,0.0
CHEMBL3763066,no issue,9.0,0.0,0.0,0.0
CHEMBL3763068,highly correlated assays,4.0,0.0,0.5,0.0
CHEMBL3763070,no issue,0.0,0.0,0.0,0.0
CHEMBL3763072,no issue,2.5,0.0,0.5,0.0
CHEMBL3763073,no issue,0.5,2.0,44.0,10.5
CHEMBL3763075,exact data citation,6.5,3.0,0.0,0.0
CHEMBL3763081,no issue,0.0,0.5,0.0,0.0
CHEMBL3763084,no issue,52.0,4.0,0.0,0.0
CHEMBL3763085,no issue,0.0,0.0,0.0,0.0
CHEMBL3763089,no issue,18.0,0.5,0.0,0.0
CHEMBL3763091,no issue,49.5,1.0,0.0,0.0
CHEMBL3763094,highly correlated assays,0.0,0.0,35.5,15.0
CHEMBL3763102,no issue,2.5,0.0,0.0,2.5
CHEMBL3763103,no issue,0.0,0.0,0.0,0.0
CHEMBL3763106,no issue,0.0,0.0,2.0,0.0
CHEMBL3763109,exact data citation,0.0,0.0,25.5,1061.0
CHEMBL3763110,exact data citation,0.0,9.5,0.0,0.0
CHEMBL3763112,exact data citation,6.5,14.0,0.0,0.0
CHEMBL3763113,no issue,0.0,1.0,0.0,0.0
CHEMBL3763126,no issue,0.0,0.0,18.5,5.0
CHEMBL3763130,highly correlated assays,365.0,89.0,2.0,0.0
CHEMBL3763132,no issue,0.0,0.0,0.0,0.0
CHEMBL3763133,highly correlated assays,0.0,0.0,40.0,550.5
CHEMBL3763139,highly correlated assays,339.5,29.0,0.0,0.0
CHEMBL3763143,multiply activity for same test item,0.0,0.0,2.5,3.5
CHEMBL3763144,no issue,54.0,0.0,0.0,0.0
CHEMBL3763146,highly correlated assays,0.0,3.5,0.0,0.0
CHEMBL3763148,no issue,13.0,0.0,0.0,0.0
CHEMBL3763153,review,0.0,0.0,0.5,0.0
CHEMBL3763155,exact data citation,0.0,1.0,2.5,1.0
CHEMBL3769304,no issue,7.0,20.5,0.0,0.0
CHEMBL3769306,highly correlated assays,10.0,0.0,40.5,0.0
CHEMBL3769308,no issue,0.0,4.0,0.0,0.0
CHEMBL3769309,highly correlated assays,261.5,26.0,0.0,0.0
CHEMBL3769310,test Item with unknown chirality,0.0,0.0,0.0,1.0
CHEMBL3769312,no issue,0.0,0.0,16.0,140.0
CHEMBL3769313,no issue,19.5,0.5,0.0,0.0
CHEMBL3769314,exact data citation,0.0,0.0,1.0,2.0
CHEMBL3769317,no issue,11.5,2.0,0.0,0.0
CHEMBL3769318,rounded data citation,0.0,0.0,0.0,0.5
CHEMBL3769320,no issue,0.0,1.5,0.0,0.0
CHEMBL3769321,no issue,24.5,0.5,0.0,0.0
CHEMBL3769327,test Item with unknown chirality,9.5,0.0,0.0,0.0
CHEMBL3769329,multifunctional enzyme,0.0,0.0,0.5,0.0
CHEMBL3769331,high citation rate,0.0,90.5,0.0,0.0
CHEMBL3769332,no issue,37.0,3.0,0.0,0.0
CHEMBL3769335,no issue,12.0,32.0,0.0,0.0
CHEMBL3769340,multifunctional enzyme,88.5,19.5,0.0,0.0
CHEMBL3769341,no issue,0.5,0.0,0.0,0.0
CHEMBL3769347,no issue,0.0,0.0,0.0,2.5
CHEMBL3769354,no issue,200.0,0.0,0.0,0.0
CHEMBL3769356,no issue,2.0,0.0,14.5,17.5
CHEMBL3769358,no issue,0.0,0.0,0.0,0.0
CHEMBL3769359,no issue,0.0,0.0,0.5,0.0
CHEMBL3769365,no issue,0.0,2.0,0.0,0.0
CHEMBL3769366,multifunctional enzyme,68.5,3.5,0.0,0.0
CHEMBL3769367,highly correlated assays,4.0,7.0,5.0,2.0
CHEMBL3769373,no issue,0.0,0.0,0.0,0.5
CHEMBL3769376,no issue,0.0,6.5,0.0,0.0
CHEMBL3769379,no issue,0.0,8.0,0.0,0.0
CHEMBL3769381,no issue,1.0,8.0,0.0,4.0
CHEMBL3769382,no issue,0.0,0.5,0.0,0.5
CHEMBL3769388,multiply activity for same test item,0.0,0.0,0.0,0.0
CHEMBL3769394,no issue,0.5,0.0,0.0,0.0
CHEMBL3769396,highly correlated assays,293.5,10.0,0.0,0.0
CHEMBL3769398,highly correlated assays,496.0,3.0,0.0,0.0
CHEMBL3769402,no issue,5.5,2.0,0.0,0.0
CHEMBL3769405,no issue,0.0,0.0,0.0,0.0
CHEMBL3774303,rounded data citation,14.5,19.0,0.0,0.0
CHEMBL3774304,no issue,838.5,33.0,0.0,0.0
CHEMBL3774305,no issue,6.5,7.5,0.0,0.0
CHEMBL3774308,review,107.5,0.0,0.0,0.0
CHEMBL3774312,no issue,23.0,0.0,0.0,0.0
CHEMBL3774317,highly correlated assays,34.0,0.0,0.0,0.0
CHEMBL3774320,exact data citation,0.0,61.0,0.0,0.0
CHEMBL3774321,no issue,139.5,0.0,0.0,0.0
CHEMBL3774325,no issue,0.5,1.5,0.0,0.0
CHEMBL3774328,exact data citation,0.0,0.0,0.0,0.5
CHEMBL3774333,no issue,10.0,3.0,0.0,0.0
CHEMBL3774335,highly correlated assays,0.0,0.0,27.0,0.0
CHEMBL3774336,no issue,0.5,0.0,1.5,0.0
CHEMBL3774339,no issue,0.0,0.0,0.0,0.0
CHEMBL3774343,no issue,0.5,0.0,0.0,0.0
CHEMBL3774347,no issue,12.5,14.0,0.0,0.0
CHEMBL3774350,highly correlated assays,320.5,3.0,0.0,0.0
CHEMBL3774354,no issue,449.0,39.5,0.0,0.0
CHEMBL3774356,rounded data citation,0.0,0.0,0.0,1.0
CHEMBL3774357,no issue,0.0,0.0,0.0,0.0
CHEMBL3774360,no issue,15.0,2.0,0.0,0.0
CHEMBL3774363,no issue,0.0,2.5,0.0,0.0
CHEMBL3774366,exact data citation,20.0,13.5,0.0,0.0
CHEMBL3774367,highly correlated assays,0.0,1.5,0.0,0.0
CHEMBL3774368,multiply activity for same test item,0.0,3.5,4.0,6.0
CHEMBL3774369,no issue,0.0,16.0,0.0,0.0
CHEMBL3774370,highly correlated assays,0.0,11.0,0.0,0.0
CHEMBL3774372,high citation rate,158.5,16.5,0.0,0.0
CHEMBL3774378,test Item with unknown chirality,0.0,0.0,0.0,0.0
CHEMBL3774379,no issue,11.0,2.0,0.0,0.0
CHEMBL3774383,highly correlated assays,580.5,26.0,0.0,0.0
CHEMBL3774386,highly correlated assays,0.0,0.0,50.5,8.0
CHEMBL3779765,no issue,5.5,0.5,0.0,0.0
CHEMBL3779767,no issue,56.5,0.0,0.0,0.0
CHEMBL3779768,no issue,4.0,0.5,0.0,0.0
CHEMBL3779772,rounded data citation,4.0,1.5,0.0,0.0
CHEMBL3779775,exact data citation,25.0,3.5,0.0,0.0
CHEMBL3779778,no issue,695.5,46.0,0.0,0.0
CHEMBL3779780,no issue,0.0,0.0,1.5,0.0
CHEMBL3779782,rounded data citation,3.0,1.0,0.0,0.0
CHEMBL3779795,rounded data citation,33.0,0.0,0.0,0.0
CHEMBL3779800,multifunctional enzyme,0.0,0.0,1.0,3.0
CHEMBL3779801,highly correlated assays,5.0,0.0,0.0,0.0
CHEMBL3779805,highly correlated assays,0.0,0.0,0.5,5.0
CHEMBL3779810,no issue,0.5,0.0,0.0,0.0
CHEMBL3779812,no issue,3.0,0.0,0.0,0.0
CHEMBL3779820,multiply activity for same test item,0.0,2.0,0.0,0.0
CHEMBL3779826,exact data citation,0.0,0.0,2.5,5.0
CHEMBL3779837,review,5.5,0.0,0.0,0.0
CHEMBL3779839,exact data citation,0.0,0.0,49.5,7.0
CHEMBL3779841,exact data citation,0.0,0.0,26.5,1648.0
CHEMBL3779843,no issue,0.5,1.0,0.0,0.0
CHEMBL3779847,no issue,9.5,1.5,0.0,0.0
CHEMBL3779856,rounded data citation,14.5,19.0,0.0,0.0
CHEMBL3779861,no issue,0.0,0.5,0.0,0.0
CHEMBL3779864,highly correlated assays,0.0,3.0,0.0,15.0
CHEMBL3779865,highly correlated assays,604.0,194.5,0.0,0.0
CHEMBL3779867,no issue,0.0,0.0,0.0,0.0
CHEMBL3779868,no issue,0.0,0.0,55.5,3.0
CHEMBL3779871,no issue,28.0,23.5,0.0,0.0
CHEMBL3779874,no issue,0.0,0.0,4.0,56.0
CHEMBL3779880,no issue,0.5,0.0,0.0,0.0
CHEMBL3779892,exact data citation,44.0,8.5,0.0,0.0
CHEMBL3779896,no issue,6.5,0.0,0.0,0.0
CHEMBL3784915,no issue,9.0,5.0,0.0,0.0
CHEMBL3784917,review,7.5,11.5,1.0,0.0
CHEMBL3784918,highly correlated assays,396.0,80.0,0.0,0.0
CHEMBL3784921,no issue,0.5,0.0,4.5,3.0
CHEMBL3784924,no issue,1.5,22.0,0.0,0.0
CHEMBL3784928,test Item with unknown chirality,2.5,0.0,0.0,0.0
CHEMBL3784930,no issue,0.0,1.5,0.0,0.0
CHEMBL3784932,no issue,68.0,24.0,0.0,0.0
CHEMBL3784934,multiply activity for same test item,0.0,0.0,0.0,0.0
CHEMBL3784942,multifunctional enzyme,14.0,2.0,0.0,0.0
CHEMBL3784945,test Item with unknown chirality,0.0,0.0,0.0,0.0
CHEMBL3784951,no issue,0.0,0.0,0.0,0.0
CHEMBL3784954,no issue,0.0,0.5,0.0,0.0
CHEMBL3784955,rounded data citation,60.0,25.5,0.0,0.0
CHEMBL3784965,highly correlated assays,8.0,24.0,0.0,0.0
CHEMBL3784966,no issue,6.5,0.0,0.0,0.0
CHEMBL3784972,exact data citation,0.0,0.0,0.0,5.0
CHEMBL3784974,rounded data citation,1.0,0.0,0.0,0.0
CHEMBL3784976,no issue,0.0,0.0,0.0,0.0
CHEMBL3784977,highly correlated assays,87.5,32.5,29.5,322.5
CHEMBL3784985,exact data citation,0.0,2.5,0.0,0.0
CHEMBL3784991,exact data citation,80.0,56.5,0.0,0.0
CHEMBL3784997,highly correlated assays,0.0,0.0,96.5,41.5
CHEMBL3785006,no issue,0.0,0.0,0.5,1.0
CHEMBL3785011,no issue,4.5,0.0,0.0,0.0
CHEMBL3785019,rounded data citation,8.5,2.0,0.0,0.0
CHEMBL3785021,exact data citation,0.0,0.0,23.0,322.5
CHEMBL3785023,no issue,36.0,0.0,0.0,0.0
CHEMBL3785028,no issue,0.0,98.0,0.0,0.0
CHEMBL3785030,exact data citation,0.0,0.0,2.0,668.0
CHEMBL3785033,review,126.5,11.0,0.0,0.0
CHEMBL3785047,highly correlated assays,232.5,1.0,0.0,0.0
CHEMBL3785049,multiply activity for same test item,0.0,0.0,0.0,0.0
CHEMBL3785051,review,97.5,6.0,0.0,0.0
CHEMBL3785058,no issue,0.0,32.0,0.0,0.0
CHEMBL3785062,test Item with unknown chirality,2.5,0.0,0.0,0.0
CHEMBL3785066,high citation rate,74.0,36.0,0.0,0.0
CHEMBL3785067,multifunctional enzyme,112.5,34.0,0.0,0.0
CHEMBL3785070,no issue,0.0,0.0,1.5,0.0
CHEMBL3785077,no issue,12.5,2.0,0.0,0.0
CHEMBL3785079,no issue,0.0,1.0,0.0,0.0
CHEMBL3785081,shuffled assays,139.0,20.5,0.0,0.0
CHEMBL3785083,no issue,0.0,0.5,0.0,0.0
CHEMBL3785084,multifunctional enzyme,15.0,0.5,0.0,0.0
CHEMBL3785087,no issue,0.0,0.0,0.0,0.0
CHEMBL3785088,exact data citation,25.0,3.5,0.0,0.0
CHEMBL3792272,exact data citation,1.5,5.5,0.0,0.0
CHEMBL3792275,no issue,4.5,0.0,0.0,0.0
CHEMBL3792277,exact data citation,0.0,1.0,0.0,0.0
CHEMBL3792279,no issue,38.5,5.0,0.0,0.0
CHEMBL3792281,review,0.0,0.0,2.5,0.0
CHEMBL3792283,highly correlated assays,386.0,36.0,0.0,0.0
CHEMBL3792285,no issue,18.0,0.0,0.0,0.0
CHEMBL3792291,exact data citation,26.5,7.5,0.0,0.0
CHEMBL3792292,no issue,0.0,0.0,0.0,0.0
CHEMBL3792305,review,0.0,0.0,3.0,0.0
CHEMBL3792310,no issue,0.0,0.0,0.0,0.0
CHEMBL3792315,no issue,0.0,11.0,0.0,0.0
CHEMBL3792316,no issue,23.0,0.0,0.0,0.0
CHEMBL3792318,rounded data citation,0.0,0.0,0.0,1.5
CHEMBL3792327,no issue,0.0,0.0,0.0,0.0
CHEMBL3792338,highly correlated assays,10.5,1.5,0.0,0.0
CHEMBL3792345,no issue,0.0,0.0,0.0,0.0
CHEMBL3792353,no issue,0.0,28.5,0.0,0.0
CHEMBL3792358,highly correlated assays,136.0,1.0,0.0,0.0
CHEMBL3792361,no issue,1.5,7.0,0.0,0.0
CHEMBL3792364,highly correlated assays,0.0,60.0,0.0,0.0
CHEMBL3792371,no issue,0.0,0.0,0.0,15.5
CHEMBL3792380,rounded data citation,10.5,1.0,0.0,0.0
CHEMBL3792381,no issue,0.0,2.0,0.0,0.0
CHEMBL3792384,test Item with unknown chirality,54.5,2.0,0.0,0.0
CHEMBL3792387,review,0.5,0.0,0.0,0.0
CHEMBL3797022,no issue,5.5,1.5,0.0,0.0
CHEMBL3797023,no issue,0.0,16.5,1.5,3.5
CHEMBL3797024,exact data citation,1.0,0.0,0.0,0.0
CHEMBL3797029,highly correlated assays,558.0,6.0,0.0,0.0
CHEMBL3797033,review,0.5,144.0,238.0,144.0
CHEMBL3797034,rounded data citation,126.5,0.0,0.0,0.0
CHEMBL3797035,highly correlated assays,0.0,0.0,58.0,152.0
CHEMBL3797038,no issue,0.0,0.0,0.0,1.5
CHEMBL3797039,no issue,0.0,0.0,12.5,3.0
CHEMBL3797052,no issue,34.0,0.0,0.0,0.0
CHEMBL3797054,no issue,0.0,41.0,0.0,0.0
CHEMBL3797059,no issue,66.0,177.5,0.0,0.0
CHEMBL3797060,no issue,0.0,0.0,2.0,0.0
CHEMBL3797061,no issue,90.0,0.0,0.0,0.0
CHEMBL3797063,no issue,0.0,0.0,0.0,1.0
CHEMBL3797064,multifunctional enzyme,24.5,10.5,0.0,0.0
CHEMBL3797073,multiply activity for same test item,3.5,1.5,0.0,0.0
CHEMBL3797074,multifunctional enzyme,0.0,0.0,0.0,0.0
CHEMBL3797075,no issue,6.0,3.5,0.0,0.0
CHEMBL3797077,no issue,304.0,80.0,0.0,0.0
CHEMBL3797078,multifunctional enzyme,0.0,0.0,0.0,0.0
CHEMBL3797080,no issue,0.0,0.0,0.0,0.0
CHEMBL3797083,no issue,0.0,0.0,0.0,0.0
CHEMBL3797085,highly correlated assays,222.0,39.5,0.0,0.0
CHEMBL3797095,test Item with unknown chirality,0.0,2.0,0.0,0.0
CHEMBL3797097,high citation rate,0.0,0.0,492.0,24.0
CHEMBL3797103,no issue,0.0,4.0,0.0,0.0
CHEMBL3797107,no issue,804.0,156.0,0.0,0.0
CHEMBL3797111,no issue,25.0,0.0,0.0,0.0
CHEMBL3797114,multifunctional enzyme,0.0,0.0,1.5,0.0
CHEMBL3797117,no issue,7.0,1.0,0.0,0.0
CHEMBL3797122,exact data citation,0.0,0.5,0.0,0.0
CHEMBL3797124,exact data citation,0.0,0.0,4.0,0.0
CHEMBL3797126,test Item with unknown chirality,0.0,0.0,0.0,0.0
CHEMBL3797127,no issue,331.0,0.0,0.0,0.0
CHEMBL3797131,no issue,0.0,0.0,0.0,0.0
CHEMBL3797132,highly correlated assays,0.5,48.0,0.0,0.0
CHEMBL3797135,no issue,0.0,4.0,0.0,0.0
CHEMBL3797137,no issue,0.0,0.0,0.0,0.0
CHEMBL3797141,highly correlated assays,307.5,32.5,0.0,0.0
CHEMBL3797144,no issue,2.5,0.0,0.0,0.5
CHEMBL3797145,no issue,0.5,2.0,0.0,0.0
CHEMBL3797153,exact data citation,0.0,0.5,0.0,0.0
CHEMBL3797162,no issue,6.5,0.5,60.0,0.0
CHEMBL3797175,no issue,6.0,6.0,0.0,0.0
CHEMBL3797181,no issue,2.0,0.0,0.0,0.0
CHEMBL3797185,highly correlated assays,0.0,4.5,0.0,10.0
CHEMBL3797187,no issue,28.5,2.5,0.0,0.0
CHEMBL3797189,no issue,0.0,0.0,0.0,0.0
CHEMBL3797191,review,0.0,0.0,1.0,0.0
CHEMBL3797192,no issue,6.0,0.0,0.0,0.0
CHEMBL3797194,exact data citation,0.0,0.0,20.0,50.0
CHEMBL3797199,multifunctional enzyme,18.5,0.0,0.0,0.0
CHEMBL3797202,no issue,0.0,0.0,0.0,0.0
CHEMBL3804753,no issue,13.0,0.0,0.0,0.0
CHEMBL3804755,high citation rate,780.0,32.0,0.0,0.0
CHEMBL3804756,highly correlated assays,0.0,0.0,231.0,166.0
CHEMBL3804766,no issue,0.0,0.0,0.0,0.0
CHEMBL3804767,no issue,0.0,0.0,0.0,2.5
CHEMBL3804768,no issue,0.0,1.0,0.0,0.0
CHEMBL3804777,test Item with unknown chirality,1.0,0.0,0.0,0.0
CHEMBL3804778,no issue,4.5,0.0,2.5,0.0
CHEMBL3804779,no issue,10.5,0.0,0.0,0.0
CHEMBL3804782,highly correlated assays,42.5,8.0,0.0,0.0
CHEMBL3804784,review,365.0,0.0,0.5,0.0
CHEMBL3804788,no issue,0.0,3.0,0.0,0.0
CHEMBL3804792,no issue,4.0,1.0,0.0,0.0
CHEMBL3804794,highly correlated assays,81.5,11.5,0.0,0.0
CHEMBL3804797,shuffled assays,8.0,0.0,0.0,0.0
CHEMBL3804800,multifunctional enzyme,70.0,32.5,0.0,0.0
CHEMBL3804802,highly correlated assays,0.0,0.0,42.0,548.5
CHEMBL3804803,no issue,0.0,0.0,0.0,0.0
CHEMBL3804805,no issue,0.0,0.0,0.0,0.0
CHEMBL3804808,test Item with unknown chirality,0.0,0.0,0.0,0.0
CHEMBL3804810,test Item with unknown chirality,0.0,0.0,0.5,0.0
CHEMBL3804811,no issue,67.5,0.0,0.0,0.0
CHEMBL3804820,exact data citation,10.0,0.5,0.0,0.0
CHEMBL3804822,no issue,16.0,0.0,0.0,0.0
CHEMBL3804824,exact data citation,0.0,0.5,0.0,0.0
CHEMBL3804825,no issue,4.0,9.0,0.0,0.0
CHEMBL3808286,exact data citation,20.5,0.0,0.0,0.0
CHEMBL3808287,review,70.0,2.0,0.0,0.0
CHEMBL3808291,no issue,0.0,0.5,1.5,0.0
CHEMBL3808295,no issue,12.5,0.0,0.0,0.0
CHEMBL3808298,no issue,5.0,21.0,0.0,0.0
CHEMBL3808304,no issue,0.0,1.0,0.0,0.0
CHEMBL3808306,no issue,0.0,0.0,0.0,0.0
CHEMBL3808308,rounded data citation,166.5,0.0,0.0,0.0
CHEMBL3808312,review,36.5,3.5,0.0,0.0
CHEMBL3808314,no issue,0.0,0.0,0.0,0.0
CHEMBL3808315,no issue,0.0,1.5,0.0,0.0
CHEMBL3808316,no issue,0.0,0.0,12.0,0.0
CHEMBL3808318,multifunctional enzyme,6.0,2.0,0.0,0.0
CHEMBL3808322,shuffled assays,432.5,44.0,0.0,0.0
CHEMBL3808324,no issue,0.0,0.0,0.0,0.0
CHEMBL3808326,no issue,33.0,0.0,0.0,0.0
CHEMBL3808327,exact data citation,36.5,0.0,0.0,0.0
CHEMBL3808331,highly correlated assays,0.0,7.5,0.0,0.0
CHEMBL3808336,exact data citation,0.0,0.0,40.0,548.5
CHEMBL3808337,highly correlated assays,24.0,40.0,0.0,0.5
CHEMBL3808338,no issue,2.0,6.5,0.0,0.0
CHEMBL3808343,no issue,8.0,0.0,0.0,0.0
CHEMBL3808344,no issue,9.0,0.0,0.0,0.0
CHEMBL3808345,no issue,0.0,0.5,0.0,0.0
CHEMBL3808347,no issue,0.5,0.0,0.0,0.0
CHEMBL3808348,no issue,0.0,0.0,0.0,0.0
CHEMBL3808350,no issue,58.0,0.0,0.0,0.0
CHEMBL3808351,no issue,1.5,0.0,0.0,0.0
CHEMBL3808352,no issue,0.5,0.0,0.0,0.0
CHEMBL3808358,highly correlated assays,113.0,10.5,0.0,0.0
CHEMBL3808361,highly correlated assays,0.0,0.0,34.0,475.0
CHEMBL3808363,no issue,0.0,0.0,0.0,0.0
CHEMBL3808364,highly correlated assays,0.0,11.0,0.0,0.0
CHEMBL3808369,no issue,0.5,0.5,0.0,0.0
CHEMBL3808373,no issue,0.0,0.5,0.0,0.0
CHEMBL3808374,no issue,6.5,0.0,0.0,0.0
CHEMBL3808377,no issue,0.0,4.0,0.0,0.0
CHEMBL3808380,no issue,0.0,0.0,0.0,0.0
CHEMBL3808381,no issue,0.0,0.0,0.5,0.0
CHEMBL3808385,rounded data citation,6.0,0.0,0.0,0.0
CHEMBL3808388,no issue,6.0,5.5,0.0,0.0
CHEMBL3808391,no issue,0.0,2.5,0.0,0.0
CHEMBL3808393,no issue,0.0,0.0,0.0,0.0
CHEMBL3813591,no issue,13.5,10.0,0.0,0.0
CHEMBL3813592,shuffled assays,11.5,0.0,0.0,0.0
CHEMBL3813593,highly correlated assays,378.5,102.0,0.0,0.0
CHEMBL3813597,no issue,2.0,3.0,0.0,0.0
CHEMBL3813598,highly correlated assays,2.0,0.0,13.0,1.0
CHEMBL3813608,exact data citation,0.0,0.0,27.0,389.5
CHEMBL3813613,no issue,0.0,0.0,1.5,0.0
CHEMBL3813614,exact data citation,0.0,0.0,0.0,1.5
CHEMBL3813615,highly correlated assays,0.0,1.5,0.0,0.0
CHEMBL3813616,no issue,0.5,0.0,0.0,0.0
CHEMBL3813619,review,7.0,0.0,0.0,0.0
CHEMBL3813621,no issue,104.0,49.5,0.0,0.0
CHEMBL3813622,rounded data citation,0.0,0.0,0.0,3.5
CHEMBL3813624,no issue,0.0,0.0,0.0,0.0
CHEMBL3813625,multiply activity for same test item,0.0,0.0,0.0,1.0
CHEMBL3813632,no issue,0.0,0.0,0.5,4.5
CHEMBL3813635,no issue,5.0,0.0,0.0,0.0
CHEMBL3813636,high citation rate,823.5,8.5,0.0,0.0
CHEMBL3813639,shuffled assays,4.0,1.0,0.0,0.0
CHEMBL3813642,exact data citation,2.0,1.5,0.0,0.0
CHEMBL3813645,no issue,26.0,3.5,0.0,0.0
CHEMBL3813650,highly correlated assays,0.0,74.5,0.0,0.0
CHEMBL3813654,review,2.0,0.0,0.0,0.0
CHEMBL3813655,no issue,308.0,0.0,0.0,0.0
CHEMBL3813656,no issue,10.0,2.0,0.0,0.0
CHEMBL3813660,exact data citation,0.0,0.0,40.0,548.5
CHEMBL3813661,no issue,0.0,0.0,0.0,0.0
CHEMBL3813676,rounded data citation,126.5,0.0,0.0,0.0
CHEMBL3813677,highly correlated assays,1.0,1.0,4.5,2.5
CHEMBL3813678,highly correlated assays,29.0,6.5,0.0,0.0
CHEMBL3813682,no issue,2.0,2.0,0.0,0.0
CHEMBL3813685,no issue,2.5,0.0,0.0,0.0
CHEMBL3813687,highly correlated assays,0.0,0.0,5.5,0.0
CHEMBL3813689,no issue,0.0,1.5,0.0,0.0
CHEMBL3813698,no issue,9.0,0.0,0.0,0.0
CHEMBL3813700,no issue,0.0,0.0,10.5,1.5
CHEMBL3817725,exact data citation,0.0,0.5,0.0,0.0
CHEMBL3817733,no issue,0.0,0.0,0.0,0.5
CHEMBL3817735,no issue,4.5,3.0,0.0,0.0
CHEMBL3817738,test Item with unknown chirality,0.0,0.0,0.0,0.0
CHEMBL3817743,no issue,0.0,0.0,0.0,1.5
CHEMBL3817746,shuffled assays,756.0,56.0,0.0,0.0
CHEMBL3817747,no issue,0.0,32.0,0.0,0.0
CHEMBL3817751,no issue,3.5,3.5,0.0,0.0
CHEMBL3817757,test Item with unknown chirality,0.0,1.0,0.0,0.0
CHEMBL3817758,no issue,0.0,0.0,62.5,4.0
CHEMBL3817760,no issue,112.5,7.5,0.0,0.0
CHEMBL3817785,test Item with unknown chirality,0.5,0.0,0.0,0.0
CHEMBL3817786,highly correlated assays,0.0,0.0,42.5,676.5
CHEMBL3817787,test Item with unknown chirality,0.5,0.0,0.0,0.0
CHEMBL3817788,no issue,14.5,0.0,0.0,0.0
CHEMBL3817791,exact data citation,0.5,1.5,0.0,0.0
CHEMBL3817793,highly correlated assays,7.0,0.5,0.0,0.0
CHEMBL3817794,exact data citation,0.0,0.0,39.0,64.5
CHEMBL3817799,exact data citation,0.0,0.0,21.0,289.5
CHEMBL3817800,exact data citation,0.0,2.5,0.0,0.0
CHEMBL3817803,test Item with unknown chirality,104.0,0.5,2.0,0.0
CHEMBL3817809,no issue,0.0,0.0,4.5,3.0
CHEMBL3817814,no issue,0.0,0.0,2.0,0.0
CHEMBL3817815,exact data citation,1.0,0.0,0.0,0.0
CHEMBL3817817,test Item with unknown chirality,0.5,0.0,0.0,0.0
CHEMBL3817823,no issue,20.0,24.0,0.0,0.0
CHEMBL3817824,no issue,371.0,6.5,0.0,0.0
CHEMBL3817837,shuffled assays,456.5,201.0,0.0,0.0
CHEMBL3817840,no issue,0.0,8.0,0.0,0.0
CHEMBL3817845,highly correlated assays,0.0,0.0,9.0,15.0
CHEMBL3822358,no issue,64.5,3.0,0.0,0.0
CHEMBL3822360,exact data citation,35.0,0.0,0.0,0.0
CHEMBL3822369,no issue,16.0,0.0,0.0,0.0
CHEMBL3822371,no issue,2.5,0.0,0.0,0.0
CHEMBL3822376,exact data citation,60.5,9.0,0.0,0.0
CHEMBL3822377,no issue,3.0,0.0,0.0,0.0
CHEMBL3822379,exact data citation,0.0,0.0,0.0,0.5
CHEMBL3822383,highly correlated assays,85.0,3.0,0.0,0.0
CHEMBL3822387,highly correlated assays,409.0,21.0,0.0,0.0
CHEMBL3822394,no issue,0.0,0.0,0.0,0.0
CHEMBL3822396,no issue,8.0,48.0,0.0,0.0
CHEMBL3822397,no issue,0.0,0.0,0.0,0.0
CHEMBL3822399,highly correlated assays,24.5,3.0,0.0,0.0
CHEMBL3822401,exact data citation,0.0,0.0,39.0,603.5
CHEMBL3822406,no issue,0.0,0.0,0.0,1.0
CHEMBL3822411,no issue,0.0,0.0,0.0,0.0
CHEMBL3822414,test Item with unknown chirality,21.0,4.0,0.0,0.0
CHEMBL3822415,no issue,0.0,0.0,0.0,0.0
CHEMBL3822418,exact data citation,1.0,0.0,0.0,0.0
CHEMBL3822419,shuffled assays,7.5,5.5,0.0,0.0
CHEMBL3822422,no issue,0.0,0.0,0.0,0.0
CHEMBL3822433,shuffled assays,0.0,0.0,16.0,156.0
CHEMBL3822434,no issue,3.5,0.0,0.0,0.0
CHEMBL3822435,rounded data citation,46.0,1.5,0.0,0.0
CHEMBL3822439,exact data citation,27.5,6.0,0.0,0.0
CHEMBL3822450,exact data citation,0.0,0.5,0.0,0.0
CHEMBL3822451,no issue,0.0,2.5,0.0,0.0
CHEMBL3822453,no issue,0.0,0.0,0.0,0.0
CHEMBL3822454,multifunctional enzyme,10.5,0.0,0.0,0.0
CHEMBL3826872,rounded data citation,14.0,0.0,0.0,0.0
CHEMBL3826874,multiply activity for same test item,3.5,1.0,0.0,0.0
CHEMBL3826877,no issue,124.5,67.5,0.0,0.0
CHEMBL3826883,test Item with unknown chirality,9.5,0.0,0.0,0.0
CHEMBL3826893,highly correlated assays,0.5,2.0,0.0,0.0
CHEMBL3826894,no issue,0.0,0.0,8.0,1.0
CHEMBL3826895,no issue,0.0,0.0,0.0,0.0
CHEMBL3826898,highly correlated assays,0.0,0.0,25.5,70.0
CHEMBL3826905,exact data citation,0.0,0.0,11.5,0.0
CHEMBL3826908,highly correlated assays,0.0,0.0,23.0,326.0
CHEMBL3826910,no issue,7.5,16.0,0.0,0.0
CHEMBL3826911,no issue,19.0,0.0,0.0,0.0
CHEMBL3826913,highly correlated assays,23.5,7.5,0.0,0.0
CHEMBL3826918,review,26.5,0.0,0.0,0.0
CHEMBL3826919,no issue,0.0,0.0,0.5,1.0
CHEMBL3826920,exact data citation,2.5,1.0,0.0,0.0
CHEMBL3826921,highly correlated assays,146.5,41.5,0.0,0.0
CHEMBL3826922,exact data citation,0.0,0.0,30.0,422.5
CHEMBL3826924,multifunctional enzyme,0.0,0.0,9.0,36.0
CHEMBL3826926,no issue,45.5,0.0,0.0,0.0
CHEMBL3826927,no issue,1.0,0.0,0.0,0.0
CHEMBL3826932,no issue,174.0,90.0,0.0,0.0
CHEMBL3826933,exact data citation,0.0,0.0,1.5,0.0
CHEMBL3826935,no issue,0.0,0.0,0.0,0.0
CHEMBL3826941,test Item with unknown chirality,0.0,0.0,0.0,0.0
CHEMBL3826943,rounded data citation,35.5,3.5,0.0,0.0
CHEMBL3826951,no issue,0.0,3.0,0.0,0.0
CHEMBL3826953,review,65.5,26.0,0.0,0.0
CHEMBL3826955,no issue,0.5,0.5,0.0,0.0
CHEMBL3826956,no issue,0.0,0.0,1.0,0.0
CHEMBL3826960,test Item with unknown chirality,4.0,0.0,0.0,0.0
CHEMBL3826967,no issue,0.0,0.0,0.0,0.5
CHEMBL3826970,no issue,730.5,88.5,0.0,0.0
CHEMBL3826974,no issue,0.5,1.0,0.0,0.0
CHEMBL3826976,no issue,0.0,0.0,0.0,0.5
CHEMBL3853276,rounded data citation,23.0,0.0,0.0,0.0
CHEMBL3853289,no issue,11.5,8.5,0.0,0.0
CHEMBL3853296,no issue,33.5,4.5,0.0,0.0
CHEMBL3853297,shuffled assays,120.0,136.0,0.0,0.0
CHEMBL3853299,rounded data citation,3.5,1.0,0.0,0.0
CHEMBL3853314,review,4.5,0.0,0.0,0.0
CHEMBL3853315,review,4.0,0.0,0.0,0.0
CHEMBL3853318,no issue,0.0,0.0,0.0,0.0
CHEMBL3853319,no issue,922.5,66.5,0.0,0.0
CHEMBL3853320,no issue,0.0,0.0,0.0,0.0
CHEMBL3853327,no issue,65.0,56.5,0.0,0.0
CHEMBL3853329,no issue,0.0,3.5,4.0,6.0
CHEMBL3853330,no issue,13.5,0.5,0.0,0.0
CHEMBL3853331,no issue,0.0,3.0,0.0,0.0
CHEMBL3853334,multiply activity for same test item,0.0,0.0,0.5,1.0
CHEMBL3853342,shuffled assays,36.5,0.0,0.0,0.0
CHEMBL3853343,no issue,1.5,26.0,0.0,0.0
CHEMBL3853350,no issue,2.0,0.0,0.0,0.0
CHEMBL3853357,no issue,36.0,0.5,0.0,0.0
CHEMBL3853360,exact data citation,0.0,0.0,0.5,0.0
CHEMBL3853361,rounded data citation,14.5,0.0,0.0,0.0
CHEMBL3856182,highly correlated assays,17.0,0.0,0.0,0.0
CHEMBL3856185,no issue,0.5,0.0,0.0,0.0
CHEMBL3856187,review,22.5,0.0,0.5,0.0
CHEMBL3856191,no issue,220.0,70.0,0.0,0.0
CHEMBL3856202,highly correlated assays,297.0,8.0,0.0,0.0
CHEMBL3856204,no issue,448.0,16.0,0.0,0.0
CHEMBL3856205,no issue,37.5,16.5,0.0,0.0
CHEMBL3856211,no issue,0.0,0.0,30.5,0.0
CHEMBL3856216,no issue,481.0,218.5,0.0,0.0
CHEMBL3856219,highly correlated assays,143.5,0.0,3.0,0.0
CHEMBL3856221,no issue,0.0,0.0,0.0,7.5
CHEMBL3856223,exact data citation,0.0,0.0,18.5,46.0
CHEMBL3856224,no issue,50.5,0.5,0.0,0.0
CHEMBL3856228,no issue,2.5,0.5,16.0,4.0
CHEMBL3856231,no issue,0.0,20.0,0.0,0.0
CHEMBL3856233,no issue,0.0,0.0,0.0,0.0
CHEMBL3856234,no issue,0.5,1.0,0.0,0.0
CHEMBL3856235,multifunctional enzyme,0.0,2.0,0.0,0.0
CHEMBL3856248,multifunctional enzyme,4.0,1.0,0.0,0.0
CHEMBL3856250,high citation rate,96.0,345.0,0.0,0.0
CHEMBL3856251,no issue,7.0,11.5,0.0,0.0
CHEMBL3856256,test Item with unknown chirality,0.0,0.0,0.0,0.0
CHEMBL3856261,no issue,0.0,2.0,0.0,0.0
CHEMBL3856264,exact data citation,1.5,7.5,0.0,0.0
CHEMBL3856272,no issue,0.0,17.0,0.0,0.0
CHEMBL3856275,no issue,92.0,16.0,0.0,0.0
CHEMBL3856276,no issue,4.5,1.0,0.0,0.0
CHEMBL3856277,no issue,0.0,0.0,28.0,2.5
CHEMBL3856281,exact data citation,0.0,1.0,0.0,0.0
CHEMBL3856283,no issue,1.0,2.0,0.0,0.0
CHEMBL3856284,highly correlated assays,32.5,0.0,0.5,0.0
CHEMBL3856286,no issue,52.5,0.0,0.0,0.0
CHEMBL3856290,multiply activity for same test item,0.0,45.0,0.0,0.0
CHEMBL3860023,highly correlated assays,126.0,73.0,0.0,0.0
CHEMBL3860024,no issue,139.5,19.5,0.0,0.0
CHEMBL3860026,no issue,0.0,0.0,0.0,0.0
CHEMBL3860038,no issue,748.0,8.0,0.0,0.0
CHEMBL3860041,multifunctional enzyme,1.5,2.0,0.0,0.0
CHEMBL3860045,no issue,0.0,2.0,0.0,0.0
CHEMBL3860046,high citation rate,0.0,156.0,0.0,0.0
CHEMBL3860057,no issue,0.0,21.5,0.0,0.0
CHEMBL3860059,highly correlated assays,282.0,8.5,0.0,0.0
CHEMBL3860064,exact data citation,0.0,0.0,3.0,0.0
CHEMBL3860065,no issue,15.0,1.0,0.0,0.0
CHEMBL3860068,highly correlated assays,36.0,6.5,0.0,0.0
CHEMBL3860069,exact data citation,13.5,3.5,0.0,0.0
CHEMBL3860072,highly correlated assays,575.0,0.0,0.0,0.0
CHEMBL3860073,no issue,5.5,0.5,0.0,0.0
CHEMBL3860074,no issue,0.0,0.0,0.5,0.0
CHEMBL3860079,rounded data citation,61.0,0.0,0.0,0.0
CHEMBL3860085,no issue,28.0,0.0,0.0,0.0
CHEMBL3860088,no issue,0.0,2.0,0.0,0.0
CHEMBL3860091,test Item with unknown chirality,0.0,0.0,5.5,2.0
CHEMBL3860093,no issue,16.0,0.0,0.0,0.0
CHEMBL3860094,exact data citation,4.0,1.0,0.0,0.0
CHEMBL3860098,no issue,0.0,0.0,0.0,0.0
CHEMBL3860101,review,15.5,0.0,0.0,0.0
CHEMBL3860104,highly correlated assays,12.0,42.0,0.0,0.0
CHEMBL3860107,no issue,3.0,0.0,0.0,0.0
CHEMBL3860108,highly correlated assays,0.0,26.0,0.0,0.0
CHEMBL3860109,highly correlated assays,0.0,0.0,37.0,554.5
CHEMBL3860110,highly correlated assays,0.0,4.0,0.0,1.0
CHEMBL3861941,no issue,0.0,0.0,0.0,0.0
CHEMBL3861952,test Item with unknown chirality,188.0,6.0,0.0,0.0
CHEMBL3861954,multiply activity for same test item,3.5,0.0,0.0,0.0
CHEMBL3861958,test Item with unknown chirality,96.0,11.0,0.0,0.0
CHEMBL3861962,no issue,5.0,0.0,0.0,0.0
CHEMBL3861974,no issue,48.5,0.0,0.0,0.0
CHEMBL3861975,no issue,15.0,5.0,0.0,0.0
CHEMBL3861980,no issue,0.5,1.5,0.0,0.0
CHEMBL3861985,test Item with unknown chirality,0.5,0.0,0.0,0.0
CHEMBL3861986,test Item with unknown chirality,0.0,0.0,0.0,0.0
CHEMBL3861988,no issue,0.0,0.0,0.0,0.0
CHEMBL3861992,no issue,17.0,0.0,0.0,0.0
CHEMBL3861995,highly correlated assays,44.5,0.0,0.0,0.0
CHEMBL3861997,no issue,0.0,0.5,0.0,0.0
CHEMBL3861998,shuffled assays,0.0,18.5,0.0,0.0
CHEMBL3862009,no issue,0.0,0.0,31.5,4.0
CHEMBL3862010,multiply activity for same test item,0.0,0.0,0.0,0.0
CHEMBL3862011,multifunctional enzyme,83.5,16.0,0.0,0.0
CHEMBL3862016,no issue,89.0,0.0,0.0,0.0
CHEMBL3862017,multiply activity for same test item,0.0,0.0,8.0,0.0
CHEMBL3862026,test Item with unknown chirality,56.5,0.0,0.0,0.0
CHEMBL3862029,multifunctional enzyme,0.0,0.0,0.0,0.0
CHEMBL3862030,no issue,3.0,0.0,0.0,0.0
CHEMBL3862031,no issue,22.5,1.0,0.0,0.0
CHEMBL3862033,highly correlated assays,0.0,0.0,28.5,53.5
CHEMBL3862036,exact data citation,10.5,2.5,0.0,0.0
CHEMBL3862037,no issue,0.0,0.0,76.5,22.5
CHEMBL3862039,no issue,1.5,0.0,0.0,0.0
CHEMBL3862040,exact data citation,3.0,0.0,0.0,0.0
CHEMBL3862041,no issue,57.5,9.0,0.0,0.0
CHEMBL3864125,no issue,131.0,8.5,0.0,0.0
CHEMBL3864126,no issue,0.5,2.0,0.0,0.0
CHEMBL3864133,no issue,52.0,10.0,0.0,0.0
CHEMBL3864137,no issue,2.0,1.5,0.0,0.0
CHEMBL3864139,no issue,0.0,0.0,0.0,0.0
CHEMBL3864149,test Item with unknown chirality,0.0,0.0,0.0,0.0
CHEMBL3864153,no issue,0.0,0.5,0.0,0.0
CHEMBL3864154,rounded data citation,42.0,2.5,0.0,0.0
CHEMBL3864159,no issue,0.0,0.0,0.0,0.0
CHEMBL3864161,highly correlated assays,0.0,13.5,0.0,0.0
CHEMBL3864162,no issue,88.0,0.0,0.0,0.0
CHEMBL3864163,test Item with unknown chirality,0.0,0.0,0.0,0.0
CHEMBL3864165,test Item with unknown chirality,56.0,0.5,0.0,0.0
CHEMBL3864167,exact data citation,0.0,3.0,0.0,0.0
CHEMBL3864168,no issue,0.0,0.0,0.0,0.0
CHEMBL3864175,no issue,0.5,8.0,0.0,0.0
CHEMBL3864177,no issue,0.0,0.0,1.0,0.0
CHEMBL3864180,no issue,4.5,0.0,0.0,0.0
CHEMBL3864181,exact data citation,1.5,0.5,0.5,0.0
CHEMBL3864183,multifunctional enzyme,84.0,0.0,0.0,0.0
CHEMBL3864184,no issue,12.0,0.0,0.0,0.0
CHEMBL3864189,exact data citation,0.0,8.0,0.0,0.0
CHEMBL3864190,exact data citation,0.5,1.0,0.0,0.0
CHEMBL3864191,multiply activity for same test item,2.0,0.0,11.0,0.5
CHEMBL3865781,review,0.0,0.0,0.0,0.0
CHEMBL3865784,no issue,0.5,0.0,0.0,0.0
CHEMBL3865790,highly correlated assays,281.0,10.0,0.0,0.0
CHEMBL3865805,no issue,12.5,26.0,0.0,0.0
CHEMBL3865806,review,2.0,0.0,0.0,0.0
CHEMBL3865817,test Item with unknown chirality,0.0,0.0,0.0,0.0
CHEMBL3865822,no issue,3.5,0.0,0.0,0.0
CHEMBL3865823,no issue,1.0,0.0,0.0,0.0
CHEMBL3865825,no issue,0.0,0.0,32.0,9.0
CHEMBL3865829,no issue,35.5,13.0,0.0,0.0
CHEMBL3865835,test Item with unknown chirality,2.0,0.0,0.0,0.0
CHEMBL3865840,highly correlated assays,36.0,164.5,0.0,0.0
CHEMBL3865843,no issue,0.0,0.0,3.5,1.0
CHEMBL3865849,no issue,0.0,4.5,0.0,0.0
CHEMBL3865850,multifunctional enzyme,18.0,0.0,0.0,0.0
CHEMBL3865851,no issue,21.0,0.0,0.0,0.0
CHEMBL3865852,no issue,0.0,52.0,0.0,0.0
CHEMBL3867439,test Item with unknown chirality,0.0,0.0,0.0,0.0
CHEMBL3867440,no issue,504.5,0.5,0.0,0.0
CHEMBL3867444,no issue,2.0,0.0,0.0,0.0
CHEMBL3867460,no issue,437.5,38.0,0.0,0.0
CHEMBL3867461,multiply activity for same test item,107.5,0.5,0.0,0.0
CHEMBL3867467,no issue,44.0,61.0,0.0,0.0
CHEMBL3867468,no issue,2.0,0.5,0.0,0.0
CHEMBL3867469,no issue,13.5,0.0,0.0,0.0
CHEMBL3867471,rounded data citation,0.0,3.0,0.0,0.0
CHEMBL3867474,high citation rate,0.0,202.5,0.0,0.0
CHEMBL3867475,no issue,17.5,2.5,0.0,0.0
CHEMBL3867477,no issue,0.0,0.0,4.5,0.5
CHEMBL3867480,exact data citation,0.0,8.0,0.0,0.0
CHEMBL3867483,test Item with unknown chirality,0.0,0.0,0.0,6.5
CHEMBL3867484,multifunctional enzyme,119.5,0.0,0.0,0.0
CHEMBL3868581,no issue,54.0,3.0,0.0,0.0
CHEMBL3868583,no issue,32.0,0.0,0.0,0.0
CHEMBL3868598,test Item with unknown chirality,84.5,0.0,0.0,0.0
CHEMBL3868608,highly correlated assays,0.0,0.0,92.0,40.0
CHEMBL3868609,test Item with unknown chirality,0.0,0.0,0.0,0.0
CHEMBL3868610,no issue,1.0,0.0,0.0,0.0
CHEMBL3868612,no issue,1.5,0.0,0.0,0.0
CHEMBL3868614,no issue,0.0,0.0,0.0,0.0
CHEMBL3868615,rounded data citation,0.0,0.0,38.5,0.0
CHEMBL3868617,test Item with unknown chirality,0.5,0.0,0.0,0.0
CHEMBL3868623,rounded data citation,0.0,0.0,0.0,1.0
CHEMBL3868624,no issue,32.0,0.0,0.0,0.0
CHEMBL3868625,no issue,0.0,0.0,0.0,0.0
CHEMBL3868632,exact data citation,0.0,0.0,23.0,322.5
CHEMBL3868642,multifunctional enzyme,10.5,0.0,0.0,0.0
CHEMBL3870301,no issue,0.0,2.0,0.0,0.0
CHEMBL3870304,no issue,802.0,160.0,0.0,0.0
CHEMBL3870305,no issue,16.5,3.0,0.0,0.0
CHEMBL3870307,no issue,1.0,2.5,10.5,3.5
CHEMBL3870312,highly correlated assays,408.5,20.0,0.0,0.0
CHEMBL3870313,rounded data citation,115.0,3.0,0.0,0.0
CHEMBL3870315,no issue,5.5,0.5,0.0,0.0
CHEMBL3870316,highly correlated assays,133.0,138.5,0.0,0.0
CHEMBL3870318,no issue,5.5,0.0,0.0,0.0
CHEMBL3870325,highly correlated assays,1119.5,38.5,0.0,0.0
CHEMBL3870326,no issue,0.0,1.0,0.0,0.0
CHEMBL3870334,no issue,1.0,0.0,0.0,0.0
CHEMBL3870336,exact data citation,0.0,2.5,1.0,4.0
CHEMBL3870338,exact data citation,0.0,0.0,27.0,389.5
CHEMBL3870349,test Item with unknown chirality,0.0,0.0,0.0,0.0
CHEMBL3870356,no issue,3.5,3.5,0.0,0.0
CHEMBL3870362,no issue,0.0,0.5,0.0,0.0
CHEMBL3870363,highly correlated assays,0.0,0.0,2.5,8.0
CHEMBL3871261,no issue,9.0,0.0,0.0,3.0
CHEMBL3871264,highly correlated assays,0.0,0.0,0.0,2.0
CHEMBL3871271,highly correlated assays,0.0,2.5,0.0,0.5
CHEMBL3871272,no issue,16.0,0.0,0.0,0.0
CHEMBL3871274,highly correlated assays,3.0,0.0,8.0,0.0
CHEMBL3871275,no issue,0.0,0.0,0.0,0.0
CHEMBL3871281,highly correlated assays,0.0,0.0,10.5,6.5
CHEMBL3871283,exact data citation,23.5,0.0,0.0,0.0
CHEMBL3871285,test Item with unknown chirality,0.0,0.0,0.0,0.0
CHEMBL3871286,no issue,0.0,0.0,2.5,0.0
CHEMBL3871287,no issue,8.5,0.0,13.5,1.0
CHEMBL3871289,no issue,8.5,1.0,0.0,0.0
CHEMBL3871290,no issue,0.0,0.0,3.0,0.0
CHEMBL3871295,exact data citation,118.0,6.5,0.0,0.0
CHEMBL3871299,no issue,21.5,1.5,0.0,0.0
CHEMBL3872208,highly correlated assays,0.0,0.0,17.0,0.0
CHEMBL3872218,no issue,0.0,0.5,0.0,0.0
CHEMBL3872223,exact data citation,0.0,0.0,1.0,2.0
CHEMBL3872225,rounded data citation,0.0,0.0,32.5,8.0
CHEMBL3872227,rounded data citation,16.5,2.0,0.0,0.0
CHEMBL3872230,highly correlated assays,50.0,3.0,0.0,0.0
CHEMBL3872236,multifunctional enzyme,144.0,34.0,0.0,0.0
CHEMBL3872238,no issue,4.0,0.0,0.0,0.0
CHEMBL3872244,no issue,5.5,0.5,0.0,0.0
CHEMBL3872253,no issue,5.5,2.0,0.0,0.0
CHEMBL3872255,highly correlated assays,152.5,2.5,0.0,0.0
CHEMBL3872257,test Item with unknown chirality,101.5,51.0,0.0,0.0
CHEMBL3872261,highly correlated assays,0.0,0.0,40.0,549.5
CHEMBL3872266,no issue,0.0,0.0,0.0,0.0
CHEMBL3872267,no issue,51.5,15.0,0.0,0.0
CHEMBL3872272,no issue,30.5,0.0,0.0,0.0
CHEMBL3872277,shuffled assays,22.0,10.5,0.0,0.0
CHEMBL3872279,rounded data citation,15.5,18.0,0.0,0.0
CHEMBL3872280,exact data citation,0.0,0.0,40.0,548.5
CHEMBL3872282,exact data citation,0.0,0.0,23.0,342.5
CHEMBL3872285,no issue,0.0,0.0,0.0,0.0
CHEMBL3875142,no issue,3.5,0.5,0.0,0.0
CHEMBL3875143,highly correlated assays,324.5,25.0,1.5,0.0
CHEMBL3875154,no issue,62.5,4.0,0.0,0.0
CHEMBL3875157,test Item with unknown chirality,0.5,0.0,0.0,0.0
CHEMBL3875159,highly correlated assays,10.0,6.5,0.0,0.0
CHEMBL3875166,no issue,0.0,0.0,2.5,1.5
CHEMBL3875167,no issue,2.0,0.0,0.0,0.0
CHEMBL3875172,no issue,1.5,0.0,0.0,0.0
CHEMBL3875173,no issue,64.0,200.0,0.0,0.0
CHEMBL3875174,highly correlated assays,104.5,29.0,0.0,0.0
CHEMBL3875179,rounded data citation,125.5,0.5,0.0,0.0
CHEMBL3875181,review,5.0,3.5,0.0,0.0
CHEMBL3875183,no issue,0.0,2.5,0.0,0.0
CHEMBL3875184,review,2.0,0.0,0.0,0.0
CHEMBL3875185,highly correlated assays,160.0,16.5,0.0,0.0
CHEMBL3875190,highly correlated assays,0.0,2.5,0.0,0.0
CHEMBL3875195,highly correlated assays,0.0,0.0,27.0,389.5
CHEMBL3875204,highly correlated assays,3.0,24.0,0.0,0.0
CHEMBL3875206,highly correlated assays,106.0,51.5,0.0,0.0
CHEMBL3875215,no issue,13.5,0.0,0.0,0.0
CHEMBL3875221,exact data citation,0.0,0.0,21.0,6.5
CHEMBL3875222,exact data citation,0.0,0.0,40.0,548.5
CHEMBL3875223,no issue,0.0,0.0,0.0,0.0
CHEMBL3875224,no issue,20.0,0.0,0.0,0.0
CHEMBL3875228,no issue,35.0,0.5,0.0,0.0
CHEMBL3875231,no issue,0.0,16.0,0.0,0.0
CHEMBL3875233,highly correlated assays,229.0,0.0,0.5,0.0
CHEMBL3877241,highly correlated assays,355.0,12.0,0.0,0.0
CHEMBL3877244,multiply activity for same test item,0.0,0.0,0.5,13.0
CHEMBL3877251,test Item with unknown chirality,0.0,0.5,0.0,0.0
CHEMBL3877255,review,0.5,0.0,0.0,0.0
CHEMBL3877258,multifunctional enzyme,14.0,3.0,0.0,0.0
CHEMBL3877259,no issue,31.5,0.5,0.0,0.0
CHEMBL3877261,rounded data citation,22.5,0.5,0.0,0.0
CHEMBL3877263,no issue,0.0,0.0,5.0,1.0
CHEMBL3877266,no issue,0.0,0.0,2.5,5.0
CHEMBL3877267,highly correlated assays,0.0,0.0,11.5,11.5
CHEMBL3877273,no issue,0.0,0.0,1.0,0.0
CHEMBL3877277,highly correlated assays,223.0,23.0,0.0,0.0
CHEMBL3877279,exact data citation,65.0,4.5,0.0,0.0
CHEMBL3877287,no issue,14.0,0.5,0.0,0.0
CHEMBL3877290,no issue,8.0,0.5,0.0,0.0
CHEMBL3877300,multifunctional enzyme,13.5,2.0,0.0,0.0
CHEMBL3877301,highly correlated assays,2.0,1.0,114.0,9.5
CHEMBL3877302,no issue,0.0,1.0,0.5,0.5
CHEMBL3877303,no issue,22.0,12.0,0.0,0.0
CHEMBL3877306,no issue,0.0,48.5,0.0,0.0
CHEMBL3877307,no issue,18.0,0.0,0.0,0.0
CHEMBL3877310,no issue,1.0,1.0,0.0,0.0
CHEMBL3877321,exact data citation,0.0,0.0,27.0,389.5
CHEMBL3877322,test Item with unknown chirality,22.0,0.0,0.0,0.0
CHEMBL3877326,test Item with unknown chirality,56.0,0.5,0.0,0.0
CHEMBL3877331,no issue,1.5,0.0,0.0,0.0
CHEMBL3877334,highly correlated assays,187.0,3.0,0.0,0.0
CHEMBL3877336,no issue,11.5,0.0,0.0,0.0
CHEMBL3877337,no issue,3.5,1.5,0.0,0.0
CHEMBL3992488,review,0.0,0.0,0.0,0.0
CHEMBL3992491,rounded data citation,12.5,1.0,0.0,0.0
CHEMBL3992493,exact data citation,0.0,0.0,40.0,548.5
CHEMBL3992494,no issue,28.0,0.0,0.0,0.0
CHEMBL3992502,exact data citation,60.0,6.5,0.0,0.0
CHEMBL3992504,no issue,1188.0,144.0,0.0,0.0
CHEMBL3992509,test Item with unknown chirality,0.5,0.0,0.0,0.0
CHEMBL3992511,highly correlated assays,8.5,0.0,4.0,0.0
CHEMBL3992513,highly correlated assays,174.0,1.0,0.0,0.0
CHEMBL3992519,no issue,0.0,0.0,1.0,1.5
CHEMBL3992524,no issue,29.0,11.5,0.0,0.0
CHEMBL3992527,highly correlated assays,0.0,0.0,40.0,619.5
CHEMBL3992532,no issue,0.0,0.0,0.0,6.0
CHEMBL3992533,no issue,8.0,2.5,0.0,0.0
CHEMBL3992534,no issue,0.0,0.0,0.5,0.0
CHEMBL3992535,no issue,20.5,2.0,0.0,0.0
CHEMBL3992536,no issue,0.0,0.0,0.0,0.0
CHEMBL3992539,highly correlated assays,21.0,0.5,0.0,0.0
CHEMBL3992540,highly correlated assays,0.0,0.0,27.0,433.0
CHEMBL3992543,highly correlated assays,0.0,0.0,35.5,16.0
CHEMBL3992544,no issue,13.0,7.0,0.0,0.0
CHEMBL3992548,test Item with unknown chirality,21.0,4.0,0.0,0.0
CHEMBL3992551,no issue,0.0,0.0,0.0,0.0
CHEMBL3992555,no issue,0.0,0.0,0.0,7.0
CHEMBL3992559,exact data citation,0.0,0.0,27.0,389.5
CHEMBL3992562,exact data citation,161.0,42.5,0.0,0.0
CHEMBL3992564,no issue,0.0,0.0,0.0,0.0
CHEMBL3992565,no issue,1.0,1.5,0.0,0.0
CHEMBL3992570,no issue,0.0,0.0,0.0,0.0
CHEMBL3994576,rounded data citation,83.5,1.0,0.0,0.0
CHEMBL3994578,no issue,0.0,0.0,0.0,0.0
CHEMBL3994580,exact data citation,0.0,0.5,0.0,0.0
CHEMBL3994582,highly correlated assays,0.0,0.0,18.5,0.0
CHEMBL3994586,no issue,0.0,6.0,0.0,0.0
CHEMBL3994587,review,13.0,0.0,2.0,0.0
CHEMBL3994591,no issue,0.0,0.0,0.0,0.0
CHEMBL3994595,highly correlated assays,110.0,0.0,0.0,0.0
CHEMBL3994596,highly correlated assays,841.0,14.0,0.0,0.0
CHEMBL3994606,highly correlated assays,39.0,2.5,0.0,0.0
CHEMBL3994611,no issue,18.5,1.5,0.0,0.0
CHEMBL3994622,no issue,0.0,0.0,0.0,0.0
CHEMBL3994625,multifunctional enzyme,0.0,9.0,0.0,2.5
CHEMBL3994626,no issue,0.0,2.0,0.0,0.0
CHEMBL3994627,rounded data citation,5.5,0.0,0.0,0.0
CHEMBL3994638,no issue,42.0,24.0,0.0,0.0
CHEMBL3994642,no issue,39.0,0.0,0.0,0.0
CHEMBL3994644,no issue,0.0,0.0,1.0,0.0
CHEMBL3994648,exact data citation,0.0,1.5,0.0,0.0
CHEMBL3994651,no issue,24.0,0.0,0.0,0.0
CHEMBL3994654,no issue,0.0,0.0,0.0,0.0
CHEMBL3994656,no issue,21.5,4.5,0.0,0.0
CHEMBL3994657,test Item with unknown chirality,103.0,4.0,0.0,0.0
CHEMBL3994664,exact data citation,0.0,0.0,12.0,159.0
CHEMBL3994665,no issue,0.0,0.0,19.5,19.5
CHEMBL3994666,no issue,1.0,0.0,0.0,0.0
CHEMBL3994667,no issue,64.0,73.5,0.0,0.0
CHEMBL3994671,test Item with unknown chirality,0.0,0.0,0.0,0.5
CHEMBL3994672,no issue,0.0,0.0,0.0,0.0
CHEMBL3994673,no issue,0.5,0.0,0.0,0.0
CHEMBL3994677,no issue,7.0,2.5,0.0,0.0
CHEMBL3997769,exact data citation,60.0,3.5,0.0,0.0
CHEMBL3997770,highly correlated assays,91.5,0.0,0.0,0.0
CHEMBL3997772,no issue,0.0,0.0,0.0,0.0
CHEMBL3997775,highly correlated assays,13.0,4.5,0.0,0.0
CHEMBL3997776,no issue,0.0,48.0,0.0,1.0
CHEMBL3997782,no issue,0.0,0.5,0.0,0.0
CHEMBL3997786,no issue,0.5,0.0,0.0,0.0
CHEMBL3997787,highly correlated assays,1.5,0.0,51.0,7.5
CHEMBL3997792,no issue,4.0,1.5,0.0,0.0
CHEMBL3997794,highly correlated assays,27.5,0.0,0.0,0.0
CHEMBL3997796,no issue,12.5,0.0,0.0,0.0
CHEMBL3997797,no issue,0.0,0.0,8.0,0.0
CHEMBL3997798,no issue,5.0,0.0,0.0,0.0
CHEMBL3997801,no issue,0.0,0.0,0.0,0.0
CHEMBL3997806,no issue,0.0,0.0,0.0,0.0
CHEMBL3997808,high citation rate,0.0,128.0,0.0,0.0
CHEMBL3997813,multifunctional enzyme,10.5,6.0,0.0,0.0
CHEMBL3997814,test Item with unknown chirality,0.5,0.0,0.0,0.0
CHEMBL3997816,multifunctional enzyme,0.0,0.0,0.0,0.0
CHEMBL3997822,no issue,0.0,0.0,5.0,0.0
CHEMBL3997826,no issue,13.0,0.0,0.0,0.0
CHEMBL3997828,highly correlated assays,0.0,3.0,0.0,2.0
CHEMBL3997829,no issue,3.5,0.0,0.0,0.0
CHEMBL3997839,multiply activity for same test item,748.0,76.0,0.0,0.0
CHEMBL3997841,multiply activity for same test item,0.0,8.0,0.0,0.0
CHEMBL3997842,no issue,48.0,0.0,0.0,0.0
CHEMBL3997845,no issue,0.0,1.0,0.0,0.0
CHEMBL3997848,rounded data citation,0.0,0.0,0.0,4.0
CHEMBL3997850,no issue,472.0,140.0,0.0,0.0
CHEMBL3997851,no issue,51.5,4.0,0.0,0.0
CHEMBL3997853,no issue,10.0,4.5,0.0,0.0
CHEMBL3997855,no issue,0.0,112.0,0.0,0.5
CHEMBL4000141,highly correlated assays,0.0,0.0,40.0,548.5
CHEMBL4000142,exact data citation,0.0,0.0,0.0,4.5
CHEMBL4000143,multiply activity for same test item,0.0,0.0,0.0,0.0
CHEMBL4000147,highly correlated assays,36.0,64.0,0.0,0.0
CHEMBL4000150,rounded data citation,6.0,1.0,0.0,0.0
CHEMBL4000156,multifunctional enzyme,10.5,0.0,0.0,0.0
CHEMBL4000158,no issue,83.0,0.0,0.0,0.0
CHEMBL4000164,no issue,0.0,0.0,392.0,54.0
CHEMBL4000171,exact data citation,0.0,10.0,0.0,0.0
CHEMBL4000172,no issue,0.0,6.0,0.0,0.0
CHEMBL4000173,exact data citation,0.0,0.0,0.0,1.0
CHEMBL4000175,rounded data citation,0.0,2.5,0.0,0.0
CHEMBL4000177,exact data citation,0.0,1.0,0.0,0.0
CHEMBL4000180,no issue,11.5,1.5,0.0,0.0
CHEMBL4000184,no issue,24.5,0.0,0.0,0.0
CHEMBL4000185,highly correlated assays,47.5,0.0,35.0,0.0
CHEMBL4000186,no issue,0.0,0.5,0.0,0.0
CHEMBL4000187,multifunctional enzyme,0.5,0.5,0.0,0.0
CHEMBL4000192,no issue,0.0,0.0,0.0,0.0
CHEMBL4000193,no issue,0.0,2.0,0.0,0.0
CHEMBL4000194,multiply activity for same test item,0.0,0.0,0.0,0.0
CHEMBL4000195,no issue,0.0,0.0,0.0,0.0
CHEMBL4000199,exact data citation,33.0,0.0,0.0,0.0
CHEMBL4000201,rounded data citation,0.0,0.0,18.5,0.0
CHEMBL4000207,no issue,0.0,0.5,0.0,0.0
CHEMBL4000208,exact data citation,0.0,0.0,26.5,1564.0
CHEMBL4000211,exact data citation,0.0,0.0,2.5,1.0
CHEMBL4000215,no issue,85.5,12.5,0.0,0.0
CHEMBL4000220,exact data citation,0.0,0.5,0.0,0.0
CHEMBL4000221,no issue,2.5,4.5,0.0,0.0
CHEMBL4000222,highly correlated assays,220.0,54.0,0.0,0.0
CHEMBL4000233,no issue,1.0,0.5,0.0,0.0
CHEMBL4000238,no issue,15.0,11.0,0.0,0.0
CHEMBL4000242,multifunctional enzyme,0.5,0.5,0.0,0.0
CHEMBL4000245,multifunctional enzyme,17.5,1.0,0.0,0.0
CHEMBL4000248,highly correlated assays,0.0,0.0,35.0,484.0
CHEMBL4000251,no issue,13.0,7.0,0.0,0.0
CHEMBL4000255,multiply activity for same test item,24.0,0.0,0.0,0.0
CHEMBL4002542,no issue,0.0,4.0,0.0,0.0
CHEMBL4002548,no issue,28.5,3.0,0.0,0.0
CHEMBL4002550,exact data citation,5.0,1.0,0.0,0.0
CHEMBL4002561,rounded data citation,4.5,1.0,0.0,0.0
CHEMBL4002563,test Item with unknown chirality,2.0,0.0,0.0,0.0
CHEMBL4002567,test Item with unknown chirality,0.0,0.0,0.5,1.0
CHEMBL4002575,highly correlated assays,2.0,5.0,0.0,0.0
CHEMBL4002576,shuffled assays,108.0,23.5,0.0,0.0
CHEMBL4002583,no issue,0.0,0.0,2.5,5.0
CHEMBL4002585,exact data citation,2.5,1.0,0.0,0.0
CHEMBL4002586,test Item with unknown chirality,161.5,39.0,0.0,0.0
CHEMBL4002587,no issue,4.5,0.5,0.0,0.0
CHEMBL4002588,highly correlated assays,333.5,55.5,0.0,0.0
CHEMBL4002590,no issue,2.0,0.0,0.0,0.0
CHEMBL4002591,no issue,0.0,0.0,0.0,0.0
CHEMBL4002593,no issue,1.5,3.5,0.0,0.0
CHEMBL4002595,multiply activity for same test item,0.5,0.5,0.0,0.0
CHEMBL4002597,no issue,4.0,0.0,0.0,0.0
CHEMBL4002600,no issue,3.5,0.0,0.0,0.0
CHEMBL4002601,multiply activity for same test item,0.0,0.0,0.0,0.0
CHEMBL4002602,no issue,0.0,0.0,14.5,0.0
CHEMBL4002614,no issue,98.5,1.0,0.0,0.0
CHEMBL4002619,no issue,21.5,0.0,0.0,0.0
CHEMBL4002625,no issue,7.0,1.0,0.0,0.0
CHEMBL4002630,high citation rate,1.0,43.5,0.0,0.0
CHEMBL4002639,multifunctional enzyme,109.0,37.5,0.0,0.0
CHEMBL4002640,no issue,0.0,0.0,0.0,0.0
CHEMBL4002641,no issue,0.0,0.0,0.0,0.0
CHEMBL4002642,highly correlated assays,214.5,8.0,0.0,0.0
CHEMBL4002645,no issue,20.0,0.0,0.0,0.0
CHEMBL4002647,no issue,0.0,1.5,0.0,0.5
CHEMBL4004781,rounded data citation,71.5,1.5,0.0,0.0
CHEMBL4004782,review,6.0,0.0,0.0,0.0
CHEMBL4004788,no issue,1.0,6.0,0.0,0.0
CHEMBL4004792,rounded data citation,111.0,11.0,0.0,0.0
CHEMBL4004807,test Item with unknown chirality,2.5,0.0,1.5,0.0
CHEMBL4004822,no issue,15.0,0.5,0.0,0.0
CHEMBL4004823,no issue,0.0,2.5,0.0,0.0
CHEMBL4004825,no issue,96.0,48.5,0.0,0.0
CHEMBL4004828,exact data citation,19.5,0.5,0.0,0.0
CHEMBL4004829,multifunctional enzyme,14.0,2.0,0.0,0.0
CHEMBL4004833,exact data citation,11.5,1.0,0.0,0.0
CHEMBL4004834,test Item with unknown chirality,0.0,0.0,0.0,2.5
CHEMBL4004835,no issue,0.0,0.0,0.0,0.0
CHEMBL4004842,rounded data citation,10.0,3.0,0.0,0.0
CHEMBL4004847,no issue,115.0,3.0,0.0,0.0
CHEMBL4004851,no issue,0.0,0.0,104.0,16.0
CHEMBL4004852,highly correlated assays,0.5,7.5,0.0,0.0
CHEMBL4004853,highly correlated assays,242.0,25.0,0.0,0.0
CHEMBL4004868,shuffled assays,108.5,21.0,0.0,0.0
CHEMBL4004871,no issue,0.0,2.0,0.0,0.0
CHEMBL4004873,no issue,0.0,0.0,2.0,3.5
CHEMBL4004875,highly correlated assays,0.0,0.0,35.0,507.5
CHEMBL4004880,rounded data citation,2.5,10.5,0.0,0.0
CHEMBL4004887,no issue,12.5,16.0,0.0,0.0
CHEMBL4004889,no issue,4.0,0.0,0.0,0.0
CHEMBL4007382,test Item with unknown chirality,4.5,0.0,0.0,0.0
CHEMBL4007383,no issue,0.0,4.0,0.0,0.0
CHEMBL4007384,no issue,0.0,0.0,0.0,0.0
CHEMBL4007389,no issue,20.0,0.0,0.0,0.0
CHEMBL4007390,no issue,74.0,25.0,0.0,0.0
CHEMBL4007392,highly correlated assays,34.5,0.0,1.5,0.0
CHEMBL4007394,review,2.5,0.0,0.0,0.0
CHEMBL4007395,review,17.0,0.0,0.0,0.0
CHEMBL4007397,no issue,16.0,8.5,0.0,0.0
CHEMBL4007402,no issue,0.0,1.0,0.0,0.0
CHEMBL4007403,no issue,0.0,2.0,0.0,0.0
CHEMBL4007405,no issue,0.0,0.0,0.0,0.0
CHEMBL4007406,no issue,0.0,1.0,0.0,0.0
CHEMBL4007408,no issue,0.0,0.5,0.0,0.0
CHEMBL4007409,no issue,8.0,0.5,0.0,0.0
CHEMBL4007410,no issue,0.0,0.0,0.0,0.0
CHEMBL4007411,no issue,14.0,1.5,0.0,0.0
CHEMBL4007414,no issue,18.0,0.5,0.0,0.0
CHEMBL4007415,multifunctional enzyme,6.0,2.0,0.0,0.0
CHEMBL4007416,no issue,0.0,1.0,0.0,0.0
CHEMBL4007418,no issue,25.5,0.0,0.0,0.0
CHEMBL4007420,highly correlated assays,29.0,0.0,0.0,0.0
CHEMBL4007421,no issue,5.5,0.0,0.0,1.5
CHEMBL4007422,exact data citation,0.0,0.0,8.0,0.0
CHEMBL4007423,no issue,0.5,0.0,0.0,0.0
CHEMBL4007424,highly correlated assays,0.0,0.0,15.0,13.5
CHEMBL4007427,no issue,0.0,0.0,0.0,0.0
CHEMBL4007431,no issue,3.0,0.0,0.0,0.0
CHEMBL4007432,multifunctional enzyme,114.0,60.0,0.0,0.0
CHEMBL4007434,high citation rate,266.0,34.0,40.0,32.0
CHEMBL4007442,no issue,89.5,0.0,0.0,0.0
CHEMBL4007443,no issue,0.0,2.5,0.0,0.0
CHEMBL4007444,no issue,2.5,0.0,0.0,0.0
CHEMBL4007445,no issue,8.5,1.0,0.5,0.0
CHEMBL4007450,no issue,0.0,0.0,0.0,0.0
CHEMBL4007451,exact data citation,0.0,0.0,16.0,10.0
CHEMBL4007452,no issue,0.0,0.0,0.0,0.0
CHEMBL4007454,multifunctional enzyme,6.0,0.0,0.0,0.0
CHEMBL4007455,multiply activity for same test item,0.0,0.0,109.5,63.5
CHEMBL4007457,highly correlated assays,0.0,0.0,32.5,532.0
CHEMBL4007459,no issue,0.5,0.0,0.0,0.0
CHEMBL4007463,exact data citation,3.5,0.0,0.0,0.0
CHEMBL4007464,highly correlated assays,0.0,0.0,38.0,584.0
CHEMBL4007472,no issue,24.5,0.0,0.0,0.0
CHEMBL4007474,no issue,3.0,0.0,0.0,0.0
CHEMBL4007475,no issue,34.0,0.0,0.0,0.0
CHEMBL4007477,no issue,73.0,0.0,0.0,0.0
CHEMBL4007480,exact data citation,6.0,0.5,0.0,0.0
CHEMBL4007489,no issue,108.5,0.0,0.0,0.0
CHEMBL4007492,no issue,353.5,49.0,0.0,0.0
CHEMBL4007493,no issue,0.0,0.0,82.5,14.0
CHEMBL4007494,no issue,12.0,0.0,0.0,0.0
CHEMBL4007495,exact data citation,0.5,0.0,0.0,0.0
CHEMBL4007497,no issue,0.0,7.5,0.0,0.0
CHEMBL4007505,no issue,31.0,9.5,152.0,68.5
CHEMBL4007507,no issue,0.0,1.0,0.0,0.5
CHEMBL4007510,highly correlated assays,0.0,0.0,14.0,25.0
CHEMBL4011586,multifunctional enzyme,114.0,0.5,0.0,0.0
CHEMBL4011587,test Item with unknown chirality,124.0,11.0,0.0,0.0
CHEMBL4011588,exact data citation,4.5,0.0,0.0,0.0
CHEMBL4011591,highly correlated assays,7.0,7.5,0.0,0.0
CHEMBL4011593,highly correlated assays,29.5,20.5,0.0,0.0
CHEMBL4011597,multifunctional enzyme,17.0,2.0,0.0,0.0
CHEMBL4011598,no issue,0.0,4.0,0.0,0.0
CHEMBL4011604,no issue,0.0,1.5,0.0,0.0
CHEMBL4011607,no issue,0.0,16.5,0.0,0.0
CHEMBL4011608,no issue,0.0,22.0,0.0,0.0
CHEMBL4011609,no issue,0.0,2.0,0.0,0.0
CHEMBL4011612,multiply activity for same test item,3.5,0.0,0.0,0.0
CHEMBL4011613,no issue,0.0,8.0,0.0,0.0
CHEMBL4011614,no issue,9.5,4.0,0.0,0.0
CHEMBL4011616,review,7.5,0.5,71.0,0.0
CHEMBL4011618,no issue,20.0,2.5,0.0,0.0
CHEMBL4011620,no issue,0.0,0.5,0.0,0.0
CHEMBL4011624,highly correlated assays,0.0,0.0,55.0,5.5
CHEMBL4011625,no issue,0.0,0.0,0.0,0.0
CHEMBL4011628,no issue,0.0,0.0,0.0,0.0
CHEMBL4011631,highly correlated assays,178.5,5.5,24.0,16.0
CHEMBL4011632,no issue,15.0,0.0,0.0,0.0
CHEMBL4011633,exact data citation,56.5,0.5,0.0,0.0
CHEMBL4011634,highly correlated assays,8.5,18.5,0.0,0.0
CHEMBL4011635,no issue,0.5,1.0,0.0,0.0
CHEMBL4011641,test Item with unknown chirality,0.0,0.0,1.0,10.5
CHEMBL4011644,test Item with unknown chirality,0.5,0.0,0.0,0.0
CHEMBL4011648,test Item with unknown chirality,20.5,0.0,0.0,0.0
CHEMBL4011650,exact data citation,0.0,0.0,16.0,227.0
CHEMBL4011651,no issue,0.0,0.0,0.0,0.0
CHEMBL4011652,highly correlated assays,4.0,18.0,0.0,0.0
CHEMBL4011656,no issue,21.5,1.5,0.0,0.0
CHEMBL4011657,no issue,1.0,0.0,0.0,0.0
CHEMBL4011660,no issue,1.0,0.0,0.0,0.0
CHEMBL4014262,no issue,17.5,1.5,0.0,0.0
CHEMBL4014275,no issue,18.0,0.0,0.0,0.0
CHEMBL4014277,review,4.0,0.0,0.0,0.0
CHEMBL4014284,multifunctional enzyme,76.5,51.0,0.0,0.0
CHEMBL4014289,no issue,0.0,0.0,14.0,0.0
CHEMBL4014290,test Item with unknown chirality,0.0,39.5,0.0,0.0
CHEMBL4014295,rounded data citation,0.0,0.0,11.0,0.5
CHEMBL4014298,no issue,0.0,0.0,0.0,0.0
CHEMBL4014303,no issue,6.0,0.5,0.0,0.0
CHEMBL4014307,exact data citation,0.5,0.0,0.0,0.0
CHEMBL4014310,exact data citation,0.0,2.0,0.0,0.0
CHEMBL4014311,no issue,0.0,0.0,0.0,0.0
CHEMBL4014312,no issue,47.5,13.5,0.0,0.0
CHEMBL4014313,test Item with unknown chirality,0.0,0.0,0.0,0.0
CHEMBL4014315,no issue,3.5,31.0,0.0,0.0
CHEMBL4014320,exact data citation,0.0,0.0,0.5,0.0
CHEMBL4014321,no issue,0.0,4.5,0.0,0.0
CHEMBL4014322,multiply activity for same test item,8.0,0.0,0.0,0.0
CHEMBL4014323,highly correlated assays,0.0,0.0,113.5,64.0
CHEMBL4014325,no issue,38.0,0.0,0.0,0.0
CHEMBL4014327,no issue,0.0,0.0,0.0,0.0
CHEMBL4014328,no issue,0.5,2.0,0.0,0.0
CHEMBL4014334,test Item with unknown chirality,0.0,0.0,0.0,0.0
CHEMBL4014336,no issue,0.0,0.0,0.0,0.0
CHEMBL4014337,test Item with unknown chirality,0.0,0.0,0.0,0.0
CHEMBL4014340,highly correlated assays,49.5,10.0,0.0,0.0
CHEMBL4014342,exact data citation,0.0,1.0,0.0,0.0
CHEMBL4014343,no issue,1.0,0.0,0.0,0.0
CHEMBL4014345,no issue,1.5,0.5,0.0,0.0
CHEMBL4014346,rounded data citation,1.0,7.0,0.0,0.0
CHEMBL4014348,highly correlated assays,327.0,20.5,0.0,0.0
CHEMBL4014349,no issue,37.0,6.0,0.0,0.0
CHEMBL4014350,exact data citation,209.0,13.5,0.0,0.0
CHEMBL4014351,no issue,0.0,0.0,0.0,0.0
CHEMBL4014354,rounded data citation,1.0,0.5,0.0,0.0
CHEMBL4014356,no issue,2.5,0.0,0.0,0.0
CHEMBL4014357,no issue,0.0,12.0,0.0,0.5
CHEMBL4017444,no issue,0.0,2.0,0.0,0.0
CHEMBL4017447,exact data citation,3.5,0.5,0.0,0.0
CHEMBL4017448,no issue,0.0,0.5,0.0,0.0
CHEMBL4017449,exact data citation,0.0,0.0,23.0,322.5
CHEMBL4017450,exact data citation,0.0,0.0,41.0,583.0
CHEMBL4017453,no issue,0.0,0.0,0.0,0.0
CHEMBL4017455,no issue,0.0,0.0,12.0,0.0
CHEMBL4017456,no issue,2.0,1.0,0.0,0.0
CHEMBL4017457,highly correlated assays,398.5,80.5,0.0,0.0
CHEMBL4017458,no issue,12.5,0.5,0.0,0.0
CHEMBL4017461,no issue,0.0,0.0,0.0,0.0
CHEMBL4017466,no issue,5.0,3.0,0.0,0.0
CHEMBL4017467,exact data citation,0.0,0.0,0.0,1.0
CHEMBL4017469,no issue,0.0,0.5,0.0,1.0
CHEMBL4017473,multifunctional enzyme,7.5,0.0,0.0,0.0
CHEMBL4017474,no issue,0.0,0.0,0.0,0.0
CHEMBL4017477,multiply activity for same test item,0.0,0.0,1.5,0.5
CHEMBL4017480,no issue,16.5,0.0,0.0,0.0
CHEMBL4017485,multifunctional enzyme,0.5,1.5,0.0,0.0
CHEMBL4017486,review,0.0,0.0,0.0,0.0
CHEMBL4017490,no issue,32.0,230.0,0.0,0.0
CHEMBL4017492,test Item with unknown chirality,0.0,0.5,0.0,0.0
CHEMBL4017494,no issue,4.5,0.0,0.5,0.0
CHEMBL4017495,test Item with unknown chirality,0.0,0.0,0.0,0.0
CHEMBL4017496,highly correlated assays,0.0,0.0,15.0,40.5
CHEMBL4017497,multiply activity for same test item,0.0,0.0,0.5,1.0
CHEMBL4017501,no issue,3.0,4.5,0.0,0.0
CHEMBL4017506,no issue,52.0,0.0,0.0,0.0
CHEMBL4017508,shuffled assays,0.0,40.0,0.0,0.0
CHEMBL4017509,no issue,0.0,4.5,0.0,0.0
CHEMBL4017511,no issue,6.5,6.0,0.0,0.0
CHEMBL4017515,no issue,0.0,4.5,0.0,0.0
CHEMBL4017517,highly correlated assays,342.0,49.0,0.0,0.0
CHEMBL4017518,shuffled assays,0.0,0.0,4.0,120.0
CHEMBL4017519,rounded data citation,0.0,0.5,0.0,0.0
CHEMBL4017527,no issue,0.0,0.0,2.0,3.5
CHEMBL4017534,no issue,380.0,88.0,0.0,0.0
CHEMBL4017535,no issue,0.0,0.0,7.0,0.5
CHEMBL4017538,no issue,8.0,1.5,0.0,0.0
CHEMBL4017540,no issue,1.0,2.0,0.0,0.0
CHEMBL4017543,review,99.0,64.5,0.0,0.0
CHEMBL4020701,multifunctional enzyme,0.0,0.0,0.0,0.0
CHEMBL4020706,no issue,6.5,3.0,0.0,0.0
CHEMBL4020707,test Item with unknown chirality,0.0,0.0,0.0,3.0
CHEMBL4020709,highly correlated assays,306.5,9.5,0.0,0.0
CHEMBL4020710,test Item with unknown chirality,1.0,0.0,0.0,0.0
CHEMBL4020713,highly correlated assays,0.0,5.5,0.0,0.0
CHEMBL4020717,exact data citation,0.0,1.0,0.0,0.0
CHEMBL4020721,multiply activity for same test item,0.0,0.5,0.0,0.0
CHEMBL4020722,shuffled assays,172.5,102.0,0.0,0.0
CHEMBL4020723,exact data citation,4.0,0.0,0.0,0.0
CHEMBL4020724,no issue,0.0,10.0,0.0,0.0
CHEMBL4020725,no issue,0.0,0.0,0.0,0.0
CHEMBL4020726,test Item with unknown chirality,5.5,0.0,0.0,0.0
CHEMBL4020727,no issue,6.5,0.0,0.0,0.0
CHEMBL4020728,exact data citation,0.0,0.0,40.0,586.5
CHEMBL4020733,review,19.0,0.0,0.0,0.0
CHEMBL4020735,highly correlated assays,268.5,16.0,0.0,0.0
CHEMBL4020736,highly correlated assays,2.5,8.0,0.0,0.0
CHEMBL4020738,highly correlated assays,51.0,0.0,0.0,0.0
CHEMBL4020739,no issue,0.0,0.0,0.0,0.0
CHEMBL4020741,multiply activity for same test item,0.0,0.0,0.0,0.0
CHEMBL4020745,test Item with unknown chirality,25.0,0.0,0.0,0.0
CHEMBL4020748,no issue,0.0,0.0,0.0,0.0
CHEMBL4020755,no issue,1.5,0.0,0.0,0.0
CHEMBL4020756,no issue,0.0,0.0,9.0,0.0
CHEMBL4020766,multiply activity for same test item,0.0,4.5,0.0,0.0
CHEMBL4020768,test Item with unknown chirality,0.0,0.0,0.0,0.0
CHEMBL4020770,multiply activity for same test item,0.0,0.0,4.0,1.5
CHEMBL4020773,no issue,2.0,0.0,0.0,0.0
CHEMBL4020776,no issue,11.5,1.0,0.0,0.0
CHEMBL4020780,no issue,95.5,0.0,0.0,0.0
CHEMBL4020782,no issue,24.0,0.0,0.0,0.0
CHEMBL4020789,no issue,0.0,0.5,0.0,0.0
CHEMBL4020795,test Item with unknown chirality,53.5,0.5,0.0,0.0
CHEMBL4020802,no issue,0.0,0.0,0.0,0.5
CHEMBL4020805,no issue,12.5,0.0,0.0,0.0
CHEMBL4020810,no issue,16.0,0.0,0.0,0.0
CHEMBL4020814,no issue,3.5,0.0,0.0,0.0
CHEMBL4020816,multiply activity for same test item,0.0,0.0,0.0,0.0
CHEMBL4020817,no issue,0.0,0.5,0.0,0.0
CHEMBL4020818,no issue,0.0,0.0,32.0,8.5
CHEMBL4020821,no issue,2.5,3.5,0.0,0.0
CHEMBL4020822,highly correlated assays,38.0,4.5,0.0,0.0
CHEMBL4020825,no issue,0.0,0.0,30.5,96.5
CHEMBL4020826,exact data citation,0.0,0.0,0.0,4.0
CHEMBL4020829,no issue,120.0,7.5,142.0,10.5
CHEMBL4020831,no issue,552.5,84.0,0.0,0.0
CHEMBL4020833,no issue,0.0,0.0,0.0,0.5
CHEMBL4020839,no issue,0.0,20.0,0.0,0.0
CHEMBL4020842,exact data citation,102.0,20.0,0.0,0.0
CHEMBL4020845,no issue,4.0,0.0,0.0,0.0
CHEMBL4020847,no issue,0.0,1.0,0.0,0.0
CHEMBL4020849,highly correlated assays,0.0,11.0,0.0,0.0
CHEMBL4020850,no issue,278.0,48.5,0.0,0.0
CHEMBL4024701,test Item with unknown chirality,9.5,2.0,0.0,0.0
CHEMBL4024702,review,645.5,0.0,32.0,0.0
CHEMBL4024704,review,0.5,0.0,0.0,0.0
CHEMBL4024705,highly correlated assays,51.5,4.0,0.0,0.0
CHEMBL4024706,highly correlated assays,79.0,14.5,0.0,1.0
CHEMBL4024710,no issue,9.0,0.0,0.0,0.0
CHEMBL4024718,exact data citation,103.0,0.0,0.0,0.0
CHEMBL4024719,highly correlated assays,5.5,1.0,0.0,0.0
CHEMBL4024721,highly correlated assays,106.0,13.0,0.0,0.0
CHEMBL4024723,rounded data citation,0.0,0.5,0.0,0.0
CHEMBL4024724,exact data citation,0.0,0.0,40.0,548.5
CHEMBL4024743,highly correlated assays,49.5,0.0,0.0,0.0
CHEMBL4024744,exact data citation,0.5,0.0,0.0,0.0
CHEMBL4024745,review,8.0,0.0,0.0,0.0
CHEMBL4024749,multiply activity for same test item,0.0,0.0,0.0,0.0
CHEMBL4024750,no issue,0.0,0.0,0.0,0.0
CHEMBL4024753,exact data citation,0.0,0.0,16.0,227.0
CHEMBL4024756,no issue,70.5,0.0,0.0,0.0
CHEMBL4024758,no issue,0.0,0.0,32.5,0.0
CHEMBL4024763,no issue,6.0,30.5,0.0,0.0
CHEMBL4024765,test Item with unknown chirality,2.5,1.0,0.0,0.0
CHEMBL4024766,no issue,8.5,9.5,0.0,0.0
CHEMBL4024771,multiply activity for same test item,2.5,0.5,2.0,2.0
CHEMBL4024773,highly correlated assays,66.0,4.5,0.0,0.0
CHEMBL4024774,test Item with unknown chirality,0.0,0.0,0.0,0.5
CHEMBL4024776,no issue,0.0,4.5,0.0,0.0
CHEMBL4024777,exact data citation,0.0,0.0,0.0,0.5
CHEMBL4024779,no issue,0.0,1.0,0.0,0.0
CHEMBL4024780,no issue,0.0,1.5,0.0,0.0
CHEMBL4024785,highly correlated assays,0.0,0.0,0.0,27.5
CHEMBL4024790,highly correlated assays,7.0,1.5,0.0,0.0
CHEMBL4024791,highly correlated assays,20.0,6.0,0.5,0.0
CHEMBL4024792,no issue,30.5,4.5,0.0,0.0
CHEMBL4024793,no issue,14.0,0.0,0.0,0.0
CHEMBL4024797,exact data citation,0.5,0.0,0.0,0.0
CHEMBL4024800,exact data citation,0.5,0.0,0.0,0.0
CHEMBL4024803,no issue,0.0,0.0,0.0,0.0
CHEMBL4028806,review,3.0,0.0,0.0,0.0
CHEMBL4028807,highly correlated assays,0.0,0.0,37.0,515.5
CHEMBL4028811,no issue,95.5,5.5,0.0,0.0
CHEMBL4028812,rounded data citation,15.5,0.0,0.0,0.0
CHEMBL4028814,no issue,16.5,0.0,0.0,0.0
CHEMBL4028818,multifunctional enzyme,96.0,28.0,0.0,0.0
CHEMBL4028821,rounded data citation,6.5,0.0,0.0,0.0
CHEMBL4028823,review,0.0,0.0,0.0,0.0
CHEMBL4028825,exact data citation,0.0,0.5,0.0,0.0
CHEMBL4028830,highly correlated assays,88.0,0.0,0.0,0.0
CHEMBL4028831,no issue,0.0,36.0,0.0,0.0
CHEMBL4028835,no issue,2.5,0.0,0.0,0.0
CHEMBL4028842,no issue,7.0,0.0,0.0,0.0
CHEMBL4028844,review,1.0,0.0,0.0,0.0
CHEMBL4028847,review,0.0,0.0,1.0,0.0
CHEMBL4028848,no issue,0.0,4.5,0.0,0.0
CHEMBL4028852,high citation rate,0.0,35.5,0.0,0.0
CHEMBL4028861,shuffled assays,12.5,16.0,0.0,0.0
CHEMBL4028864,highly correlated assays,253.5,7.0,0.0,0.0
CHEMBL4028865,multiply activity for same test item,1.0,0.0,0.0,0.0
CHEMBL4028866,no issue,32.5,1.0,0.0,0.0
CHEMBL4028871,exact data citation,0.0,1.0,0.0,0.0
CHEMBL4028872,high citation rate,0.0,84.0,0.0,0.0
CHEMBL4028873,no issue,0.0,4.0,0.0,0.0
CHEMBL4028875,multifunctional enzyme,0.0,0.0,0.0,0.0
CHEMBL4028876,multiply activity for same test item,12.0,0.0,0.0,0.0
CHEMBL4028877,review,0.0,0.0,5.5,0.0
CHEMBL4028878,multiply activity for same test item,0.0,0.0,0.0,0.0
CHEMBL4028881,no issue,0.0,0.0,1.5,0.0
CHEMBL4028885,exact data citation,4.0,0.0,0.0,0.0
CHEMBL4028887,no issue,0.0,0.0,0.0,2.0
CHEMBL4028891,test Item with unknown chirality,0.0,0.0,4.0,0.0
CHEMBL4028893,high citation rate,20.5,36.0,0.0,0.0
CHEMBL4028895,no issue,13.5,0.5,0.0,0.0
CHEMBL4028896,highly correlated assays,0.0,2.0,0.0,0.0
CHEMBL4028897,no issue,0.0,0.0,1.5,1.5
CHEMBL4028904,no issue,0.0,36.5,0.0,0.0
CHEMBL4028905,exact data citation,2.5,3.5,0.0,0.0
CHEMBL4028906,no issue,5.5,2.5,0.0,0.0
CHEMBL4028908,no issue,183.0,17.0,0.0,0.0
CHEMBL4028911,no issue,93.0,8.0,0.0,0.0
CHEMBL4028913,highly correlated assays,330.0,14.5,0.0,0.0
CHEMBL4028917,exact data citation,0.0,0.0,41.5,10.0
CHEMBL4033612,test Item with unknown chirality,29.0,31.5,0.0,0.0
CHEMBL4033620,highly correlated assays,255.0,28.5,0.0,0.0
CHEMBL4033630,rounded data citation,25.0,8.5,0.0,0.0
CHEMBL4033632,test Item with unknown chirality,154.0,7.0,0.0,0.0
CHEMBL4033634,exact data citation,0.0,0.0,35.0,483.5
CHEMBL4033636,no issue,13.0,0.0,1.0,0.0
CHEMBL4033637,no issue,19.5,0.0,0.0,0.0
CHEMBL4033641,highly correlated assays,205.5,17.0,0.0,0.0
CHEMBL4033642,no issue,3.5,0.0,0.0,0.0
CHEMBL4033644,exact data citation,13.5,0.5,0.0,0.0
CHEMBL4033645,no issue,46.5,4.0,0.0,0.0
CHEMBL4033646,no issue,0.0,0.0,8.0,48.0
CHEMBL4033647,no issue,2.0,0.0,0.0,0.0
CHEMBL4033649,test Item with unknown chirality,0.0,0.0,0.0,0.0
CHEMBL4033650,shuffled assays,57.5,2.0,0.0,0.0
CHEMBL4033655,no issue,0.5,1.0,0.0,0.0
CHEMBL4033657,no issue,0.0,0.0,0.0,0.0
CHEMBL4033660,no issue,0.0,0.0,0.0,0.0
CHEMBL4033661,test Item with unknown chirality,0.5,0.0,0.0,0.0
CHEMBL4033662,highly correlated assays,0.0,0.0,12.0,0.5
CHEMBL4033665,highly correlated assays,50.5,0.0,2.5,0.0
CHEMBL4033668,multifunctional enzyme,118.0,12.0,4.0,0.0
CHEMBL4033672,highly correlated assays,7.5,1.5,0.0,0.0
CHEMBL4033675,exact data citation,0.0,0.5,0.0,0.0
CHEMBL4033676,test Item with unknown chirality,230.5,34.0,0.0,0.0
CHEMBL4033678,no issue,0.5,0.0,0.0,0.0
CHEMBL4033681,highly correlated assays,0.0,0.0,28.5,84.0
CHEMBL4033682,no issue,24.0,20.5,0.0,0.0
CHEMBL4033684,rounded data citation,0.0,0.5,0.0,0.0
CHEMBL4033688,no issue,22.5,2.5,0.0,0.0
CHEMBL4033689,highly correlated assays,57.0,1.0,345.5,0.0
CHEMBL4033690,multifunctional enzyme,10.5,0.0,0.0,0.0
CHEMBL4033693,exact data citation,0.0,0.0,26.5,1605.5
CHEMBL4033700,multiply activity for same test item,2.0,0.0,0.0,0.0
CHEMBL4033705,no issue,16.0,2.5,0.0,0.0
CHEMBL4033706,highly correlated assays,0.0,0.0,36.0,511.0
CHEMBL4033707,shuffled assays,0.0,19.0,0.0,0.0
CHEMBL4033708,no issue,3.5,0.0,0.0,0.0
CHEMBL4033711,exact data citation,4.0,0.0,0.0,0.0
CHEMBL4033714,no issue,0.0,40.0,0.0,0.0
CHEMBL4033719,no issue,0.0,1.0,0.0,0.0
CHEMBL4033722,multifunctional enzyme,7.0,0.0,0.0,0.0
CHEMBL4033724,exact data citation,0.0,0.0,10.0,126.0
CHEMBL4033725,no issue,640.5,4.0,0.0,0.0
CHEMBL4033726,no issue,0.0,2.5,0.0,0.0
CHEMBL4033727,exact data citation,16.0,0.0,0.0,0.0
CHEMBL4033736,no issue,0.0,0.0,0.5,0.5
CHEMBL4033742,exact data citation,0.0,2.5,0.0,0.0
CHEMBL4033746,no issue,28.0,0.5,0.0,0.0
CHEMBL4033748,exact data citation,0.0,0.0,0.5,2.0
CHEMBL4033750,test Item with unknown chirality,0.0,0.5,0.0,0.0
CHEMBL4033752,no issue,0.0,8.0,0.0,0.0
CHEMBL4033759,no issue,0.0,0.0,45.5,0.0
CHEMBL4033760,no issue,0.0,0.0,0.0,0.0
CHEMBL4033767,no issue,0.5,0.0,0.0,0.0
CHEMBL4033771,no issue,0.0,1.5,0.0,0.0
CHEMBL4033774,highly correlated assays,24.5,0.0,0.0,0.0
CHEMBL4033775,highly correlated assays,21.0,0.0,13.0,0.0
CHEMBL4033783,exact data citation,1.0,1.5,0.0,0.0
CHEMBL4033784,no issue,0.0,0.0,0.0,0.0
CHEMBL4033786,no issue,0.5,3.0,0.0,0.0
CHEMBL4033791,no issue,0.5,0.0,0.0,0.0
CHEMBL4033792,no issue,0.0,0.0,0.0,0.0
CHEMBL4033793,no issue,2.0,0.0,0.0,0.0
CHEMBL4033794,rounded data citation,9.5,0.0,0.0,0.0
CHEMBL4033795,no issue,3.0,1.0,0.0,0.0
CHEMBL4033796,highly correlated assays,85.0,8.0,0.0,0.0
CHEMBL4033797,no issue,0.0,20.0,0.0,0.0
CHEMBL4033799,no issue,0.0,0.0,0.0,0.0
CHEMBL4033800,exact data citation,7.0,2.5,0.0,0.0
CHEMBL4038268,no issue,0.0,0.0,24.0,0.5
CHEMBL4038269,test Item with unknown chirality,50.0,0.5,1.5,0.0
CHEMBL4038273,multifunctional enzyme,95.0,0.0,0.0,0.0
CHEMBL4038274,no issue,58.0,1.5,0.0,0.0
CHEMBL4038276,no issue,0.0,0.0,4.0,1.0
CHEMBL4038277,highly correlated assays,504.0,184.0,1.0,0.0
CHEMBL4038280,exact data citation,0.0,0.0,23.0,322.5
CHEMBL4038281,no issue,15.0,1.0,0.0,0.0
CHEMBL4038283,highly correlated assays,0.0,0.0,28.5,74.0
CHEMBL4038289,no issue,0.0,0.0,2.5,0.0
CHEMBL4038300,highly correlated assays,0.0,0.0,106.5,0.5
CHEMBL4038301,no issue,2.0,1.0,0.0,0.0
CHEMBL4038304,high citation rate,1238.0,504.0,0.0,0.0
CHEMBL4038310,exact data citation,0.0,1.0,0.0,0.0
CHEMBL4038312,high citation rate,14.5,0.5,0.0,0.0
CHEMBL4038320,no issue,1.5,0.0,0.0,0.0
CHEMBL4038325,multiply activity for same test item,64.5,0.0,0.0,0.0
CHEMBL4038326,no issue,0.0,5.0,0.0,0.0
CHEMBL4038330,no issue,66.0,0.0,0.0,0.0
CHEMBL4038334,multifunctional enzyme,115.0,27.5,0.0,0.0
CHEMBL4038337,no issue,8.0,1.5,0.0,0.0
CHEMBL4038338,test Item with unknown chirality,0.0,0.0,0.0,1.5
CHEMBL4038339,no issue,0.5,0.0,55.5,15.5
CHEMBL4038340,no issue,0.0,2.5,0.0,0.0
CHEMBL4038341,no issue,0.0,0.0,0.0,0.0
CHEMBL4038342,highly correlated assays,0.0,0.0,0.0,16.0
CHEMBL4038343,no issue,33.5,0.0,2.5,0.0
CHEMBL4038344,no issue,32.0,60.5,0.0,0.0
CHEMBL4038348,exact data citation,7.0,2.0,0.0,0.0
CHEMBL4038349,exact data citation,0.0,0.0,0.0,1.5
CHEMBL4038351,highly correlated assays,392.0,70.0,0.0,0.0
CHEMBL4041466,no issue,57.0,1.0,0.0,0.0
CHEMBL4041469,exact data citation,0.0,0.0,13.5,22.0
CHEMBL4041474,no issue,2.5,1.5,0.0,0.0
CHEMBL4041477,exact data citation,0.0,1.0,0.0,0.0
CHEMBL4041480,review,5.0,0.0,0.0,0.0
CHEMBL4041481,rounded data citation,0.5,1.0,0.0,0.0
CHEMBL4041490,no issue,0.0,0.0,0.0,4.0
CHEMBL4041492,no issue,0.0,0.0,246.0,52.0
CHEMBL4041496,no issue,0.0,0.0,0.0,0.0
CHEMBL4041499,highly correlated assays,275.5,1.0,0.0,0.0
CHEMBL4041501,multifunctional enzyme,2.5,0.0,0.5,0.0
CHEMBL4041506,no issue,8.0,1.0,0.0,0.0
CHEMBL4041507,no issue,6.5,3.0,0.5,0.0
CHEMBL4041516,no issue,360.0,0.0,0.0,0.0
CHEMBL4041518,shuffled assays,145.5,1.5,0.0,0.0
CHEMBL4041521,highly correlated assays,370.5,23.0,0.0,0.0
CHEMBL4041526,no issue,0.0,2.0,0.0,0.0
CHEMBL4041533,no issue,2.0,0.0,0.0,0.0
CHEMBL4041544,high citation rate,270.0,90.0,0.0,0.0
CHEMBL4041549,test Item with unknown chirality,0.0,0.5,0.0,0.0
CHEMBL4043061,no issue,8.0,0.0,0.0,0.0
CHEMBL4043066,highly correlated assays,467.0,257.0,56.0,0.0
CHEMBL4043074,highly correlated assays,0.0,0.0,47.0,692.5
CHEMBL4043078,no issue,0.0,0.0,0.0,0.0
CHEMBL4043079,no issue,0.0,4.0,0.0,0.0
CHEMBL4043080,highly correlated assays,3.5,3.5,0.0,0.0
CHEMBL4043085,multifunctional enzyme,103.5,0.0,0.0,0.0
CHEMBL4043093,highly correlated assays,0.0,2.0,0.0,0.0
CHEMBL4043100,no issue,0.0,0.0,1.5,0.0
CHEMBL4043101,rounded data citation,0.0,0.0,245.0,79.5
CHEMBL4043103,highly correlated assays,125.0,0.0,0.0,0.0
CHEMBL4043105,rounded data citation,0.0,1.5,0.0,0.0
CHEMBL4043109,no issue,0.0,0.0,0.0,0.0
CHEMBL4043110,no issue,79.5,2.0,0.0,0.0
CHEMBL4043111,test Item with unknown chirality,0.0,19.0,0.0,0.0
CHEMBL4043115,shuffled assays,0.0,0.0,18.0,263.5
CHEMBL4043116,exact data citation,0.0,0.0,1.5,0.0
CHEMBL4043118,multifunctional enzyme,2.5,0.0,0.0,0.0
CHEMBL4043120,highly correlated assays,16.0,0.0,0.0,0.0
CHEMBL4043122,no issue,0.0,0.0,0.0,0.0
CHEMBL4043124,exact data citation,0.0,0.0,12.0,159.0
CHEMBL4043125,exact data citation,0.0,1.0,0.0,0.0
CHEMBL4043129,no issue,0.5,0.0,0.0,0.0
CHEMBL4043136,highly correlated assays,0.0,0.0,30.5,78.5
CHEMBL4043137,no issue,381.5,51.0,0.0,0.0
CHEMBL4043141,no issue,2.5,1.5,0.0,0.0
CHEMBL4043157,multifunctional enzyme,0.0,1.0,0.0,0.0
CHEMBL4043158,highly correlated assays,0.0,0.0,40.0,552.0
CHEMBL4043161,exact data citation,0.0,0.0,18.5,49.0
CHEMBL4043167,exact data citation,0.0,3.5,0.0,0.0
CHEMBL4043168,multifunctional enzyme,4.0,0.0,0.0,0.0
CHEMBL4043170,rounded data citation,2.5,0.0,0.0,0.0
CHEMBL4043177,no issue,0.0,1.0,1.0,0.0
CHEMBL4043179,highly correlated assays,16.5,14.0,0.0,0.0
CHEMBL4043185,no issue,0.0,0.0,0.0,0.0
CHEMBL4043190,no issue,0.0,0.0,0.5,1.5
CHEMBL4043197,exact data citation,108.0,21.5,0.0,0.0
CHEMBL4043199,exact data citation,0.0,0.5,0.0,0.0
CHEMBL4043200,no issue,0.5,0.5,0.0,0.0
CHEMBL4043201,rounded data citation,0.5,1.5,0.0,0.0
CHEMBL4043203,highly correlated assays,102.5,1.0,0.0,0.0
CHEMBL4043209,no issue,0.0,0.0,0.0,7.0
CHEMBL4043213,exact data citation,0.0,0.0,109.5,64.0
CHEMBL4043216,no issue,234.5,1.0,0.0,0.0
CHEMBL4043218,rounded data citation,0.5,2.0,0.0,0.0
CHEMBL4043219,highly correlated assays,0.0,0.0,41.0,613.5
CHEMBL4043220,test Item with unknown chirality,20.0,5.0,0.0,0.0
CHEMBL4043222,highly correlated assays,150.0,5.0,0.0,0.0
CHEMBL4043226,no issue,66.0,0.0,0.0,0.0
CHEMBL4043227,test Item with unknown chirality,0.5,0.0,0.0,0.0
CHEMBL4043231,no issue,0.5,0.5,0.0,0.0
CHEMBL4043236,no issue,3.0,0.0,0.0,0.0
CHEMBL4043238,no issue,0.0,0.0,0.0,0.0
CHEMBL4043239,highly correlated assays,0.0,64.0,0.0,0.0
CHEMBL4043241,no issue,0.5,0.0,0.0,0.0
CHEMBL4043246,no issue,31.5,0.5,0.0,0.0
CHEMBL4043248,exact data citation,0.0,6.0,0.0,0.0
CHEMBL4043252,no issue,0.5,18.5,0.0,0.0
CHEMBL4043255,highly correlated assays,254.0,29.5,0.0,0.0
CHEMBL4043257,rounded data citation,12.0,4.0,0.0,0.0
CHEMBL4043263,test Item with unknown chirality,0.0,1.5,0.0,0.0
CHEMBL4043265,multiply activity for same test item,0.0,0.5,0.0,0.0
CHEMBL4043266,test Item with unknown chirality,2.0,0.0,0.0,0.0
CHEMBL4043268,exact data citation,117.0,2.0,0.0,0.0
CHEMBL4043275,highly correlated assays,265.5,34.5,0.0,0.0
CHEMBL4043276,test Item with unknown chirality,177.5,27.5,0.0,0.0
CHEMBL4043278,no issue,1.5,0.0,0.0,0.0
CHEMBL4043280,no issue,4.5,0.0,0.0,0.0
CHEMBL4043282,no issue,0.0,0.0,0.0,0.0
CHEMBL4043283,no issue,4.5,0.0,0.0,0.0
CHEMBL4043285,no issue,0.5,0.0,0.0,0.0
CHEMBL4043288,exact data citation,0.0,0.0,0.0,1.5
CHEMBL4043290,no issue,2.0,0.0,0.0,0.0
CHEMBL4043291,highly correlated assays,24.0,158.0,0.0,0.0
CHEMBL4043295,no issue,0.0,0.0,3.5,0.0
CHEMBL4043296,highly correlated assays,0.0,40.0,5.5,0.0
CHEMBL4043298,no issue,0.0,2.0,0.0,0.0
CHEMBL4043299,multiply activity for same test item,0.0,0.0,0.0,0.0
CHEMBL4043301,test Item with unknown chirality,0.0,0.0,0.0,0.0
CHEMBL4043302,multiply activity for same test item,4.0,3.5,0.0,0.0
CHEMBL4043303,no issue,0.0,0.5,0.0,1.0
CHEMBL4043306,rounded data citation,4.5,0.5,0.0,0.0
CHEMBL4043307,no issue,0.0,2.0,0.0,0.0
CHEMBL4043308,no issue,12.5,0.0,0.0,0.0
CHEMBL4043310,multiply activity for same test item,0.0,0.0,0.0,4.5
CHEMBL4049382,exact data citation,0.5,0.0,0.0,0.0
CHEMBL4049386,no issue,0.0,0.0,0.0,0.0
CHEMBL4049389,test Item with unknown chirality,0.0,1.5,0.0,1.5
CHEMBL4049393,exact data citation,164.5,0.0,0.0,0.0
CHEMBL4049396,test Item with unknown chirality,75.0,9.5,0.0,0.0
CHEMBL4049397,highly correlated assays,329.0,137.5,0.0,0.0
CHEMBL4049398,test Item with unknown chirality,1.0,0.5,0.0,0.0
CHEMBL4049399,no issue,78.5,0.5,0.0,0.0
CHEMBL4049403,rounded data citation,11.0,0.5,0.0,0.0
CHEMBL4049405,no issue,0.0,0.0,0.0,0.0
CHEMBL4049406,high citation rate,24.0,26.5,0.0,0.0
CHEMBL4049407,no issue,0.0,0.0,0.0,2.0
CHEMBL4049413,no issue,3.0,0.0,0.0,0.0
CHEMBL4049419,test Item with unknown chirality,0.0,0.0,0.0,0.0
CHEMBL4049420,multifunctional enzyme,1.0,0.0,0.0,0.0
CHEMBL4049423,no issue,0.0,0.5,0.0,0.0
CHEMBL4049425,no issue,0.0,0.0,0.0,0.5
CHEMBL4049426,shuffled assays,0.0,0.0,72.0,128.0
CHEMBL4049428,highly correlated assays,322.0,0.0,0.0,0.0
CHEMBL4049429,highly correlated assays,0.0,0.0,71.5,35.5
CHEMBL4049432,highly correlated assays,32.0,14.0,0.0,0.0
CHEMBL4049434,no issue,0.0,0.0,86.0,220.0
CHEMBL4049435,shuffled assays,16.0,22.0,0.0,0.0
CHEMBL4049436,multifunctional enzyme,0.0,0.0,0.0,0.0
CHEMBL4049437,no issue,22.0,2.0,0.0,0.0
CHEMBL4049440,no issue,84.0,4.0,0.0,0.0
CHEMBL4049441,exact data citation,0.0,0.0,14.0,5.0
CHEMBL4049442,no issue,11.0,0.0,0.0,0.0
CHEMBL4049443,highly correlated assays,32.0,27.5,0.0,0.0
CHEMBL4049447,highly correlated assays,0.0,0.0,0.0,15.0
CHEMBL4049450,no issue,0.0,0.0,0.0,1.0
CHEMBL4049451,no issue,0.0,0.0,0.0,3.0
CHEMBL4049454,no issue,0.0,1.0,0.0,0.0
CHEMBL4049455,no issue,0.0,0.0,0.0,0.0
CHEMBL4049456,high citation rate,64.0,82.5,0.0,0.0
CHEMBL4049457,shuffled assays,76.0,0.5,0.0,0.0
CHEMBL4049458,no issue,9.5,1.0,0.0,0.0
CHEMBL4049460,no issue,564.5,0.5,0.0,0.0
CHEMBL4052581,review,1.0,0.0,2.0,0.0
CHEMBL4052582,no issue,11.0,0.0,0.0,0.0
CHEMBL4052584,highly correlated assays,0.0,0.0,2.5,7.0
CHEMBL4052585,no issue,0.0,0.0,1.0,0.5
CHEMBL4052588,high citation rate,0.0,25.5,0.0,0.0
CHEMBL4052599,no issue,50.0,0.0,2.5,0.0
CHEMBL4052600,highly correlated assays,21.5,7.0,0.0,0.0
CHEMBL4052601,no issue,0.5,1.0,0.0,0.0
CHEMBL4052607,highly correlated assays,0.0,0.0,10.0,1.0
CHEMBL4052610,shuffled assays,208.0,180.5,0.0,0.0
CHEMBL4052615,exact data citation,0.0,0.0,0.0,1.5
CHEMBL4052618,no issue,472.5,164.0,0.0,0.0
CHEMBL4052619,no issue,0.0,0.0,0.0,0.0
CHEMBL4052620,exact data citation,61.0,5.5,0.0,0.0
CHEMBL4052623,no issue,13.0,0.0,0.0,0.0
CHEMBL4052625,multifunctional enzyme,67.5,15.0,1.0,0.0
CHEMBL4052630,test Item with unknown chirality,107.5,14.0,0.0,0.0
CHEMBL4052631,no issue,2.5,4.5,0.0,0.0
CHEMBL4052632,highly correlated assays,105.5,8.5,0.0,0.0
CHEMBL4052640,multifunctional enzyme,0.0,0.0,7.0,0.5
CHEMBL4052641,multifunctional enzyme,365.5,0.0,2.0,0.0
CHEMBL4052642,no issue,3.5,0.0,0.0,0.0
CHEMBL4052643,highly correlated assays,0.0,0.0,59.0,62.5
CHEMBL4052645,no issue,0.0,0.0,0.0,0.0
CHEMBL4052647,multifunctional enzyme,84.0,6.5,0.0,0.0
CHEMBL4052654,test Item with unknown chirality,0.0,0.0,0.0,0.0
CHEMBL4052657,rounded data citation,5.0,1.5,0.0,0.0
CHEMBL4052658,no issue,2.5,1.0,0.0,0.0
CHEMBL4052659,no issue,117.0,3.5,0.0,0.0
CHEMBL4052661,no issue,188.0,92.5,0.0,0.0
CHEMBL4052662,no issue,101.0,14.0,0.0,0.0
CHEMBL4052665,exact data citation,0.0,1.0,0.0,0.0
CHEMBL4052666,exact data citation,24.5,0.0,0.0,0.0
CHEMBL4052667,highly correlated assays,237.5,19.5,0.0,0.0
CHEMBL4052669,test Item with unknown chirality,0.5,2.0,0.0,0.0
CHEMBL4052673,no issue,0.0,1.0,0.0,0.0
CHEMBL4052674,no issue,31.0,2.5,0.0,0.0
CHEMBL4052683,no issue,16.0,0.5,0.0,0.0
CHEMBL4052685,highly correlated assays,207.5,3.5,0.0,0.0
CHEMBL4052688,no issue,0.5,0.0,0.0,0.0
CHEMBL4052689,multiply activity for same test item,0.0,0.0,1.5,0.5
CHEMBL4052692,exact data citation,12.5,0.5,0.0,0.0
CHEMBL4052693,multifunctional enzyme,0.0,1.0,0.0,0.0
CHEMBL4052694,exact data citation,0.0,1.0,0.0,0.0
CHEMBL4052700,no issue,702.5,294.0,0.0,0.0
CHEMBL4052702,highly correlated assays,388.5,3.5,0.0,0.0
CHEMBL4052703,highly correlated assays,384.0,23.5,0.0,0.0
CHEMBL4052709,test Item with unknown chirality,0.0,3.5,0.0,0.0
CHEMBL4052710,exact data citation,12.5,0.0,0.0,0.0
CHEMBL4052711,multiply activity for same test item,0.5,0.0,0.0,0.0
CHEMBL4052719,no issue,0.0,4.0,0.0,0.0
CHEMBL4052720,no issue,0.0,5.0,0.0,0.0
CHEMBL4052730,no issue,0.5,0.0,0.0,0.0
CHEMBL4052739,no issue,0.0,16.0,0.0,0.0
CHEMBL4052740,no issue,0.0,1.0,0.0,0.0
CHEMBL4052741,multiply activity for same test item,0.0,0.0,0.0,5.0
CHEMBL4052742,no issue,5.5,18.0,0.0,0.0
CHEMBL4052743,no issue,1.0,0.5,0.0,0.0
CHEMBL4052744,exact data citation,0.0,3.0,0.0,0.0
CHEMBL4052752,multifunctional enzyme,19.0,1.0,0.0,0.0
CHEMBL4052758,exact data citation,5.5,0.5,0.0,0.0
CHEMBL4052762,multifunctional enzyme,10.5,10.0,0.0,0.0
CHEMBL4052763,exact data citation,0.5,0.0,0.0,0.0
CHEMBL4052764,exact data citation,0.0,0.0,0.0,0.5
CHEMBL4052772,highly correlated assays,30.0,28.0,0.0,0.0
CHEMBL4052773,exact data citation,0.0,0.5,0.0,0.0
CHEMBL4052776,no issue,24.0,0.0,0.0,0.0
CHEMBL4052777,highly correlated assays,85.0,3.0,0.0,0.0
CHEMBL4052785,no issue,16.5,1.0,0.0,0.0
CHEMBL4052787,no issue,0.0,0.0,0.0,1.0
CHEMBL4052789,no issue,0.0,0.0,0.0,3.5
CHEMBL4052794,no issue,88.0,4.0,0.0,0.0
CHEMBL4052796,test Item with unknown chirality,54.0,0.0,0.0,0.0
CHEMBL4052799,no issue,0.0,0.5,0.0,0.0
CHEMBL4052807,multifunctional enzyme,0.5,4.0,0.0,0.0
CHEMBL4052812,no issue,0.0,0.0,0.0,0.0
CHEMBL4052814,no issue,0.0,0.0,0.0,0.0
CHEMBL4052817,no issue,150.5,0.0,0.0,0.0
CHEMBL4052827,no issue,0.0,18.5,0.0,0.0
CHEMBL4052828,no issue,6.5,12.0,0.0,0.0
CHEMBL4052831,high citation rate,0.0,16.5,0.0,0.0
CHEMBL4052832,no issue,2.5,1.0,0.0,5.0
CHEMBL4118021,exact data citation,2.0,14.5,0.0,0.0
CHEMBL4118038,rounded data citation,58.5,3.5,0.0,0.0
CHEMBL4118061,rounded data citation,0.5,2.0,0.0,0.0
CHEMBL4118064,no issue,0.0,1.0,9.0,6.0
CHEMBL4118067,rounded data citation,27.5,0.5,0.0,0.0
CHEMBL4118068,highly correlated assays,0.0,0.0,0.0,5.0
CHEMBL4118079,no issue,0.0,4.0,0.0,0.0
CHEMBL4118084,test Item with unknown chirality,0.5,0.0,0.0,0.0
CHEMBL4118086,no issue,0.0,0.0,0.0,0.0
CHEMBL4118088,no issue,0.0,0.0,0.5,0.0
CHEMBL4118091,multiply activity for same test item,0.0,0.0,40.0,548.5
CHEMBL4118094,no issue,8.5,3.0,0.0,0.0
CHEMBL4118097,no issue,0.0,0.0,0.0,0.0
CHEMBL4118102,no issue,0.0,0.0,0.0,0.0
CHEMBL4118108,shuffled assays,9.0,0.0,0.0,0.0
CHEMBL4118111,no issue,15.0,0.0,0.0,0.0
CHEMBL4118112,no issue,0.0,0.0,0.0,0.0
CHEMBL4118113,exact data citation,0.0,0.0,2.0,1.0
CHEMBL4118122,no issue,0.0,1.5,0.0,0.0
CHEMBL4118124,no issue,0.0,0.0,0.0,0.0
CHEMBL4118126,no issue,0.0,2.5,0.0,0.0
CHEMBL4118128,no issue,0.0,0.0,0.0,0.0
CHEMBL4118135,no issue,0.0,0.0,0.0,0.0
CHEMBL4118139,highly correlated assays,0.0,0.0,27.0,14.5
CHEMBL4118144,no issue,0.0,0.0,0.0,0.0
CHEMBL4118149,no issue,0.0,1.0,0.0,0.0
CHEMBL4118152,test Item with unknown chirality,0.0,0.0,0.0,0.0
CHEMBL4118156,no issue,14.5,2.5,0.0,0.0
CHEMBL4118162,no issue,3.0,0.0,0.0,0.0
CHEMBL4118166,highly correlated assays,32.0,2.5,0.0,0.0
CHEMBL4118169,no issue,2.0,0.0,0.0,0.0
CHEMBL4118173,no issue,16.5,34.0,0.0,0.0
CHEMBL4118176,no issue,0.0,0.0,0.0,0.0
CHEMBL4118178,no issue,4.0,12.0,0.0,0.0
CHEMBL4118179,rounded data citation,14.5,2.5,0.0,0.0
CHEMBL4118181,no issue,6.5,6.0,0.0,0.0
CHEMBL4118182,no issue,36.5,0.0,0.0,0.0
CHEMBL4118184,rounded data citation,17.5,1.0,0.0,0.0
CHEMBL4118186,rounded data citation,12.5,0.5,0.0,0.0
CHEMBL4118189,no issue,0.0,0.0,0.0,0.0
CHEMBL4118192,highly correlated assays,112.0,1.5,0.0,0.0
CHEMBL4118196,multifunctional enzyme,0.0,0.0,0.0,0.0
CHEMBL4118202,highly correlated assays,0.0,0.0,0.0,0.0
CHEMBL4118204,test Item with unknown chirality,2.0,0.0,0.0,0.0
CHEMBL4118208,no issue,2.0,0.0,0.0,0.0
CHEMBL4118209,no issue,17.0,0.0,0.0,0.0
CHEMBL4118215,no issue,1.5,0.5,0.0,0.0
CHEMBL4118216,exact data citation,0.0,2.0,0.0,0.0
CHEMBL4118217,rounded data citation,2.5,0.5,0.0,0.0
CHEMBL4118219,no issue,3.0,0.0,0.0,0.0
CHEMBL4118224,no issue,0.0,0.5,0.0,1.0
CHEMBL4118225,highly correlated assays,234.5,0.0,0.0,0.0
CHEMBL4118226,no issue,0.0,4.0,0.0,0.0
CHEMBL4118228,no issue,1.0,0.5,0.0,0.0
CHEMBL4118230,no issue,1.0,0.0,0.0,0.0
CHEMBL4118231,no issue,0.0,0.0,2.5,3.5
CHEMBL4118232,exact data citation,16.0,2.0,0.0,0.0
CHEMBL4118233,exact data citation,4.5,0.0,0.0,0.0
CHEMBL4118234,high citation rate,1290.0,240.0,0.0,0.0
CHEMBL4118236,no issue,8.0,16.5,0.0,0.0
CHEMBL4118237,no issue,0.0,0.0,0.0,3.5
CHEMBL4118239,no issue,31.0,50.0,0.0,0.0
CHEMBL4118241,test Item with unknown chirality,0.0,0.0,0.0,0.0
CHEMBL4118244,test Item with unknown chirality,50.5,0.0,0.0,0.0
CHEMBL4118246,highly correlated assays,14.0,2.0,0.0,0.0
CHEMBL4118248,no issue,0.0,0.0,0.0,1.0
CHEMBL4118250,no issue,6.5,0.0,0.0,0.0
CHEMBL4118252,no issue,0.0,0.0,0.0,0.0
CHEMBL4118257,test Item with unknown chirality,0.0,0.0,0.0,0.0
CHEMBL4118259,no issue,1.0,0.0,0.0,0.0
CHEMBL4118260,multiply activity for same test item,0.0,2.0,0.0,0.0
CHEMBL4118262,highly correlated assays,0.5,65.5,0.0,3.5
CHEMBL4118263,test Item with unknown chirality,50.5,0.0,0.0,0.0
CHEMBL4118265,highly correlated assays,51.0,0.0,0.0,0.0
CHEMBL4118266,shuffled assays,10.5,0.5,0.0,0.0
CHEMBL4118273,exact data citation,15.5,0.5,0.0,0.0
CHEMBL4118276,no issue,0.5,0.0,0.0,0.0
CHEMBL4118277,multifunctional enzyme,67.0,23.0,0.0,0.0
CHEMBL4118283,exact data citation,0.0,2.0,0.0,0.0
CHEMBL4118286,test Item with unknown chirality,46.5,4.0,0.0,0.0
CHEMBL4118289,highly correlated assays,322.0,0.5,136.0,0.0
CHEMBL4130345,highly correlated assays,123.0,21.0,0.0,0.0
CHEMBL4130348,highly correlated assays,1.0,2.0,0.0,0.5
CHEMBL4130350,no issue,25.5,2.0,0.0,0.0
CHEMBL4130354,no issue,0.5,2.0,0.0,0.0
CHEMBL4130355,no issue,97.5,5.5,0.0,0.0
CHEMBL4130357,test Item with unknown chirality,0.0,2.5,0.0,0.0
CHEMBL4130359,no issue,51.5,1.0,0.0,0.0
CHEMBL4130360,exact data citation,0.0,0.5,0.0,0.0
CHEMBL4130362,highly correlated assays,69.5,5.5,0.0,0.0
CHEMBL4130365,review,18.5,0.0,0.0,0.0
CHEMBL4130375,rounded data citation,24.5,0.5,0.0,0.0
CHEMBL4130378,no issue,2.5,4.0,0.0,0.0
CHEMBL4130380,exact data citation,0.0,8.0,0.0,0.0
CHEMBL4130381,review,11.0,0.0,0.0,0.0
CHEMBL4130383,exact data citation,0.0,0.5,0.0,0.0
CHEMBL4130389,exact data citation,1.0,0.0,7.5,0.0
CHEMBL4130391,no issue,11.5,4.0,0.0,0.0
CHEMBL4130393,review,17.5,0.0,0.0,0.0
CHEMBL4130395,rounded data citation,20.0,0.0,0.0,0.0
CHEMBL4130406,no issue,40.0,174.5,0.0,0.0
CHEMBL4130407,exact data citation,126.0,0.0,0.0,0.0
CHEMBL4130413,no issue,66.5,13.0,0.0,0.0
CHEMBL4130418,exact data citation,180.5,15.0,0.0,0.0
CHEMBL4130423,exact data citation,0.0,2.5,0.0,0.0
CHEMBL4130429,no issue,65.5,8.0,0.0,0.0
CHEMBL4130432,no issue,74.5,0.0,0.0,0.0
CHEMBL4130442,no issue,3.5,0.0,0.0,0.0
CHEMBL4130448,rounded data citation,17.0,1.5,0.0,0.0
CHEMBL4130451,multiply activity for same test item,0.0,2.0,0.0,0.0
CHEMBL4130452,no issue,0.5,0.0,0.0,0.0
CHEMBL4130456,no issue,12.0,90.0,0.0,0.0
CHEMBL4130457,no issue,0.0,0.0,0.0,0.0
CHEMBL4130465,multifunctional enzyme,10.5,0.0,0.0,0.0
CHEMBL4130469,no issue,0.5,0.0,0.0,0.0
CHEMBL4130471,highly correlated assays,257.0,4.5,0.0,0.0
CHEMBL4130478,no issue,0.0,0.0,0.0,0.0
CHEMBL4130479,no issue,7.5,0.0,0.0,0.0
CHEMBL4130490,rounded data citation,71.0,0.5,0.0,0.0
CHEMBL4130492,multiply activity for same test item,2.0,0.0,0.0,0.0
CHEMBL4130494,exact data citation,0.0,0.0,0.0,0.5
CHEMBL4130495,exact data citation,29.5,1.0,0.0,0.0
CHEMBL4130499,exact data citation,0.0,0.0,5.0,0.0
CHEMBL4130500,exact data citation,135.0,29.5,0.0,0.0
CHEMBL4130501,no issue,14.0,0.5,0.0,0.0
CHEMBL4130502,no issue,5.5,0.0,0.0,0.0
CHEMBL4130504,exact data citation,98.5,1.0,0.0,0.0
CHEMBL4130506,multifunctional enzyme,19.0,2.0,0.0,0.0
CHEMBL4130507,no issue,0.5,0.0,0.0,0.0
CHEMBL4130520,no issue,0.0,4.0,0.0,0.0
CHEMBL4130522,highly correlated assays,215.5,8.0,0.0,0.0
CHEMBL4130523,no issue,1.0,0.0,0.0,0.0
CHEMBL4130524,no issue,0.0,0.0,0.0,0.0
CHEMBL4130529,no issue,0.0,0.0,0.0,0.0
CHEMBL4130530,exact data citation,0.0,0.0,16.0,226.0
CHEMBL4130531,no issue,84.0,0.0,0.0,0.0
CHEMBL4130532,no issue,12.5,8.0,0.0,0.0
CHEMBL4130538,no issue,29.5,11.0,0.0,0.0
CHEMBL4130540,rounded data citation,3.5,2.5,0.0,0.0
CHEMBL4130556,no issue,0.0,0.0,0.0,0.0
CHEMBL4130560,no issue,10.5,0.0,0.0,0.0
CHEMBL4130563,multifunctional enzyme,14.0,3.5,0.0,0.0
CHEMBL4130566,no issue,0.0,0.0,0.0,0.0
CHEMBL4130567,shuffled assays,80.0,56.5,0.0,0.0
CHEMBL4130568,exact data citation,0.0,0.0,21.0,325.5
CHEMBL4130574,highly correlated assays,1128.5,285.0,0.0,0.0
CHEMBL4130583,no issue,3.0,0.0,0.0,0.0
CHEMBL4130589,highly correlated assays,0.0,0.0,33.0,523.5
CHEMBL4130593,exact data citation,1.0,0.0,0.0,0.0
CHEMBL4130596,highly correlated assays,0.0,0.0,2.0,6.5
CHEMBL4130597,no issue,3.0,1.0,0.0,0.0
CHEMBL4130598,exact data citation,0.0,0.0,29.5,486.0
CHEMBL4130599,multiply activity for same test item,0.0,4.5,0.0,0.0
CHEMBL4130621,no issue,0.0,2.5,0.0,0.0
CHEMBL4130624,no issue,0.0,36.0,0.0,0.0
CHEMBL4130626,test Item with unknown chirality,0.0,0.0,0.0,5.5
CHEMBL4130628,multiply activity for same test item,1.0,0.0,0.0,0.0
CHEMBL4130630,no issue,0.5,4.5,0.0,0.0
CHEMBL4130631,no issue,8.0,1.5,0.0,0.0
CHEMBL4130632,multifunctional enzyme,18.5,3.0,0.0,0.0
CHEMBL4130634,highly correlated assays,101.0,26.5,0.0,0.0
CHEMBL4130636,no issue,9.0,0.0,28.5,1.5
CHEMBL4130637,no issue,6.5,3.0,0.0,0.0
CHEMBL4130640,no issue,0.0,0.0,0.0,0.0
CHEMBL4138045,no issue,0.0,0.0,0.5,0.0
CHEMBL4138050,multifunctional enzyme,0.0,24.0,0.0,0.0
CHEMBL4138053,review,2.5,0.0,0.0,0.0
CHEMBL4138055,no issue,0.0,0.0,80.0,56.0
CHEMBL4138058,no issue,7.5,10.0,0.0,0.0
CHEMBL4138060,multifunctional enzyme,0.0,0.0,0.0,0.0
CHEMBL4138061,highly correlated assays,875.0,0.0,0.0,0.0
CHEMBL4138062,multifunctional enzyme,57.0,0.0,0.0,0.0
CHEMBL4138063,no issue,1.5,1.0,0.0,0.0
CHEMBL4138066,multifunctional enzyme,45.0,5.5,0.0,0.0
CHEMBL4138072,rounded data citation,5.5,0.0,0.0,0.0
CHEMBL4138074,shuffled assays,12.0,3.5,0.0,0.0
CHEMBL4138076,review,6.0,0.0,0.0,0.0
CHEMBL4138077,highly correlated assays,238.0,8.5,0.0,0.0
CHEMBL4138087,exact data citation,7.0,0.0,0.0,0.0
CHEMBL4138089,exact data citation,2.0,0.0,0.0,0.0
CHEMBL4138091,exact data citation,0.0,0.0,8.5,6.0
CHEMBL4138093,no issue,0.0,8.0,0.0,0.0
CHEMBL4138094,no issue,51.0,0.0,0.0,0.0
CHEMBL4138096,exact data citation,31.0,5.5,0.0,0.0
CHEMBL4138107,no issue,0.0,2.5,0.0,0.0
CHEMBL4138110,no issue,0.0,0.0,0.0,0.0
CHEMBL4138111,review,0.0,0.0,1.5,0.0
CHEMBL4138113,no issue,112.5,0.0,0.0,0.0
CHEMBL4138122,review,57.0,0.0,0.0,0.0
CHEMBL4138129,no issue,29.5,11.0,0.0,0.0
CHEMBL4138130,no issue,0.5,0.0,0.0,0.0
CHEMBL4138131,rounded data citation,32.5,0.5,0.0,0.0
CHEMBL4138137,no issue,0.0,0.5,0.0,0.0
CHEMBL4138139,test Item with unknown chirality,0.0,2.0,0.0,0.0
CHEMBL4138141,no issue,1.0,0.0,0.0,0.0
CHEMBL4138143,no issue,12.0,65.0,0.0,0.0
CHEMBL4138147,highly correlated assays,240.0,15.0,0.0,0.0
CHEMBL4138148,no issue,27.5,6.0,0.0,0.0
CHEMBL4138152,no issue,12.0,3.5,0.0,0.0
CHEMBL4138153,multifunctional enzyme,1.0,0.0,0.0,0.0
CHEMBL4138154,highly correlated assays,0.5,2.0,5.5,6.5
CHEMBL4138155,multifunctional enzyme,83.5,25.5,0.0,0.0
CHEMBL4138158,no issue,38.5,0.5,0.0,0.0
CHEMBL4138172,rounded data citation,2.0,1.5,0.0,0.0
CHEMBL4138181,rounded data citation,13.5,2.0,0.0,0.0
CHEMBL4138184,rounded data citation,0.0,0.0,22.5,1.5
CHEMBL4138187,exact data citation,0.0,0.0,17.0,317.5
CHEMBL4138195,no issue,43.5,2.5,0.0,0.0
CHEMBL4138202,exact data citation,6.5,0.0,0.0,0.0
CHEMBL4138209,no issue,0.0,0.0,17.0,229.0
CHEMBL4138213,no issue,7.5,13.0,0.0,0.0
CHEMBL4138216,no issue,2.5,0.0,0.0,0.0
CHEMBL4138218,rounded data citation,14.0,0.0,0.0,0.0
CHEMBL4138221,no issue,11.5,3.5,0.0,0.0
CHEMBL4138229,review,984.5,142.5,0.0,0.0
CHEMBL4138231,no issue,7.5,2.0,0.0,0.0
CHEMBL4138235,highly correlated assays,345.5,2.0,0.0,0.0
CHEMBL4138236,multifunctional enzyme,10.5,0.0,0.0,0.0
CHEMBL4138254,no issue,13.0,0.0,0.0,0.0
CHEMBL4138255,no issue,0.0,0.0,0.0,0.0
CHEMBL4138256,no issue,66.0,0.0,0.0,0.0
CHEMBL4138259,shuffled assays,28.0,0.0,0.0,0.0
CHEMBL4138267,no issue,0.0,15.5,0.0,0.0
CHEMBL4138269,highly correlated assays,331.5,23.0,0.0,0.0
CHEMBL4138283,no issue,1.0,0.5,0.0,0.0
CHEMBL4138291,multiply activity for same test item,22.5,0.5,0.0,0.0
CHEMBL4138295,no issue,0.0,1.0,0.0,0.0
CHEMBL4138298,multiply activity for same test item,0.0,1.0,0.0,0.0
CHEMBL4138300,no issue,0.0,0.0,0.0,0.0
CHEMBL4138301,multifunctional enzyme,0.0,0.0,0.0,0.0
CHEMBL4138302,no issue,24.0,8.0,0.0,0.0
CHEMBL4138303,no issue,1.0,0.0,0.0,0.0
CHEMBL4138304,exact data citation,4.0,0.0,0.0,0.0
CHEMBL4138305,no issue,0.5,1.0,0.0,0.0
CHEMBL4138309,exact data citation,0.0,0.0,40.0,628.0
CHEMBL4138312,highly correlated assays,29.0,8.0,0.0,0.0
CHEMBL4138313,no issue,27.0,0.0,0.0,0.0
CHEMBL4138315,no issue,1.0,3.0,0.0,0.0
CHEMBL4145441,no issue,0.0,0.0,0.0,0.0
CHEMBL4145442,highly correlated assays,179.0,0.5,0.0,0.0
CHEMBL4145446,no issue,121.0,5.5,0.0,0.0
CHEMBL4145451,multifunctional enzyme,14.5,1.5,0.0,0.0
CHEMBL4145454,no issue,1060.5,103.0,0.0,0.0
CHEMBL4145457,no issue,55.5,1.0,0.0,0.0
CHEMBL4145460,rounded data citation,18.0,2.5,0.0,0.0
CHEMBL4145461,no issue,1.5,0.5,24.0,9.0
CHEMBL4145464,test Item with unknown chirality,31.0,3.0,0.0,0.0
CHEMBL4145467,review,2.5,0.0,0.0,0.0
CHEMBL4145469,rounded data citation,0.5,1.0,0.0,0.0
CHEMBL4145472,multiply activity for same test item,107.0,0.5,0.0,0.0
CHEMBL4145475,no issue,0.0,0.0,0.5,0.0
CHEMBL4145476,no issue,0.0,1.0,0.0,0.0
CHEMBL4145479,no issue,72.0,4.0,0.0,0.0
CHEMBL4145484,multifunctional enzyme,68.5,3.0,1.0,0.0
CHEMBL4145491,no issue,0.5,1.5,0.0,0.0
CHEMBL4145492,shuffled assays,100.5,47.5,0.0,0.0
CHEMBL4145493,rounded data citation,116.5,10.0,0.0,0.0
CHEMBL4145495,no issue,0.0,0.0,28.0,5.5
CHEMBL4145499,highly correlated assays,302.5,0.0,0.0,0.0
CHEMBL4145502,no issue,3.5,0.0,0.0,0.0
CHEMBL4145512,rounded data citation,112.0,4.0,0.0,0.0
CHEMBL4145513,highly correlated assays,13.0,0.0,0.0,0.0
CHEMBL4145515,highly correlated assays,57.0,6.0,0.0,0.0
CHEMBL4145519,exact data citation,0.0,0.0,17.0,226.0
CHEMBL4145520,review,1.5,0.0,3.5,0.5
CHEMBL4145526,exact data citation,0.5,1.0,0.0,0.0
CHEMBL4145530,test Item with unknown chirality,160.0,1.0,0.0,0.0
CHEMBL4145533,highly correlated assays,1019.5,217.0,0.0,0.0
CHEMBL4145534,exact data citation,0.0,0.0,20.5,15.5
CHEMBL4145541,test Item with unknown chirality,50.0,0.5,0.0,0.0
CHEMBL4145543,rounded data citation,0.0,0.0,26.5,2.0
CHEMBL4145544,no issue,7.5,0.5,0.0,0.0
CHEMBL4145546,no issue,0.0,0.0,0.0,0.0
CHEMBL4145550,no issue,4.5,0.0,0.0,0.0
CHEMBL4145553,shuffled assays,64.0,0.0,0.0,0.0
CHEMBL4145565,highly correlated assays,7.5,0.0,0.0,0.0
CHEMBL4145581,no issue,0.5,0.0,0.0,0.0
CHEMBL4145589,no issue,0.0,0.0,0.0,0.0
CHEMBL4145591,test Item with unknown chirality,0.0,1.0,0.0,0.0
CHEMBL4145594,no issue,0.5,17.5,0.0,0.0
CHEMBL4145596,highly correlated assays,0.0,0.0,33.0,616.0
CHEMBL4145600,exact data citation,0.0,1.0,0.0,0.0
CHEMBL4145608,rounded data citation,44.0,3.5,0.0,0.0
CHEMBL4145618,exact data citation,13.0,0.5,23.0,3.0
CHEMBL4145621,highly correlated assays,0.0,0.0,31.5,490.0
CHEMBL4145625,no issue,0.0,1.0,0.0,0.0
CHEMBL4145632,test Item with unknown chirality,4.0,0.0,0.0,0.0
CHEMBL4145634,shuffled assays,114.0,8.0,0.0,0.0
CHEMBL4145636,shuffled assays,5.5,0.0,0.0,0.0
CHEMBL4145638,no issue,1.0,0.0,0.0,0.0
CHEMBL4145652,multiply activity for same test item,7.5,0.0,0.0,0.0
CHEMBL4145654,exact data citation,0.0,4.0,0.0,2.5
CHEMBL4145659,no issue,12.0,26.0,0.0,0.0
CHEMBL4145662,no issue,150.5,4.5,0.0,0.0
CHEMBL4145663,exact data citation,0.0,0.0,0.0,24.0
CHEMBL4145664,no issue,7.0,0.0,0.0,0.0
CHEMBL4145667,exact data citation,0.0,0.0,40.0,548.5
CHEMBL4145670,no issue,34.0,0.0,0.0,0.0
CHEMBL4145671,no issue,128.0,4.0,0.0,0.0
CHEMBL4145678,exact data citation,3.0,24.5,0.0,0.0
CHEMBL4145679,no issue,0.0,2.0,0.0,0.0
CHEMBL4145680,no issue,7.5,1.0,0.0,0.0
CHEMBL4145682,no issue,0.0,0.0,0.0,0.0
CHEMBL4145684,no issue,0.0,0.0,0.0,0.0
CHEMBL4145686,no issue,288.0,51.5,0.0,0.0
CHEMBL4145687,no issue,0.0,0.5,0.0,0.0
CHEMBL4145688,no issue,54.0,28.5,0.0,0.0
CHEMBL4145689,no issue,92.5,7.5,0.0,0.0
CHEMBL4145695,no issue,0.5,0.0,0.0,0.0
CHEMBL4152186,review,0.5,0.0,0.0,0.0
CHEMBL4152187,exact data citation,48.5,2.0,0.0,0.0
CHEMBL4152193,rounded data citation,15.5,5.5,0.0,0.0
CHEMBL4152198,review,87.5,48.0,0.0,0.0
CHEMBL4152200,no issue,26.5,24.5,0.0,0.0
CHEMBL4152201,rounded data citation,12.0,1.0,0.0,0.0
CHEMBL4152202,exact data citation,0.0,0.0,35.0,480.5
CHEMBL4152207,no issue,1576.0,920.5,0.0,0.0
CHEMBL4152208,high citation rate,95.5,164.5,0.0,0.0
CHEMBL4152209,no issue,0.0,0.0,14.0,0.0
CHEMBL4152211,exact data citation,7.5,0.0,0.0,0.0
CHEMBL4152212,no issue,0.0,0.0,0.0,0.0
CHEMBL4152221,no issue,0.0,0.0,0.0,0.0
CHEMBL4152224,no issue,0.0,1.5,0.0,0.0
CHEMBL4152225,exact data citation,0.0,0.0,35.0,480.5
CHEMBL4152229,no issue,3.5,0.0,0.0,0.0
CHEMBL4152230,rounded data citation,0.0,0.5,0.0,0.0
CHEMBL4152232,no issue,3.5,4.0,0.0,0.0
CHEMBL4152242,no issue,0.0,0.0,7.5,11.0
CHEMBL4152243,highly correlated assays,12.5,7.0,0.0,0.0
CHEMBL4152245,no issue,7.0,1.0,0.0,0.0
CHEMBL4152247,rounded data citation,69.0,12.0,0.0,0.0
CHEMBL4152259,shuffled assays,425.5,254.5,0.0,0.0
CHEMBL4152262,test Item with unknown chirality,96.0,11.0,0.0,0.0
CHEMBL4152264,no issue,150.5,0.5,0.0,0.0
CHEMBL4152267,no issue,4.5,0.0,0.0,0.0
CHEMBL4152269,exact data citation,0.5,1.5,0.0,0.0
CHEMBL4152271,no issue,0.0,0.0,50.5,6.0
CHEMBL4152273,no issue,0.0,0.0,0.0,0.0
CHEMBL4152274,exact data citation,0.0,0.0,35.0,485.5
CHEMBL4152278,no issue,0.0,5.0,0.0,0.0
CHEMBL4152281,no issue,99.0,1.5,0.0,0.0
CHEMBL4152283,exact data citation,5.5,18.0,0.0,0.0
CHEMBL4152284,exact data citation,50.5,8.0,0.0,0.0
CHEMBL4152285,exact data citation,0.0,0.0,0.0,0.5
CHEMBL4152287,no issue,0.5,0.0,0.0,0.0
CHEMBL4152294,rounded data citation,3.0,4.5,0.0,0.0
CHEMBL4152295,no issue,51.5,8.5,0.0,0.0
CHEMBL4152300,no issue,113.0,33.5,0.0,0.0
CHEMBL4152310,exact data citation,0.0,0.0,35.0,480.5
CHEMBL4152311,highly correlated assays,2.0,1.0,23.0,4.0
CHEMBL4152313,multifunctional enzyme,0.5,0.0,0.0,0.0
CHEMBL4152319,no issue,29.0,1.5,0.0,0.0
CHEMBL4152325,rounded data citation,47.5,14.5,0.0,0.0
CHEMBL4152338,no issue,0.5,0.0,0.0,0.0
CHEMBL4152341,highly correlated assays,381.5,16.5,3.5,0.5
CHEMBL4152342,rounded data citation,59.0,0.5,0.0,0.0
CHEMBL4152343,exact data citation,0.0,15.5,0.0,0.0
CHEMBL4152344,no issue,62.0,10.5,0.0,0.0
CHEMBL4152349,no issue,14.5,0.0,0.0,0.0
CHEMBL4152351,multiply activity for same test item,0.0,0.0,1.5,0.0
CHEMBL4152352,no issue,0.0,0.0,0.0,0.0
CHEMBL4152360,no issue,11.5,0.5,0.0,0.0
CHEMBL4152361,no issue,1.0,0.0,0.0,0.0
CHEMBL4152364,exact data citation,0.0,0.5,0.0,0.0
CHEMBL4152369,no issue,0.0,6.0,0.0,0.0
CHEMBL4152376,multifunctional enzyme,0.0,0.0,0.0,0.0
CHEMBL4152377,no issue,0.0,1.5,0.0,0.0
CHEMBL4152379,multiply activity for same test item,0.5,1.0,0.0,0.0
CHEMBL4152380,no issue,0.0,0.0,0.0,0.0
CHEMBL4152383,no issue,114.5,37.0,0.0,0.0
CHEMBL4152385,highly correlated assays,0.0,0.0,24.5,8.5
CHEMBL4152387,rounded data citation,2.5,0.0,0.0,0.0
CHEMBL4152390,no issue,157.5,8.0,0.0,0.0
CHEMBL4177521,highly correlated assays,150.0,8.0,18.0,0.0
CHEMBL4177525,test Item with unknown chirality,0.0,0.0,0.0,0.0
CHEMBL4177534,no issue,0.0,0.0,0.0,0.0
CHEMBL4177535,exact data citation,0.0,10.5,0.0,0.0
CHEMBL4177539,high citation rate,894.0,42.0,0.0,0.0
CHEMBL4177543,no issue,0.0,0.0,0.0,0.0
CHEMBL4177545,exact data citation,0.0,2.5,0.0,0.0
CHEMBL4177561,highly correlated assays,0.0,1.5,0.0,0.0
CHEMBL4177566,exact data citation,274.5,12.0,0.0,0.0
CHEMBL4177570,no issue,0.0,0.0,0.0,8.0
CHEMBL4177572,review,12.5,0.5,0.0,0.0
CHEMBL4177573,exact data citation,0.0,1.0,0.0,0.0
CHEMBL4177575,no issue,29.0,0.5,0.0,0.0
CHEMBL4177582,no issue,0.0,0.0,1.0,0.0
CHEMBL4177590,high citation rate,3401.5,0.0,0.0,0.0
CHEMBL4177592,test Item with unknown chirality,0.0,0.0,0.0,0.0
CHEMBL4177594,multifunctional enzyme,15.0,3.5,0.0,0.0
CHEMBL4177600,exact data citation,0.0,0.0,0.0,1.0
CHEMBL4177603,no issue,5.0,0.5,0.0,0.0
CHEMBL4177609,highly correlated assays,0.0,3.0,0.0,0.0
CHEMBL4177611,exact data citation,4.5,1.0,0.0,0.0
CHEMBL4177615,no issue,4.5,0.0,0.0,0.0
CHEMBL4177618,no issue,0.0,0.0,1.0,0.0
CHEMBL4177628,no issue,4.0,0.0,0.0,0.0
CHEMBL4177630,no issue,0.0,0.0,0.0,0.0
CHEMBL4177632,no issue,5.5,0.0,0.0,0.0
CHEMBL4177633,no issue,11.5,0.0,0.0,0.0
CHEMBL4177634,test Item with unknown chirality,0.0,42.5,0.0,0.0
CHEMBL4177635,multifunctional enzyme,40.0,0.0,0.0,0.0
CHEMBL4177644,multifunctional enzyme,70.0,28.0,5.0,0.0
CHEMBL4177645,test Item with unknown chirality,11.0,0.0,0.0,0.0
CHEMBL4177657,highly correlated assays,0.0,12.0,0.0,0.0
CHEMBL4177658,rounded data citation,15.0,11.0,0.0,0.0
CHEMBL4177660,multifunctional enzyme,12.0,12.0,0.0,0.0
CHEMBL4177662,exact data citation,5.5,1.0,0.0,0.0
CHEMBL4177663,no issue,0.0,1.5,0.0,0.0
CHEMBL4177672,no issue,0.0,4.0,0.0,0.0
CHEMBL4177675,no issue,0.0,0.0,0.0,0.0
CHEMBL4177676,no issue,0.0,0.0,0.0,0.0
CHEMBL4177680,no issue,11.5,1.5,0.0,0.0
CHEMBL4177688,no issue,32.0,0.0,0.0,0.0
CHEMBL4177690,multifunctional enzyme,84.0,56.0,0.0,0.0
CHEMBL4177692,no issue,0.5,1.5,4.5,3.5
CHEMBL4177693,no issue,13.5,16.5,0.0,0.0
CHEMBL4177700,no issue,0.0,20.0,0.0,0.0
CHEMBL4177706,no issue,17.5,2.0,0.0,0.0
CHEMBL4177707,no issue,1.5,0.0,0.0,0.0
CHEMBL4177710,exact data citation,2.5,1.0,0.0,0.0
CHEMBL4177711,no issue,73.0,0.0,0.0,0.0
CHEMBL4177713,exact data citation,0.0,1.0,0.0,0.0
CHEMBL4177715,no issue,1.0,0.0,0.0,0.0
CHEMBL4177719,multifunctional enzyme,101.0,2.0,0.0,0.0
CHEMBL4177723,rounded data citation,9.5,3.0,0.0,0.0
CHEMBL4177725,no issue,0.0,2.0,0.0,0.0
CHEMBL4177726,no issue,0.5,0.5,0.0,0.0
CHEMBL4177729,no issue,23.5,1.0,0.0,0.0
CHEMBL4177735,no issue,1.5,0.5,0.0,0.0
CHEMBL4177743,multiply activity for same test item,0.5,2.5,0.0,0.0
CHEMBL4177745,exact data citation,0.0,0.0,24.0,67.5
CHEMBL4177746,highly correlated assays,0.0,32.0,0.0,0.0
CHEMBL4177748,multifunctional enzyme,18.5,0.0,0.0,0.0
CHEMBL4177751,highly correlated assays,33.5,18.5,0.0,0.0
CHEMBL4177754,rounded data citation,32.5,0.5,0.0,0.0
CHEMBL4177756,no issue,0.0,0.0,0.0,0.0
CHEMBL4177757,multifunctional enzyme,0.0,0.0,0.0,8.0
CHEMBL4177758,test Item with unknown chirality,0.0,0.0,0.0,0.0
CHEMBL4177764,test Item with unknown chirality,0.0,0.0,0.0,0.0
CHEMBL4177766,multiply activity for same test item,0.0,0.0,0.0,0.5
CHEMBL4177767,no issue,366.0,6.0,0.0,0.0
CHEMBL4184084,test Item with unknown chirality,0.0,0.0,2.0,0.0
CHEMBL4184085,no issue,0.0,0.0,1.0,0.5
CHEMBL4184089,highly correlated assays,10.5,0.5,0.0,0.0
CHEMBL4184099,no issue,7.0,0.0,0.0,0.0
CHEMBL4184100,no issue,9.5,0.0,0.0,0.0
CHEMBL4184104,multifunctional enzyme,0.0,0.0,0.0,0.0
CHEMBL4184110,no issue,0.0,0.0,0.0,0.0
CHEMBL4184111,review,0.0,0.0,0.5,0.0
CHEMBL4184119,no issue,0.0,0.0,0.0,0.0
CHEMBL4184123,rounded data citation,25.0,8.5,0.0,0.0
CHEMBL4184128,exact data citation,6.5,0.5,0.0,0.0
CHEMBL4184129,review,2.0,0.0,0.0,0.0
CHEMBL4184137,review,1.0,0.5,0.0,0.0
CHEMBL4184143,high citation rate,808.0,120.0,68.0,88.5
CHEMBL4184146,review,3.5,0.0,3.5,0.0
CHEMBL4184147,review,0.0,0.0,0.5,0.0
CHEMBL4184148,no issue,1.5,0.0,0.0,0.0
CHEMBL4184149,no issue,0.0,0.0,0.0,0.0
CHEMBL4184160,review,79.0,0.0,0.0,0.0
CHEMBL4184166,multifunctional enzyme,16.5,16.0,0.0,0.0
CHEMBL4184167,exact data citation,0.0,0.0,0.0,13.0
CHEMBL4184169,rounded data citation,13.5,0.5,0.0,0.0
CHEMBL4184170,test Item with unknown chirality,0.0,0.0,0.0,0.0
CHEMBL4184173,rounded data citation,3.0,0.0,0.0,0.0
CHEMBL4184174,no issue,0.0,0.0,0.0,0.0
CHEMBL4184177,exact data citation,25.0,8.5,0.0,0.0
CHEMBL4184183,no issue,15.5,0.0,49.5,7.0
CHEMBL4184185,no issue,3.5,0.0,0.0,0.0
CHEMBL4184187,review,8.5,0.0,0.0,0.0
CHEMBL4184189,no issue,0.0,16.0,0.0,0.0
CHEMBL4184192,rounded data citation,0.0,0.0,9.0,6.0
CHEMBL4184201,exact data citation,14.5,1.5,0.0,0.0
CHEMBL4184205,no issue,9.5,1.5,0.0,0.0
CHEMBL4184206,no issue,94.0,14.5,0.0,0.0
CHEMBL4184209,no issue,0.0,0.0,0.0,0.0
CHEMBL4184211,exact data citation,7.0,0.0,0.0,0.0
CHEMBL4184213,exact data citation,0.0,0.0,0.0,2.0
CHEMBL4184214,no issue,30.0,0.0,0.0,0.0
CHEMBL4184218,highly correlated assays,6.0,0.0,0.0,0.0
CHEMBL4184219,no issue,0.0,0.0,0.0,0.0
CHEMBL4184221,no issue,37.0,14.0,0.0,0.0
CHEMBL4184227,exact data citation,5.5,1.5,0.0,0.0
CHEMBL4184229,highly correlated assays,126.0,0.0,0.0,0.0
CHEMBL4184231,multifunctional enzyme,51.5,14.5,0.0,0.0
CHEMBL4184238,no issue,1.0,7.0,0.0,0.0
CHEMBL4184241,test Item with unknown chirality,0.0,0.0,0.5,0.0
CHEMBL4184247,no issue,2.0,0.0,0.0,0.0
CHEMBL4184248,no issue,45.0,0.5,0.0,0.0
CHEMBL4184252,exact data citation,0.0,0.0,2.0,0.0
CHEMBL4184259,multifunctional enzyme,108.5,38.0,0.0,0.0
CHEMBL4184261,no issue,0.0,0.0,0.0,0.0
CHEMBL4184264,no issue,4.0,0.0,0.0,0.0
CHEMBL4184267,test Item with unknown chirality,0.0,0.0,0.5,0.0
CHEMBL4184270,no issue,0.0,0.0,0.0,0.0
CHEMBL4184271,exact data citation,30.5,0.0,0.0,0.0
CHEMBL4184273,test Item with unknown chirality,5.0,0.0,0.0,0.0
CHEMBL4184274,no issue,5.5,0.0,0.0,0.0
CHEMBL4184280,no issue,0.0,0.0,0.0,0.0
CHEMBL4184284,test Item with unknown chirality,0.0,0.0,0.0,1.0
CHEMBL4184286,no issue,0.0,0.0,0.0,0.0
CHEMBL4184289,no issue,5.0,0.0,0.0,0.0
CHEMBL4184298,no issue,5.5,0.5,0.0,0.0
CHEMBL4184307,no issue,16.5,0.0,0.0,0.0
CHEMBL4184310,rounded data citation,35.0,3.0,0.0,0.0
CHEMBL4184315,no issue,0.5,2.0,0.0,0.0
CHEMBL4184317,no issue,0.0,0.0,0.0,0.0
CHEMBL4184319,highly correlated assays,2.0,6.0,10.5,9.0
CHEMBL4184320,no issue,2.0,0.0,0.0,0.0
CHEMBL4184321,no issue,0.0,0.5,0.0,0.0
CHEMBL4184323,highly correlated assays,0.0,0.5,0.0,1.0
CHEMBL4184325,no issue,410.0,69.5,0.0,0.0
CHEMBL4184327,no issue,7.0,2.5,0.0,0.0
CHEMBL4184332,exact data citation,0.0,0.0,38.5,584.0
CHEMBL4184336,no issue,1.0,8.0,0.0,0.5
CHEMBL4184337,no issue,5.5,0.0,0.0,0.0
CHEMBL4184339,no issue,1.0,0.0,0.0,0.0
CHEMBL4184340,no issue,0.0,1.0,0.0,0.0
CHEMBL4184341,no issue,61.0,0.0,0.0,0.0
CHEMBL4190171,highly correlated assays,24.5,4.0,0.0,0.0
CHEMBL4190187,no issue,1.0,1.0,0.0,0.0
CHEMBL4190200,no issue,10.0,2.5,0.0,0.0
CHEMBL4190223,no issue,0.0,0.0,0.0,0.0
CHEMBL4190238,no issue,6.0,1.0,3.0,0.5
CHEMBL4190243,review,0.0,0.0,0.0,0.0
CHEMBL4190249,no issue,4.0,0.0,0.0,0.0
CHEMBL4190250,multifunctional enzyme,44.0,0.0,0.0,0.0
CHEMBL4190265,no issue,2.5,0.5,0.0,0.0
CHEMBL4190270,highly correlated assays,108.5,23.0,0.0,0.0
CHEMBL4190276,multifunctional enzyme,84.0,12.0,0.0,0.0
CHEMBL4190277,no issue,5.5,2.5,0.0,0.0
CHEMBL4190278,test Item with unknown chirality,1.5,0.0,0.0,0.0
CHEMBL4190279,high citation rate,2.5,2.0,12.0,0.5
CHEMBL4190283,no issue,0.0,0.0,0.0,0.0
CHEMBL4190296,highly correlated assays,10.5,1.0,0.0,0.0
CHEMBL4190306,multifunctional enzyme,61.5,11.0,0.0,0.0
CHEMBL4190307,test Item with unknown chirality,204.0,7.5,0.0,0.0
CHEMBL4190308,exact data citation,0.0,1.0,0.0,0.0
CHEMBL4190312,exact data citation,0.0,0.0,4.0,0.0
CHEMBL4190315,no issue,182.5,10.0,0.0,0.0
CHEMBL4190319,no issue,0.0,0.0,2.0,3.5
CHEMBL4190320,no issue,1.0,0.0,0.0,0.0
CHEMBL4190321,exact data citation,0.0,0.0,35.0,480.5
CHEMBL4190323,rounded data citation,123.5,3.0,0.0,0.0
CHEMBL4190324,rounded data citation,126.5,0.0,0.0,0.0
CHEMBL4190328,no issue,16.0,0.5,0.0,0.0
CHEMBL4190329,no issue,115.5,9.5,0.0,0.0
CHEMBL4190330,no issue,0.0,0.0,0.0,0.0
CHEMBL4190332,no issue,0.0,0.0,0.0,0.0
CHEMBL4190335,no issue,0.0,0.0,0.0,0.0
CHEMBL4190336,no issue,0.0,1.0,0.0,0.0
CHEMBL4190341,multifunctional enzyme,26.0,1.5,0.0,0.0
CHEMBL4190342,no issue,0.0,0.0,0.0,0.0
CHEMBL4190343,no issue,110.5,0.0,0.0,0.0
CHEMBL4190349,no issue,0.0,0.5,0.0,0.0
CHEMBL4190357,no issue,0.0,0.0,0.0,0.0
CHEMBL4190360,highly correlated assays,0.0,0.0,25.5,511.0
CHEMBL4190361,exact data citation,0.0,0.0,32.5,510.5
CHEMBL4190363,test Item with unknown chirality,0.0,0.0,0.5,0.0
CHEMBL4190371,review,27.5,2.5,0.0,0.0
CHEMBL4190372,highly correlated assays,389.0,67.0,0.0,0.0
CHEMBL4190373,highly correlated assays,0.0,140.5,0.0,6.0
CHEMBL4190375,review,598.5,0.0,0.0,0.0
CHEMBL4190376,review,39.5,1.0,1.5,0.0
CHEMBL4190377,highly correlated assays,9.0,0.0,4.5,0.0
CHEMBL4190379,no issue,7.5,0.0,0.5,0.5
CHEMBL4190386,multiply activity for same test item,0.5,1.0,0.0,0.0
CHEMBL4190389,no issue,4.0,3.5,44.0,11.5
CHEMBL4190390,no issue,40.0,36.0,0.0,0.0
CHEMBL4190394,highly correlated assays,183.0,22.0,0.0,0.0
CHEMBL4190397,no issue,0.0,1.0,0.0,0.0
CHEMBL4190398,highly correlated assays,15.0,26.5,0.0,0.0
CHEMBL4190399,exact data citation,0.0,0.0,2.0,1.5
CHEMBL4190401,no issue,12.0,1.0,0.0,0.0
CHEMBL4190405,no issue,0.0,0.0,0.5,0.0
CHEMBL4190406,no issue,0.0,0.0,0.0,0.0
CHEMBL4190408,no issue,4.0,4.0,0.0,0.0
CHEMBL4196002,no issue,57.0,3.0,0.0,0.0
CHEMBL4196003,review,5.0,0.0,1.5,0.0
CHEMBL4196006,rounded data citation,0.0,0.5,0.0,0.0
CHEMBL4196007,no issue,104.5,23.0,0.0,0.0
CHEMBL4196008,exact data citation,5.0,29.5,0.0,0.0
CHEMBL4196013,no issue,103.0,37.5,0.0,0.0
CHEMBL4196024,high citation rate,774.0,168.0,0.0,0.0
CHEMBL4196025,rounded data citation,217.0,20.0,0.0,0.0
CHEMBL4196035,no issue,0.0,2.0,0.0,0.0
CHEMBL4196036,exact data citation,0.0,0.0,21.5,0.5
CHEMBL4196040,no issue,7.0,0.5,0.0,0.0
CHEMBL4196041,rounded data citation,13.0,0.0,0.0,0.0
CHEMBL4196042,no issue,466.0,4.0,8.5,6.5
CHEMBL4196046,no issue,88.0,16.0,0.0,0.0
CHEMBL4196048,review,1.5,4.0,0.0,0.0
CHEMBL4196054,exact data citation,0.0,0.0,0.0,0.5
CHEMBL4196062,no issue,0.0,0.0,0.0,0.0
CHEMBL4196066,no issue,22.5,2.5,0.5,1.0
CHEMBL4196067,review,14.0,0.0,0.0,0.0
CHEMBL4196070,no issue,57.5,0.5,0.0,0.0
CHEMBL4196075,no issue,79.5,29.5,0.0,0.0
CHEMBL4196078,review,0.0,0.0,0.0,0.0
CHEMBL4196083,no issue,2.5,0.0,0.0,0.0
CHEMBL4196084,no issue,109.0,21.5,0.0,0.0
CHEMBL4196087,no issue,1.0,0.5,0.0,0.0
CHEMBL4196089,highly correlated assays,51.0,3.0,0.0,0.0
CHEMBL4196096,multifunctional enzyme,0.5,0.5,0.0,0.0
CHEMBL4196098,highly correlated assays,0.0,0.0,21.0,4.0
CHEMBL4196099,exact data citation,0.0,0.5,0.0,0.0
CHEMBL4196100,review,34.5,16.5,0.5,2.0
CHEMBL4196101,highly correlated assays,4.0,0.0,0.0,0.0
CHEMBL4196105,multiply activity for same test item,1.0,2.5,5.5,2.5
CHEMBL4196108,highly correlated assays,67.5,12.0,0.0,0.0
CHEMBL4196112,multiply activity for same test item,0.0,17.5,0.0,0.0
CHEMBL4196113,no issue,0.0,0.0,0.0,0.0
CHEMBL4196117,multiply activity for same test item,0.0,12.0,0.0,0.0
CHEMBL4196118,no issue,0.0,0.0,0.0,0.0
CHEMBL4196120,no issue,0.5,0.0,0.0,0.0
CHEMBL4196123,no issue,7.5,1.0,0.0,0.0
CHEMBL4196126,multifunctional enzyme,0.0,0.0,0.0,0.0
CHEMBL4196128,no issue,3.5,2.0,0.0,0.0
CHEMBL4196129,no issue,0.0,0.0,0.5,0.0
CHEMBL4196130,no issue,0.5,0.0,0.0,2.0
CHEMBL4196134,rounded data citation,12.0,8.0,0.0,0.0
CHEMBL4196152,no issue,0.0,0.0,0.0,0.0
CHEMBL4196154,no issue,100.5,1.0,0.0,0.0
CHEMBL4196155,rounded data citation,0.0,0.0,36.5,9.0
CHEMBL4196159,no issue,0.0,3.0,0.0,0.0
CHEMBL4196164,exact data citation,5.0,2.0,0.0,0.0
CHEMBL4196166,no issue,0.0,0.0,0.0,4.0
CHEMBL4196169,no issue,1.0,0.0,0.0,0.0
CHEMBL4196172,exact data citation,22.5,1.5,0.0,0.0
CHEMBL4196184,no issue,1.5,0.0,0.0,0.0
CHEMBL4196195,no issue,0.0,0.0,8.0,8.5
CHEMBL4196200,highly correlated assays,5.5,0.0,56.0,17.5
CHEMBL4196203,no issue,7.5,0.0,0.0,0.0
CHEMBL4196205,no issue,16.0,0.0,0.0,0.0
CHEMBL4196209,test Item with unknown chirality,0.0,0.0,1.0,3.0
CHEMBL4196212,multifunctional enzyme,14.0,3.5,0.0,0.0
CHEMBL4196213,no issue,440.0,44.0,0.0,0.0
CHEMBL4196215,no issue,10.0,32.5,0.0,0.0
CHEMBL4196220,no issue,0.0,0.0,8.0,10.0
CHEMBL4196222,no issue,20.0,0.0,0.0,0.0
CHEMBL4196237,exact data citation,0.0,0.0,37.0,555.5
CHEMBL4219021,high citation rate,796.0,140.0,4.0,168.0
CHEMBL4219023,no issue,0.0,0.0,7.5,11.0
CHEMBL4219025,no issue,4.5,0.0,0.0,0.0
CHEMBL4219027,highly correlated assays,196.5,50.5,0.0,0.0
CHEMBL4219032,highly correlated assays,14.5,0.0,19.5,0.0
CHEMBL4219040,review,7.5,0.0,0.0,0.0
CHEMBL4219043,review,0.0,0.0,3.0,0.0
CHEMBL4219046,no issue,1.5,0.0,0.0,0.0
CHEMBL4219051,highly correlated assays,245.5,1.0,0.0,0.0
CHEMBL4219055,no issue,0.5,0.5,0.0,0.0
CHEMBL4219057,review,37.0,0.0,0.0,0.0
CHEMBL4219058,shuffled assays,12.0,2.5,0.0,0.0
CHEMBL4219060,no issue,3.5,0.0,0.0,0.0
CHEMBL4219062,shuffled assays,10.0,3.0,0.0,0.0
CHEMBL4219064,multiply activity for same test item,12.0,0.0,0.0,0.0
CHEMBL4219069,highly correlated assays,119.0,0.0,0.0,0.0
CHEMBL4219071,exact data citation,0.5,0.0,0.0,0.0
CHEMBL4219073,rounded data citation,164.0,4.0,0.0,0.0
CHEMBL4219078,exact data citation,0.0,0.0,0.0,1.0
CHEMBL4219081,no issue,0.0,1.0,0.0,0.0
CHEMBL4219085,no issue,1.5,0.0,0.0,0.0
CHEMBL4219086,no issue,10.0,1.0,0.0,0.0
CHEMBL4219087,test Item with unknown chirality,1.5,0.0,0.0,0.0
CHEMBL4219088,exact data citation,5.0,1.5,0.0,0.0
CHEMBL4219091,highly correlated assays,6.5,4.5,0.0,0.0
CHEMBL4219096,exact data citation,0.0,20.0,0.0,0.0
CHEMBL4219097,multiply activity for same test item,0.0,0.0,11.5,44.0
CHEMBL4219100,no issue,448.0,188.0,0.0,0.0
CHEMBL4219103,no issue,27.0,0.0,0.0,0.0
CHEMBL4219104,no issue,2.0,0.0,0.0,0.0
CHEMBL4219106,no issue,772.5,40.0,0.0,0.0
CHEMBL4219109,highly correlated assays,361.5,7.5,0.0,0.0
CHEMBL4219111,test Item with unknown chirality,163.5,39.5,0.0,0.0
CHEMBL4219113,exact data citation,0.0,0.0,0.0,2.5
CHEMBL4219118,no issue,0.0,0.0,0.0,0.0
CHEMBL4219122,rounded data citation,36.5,1.0,0.0,0.0
CHEMBL4219124,multifunctional enzyme,0.0,0.0,0.0,0.0
CHEMBL4219128,no issue,16.0,4.0,0.0,0.0
CHEMBL4219131,no issue,8.0,24.0,0.0,0.0
CHEMBL4219133,no issue,7.0,0.0,0.0,0.0
CHEMBL4219134,no issue,2.5,0.0,0.0,0.0
CHEMBL4219138,high citation rate,1528.0,296.0,0.0,0.0
CHEMBL4219141,no issue,0.0,0.5,0.0,0.0
CHEMBL4219142,no issue,0.5,0.0,0.0,0.0
CHEMBL4219144,highly correlated assays,156.5,15.5,0.0,0.0
CHEMBL4219149,highly correlated assays,227.0,4.0,0.0,0.0
CHEMBL4219151,test Item with unknown chirality,0.0,0.5,0.0,0.0
CHEMBL4219155,highly correlated assays,0.0,2.5,0.0,0.0
CHEMBL4219160,highly correlated assays,422.0,202.5,0.0,0.0
CHEMBL4219161,no issue,0.0,0.0,0.0,0.0
CHEMBL4219163,no issue,0.0,0.0,0.0,0.0
CHEMBL4219164,no issue,52.0,8.5,0.0,0.0
CHEMBL4219166,exact data citation,1.5,10.0,0.0,0.0
CHEMBL4219169,no issue,4.0,0.0,0.0,0.0
CHEMBL4219172,no issue,4.0,0.0,0.0,0.0
CHEMBL4219173,exact data citation,0.0,1.0,0.0,0.0
CHEMBL4219174,no issue,714.0,228.0,0.0,0.0
CHEMBL4219186,no issue,0.0,0.0,0.0,0.0
CHEMBL4219197,test Item with unknown chirality,0.0,1.5,0.0,0.0
CHEMBL4219206,no issue,36.5,0.0,0.0,0.0
CHEMBL4219210,no issue,2.0,1.0,0.0,0.0
CHEMBL4219211,no issue,212.5,0.0,0.0,0.0
CHEMBL4219212,no issue,0.0,0.0,26.5,0.0
CHEMBL4219214,no issue,0.0,0.0,0.0,0.0
CHEMBL4219216,highly correlated assays,2.0,2.0,0.0,0.0
CHEMBL4219230,no issue,100.0,2.0,0.0,0.0
CHEMBL4219231,multifunctional enzyme,0.0,0.0,0.0,0.0
CHEMBL4219238,no issue,1.0,0.0,0.0,0.0
CHEMBL4219241,exact data citation,0.5,0.0,0.0,0.0
CHEMBL4219243,no issue,6.0,31.5,0.0,0.0
CHEMBL4219244,highly correlated assays,0.0,0.0,4.0,0.0
CHEMBL4219247,multifunctional enzyme,14.0,2.0,0.0,0.0
CHEMBL4219257,rounded data citation,7.0,0.0,0.0,0.0
CHEMBL4219261,exact data citation,3.0,2.0,0.0,0.0
CHEMBL4219263,no issue,13.0,0.0,0.0,0.0
CHEMBL4219264,highly correlated assays,108.0,20.0,0.0,0.0
CHEMBL4219270,highly correlated assays,0.0,0.0,0.5,4.0
CHEMBL4219272,no issue,0.0,0.0,0.0,0.0
CHEMBL4229326,review,0.5,0.0,0.0,0.0
CHEMBL4229327,review,6.5,44.0,0.0,0.0
CHEMBL4229328,highly correlated assays,210.5,0.0,0.0,0.0
CHEMBL4229329,exact data citation,0.0,0.0,4.5,0.0
CHEMBL4229332,highly correlated assays,0.0,0.0,164.5,19.5
CHEMBL4229333,no issue,264.0,18.0,0.0,0.0
CHEMBL4229337,multifunctional enzyme,2.0,0.0,0.0,0.0
CHEMBL4229346,highly correlated assays,27.0,3.5,0.0,0.0
CHEMBL4229349,no issue,68.0,4.0,0.0,0.0
CHEMBL4229351,exact data citation,58.0,1.5,0.0,0.0
CHEMBL4229357,highly correlated assays,46.5,7.5,0.0,0.0
CHEMBL4229358,exact data citation,0.0,0.0,35.0,480.5
CHEMBL4229362,exact data citation,2.0,0.0,0.0,0.0
CHEMBL4229364,no issue,36.5,2.5,0.0,0.0
CHEMBL4229367,no issue,6.0,20.0,0.0,0.0
CHEMBL4229370,no issue,51.0,0.0,0.0,0.0
CHEMBL4229371,shuffled assays,11.5,3.5,0.0,0.0
CHEMBL4229374,multifunctional enzyme,1.5,4.0,0.0,0.0
CHEMBL4229384,test Item with unknown chirality,3.5,0.0,0.0,0.0
CHEMBL4229386,exact data citation,1.0,0.0,0.0,0.0
CHEMBL4229387,review,18.5,1.0,0.0,0.0
CHEMBL4229397,no issue,104.0,0.0,0.0,0.0
CHEMBL4229400,no issue,0.0,0.0,0.0,0.0
CHEMBL4229403,review,4.0,0.0,0.0,0.0
CHEMBL4229404,review,4.0,0.0,0.0,0.0
CHEMBL4229406,rounded data citation,30.5,2.5,0.0,0.0
CHEMBL4229412,no issue,14.5,8.5,0.0,0.0
CHEMBL4229415,exact data citation,20.5,4.0,0.0,0.0
CHEMBL4229416,no issue,1.5,212.0,0.0,240.0
CHEMBL4229417,no issue,6.0,0.0,0.0,0.0
CHEMBL4229418,no issue,12.0,0.0,0.0,0.0
CHEMBL4229420,no issue,106.0,0.5,0.0,1.0
CHEMBL4229421,exact data citation,35.0,3.0,0.0,0.0
CHEMBL4229423,highly correlated assays,113.0,29.5,0.0,0.0
CHEMBL4229424,highly correlated assays,199.0,24.0,0.0,0.0
CHEMBL4229432,no issue,40.5,1.0,0.0,0.0
CHEMBL4229440,exact data citation,52.5,7.5,0.0,0.0
CHEMBL4229444,highly correlated assays,11.5,11.0,0.0,0.0
CHEMBL4229448,no issue,446.0,0.0,0.0,0.0
CHEMBL4229454,no issue,0.0,0.0,0.0,0.0
CHEMBL4229455,highly correlated assays,59.5,0.0,0.0,0.0
CHEMBL4229456,no issue,0.0,0.0,1.0,0.0
CHEMBL4229460,exact data citation,71.0,2.0,0.0,0.0
CHEMBL4229482,no issue,0.5,0.0,0.0,0.0
CHEMBL4229486,no issue,2.5,4.0,0.0,0.0
CHEMBL4229495,no issue,0.0,2.0,0.0,0.0
CHEMBL4229497,shuffled assays,82.5,12.5,0.0,0.0
CHEMBL4229498,highly correlated assays,0.0,0.0,49.5,4.5
CHEMBL4229499,no issue,10.5,1.5,0.0,0.0
CHEMBL4229504,exact data citation,106.0,0.5,0.0,0.0
CHEMBL4229505,no issue,0.0,0.0,2.0,11.5
CHEMBL4229506,no issue,0.0,0.0,1.0,0.5
CHEMBL4229510,no issue,0.0,0.0,4.0,0.0
CHEMBL4229512,no issue,9.5,1.5,0.0,0.0
CHEMBL4229514,no issue,0.0,2.0,0.0,0.0
CHEMBL4229517,high citation rate,40.0,96.0,0.0,0.0
CHEMBL4229521,no issue,0.0,0.0,0.0,0.0
CHEMBL4229522,no issue,12.0,0.0,0.0,0.0
CHEMBL4229524,exact data citation,61.0,5.0,0.0,0.0
CHEMBL4229529,exact data citation,117.0,3.5,0.0,0.0
CHEMBL4229532,highly correlated assays,230.5,36.5,0.0,0.0
CHEMBL4229533,rounded data citation,9.5,9.0,0.0,0.0
CHEMBL4229538,no issue,9.5,0.0,0.0,0.0
CHEMBL4229542,no issue,436.0,32.0,0.0,0.0
CHEMBL4229543,no issue,0.0,0.0,24.0,0.0
CHEMBL4229546,highly correlated assays,92.0,2.5,0.0,0.0
CHEMBL4229549,exact data citation,13.5,1.5,0.0,0.0
CHEMBL4229552,no issue,3.0,0.0,0.0,0.0
CHEMBL4229554,highly correlated assays,1164.0,0.0,0.0,0.0
CHEMBL4229555,no issue,0.0,0.0,0.0,0.0
CHEMBL4229558,no issue,0.0,0.0,0.0,0.0
CHEMBL4229559,no issue,0.0,0.0,0.0,0.0
CHEMBL4229560,exact data citation,0.0,0.0,0.0,2.0
CHEMBL4229561,highly correlated assays,147.0,11.0,0.0,0.0
CHEMBL4229562,no issue,0.0,24.0,0.0,0.5
CHEMBL4229566,no issue,0.0,0.0,0.0,0.0
CHEMBL4229567,highly correlated assays,4.5,18.0,0.0,0.0
CHEMBL4229569,no issue,0.5,0.0,0.0,0.0
CHEMBL4251544,no issue,0.0,0.0,0.0,0.0
CHEMBL4251546,no issue,0.0,0.0,0.0,0.0
CHEMBL4251551,multiply activity for same test item,0.0,0.0,1.0,6.0
CHEMBL4251552,test Item with unknown chirality,2.0,0.0,0.0,0.0
CHEMBL4251556,highly correlated assays,0.0,0.0,8.0,0.0
CHEMBL4251561,highly correlated assays,6.0,4.5,0.0,0.0
CHEMBL4251563,no issue,37.0,0.5,0.0,0.0
CHEMBL4251566,no issue,64.5,6.5,0.0,0.0
CHEMBL4251567,highly correlated assays,433.0,4.5,0.0,0.0
CHEMBL4251569,highly correlated assays,70.0,5.5,0.0,0.0
CHEMBL4251577,exact data citation,14.5,19.0,0.0,0.0
CHEMBL4251578,highly correlated assays,308.5,21.0,0.0,0.0
CHEMBL4251579,exact data citation,8.0,0.5,0.0,0.0
CHEMBL4251582,exact data citation,136.0,0.0,0.0,0.0
CHEMBL4251584,multifunctional enzyme,18.5,0.0,0.0,0.0
CHEMBL4251585,exact data citation,0.0,4.5,0.0,0.0
CHEMBL4251600,no issue,0.0,0.0,144.0,0.0
CHEMBL4251602,highly correlated assays,28.0,0.0,0.0,0.0
CHEMBL4251603,no issue,13.0,0.0,0.0,0.0
CHEMBL4251605,no issue,0.0,1.0,0.0,0.0
CHEMBL4251607,highly correlated assays,2.0,0.0,128.0,0.0
CHEMBL4251612,no issue,0.5,0.0,0.0,0.0
CHEMBL4251615,exact data citation,127.0,2.5,0.0,0.0
CHEMBL4251618,rounded data citation,297.5,30.5,0.0,0.0
CHEMBL4251627,no issue,29.0,0.0,0.0,0.0
CHEMBL4251628,highly correlated assays,170.5,4.5,0.0,0.0
CHEMBL4251630,highly correlated assays,0.0,0.0,25.0,72.5
CHEMBL4251632,highly correlated assays,0.5,1.5,11.0,3.5
CHEMBL4251642,no issue,0.0,16.0,0.0,0.0
CHEMBL4251643,highly correlated assays,3.0,8.0,9.5,0.0
CHEMBL4251648,exact data citation,28.0,5.5,0.0,0.0
CHEMBL4251650,no issue,37.0,10.5,0.0,0.0
CHEMBL4251652,no issue,82.5,3.0,0.0,0.0
CHEMBL4251653,no issue,0.0,0.5,0.0,0.0
CHEMBL4251654,no issue,0.0,0.5,0.0,0.0
CHEMBL4251655,no issue,0.0,0.0,0.0,0.0
CHEMBL4251656,no issue,195.0,0.0,0.0,0.0
CHEMBL4251662,no issue,1.5,0.0,116.0,0.0
CHEMBL4251687,no issue,116.0,0.0,0.0,0.0
CHEMBL4251690,no issue,12.0,0.0,0.0,0.0
CHEMBL4251692,exact data citation,109.5,1.0,0.0,0.0
CHEMBL4251697,no issue,65.0,59.0,0.0,0.0
CHEMBL4251698,test Item with unknown chirality,0.0,0.0,0.0,1.5
CHEMBL4251700,highly correlated assays,0.0,5.0,0.0,0.0
CHEMBL4251703,exact data citation,0.5,0.0,0.0,0.0
CHEMBL4251704,no issue,6.0,0.0,0.0,0.0
CHEMBL4251705,exact data citation,66.0,15.5,0.0,0.0
CHEMBL4251706,no issue,2.5,0.0,0.0,0.0
CHEMBL4251707,no issue,36.0,0.0,0.0,0.0
CHEMBL4251711,no issue,7.5,0.5,0.0,0.0
CHEMBL4251714,no issue,55.5,0.0,0.0,0.0
CHEMBL4251723,exact data citation,6.0,0.0,0.0,0.0
CHEMBL4251726,no issue,0.0,0.0,0.0,0.0
CHEMBL4251730,multifunctional enzyme,0.0,0.0,0.0,0.0
CHEMBL4251732,rounded data citation,145.5,21.0,0.0,0.0
CHEMBL4251733,no issue,0.0,0.0,0.0,0.0
CHEMBL4251736,highly correlated assays,111.0,88.5,0.0,0.0
CHEMBL4251738,no issue,0.0,0.0,1.5,0.0
CHEMBL4251740,rounded data citation,85.5,62.5,0.0,0.0
CHEMBL4251746,no issue,14.0,0.0,0.0,0.0
CHEMBL4251751,no issue,0.0,0.0,0.0,0.0
CHEMBL4251753,no issue,0.0,0.0,0.0,0.0
CHEMBL4251754,no issue,0.5,1.0,0.0,0.0
CHEMBL4251755,no issue,0.0,16.0,0.0,0.0
CHEMBL4251756,exact data citation,0.0,0.0,38.0,586.0
CHEMBL4251757,exact data citation,0.0,11.5,0.0,0.0
CHEMBL4257443,no issue,0.5,1.0,0.0,0.0
CHEMBL4257444,highly correlated assays,121.0,7.5,0.0,0.0
CHEMBL4257447,no issue,1.0,0.0,0.0,0.0
CHEMBL4257453,multifunctional enzyme,0.0,0.0,0.0,0.0
CHEMBL4257455,review,11.0,0.0,0.0,0.0
CHEMBL4257462,review,12.0,2.0,0.0,0.0
CHEMBL4257471,no issue,4.0,0.0,0.0,0.0
CHEMBL4257472,multifunctional enzyme,0.0,32.0,0.0,0.0
CHEMBL4257476,multifunctional enzyme,10.0,0.0,0.0,0.0
CHEMBL4257478,highly correlated assays,12.0,0.0,0.0,0.0
CHEMBL4257479,highly correlated assays,74.5,0.5,0.0,0.0
CHEMBL4257480,no issue,620.0,16.0,0.0,0.0
CHEMBL4257486,no issue,0.0,0.0,0.0,0.0
CHEMBL4257493,no issue,0.0,0.0,0.0,0.0
CHEMBL4257496,no issue,53.5,15.0,0.0,0.0
CHEMBL4257501,no issue,36.5,0.0,0.0,0.0
CHEMBL4257502,highly correlated assays,0.0,20.0,0.0,0.0
CHEMBL4257504,highly correlated assays,0.0,0.0,45.0,30.5
CHEMBL4257513,no issue,0.0,0.0,0.0,0.0
CHEMBL4257514,test Item with unknown chirality,0.0,0.0,0.0,0.0
CHEMBL4257517,no issue,2.5,0.0,0.0,0.0
CHEMBL4257531,exact data citation,0.0,0.0,4.5,7.5
CHEMBL4257533,highly correlated assays,9.5,0.0,0.0,0.0
CHEMBL4257535,no issue,2.5,0.5,0.0,0.0
CHEMBL4257536,no issue,0.0,0.0,13.5,0.0
CHEMBL4257538,no issue,4.0,0.0,0.0,0.0
CHEMBL4257542,highly correlated assays,0.0,0.0,3.5,2.5
CHEMBL4257557,no issue,5.0,0.0,0.0,0.0
CHEMBL4257562,test Item with unknown chirality,0.5,0.0,0.0,0.0
CHEMBL4257563,review,2.0,0.0,0.0,0.0
CHEMBL4257565,no issue,6.0,0.0,0.0,0.0
CHEMBL4257570,no issue,0.0,0.0,0.0,0.0
CHEMBL4257572,no issue,0.0,1.0,0.0,0.0
CHEMBL4257582,no issue,0.0,0.0,8.0,0.0
CHEMBL4257587,no issue,0.0,0.0,0.0,0.0
CHEMBL4257588,exact data citation,0.0,0.0,0.0,2.0
CHEMBL4257589,high citation rate,243.5,0.0,0.0,0.0
CHEMBL4257592,highly correlated assays,0.0,10.0,0.0,0.0
CHEMBL4257593,no issue,0.0,0.0,0.0,0.0
CHEMBL4257595,exact data citation,0.0,0.0,0.0,2.0
CHEMBL4261482,review,0.5,0.0,0.0,0.0
CHEMBL4261487,multifunctional enzyme,2.0,0.0,0.0,0.0
CHEMBL4261488,highly correlated assays,0.0,0.0,21.0,60.0
CHEMBL4261489,highly correlated assays,8.5,0.0,0.0,0.0
CHEMBL4261497,review,0.0,0.0,0.5,11.5
CHEMBL4261502,no issue,116.0,25.5,0.0,0.0
CHEMBL4261503,multiply activity for same test item,0.0,0.0,4.5,1.0
CHEMBL4261505,test Item with unknown chirality,3.5,0.0,0.0,0.0
CHEMBL4261507,no issue,0.0,0.0,4.5,3.5
CHEMBL4261508,no issue,0.0,0.0,5.0,3.5
CHEMBL4261511,multifunctional enzyme,12.0,0.0,0.0,0.0
CHEMBL4261519,no issue,0.0,0.0,0.0,0.0
CHEMBL4261520,exact data citation,5.5,0.0,0.5,0.0
CHEMBL4261523,no issue,0.0,0.0,0.0,0.0
CHEMBL4261526,exact data citation,78.0,32.5,0.0,0.0
CHEMBL4261529,test Item with unknown chirality,7.5,0.0,0.0,0.0
CHEMBL4261537,test Item with unknown chirality,121.0,8.5,0.0,0.0
CHEMBL4261540,high citation rate,232.0,62.0,0.0,0.0
CHEMBL4261543,multiply activity for same test item,241.0,0.0,0.0,0.0
CHEMBL4261547,no issue,0.0,0.0,3.0,0.0
CHEMBL4261550,no issue,24.0,24.5,0.0,0.0
CHEMBL4261552,no issue,6.0,0.0,0.0,0.0
CHEMBL4261553,no issue,0.0,0.0,9.0,6.0
CHEMBL4261554,no issue,0.0,0.0,82.5,1.5
CHEMBL4261557,multifunctional enzyme,60.0,8.0,0.0,0.0
CHEMBL4261559,no issue,5.0,0.0,4.0,0.0
CHEMBL4261564,no issue,0.0,0.0,21.0,6.0
CHEMBL4261572,no issue,126.5,0.0,0.0,0.0
CHEMBL4261574,no issue,28.0,0.0,0.0,0.0
CHEMBL4261576,multiply activity for same test item,0.0,0.0,0.0,0.0
CHEMBL4261578,exact data citation,2.0,0.0,0.0,0.0
CHEMBL4261581,no issue,84.5,2.0,0.0,0.0
CHEMBL4261583,no issue,0.5,0.0,0.0,0.0
CHEMBL4261587,no issue,0.0,7.0,0.0,0.0
CHEMBL4261589,no issue,0.0,0.0,0.0,0.0
CHEMBL4261594,no issue,28.0,0.0,2.0,3.5
CHEMBL4261595,no issue,3.5,0.0,0.0,0.0
CHEMBL4261599,highly correlated assays,436.0,56.0,0.0,0.0
CHEMBL4261603,rounded data citation,1.0,0.5,0.0,0.0
CHEMBL4261605,highly correlated assays,436.0,56.0,0.0,0.0
CHEMBL4261613,no issue,0.0,0.0,0.0,0.0
CHEMBL4261624,no issue,18.5,2.0,0.0,0.0
CHEMBL4261628,no issue,24.5,4.5,0.0,0.0
CHEMBL4261629,highly correlated assays,152.0,14.5,0.0,0.0
CHEMBL4261630,no issue,2.0,0.0,0.0,0.0
CHEMBL4261640,no issue,0.5,0.0,0.0,0.0
CHEMBL4261642,no issue,0.0,0.0,0.0,0.0
CHEMBL4261644,no issue,1.0,1.0,0.0,0.0
CHEMBL4261650,no issue,32.0,48.5,0.0,0.0
CHEMBL4261653,review,29.0,0.0,0.0,0.0
CHEMBL4261656,multifunctional enzyme,2.0,0.0,0.0,0.0
CHEMBL4261657,no issue,0.0,0.0,0.0,0.0
CHEMBL4261658,no issue,0.0,0.0,15.0,228.0
CHEMBL4261659,no issue,0.0,0.0,0.0,0.0
CHEMBL4265867,no issue,4.0,0.0,0.0,0.0
CHEMBL4265874,shuffled assays,0.0,0.0,42.5,0.0
CHEMBL4265875,highly correlated assays,78.5,0.0,0.0,0.0
CHEMBL4265877,highly correlated assays,6.5,10.0,0.0,0.0
CHEMBL4265878,highly correlated assays,199.5,0.0,0.0,0.0
CHEMBL4265879,test Item with unknown chirality,0.0,0.0,0.0,0.0
CHEMBL4265880,no issue,0.0,0.0,0.0,0.0
CHEMBL4265881,test Item with unknown chirality,54.5,4.5,0.0,0.0
CHEMBL4265882,test Item with unknown chirality,54.5,4.5,0.0,0.0
CHEMBL4265886,no issue,0.0,0.5,0.0,0.0
CHEMBL4265887,highly correlated assays,25.0,0.0,0.0,0.0
CHEMBL4265893,rounded data citation,0.5,2.0,0.0,0.0
CHEMBL4265896,highly correlated assays,12.0,12.0,0.0,0.0
CHEMBL4265898,test Item with unknown chirality,0.0,0.0,0.0,0.0
CHEMBL4265899,no issue,0.0,1.0,0.0,0.0
CHEMBL4265900,no issue,0.0,0.0,0.0,0.0
CHEMBL4265907,no issue,0.0,0.0,0.0,0.0
CHEMBL4265912,test Item with unknown chirality,45.0,3.0,0.0,0.0
CHEMBL4265913,exact data citation,9.5,0.0,3.5,0.0
CHEMBL4265919,no issue,25.0,3.5,0.0,0.0
CHEMBL4265921,no issue,24.0,0.0,0.0,0.0
CHEMBL4265922,rounded data citation,14.5,19.0,0.0,0.0
CHEMBL4265923,shuffled assays,9.0,0.0,0.0,0.0
CHEMBL4265930,no issue,45.0,16.0,0.0,0.0
CHEMBL4265931,test Item with unknown chirality,56.5,0.0,2.0,8.5
CHEMBL4265932,review,1116.0,24.0,0.0,0.0
CHEMBL4265933,no issue,13.5,0.0,0.0,0.0
CHEMBL4265934,rounded data citation,14.0,0.0,0.0,0.0
CHEMBL4265936,no issue,37.0,4.0,0.0,0.0
CHEMBL4265937,test Item with unknown chirality,0.0,0.0,0.0,0.0
CHEMBL4265938,exact data citation,5.0,0.0,0.0,0.0
CHEMBL4265943,exact data citation,218.5,4.0,0.0,0.0
CHEMBL4265944,rounded data citation,1.0,0.0,0.0,0.0
CHEMBL4265950,highly correlated assays,13.0,2.5,2.5,1.0
CHEMBL4265951,exact data citation,308.0,55.5,0.0,0.0
CHEMBL4265953,high citation rate,576.0,118.0,0.0,0.0
CHEMBL4265956,no issue,0.0,0.0,0.0,0.0
CHEMBL4265957,exact data citation,5.0,0.0,3.5,0.0
CHEMBL4265966,no issue,0.0,0.0,2.0,2.0
CHEMBL4265977,test Item with unknown chirality,0.0,0.5,0.0,0.0
CHEMBL4265982,rounded data citation,0.0,1.0,0.0,0.0
CHEMBL4265983,no issue,13.0,4.5,0.0,0.0
CHEMBL4265985,exact data citation,0.0,3.0,0.0,0.0
CHEMBL4265991,multifunctional enzyme,4.0,0.0,0.0,0.0
CHEMBL4266003,no issue,0.0,0.0,0.0,0.5
CHEMBL4266008,rounded data citation,0.0,0.5,0.0,0.5
CHEMBL4266011,exact data citation,0.0,0.0,43.0,688.5
CHEMBL4266012,shuffled assays,0.0,16.0,0.0,0.0
CHEMBL4266013,highly correlated assays,55.0,4.0,40.0,548.5
CHEMBL4266018,high citation rate,4.5,120.0,0.0,0.0
CHEMBL4266023,no issue,10.0,2.5,0.0,0.0
CHEMBL4266030,no issue,0.5,0.0,0.5,0.0
CHEMBL4266040,test Item with unknown chirality,0.0,0.0,0.0,0.0
CHEMBL4266044,test Item with unknown chirality,5.5,0.0,0.0,0.0
CHEMBL4266047,no issue,0.0,0.0,0.0,0.0
CHEMBL4266055,no issue,0.0,0.5,0.0,0.0
CHEMBL4266056,no issue,0.0,20.0,0.0,0.0
CHEMBL4266057,shuffled assays,0.0,18.0,0.0,0.0
CHEMBL4266058,no issue,0.5,0.0,0.0,0.0
CHEMBL4266061,no issue,0.0,0.0,0.0,0.0
CHEMBL4266062,no issue,708.0,166.0,0.0,0.0
CHEMBL4270481,no issue,4.0,0.0,0.0,0.0
CHEMBL4270486,test Item with unknown chirality,69.5,1.0,0.0,0.0
CHEMBL4270490,highly correlated assays,102.5,16.5,0.0,0.0
CHEMBL4270496,highly correlated assays,226.5,1.0,0.0,0.0
CHEMBL4270497,review,33.0,0.0,0.0,0.0
CHEMBL4270498,review,0.0,0.5,0.0,0.0
CHEMBL4270502,review,3.5,0.0,0.0,0.0
CHEMBL4270503,review,7.5,0.0,0.0,0.0
CHEMBL4270504,highly correlated assays,25.5,0.0,0.0,0.0
CHEMBL4270507,review,1.0,1.0,0.0,0.0
CHEMBL4270508,review,1.0,0.0,2.0,0.0
CHEMBL4270509,review,9.0,1.5,0.0,0.0
CHEMBL4270514,multifunctional enzyme,18.5,0.0,0.0,0.0
CHEMBL4270520,no issue,0.0,1.0,0.5,0.0
CHEMBL4270521,highly correlated assays,6.0,10.0,0.0,0.0
CHEMBL4270525,test Item with unknown chirality,0.0,0.0,0.0,0.0
CHEMBL4270528,no issue,4.0,0.0,0.0,0.0
CHEMBL4270530,no issue,22.5,0.0,0.0,0.0
CHEMBL4270532,highly correlated assays,7.0,1.5,0.0,5.5
CHEMBL4270539,review,27.0,0.0,1.5,0.0
CHEMBL4270552,no issue,32.0,0.5,0.0,0.0
CHEMBL4270553,no issue,37.0,2.0,0.0,0.0
CHEMBL4270556,exact data citation,45.0,0.0,0.0,0.0
CHEMBL4270557,exact data citation,0.0,0.0,35.0,483.5
CHEMBL4270558,rounded data citation,0.0,1.0,0.0,0.0
CHEMBL4270559,no issue,0.0,11.0,0.0,0.0
CHEMBL4270563,highly correlated assays,172.5,35.5,7.0,1.0
CHEMBL4270567,exact data citation,98.0,6.5,0.0,0.0
CHEMBL4270569,highly correlated assays,13.0,7.0,0.0,0.0
CHEMBL4270570,exact data citation,0.0,9.0,0.0,0.0
CHEMBL4270571,no issue,0.0,10.5,0.0,0.0
CHEMBL4270575,review,16.0,0.0,0.0,0.0
CHEMBL4270576,highly correlated assays,0.0,16.5,0.0,0.0
CHEMBL4270577,no issue,57.0,3.0,0.0,0.0
CHEMBL4270579,multiply activity for same test item,0.0,0.0,0.0,0.0
CHEMBL4270586,exact data citation,0.0,0.0,40.0,548.5
CHEMBL4270593,no issue,17.5,2.5,0.0,0.0
CHEMBL4270595,no issue,1506.0,0.0,0.0,0.0
CHEMBL4270597,highly correlated assays,211.0,12.0,2.0,0.0
CHEMBL4270606,test Item with unknown chirality,0.0,0.0,2.0,8.5
CHEMBL4270607,multiply activity for same test item,0.5,0.0,0.0,0.0
CHEMBL4270608,no issue,38.0,10.5,0.0,0.0
CHEMBL4270610,review,0.5,0.0,0.0,0.0
CHEMBL4270615,no issue,0.0,0.0,0.0,0.0
CHEMBL4270621,no issue,0.0,0.0,0.0,0.0
CHEMBL4270622,highly correlated assays,0.0,0.0,35.0,2.0
CHEMBL4270623,no issue,4.0,0.5,0.0,0.0
CHEMBL4270632,test Item with unknown chirality,48.0,0.0,0.0,0.0
CHEMBL4270635,review,1.0,1.5,0.0,0.0
CHEMBL4270637,no issue,108.0,4.0,0.0,0.0
CHEMBL4270638,no issue,56.0,8.0,0.0,0.0
CHEMBL4270640,exact data citation,0.0,0.0,36.0,513.0
CHEMBL4270641,multifunctional enzyme,0.0,0.0,17.0,0.0
CHEMBL4270644,no issue,1.5,1.0,0.0,0.0
CHEMBL4270647,review,6.5,1.0,0.0,0.0
CHEMBL4270649,highly correlated assays,0.0,4.0,0.0,0.0
CHEMBL4270650,multifunctional enzyme,2.5,0.0,0.0,0.0
CHEMBL4270652,multiply activity for same test item,0.0,0.0,0.0,0.0
CHEMBL4270653,no issue,0.0,2.0,0.0,0.0
CHEMBL4270655,no issue,0.0,0.0,0.0,0.0
CHEMBL4270656,multifunctional enzyme,45.5,12.0,0.0,0.0
CHEMBL4270658,exact data citation,73.0,0.0,0.0,0.0
CHEMBL4270659,exact data citation,3.5,1.5,0.0,0.0
CHEMBL4270660,highly correlated assays,6.5,14.5,0.0,0.0
CHEMBL4270662,no issue,0.0,0.0,0.0,0.0
CHEMBL4270663,no issue,112.0,0.0,0.0,0.0
CHEMBL4270664,no issue,0.0,35.0,0.0,0.0
CHEMBL4270669,no issue,0.0,0.0,0.0,1.5
CHEMBL4270672,highly correlated assays,15.5,5.0,14.5,5.0
CHEMBL4270673,no issue,0.0,0.0,40.0,0.0
CHEMBL4304740,no issue,20.0,16.0,0.0,0.0
CHEMBL4304742,highly correlated assays,179.5,5.0,0.0,0.0
CHEMBL4304746,exact data citation,2.0,4.0,0.0,0.0
CHEMBL4304749,no issue,36.0,48.0,0.0,0.0
CHEMBL4304753,no issue,0.0,8.0,0.0,0.0
CHEMBL4304758,no issue,70.5,6.5,0.0,0.0
CHEMBL4304761,no issue,56.5,14.0,0.0,0.0
CHEMBL4304764,high citation rate,0.0,136.0,0.0,0.0
CHEMBL4304769,highly correlated assays,0.0,26.5,0.0,0.0
CHEMBL4304777,no issue,0.0,1.0,0.0,0.0
CHEMBL4304778,highly correlated assays,82.5,0.5,0.0,0.0
CHEMBL4304784,exact data citation,0.0,0.0,22.0,58.0
CHEMBL4304786,no issue,6.5,5.5,0.0,0.0
CHEMBL4304789,highly correlated assays,421.5,29.0,0.0,0.0
CHEMBL4304793,no issue,0.0,4.0,0.0,0.0
CHEMBL4304795,rounded data citation,0.0,0.0,17.5,259.5
CHEMBL4304802,highly correlated assays,162.0,11.0,0.0,0.0
CHEMBL4304809,test Item with unknown chirality,0.0,0.0,0.5,0.5
CHEMBL4304814,highly correlated assays,213.5,9.0,0.0,0.0
CHEMBL4304817,no issue,48.0,0.0,0.0,0.0
CHEMBL4304818,multifunctional enzyme,45.5,12.0,0.0,0.0
CHEMBL4304820,no issue,0.0,0.0,30.0,8.5
CHEMBL4304825,test Item with unknown chirality,160.0,28.0,0.0,0.0
CHEMBL4304826,no issue,0.0,0.0,0.0,0.0
CHEMBL4304831,test Item with unknown chirality,45.0,3.0,0.0,0.0
CHEMBL4304832,exact data citation,0.0,0.5,0.0,0.0
CHEMBL4304835,no issue,6.0,0.5,0.0,0.0
CHEMBL4304838,no issue,16.0,32.0,0.0,0.0
CHEMBL4308824,review,17.0,0.0,0.0,0.0
CHEMBL4308825,review,7.0,0.0,0.0,0.0
CHEMBL4308827,no issue,0.0,0.0,0.0,0.0
CHEMBL4308830,exact data citation,0.0,0.0,3.5,0.0
CHEMBL4308832,no issue,0.0,0.0,0.0,0.0
CHEMBL4308835,high citation rate,0.0,160.0,0.0,11.0
CHEMBL4308836,review,84.0,24.0,0.0,0.0
CHEMBL4308837,review,317.0,0.0,0.0,0.0
CHEMBL4308839,highly correlated assays,189.5,10.0,0.0,0.0
CHEMBL4308843,no issue,0.0,0.0,0.0,0.0
CHEMBL4308846,review,13.5,0.0,0.0,0.0
CHEMBL4308848,highly correlated assays,636.5,32.0,18.0,0.0
CHEMBL4308852,no issue,69.5,12.0,0.0,0.0
CHEMBL4308858,shuffled assays,32.0,0.0,0.0,0.0
CHEMBL4308861,no issue,0.5,0.0,0.0,0.0
CHEMBL4308867,test Item with unknown chirality,0.0,0.0,4.0,0.0
CHEMBL4308871,multifunctional enzyme,68.5,3.5,0.0,0.0
CHEMBL4308880,multifunctional enzyme,24.5,10.5,1.0,0.0
CHEMBL4308883,shuffled assays,120.0,2.0,0.0,0.0
CHEMBL4308884,high citation rate,2.5,6.0,0.0,0.0
CHEMBL4308885,review,2.5,0.0,0.0,0.0
CHEMBL4308889,rounded data citation,32.5,1.0,0.0,0.0
CHEMBL4308898,no issue,1.0,0.5,0.0,0.0
CHEMBL4308900,highly correlated assays,138.0,57.0,6.5,1.5
CHEMBL4308904,no issue,6.5,0.0,0.0,0.0
CHEMBL4308906,multifunctional enzyme,17.0,0.0,0.0,0.0
CHEMBL4308916,exact data citation,61.0,1.0,0.0,0.0
CHEMBL4308918,multiply activity for same test item,5.0,4.0,0.0,0.0
CHEMBL4308919,no issue,1.0,0.0,2.0,0.0
CHEMBL4308922,no issue,0.0,4.0,0.0,0.0
CHEMBL4311931,no issue,112.5,0.0,8.0,4.0
CHEMBL4311934,multifunctional enzyme,0.5,0.0,0.0,0.0
CHEMBL4311938,no issue,15.0,1.0,0.0,0.0
CHEMBL4311940,no issue,122.0,24.0,0.0,0.0
CHEMBL4311941,no issue,6.5,0.5,0.0,0.0
CHEMBL4311943,exact data citation,0.0,1.5,0.0,0.0
CHEMBL4311944,no issue,0.0,0.5,0.0,0.0
CHEMBL4311952,no issue,8.5,31.5,0.0,0.0
CHEMBL4311956,no issue,0.0,0.0,0.0,0.0
CHEMBL4311959,rounded data citation,10.0,0.5,0.0,0.0
CHEMBL4311963,no issue,0.0,0.0,21.5,4.0
CHEMBL4311967,exact data citation,0.0,0.0,35.0,480.5
CHEMBL4311968,highly correlated assays,234.0,0.5,0.0,0.0
CHEMBL4311970,no issue,4.5,0.0,0.0,0.0
CHEMBL4311974,exact data citation,0.0,0.0,40.0,548.5
CHEMBL4311976,rounded data citation,5.5,1.0,0.0,0.0
CHEMBL4311981,no issue,4.0,0.0,0.0,0.0
CHEMBL4311982,no issue,0.0,0.0,1.0,0.0
CHEMBL4311983,exact data citation,145.0,27.5,0.0,0.0
CHEMBL4311985,test Item with unknown chirality,696.0,8.0,0.0,0.0
CHEMBL4311986,highly correlated assays,0.0,0.0,64.5,18.5
CHEMBL4311987,review,29.0,0.0,0.0,0.0
CHEMBL4311995,high citation rate,814.5,0.0,0.0,0.0
CHEMBL4311997,highly correlated assays,372.0,4.0,0.0,0.0
CHEMBL4311999,exact data citation,0.0,0.0,40.0,548.5
CHEMBL4312002,exact data citation,0.0,0.0,24.0,66.5
CHEMBL4312005,no issue,124.5,1.0,0.0,0.0
CHEMBL4312015,no issue,612.0,24.0,0.0,0.0
CHEMBL4312018,no issue,25.0,0.5,0.0,0.0
CHEMBL4312023,multifunctional enzyme,52.0,6.0,0.0,0.0
CHEMBL4312026,exact data citation,0.0,0.0,17.5,244.5
CHEMBL4312030,exact data citation,14.0,0.0,0.0,0.0
CHEMBL4312034,highly correlated assays,0.0,0.0,21.5,20.0
CHEMBL4312035,no issue,1.0,1.5,0.0,0.0
CHEMBL4312037,rounded data citation,127.5,71.5,0.0,0.0
CHEMBL4312044,no issue,496.0,192.0,0.0,0.0
CHEMBL4316591,no issue,0.0,0.0,0.0,0.0
CHEMBL4316600,no issue,0.5,2.0,0.0,0.0
CHEMBL4316604,no issue,20.0,4.0,0.0,0.0
CHEMBL4316606,multifunctional enzyme,65.0,4.0,0.0,0.0
CHEMBL4316607,exact data citation,0.0,0.5,0.0,0.0
CHEMBL4316613,test Item with unknown chirality,1.5,0.0,1.0,3.0
CHEMBL4316617,no issue,0.0,0.0,0.0,0.0
CHEMBL4316629,rounded data citation,15.0,11.0,0.0,0.0
CHEMBL4316630,multifunctional enzyme,0.0,2.0,0.0,0.0
CHEMBL4321785,highly correlated assays,2.0,6.5,0.0,0.0
CHEMBL4321786,highly correlated assays,2.0,0.0,0.0,0.0
CHEMBL4321787,exact data citation,3.5,146.5,1.0,144.0
CHEMBL4321788,review,20.5,0.0,0.0,0.0
CHEMBL4321789,review,4.5,0.0,0.0,0.0
CHEMBL4321790,review,24.5,0.5,13.0,0.0
CHEMBL4321791,exact data citation,6.0,0.0,0.0,0.0
CHEMBL4321793,review,1.0,0.0,2.5,0.0
CHEMBL4321794,no issue,4.0,0.0,0.0,0.0
CHEMBL4321797,review,0.5,0.0,0.0,0.0
CHEMBL4321798,highly correlated assays,402.0,2.5,0.0,0.0
CHEMBL4321802,no issue,0.0,0.0,2.5,0.0
CHEMBL4321805,exact data citation,0.0,0.0,0.0,1.0
CHEMBL4321806,exact data citation,23.5,0.5,0.0,0.0
CHEMBL4321809,test Item with unknown chirality,0.0,0.0,0.0,0.0
CHEMBL4321810,no issue,128.0,16.0,0.0,0.0
CHEMBL4321813,no issue,0.0,3.0,0.0,0.0
CHEMBL4321814,highly correlated assays,0.0,16.0,0.0,0.0
CHEMBL4321817,no issue,0.0,16.0,0.0,0.0
CHEMBL4321819,no issue,0.0,1.0,0.0,0.0
CHEMBL4321820,multiply activity for same test item,11.5,0.0,0.0,0.0
CHEMBL4321822,exact data citation,32.0,33.0,0.0,0.0
CHEMBL4321823,highly correlated assays,0.0,0.0,35.0,39.0
CHEMBL4321825,no issue,4.0,0.0,0.0,0.0
CHEMBL4321826,no issue,0.0,0.0,0.0,0.5
CHEMBL4321827,review,4.0,0.0,0.0,0.0
CHEMBL4321841,review,9.0,0.5,0.0,0.0
CHEMBL4321842,no issue,2.0,0.0,0.0,0.0
CHEMBL4321843,review,28.0,0.0,0.0,0.0
CHEMBL4321844,no issue,52.0,16.0,0.0,0.0
CHEMBL4321846,exact data citation,0.0,3.0,0.0,0.0
CHEMBL4321848,no issue,0.0,0.0,0.5,0.0
CHEMBL4321851,highly correlated assays,0.0,0.0,732.0,0.0
CHEMBL4321854,no issue,1.5,0.0,0.0,0.0
CHEMBL4321855,highly correlated assays,3.0,0.0,0.0,0.0
CHEMBL4321858,highly correlated assays,123.0,0.0,0.0,0.0
CHEMBL4321863,no issue,23.5,1.5,0.0,0.0
CHEMBL4321874,exact data citation,0.0,1.0,0.0,0.0
CHEMBL4321876,highly correlated assays,22.5,9.5,0.0,0.0
CHEMBL4321878,multifunctional enzyme,103.5,1.0,28.0,0.0
CHEMBL4321879,rounded data citation,3.0,1.5,0.0,0.0
CHEMBL4321880,no issue,0.0,0.0,0.0,0.0
CHEMBL4321881,multifunctional enzyme,0.0,0.0,0.0,0.0
CHEMBL4321882,test Item with unknown chirality,0.5,0.0,0.0,0.0
CHEMBL4321883,no issue,0.0,0.0,0.0,0.0
CHEMBL4321885,no issue,5.5,0.0,0.0,0.0
CHEMBL4325826,no issue,2.0,0.0,0.5,0.0
CHEMBL4325829,no issue,57.5,0.0,0.0,0.0
CHEMBL4325830,multifunctional enzyme,5.0,0.0,0.0,0.0
CHEMBL4325832,no issue,1.0,1.0,0.0,0.0
CHEMBL4325842,no issue,2.0,0.0,0.0,0.0
CHEMBL4325845,exact data citation,3.0,0.0,0.0,0.0
CHEMBL4325846,rounded data citation,2.5,0.0,0.0,0.0
CHEMBL4325847,multiply activity for same test item,0.0,0.5,0.0,0.0
CHEMBL4325850,highly correlated assays,18.5,3.5,0.0,0.0
CHEMBL4325851,no issue,60.0,0.0,0.0,0.0
CHEMBL4325852,test Item with unknown chirality,36.0,11.5,0.0,0.0
CHEMBL4325857,test Item with unknown chirality,0.0,6.0,0.0,0.0
CHEMBL4325860,rounded data citation,0.0,0.0,10.0,4.0
CHEMBL4325862,highly correlated assays,66.5,0.0,0.0,0.0
CHEMBL4325863,test Item with unknown chirality,297.0,10.0,0.0,0.0
CHEMBL4325864,no issue,3.5,0.0,0.0,0.0
CHEMBL4325866,rounded data citation,21.0,0.0,0.0,0.0
CHEMBL4325867,no issue,54.0,26.5,0.0,0.0
CHEMBL4325869,no issue,47.5,1.5,0.0,0.0
CHEMBL4325870,no issue,36.5,2.5,0.0,0.0
CHEMBL4325871,highly correlated assays,558.5,0.0,0.0,0.0
CHEMBL4325875,exact data citation,0.0,212.0,0.0,240.0
CHEMBL4325882,highly correlated assays,5.0,23.0,0.0,0.0
CHEMBL4325888,review,110.5,0.0,0.0,0.0
CHEMBL4325890,no issue,0.0,4.5,0.0,0.0
CHEMBL4325892,highly correlated assays,362.5,4.5,1.5,0.5
CHEMBL4325901,no issue,52.5,1.5,15.5,0.5
CHEMBL4325904,highly correlated assays,79.0,0.0,0.0,0.0
CHEMBL4325906,review,65.5,0.0,0.0,0.0
CHEMBL4325907,review,56.5,0.0,0.0,0.0
CHEMBL4325908,exact data citation,1.0,1.5,0.0,0.0
CHEMBL4325911,exact data citation,0.0,0.0,0.0,1.0
CHEMBL4325914,no issue,792.0,58.0,0.0,0.0
CHEMBL4325916,exact data citation,0.0,8.5,0.0,0.0
CHEMBL4325918,high citation rate,108.0,0.0,0.0,0.0
CHEMBL4325919,no issue,0.5,0.0,0.0,0.0
CHEMBL4325921,highly correlated assays,16.0,24.5,0.0,0.0
CHEMBL4325924,multiply activity for same test item,0.5,0.0,0.0,0.0
CHEMBL4325925,no issue,443.5,4.0,0.0,0.0
CHEMBL4325931,no issue,0.0,0.0,1.0,0.5
CHEMBL4325932,multifunctional enzyme,21.0,0.0,0.0,0.0
CHEMBL4325934,no issue,0.0,0.0,0.0,0.0
CHEMBL4325935,highly correlated assays,154.0,8.0,0.0,0.0
CHEMBL4330054,highly correlated assays,186.5,0.0,0.0,0.0
CHEMBL4330058,no issue,28.5,12.0,0.0,0.0
CHEMBL4330060,test Item with unknown chirality,29.5,1.0,0.0,0.0
CHEMBL4330062,exact data citation,3.5,0.0,1.0,1.0
CHEMBL4330064,multifunctional enzyme,4.5,0.0,2.0,0.0
CHEMBL4330065,highly correlated assays,248.5,37.0,0.0,0.0
CHEMBL4330073,review,7.0,5.0,0.0,0.0
CHEMBL4330074,multifunctional enzyme,0.0,0.5,0.0,0.0
CHEMBL4330076,rounded data citation,0.0,0.0,1.5,0.0
CHEMBL4330078,highly correlated assays,406.0,262.0,0.0,0.0
CHEMBL4330080,multifunctional enzyme,1.5,0.0,0.0,0.0
CHEMBL4330081,no issue,52.0,8.5,0.0,0.0
CHEMBL4330083,multifunctional enzyme,45.5,5.5,0.0,0.0
CHEMBL4330088,highly correlated assays,74.5,6.5,1.0,0.0
CHEMBL4330089,exact data citation,0.0,0.0,43.0,692.0
CHEMBL4330096,multifunctional enzyme,0.0,0.5,0.0,0.0
CHEMBL4330097,no issue,1.0,0.0,0.0,0.0
CHEMBL4330102,exact data citation,0.0,2.0,0.0,0.0
CHEMBL4330103,highly correlated assays,223.5,17.0,0.0,0.0
CHEMBL4330105,no issue,0.0,0.0,0.0,0.0
CHEMBL4330107,multifunctional enzyme,66.0,24.0,0.0,0.0
CHEMBL4330108,highly correlated assays,334.0,32.0,0.0,0.0
CHEMBL4330113,no issue,30.5,4.0,0.0,0.0
CHEMBL4330115,no issue,0.0,4.5,0.0,0.0
CHEMBL4330118,no issue,0.0,0.0,140.0,0.0
CHEMBL4330120,highly correlated assays,11.0,1.5,0.0,0.0
CHEMBL4330124,no issue,276.0,0.0,0.0,0.0
CHEMBL4330125,no issue,0.0,0.0,0.0,0.0
CHEMBL4330127,no issue,0.5,0.0,0.0,0.0
CHEMBL4330131,exact data citation,4.5,0.0,0.0,0.0
CHEMBL4330133,test Item with unknown chirality,0.5,0.0,0.0,0.0
CHEMBL4330135,multifunctional enzyme,8.5,0.5,0.0,0.0
CHEMBL4330147,test Item with unknown chirality,0.0,0.0,1.0,0.5
CHEMBL4330159,no issue,36.0,2.5,0.0,0.0
CHEMBL4330164,multifunctional enzyme,18.5,0.0,0.0,0.0
CHEMBL4330184,rounded data citation,85.0,0.5,0.0,0.0
CHEMBL4330186,test Item with unknown chirality,0.0,0.0,0.0,0.0
CHEMBL4334421,highly correlated assays,270.5,8.5,0.0,0.0
CHEMBL4334432,multifunctional enzyme,13.5,3.5,0.0,0.0
CHEMBL4334437,exact data citation,0.0,0.0,37.0,553.5
CHEMBL4334438,no issue,4.0,0.0,0.0,0.0
CHEMBL4334447,no issue,2.0,0.0,0.0,0.0
CHEMBL4334463,exact data citation,0.0,2.5,0.0,0.0
CHEMBL4334469,no issue,10.0,0.0,0.0,4.0
CHEMBL4334470,review,6.5,0.0,6.0,0.0
CHEMBL4334472,highly correlated assays,23.5,1.0,15.0,0.5
CHEMBL4334476,multiply activity for same test item,2.0,0.5,0.0,0.0
CHEMBL4334481,no issue,0.0,0.0,32.0,32.0
CHEMBL4334485,highly correlated assays,21.0,9.5,6.5,0.0
CHEMBL4334493,exact data citation,1.0,0.0,0.0,0.0
CHEMBL4334496,no issue,3.0,1.5,0.0,0.0
CHEMBL4334503,no issue,0.5,6.5,0.0,0.0
CHEMBL4334507,no issue,140.0,46.0,0.0,0.0
CHEMBL4334508,no issue,2.0,0.0,0.0,0.0
CHEMBL4334517,multifunctional enzyme,7.5,2.5,0.0,0.0
CHEMBL4334526,highly correlated assays,371.5,17.0,0.0,0.0
CHEMBL4334539,no issue,0.0,0.0,0.0,0.0
CHEMBL4334541,no issue,2.5,1.0,0.0,0.0
CHEMBL4334545,no issue,7.0,2.0,0.0,0.0
CHEMBL4334546,no issue,108.0,0.0,0.0,0.0
CHEMBL4334553,no issue,436.0,0.0,0.0,0.0
CHEMBL4334554,no issue,0.5,0.0,0.0,0.0
CHEMBL4339181,highly correlated assays,315.5,39.0,0.0,0.0
CHEMBL4339187,no issue,10.0,0.0,0.0,0.0
CHEMBL4339188,highly correlated assays,245.0,38.5,0.0,0.0
CHEMBL4339191,multifunctional enzyme,37.0,24.5,0.0,0.0
CHEMBL4339198,exact data citation,0.0,7.0,0.0,0.0
CHEMBL4339202,no issue,7.0,0.0,0.0,0.0
CHEMBL4339211,no issue,9.0,0.5,0.0,0.0
CHEMBL4339212,no issue,2.5,0.0,0.0,0.0
CHEMBL4339216,multifunctional enzyme,3.0,0.0,0.0,0.0
CHEMBL4339217,exact data citation,5.0,0.5,0.0,0.0
CHEMBL4339219,no issue,0.0,0.0,0.0,0.0
CHEMBL4339231,exact data citation,0.0,0.0,16.0,227.0
CHEMBL4339241,exact data citation,11.5,0.5,0.0,0.0
CHEMBL4339243,test Item with unknown chirality,260.0,0.0,0.0,0.0
CHEMBL4339252,test Item with unknown chirality,60.0,1.0,0.0,0.0
CHEMBL4340506,no issue,9.0,0.5,0.0,0.0
CHEMBL4340508,no issue,112.5,0.0,0.0,0.0
CHEMBL4340509,exact data citation,14.0,0.0,0.0,0.0
CHEMBL4340510,no issue,1.0,0.0,0.0,0.0
CHEMBL4340512,shuffled assays,81.0,1.0,0.0,0.0
CHEMBL4340514,no issue,0.0,0.0,21.0,5.5
CHEMBL4340522,exact data citation,299.0,29.0,0.0,0.0
CHEMBL4340526,no issue,72.0,0.0,0.0,0.0
CHEMBL4340527,highly correlated assays,697.5,64.5,0.0,0.0
CHEMBL4340536,no issue,129.0,29.0,0.0,0.0
CHEMBL4340540,test Item with unknown chirality,0.0,4.0,0.0,0.0
CHEMBL4340542,no issue,2.5,0.0,0.0,0.0
CHEMBL4340543,no issue,0.5,2.0,0.0,0.0
CHEMBL4340546,highly correlated assays,17.5,5.5,0.0,0.0
CHEMBL4340550,shuffled assays,481.5,0.0,0.0,0.0
CHEMBL4340551,no issue,0.0,0.0,2.0,5.5
CHEMBL4340553,highly correlated assays,60.5,0.0,0.0,0.0
CHEMBL4340557,test Item with unknown chirality,0.0,0.0,0.0,0.0
CHEMBL4340561,exact data citation,0.5,5.0,0.0,2.5
CHEMBL4340570,exact data citation,100.0,13.0,0.0,0.0
CHEMBL4340575,rounded data citation,5.5,0.0,0.0,0.0
CHEMBL4340576,exact data citation,2.0,1.5,0.0,0.0
CHEMBL4340578,no issue,0.0,48.0,0.0,1.0
CHEMBL4342401,review,2.5,0.0,0.0,0.0
CHEMBL4342403,highly correlated assays,40.5,0.0,0.5,0.0
CHEMBL4342404,highly correlated assays,1169.5,0.5,13.0,0.0
CHEMBL4342405,review,2.0,0.0,0.5,0.0
CHEMBL4342409,highly correlated assays,898.0,6.5,0.0,0.0
CHEMBL4342410,no issue,0.5,1.0,0.0,0.0
CHEMBL4342411,rounded data citation,3.0,1.5,7.5,5.5
CHEMBL4342412,no issue,0.0,0.0,0.0,0.0
CHEMBL4342416,review,169.5,9.0,31.0,0.0
CHEMBL4342418,exact data citation,27.5,6.0,0.0,0.0
CHEMBL4342419,highly correlated assays,0.0,0.0,40.5,0.5
CHEMBL4342422,highly correlated assays,60.0,0.0,0.0,0.0
CHEMBL4342423,no issue,12.0,24.0,0.0,0.0
CHEMBL4342449,no issue,7.0,0.0,42.5,2.0
CHEMBL4342459,review,11.0,0.0,0.0,0.0
CHEMBL4342460,multiply activity for same test item,0.0,0.0,56.0,0.5
CHEMBL4342463,rounded data citation,16.0,2.0,0.0,0.0
CHEMBL4342471,shuffled assays,1132.0,162.5,0.0,0.0
CHEMBL4342473,exact data citation,0.0,1.0,0.0,0.0
CHEMBL4342488,no issue,1.0,0.0,0.0,0.0
CHEMBL4342490,high citation rate,89.5,0.0,0.0,0.0
CHEMBL4342493,rounded data citation,0.0,2.0,0.0,0.0
CHEMBL4342494,no issue,56.0,0.0,0.0,0.0
CHEMBL4342496,exact data citation,1.0,0.0,0.0,0.0
CHEMBL4342498,rounded data citation,1.0,1.0,0.0,0.0
CHEMBL4342504,highly correlated assays,373.5,34.5,0.0,0.0
CHEMBL4342506,test Item with unknown chirality,0.0,0.5,0.0,0.0
CHEMBL4342508,no issue,5.5,0.5,0.0,0.0
CHEMBL4342511,no issue,129.0,4.5,0.0,0.0
CHEMBL4342513,rounded data citation,5.0,0.0,0.0,0.0
CHEMBL4342518,exact data citation,0.0,0.0,0.0,10.5
CHEMBL4342520,highly correlated assays,8.5,0.0,0.0,0.0
CHEMBL4342521,highly correlated assays,461.5,74.0,0.0,0.0
CHEMBL4342522,no issue,16.0,0.0,0.0,0.0
CHEMBL4346652,highly correlated assays,19.0,0.0,0.5,0.0
CHEMBL4346653,highly correlated assays,0.0,0.0,14.0,12.5
CHEMBL4346659,no issue,70.5,8.5,0.0,0.0
CHEMBL4346661,highly correlated assays,82.0,6.0,0.0,0.0
CHEMBL4346663,exact data citation,7.5,0.0,0.0,0.0
CHEMBL4346670,highly correlated assays,192.5,33.0,0.0,0.0
CHEMBL4346673,shuffled assays,99.5,0.0,0.0,0.0
CHEMBL4346686,no issue,17.5,0.0,0.0,0.0
CHEMBL4346687,multifunctional enzyme,8.0,0.0,0.0,0.0
CHEMBL4346688,high citation rate,970.0,204.5,0.0,0.0
CHEMBL4346689,exact data citation,28.5,0.0,0.0,0.0
CHEMBL4346699,highly correlated assays,46.0,0.0,0.0,0.0
CHEMBL4346700,exact data citation,5.5,1.0,0.0,0.0
CHEMBL4346701,no issue,15.0,11.0,0.0,0.0
CHEMBL4346709,exact data citation,0.0,2.0,0.0,0.0
CHEMBL4346712,review,12.0,0.5,0.0,0.0
CHEMBL4346714,review,23.5,0.0,0.0,0.0
CHEMBL4346722,review,0.5,0.0,0.0,0.0
CHEMBL4346723,review,16.5,0.0,0.0,0.0
CHEMBL4346725,shuffled assays,80.5,0.0,0.0,0.0
CHEMBL4346730,no issue,6.0,0.0,0.0,0.0
CHEMBL4346734,exact data citation,0.0,0.0,19.0,36.0
CHEMBL4346735,no issue,21.5,0.0,0.0,0.0
CHEMBL4346738,no issue,41.5,0.0,0.0,0.0
CHEMBL4346739,test Item with unknown chirality,83.0,1.5,0.0,0.0
CHEMBL4346742,multiply activity for same test item,0.0,23.5,0.0,0.0
CHEMBL4346747,exact data citation,0.0,0.0,0.0,0.5
CHEMBL4346750,shuffled assays,22.0,0.0,0.0,0.0
CHEMBL4346754,no issue,0.0,4.0,0.0,0.0
CHEMBL4346761,test Item with unknown chirality,56.5,0.0,0.0,0.0
CHEMBL4346764,no issue,0.0,0.0,0.0,1.0
CHEMBL4346765,no issue,63.0,3.5,0.0,0.0
CHEMBL4350951,highly correlated assays,58.0,0.5,0.0,0.0
CHEMBL4350952,highly correlated assays,47.5,2.5,0.0,0.0
CHEMBL4350953,review,30.0,0.0,0.0,0.0
CHEMBL4350954,rounded data citation,3.0,21.0,0.0,0.0
CHEMBL4350957,exact data citation,0.0,0.0,0.0,2.0
CHEMBL4350961,exact data citation,0.0,4.0,0.0,0.0
CHEMBL4350963,test Item with unknown chirality,0.0,0.0,0.0,0.0
CHEMBL4350965,highly correlated assays,56.0,1.0,0.0,0.0
CHEMBL4350970,no issue,0.5,0.5,0.5,0.0
CHEMBL4350977,review,15.5,0.5,4.0,8.0
CHEMBL4350982,highly correlated assays,11.0,0.0,0.0,0.0
CHEMBL4350983,no issue,6.0,3.5,0.0,0.0
CHEMBL4350985,exact data citation,0.0,0.0,7.5,14.5
CHEMBL4350988,exact data citation,3.0,0.0,3.0,0.5
CHEMBL4350989,no issue,16.0,0.5,0.0,0.0
CHEMBL4350990,exact data citation,0.0,0.0,46.5,665.0
CHEMBL4350991,exact data citation,107.5,0.0,0.0,0.0
CHEMBL4350992,no issue,4.5,1.0,0.0,0.0
CHEMBL4350993,test Item with unknown chirality,100.0,0.0,0.0,0.0
CHEMBL4350994,review,0.0,0.0,0.0,0.0
CHEMBL4351000,no issue,24.0,1.0,0.0,0.0
CHEMBL4351001,multiply activity for same test item,0.0,0.0,19.5,19.5
CHEMBL4351002,no issue,284.0,60.0,0.0,0.0
CHEMBL4351010,highly correlated assays,0.0,0.0,36.5,0.0
CHEMBL4351011,no issue,63.5,1.5,0.0,0.0
CHEMBL4351013,highly correlated assays,138.5,14.0,2.5,5.0
CHEMBL4351015,no issue,15.5,0.0,0.0,0.0
CHEMBL4351018,exact data citation,63.0,18.5,0.0,0.0
CHEMBL4351020,exact data citation,0.0,0.0,17.0,226.0
CHEMBL4351023,no issue,134.5,1.0,0.0,0.0
CHEMBL4351031,test Item with unknown chirality,168.5,29.0,0.0,0.0
CHEMBL4351032,no issue,6.0,2.5,0.0,0.0
CHEMBL4354787,review,2.0,1.0,0.0,0.0
CHEMBL4354789,highly correlated assays,23.0,0.0,4.0,0.0
CHEMBL4354790,test Item with unknown chirality,0.5,0.0,0.0,0.0
CHEMBL4354793,exact data citation,71.0,0.0,0.0,0.0
CHEMBL4354796,no issue,3.5,0.0,0.0,0.0
CHEMBL4354797,rounded data citation,3.0,0.0,0.0,0.0
CHEMBL4354798,exact data citation,8.0,0.0,0.0,0.0
CHEMBL4354799,review,1.0,0.0,0.0,0.0
CHEMBL4354801,no issue,0.0,0.5,0.0,0.0
CHEMBL4354802,multifunctional enzyme,0.5,0.0,0.0,0.0
CHEMBL4354803,highly correlated assays,348.0,0.0,0.0,0.0
CHEMBL4354804,highly correlated assays,334.5,60.0,0.0,0.0
CHEMBL4354805,no issue,0.0,0.0,8.0,8.0
CHEMBL4354808,review,0.0,0.0,0.0,0.0
CHEMBL4354809,review,3.5,1.5,0.0,0.0
CHEMBL4354810,highly correlated assays,121.0,1.0,0.0,0.0
CHEMBL4354811,no issue,1.5,0.0,0.0,0.0
CHEMBL4354812,highly correlated assays,524.0,97.5,2.0,1.0
CHEMBL4354814,highly correlated assays,648.0,212.0,48.5,14.5
CHEMBL4354815,review,9.5,0.0,1.5,1.0
CHEMBL4354816,review,72.0,0.0,0.0,0.0
CHEMBL4354817,rounded data citation,0.0,0.0,80.0,8.0
CHEMBL4354818,review,1.5,0.0,0.0,0.0
CHEMBL4354821,no issue,1.0,0.0,0.0,0.0
CHEMBL4354822,highly correlated assays,127.5,71.5,0.0,0.0
CHEMBL4354823,no issue,0.0,0.0,0.5,0.0
CHEMBL4354824,no issue,0.0,0.0,14.5,5.5
CHEMBL4354825,test Item with unknown chirality,20.5,0.0,0.0,0.0
CHEMBL4354829,highly correlated assays,24.0,0.0,2.5,0.0
CHEMBL4354830,no issue,436.0,384.0,0.0,0.0
CHEMBL4354832,no issue,20.5,0.0,0.0,0.0
CHEMBL4354833,shuffled assays,572.0,0.0,0.0,0.0
CHEMBL4354834,exact data citation,0.0,0.0,0.0,1.0
CHEMBL4354838,no issue,31.5,10.5,0.0,0.0
CHEMBL4354840,exact data citation,0.0,0.0,2.0,0.0
CHEMBL4354841,highly correlated assays,6.0,0.0,1.0,0.0
CHEMBL4354843,exact data citation,0.0,2.5,0.0,0.0
CHEMBL4354846,exact data citation,0.0,0.0,37.0,552.5
CHEMBL4354850,review,0.0,0.0,0.5,0.0
CHEMBL4354853,no issue,2.0,0.0,0.0,0.0
CHEMBL4354855,high citation rate,1136.0,0.0,0.0,0.0
CHEMBL4354858,no issue,0.5,0.0,0.0,0.0
CHEMBL4354862,no issue,0.0,12.0,0.0,0.0
CHEMBL4354863,no issue,4.0,0.0,0.0,0.0
CHEMBL4354865,rounded data citation,44.0,0.5,0.0,0.0
CHEMBL4354878,high citation rate,912.0,609.5,0.0,0.0
CHEMBL4354879,no issue,10.5,0.0,0.0,0.0
CHEMBL4354882,no issue,0.0,0.0,0.0,0.0
CHEMBL4354883,exact data citation,4.0,0.0,0.0,0.0
CHEMBL4359812,highly correlated assays,26.5,0.0,0.0,0.0
CHEMBL4359817,no issue,29.5,0.0,0.0,0.0
CHEMBL4359818,multifunctional enzyme,15.0,0.5,0.0,0.0
CHEMBL4359819,exact data citation,32.5,0.5,0.0,0.0
CHEMBL4359824,highly correlated assays,70.0,0.0,0.0,0.0
CHEMBL4359827,no issue,30.5,0.0,0.0,0.0
CHEMBL4359830,no issue,452.0,16.0,0.0,0.0
CHEMBL4359834,no issue,0.0,0.0,0.0,0.5
CHEMBL4359835,no issue,1.0,0.5,0.0,0.0
CHEMBL4359839,multiply activity for same test item,0.0,0.0,8.5,7.5
CHEMBL4359842,exact data citation,2.5,0.0,0.0,0.0
CHEMBL4359845,exact data citation,0.0,0.0,38.5,584.0
CHEMBL4359846,highly correlated assays,4.5,7.5,0.0,0.0
CHEMBL4359851,highly correlated assays,420.5,31.5,0.0,0.0
CHEMBL4359857,test Item with unknown chirality,32.0,15.5,0.0,0.0
CHEMBL4359858,exact data citation,2.0,0.0,0.0,0.0
CHEMBL4359859,exact data citation,0.0,4.5,0.0,0.0
CHEMBL4359860,highly correlated assays,35.5,19.0,2.0,0.5
CHEMBL4359861,no issue,6.5,0.5,0.0,0.0
CHEMBL4359862,review,0.5,0.0,0.0,0.0
CHEMBL4359866,exact data citation,0.0,0.0,23.5,341.0
CHEMBL4359867,no issue,30.0,2.0,0.0,0.0
CHEMBL4359868,highly correlated assays,0.0,0.0,41.0,583.0
CHEMBL4359871,no issue,0.5,0.0,0.0,0.0
CHEMBL4359872,no issue,0.0,0.5,0.0,0.0
CHEMBL4359874,exact data citation,0.0,0.0,37.0,515.5
CHEMBL4359882,exact data citation,12.5,1.5,0.0,0.0
CHEMBL4359885,no issue,51.0,3.0,3.0,0.0
CHEMBL4359887,test Item with unknown chirality,0.0,0.0,1.0,1.0
CHEMBL4359892,no issue,103.5,48.5,0.0,0.0
CHEMBL4359893,no issue,0.5,0.0,0.0,0.0
CHEMBL4359896,no issue,28.0,7.0,0.0,0.0
CHEMBL4359897,rounded data citation,25.0,0.0,0.0,0.0
CHEMBL4359898,no issue,1.5,0.0,0.0,0.0
CHEMBL4359901,no issue,2.0,0.0,0.0,0.0
CHEMBL4359902,highly correlated assays,49.0,5.5,0.0,0.0
CHEMBL4359904,multifunctional enzyme,15.0,0.5,0.0,0.0
CHEMBL4359905,no issue,0.0,0.0,52.0,160.0
CHEMBL4359908,exact data citation,0.0,0.0,40.0,548.5
CHEMBL4359910,exact data citation,0.0,0.0,27.0,389.5
CHEMBL4359919,test Item with unknown chirality,284.0,84.0,0.0,0.0
CHEMBL4359920,highly correlated assays,255.0,14.0,0.0,0.0
CHEMBL4359921,no issue,1.5,4.0,0.0,0.0
CHEMBL4359926,test Item with unknown chirality,21.0,1.0,5.0,0.0
CHEMBL4359937,rounded data citation,10.5,0.0,0.0,0.0
CHEMBL4364241,review,0.0,0.0,0.0,0.0
CHEMBL4364247,highly correlated assays,0.0,10.0,0.0,0.0
CHEMBL4364248,highly correlated assays,334.0,32.5,0.0,0.0
CHEMBL4364258,no issue,22.5,2.0,8.0,3.0
CHEMBL4364266,exact data citation,9.5,1.5,0.0,0.0
CHEMBL4364269,no issue,2.0,0.0,0.0,0.0
CHEMBL4364272,no issue,28.0,4.0,0.0,0.0
CHEMBL4364273,no issue,2.0,0.0,0.0,0.0
CHEMBL4364276,no issue,27.0,0.0,0.0,0.0
CHEMBL4364277,review,3.5,0.0,0.0,0.0
CHEMBL4364278,no issue,52.0,20.5,0.0,0.0
CHEMBL4364279,highly correlated assays,112.0,39.0,0.0,0.0
CHEMBL4364280,exact data citation,0.0,0.0,17.0,21.0
CHEMBL4364282,exact data citation,92.5,7.0,0.0,0.0
CHEMBL4364285,no issue,0.0,0.0,0.0,0.5
CHEMBL4364290,no issue,36.5,0.0,0.0,0.0
CHEMBL4364291,test Item with unknown chirality,0.5,0.0,0.0,0.0
CHEMBL4364297,test Item with unknown chirality,0.0,0.0,0.0,0.0
CHEMBL4364298,no issue,0.0,0.0,0.5,0.0
CHEMBL4364300,test Item with unknown chirality,3.0,0.0,0.0,0.0
CHEMBL4364301,test Item with unknown chirality,1.0,0.0,0.0,0.0
CHEMBL4364303,no issue,97.5,2.0,0.0,0.0
CHEMBL4364306,highly correlated assays,0.0,0.0,13.5,3.5
CHEMBL4364308,test Item with unknown chirality,102.5,38.5,0.0,0.0
CHEMBL4364309,shuffled assays,264.0,16.0,0.0,0.0
CHEMBL4364312,multifunctional enzyme,13.0,0.5,0.0,0.0
CHEMBL4364313,highly correlated assays,0.0,0.0,74.5,17.0
CHEMBL4364314,highly correlated assays,28.0,0.0,0.0,0.0
CHEMBL4364319,no issue,5.5,1.5,0.0,0.0
CHEMBL4364320,review,0.0,0.0,2.0,0.0
CHEMBL4364322,no issue,4.0,0.0,0.0,0.0
CHEMBL4364324,review,94.5,1.0,0.0,0.0
CHEMBL4364325,rounded data citation,0.5,0.0,42.5,4.0
CHEMBL4364326,multifunctional enzyme,21.5,4.0,0.0,0.0
CHEMBL4364332,exact data citation,0.0,0.0,35.0,483.5
CHEMBL4364334,exact data citation,0.0,0.5,0.0,0.0
CHEMBL4364335,highly correlated assays,0.0,0.0,32.0,454.5
CHEMBL4364336,highly correlated assays,0.0,0.0,40.0,548.5
CHEMBL4364342,no issue,344.0,0.0,0.0,0.0
CHEMBL4364344,no issue,0.0,0.0,5.0,1.0
CHEMBL4368853,highly correlated assays,170.5,0.0,32.0,0.0
CHEMBL4368858,highly correlated assays,0.0,0.0,10.0,6.0
CHEMBL4368859,no issue,19.0,1.0,0.0,0.0
CHEMBL4368860,highly correlated assays,0.0,0.0,2.5,9.0
CHEMBL4368866,no issue,0.0,0.0,4.0,0.0
CHEMBL4368867,no issue,55.5,2.0,0.0,0.0
CHEMBL4368868,exact data citation,150.0,9.5,0.0,0.0
CHEMBL4368870,exact data citation,0.5,0.0,0.0,0.0
CHEMBL4368874,rounded data citation,0.5,0.0,0.0,0.0
CHEMBL4368877,no issue,8.0,0.0,0.0,0.0
CHEMBL4368890,exact data citation,0.5,0.0,0.0,0.0
CHEMBL4368891,highly correlated assays,55.0,1.5,0.0,0.0
CHEMBL4368896,highly correlated assays,0.0,0.0,28.0,0.0
CHEMBL4368900,exact data citation,0.0,1.0,0.0,0.0
CHEMBL4368901,shuffled assays,119.5,0.0,0.0,0.0
CHEMBL4368904,highly correlated assays,0.0,0.0,230.0,133.5
CHEMBL4368909,exact data citation,33.0,28.0,0.0,0.0
CHEMBL4368910,no issue,0.0,2.0,0.0,0.0
CHEMBL4368911,no issue,0.0,0.0,0.5,0.0
CHEMBL4368912,no issue,2.0,0.0,21.5,0.0
CHEMBL4368913,shuffled assays,58.0,4.0,0.0,0.0
CHEMBL4368914,no issue,18.5,18.0,0.0,0.0
CHEMBL4368915,highly correlated assays,528.0,38.5,0.0,0.0
CHEMBL4368916,rounded data citation,0.0,2.0,0.0,0.0
CHEMBL4368918,no issue,0.0,0.0,0.0,0.0
CHEMBL4368922,highly correlated assays,13.5,1.5,0.0,0.0
CHEMBL4368923,multiply activity for same test item,126.0,84.0,0.0,0.0
CHEMBL4368924,exact data citation,15.0,10.0,0.0,0.0
CHEMBL4368927,review,1.0,0.0,1.0,0.0
CHEMBL4368929,exact data citation,31.0,50.0,0.0,0.0
CHEMBL4368931,exact data citation,58.0,1.5,0.0,0.0
CHEMBL4368932,no issue,4.0,1.0,0.0,0.0
CHEMBL4368939,shuffled assays,290.5,56.0,2.0,0.0
CHEMBL4368941,no issue,54.5,5.0,0.0,0.0
CHEMBL4371002,highly correlated assays,92.5,3.0,1.0,0.5
CHEMBL4371003,no issue,0.0,0.5,0.0,0.0
CHEMBL4371004,no issue,45.5,2.0,0.0,0.0
CHEMBL4371006,exact data citation,2.0,0.0,0.0,0.0
CHEMBL4371007,review,5.0,0.0,0.0,0.0
CHEMBL4371008,multifunctional enzyme,2.0,0.0,0.0,0.0
CHEMBL4371011,test Item with unknown chirality,0.0,0.0,0.0,0.0
CHEMBL4371012,no issue,0.5,1.0,0.0,0.0
CHEMBL4371014,no issue,0.5,4.0,0.0,2.5
CHEMBL4371017,no issue,112.0,0.0,0.0,0.0
CHEMBL4371022,highly correlated assays,0.5,6.0,0.0,0.0
CHEMBL4371025,no issue,4.5,0.0,0.0,0.0
CHEMBL4371029,no issue,0.5,0.0,0.0,0.0
CHEMBL4371035,highly correlated assays,10.0,8.5,0.0,0.0
CHEMBL4371037,multifunctional enzyme,0.0,2.0,0.0,0.0
CHEMBL4371038,exact data citation,52.0,8.5,0.0,0.0
CHEMBL4371041,shuffled assays,5.0,0.0,0.0,0.0
CHEMBL4371054,no issue,0.0,0.0,0.0,0.0
CHEMBL4371057,no issue,2.0,1.0,0.0,0.0
CHEMBL4371059,highly correlated assays,0.0,0.0,24.5,40.0
CHEMBL4371060,exact data citation,0.0,0.0,3.5,0.0
CHEMBL4371062,no issue,0.5,0.0,0.0,0.0
CHEMBL4371069,highly correlated assays,135.0,0.0,0.0,0.0
CHEMBL4371070,rounded data citation,41.5,0.0,0.0,0.0
CHEMBL4371071,test Item with unknown chirality,0.0,0.0,17.0,0.0
CHEMBL4371072,test Item with unknown chirality,2.5,1.0,0.0,0.0
CHEMBL4371076,high citation rate,134.0,0.0,0.0,0.0
CHEMBL4371083,exact data citation,4.5,0.0,0.0,0.0
CHEMBL4371084,no issue,0.5,2.0,0.0,0.0
CHEMBL4371089,no issue,1.5,0.0,0.0,0.0
CHEMBL4373628,review,2.0,0.0,0.0,0.0
CHEMBL4373629,multifunctional enzyme,7.0,0.0,0.0,0.0
CHEMBL4373634,exact data citation,0.0,0.0,6.5,0.0
CHEMBL4373665,rounded data citation,73.0,0.0,0.0,0.0
CHEMBL4373669,no issue,24.0,0.0,0.0,0.0
CHEMBL4373678,rounded data citation,113.5,8.5,0.0,0.0
CHEMBL4373690,rounded data citation,1.0,5.0,0.0,0.0
CHEMBL4373691,exact data citation,3.5,0.0,0.0,0.0
CHEMBL4373695,multiply activity for same test item,6.5,12.0,0.0,0.0
CHEMBL4373696,no issue,4.0,0.0,8.0,0.0
CHEMBL4373702,exact data citation,5.0,0.0,0.0,0.0
CHEMBL4373703,no issue,54.0,0.0,0.0,0.0
CHEMBL4373717,review,34.5,2.0,0.0,0.0
CHEMBL4373718,rounded data citation,1.5,0.5,0.0,0.0
CHEMBL4373719,no issue,0.0,0.0,0.0,0.0
CHEMBL4373720,no issue,0.5,4.0,0.0,0.0
CHEMBL4373732,highly correlated assays,59.0,0.0,0.0,0.0
CHEMBL4373735,exact data citation,121.0,3.0,0.0,0.0
CHEMBL4373738,highly correlated assays,324.5,25.5,7.0,10.0
CHEMBL4373740,exact data citation,6.5,4.5,0.0,0.0
CHEMBL4373741,highly correlated assays,0.0,0.0,35.0,483.5
CHEMBL4373747,highly correlated assays,202.0,0.0,0.0,0.0
CHEMBL4373749,test Item with unknown chirality,0.5,0.0,0.0,0.0
CHEMBL4376804,review,20.0,0.0,0.0,0.0
CHEMBL4376805,review,0.0,0.0,28.5,0.0
CHEMBL4376807,exact data citation,285.5,42.5,0.0,0.0
CHEMBL4376809,no issue,1.5,18.0,0.0,0.0
CHEMBL4376812,no issue,8.5,0.0,1.0,0.0
CHEMBL4376815,multifunctional enzyme,0.0,0.5,0.0,0.0
CHEMBL4376816,no issue,0.0,0.0,0.0,0.0
CHEMBL4376817,review,1280.0,13.5,1.0,0.0
CHEMBL4376822,review,2.0,0.0,4.5,0.0
CHEMBL4376823,exact data citation,616.0,20.0,0.0,0.0
CHEMBL4376828,review,27.5,0.0,0.0,0.0
CHEMBL4376835,rounded data citation,0.0,0.0,1.0,3.0
CHEMBL4376836,no issue,36.5,11.0,0.0,0.0
CHEMBL4376837,no issue,1.5,0.0,0.0,0.0
CHEMBL4376839,exact data citation,0.0,0.0,15.0,0.0
CHEMBL4376843,highly correlated assays,0.0,0.0,15.0,256.0
CHEMBL4376848,no issue,4.5,0.0,0.0,0.0
CHEMBL4376850,exact data citation,223.0,22.5,0.0,0.0
CHEMBL4376851,no issue,0.5,0.0,0.0,0.0
CHEMBL4376852,no issue,196.0,0.0,0.0,0.0
CHEMBL4376853,multifunctional enzyme,13.5,3.5,0.0,0.0
CHEMBL4376854,highly correlated assays,0.0,0.0,41.5,1.5
CHEMBL4376860,highly correlated assays,40.5,3.0,0.0,0.0
CHEMBL4376867,no issue,4.0,0.0,0.0,0.0
CHEMBL4376869,highly correlated assays,0.0,0.0,19.5,0.0
CHEMBL4376877,exact data citation,0.0,1.0,0.0,0.0
CHEMBL4376878,rounded data citation,6.0,54.0,0.0,0.0
CHEMBL4376880,no issue,0.0,0.0,0.0,0.0
CHEMBL4376885,no issue,56.5,30.0,0.0,0.0
CHEMBL4376888,no issue,0.0,0.0,0.0,0.0
CHEMBL4376890,test Item with unknown chirality,12.0,0.0,0.0,0.0
CHEMBL4376894,highly correlated assays,0.0,0.0,17.0,2.5
CHEMBL4376897,rounded data citation,14.0,0.0,0.0,0.0
CHEMBL4376904,no issue,1.5,0.0,0.0,0.0
CHEMBL4382192,no issue,1425.0,10.0,0.0,0.0
CHEMBL4382193,highly correlated assays,9.0,15.5,0.0,0.0
CHEMBL4382195,review,4.5,0.0,0.0,0.0
CHEMBL4382196,no issue,24.0,6.0,0.0,0.0
CHEMBL4382197,no issue,69.0,24.0,2.5,10.0
CHEMBL4382204,no issue,68.0,84.0,0.0,0.0
CHEMBL4382205,no issue,28.0,24.0,4.0,0.5
CHEMBL4382212,exact data citation,12.0,4.5,0.0,0.0
CHEMBL4382216,no issue,0.0,0.0,0.0,0.0
CHEMBL4382220,highly correlated assays,31.5,5.0,32.5,478.0
CHEMBL4382221,no issue,10.5,0.0,0.0,0.0
CHEMBL4382223,shuffled assays,0.0,1.0,0.0,0.0
CHEMBL4382225,no issue,0.5,0.0,0.0,0.0
CHEMBL4382229,review,1.0,0.0,0.0,0.0
CHEMBL4382235,no issue,0.5,0.0,0.0,0.0
CHEMBL4382240,no issue,70.0,11.0,0.0,0.0
CHEMBL4382243,no issue,170.5,13.5,0.0,0.0
CHEMBL4382245,shuffled assays,788.0,24.0,0.0,0.0
CHEMBL4382249,highly correlated assays,99.5,15.5,0.0,0.0
CHEMBL4382250,no issue,184.0,0.0,0.0,0.0
CHEMBL4382258,no issue,0.0,1.5,0.0,0.0
CHEMBL4382265,multifunctional enzyme,106.5,8.5,2.5,0.5
CHEMBL4382275,no issue,1.0,0.0,0.0,0.0
CHEMBL4382290,no issue,238.0,252.0,0.0,0.0
CHEMBL4382291,shuffled assays,448.0,20.0,0.0,0.0
CHEMBL4382294,no issue,0.0,0.5,0.0,0.5
CHEMBL4385593,no issue,23.0,1.0,0.0,0.0
CHEMBL4385595,review,4.0,0.0,2.0,0.0
CHEMBL4385599,no issue,0.0,0.5,0.0,0.0
CHEMBL4385600,highly correlated assays,0.0,0.0,12.0,3.0
CHEMBL4385603,exact data citation,0.0,0.0,0.0,48.0
CHEMBL4385604,no issue,29.5,4.0,0.0,0.0
CHEMBL4385605,highly correlated assays,0.0,0.0,38.0,62.5
CHEMBL4385610,highly correlated assays,208.5,0.5,0.0,0.0
CHEMBL4385611,no issue,0.0,0.0,7.5,0.0
CHEMBL4385612,no issue,1.0,0.5,0.0,0.0
CHEMBL4385613,no issue,182.0,10.5,0.0,0.0
CHEMBL4385616,no issue,2.0,0.0,0.0,0.0
CHEMBL4385620,no issue,0.0,0.0,0.0,0.0
CHEMBL4385633,test Item with unknown chirality,1.0,0.0,0.0,0.0
CHEMBL4385635,no issue,2.5,0.0,0.0,0.0
CHEMBL4385636,no issue,1.5,0.5,0.0,0.0
CHEMBL4385638,highly correlated assays,0.0,9.0,0.0,0.0
CHEMBL4385639,exact data citation,33.5,0.0,0.0,0.0
CHEMBL4385647,no issue,31.0,0.5,0.0,0.0
CHEMBL4385653,no issue,31.0,1.0,0.0,0.0
CHEMBL4385655,no issue,0.5,0.0,0.0,0.0
CHEMBL4385666,no issue,16.5,0.0,0.0,0.0
CHEMBL4385670,exact data citation,0.0,0.0,9.5,5.5
CHEMBL4385671,no issue,0.0,0.0,0.0,0.0
CHEMBL4387703,no issue,0.0,0.0,0.0,0.0
CHEMBL4387704,no issue,143.5,14.5,0.0,0.0
CHEMBL4387705,no issue,79.5,0.0,0.0,0.0
CHEMBL4387706,no issue,18.0,1.0,0.0,0.0
CHEMBL4387713,no issue,0.0,0.5,0.0,0.0
CHEMBL4387716,no issue,6.0,1.0,0.0,0.0
CHEMBL4387718,no issue,204.0,38.0,0.0,0.0
CHEMBL4387720,highly correlated assays,322.0,2.0,0.0,0.0
CHEMBL4387738,no issue,0.0,0.0,0.0,0.0
CHEMBL4387740,test Item with unknown chirality,0.0,0.0,0.0,1.0
CHEMBL4387742,no issue,0.5,0.0,0.0,0.0
CHEMBL4387747,no issue,22.5,2.5,0.0,0.0
CHEMBL4387748,shuffled assays,73.0,0.0,0.0,0.0
CHEMBL4387749,test Item with unknown chirality,100.5,6.5,0.0,0.0
CHEMBL4387750,multifunctional enzyme,0.0,0.5,0.0,0.0
CHEMBL4387754,test Item with unknown chirality,0.0,0.0,0.0,1.0
CHEMBL4387756,multifunctional enzyme,9.5,0.5,0.0,0.0
CHEMBL4387758,exact data citation,62.5,9.0,0.0,0.0
CHEMBL4387764,rounded data citation,143.5,1.0,0.0,0.0
CHEMBL4387769,test Item with unknown chirality,0.0,0.0,0.5,0.0
CHEMBL4387772,no issue,18.5,1.0,0.0,0.0
CHEMBL4387776,no issue,11.0,0.0,0.0,0.0
CHEMBL4387778,no issue,147.5,13.0,0.0,0.0
CHEMBL4387780,no issue,10.5,0.5,0.0,0.0
CHEMBL4390638,test Item with unknown chirality,0.0,0.0,0.0,0.0
CHEMBL4390652,rounded data citation,77.0,33.5,0.0,0.0
CHEMBL4390656,exact data citation,170.5,4.5,0.0,0.0
CHEMBL4390657,shuffled assays,24.0,1.5,0.0,0.0
CHEMBL4390658,shuffled assays,12.5,1.5,0.0,0.0
CHEMBL4390661,highly correlated assays,0.0,0.0,41.0,826.5
CHEMBL4390666,exact data citation,0.0,0.0,27.5,31.0
CHEMBL4390667,highly correlated assays,28.5,30.0,0.0,0.0
CHEMBL4390669,no issue,0.0,0.0,6.5,0.0
CHEMBL4390674,no issue,0.0,0.0,3.5,0.0
CHEMBL4390675,no issue,0.0,0.0,4.0,0.0
CHEMBL4390677,highly correlated assays,12.0,0.5,17.0,1.0
CHEMBL4390678,test Item with unknown chirality,0.0,0.0,0.5,4.5
CHEMBL4390686,no issue,1.0,0.0,0.0,0.0
CHEMBL4390687,exact data citation,46.5,4.5,0.0,0.0
CHEMBL4390688,multifunctional enzyme,0.0,6.0,0.0,0.0
CHEMBL4390690,review,1.0,0.0,0.0,0.0
CHEMBL4390691,shuffled assays,234.5,0.0,0.0,0.0
CHEMBL4390693,multiply activity for same test item,0.0,0.0,12.0,0.0
CHEMBL4390695,rounded data citation,32.5,0.5,0.0,0.0
CHEMBL4390702,no issue,24.0,9.0,0.0,0.0
CHEMBL4390704,no issue,3.0,0.5,0.0,0.0
CHEMBL4390705,test Item with unknown chirality,0.5,1.0,0.0,0.0
CHEMBL4390709,exact data citation,0.5,1.5,0.0,0.0
CHEMBL4392824,multifunctional enzyme,20.0,5.5,0.0,0.0
CHEMBL4392825,no issue,4.5,0.0,0.0,0.0
CHEMBL4392829,rounded data citation,6.0,0.0,0.0,0.0
CHEMBL4392831,highly correlated assays,0.0,0.0,26.0,0.0
CHEMBL4392838,no issue,500.0,284.0,0.0,0.0
CHEMBL4392841,no issue,1.0,0.0,0.0,0.0
CHEMBL4392842,exact data citation,2.0,2.0,0.0,0.0
CHEMBL4392844,no issue,0.5,0.5,0.0,0.0
CHEMBL4392845,high citation rate,109.0,80.0,0.0,0.0
CHEMBL4392849,rounded data citation,27.5,0.5,0.0,0.0
CHEMBL4392854,multifunctional enzyme,43.5,0.0,0.0,0.0
CHEMBL4393650,highly correlated assays,255.0,20.0,23.0,0.0
CHEMBL4393651,highly correlated assays,5.0,0.0,0.0,0.0
CHEMBL4393658,highly correlated assays,0.0,0.0,20.5,21.5
CHEMBL4393659,review,133.5,0.0,0.0,0.0
CHEMBL4393660,rounded data citation,87.5,0.5,0.0,0.0
CHEMBL4393662,highly correlated assays,6.5,18.5,0.0,0.0
CHEMBL4393668,no issue,14.0,2.0,0.0,0.0
CHEMBL4393669,no issue,1.0,0.0,0.0,0.0
CHEMBL4393671,highly correlated assays,106.0,0.0,0.0,0.0
CHEMBL4393672,no issue,80.0,20.0,0.0,0.0
CHEMBL4393676,no issue,4.0,0.0,0.0,0.0
CHEMBL4393680,no issue,35.5,7.5,0.0,0.0
CHEMBL4393684,test Item with unknown chirality,107.0,0.0,1.5,0.0
CHEMBL4393686,highly correlated assays,37.0,8.0,0.0,0.0
CHEMBL4393688,no issue,0.0,0.0,32.5,8.0
CHEMBL4393694,test Item with unknown chirality,100.5,6.5,0.0,0.0
CHEMBL4393696,exact data citation,0.0,0.0,29.0,385.0
CHEMBL4393698,no issue,2.0,0.0,0.0,0.0
CHEMBL4393699,rounded data citation,10.5,0.0,0.0,0.0
CHEMBL4393702,review,1.5,0.0,0.0,0.0
CHEMBL4393708,no issue,82.0,60.5,0.0,0.0
CHEMBL4393710,no issue,2.0,0.0,0.0,0.0
CHEMBL4393713,exact data citation,57.5,2.0,0.0,0.0
CHEMBL4393714,rounded data citation,18.5,0.0,27.0,0.0
CHEMBL4393719,multiply activity for same test item,0.0,0.0,23.0,60.5
CHEMBL4393723,exact data citation,0.0,0.0,2.0,3.5
CHEMBL4393727,exact data citation,230.5,12.0,0.0,0.0
CHEMBL4393733,no issue,45.5,0.0,0.0,0.0
CHEMBL4393743,highly correlated assays,276.5,7.0,0.0,0.0
CHEMBL4396864,review,0.5,0.0,0.0,0.0
CHEMBL4396866,exact data citation,0.5,0.0,0.0,0.0
CHEMBL4396868,no issue,296.0,168.0,0.0,0.0
CHEMBL4396871,no issue,0.0,0.0,4.0,2.0
CHEMBL4396872,no issue,26.0,3.5,0.0,0.0
CHEMBL4396875,highly correlated assays,0.0,0.0,5.5,3.5
CHEMBL4396879,no issue,0.0,0.5,0.0,1.0
CHEMBL4396884,no issue,44.5,0.5,0.0,0.0
CHEMBL4396885,exact data citation,11.5,6.0,0.0,0.0
CHEMBL4396887,multiply activity for same test item,0.0,42.0,0.0,0.0
CHEMBL4396888,highly correlated assays,9.0,0.0,0.0,0.0
CHEMBL4396892,highly correlated assays,62.0,0.0,1.5,0.0
CHEMBL4396893,highly correlated assays,0.0,0.0,35.0,2.0
CHEMBL4396895,no issue,44.0,0.0,0.0,0.0
CHEMBL4396898,no issue,25.5,0.0,0.0,0.0
CHEMBL4396900,no issue,2.0,0.0,0.0,0.0
CHEMBL4396901,no issue,7.0,0.0,0.0,0.0
CHEMBL4396903,no issue,0.0,1.0,0.0,0.0
CHEMBL4396905,no issue,52.0,10.0,0.0,0.0
CHEMBL4396908,highly correlated assays,142.5,0.0,0.0,0.0
CHEMBL4396911,exact data citation,20.5,0.0,0.0,0.0
CHEMBL4396912,highly correlated assays,6.0,2.0,3.0,0.0
CHEMBL4396916,highly correlated assays,64.5,6.5,0.0,0.0
CHEMBL4396923,exact data citation,0.5,0.0,2.0,0.0
CHEMBL4396925,no issue,0.0,0.0,0.0,0.0
CHEMBL4396926,no issue,464.0,0.0,0.0,0.0
CHEMBL4396930,exact data citation,0.0,0.5,0.0,0.0
CHEMBL4396931,rounded data citation,276.0,10.5,0.0,0.0
CHEMBL4396932,multifunctional enzyme,1.0,0.0,0.0,0.0
CHEMBL4396933,exact data citation,625.5,40.5,0.0,0.0
CHEMBL4396934,no issue,0.0,0.0,15.0,2.0
CHEMBL4396940,no issue,44.5,6.5,0.0,0.0
CHEMBL4396946,no issue,48.0,0.0,0.0,0.0
CHEMBL4396948,exact data citation,0.0,0.0,0.0,3.5
CHEMBL4396959,multiply activity for same test item,0.0,0.5,0.0,0.0
CHEMBL4396961,exact data citation,2.5,13.0,0.0,0.0
CHEMBL4396963,no issue,531.5,175.5,0.0,0.0
CHEMBL4396966,exact data citation,1.0,0.5,0.0,0.0
CHEMBL4400505,review,19.5,4.0,0.0,0.0
CHEMBL4400506,highly correlated assays,6.0,4.5,0.0,0.0
CHEMBL4400508,highly correlated assays,0.0,15.5,0.0,0.0
CHEMBL4400509,highly correlated assays,0.0,12.5,0.0,0.0
CHEMBL4400519,exact data citation,80.0,6.5,0.0,0.0
CHEMBL4400523,highly correlated assays,0.0,0.0,74.0,16.0
CHEMBL4400529,shuffled assays,18.5,0.0,0.0,0.0
CHEMBL4400531,multifunctional enzyme,1.0,0.0,0.0,0.0
CHEMBL4400532,exact data citation,41.0,0.0,0.0,0.0
CHEMBL4400533,highly correlated assays,14.5,1.5,0.0,0.0
CHEMBL4400534,exact data citation,30.5,21.5,0.0,0.0
CHEMBL4400535,no issue,1.0,0.0,0.0,0.0
CHEMBL4400539,highly correlated assays,122.0,0.0,0.0,0.0
CHEMBL4400545,no issue,16.0,0.0,0.0,2.5
CHEMBL4400550,no issue,67.5,0.0,0.0,0.0
CHEMBL4400552,multifunctional enzyme,88.0,3.5,0.0,0.0
CHEMBL4400553,rounded data citation,0.0,1.0,0.0,0.0
CHEMBL4400558,exact data citation,0.0,0.0,0.0,1.0
CHEMBL4400566,exact data citation,0.0,0.0,41.0,583.0
CHEMBL4400567,exact data citation,39.0,1.0,0.0,0.0
CHEMBL4400571,exact data citation,0.0,0.0,0.0,3.0
CHEMBL4400577,exact data citation,0.0,0.5,0.0,0.0
CHEMBL4400582,no issue,0.0,0.0,0.0,0.0
CHEMBL4402507,no issue,30.0,3.0,0.0,0.0
CHEMBL4402511,test Item with unknown chirality,0.0,0.0,3.0,0.0
CHEMBL4402516,review,3.5,0.0,0.0,0.0
CHEMBL4402523,no issue,108.5,0.0,0.0,0.0
CHEMBL4402524,no issue,8.0,0.0,0.0,0.0
CHEMBL4402525,no issue,55.5,0.0,0.0,0.0
CHEMBL4402527,highly correlated assays,42.5,0.0,0.0,0.0
CHEMBL4402529,review,31.0,0.5,0.0,0.0
CHEMBL4402534,multifunctional enzyme,19.5,1.5,0.0,0.0
CHEMBL4402545,review,0.0,0.0,0.0,3.5
CHEMBL4402549,multifunctional enzyme,0.0,0.0,0.0,0.0
CHEMBL4402550,no issue,2.0,1.0,25.0,4.5
CHEMBL4402553,review,0.0,0.0,1.5,1.0
CHEMBL4402555,test Item with unknown chirality,0.5,0.0,0.0,0.0
CHEMBL4402560,review,0.0,0.0,0.0,0.0
CHEMBL4402561,exact data citation,0.0,0.0,11.0,220.5
CHEMBL4402566,test Item with unknown chirality,0.0,0.0,4.5,12.5
CHEMBL4402572,multifunctional enzyme,0.5,0.5,0.0,0.0
CHEMBL4402573,no issue,34.5,6.0,0.0,0.0
CHEMBL4402578,no issue,353.5,0.0,0.0,0.0
CHEMBL4402585,no issue,113.5,124.0,0.0,0.0
CHEMBL4402587,highly correlated assays,139.0,0.0,0.0,0.0
CHEMBL4402588,test Item with unknown chirality,0.0,0.0,0.0,3.5
CHEMBL4402595,no issue,396.0,388.0,0.0,0.0
CHEMBL4402597,exact data citation,0.0,0.0,0.0,2.0
CHEMBL4402598,no issue,0.0,0.0,15.5,0.0
CHEMBL4402602,highly correlated assays,25.5,3.0,0.0,0.0
CHEMBL4402605,test Item with unknown chirality,0.0,0.5,0.0,0.0
CHEMBL4402606,exact data citation,0.0,0.0,2.5,0.0
CHEMBL4402607,no issue,0.5,0.0,0.0,0.0
CHEMBL4402608,no issue,0.0,0.0,154.0,14.0
CHEMBL4402611,exact data citation,0.0,0.0,11.5,200.0
CHEMBL4402613,no issue,16.0,20.0,0.0,0.0
CHEMBL4406790,review,2.0,0.5,0.5,0.0
CHEMBL4406797,highly correlated assays,42.5,0.0,0.0,0.0
CHEMBL4406799,highly correlated assays,3.5,0.0,0.0,0.0
CHEMBL4406800,no issue,22.0,0.0,0.0,0.0
CHEMBL4406801,exact data citation,2.0,1.0,0.0,0.0
CHEMBL4406804,no issue,198.0,72.5,0.0,0.0
CHEMBL4406807,no issue,1.5,2.0,0.0,0.0
CHEMBL4406809,no issue,132.5,0.0,0.0,0.0
CHEMBL4406810,highly correlated assays,1.0,0.0,34.5,11.0
CHEMBL4406816,review,121.0,0.0,0.0,0.0
CHEMBL4406819,multifunctional enzyme,21.5,4.0,0.0,0.0
CHEMBL4406825,no issue,4.0,1.0,0.0,0.0
CHEMBL4406826,no issue,112.0,5.0,0.0,0.0
CHEMBL4406828,exact data citation,127.5,71.5,0.0,0.0
CHEMBL4406830,exact data citation,2.0,0.0,0.0,0.0
CHEMBL4406832,test Item with unknown chirality,106.0,1.0,0.0,0.0
CHEMBL4406833,highly correlated assays,272.5,72.0,0.0,0.0
CHEMBL4406835,no issue,0.0,0.0,11.5,11.5
CHEMBL4406837,highly correlated assays,7.5,0.0,0.0,0.0
CHEMBL4406838,no issue,116.0,0.0,0.0,0.0
CHEMBL4406839,no issue,60.5,0.0,0.0,0.0
CHEMBL4406846,shuffled assays,0.5,0.5,0.0,0.0
CHEMBL4406853,review,4.0,0.0,11.5,0.0
CHEMBL4406855,multifunctional enzyme,1.5,1.0,0.0,0.0
CHEMBL4406857,multifunctional enzyme,128.0,0.0,0.0,0.0
CHEMBL4406858,rounded data citation,429.0,40.5,0.0,0.0
CHEMBL4406861,no issue,0.5,0.0,0.0,0.0
CHEMBL4406863,rounded data citation,30.5,15.5,0.0,0.0
CHEMBL4406867,exact data citation,4.0,1.5,5.0,3.0
CHEMBL4406868,highly correlated assays,7.5,2.0,0.0,0.0
CHEMBL4406870,rounded data citation,15.0,18.5,0.0,0.0
CHEMBL4406877,exact data citation,0.0,1.5,0.0,0.0
CHEMBL4406880,test Item with unknown chirality,2.5,0.0,0.0,0.0
CHEMBL4406881,no issue,32.0,0.0,0.0,0.0
CHEMBL4406886,no issue,30.5,8.5,0.0,0.0
CHEMBL4406889,test Item with unknown chirality,0.0,2.5,0.0,0.0
CHEMBL4406891,no issue,1.5,0.0,0.0,0.0
CHEMBL4406892,no issue,0.0,0.0,0.0,0.0
CHEMBL4406900,exact data citation,0.5,1.5,4.0,3.0
CHEMBL4406906,rounded data citation,111.0,0.0,0.0,0.0
CHEMBL4406913,highly correlated assays,7.0,0.0,0.0,0.0
CHEMBL4406914,no issue,0.0,0.0,0.5,0.0
CHEMBL4406921,highly correlated assays,0.0,0.0,53.0,1.5
CHEMBL4411257,highly correlated assays,50.5,0.5,0.0,0.0
CHEMBL4411260,highly correlated assays,323.0,39.5,0.0,0.0
CHEMBL4411269,no issue,2.0,0.0,0.0,0.0
CHEMBL4411271,no issue,19.0,1.5,6.0,0.0
CHEMBL4411272,no issue,77.0,4.5,0.0,0.0
CHEMBL4411273,exact data citation,5.5,0.5,0.0,0.0
CHEMBL4411276,review,29.5,0.0,0.0,0.0
CHEMBL4411283,no issue,13.5,0.0,0.0,0.0
CHEMBL4411287,exact data citation,4.5,11.0,0.0,0.0
CHEMBL4411291,exact data citation,1.0,0.0,0.0,0.0
CHEMBL4411297,test Item with unknown chirality,0.0,0.5,0.0,0.0
CHEMBL4411306,no issue,8.0,0.0,0.0,0.0
CHEMBL4411307,rounded data citation,1.5,0.0,0.0,0.0
CHEMBL4411310,no issue,0.0,0.0,1.0,0.0
CHEMBL4411311,highly correlated assays,24.5,2.0,0.0,0.0
CHEMBL4411313,no issue,0.0,0.0,0.0,0.0
CHEMBL4411314,exact data citation,9.5,2.0,3.0,2.5
CHEMBL4411315,exact data citation,376.5,34.5,0.0,0.0
CHEMBL4411316,no issue,362.0,12.0,0.0,0.0
CHEMBL4411317,no issue,23.5,2.0,0.0,0.0
CHEMBL4411318,no issue,2.5,0.5,0.0,0.0
CHEMBL4411321,exact data citation,33.0,21.0,0.0,0.0
CHEMBL4411323,no issue,6.0,0.0,0.0,0.0
CHEMBL4411325,test Item with unknown chirality,3.0,0.0,1.5,0.0
CHEMBL4411329,no issue,0.0,1.5,0.0,0.0
CHEMBL4411331,rounded data citation,24.0,28.0,0.0,0.0
CHEMBL4411333,exact data citation,3.5,4.5,0.0,0.0
CHEMBL4411335,no issue,0.0,0.0,0.0,0.0
CHEMBL4411336,rounded data citation,130.5,1.5,0.0,0.0
CHEMBL4411337,exact data citation,2.5,1.5,0.0,0.0
CHEMBL4411343,exact data citation,0.0,11.0,0.0,0.0
CHEMBL4414547,test Item with unknown chirality,47.5,0.5,0.0,0.0
CHEMBL4414549,highly correlated assays,380.0,106.0,0.0,0.0
CHEMBL4414553,highly correlated assays,0.5,0.0,4.5,0.0
CHEMBL4414557,no issue,4.0,0.0,0.0,0.0
CHEMBL4414561,rounded data citation,4.0,0.0,0.0,0.0
CHEMBL4414562,no issue,0.0,4.0,0.0,0.0
CHEMBL4414569,test Item with unknown chirality,25.0,23.0,0.0,0.0
CHEMBL4414573,no issue,0.0,0.0,25.5,0.0
CHEMBL4414574,no issue,70.0,23.0,0.0,0.0
CHEMBL4414585,highly correlated assays,32.5,3.0,0.0,0.0
CHEMBL4414589,review,130.0,4.0,0.0,0.0
CHEMBL4414592,highly correlated assays,80.0,16.0,0.0,0.0
CHEMBL4414598,exact data citation,0.0,0.0,24.0,31.0
CHEMBL4414600,high citation rate,1712.0,4.5,0.0,0.0
CHEMBL4414601,no issue,0.0,1.0,0.0,0.0
CHEMBL4414605,highly correlated assays,0.0,0.0,45.5,1.5
CHEMBL4414609,multiply activity for same test item,0.0,0.0,0.5,0.0
CHEMBL4414612,highly correlated assays,43.0,92.5,0.0,0.0
CHEMBL4414617,no issue,0.5,0.0,0.0,0.0
CHEMBL4414619,rounded data citation,19.5,0.5,0.0,0.0
CHEMBL4414625,no issue,3.0,0.0,0.0,0.0
CHEMBL4414631,no issue,66.0,4.5,0.0,0.0
CHEMBL4414648,review,41.0,1.5,0.0,0.0
CHEMBL4414650,high citation rate,2208.0,60.0,0.0,0.0
CHEMBL4414654,no issue,140.0,70.0,0.0,0.0
CHEMBL4414656,rounded data citation,48.0,0.5,0.0,0.0
CHEMBL4414657,no issue,20.0,0.0,0.0,0.0
CHEMBL4414666,no issue,51.5,0.0,0.0,0.0
CHEMBL4414670,test Item with unknown chirality,1.0,0.0,0.0,0.0
CHEMBL4414672,no issue,0.0,0.0,0.0,0.0
CHEMBL4414679,no issue,355.0,0.0,0.0,0.0
CHEMBL4414680,highly correlated assays,0.0,0.0,23.0,0.0
CHEMBL4422610,highly correlated assays,8657.5,0.0,2.5,0.0
CHEMBL4422614,rounded data citation,36.0,2.5,0.0,0.0
CHEMBL4422615,highly correlated assays,0.0,0.0,16.0,0.0
CHEMBL4422618,exact data citation,0.5,1.0,0.0,0.0
CHEMBL4422619,exact data citation,0.0,0.0,40.0,548.5
CHEMBL4422622,no issue,76.0,0.0,2.0,0.0
CHEMBL4422624,highly correlated assays,404.0,1.5,0.0,0.0
CHEMBL4422626,no issue,53.5,16.5,0.0,0.0
CHEMBL4422629,multiply activity for same test item,0.0,0.5,0.0,0.0
CHEMBL4422632,highly correlated assays,10.0,0.0,3.0,0.0
CHEMBL4422634,exact data citation,29.0,11.5,0.0,0.0
CHEMBL4422638,multifunctional enzyme,51.0,0.0,0.0,0.0
CHEMBL4422641,no issue,17.5,1.5,0.0,0.0
CHEMBL4422653,no issue,0.5,0.5,0.0,0.0
CHEMBL4422655,exact data citation,119.5,11.5,0.0,0.0
CHEMBL4422660,no issue,1.5,0.0,0.0,0.0
CHEMBL4422661,no issue,0.0,2.0,0.0,0.0
CHEMBL4422662,no issue,3.0,0.0,0.0,0.0
CHEMBL4422670,exact data citation,0.0,0.0,1.5,2.0
CHEMBL4422671,test Item with unknown chirality,0.5,0.5,0.0,0.0
CHEMBL4422672,no issue,18.5,6.0,0.0,0.0
CHEMBL4422675,test Item with unknown chirality,0.0,0.5,0.0,0.0
CHEMBL4422679,test Item with unknown chirality,2.0,0.0,0.0,0.0
CHEMBL4422680,highly correlated assays,14.5,3.0,0.0,0.0
CHEMBL4422683,multifunctional enzyme,11.5,0.5,0.0,0.0
CHEMBL4422687,test Item with unknown chirality,75.5,9.0,0.0,0.0
CHEMBL4422689,test Item with unknown chirality,52.0,4.5,0.0,0.0
CHEMBL4422692,highly correlated assays,7.5,0.0,5.0,0.0
CHEMBL4422701,test Item with unknown chirality,47.5,0.0,0.0,0.0
CHEMBL4425081,highly correlated assays,56.5,0.5,0.0,0.0
CHEMBL4425084,review,2.0,0.5,0.0,0.0
CHEMBL4425085,exact data citation,31.5,0.5,0.0,0.0
CHEMBL4425088,highly correlated assays,774.5,0.0,0.0,0.0
CHEMBL4425089,review,6.0,0.0,0.0,0.0
CHEMBL4425096,highly correlated assays,3.0,95.5,0.0,0.0
CHEMBL4425099,shuffled assays,0.0,56.0,0.0,0.0
CHEMBL4425104,no issue,5.5,1.5,0.0,0.0
CHEMBL4425105,no issue,3.0,0.0,0.0,0.0
CHEMBL4425107,exact data citation,0.0,0.0,37.0,551.5
CHEMBL4425112,exact data citation,0.0,0.0,0.0,38.5
CHEMBL4425113,highly correlated assays,1.5,0.0,92.0,8.5
CHEMBL4425114,no issue,0.0,0.0,14.0,0.0
CHEMBL4425116,no issue,0.0,0.0,15.0,0.5
CHEMBL4425117,review,14.0,0.0,0.0,0.0
CHEMBL4425120,rounded data citation,0.0,0.0,3.5,0.0
CHEMBL4425121,no issue,103.0,176.0,0.0,0.0
CHEMBL4425122,highly correlated assays,4.5,1.0,0.0,0.0
CHEMBL4425123,no issue,8.0,36.0,0.0,0.5
CHEMBL4425129,test Item with unknown chirality,173.5,8.0,0.0,0.0
CHEMBL4425135,no issue,0.0,0.0,5.0,0.0
CHEMBL4425136,highly correlated assays,25.5,0.0,0.0,0.0
CHEMBL4425137,multiply activity for same test item,0.0,0.0,0.0,0.5
CHEMBL4425139,shuffled assays,143.0,5.0,0.0,0.0
CHEMBL4425140,exact data citation,0.5,1.0,0.0,0.0
CHEMBL4425142,review,8.5,50.0,0.0,0.0
CHEMBL4425143,highly correlated assays,0.0,0.0,35.5,6.5
CHEMBL4425144,no issue,0.0,4.0,0.0,0.0
CHEMBL4425149,rounded data citation,0.5,0.0,0.0,0.0
CHEMBL4425152,no issue,3.5,0.5,0.0,0.0
CHEMBL4425154,no issue,0.5,0.5,0.0,0.0
CHEMBL4425158,no issue,0.0,0.5,0.0,0.0
CHEMBL4425165,no issue,3.5,1.0,0.0,0.0
CHEMBL4425166,no issue,0.0,1.0,0.0,0.0
CHEMBL4425167,test Item with unknown chirality,4.5,0.5,0.0,0.0
CHEMBL4425169,highly correlated assays,0.0,14.5,0.0,0.0
CHEMBL4425171,highly correlated assays,214.0,21.5,2.0,9.5
CHEMBL4425176,no issue,5.0,0.5,0.0,0.0
CHEMBL4425184,no issue,90.0,0.0,0.0,0.0
CHEMBL4425185,no issue,4.0,0.0,0.0,0.0
CHEMBL4425192,exact data citation,0.0,0.0,26.5,1618.0
CHEMBL4428025,review,0.0,0.0,3.5,1.0
CHEMBL4428027,highly correlated assays,0.0,48.0,0.0,0.0
CHEMBL4428046,highly correlated assays,8.0,0.0,0.0,0.0
CHEMBL4428047,highly correlated assays,0.0,3.5,0.0,0.0
CHEMBL4428053,no issue,0.0,1.0,0.0,0.0
CHEMBL4428055,no issue,4.5,0.0,0.0,0.0
CHEMBL4428060,exact data citation,0.0,0.0,0.5,1.0
CHEMBL4428065,test Item with unknown chirality,222.0,0.0,0.0,0.0
CHEMBL4428066,high citation rate,0.0,345.5,0.0,0.0
CHEMBL4428068,exact data citation,8.0,0.0,0.0,0.0
CHEMBL4428070,highly correlated assays,1.0,4.5,0.0,0.0
CHEMBL4428071,no issue,92.0,4.0,0.0,0.0
CHEMBL4428072,no issue,0.0,0.0,2.5,0.0
CHEMBL4428074,highly correlated assays,122.5,0.0,0.0,0.0
CHEMBL4428076,no issue,2.0,0.0,0.0,0.0
CHEMBL4428078,exact data citation,0.5,0.0,0.0,0.0
CHEMBL4428080,high citation rate,31.5,226.5,0.0,0.0
CHEMBL4428081,multifunctional enzyme,48.5,24.5,0.0,0.0
CHEMBL4428089,exact data citation,0.0,0.0,3.5,3.0
CHEMBL4428096,no issue,0.0,0.0,4.0,0.0
CHEMBL4428099,highly correlated assays,2.5,1.5,0.0,0.0
CHEMBL4428100,highly correlated assays,8.0,1.0,23.0,3.0
CHEMBL4428102,no issue,576.0,8.0,0.0,0.0
CHEMBL4428107,no issue,12.0,1.5,0.0,0.0
CHEMBL4428109,no issue,0.0,0.0,0.5,0.0
CHEMBL4428114,no issue,0.0,0.0,14.5,1.0
CHEMBL4428116,highly correlated assays,0.0,0.0,41.5,1.0
CHEMBL4428119,multiply activity for same test item,0.0,0.0,0.0,0.0
CHEMBL4428121,no issue,18.0,18.0,0.0,0.0
CHEMBL4428122,no issue,12.0,2.0,0.0,0.0
CHEMBL4428123,rounded data citation,59.0,0.0,0.0,0.0
CHEMBL4428124,review,16.0,0.0,0.0,0.0
CHEMBL4428125,highly correlated assays,0.0,0.0,88.0,60.0
CHEMBL4428127,highly correlated assays,0.0,2.0,0.0,0.0
CHEMBL4428132,highly correlated assays,14.0,3.0,0.0,0.0
CHEMBL4428133,review,0.0,0.5,0.0,0.0
CHEMBL4428134,no issue,4.0,3.0,0.0,0.0
CHEMBL4428135,no issue,0.0,0.0,0.5,0.0
CHEMBL4428136,no issue,16.5,0.5,0.0,0.0
CHEMBL4428137,highly correlated assays,80.5,0.5,0.0,0.0
CHEMBL4428138,exact data citation,7.5,2.0,0.0,0.0
CHEMBL4431311,highly correlated assays,5.5,0.0,0.0,0.0
CHEMBL4431317,highly correlated assays,39.0,20.0,0.0,0.0
CHEMBL4431318,highly correlated assays,39.0,5.0,1.5,0.0
CHEMBL4431320,highly correlated assays,279.5,6.0,0.0,0.0
CHEMBL4431323,highly correlated assays,0.0,0.0,40.0,562.0
CHEMBL4431324,highly correlated assays,17.5,3.0,0.0,0.0
CHEMBL4431326,no issue,0.0,1.0,0.0,6.5
CHEMBL4431329,no issue,0.0,0.0,1.5,0.0
CHEMBL4431336,multiply activity for same test item,0.0,3.0,0.0,0.0
CHEMBL4431342,exact data citation,2.5,0.0,0.0,0.0
CHEMBL4431348,highly correlated assays,1152.0,147.0,0.0,0.0
CHEMBL4431349,test Item with unknown chirality,0.0,0.0,0.0,0.0
CHEMBL4431350,highly correlated assays,102.0,19.5,0.0,0.0
CHEMBL4431353,no issue,36.0,24.0,118.0,0.0
CHEMBL4431360,review,10.0,0.0,0.0,0.0
CHEMBL4431361,no issue,4.5,0.0,0.0,0.0
CHEMBL4431362,no issue,3.5,0.0,4.5,0.5
CHEMBL4431364,exact data citation,12.5,0.0,0.0,0.0
CHEMBL4431368,no issue,0.0,0.5,0.0,0.0
CHEMBL4431370,no issue,12.5,1.5,0.0,0.0
CHEMBL4431383,highly correlated assays,98.5,5.0,0.0,0.0
CHEMBL4431384,test Item with unknown chirality,0.5,0.0,0.0,0.0
CHEMBL4431386,multifunctional enzyme,40.0,7.5,0.5,0.0
CHEMBL4431389,no issue,0.0,0.0,0.0,0.0
CHEMBL4431391,highly correlated assays,13.5,11.5,0.0,0.0
CHEMBL4431396,no issue,120.0,0.0,0.0,0.0
CHEMBL4431397,no issue,0.5,0.0,0.0,0.0
CHEMBL4433195,no issue,3.5,0.0,9.0,10.5
CHEMBL4433200,review,0.0,0.0,0.0,0.0
CHEMBL4433201,review,1.0,0.0,0.0,0.0
CHEMBL4433202,rounded data citation,116.0,2.0,0.0,0.0
CHEMBL4433203,no issue,3.0,1.0,0.0,0.0
CHEMBL4433204,highly correlated assays,342.0,4.0,0.0,0.0
CHEMBL4433206,no issue,22.5,0.0,0.0,0.0
CHEMBL4433209,highly correlated assays,2.0,1.0,25.0,4.5
CHEMBL4433211,no issue,1.5,0.0,0.0,0.0
CHEMBL4433221,highly correlated assays,218.0,4.5,0.0,0.0
CHEMBL4433232,no issue,16.0,0.0,0.0,0.0
CHEMBL4433239,exact data citation,2.5,0.0,0.0,0.0
CHEMBL4433240,no issue,25.0,1.0,3.0,0.0
CHEMBL4433245,no issue,3.0,0.0,0.0,0.0
CHEMBL4433254,exact data citation,9.5,0.0,0.0,0.0
CHEMBL4433255,exact data citation,11.5,0.0,1.0,0.0
CHEMBL4433262,highly correlated assays,5.0,14.0,0.0,0.0
CHEMBL4433263,highly correlated assays,5.0,0.0,0.0,0.0
CHEMBL4477167,no issue,1.5,4.5,0.0,0.0
CHEMBL4477171,no issue,2.5,0.0,0.0,0.0
CHEMBL4477199,no issue,1.5,0.0,0.0,0.0
CHEMBL4477203,no issue,0.0,0.0,0.0,5.0
CHEMBL4477205,multifunctional enzyme,98.5,23.0,0.0,4.0
CHEMBL4477206,highly correlated assays,223.0,0.5,0.0,0.0
CHEMBL4477207,highly correlated assays,24.0,12.0,0.0,0.0
CHEMBL4477208,no issue,46.0,8.0,0.0,0.0
CHEMBL4477211,no issue,36.0,278.0,0.0,0.0
CHEMBL4477212,no issue,30.5,1.5,0.0,0.0
CHEMBL4477213,highly correlated assays,0.0,2.0,0.0,0.0
CHEMBL4477218,multifunctional enzyme,0.0,0.0,108.0,72.0
CHEMBL4477221,highly correlated assays,91.0,0.0,0.0,0.0
CHEMBL4477228,no issue,0.5,0.0,0.0,0.0
CHEMBL4477232,highly correlated assays,51.0,0.0,0.0,0.0
CHEMBL4477233,test Item with unknown chirality,0.0,0.0,0.0,0.0
CHEMBL4477234,highly correlated assays,72.0,65.5,0.0,0.0
CHEMBL4477236,no issue,8.5,1.5,0.0,0.0
CHEMBL4477245,exact data citation,0.0,1.0,0.0,0.0
CHEMBL4477246,highly correlated assays,4.5,2.0,5.5,0.5
CHEMBL4477251,no issue,0.0,0.0,0.0,0.0
CHEMBL4477253,exact data citation,0.0,0.0,0.0,2.5
CHEMBL4477260,rounded data citation,82.0,54.5,0.0,0.0
CHEMBL4477270,exact data citation,3.0,0.5,0.0,0.0
CHEMBL4477271,highly correlated assays,21.0,3.5,0.0,0.0
CHEMBL4477275,no issue,1.0,0.0,0.0,0.0
CHEMBL4477276,multiply activity for same test item,14.0,0.0,0.0,0.0
CHEMBL4480364,multifunctional enzyme,1.0,0.0,1.5,0.0
CHEMBL4480371,multifunctional enzyme,23.0,2.5,0.0,0.0
CHEMBL4480372,highly correlated assays,0.0,0.0,33.0,9.0
CHEMBL4480374,no issue,0.0,0.0,305.5,47.0
CHEMBL4480375,exact data citation,1.0,0.0,2.5,19.0
CHEMBL4480376,review,0.0,0.0,0.0,0.0
CHEMBL4480381,no issue,5.5,0.0,0.0,0.0
CHEMBL4480384,no issue,0.0,0.0,58.0,8.0
CHEMBL4480392,highly correlated assays,15.0,0.0,3.5,0.0
CHEMBL4480394,rounded data citation,0.0,0.0,14.0,1.5
CHEMBL4480398,exact data citation,0.5,0.0,0.0,0.0
CHEMBL4480400,highly correlated assays,14.5,0.0,0.0,0.0
CHEMBL4480404,rounded data citation,1.0,0.5,0.0,0.0
CHEMBL4480410,no issue,33.5,34.0,0.0,0.0
CHEMBL4480415,no issue,0.0,1.0,0.0,0.0
CHEMBL4480421,exact data citation,0.0,4.0,0.0,0.0
CHEMBL4480422,no issue,6.0,0.0,0.5,0.0
CHEMBL4480424,no issue,1.5,0.0,0.0,0.0
CHEMBL4480425,exact data citation,0.0,4.0,0.0,0.0
CHEMBL4480426,highly correlated assays,0.0,0.0,24.0,38.0
CHEMBL4480435,exact data citation,31.0,0.0,0.0,0.0
CHEMBL4480441,no issue,3.0,0.0,0.0,0.0
CHEMBL4480445,no issue,104.0,2.5,0.0,0.0
CHEMBL4480446,highly correlated assays,304.0,44.0,0.0,0.0
CHEMBL4480453,no issue,4.0,0.0,0.0,0.0
CHEMBL4602601,review,0.0,0.0,1.0,0.0
CHEMBL4602602,highly correlated assays,105.0,4.0,0.0,0.0
CHEMBL4602603,multifunctional enzyme,1.0,0.0,0.0,0.0
CHEMBL4602604,review,0.5,0.0,0.0,0.0
CHEMBL4602610,no issue,1.0,0.5,0.0,0.0
CHEMBL4602613,highly correlated assays,37.0,0.5,0.0,0.0
CHEMBL4602614,rounded data citation,32.5,1.5,0.0,0.0
CHEMBL4602621,no issue,0.0,1.5,0.0,0.0
CHEMBL4602625,rounded data citation,5.0,1.5,0.0,0.0
CHEMBL4602633,no issue,3.5,1.0,0.0,0.0
CHEMBL4602640,multifunctional enzyme,0.0,0.0,0.0,0.0
CHEMBL4602641,rounded data citation,13.0,4.5,0.0,0.0
CHEMBL4602647,highly correlated assays,69.5,12.5,0.0,0.0
CHEMBL4602649,exact data citation,0.0,0.5,0.0,0.0
CHEMBL4602656,highly correlated assays,0.0,0.0,345.5,0.0
CHEMBL4602658,rounded data citation,15.0,1.0,0.0,0.0
CHEMBL4602664,test Item with unknown chirality,47.0,0.5,0.0,0.0
CHEMBL4602685,no issue,1.0,1.0,0.0,0.0
CHEMBL4602687,no issue,0.5,1.5,0.0,0.0
CHEMBL4602691,no issue,1.0,0.0,0.0,0.0
CHEMBL4602696,no issue,1.0,0.0,0.0,0.0
CHEMBL4602697,no issue,0.0,0.0,1.5,0.0
CHEMBL4602698,no issue,0.0,0.0,1.5,0.5
CHEMBL4602701,no issue,0.5,0.0,0.0,0.0
CHEMBL4602702,no issue,0.0,0.5,126.0,216.0
CHEMBL4602705,exact data citation,5.0,0.0,0.0,0.0
CHEMBL4602708,shuffled assays,48.5,16.0,0.0,0.0
CHEMBL4602709,no issue,31.0,0.0,0.0,0.0
CHEMBL4602710,no issue,3.5,2.5,0.0,0.0
CHEMBL4602712,exact data citation,1.0,0.0,0.0,0.0
CHEMBL4602713,test Item with unknown chirality,0.0,0.5,0.0,0.0
CHEMBL4602717,no issue,3.5,0.5,0.0,0.0
CHEMBL4602719,test Item with unknown chirality,0.5,0.0,0.0,0.0
CHEMBL4602721,test Item with unknown chirality,33.5,14.0,0.0,0.0
CHEMBL4602724,no issue,3.5,0.0,0.0,0.0
CHEMBL4602726,test Item with unknown chirality,3.5,0.0,0.0,0.0
CHEMBL4602729,rounded data citation,16.5,1.0,0.0,0.0
CHEMBL4602733,high citation rate,3.5,0.0,2004.0,362.0
CHEMBL4602737,no issue,6.0,0.0,0.0,0.0
CHEMBL4602738,exact data citation,0.0,0.0,40.0,642.0
CHEMBL4609972,highly correlated assays,84.0,0.0,0.0,0.0
CHEMBL4609975,review,11.0,0.5,9.0,0.0
CHEMBL4609977,multifunctional enzyme,13.0,0.5,0.0,0.0
CHEMBL4609981,no issue,4.0,0.0,0.0,0.0
CHEMBL4609983,no issue,0.0,0.5,0.0,0.0
CHEMBL4609990,no issue,2.5,1.0,0.0,0.0
CHEMBL4609992,rounded data citation,468.0,172.0,0.0,0.0
CHEMBL4609995,no issue,0.0,0.0,0.0,0.0
CHEMBL4609999,highly correlated assays,0.0,0.0,6.5,2.0
CHEMBL4610003,exact data citation,0.0,4.0,0.0,0.0
CHEMBL4610005,rounded data citation,61.5,20.5,0.0,0.0
CHEMBL4610007,no issue,153.0,12.5,0.0,0.0
CHEMBL4610008,exact data citation,0.0,0.0,31.5,92.0
CHEMBL4610009,exact data citation,159.5,16.0,0.0,0.0
CHEMBL4610013,no issue,5.5,0.0,0.0,0.0
CHEMBL4610014,highly correlated assays,17.5,10.0,6.5,1.5
CHEMBL4610015,no issue,0.5,0.5,0.0,0.0
CHEMBL4610022,no issue,0.5,2.5,0.0,0.0
CHEMBL4610031,rounded data citation,60.0,0.0,0.0,0.0
CHEMBL4610034,test Item with unknown chirality,55.5,1.0,0.0,0.0
CHEMBL4610037,no issue,48.5,0.0,0.0,0.0
CHEMBL4610042,test Item with unknown chirality,14.5,0.5,0.0,0.0
CHEMBL4610047,rounded data citation,67.5,2.0,0.0,0.0
CHEMBL4610050,no issue,10.0,1.0,0.0,0.0
CHEMBL4610051,rounded data citation,12.0,8.0,0.0,0.0
CHEMBL4610053,highly correlated assays,88.5,13.0,0.0,0.0
CHEMBL4610060,exact data citation,0.0,0.0,0.0,2.5
CHEMBL4610064,review,24.0,0.0,0.0,0.0
CHEMBL4610068,no issue,1.0,0.5,0.0,0.0
CHEMBL4610077,highly correlated assays,12.5,0.0,0.0,0.0
CHEMBL4610078,highly correlated assays,156.5,0.0,0.0,0.0
CHEMBL4610086,highly correlated assays,6.5,23.5,0.0,0.0
CHEMBL4610094,no issue,16.0,2.5,0.0,0.0
CHEMBL4610106,no issue,4.0,0.0,0.0,0.0
CHEMBL4610108,highly correlated assays,314.5,0.0,0.0,0.0
CHEMBL4610109,exact data citation,12.5,1.5,0.0,0.0
CHEMBL4610112,no issue,567.5,76.0,0.0,0.0
CHEMBL4610114,no issue,512.5,0.0,0.0,0.0
CHEMBL4610115,exact data citation,0.0,0.0,39.5,619.5
CHEMBL4610117,no issue,4.0,0.0,0.0,0.0
CHEMBL4610122,shuffled assays,0.0,4.0,0.0,0.0
CHEMBL4610126,no issue,2.0,3.0,0.0,0.0
CHEMBL4613203,highly correlated assays,10.5,0.0,0.0,0.0
CHEMBL4613204,review,0.5,0.0,0.0,0.0
CHEMBL4613206,test Item with unknown chirality,4.5,0.0,0.0,0.0
CHEMBL4613207,highly correlated assays,13.0,0.0,0.0,0.0
CHEMBL4613210,highly correlated assays,417.0,41.0,0.0,0.0
CHEMBL4613211,review,0.5,0.0,0.0,0.0
CHEMBL4613215,no issue,0.0,0.0,9.5,2.0
CHEMBL4613216,no issue,2.0,1.0,0.0,0.0
CHEMBL4613218,no issue,18.0,2.0,0.0,0.0
CHEMBL4613225,exact data citation,9.5,1.0,0.0,0.0
CHEMBL4613227,rounded data citation,3.0,3.0,0.0,0.0
CHEMBL4613233,no issue,2.0,3.5,0.0,0.0
CHEMBL4613238,no issue,3.0,1.5,0.0,0.0
CHEMBL4613239,no issue,16.0,0.0,0.0,0.0
CHEMBL4613250,review,0.0,0.0,0.0,0.0
CHEMBL4613253,exact data citation,0.0,0.5,0.0,0.0
CHEMBL4613264,no issue,0.5,0.0,0.0,0.0
CHEMBL4613265,exact data citation,0.0,0.5,0.0,0.0
CHEMBL4613266,no issue,0.0,0.0,0.0,0.0
CHEMBL4613268,no issue,14.0,0.0,0.0,0.0
CHEMBL4613271,exact data citation,0.0,1.0,0.0,0.0
CHEMBL4613273,highly correlated assays,17.5,0.0,0.0,0.0
CHEMBL4613276,exact data citation,0.0,0.0,33.0,459.0
CHEMBL4613279,exact data citation,0.0,0.0,24.5,69.0
CHEMBL4613282,no issue,0.0,0.0,21.0,5.5
CHEMBL4613286,no issue,0.0,0.0,25.0,4.5
CHEMBL4613287,exact data citation,0.0,0.0,42.5,669.0
CHEMBL4613288,no issue,0.5,0.0,0.0,0.0
CHEMBL4613292,no issue,27.0,3.5,0.0,0.0
CHEMBL4613299,rounded data citation,17.5,2.0,0.0,0.0
CHEMBL4613303,exact data citation,0.0,0.0,40.0,548.5
CHEMBL4613304,no issue,12.5,0.0,0.0,0.0
CHEMBL4613305,multiply activity for same test item,76.0,12.5,2.0,0.0
CHEMBL4613307,no issue,0.0,0.0,35.0,8.5
CHEMBL4613315,exact data citation,404.5,3.5,0.0,0.0
CHEMBL4613318,exact data citation,0.0,0.0,37.0,551.5
CHEMBL4613322,rounded data citation,8.5,0.0,4.0,0.0
CHEMBL4613324,no issue,1.0,0.5,0.0,0.0
CHEMBL4613325,no issue,8.0,0.0,0.0,0.0
CHEMBL4613326,highly correlated assays,140.0,4.0,0.0,0.0
CHEMBL4613327,highly correlated assays,0.0,0.0,27.5,461.5
CHEMBL4613329,no issue,0.5,0.0,0.0,0.0
CHEMBL4616583,no issue,1014.5,181.0,0.0,0.5
CHEMBL4616584,exact data citation,11.0,1.0,0.0,0.0
CHEMBL4616585,exact data citation,13.5,0.0,0.0,0.0
CHEMBL4616589,test Item with unknown chirality,0.5,0.0,6.0,0.0
CHEMBL4616590,review,0.0,0.0,0.0,0.0
CHEMBL4616591,highly correlated assays,71.5,11.0,0.0,0.0
CHEMBL4616598,no issue,0.0,0.0,13.5,0.0
CHEMBL4616600,exact data citation,600.0,36.0,0.0,0.0
CHEMBL4616608,no issue,0.0,0.0,6.0,0.0
CHEMBL4616619,highly correlated assays,184.5,0.0,0.0,0.0
CHEMBL4616625,review,2.0,0.0,0.0,0.0
CHEMBL4616626,no issue,0.5,1.0,0.0,0.0
CHEMBL4616628,no issue,3.5,1.0,0.0,0.0
CHEMBL4616631,test Item with unknown chirality,164.0,39.0,0.0,0.0
CHEMBL4616636,no issue,60.0,4.0,0.0,0.0
CHEMBL4616638,rounded data citation,57.5,28.0,0.0,0.0
CHEMBL4616640,no issue,52.0,0.0,0.0,0.0
CHEMBL4616641,no issue,3.0,0.0,0.0,0.0
CHEMBL4616644,rounded data citation,11.5,0.0,0.0,0.0
CHEMBL4616647,no issue,1.5,1.0,0.0,0.0
CHEMBL4616657,no issue,52.0,2.5,0.0,0.0
CHEMBL4616666,no issue,7.5,0.5,0.0,0.0
CHEMBL4616669,no issue,24.0,24.0,0.0,0.0
CHEMBL4616671,test Item with unknown chirality,0.5,0.0,0.0,0.0
CHEMBL4616673,multifunctional enzyme,12.5,0.5,0.0,0.0
CHEMBL4616677,rounded data citation,0.0,36.5,0.0,0.0
CHEMBL4616678,highly correlated assays,0.0,0.0,13.5,3.5
CHEMBL4616681,no issue,1.0,0.0,0.0,0.0
CHEMBL4616700,no issue,0.0,0.0,18.5,0.5
CHEMBL4616703,highly correlated assays,1.5,3.5,0.0,0.0
CHEMBL4616704,no issue,0.5,0.0,0.0,0.0
CHEMBL4616705,review,4.5,1.0,0.0,0.0
CHEMBL4616709,highly correlated assays,1.0,9.5,0.0,0.0
CHEMBL4616716,no issue,0.0,0.0,0.0,0.0
CHEMBL4616717,no issue,152.0,28.0,0.0,0.0
CHEMBL4616720,highly correlated assays,222.0,5.5,0.0,0.0
CHEMBL4616721,exact data citation,0.0,0.0,62.0,29.0
CHEMBL4616727,no issue,92.0,4.0,0.0,0.0
CHEMBL4619704,highly correlated assays,282.5,3.5,0.0,0.0
CHEMBL4619706,rounded data citation,103.0,0.0,0.0,0.0
CHEMBL4619707,exact data citation,5.0,1.5,0.0,0.0
CHEMBL4619711,highly correlated assays,27.5,0.0,0.0,0.0
CHEMBL4619713,rounded data citation,6.0,0.0,0.0,0.0
CHEMBL4619715,no issue,0.0,0.0,0.0,0.0
CHEMBL4619717,rounded data citation,7.0,1.0,0.0,0.0
CHEMBL4619721,rounded data citation,99.0,1.5,0.0,0.0
CHEMBL4619724,highly correlated assays,376.0,25.0,0.0,0.0
CHEMBL4619726,no issue,272.0,102.0,0.0,0.0
CHEMBL4619738,no issue,13.5,0.0,0.0,0.0
CHEMBL4619739,exact data citation,15.0,12.0,0.0,0.0
CHEMBL4619741,exact data citation,28.0,0.5,0.0,0.0
CHEMBL4619744,multifunctional enzyme,0.5,0.0,0.0,0.0
CHEMBL4619747,highly correlated assays,9.0,1.5,0.0,0.0
CHEMBL4619750,exact data citation,0.0,0.0,40.0,548.5
CHEMBL4619752,no issue,0.0,1.0,0.0,0.0
CHEMBL4619753,no issue,52.0,0.0,0.0,0.0
CHEMBL4619756,test Item with unknown chirality,0.0,1.5,0.0,1.5
CHEMBL4619777,multifunctional enzyme,0.0,0.5,0.0,0.0
CHEMBL4619779,no issue,0.0,0.0,0.0,0.0
CHEMBL4619793,no issue,5.0,0.0,0.0,0.0
CHEMBL4619797,no issue,0.5,0.5,0.0,0.0
CHEMBL4619798,no issue,0.0,0.0,0.0,0.0
CHEMBL4619807,no issue,12.0,44.5,0.0,1.0
CHEMBL4619810,no issue,0.0,0.0,0.5,1.0
CHEMBL4619812,no issue,45.5,9.5,0.0,0.0
CHEMBL4619814,no issue,32.0,1.5,0.0,0.0
CHEMBL4619817,no issue,0.0,56.0,0.0,0.0
CHEMBL4619818,no issue,0.0,0.5,0.0,0.0
CHEMBL4619820,no issue,8.0,2.5,0.0,0.0
CHEMBL4619824,no issue,1.5,0.0,0.0,0.0
CHEMBL4622830,no issue,14.0,4.0,0.0,0.0
CHEMBL4622831,exact data citation,8.0,0.0,0.0,0.0
CHEMBL4622832,highly correlated assays,135.0,57.0,0.0,0.0
CHEMBL4622841,no issue,10.5,6.5,0.0,0.0
CHEMBL4622845,review,14.0,0.0,0.0,0.0
CHEMBL4622850,no issue,0.0,1.5,0.0,0.0
CHEMBL4622853,highly correlated assays,74.5,1.0,0.0,0.0
CHEMBL4622854,exact data citation,0.0,0.0,48.0,21.5
CHEMBL4622862,test Item with unknown chirality,1.0,0.0,0.0,0.0
CHEMBL4622864,exact data citation,13.5,0.0,0.0,0.0
CHEMBL4622865,highly correlated assays,21.5,0.5,0.0,0.0
CHEMBL4622874,exact data citation,0.0,1.0,0.0,0.0
CHEMBL4622881,multifunctional enzyme,64.0,90.0,0.0,0.0
CHEMBL4622884,exact data citation,0.5,0.0,0.0,0.0
CHEMBL4622885,multifunctional enzyme,13.0,0.5,0.0,0.0
CHEMBL4622900,no issue,0.0,1.0,0.0,0.0
CHEMBL4622902,no issue,100.0,0.0,0.0,0.0
CHEMBL4622907,rounded data citation,3.5,0.5,0.0,0.0
CHEMBL4622910,exact data citation,0.0,0.5,0.0,0.0
CHEMBL4622911,no issue,0.5,0.0,0.0,0.0
CHEMBL4622929,no issue,0.0,0.0,12.5,2.0
CHEMBL4622931,highly correlated assays,556.0,4.0,0.0,0.0
CHEMBL4622935,no issue,0.5,0.0,0.0,0.0
CHEMBL4622940,no issue,0.0,0.0,45.5,4.0
CHEMBL4622942,no issue,442.0,314.0,0.0,0.0
CHEMBL4622944,exact data citation,6.5,0.0,0.5,0.0
CHEMBL4622949,no issue,0.0,0.0,0.0,0.0
CHEMBL4622954,high citation rate,0.0,0.0,82.0,8.0
CHEMBL4622957,test Item with unknown chirality,0.0,10.0,0.0,0.0
CHEMBL4622959,rounded data citation,92.5,9.5,0.0,0.0
CHEMBL4622963,shuffled assays,0.0,20.0,0.0,0.0
CHEMBL4622964,multifunctional enzyme,15.5,0.0,0.0,0.0
CHEMBL4622965,no issue,4.0,0.0,0.0,0.0
CHEMBL4622969,no issue,0.5,1.0,0.0,0.0
CHEMBL4622970,no issue,0.0,2.0,0.0,0.0
CHEMBL4622981,no issue,0.0,0.5,0.0,0.0
CHEMBL4622984,no issue,108.0,32.0,0.0,0.0
CHEMBL4622986,multifunctional enzyme,0.5,0.0,0.0,0.0
CHEMBL4627246,highly correlated assays,13.5,0.0,0.5,0.0
CHEMBL4627247,no issue,47.0,1.0,0.0,0.0
CHEMBL4627251,exact data citation,0.0,0.0,0.0,0.5
CHEMBL4627254,no issue,4.0,0.5,0.0,0.0
CHEMBL4627260,exact data citation,42.0,28.5,0.0,0.0
CHEMBL4627262,no issue,11.5,0.0,0.0,0.0
CHEMBL4627264,no issue,0.5,0.0,0.0,0.0
CHEMBL4627269,exact data citation,0.0,0.0,40.0,548.5
CHEMBL4627270,rounded data citation,20.0,0.0,0.0,0.0
CHEMBL4627271,no issue,10.0,0.5,0.0,0.0
CHEMBL4627273,exact data citation,81.5,0.0,0.0,0.0
CHEMBL4627280,no issue,1.0,0.0,0.0,0.0
CHEMBL4627284,exact data citation,272.0,11.5,0.0,0.0
CHEMBL4627286,no issue,5.5,0.0,0.0,0.0
CHEMBL4627288,highly correlated assays,5.0,3.5,0.0,0.0
CHEMBL4627298,no issue,0.0,0.0,0.0,0.0
CHEMBL4627299,exact data citation,1.0,0.0,0.0,0.0
CHEMBL4627300,exact data citation,0.0,4.0,0.0,0.0
CHEMBL4627301,rounded data citation,44.5,0.0,0.0,0.0
CHEMBL4627302,no issue,29.5,0.0,0.0,0.0
CHEMBL4627303,multifunctional enzyme,112.5,34.0,0.0,0.0
CHEMBL4627307,exact data citation,3.5,0.0,0.0,0.0
CHEMBL4627308,highly correlated assays,0.0,0.0,73.0,6.5
CHEMBL4627316,no issue,6.0,2.0,0.0,0.0
CHEMBL4627318,no issue,46.5,0.0,0.0,0.0
CHEMBL4627319,highly correlated assays,112.0,0.0,0.0,0.0
CHEMBL4627322,shuffled assays,1397.0,110.0,0.0,0.0
CHEMBL4627324,no issue,100.0,28.0,0.0,0.0
CHEMBL4627331,rounded data citation,105.0,0.5,0.0,0.0
CHEMBL4627334,no issue,5.5,0.5,0.0,0.0
CHEMBL4627346,test Item with unknown chirality,17.0,8.0,0.0,0.0
CHEMBL4627347,review,0.5,0.0,0.0,0.0
CHEMBL4627360,exact data citation,0.0,0.0,0.0,0.5
CHEMBL4627361,exact data citation,2.0,0.0,0.0,0.0
CHEMBL4627366,exact data citation,1.5,0.0,0.0,0.0
CHEMBL4627370,highly correlated assays,0.0,0.0,11.5,1.5
CHEMBL4627375,review,2.5,0.0,0.0,0.0
CHEMBL4627381,review,0.5,0.5,0.0,0.0
CHEMBL4627388,no issue,4.5,0.0,0.0,0.0
CHEMBL4627396,no issue,1.0,0.0,0.0,0.0
CHEMBL4627398,highly correlated assays,95.5,0.0,0.0,0.0
CHEMBL4627399,no issue,2.0,1.0,15.5,4.5
CHEMBL4627402,no issue,8.0,0.0,1.0,0.0
CHEMBL4627414,test Item with unknown chirality,4.0,0.0,0.0,0.0
CHEMBL4649982,no issue,0.0,0.0,0.0,0.0
CHEMBL4649984,no issue,64.0,0.0,0.0,0.0
CHEMBL4649986,review,4.0,4.0,0.0,0.0
CHEMBL4649987,no issue,1.0,1.0,0.0,0.0
CHEMBL4649988,rounded data citation,1.0,0.0,0.0,0.0
CHEMBL4649989,no issue,0.0,9.0,0.0,0.0
CHEMBL4649990,no issue,0.0,0.0,0.0,0.0
CHEMBL4649992,highly correlated assays,0.0,3.5,0.0,0.0
CHEMBL4649993,test Item with unknown chirality,6.5,0.0,0.0,0.0
CHEMBL4665632,no issue,2.0,0.0,0.0,0.0
CHEMBL4665643,rounded data citation,0.0,0.0,2.5,0.0
CHEMBL4665651,no issue,7.5,0.0,0.0,0.0
CHEMBL4665657,no issue,0.0,0.0,3.0,0.0
CHEMBL4665666,no issue,0.0,0.0,2.0,0.0
CHEMBL4665668,no issue,118.0,0.0,0.0,0.0
CHEMBL4665670,no issue,553.5,0.0,0.0,0.0
CHEMBL4665673,highly correlated assays,18.5,0.0,4.5,0.0
CHEMBL4665674,highly correlated assays,975.0,2.0,0.0,0.0
CHEMBL4665676,test Item with unknown chirality,0.0,0.0,2.5,0.0
CHEMBL4665677,review,9.0,0.0,2.0,0.0
CHEMBL4665678,review,13.5,0.0,0.0,0.0
CHEMBL4665679,highly correlated assays,12.5,0.0,12.0,0.0
CHEMBL4665682,review,8.0,0.0,0.5,0.0
CHEMBL4665688,test Item with unknown chirality,9.0,4.0,0.5,3.0
CHEMBL4665697,no issue,0.0,0.0,1.0,0.0
CHEMBL4665707,exact data citation,5.0,0.0,1.5,0.0
CHEMBL4665713,test Item with unknown chirality,11.0,0.0,0.0,0.0
CHEMBL4665717,no issue,1.0,0.0,1.0,0.0
CHEMBL4665719,no issue,0.0,0.0,0.0,0.0
CHEMBL4665720,exact data citation,3.0,0.0,0.0,0.0
CHEMBL4665727,test Item with unknown chirality,54.0,0.0,0.0,0.0
CHEMBL4665751,no issue,1.5,3.5,0.0,0.0
CHEMBL4665756,shuffled assays,0.0,0.0,7.5,0.0
CHEMBL4665758,highly correlated assays,16.5,0.0,3.0,0.0
CHEMBL4665761,no issue,8.0,0.0,0.0,0.0
CHEMBL4665766,no issue,4.5,0.0,0.0,0.0
CHEMBL4665778,no issue,0.0,0.0,0.0,0.0
CHEMBL4665791,no issue,2.5,1.0,8.5,0.0
CHEMBL4665793,no issue,16.0,0.0,0.0,0.0
CHEMBL4665798,no issue,4.5,0.0,0.0,0.0
CHEMBL4665799,no issue,33.5,0.0,0.0,0.0
CHEMBL4665801,no issue,0.0,30.0,0.0,0.0
CHEMBL4665803,no issue,0.0,0.0,0.0,0.0
CHEMBL4665811,test Item with unknown chirality,16.5,0.0,0.0,0.0
CHEMBL4665812,high citation rate,1671.5,6.0,0.0,0.0
CHEMBL4665817,test Item with unknown chirality,48.0,0.0,0.0,0.0
CHEMBL4665819,no issue,12.0,0.0,0.0,0.0
CHEMBL4665826,no issue,59.5,0.0,0.0,0.0
CHEMBL4665831,review,2.5,0.0,0.0,0.0
CHEMBL4665835,highly correlated assays,1.5,0.0,52.0,0.0
CHEMBL4665838,exact data citation,5.0,0.0,0.0,0.0
CHEMBL4665844,highly correlated assays,236.5,10.5,0.0,0.0
CHEMBL4665846,no issue,0.5,0.0,0.0,0.0
CHEMBL4665853,no issue,8.0,0.0,0.0,0.0
CHEMBL4665856,no issue,0.5,0.0,0.0,0.0
CHEMBL4665865,no issue,97.0,0.0,0.0,0.0
CHEMBL4665871,review,0.0,0.0,0.0,0.0
CHEMBL4665877,rounded data citation,1188.0,0.0,0.0,0.0
CHEMBL4665880,no issue,8.0,0.0,0.0,0.0
CHEMBL4665881,no issue,476.0,0.0,0.0,0.0
CHEMBL4665882,no issue,117.5,0.0,0.0,0.0
CHEMBL4665885,exact data citation,0.0,0.0,426.0,92.5
CHEMBL4665887,multiply activity for same test item,8.0,0.0,0.0,0.0
CHEMBL4665894,high citation rate,40.0,241.0,0.0,0.0
CHEMBL4665913,no issue,0.0,0.0,0.0,0.0
CHEMBL4665914,no issue,4.0,0.0,0.0,0.0
CHEMBL4673178,review,6.0,0.0,0.0,0.0
CHEMBL4673182,review,3.0,0.0,0.0,0.0
CHEMBL4673190,review,0.0,0.0,0.5,0.0
CHEMBL4673194,exact data citation,3.0,0.0,0.0,0.0
CHEMBL4673196,exact data citation,0.0,0.0,34.0,0.0
CHEMBL4673199,exact data citation,0.0,0.0,2.0,0.0
CHEMBL4673201,highly correlated assays,11.0,0.0,0.0,0.0
CHEMBL4673207,highly correlated assays,52.5,0.0,0.0,0.0
CHEMBL4673210,no issue,0.0,0.0,0.0,0.0
CHEMBL4673216,exact data citation,0.0,0.0,7.0,3.5
CHEMBL4673218,no issue,0.0,0.0,1.0,0.0
CHEMBL4673221,multifunctional enzyme,3.5,0.0,0.0,0.0
CHEMBL4673222,multifunctional enzyme,0.0,0.0,0.0,0.0
CHEMBL4673223,exact data citation,0.0,0.0,3.0,0.0
CHEMBL4673232,no issue,2.0,0.0,0.0,0.0
CHEMBL4673239,no issue,0.5,0.0,0.0,0.0
CHEMBL4673243,test Item with unknown chirality,0.0,0.0,0.0,0.0
CHEMBL4673244,exact data citation,0.0,3.0,0.0,0.0
CHEMBL4673245,no issue,0.0,40.0,0.0,0.0
CHEMBL4673248,test Item with unknown chirality,16.0,0.0,0.0,0.0
CHEMBL4673251,test Item with unknown chirality,0.0,0.0,0.0,0.0
CHEMBL4673253,exact data citation,0.0,0.0,4.5,3.5
CHEMBL4673255,no issue,37.0,0.0,2.0,0.0
CHEMBL4673256,no issue,16.5,1.5,0.0,0.5
CHEMBL4673258,no issue,24.0,0.0,0.0,0.0
CHEMBL4673259,highly correlated assays,32.5,0.0,1.5,0.0
CHEMBL4673260,highly correlated assays,92.0,0.0,15.5,0.0
CHEMBL4673280,multiply activity for same test item,0.0,0.0,1.0,0.0
CHEMBL4673284,review,0.5,0.0,0.0,0.0
CHEMBL4673287,highly correlated assays,0.0,0.0,21.0,0.0
CHEMBL4673294,exact data citation,0.5,0.0,2.0,0.0
CHEMBL4673296,no issue,24.0,0.0,0.0,0.0
CHEMBL4673300,no issue,5.5,0.0,0.0,0.0
CHEMBL4673306,exact data citation,5.0,0.0,0.0,0.0
CHEMBL4673307,no issue,10.0,0.0,0.0,0.0
CHEMBL4673312,exact data citation,2.0,0.0,0.0,0.0
CHEMBL4673313,review,4.0,0.0,0.0,0.0
CHEMBL4673316,no issue,0.0,0.0,2.5,0.0
CHEMBL4673324,no issue,3.0,0.0,0.0,0.0
CHEMBL4673325,no issue,34.0,0.0,0.0,0.0
CHEMBL4673327,highly correlated assays,15.5,0.0,0.0,0.0
CHEMBL4673338,no issue,0.0,0.0,1.0,0.0
CHEMBL4673340,rounded data citation,33.5,0.0,0.0,0.0
CHEMBL4673345,no issue,360.0,8.0,0.0,0.0
CHEMBL4673347,no issue,0.5,0.0,0.0,0.0
CHEMBL4673353,multifunctional enzyme,7.0,0.0,0.0,0.0
CHEMBL4673354,exact data citation,0.0,0.0,1.5,0.0
CHEMBL4673358,no issue,72.0,0.0,0.0,0.0
CHEMBL4673359,rounded data citation,73.0,0.0,0.0,0.0
CHEMBL4673365,exact data citation,6.0,0.0,0.0,0.0
CHEMBL4673373,exact data citation,164.0,0.0,0.0,0.0
CHEMBL4673375,exact data citation,0.0,0.0,0.5,0.0
CHEMBL4673376,no issue,1.0,0.0,0.5,0.0
CHEMBL4673377,no issue,3.5,0.0,0.0,0.0
CHEMBL4673383,highly correlated assays,15.0,0.0,0.0,0.0
CHEMBL4673384,no issue,3.5,0.0,0.0,0.0
CHEMBL4673389,no issue,0.0,0.0,0.0,0.5
CHEMBL4673395,multiply activity for same test item,1.0,0.0,0.0,0.0
CHEMBL4673401,no issue,344.0,0.0,0.0,0.0
CHEMBL4673403,multifunctional enzyme,6.0,0.0,0.0,0.0
CHEMBL4673404,shuffled assays,96.0,0.5,0.0,0.0
CHEMBL4673406,no issue,68.0,4.5,0.0,0.0
CHEMBL4680065,rounded data citation,2.5,0.0,0.0,0.0
CHEMBL4680074,no issue,2.5,0.0,0.0,0.0
CHEMBL4680085,highly correlated assays,235.0,2.0,0.0,0.0
CHEMBL4680086,highly correlated assays,0.0,0.0,50.0,3.0
CHEMBL4680094,no issue,7.5,2.5,0.0,0.0
CHEMBL4680096,highly correlated assays,26.0,1.5,0.0,0.0
CHEMBL4680097,no issue,12.0,0.0,0.0,0.0
CHEMBL4680100,no issue,1.0,0.0,0.0,0.0
CHEMBL4680105,exact data citation,0.0,0.0,428.5,90.0
CHEMBL4680107,high citation rate,0.0,60.5,0.0,0.0
CHEMBL4680111,highly correlated assays,24.0,1.5,0.0,0.0
CHEMBL4680114,no issue,12.5,3.0,0.0,0.0
CHEMBL4680119,review,3.0,0.0,0.0,0.0
CHEMBL4680122,no issue,0.5,0.0,0.0,0.0
CHEMBL4680125,multifunctional enzyme,7.0,0.0,0.0,0.0
CHEMBL4680127,no issue,1.5,0.0,0.0,0.0
CHEMBL4680130,highly correlated assays,78.0,0.0,93.0,0.0
CHEMBL4680135,no issue,52.0,0.0,0.0,0.0
CHEMBL4680138,rounded data citation,286.5,0.0,0.0,0.0
CHEMBL4680143,exact data citation,0.0,0.0,588.5,0.0
CHEMBL4680154,rounded data citation,18.5,0.0,0.0,0.0
CHEMBL4680160,highly correlated assays,4.0,0.0,1.0,0.0
CHEMBL4680161,multifunctional enzyme,18.5,0.0,0.0,0.0
CHEMBL4680175,exact data citation,0.0,0.0,243.0,0.0
CHEMBL4680176,no issue,2.0,0.0,3.5,0.0
CHEMBL4680179,no issue,344.0,0.0,0.0,0.0
CHEMBL4680180,no issue,0.0,0.0,14.0,0.0
CHEMBL4680182,rounded data citation,102.5,0.0,0.0,0.0
CHEMBL4680183,no issue,139.5,0.0,0.0,0.0
CHEMBL4680185,no issue,2.5,0.0,0.0,0.0
CHEMBL4680187,no issue,0.5,0.0,0.0,0.0
CHEMBL4680188,exact data citation,0.0,0.0,6.0,0.0
CHEMBL4680191,no issue,0.5,0.0,0.0,0.0
CHEMBL4680193,highly correlated assays,78.5,0.0,0.0,0.0
CHEMBL4680195,exact data citation,0.0,0.0,64.5,0.0
CHEMBL4680198,no issue,11.0,0.0,0.0,0.0
CHEMBL4680201,no issue,31.0,0.0,0.0,0.0
CHEMBL4680204,no issue,59.0,0.0,0.0,0.0
CHEMBL4680205,highly correlated assays,10.5,0.0,53.0,0.0
CHEMBL4680206,no issue,0.0,0.0,17.0,0.0
CHEMBL4680210,rounded data citation,17.5,0.0,0.0,0.0
CHEMBL4680213,no issue,118.5,0.0,0.0,0.0
CHEMBL4680216,shuffled assays,103.5,0.0,0.0,0.0
CHEMBL4680220,highly correlated assays,322.5,0.0,0.0,0.0
CHEMBL4680222,highly correlated assays,44.0,0.0,2.0,0.0
CHEMBL4680223,no issue,138.5,0.0,0.0,0.0
CHEMBL4680224,no issue,15.5,0.0,0.0,0.0
CHEMBL4680226,highly correlated assays,26.5,0.0,0.0,0.0
CHEMBL4680230,no issue,0.0,0.0,17.5,0.0
CHEMBL4680233,exact data citation,256.0,0.0,0.0,0.0
CHEMBL4680235,highly correlated assays,57.5,0.0,0.0,0.0
CHEMBL4680239,test Item with unknown chirality,0.5,0.0,0.0,0.0
CHEMBL4680240,exact data citation,0.0,0.0,243.0,0.0
CHEMBL4680242,no issue,11.0,0.0,0.0,0.0
CHEMBL4680244,exact data citation,33.5,0.0,0.0,0.0
CHEMBL4680245,no issue,2.5,0.0,0.0,0.0
CHEMBL4680246,rounded data citation,120.5,0.0,0.0,0.0
CHEMBL4680249,no issue,0.0,0.0,0.5,0.0
CHEMBL4680251,no issue,79.5,0.0,0.0,0.0
CHEMBL4680258,highly correlated assays,58.0,0.0,345.5,0.0
CHEMBL4680262,exact data citation,0.0,0.0,588.5,0.0
CHEMBL4680264,highly correlated assays,20.0,0.0,0.0,0.0
CHEMBL4680266,exact data citation,0.0,0.0,588.5,0.0
CHEMBL4680277,review,48.0,8.0,4.5,1.0
CHEMBL4680278,exact data citation,0.0,0.0,15.0,0.0
CHEMBL4680279,exact data citation,0.0,0.0,8.0,0.0
CHEMBL4680285,highly correlated assays,58.0,0.0,0.0,0.0
CHEMBL4680288,no issue,6.0,0.0,0.0,0.0
CHEMBL4680291,exact data citation,19.0,0.0,0.0,0.0
CHEMBL4680296,exact data citation,0.0,0.0,0.5,0.0
CHEMBL4680306,highly correlated assays,2.5,0.0,0.0,0.0
CHEMBL4680310,exact data citation,0.5,0.0,0.0,0.0
CHEMBL4680312,no issue,0.0,0.0,31.5,0.0
CHEMBL4680313,highly correlated assays,0.0,0.0,140.0,0.0
CHEMBL4680314,rounded data citation,6.0,0.0,0.0,0.0
CHEMBL4680324,test Item with unknown chirality,7.0,0.0,0.0,0.0
CHEMBL4680333,exact data citation,0.0,0.0,12.5,0.0
CHEMBL4680335,no issue,6.5,0.0,0.0,0.0
CHEMBL4680336,no issue,15.5,0.0,0.0,0.0
CHEMBL4680342,no issue,0.5,0.0,0.0,0.0
CHEMBL4680346,test Item with unknown chirality,107.0,0.0,0.0,0.0
CHEMBL4680347,no issue,2.5,0.0,0.0,0.0
CHEMBL4680348,no issue,1.5,0.0,0.0,0.0
CHEMBL4680354,exact data citation,59.0,0.0,0.0,0.0
CHEMBL4680373,no issue,0.0,0.0,0.0,0.0
CHEMBL4680375,no issue,8.0,0.0,0.0,0.0
CHEMBL4699389,no issue,15.0,0.0,3.5,0.0
CHEMBL4699390,test Item with unknown chirality,171.0,0.0,0.0,0.0
CHEMBL4699396,no issue,2.0,0.0,0.0,0.0
CHEMBL4699404,no issue,22.5,0.0,0.0,0.0
CHEMBL4699406,shuffled assays,0.0,0.0,104.0,0.0
CHEMBL4699408,rounded data citation,4.5,0.0,0.0,0.0
CHEMBL4699409,no issue,0.5,0.0,0.0,0.0
CHEMBL4699418,no issue,2.0,0.0,0.0,0.0
CHEMBL4699420,no issue,0.0,0.0,0.0,0.0
CHEMBL4699421,no issue,0.0,0.0,0.5,0.0
CHEMBL4699428,no issue,59.5,0.0,0.0,0.0
CHEMBL4699429,multifunctional enzyme,30.5,0.0,0.0,0.0
CHEMBL4699438,review,0.0,0.0,0.0,0.0
CHEMBL4699439,test Item with unknown chirality,84.5,0.0,0.0,0.0
CHEMBL4699446,no issue,16.0,0.0,0.0,0.0
CHEMBL4699449,highly correlated assays,0.0,24.0,82.0,1.5
CHEMBL4699469,highly correlated assays,38.5,0.0,0.0,0.0
CHEMBL4699476,no issue,8.0,0.0,0.0,0.0
CHEMBL4699484,no issue,372.0,0.0,0.0,0.0
CHEMBL4699489,no issue,0.0,0.0,1.5,0.0
CHEMBL4699491,highly correlated assays,114.5,0.0,0.0,0.0
CHEMBL4699494,highly correlated assays,164.5,0.0,0.0,0.0
CHEMBL4699504,test Item with unknown chirality,0.0,0.0,0.5,0.0
CHEMBL4699510,no issue,0.0,0.0,0.0,0.0
CHEMBL4699538,multifunctional enzyme,12.0,0.0,0.0,0.0
CHEMBL4699540,highly correlated assays,40.0,0.0,0.0,0.0
CHEMBL4699543,exact data citation,0.0,0.0,0.5,0.0
CHEMBL4699547,exact data citation,118.0,0.0,0.0,0.0
CHEMBL4699549,no issue,2.5,0.0,0.0,0.0
CHEMBL4699555,no issue,68.0,0.0,0.0,0.0
CHEMBL4699562,no issue,48.0,0.0,0.0,0.0
CHEMBL4699568,exact data citation,0.0,0.0,0.5,0.0
CHEMBL4699569,highly correlated assays,237.0,0.0,0.0,0.0
CHEMBL4699570,rounded data citation,173.0,0.0,0.0,0.0
CHEMBL4699582,exact data citation,4.0,0.0,0.0,0.0
CHEMBL4699583,rounded data citation,10.5,0.5,0.0,0.0
CHEMBL4699596,no issue,0.5,1.0,0.0,0.0
CHEMBL4699600,highly correlated assays,41.0,0.0,0.0,0.0
CHEMBL4699601,exact data citation,2.5,0.5,0.0,0.0
CHEMBL4699612,highly correlated assays,222.5,0.0,0.0,0.0
CHEMBL4699615,exact data citation,0.5,0.0,0.0,0.0
CHEMBL4699616,no issue,137.0,0.0,0.0,0.0
CHEMBL4699618,test Item with unknown chirality,164.0,0.0,0.0,0.0
CHEMBL4699627,no issue,3.0,0.0,0.0,0.0
CHEMBL4699630,no issue,4.5,0.0,0.0,0.0
CHEMBL4699641,no issue,20.0,0.0,0.0,0.0
CHEMBL4699642,high citation rate,1864.0,32.0,0.0,0.0
CHEMBL4699649,no issue,0.5,0.0,0.0,0.0
CHEMBL4699654,multifunctional enzyme,93.5,0.0,0.0,0.0
CHEMBL4699658,no issue,0.0,0.0,22.5,1.0
CHEMBL4699662,exact data citation,1.0,0.0,0.5,0.0
CHEMBL4699668,no issue,0.0,0.0,2.5,0.5
CHEMBL4706475,no issue,4.0,4.5,0.0,0.0
CHEMBL4706476,no issue,1.0,0.0,0.0,0.0
CHEMBL4706478,highly correlated assays,1245.5,0.0,0.0,0.0
CHEMBL4706479,rounded data citation,0.0,0.0,26.0,0.0
CHEMBL4706481,no issue,4.0,0.0,0.0,0.0
CHEMBL4706482,no issue,103.5,0.0,0.0,0.0
CHEMBL4706484,highly correlated assays,137.5,0.0,0.0,0.0
CHEMBL4706488,review,1507.5,0.0,0.0,0.0
CHEMBL4706492,no issue,5.5,0.0,0.0,0.0
CHEMBL4706497,exact data citation,60.5,0.0,0.0,0.0
CHEMBL4706498,no issue,3.0,0.0,0.0,0.0
CHEMBL4706499,highly correlated assays,38.0,0.0,0.0,0.0
CHEMBL4706508,highly correlated assays,0.0,0.0,652.0,0.0
CHEMBL4706510,test Item with unknown chirality,372.0,0.0,0.0,0.0
CHEMBL4706511,no issue,88.0,0.0,0.0,0.0
CHEMBL4706517,review,2.5,0.0,0.0,0.0
CHEMBL4706520,no issue,11.5,0.0,0.0,0.0
CHEMBL4706521,test Item with unknown chirality,11.5,0.0,0.0,0.0
CHEMBL4706524,highly correlated assays,116.5,0.0,0.0,0.0
CHEMBL4706525,exact data citation,2.5,0.0,0.0,0.0
CHEMBL4706530,no issue,60.5,0.0,0.0,0.0
CHEMBL4706531,no issue,139.5,0.0,0.0,0.0
CHEMBL4706533,exact data citation,54.0,0.0,0.0,0.0
CHEMBL4706541,no issue,60.0,0.0,0.5,0.0
CHEMBL4706546,highly correlated assays,50.0,0.0,0.0,0.0
CHEMBL4706547,highly correlated assays,47.0,0.0,0.0,0.0
CHEMBL4706548,exact data citation,0.0,0.0,588.5,0.0
CHEMBL4706549,highly correlated assays,23.0,0.0,22.0,0.0
CHEMBL4706551,highly correlated assays,210.0,0.0,125.5,0.0
CHEMBL4706552,no issue,40.0,0.0,0.0,0.0
CHEMBL4706554,no issue,117.5,0.0,0.0,0.0
CHEMBL4706559,exact data citation,1130.5,0.0,0.0,0.0
CHEMBL4706560,no issue,1374.5,0.0,0.0,0.0
CHEMBL4706565,highly correlated assays,38.0,0.0,0.0,0.0
CHEMBL4706566,review,21.5,0.0,20.0,0.0
CHEMBL4706570,exact data citation,0.0,0.0,14.0,0.0
CHEMBL4706575,no issue,0.5,0.0,0.0,0.0
CHEMBL4706576,exact data citation,0.0,0.0,112.0,0.0
CHEMBL4706581,test Item with unknown chirality,107.0,0.0,0.0,0.0
CHEMBL4706583,no issue,40.0,0.0,0.0,0.0
CHEMBL4706585,rounded data citation,20.5,0.0,0.0,0.0
CHEMBL4706586,test Item with unknown chirality,0.0,0.0,4.5,0.0
CHEMBL4706587,no issue,44.0,0.0,1.5,0.0
CHEMBL4706588,no issue,116.5,0.0,0.0,0.0
CHEMBL4706589,exact data citation,7.0,0.0,0.0,0.0
CHEMBL4706593,no issue,9.5,0.0,0.0,0.0
CHEMBL4706598,exact data citation,7.0,0.0,0.0,0.0
CHEMBL4706599,no issue,8.0,0.0,0.0,0.0
CHEMBL4706601,exact data citation,0.0,0.0,56.5,0.0
CHEMBL4706604,no issue,1.0,0.0,0.0,0.0
CHEMBL4706611,rounded data citation,6.5,0.0,0.0,0.0
CHEMBL4706613,no issue,0.0,0.0,245.0,0.0
CHEMBL4706617,multifunctional enzyme,115.5,0.0,0.0,0.0
CHEMBL4706620,no issue,2.0,0.0,0.0,0.0
CHEMBL4706621,no issue,1.5,0.0,0.0,0.0
CHEMBL4706627,no issue,28.0,0.0,0.0,0.0
CHEMBL4706628,no issue,6.5,0.0,0.0,0.0
CHEMBL4706630,review,0.0,0.0,0.0,0.0
CHEMBL4706632,review,0.5,0.0,0.0,0.0
CHEMBL4706633,exact data citation,0.0,2.0,0.0,0.0
CHEMBL4706635,highly correlated assays,0.0,0.0,659.5,0.0
CHEMBL4706640,no issue,17.0,0.0,0.0,0.0
CHEMBL4706641,highly correlated assays,251.5,5.5,0.0,0.0
CHEMBL4706642,test Item with unknown chirality,11.5,3.0,0.0,0.0
CHEMBL4706649,test Item with unknown chirality,191.5,0.0,0.0,0.0
CHEMBL4706654,test Item with unknown chirality,25.0,0.0,0.0,0.0
CHEMBL4706655,test Item with unknown chirality,0.0,0.0,5.0,0.0
CHEMBL4706656,no issue,0.0,0.0,4.5,0.0
CHEMBL4706657,no issue,3.5,0.0,0.0,0.0
CHEMBL4706658,multiply activity for same test item,115.0,0.0,0.0,0.0
CHEMBL4706659,highly correlated assays,865.0,0.0,0.0,0.0
CHEMBL4706664,no issue,0.5,0.0,0.0,0.0
CHEMBL4706670,no issue,8.5,0.0,0.0,0.0
CHEMBL4706677,highly correlated assays,2.5,0.0,0.0,0.0
CHEMBL4706681,multifunctional enzyme,0.0,0.0,3.0,1.0
CHEMBL4706684,no issue,6.0,0.0,0.0,0.0
CHEMBL4706685,exact data citation,0.0,0.0,0.0,0.5
CHEMBL4706688,highly correlated assays,68.0,0.0,0.0,0.0
CHEMBL4706690,highly correlated assays,13.5,0.0,0.0,0.0
CHEMBL4706691,no issue,0.0,0.0,0.5,0.0
CHEMBL4706693,test Item with unknown chirality,1.5,0.0,0.0,0.0
CHEMBL4706695,highly correlated assays,93.5,0.0,0.0,0.0
CHEMBL4706696,exact data citation,0.0,0.0,489.0,0.0
CHEMBL4706700,exact data citation,0.0,0.0,9.5,0.0
CHEMBL4706703,highly correlated assays,217.5,0.0,0.0,0.0
CHEMBL4706704,highly correlated assays,87.5,0.0,0.0,0.0
CHEMBL4706705,rounded data citation,81.0,0.0,0.0,0.0
CHEMBL4706706,exact data citation,24.5,0.0,0.0,0.0
CHEMBL4706712,no issue,704.0,0.0,0.0,0.0
CHEMBL4706716,no issue,101.0,0.0,0.0,0.0
CHEMBL4706717,no issue,149.5,0.0,0.0,0.0
CHEMBL4706728,no issue,16.0,0.0,0.0,0.0
CHEMBL4706732,no issue,2.0,1.0,0.0,0.0
CHEMBL4706740,no issue,0.0,0.0,0.0,0.0
CHEMBL4706746,no issue,16.0,0.0,0.0,0.0
CHEMBL4706748,exact data citation,0.0,0.0,0.0,1.0
CHEMBL4706749,highly correlated assays,101.5,0.0,0.0,0.0
CHEMBL4706753,no issue,2.5,0.5,0.0,0.0
CHEMBL4706768,no issue,0.5,0.0,1.0,0.0
CHEMBL4706771,rounded data citation,8.0,0.0,0.0,0.0
CHEMBL4706774,no issue,0.0,0.0,24.0,0.0
CHEMBL4706775,no issue,25.5,0.0,0.0,0.0
CHEMBL4715684,no issue,1.5,0.0,0.0,0.0
CHEMBL4715686,highly correlated assays,0.0,0.0,0.0,0.0
CHEMBL4715688,no issue,0.0,0.0,0.0,0.0
CHEMBL4715690,no issue,0.5,0.0,0.0,0.0
CHEMBL4715691,rounded data citation,0.5,0.5,0.0,0.0
CHEMBL4715694,high citation rate,1332.0,0.0,0.0,0.0
CHEMBL4715696,exact data citation,9.5,0.0,0.0,0.0
CHEMBL4715698,rounded data citation,3.0,0.0,0.0,0.0
CHEMBL4715706,exact data citation,93.5,5.5,0.0,0.0
CHEMBL4715707,no issue,0.5,0.0,0.0,0.0
CHEMBL4715708,no issue,84.0,0.0,0.0,0.0
CHEMBL4715711,exact data citation,233.5,0.0,0.0,0.0
CHEMBL4715712,no issue,35.0,0.0,0.0,0.0
CHEMBL4715716,exact data citation,5.5,0.0,0.0,0.0
CHEMBL4715726,no issue,3.0,0.0,0.0,0.0
CHEMBL4715728,rounded data citation,0.0,0.0,38.5,0.0
CHEMBL4715733,no issue,126.0,0.0,0.0,0.0
CHEMBL4715737,exact data citation,2.0,0.0,0.0,0.0
CHEMBL4715740,highly correlated assays,29.5,0.0,0.0,0.0
CHEMBL4715741,no issue,16.5,0.0,0.0,0.0
CHEMBL4715745,no issue,3.0,0.0,0.0,0.0
CHEMBL4715747,highly correlated assays,20.5,0.0,0.0,0.0
CHEMBL4715748,shuffled assays,0.0,0.0,49.5,0.0
CHEMBL4715751,rounded data citation,37.5,0.0,0.0,0.0
CHEMBL4715760,exact data citation,59.5,0.0,0.0,0.0
CHEMBL4715762,no issue,0.0,0.0,0.0,0.0
CHEMBL4715769,rounded data citation,81.0,0.0,0.0,0.0
CHEMBL4715773,highly correlated assays,48.5,0.0,0.0,0.0
CHEMBL4715774,highly correlated assays,2.0,0.0,0.0,0.0
CHEMBL4715779,highly correlated assays,14.0,0.0,0.0,0.0
CHEMBL4715781,no issue,5.5,0.0,4.0,0.0
CHEMBL4715782,rounded data citation,69.5,0.0,0.0,0.0
CHEMBL4715790,highly correlated assays,26.5,7.5,0.0,0.0
CHEMBL4715797,no issue,0.5,0.0,0.0,0.0
CHEMBL4715808,no issue,17.5,0.0,0.0,0.0
CHEMBL4715815,highly correlated assays,90.5,0.0,0.0,0.0
CHEMBL4715818,highly correlated assays,800.0,0.0,0.0,0.0
CHEMBL4715823,highly correlated assays,27.5,0.0,0.0,0.0
CHEMBL4715824,no issue,20.0,0.0,0.0,0.0
CHEMBL4715830,exact data citation,0.5,0.0,0.0,0.0
CHEMBL4715839,no issue,5.0,0.0,9.5,0.0
CHEMBL4715846,shuffled assays,81.0,0.0,0.0,0.0
CHEMBL4715851,exact data citation,0.5,0.0,0.0,0.0
CHEMBL4715852,review,5.0,0.0,0.0,0.0
CHEMBL4715854,highly correlated assays,72.5,0.0,0.0,0.0
CHEMBL4715855,multifunctional enzyme,12.0,0.0,0.0,0.0
CHEMBL4715857,no issue,8.5,0.0,0.0,0.0
CHEMBL4715859,review,107.0,0.0,76.5,0.0
CHEMBL4715860,no issue,0.0,0.0,0.0,1.0
CHEMBL4715864,no issue,17.0,0.0,0.0,0.0
CHEMBL4715866,no issue,0.0,0.0,0.0,0.0
CHEMBL4715876,highly correlated assays,13.0,0.0,0.0,0.0
CHEMBL4715878,highly correlated assays,25.5,0.0,0.0,0.0
CHEMBL4715882,highly correlated assays,10.0,0.0,0.0,0.0
CHEMBL4715883,test Item with unknown chirality,0.5,0.0,0.0,0.0
CHEMBL4715884,no issue,148.5,0.0,0.0,0.0
CHEMBL4715885,multiply activity for same test item,10.0,0.0,0.0,0.0
CHEMBL4715889,multifunctional enzyme,0.0,0.0,0.0,0.0
CHEMBL4715913,rounded data citation,20.5,0.0,0.0,0.0
CHEMBL4715916,exact data citation,0.0,0.0,2.0,0.0
CHEMBL4715917,exact data citation,135.0,0.0,0.0,0.0
CHEMBL4715934,exact data citation,8.5,2.5,0.0,0.0
CHEMBL4725220,no issue,8.0,0.0,0.0,0.0
CHEMBL4725222,highly correlated assays,25.5,0.0,0.0,0.0
CHEMBL4725227,review,4.5,0.0,0.0,0.0
CHEMBL4725228,exact data citation,3.0,0.0,0.0,0.0
CHEMBL4725240,exact data citation,0.5,0.0,0.0,0.0
CHEMBL4725253,no issue,86.0,0.0,0.0,0.0
CHEMBL4725256,review,0.0,0.0,2.0,0.0
CHEMBL4725258,no issue,2.5,0.0,0.0,0.0
CHEMBL4725268,test Item with unknown chirality,0.0,0.0,16.5,0.0
CHEMBL4725271,multiply activity for same test item,0.0,0.0,0.0,0.0
CHEMBL4725278,highly correlated assays,0.0,0.0,416.0,0.0
CHEMBL4725285,multiply activity for same test item,0.5,0.0,0.0,0.0
CHEMBL4725288,highly correlated assays,8.0,0.0,0.0,0.0
CHEMBL4725290,shuffled assays,0.0,0.0,2.0,0.0
CHEMBL4725291,no issue,1.0,0.0,0.0,0.0
CHEMBL4725292,no issue,132.5,0.5,0.0,0.0
CHEMBL4725294,review,47.0,7.0,0.0,0.0
CHEMBL4725297,no issue,16.0,0.0,0.0,0.0
CHEMBL4725303,multiply activity for same test item,1.5,0.0,2.5,0.0
CHEMBL4725304,exact data citation,73.0,0.0,0.0,0.0
CHEMBL4725309,shuffled assays,60.0,0.0,0.0,0.0
CHEMBL4725314,no issue,3.0,0.0,0.0,0.0
CHEMBL4725315,multiply activity for same test item,11.0,0.0,0.0,0.0
CHEMBL4725317,exact data citation,15.0,0.0,0.0,0.0
CHEMBL4725332,highly correlated assays,267.0,0.0,0.0,0.0
CHEMBL4725337,shuffled assays,51.0,0.0,0.0,0.0
CHEMBL4725339,rounded data citation,0.5,0.0,0.0,0.0
CHEMBL4725340,test Item with unknown chirality,107.0,0.0,0.0,0.0
CHEMBL4725342,highly correlated assays,258.0,0.0,0.0,0.0
CHEMBL4725348,exact data citation,3.0,0.0,0.0,0.0
CHEMBL4725350,highly correlated assays,11.5,1.5,0.0,0.0
CHEMBL4725354,rounded data citation,120.0,60.0,0.0,0.0
CHEMBL4725356,no issue,9.0,0.0,0.0,0.0
CHEMBL4725361,test Item with unknown chirality,54.0,0.0,0.0,0.0
CHEMBL4725363,rounded data citation,21.5,1.5,0.0,0.0
CHEMBL4725364,no issue,0.0,0.0,3.0,0.0
CHEMBL4725369,highly correlated assays,282.0,14.0,0.0,0.0
CHEMBL4725370,no issue,4.0,5.5,0.0,0.0
CHEMBL4725372,no issue,42.5,14.5,0.0,0.0
CHEMBL4725374,no issue,15.5,0.0,0.0,0.0
CHEMBL4725379,highly correlated assays,740.5,0.0,0.0,0.0
CHEMBL4725380,review,2.5,0.0,1.0,0.0
CHEMBL4725386,exact data citation,12.5,0.0,0.0,0.0
CHEMBL4725387,highly correlated assays,0.0,0.0,17.5,0.0
CHEMBL4725392,test Item with unknown chirality,9.0,0.0,0.0,0.0
CHEMBL4725398,highly correlated assays,360.0,0.0,0.0,0.0
CHEMBL4725402,no issue,24.0,0.0,0.0,0.0
CHEMBL4725404,test Item with unknown chirality,0.5,0.0,0.0,0.0
CHEMBL4725407,highly correlated assays,0.0,0.0,66.5,0.0
CHEMBL4725418,shuffled assays,6.0,0.5,0.0,0.0
CHEMBL4725422,no issue,464.0,0.0,0.0,0.0
CHEMBL4725423,review,92.5,0.0,0.0,0.0
CHEMBL4725427,test Item with unknown chirality,59.0,0.0,0.0,0.0
CHEMBL4725429,highly correlated assays,60.5,0.0,0.0,0.0
CHEMBL4725432,no issue,0.5,0.0,0.0,0.0
CHEMBL4725438,no issue,40.0,0.0,0.0,0.0
CHEMBL4725442,no issue,0.0,0.0,3.5,0.5
CHEMBL4725448,highly correlated assays,0.0,0.0,4.5,0.0
CHEMBL4725450,no issue,44.0,0.0,0.0,0.0
CHEMBL4725466,exact data citation,16.0,0.0,0.0,0.0
CHEMBL4725468,rounded data citation,82.0,7.0,0.0,0.0
CHEMBL4725471,multiply activity for same test item,1.5,0.0,0.0,0.0
CHEMBL4725474,no issue,5.0,0.0,0.0,0.0
CHEMBL4725478,exact data citation,28.5,6.5,0.0,0.0
CHEMBL4725483,no issue,12.0,0.0,0.0,0.0
CHEMBL4725485,rounded data citation,112.5,0.0,3.0,0.5
CHEMBL4725494,rounded data citation,1.0,0.0,0.0,0.0
CHEMBL4725497,exact data citation,0.0,40.0,0.0,0.0
CHEMBL4732032,no issue,482.5,0.0,0.0,0.0
CHEMBL4732040,exact data citation,0.0,0.0,4.5,0.0
CHEMBL4732042,no issue,0.0,0.0,19.5,0.0
CHEMBL4732045,exact data citation,5.0,0.0,0.5,0.0
CHEMBL4732047,rounded data citation,1.5,0.0,0.0,0.0
CHEMBL4732056,highly correlated assays,4.0,0.0,0.0,0.0
CHEMBL4732057,rounded data citation,13.0,0.0,0.0,0.0
CHEMBL4732061,no issue,0.0,0.0,47.0,0.0
CHEMBL4732062,review,40.0,0.0,0.0,0.0
CHEMBL4732063,exact data citation,0.0,0.0,552.5,0.0
CHEMBL4732065,multifunctional enzyme,17.0,0.0,0.0,0.0
CHEMBL4732070,no issue,93.0,0.0,0.0,0.0
CHEMBL4732071,highly correlated assays,439.5,0.0,0.0,0.0
CHEMBL4732075,no issue,18.5,0.0,0.0,0.0
CHEMBL4732078,no issue,7.0,0.0,0.0,0.0
CHEMBL4732089,multiply activity for same test item,0.0,0.0,82.5,0.0
CHEMBL4732099,rounded data citation,69.5,0.0,0.0,0.0
CHEMBL4732103,highly correlated assays,43.0,0.0,0.0,0.0
CHEMBL4732109,highly correlated assays,0.0,0.0,109.5,0.0
CHEMBL4732112,no issue,2.0,0.0,0.0,0.0
CHEMBL4732113,multiply activity for same test item,199.0,0.0,0.0,0.0
CHEMBL4732117,highly correlated assays,63.5,0.0,6.5,0.0
CHEMBL4732122,highly correlated assays,134.5,0.0,2.5,0.0
CHEMBL4732124,no issue,38.0,0.0,0.0,0.0
CHEMBL4732140,no issue,2.5,0.0,0.0,0.0
CHEMBL4732141,highly correlated assays,2.0,0.0,6.0,0.0
CHEMBL4732143,exact data citation,0.0,0.0,9.0,0.0
CHEMBL4732145,no issue,61.0,0.0,0.0,0.0
CHEMBL4732150,rounded data citation,636.0,0.0,0.0,0.0
CHEMBL4732151,no issue,39.5,0.0,0.0,0.0
CHEMBL4732155,no issue,0.0,0.0,0.0,0.0
CHEMBL4732157,no issue,344.0,0.0,0.0,0.0
CHEMBL4732162,highly correlated assays,267.0,0.0,0.0,0.0
CHEMBL4732164,no issue,0.0,0.0,0.0,0.0
CHEMBL4732171,highly correlated assays,100.5,0.0,726.5,25.0
CHEMBL4732174,no issue,1.0,0.0,0.0,0.0
CHEMBL4732175,highly correlated assays,3.0,0.0,20.0,0.0
CHEMBL4732177,exact data citation,0.0,0.0,0.5,0.0
CHEMBL4732184,highly correlated assays,0.0,0.0,5.0,0.0
CHEMBL4732196,no issue,10.5,0.0,0.0,0.0
CHEMBL4732197,shuffled assays,148.0,0.0,0.0,0.0
CHEMBL4732198,highly correlated assays,133.0,0.0,0.0,0.0
CHEMBL4732201,no issue,0.0,0.0,0.0,0.0
CHEMBL4732204,exact data citation,0.0,0.0,345.5,0.0
CHEMBL4732205,no issue,705.0,0.0,0.0,0.0
CHEMBL4732210,test Item with unknown chirality,84.5,0.0,0.0,0.0
CHEMBL4732212,exact data citation,31.0,0.0,0.0,0.0
CHEMBL4732217,highly correlated assays,45.0,0.0,0.0,0.0
CHEMBL4732227,no issue,0.0,0.0,0.0,0.0
CHEMBL4732230,exact data citation,18.0,0.0,0.0,0.0
CHEMBL4732234,no issue,13.5,0.0,0.0,0.0
CHEMBL4732242,no issue,3.0,0.0,0.0,0.0
CHEMBL4732245,exact data citation,0.0,0.0,243.0,0.0
CHEMBL4732246,exact data citation,0.5,0.0,0.0,0.0
CHEMBL4732251,exact data citation,12.0,0.0,0.0,0.0
CHEMBL4732252,review,0.5,0.5,0.0,0.0
CHEMBL4732260,review,5.5,0.0,0.0,0.0
CHEMBL4765227,no issue,108.0,0.0,0.0,0.0
CHEMBL4765228,no issue,7.0,0.0,0.0,0.0
CHEMBL4765230,multiply activity for same test item,0.0,0.0,0.0,0.0
CHEMBL4765231,no issue,0.0,0.0,0.0,0.0
CHEMBL4765232,no issue,3.0,0.0,0.0,0.0
CHEMBL4765234,no issue,0.0,0.0,2.0,0.5
CHEMBL4765235,no issue,4.0,0.0,0.0,0.0
CHEMBL4765237,no issue,228.0,0.0,0.0,0.0
CHEMBL4765238,exact data citation,79.0,2.5,0.0,0.0
CHEMBL4765239,rounded data citation,6.0,0.0,0.0,0.0
CHEMBL4765244,exact data citation,10.5,0.0,0.0,0.0
CHEMBL4765247,test Item with unknown chirality,0.0,0.0,0.5,0.0
CHEMBL4765248,rounded data citation,6.5,0.0,0.0,0.0
CHEMBL4765254,multifunctional enzyme,18.5,0.0,0.0,0.0
CHEMBL4765255,no issue,0.5,0.0,0.0,0.0
CHEMBL4765256,no issue,3.0,0.0,0.0,0.0
CHEMBL4765258,highly correlated assays,82.0,0.0,46.5,0.0
CHEMBL4765260,exact data citation,0.0,0.0,588.5,0.0
CHEMBL4765263,highly correlated assays,58.5,0.0,0.0,0.0
CHEMBL4765268,exact data citation,1.0,0.0,2.0,0.0
CHEMBL4765270,no issue,0.0,0.0,7.0,0.0
CHEMBL4765271,shuffled assays,41.5,0.0,0.0,0.0
CHEMBL4765274,test Item with unknown chirality,191.5,0.0,0.0,0.0
CHEMBL4765277,highly correlated assays,247.0,0.0,0.0,0.0
CHEMBL4765282,highly correlated assays,7.5,0.0,0.0,0.0
CHEMBL4765285,no issue,77.0,0.0,0.0,0.0
CHEMBL4765289,exact data citation,12.0,0.0,0.0,0.0
CHEMBL4765290,rounded data citation,5.5,0.0,0.0,0.0
CHEMBL4765296,highly correlated assays,31.0,0.0,0.0,0.0
CHEMBL4765298,no issue,20.5,0.0,0.0,0.0
CHEMBL4765302,no issue,7.0,0.0,0.0,0.0
CHEMBL4765304,no issue,86.0,0.0,0.0,0.0
CHEMBL4765306,test Item with unknown chirality,104.5,0.0,0.0,0.0
CHEMBL4765308,no issue,72.0,0.0,0.0,0.0
CHEMBL4765313,test Item with unknown chirality,54.0,0.0,0.0,0.0
CHEMBL4765318,no issue,476.5,0.0,0.0,0.0
CHEMBL4765319,no issue,2.5,0.0,0.0,0.0
CHEMBL4765321,no issue,85.5,0.0,0.0,0.0
CHEMBL4765329,shuffled assays,36.5,0.0,0.0,0.0
CHEMBL4765335,no issue,3.5,0.0,3.0,0.0
CHEMBL4765338,no issue,157.0,0.0,0.0,0.0
CHEMBL4765344,highly correlated assays,175.0,0.0,588.5,0.0
CHEMBL4765345,high citation rate,9.5,0.0,0.0,0.0
CHEMBL4765349,highly correlated assays,61.0,0.0,0.0,0.0
CHEMBL4765350,exact data citation,4.0,0.0,0.0,0.0
CHEMBL4765354,no issue,21.0,0.0,0.0,0.0
CHEMBL4765356,test Item with unknown chirality,1728.0,0.0,0.0,0.0
CHEMBL4765359,no issue,3.0,0.0,0.0,0.0
CHEMBL4765362,highly correlated assays,192.5,2.0,2.5,0.0
CHEMBL4765363,no issue,1240.0,0.0,0.0,0.0
CHEMBL4765373,multifunctional enzyme,79.5,0.0,0.0,0.0
CHEMBL4765381,review,0.0,0.0,2.0,0.0
CHEMBL4765382,exact data citation,0.0,0.0,20.0,0.0
CHEMBL4765383,no issue,0.5,0.0,0.0,0.0
CHEMBL4765384,exact data citation,72.0,0.0,0.0,0.0
CHEMBL4765388,no issue,6.0,0.0,0.0,0.0
CHEMBL4765390,rounded data citation,1.5,0.0,0.0,0.0
CHEMBL4765391,no issue,15.5,0.0,0.0,0.0
CHEMBL4765397,no issue,8.0,0.0,0.0,0.0
CHEMBL4765398,exact data citation,0.5,0.0,0.0,0.0
CHEMBL4765402,highly correlated assays,28.5,0.0,0.0,0.0
CHEMBL4765406,no issue,65.5,0.0,0.0,0.0
CHEMBL4765413,no issue,7.0,0.0,0.0,0.0
CHEMBL4765416,shuffled assays,101.5,0.0,0.0,0.0
CHEMBL4765417,exact data citation,0.5,0.0,0.0,0.0
CHEMBL4765420,highly correlated assays,305.5,0.0,0.0,0.0
CHEMBL4765429,no issue,2.0,0.0,0.0,0.0
CHEMBL4765437,no issue,0.5,0.0,0.0,0.0
CHEMBL4765439,no issue,4.5,0.0,0.0,0.0
CHEMBL4765440,exact data citation,11.5,0.0,0.0,0.0
CHEMBL4765445,highly correlated assays,140.5,0.0,0.0,0.0
CHEMBL4765447,no issue,3.5,0.0,0.0,0.0
CHEMBL4765451,no issue,1.0,0.0,0.0,0.0
CHEMBL4765455,no issue,35.5,0.0,0.0,0.0
CHEMBL4765456,multiply activity for same test item,1.0,0.0,0.0,0.0
CHEMBL4765462,review,33.5,0.0,0.0,0.0
CHEMBL4765466,review,2.0,0.0,0.0,0.0
CHEMBL4765468,exact data citation,8.0,0.0,0.0,0.0
CHEMBL4765476,exact data citation,8.0,0.0,0.0,0.0
CHEMBL4765480,no issue,6.0,0.0,0.0,0.0
CHEMBL4765482,highly correlated assays,0.0,0.0,356.5,0.0
CHEMBL4765483,highly correlated assays,0.0,0.0,77.0,40.5
CHEMBL4765485,no issue,0.0,0.0,1.5,0.0
CHEMBL4765488,highly correlated assays,0.0,0.0,80.0,18.0
CHEMBL4765490,test Item with unknown chirality,0.5,0.0,0.0,0.0
CHEMBL4808166,no issue,0.0,0.0,22.5,2.0
CHEMBL4808175,highly correlated assays,246.0,0.0,0.0,0.0
CHEMBL4808178,no issue,1.5,0.0,0.0,0.0
CHEMBL4808181,exact data citation,126.5,72.5,0.0,0.0
CHEMBL4808190,exact data citation,12.5,0.0,0.0,0.0
CHEMBL4808191,shuffled assays,128.0,0.0,0.0,0.0
CHEMBL4808201,exact data citation,0.0,0.0,40.0,548.5
CHEMBL4808203,no issue,55.0,0.0,0.0,0.0
CHEMBL4808210,multifunctional enzyme,98.5,18.5,0.0,0.0
CHEMBL4808211,exact data citation,50.0,1.0,1.0,0.5
CHEMBL4808212,multifunctional enzyme,0.0,0.0,0.0,0.0
CHEMBL4808213,no issue,0.0,0.0,2.0,15.5
CHEMBL4808216,no issue,868.0,42.0,0.0,0.0
CHEMBL4808220,highly correlated assays,272.5,11.0,0.0,0.0
CHEMBL4808222,no issue,9.5,0.0,0.0,0.0
CHEMBL4808225,no issue,14.5,4.0,0.0,0.0
CHEMBL4808227,rounded data citation,59.0,0.5,0.0,0.0
CHEMBL4808229,exact data citation,0.0,0.0,40.5,567.0
CHEMBL4808232,multiply activity for same test item,44.0,0.5,0.0,0.0
CHEMBL4808233,multiply activity for same test item,0.0,0.0,0.0,2.5
CHEMBL4808244,rounded data citation,6.5,2.0,0.0,0.0
CHEMBL4808246,highly correlated assays,103.0,0.5,0.0,0.0
CHEMBL4808252,no issue,36.5,0.0,0.0,0.0
CHEMBL4808254,test Item with unknown chirality,104.5,0.0,0.0,0.0
CHEMBL4808257,no issue,378.0,120.0,0.0,0.0
CHEMBL4811216,test Item with unknown chirality,1.0,0.0,0.0,0.0
CHEMBL4811218,no issue,15.0,0.0,0.0,0.0
CHEMBL4811219,exact data citation,0.0,5.5,0.0,0.0
CHEMBL4811220,exact data citation,103.0,4.5,0.0,0.0
CHEMBL4811232,no issue,8.0,0.0,0.0,0.0
CHEMBL4811234,no issue,2.5,0.0,0.0,0.0
CHEMBL4811238,exact data citation,0.0,0.0,41.0,583.0
CHEMBL4811239,exact data citation,0.0,0.0,40.0,548.5
CHEMBL4811240,no issue,0.5,0.0,0.0,0.0
CHEMBL4811242,exact data citation,5.0,0.0,0.0,0.0
CHEMBL4811245,highly correlated assays,224.0,35.0,0.0,0.0
CHEMBL4811248,highly correlated assays,42.0,20.5,0.0,0.0
CHEMBL4811250,multifunctional enzyme,40.0,0.0,0.0,0.0
CHEMBL4811252,highly correlated assays,422.0,4.5,0.0,0.0
CHEMBL4811256,no issue,2.0,0.0,0.0,0.0
CHEMBL4811257,exact data citation,0.0,0.0,0.5,0.0
CHEMBL4811259,multifunctional enzyme,61.0,8.0,0.0,0.0
CHEMBL4811262,review,61.5,0.0,0.0,0.0
CHEMBL4811279,test Item with unknown chirality,0.5,2.0,0.0,0.0
CHEMBL4811281,test Item with unknown chirality,1.5,0.0,0.0,0.0
CHEMBL4811284,highly correlated assays,0.0,0.0,37.0,515.5
CHEMBL4811286,rounded data citation,32.0,1.0,0.0,0.0
CHEMBL4811290,rounded data citation,26.5,24.5,0.0,0.0
CHEMBL4811298,exact data citation,184.0,2.0,0.0,0.0
CHEMBL4811301,multifunctional enzyme,95.5,0.5,0.0,0.0
CHEMBL4811304,shuffled assays,8.0,0.5,0.0,0.0
CHEMBL4811305,highly correlated assays,36.0,0.0,0.0,0.0
CHEMBL4811307,no issue,0.0,0.0,9.5,2.0
CHEMBL4811315,exact data citation,0.0,0.0,42.5,665.0
CHEMBL4811317,no issue,3.0,2.0,0.0,0.0
CHEMBL4811318,no issue,3.0,0.0,0.0,0.0
CHEMBL4811320,rounded data citation,12.0,1.5,0.0,0.0
CHEMBL4811322,no issue,0.0,1.5,0.0,0.0
CHEMBL4813910,review,2.0,0.0,0.0,0.0
CHEMBL4813911,highly correlated assays,11.0,1.5,5.0,0.0
CHEMBL4813912,review,4.5,0.0,0.0,0.0
CHEMBL4813917,no issue,3.5,0.0,0.0,0.0
CHEMBL4813920,highly correlated assays,116.5,0.0,171.0,0.0
CHEMBL4813924,multiply activity for same test item,1.0,0.0,12.0,0.0
CHEMBL4813927,no issue,1.0,0.0,0.0,0.0
CHEMBL4813934,no issue,0.0,0.0,0.0,0.0
CHEMBL4813940,no issue,16.0,0.0,0.0,0.0
CHEMBL4813946,no issue,0.0,0.0,0.0,0.0
CHEMBL4813951,no issue,0.0,0.0,69.5,18.5
CHEMBL4813953,test Item with unknown chirality,12.0,5.0,0.0,0.0
CHEMBL4813954,highly correlated assays,0.0,0.0,0.0,5.0
CHEMBL4813955,multiply activity for same test item,0.0,0.0,109.0,6.5
CHEMBL4813962,no issue,1508.5,40.0,0.0,0.0
CHEMBL4813969,exact data citation,6.5,0.5,0.0,0.0
CHEMBL4813970,test Item with unknown chirality,157.0,57.0,0.0,0.0
CHEMBL4813971,exact data citation,0.0,0.0,40.0,548.5
CHEMBL4813975,no issue,0.5,0.0,0.0,0.0
CHEMBL4813976,test Item with unknown chirality,0.0,0.5,0.0,0.0
CHEMBL4813977,exact data citation,9.5,0.0,0.0,0.0
CHEMBL4813978,exact data citation,0.0,0.0,21.5,0.0
CHEMBL4813980,no issue,0.0,0.0,0.0,0.0
CHEMBL4813990,no issue,1.0,0.0,0.0,0.0
CHEMBL4813991,test Item with unknown chirality,36.5,11.0,0.0,0.0
CHEMBL4813992,no issue,41.0,7.5,0.0,0.0
CHEMBL4813994,rounded data citation,22.0,3.0,0.0,0.0
CHEMBL4814001,exact data citation,0.0,0.0,21.0,303.5
CHEMBL4814003,rounded data citation,284.0,5.0,0.0,0.0
CHEMBL4814005,exact data citation,66.0,10.5,0.0,0.0
CHEMBL4814015,no issue,0.0,0.0,0.0,0.0
CHEMBL4814018,exact data citation,3.0,0.0,0.0,0.0
CHEMBL4814023,shuffled assays,3.0,0.0,0.0,0.0
CHEMBL4814026,exact data citation,15.0,0.0,0.0,0.0
CHEMBL4814034,multifunctional enzyme,76.0,60.0,0.0,0.0
CHEMBL4814035,test Item with unknown chirality,0.5,0.0,0.0,0.0
CHEMBL4814040,shuffled assays,72.5,0.0,0.0,0.0
CHEMBL4814049,exact data citation,0.5,0.0,0.0,0.0
CHEMBL4814051,exact data citation,0.0,0.5,0.0,0.0
CHEMBL4814056,shuffled assays,3.5,0.0,0.0,0.0
CHEMBL4814059,no issue,45.5,0.5,0.0,0.0
CHEMBL4814070,exact data citation,43.5,5.0,0.0,0.0
CHEMBL4814072,exact data citation,0.0,0.0,24.0,58.5
CHEMBL4818984,rounded data citation,32.5,0.5,0.0,0.0
CHEMBL4818985,exact data citation,0.0,0.0,10.0,7.5
CHEMBL4818986,review,5.0,0.0,0.0,0.0
CHEMBL4818994,test Item with unknown chirality,0.0,0.5,0.0,0.0
CHEMBL4818995,no issue,412.5,146.5,0.0,0.0
CHEMBL4819006,no issue,1.5,0.0,0.0,0.0
CHEMBL4819008,no issue,26.5,25.0,0.0,0.0
CHEMBL4819009,test Item with unknown chirality,6.0,0.0,0.0,0.0
CHEMBL4819011,exact data citation,7.5,2.0,0.0,0.0
CHEMBL4819015,high citation rate,1360.0,480.0,0.0,0.0
CHEMBL4819016,multifunctional enzyme,13.5,0.0,0.0,0.0
CHEMBL4819017,multiply activity for same test item,5.0,1.0,0.0,0.0
CHEMBL4819022,no issue,108.0,4.0,2.0,0.0
CHEMBL4819027,rounded data citation,36.0,0.5,0.0,0.0
CHEMBL4819035,no issue,0.0,64.0,0.0,1.0
CHEMBL4819046,rounded data citation,3.5,0.5,0.0,0.0
CHEMBL4819047,highly correlated assays,4.0,1.0,63.0,2.5
CHEMBL4819052,no issue,4.5,4.0,0.0,0.0
CHEMBL4819060,highly correlated assays,283.5,0.0,0.0,0.0
CHEMBL4819067,no issue,4.0,0.5,0.0,0.0
CHEMBL4819068,exact data citation,0.0,1.5,0.0,0.0
CHEMBL4819069,highly correlated assays,260.5,75.0,0.0,0.0
CHEMBL4819070,multifunctional enzyme,21.5,4.0,0.0,0.0
CHEMBL4819072,high citation rate,0.0,0.0,13.5,0.5
CHEMBL4819073,highly correlated assays,362.0,1.5,0.0,0.0
CHEMBL4819075,no issue,6.0,0.0,0.0,0.0
CHEMBL4819084,exact data citation,64.5,17.0,0.0,0.0
CHEMBL4819087,no issue,2.5,0.0,0.0,0.0
CHEMBL4819092,exact data citation,0.0,0.0,0.5,2.5
CHEMBL4819094,test Item with unknown chirality,54.0,0.0,0.0,0.0
CHEMBL4819097,no issue,36.0,0.0,0.0,0.0
CHEMBL4819098,exact data citation,85.0,0.0,0.0,0.0
CHEMBL4819101,multifunctional enzyme,8.0,0.0,0.0,0.0
CHEMBL4819110,review,14.0,0.0,171.0,0.0
CHEMBL4819115,no issue,136.5,0.0,0.0,0.0
CHEMBL4819118,no issue,0.0,0.0,0.0,0.0
CHEMBL4819122,no issue,36.5,0.0,0.0,0.0
CHEMBL4819130,rounded data citation,0.5,0.5,0.0,0.0
CHEMBL4819131,highly correlated assays,158.5,3.0,0.0,2.0
CHEMBL4819134,no issue,1.0,1.0,0.0,0.0
CHEMBL4819135,no issue,23.5,27.5,0.0,0.0
CHEMBL4819136,no issue,32.0,0.0,0.0,0.0
CHEMBL4819137,exact data citation,123.5,21.5,0.0,0.0
CHEMBL4819140,no issue,28.0,0.0,0.0,0.0
CHEMBL4819147,rounded data citation,22.5,2.5,0.0,0.0
CHEMBL4819153,no issue,8.0,0.0,0.0,0.0
CHEMBL4819156,no issue,2.0,0.0,0.0,0.0
CHEMBL4823243,highly correlated assays,251.0,10.0,0.0,0.0
CHEMBL4823249,no issue,0.5,0.5,0.0,0.0
CHEMBL4823250,no issue,5.5,2.5,0.0,0.0
CHEMBL4823252,highly correlated assays,106.0,28.0,0.0,0.0
CHEMBL4823254,highly correlated assays,1871.5,82.0,0.0,0.0
CHEMBL4823258,highly correlated assays,54.5,5.5,0.0,0.0
CHEMBL4823267,no issue,1.5,0.0,0.0,0.0
CHEMBL4823268,no issue,15.0,0.5,0.0,0.0
CHEMBL4823273,exact data citation,59.0,0.5,0.0,0.0
CHEMBL4823288,test Item with unknown chirality,5.0,0.0,0.0,0.0
CHEMBL4823290,no issue,1.5,4.5,0.0,0.0
CHEMBL4823293,no issue,0.0,0.0,0.0,0.0
CHEMBL4823294,highly correlated assays,20.0,10.0,0.0,0.0
CHEMBL4823295,no issue,0.0,0.0,17.0,0.0
CHEMBL4823302,test Item with unknown chirality,50.5,0.0,0.0,0.0
CHEMBL4823307,exact data citation,1.5,1.0,0.0,0.0
CHEMBL4823311,no issue,0.0,5.0,0.0,0.0
CHEMBL4823330,exact data citation,0.0,0.0,0.5,0.0
CHEMBL4825660,highly correlated assays,0.0,0.0,30.5,610.5
CHEMBL4825663,review,33.0,4.0,0.0,0.0
CHEMBL4825669,rounded data citation,0.0,0.0,3.0,0.0
CHEMBL4825671,no issue,0.0,0.0,3.0,0.0
CHEMBL4825676,no issue,0.5,1.0,0.0,0.0
CHEMBL4825677,no issue,1.5,0.0,0.0,0.0
CHEMBL4825684,rounded data citation,71.0,2.0,0.0,0.0
CHEMBL4825688,highly correlated assays,113.0,3.5,0.0,0.0
CHEMBL4825689,review,42.5,0.0,0.0,0.0
CHEMBL4825703,exact data citation,0.0,0.0,40.0,548.5
CHEMBL4825706,shuffled assays,71.5,31.5,0.0,0.0
CHEMBL4825708,highly correlated assays,45.5,8.0,0.0,0.0
CHEMBL4825714,no issue,0.0,4.5,0.0,0.0
CHEMBL4825721,no issue,0.5,9.0,1.0,0.0
CHEMBL4825736,rounded data citation,125.5,1.0,0.0,0.0
CHEMBL4825747,highly correlated assays,0.0,2.0,0.0,0.0
CHEMBL4825757,exact data citation,1.5,4.5,0.0,0.0
CHEMBL4825758,multiply activity for same test item,8.0,8.0,5.5,2.5
CHEMBL4825763,no issue,1.5,0.0,0.0,0.0
CHEMBL4825765,no issue,2.5,2.5,0.0,0.0
CHEMBL4825766,no issue,0.0,0.0,26.0,4.0
CHEMBL4825767,no issue,13.5,2.0,0.0,0.0
CHEMBL4825781,no issue,2.0,1.5,0.0,0.0
CHEMBL4828705,highly correlated assays,0.0,0.0,35.0,486.5
CHEMBL4828708,no issue,0.0,0.0,4.5,0.0
CHEMBL4828709,shuffled assays,1386.5,65.0,0.0,0.0
CHEMBL4828711,exact data citation,5.5,0.0,0.0,0.0
CHEMBL4828715,exact data citation,13.0,0.0,0.0,0.0
CHEMBL4828722,no issue,0.0,0.0,0.0,0.0
CHEMBL4828724,no issue,0.0,0.0,0.0,0.0
CHEMBL4828725,no issue,0.5,0.5,0.0,0.0
CHEMBL4828731,no issue,3.0,0.0,0.0,0.0
CHEMBL4828733,no issue,72.0,0.0,0.0,0.0
CHEMBL4828735,no issue,2.5,0.0,0.0,0.0
CHEMBL4828736,exact data citation,0.0,1.0,0.0,0.0
CHEMBL4828743,no issue,0.5,0.0,0.0,0.0
CHEMBL4828751,no issue,9.0,0.0,0.0,0.0
CHEMBL4828753,exact data citation,3.5,0.0,0.0,0.0
CHEMBL4828755,no issue,93.5,0.0,0.0,0.0
CHEMBL4828756,rounded data citation,6.5,3.0,0.0,0.0
CHEMBL4828758,no issue,2.0,1.5,0.0,0.0
CHEMBL4828760,exact data citation,0.0,0.0,37.0,515.5
CHEMBL4828761,highly correlated assays,141.0,15.0,1.0,3.0
CHEMBL4828765,shuffled assays,1.0,0.0,0.0,0.0
CHEMBL4828766,no issue,0.0,0.0,0.0,0.0
CHEMBL4831477,shuffled assays,124.0,44.0,0.0,0.0
CHEMBL4831483,multifunctional enzyme,0.0,0.0,0.0,0.0
CHEMBL4831485,rounded data citation,44.0,0.5,1.0,0.0
CHEMBL4831493,no issue,54.0,8.5,0.0,0.0
CHEMBL4831494,exact data citation,3.0,0.0,0.0,0.0
CHEMBL4831496,exact data citation,79.5,1.5,0.0,0.0
CHEMBL4831497,rounded data citation,0.5,0.5,0.0,0.0
CHEMBL4831498,exact data citation,4.0,0.0,0.0,0.0
CHEMBL4831500,highly correlated assays,40.5,0.5,0.0,0.0
CHEMBL4831504,no issue,12.5,8.0,0.0,0.0
CHEMBL4831506,test Item with unknown chirality,16.0,4.0,0.0,0.0
CHEMBL4831507,no issue,0.0,0.5,0.0,0.0
CHEMBL4831510,highly correlated assays,218.0,8.0,0.0,0.0
CHEMBL4831512,highly correlated assays,53.0,2.0,0.0,0.0
CHEMBL4831513,rounded data citation,5.5,0.0,0.0,0.0
CHEMBL4831520,no issue,4.5,0.0,0.0,0.0
CHEMBL4831521,exact data citation,1.5,1.0,0.0,0.0
CHEMBL4831522,no issue,0.5,0.0,4.0,0.0
CHEMBL4831525,exact data citation,68.5,0.0,0.0,0.0
CHEMBL4831527,highly correlated assays,28.5,33.5,0.0,0.0
CHEMBL4831528,no issue,0.5,0.5,0.0,0.0
CHEMBL4831530,multifunctional enzyme,19.5,0.5,0.0,0.0
CHEMBL4831531,exact data citation,30.5,4.0,0.0,0.0
CHEMBL4831538,no issue,3.0,2.0,0.0,0.0
CHEMBL4831544,no issue,32.5,0.0,0.0,0.0
CHEMBL4831560,no issue,2.0,0.0,0.0,0.0
CHEMBL4834395,review,0.0,3.0,0.0,0.0
CHEMBL4834397,no issue,6.0,0.0,0.0,0.0
CHEMBL4834400,rounded data citation,0.0,0.0,45.5,0.0
CHEMBL4834401,no issue,2.5,4.0,0.0,0.0
CHEMBL4834403,highly correlated assays,2346.5,31.0,0.0,0.0
CHEMBL4834409,no issue,0.0,0.0,44.5,2.0
CHEMBL4834410,highly correlated assays,2.5,0.0,0.0,0.0
CHEMBL4834412,exact data citation,80.0,56.5,0.0,0.0
CHEMBL4834416,highly correlated assays,3.0,6.0,0.0,0.0
CHEMBL4834424,multifunctional enzyme,12.0,0.0,0.0,0.0
CHEMBL4834427,test Item with unknown chirality,0.0,0.0,4.0,0.0
CHEMBL4834428,test Item with unknown chirality,14.0,0.0,0.0,0.0
CHEMBL4834430,exact data citation,3.0,1.0,0.0,0.0
CHEMBL4834437,no issue,0.0,0.5,0.0,0.0
CHEMBL4834452,shuffled assays,72.0,0.0,0.0,0.0
CHEMBL4834454,no issue,42.0,126.0,0.0,0.0
CHEMBL4834457,no issue,0.0,0.0,0.0,0.0
CHEMBL4834458,shuffled assays,17.0,2.0,0.0,0.0
CHEMBL4834461,exact data citation,235.5,0.0,0.0,0.0
CHEMBL4834469,no issue,0.0,0.0,0.0,0.0
CHEMBL4834471,no issue,0.0,0.0,0.0,0.0
CHEMBL4834472,no issue,30.5,3.0,0.0,0.0
CHEMBL4834473,no issue,1.5,0.0,0.0,0.0
CHEMBL4834477,no issue,24.0,0.0,0.0,0.0
CHEMBL4834480,no issue,0.0,0.0,3.0,0.0
CHEMBL4834496,exact data citation,2.5,7.0,0.0,0.0
CHEMBL4834497,exact data citation,13.5,2.0,0.0,0.0
CHEMBL4837182,no issue,0.0,0.0,26.5,0.0
CHEMBL4837194,multiply activity for same test item,1.5,0.0,0.0,0.0
CHEMBL4837198,no issue,60.0,4.0,0.0,0.0
CHEMBL4837199,no issue,0.0,0.0,18.5,0.5
CHEMBL4837205,highly correlated assays,43.0,1.5,0.0,0.0
CHEMBL4837207,highly correlated assays,33.0,4.5,0.0,0.0
CHEMBL4837220,exact data citation,0.5,5.0,0.0,0.0
CHEMBL4837224,exact data citation,0.0,12.0,0.0,0.0
CHEMBL4837233,no issue,12.0,0.5,0.0,0.0
CHEMBL4837234,rounded data citation,11.0,0.0,0.0,0.0
CHEMBL4837239,exact data citation,0.5,0.5,0.0,0.0
CHEMBL4837240,highly correlated assays,99.0,16.0,0.0,0.0
CHEMBL4837244,no issue,7.0,1.0,0.0,0.0
CHEMBL4837247,no issue,17.5,0.0,0.0,0.0
CHEMBL4837249,exact data citation,3.0,1.0,0.0,0.0
CHEMBL4837251,rounded data citation,0.0,0.5,0.0,0.0
CHEMBL4837253,exact data citation,1.5,0.5,0.0,0.0
CHEMBL4837263,test Item with unknown chirality,0.0,1.0,0.0,0.0
CHEMBL4837266,highly correlated assays,51.0,0.0,0.0,0.0
CHEMBL4840304,test Item with unknown chirality,0.0,20.0,0.0,0.0
CHEMBL4840305,rounded data citation,10.0,7.5,0.0,0.0
CHEMBL4840307,no issue,2.0,0.0,0.0,0.0
CHEMBL4840312,no issue,0.5,6.0,0.0,0.0
CHEMBL4840313,no issue,22.5,3.0,0.0,0.0
CHEMBL4840315,rounded data citation,0.0,0.0,11.0,1.5
CHEMBL4840326,shuffled assays,0.0,0.0,15.0,1.0
CHEMBL4840327,no issue,9.0,1.5,0.0,0.0
CHEMBL4840331,exact data citation,10.0,2.5,0.0,0.0
CHEMBL4840332,no issue,0.5,0.0,0.0,0.0
CHEMBL4840335,highly correlated assays,16.5,2.0,0.0,0.0
CHEMBL4840336,no issue,15.5,0.5,0.0,0.0
CHEMBL4840351,no issue,77.0,16.5,0.0,0.0
CHEMBL4840354,highly correlated assays,55.0,65.0,0.0,0.0
CHEMBL4840356,exact data citation,0.5,0.0,0.0,0.0
CHEMBL4840365,no issue,0.0,0.0,0.0,0.0
CHEMBL4840367,multiply activity for same test item,0.0,0.0,164.0,2.5
CHEMBL4840378,no issue,1.0,0.0,0.0,0.0
CHEMBL4842314,multiply activity for same test item,0.0,0.0,0.0,4.0
CHEMBL4842321,exact data citation,0.0,0.0,35.0,480.5
CHEMBL4842324,test Item with unknown chirality,17.0,8.0,0.0,0.0
CHEMBL4842326,highly correlated assays,585.5,12.0,0.0,0.0
CHEMBL4842329,exact data citation,3.0,0.0,11.5,0.0
CHEMBL4842336,highly correlated assays,155.0,0.0,0.0,0.0
CHEMBL4842341,no issue,380.0,4.0,0.0,0.0
CHEMBL4842348,no issue,28.0,10.0,0.0,0.0
CHEMBL4842350,no issue,290.0,42.0,0.0,0.0
CHEMBL4842351,no issue,24.0,0.0,0.0,0.0
CHEMBL4842353,no issue,2.0,6.0,0.0,0.0
CHEMBL4842354,highly correlated assays,67.0,11.5,0.0,0.0
CHEMBL4842357,no issue,32.5,1.0,0.0,0.0
CHEMBL4842361,no issue,8.0,4.0,0.0,0.0
CHEMBL4842362,highly correlated assays,86.0,15.0,0.0,0.0
CHEMBL4842363,rounded data citation,4.0,0.0,0.0,0.0
CHEMBL4842364,multiply activity for same test item,1.5,0.0,0.0,0.0
CHEMBL4842366,no issue,3.5,0.0,0.0,0.0
CHEMBL4842368,test Item with unknown chirality,0.0,0.0,0.0,0.0
CHEMBL4842370,highly correlated assays,104.0,13.5,1.0,3.0
CHEMBL4842371,highly correlated assays,9.0,0.5,4.0,4.5
CHEMBL4842374,exact data citation,0.0,0.0,41.0,583.0
CHEMBL4842376,highly correlated assays,387.0,5.0,0.0,0.0
CHEMBL4842379,test Item with unknown chirality,35.0,12.5,0.0,0.0
CHEMBL4842383,no issue,4.0,0.0,0.0,0.0
CHEMBL4842385,highly correlated assays,234.5,21.5,0.0,0.0
CHEMBL4842387,no issue,15.5,2.0,0.0,0.0
CHEMBL4842390,rounded data citation,0.5,16.5,0.0,0.0
CHEMBL4842397,rounded data citation,6.0,1.0,0.0,0.0
CHEMBL5029145,highly correlated assays,0.0,10.0,0.0,0.0
CHEMBL5029150,rounded data citation,12.0,0.0,0.0,0.0
CHEMBL5029152,no issue,1.0,0.0,0.0,0.0
CHEMBL5029156,no issue,0.0,0.0,0.0,0.0
CHEMBL5029165,highly correlated assays,52.0,2.5,0.0,0.0
CHEMBL5029166,no issue,0.0,0.5,0.0,0.0
CHEMBL5029169,rounded data citation,880.0,0.0,0.0,0.0
CHEMBL5029175,exact data citation,0.0,0.0,3.0,0.5
CHEMBL5029179,no issue,6.5,0.0,0.0,0.0
CHEMBL5029190,multiply activity for same test item,0.0,0.0,0.0,0.0
CHEMBL5030506,highly correlated assays,3.0,6.5,0.0,0.0
CHEMBL5030507,highly correlated assays,175.5,12.5,0.0,0.0
CHEMBL5030511,no issue,0.0,0.0,0.0,1.0
CHEMBL5030514,test Item with unknown chirality,0.0,1.0,0.0,0.0
CHEMBL5030519,no issue,6.0,1.0,0.0,0.0
CHEMBL5030520,no issue,636.0,4.0,0.0,0.0
CHEMBL5030521,test Item with unknown chirality,0.0,0.0,4.0,1.0
CHEMBL5030523,exact data citation,0.0,0.0,39.5,619.5
CHEMBL5030527,no issue,100.0,2.0,0.0,0.0
CHEMBL5030530,test Item with unknown chirality,106.0,1.0,0.0,0.0
CHEMBL5030533,no issue,26.0,0.0,0.0,0.0
CHEMBL5030535,review,26.0,0.5,0.0,0.0
CHEMBL5030538,exact data citation,0.0,0.0,31.0,9.5
CHEMBL5030539,no issue,88.0,0.0,0.0,0.0
CHEMBL5030553,no issue,94.5,0.0,0.0,0.0
CHEMBL5030555,no issue,0.0,0.0,0.0,0.0
CHEMBL5030561,exact data citation,100.0,2.0,0.0,0.0
CHEMBL5030563,highly correlated assays,212.0,15.0,24.0,1.5
CHEMBL5032500,highly correlated assays,0.0,0.0,15.5,6.0
CHEMBL5032504,highly correlated assays,25.0,15.0,0.0,0.0
CHEMBL5032505,exact data citation,100.5,11.0,0.0,0.0
CHEMBL5032506,no issue,3.5,0.0,0.0,0.0
CHEMBL5032507,multiply activity for same test item,384.5,85.5,0.0,0.0
CHEMBL5032510,no issue,3.5,0.0,0.0,0.0
CHEMBL5032511,exact data citation,126.5,72.5,0.0,0.0
CHEMBL5032513,exact data citation,0.0,0.0,3.0,5.0
CHEMBL5032516,no issue,0.0,0.0,0.0,0.0
CHEMBL5032521,review,2.5,0.0,0.0,0.0
CHEMBL5032524,rounded data citation,40.5,4.0,0.0,0.0
CHEMBL5032528,highly correlated assays,244.5,14.5,0.0,0.0
CHEMBL5032530,no issue,0.0,2.0,0.0,0.0
CHEMBL5032535,no issue,1.0,2.5,0.0,0.0
CHEMBL5033992,no issue,8.5,0.0,0.0,0.0
CHEMBL5033995,no issue,9.5,1.0,0.0,0.0
CHEMBL5034001,no issue,20.0,0.0,0.0,0.0
CHEMBL5034004,test Item with unknown chirality,0.0,0.0,1.0,4.0
CHEMBL5034009,exact data citation,0.0,2.5,0.0,0.0
CHEMBL5034012,rounded data citation,331.0,0.0,0.0,0.0
CHEMBL5034014,no issue,0.0,0.5,0.0,1.0
CHEMBL5034015,rounded data citation,1.0,0.0,1.0,0.0
CHEMBL5034019,highly correlated assays,249.5,0.0,0.0,0.0
CHEMBL5034020,exact data citation,0.5,0.0,1.0,0.0
CHEMBL5034025,exact data citation,0.5,4.0,0.0,0.0
CHEMBL5034027,test Item with unknown chirality,47.0,0.5,0.0,0.0
CHEMBL5034031,no issue,252.0,0.0,0.0,0.0
CHEMBL5034050,no issue,0.0,0.0,10.0,1.5
CHEMBL5034051,no issue,0.5,0.5,0.0,0.0
CHEMBL5036301,exact data citation,0.0,1.0,0.0,0.0
CHEMBL5036306,exact data citation,88.0,0.0,0.0,0.0
CHEMBL5036312,highly correlated assays,1.0,13.0,0.0,0.0
CHEMBL5036315,no issue,0.0,0.0,0.0,0.0
CHEMBL5036319,exact data citation,2.0,0.5,0.0,0.0
CHEMBL5036326,no issue,0.0,0.0,11.0,24.0
CHEMBL5036329,shuffled assays,608.0,32.0,0.0,0.0
CHEMBL5036334,review,12.5,1.5,0.0,0.0
CHEMBL5036340,highly correlated assays,23.5,4.0,0.0,0.0
CHEMBL5036341,rounded data citation,65.5,15.5,0.0,0.0
CHEMBL5036347,no issue,101.0,47.0,0.0,0.0
CHEMBL5036369,no issue,600.0,124.0,0.0,0.0
CHEMBL5036379,exact data citation,0.0,0.0,2.5,2.0
CHEMBL5036382,no issue,0.0,1.0,0.0,0.0
CHEMBL5038570,no issue,341.5,71.0,0.0,0.0
CHEMBL5038571,no issue,9.0,0.5,0.0,0.0
CHEMBL5038576,no issue,0.0,0.0,0.0,1.5
CHEMBL5038581,highly correlated assays,348.0,2.5,0.0,0.0
CHEMBL5038584,no issue,1.0,0.0,0.0,0.0
CHEMBL5038586,review,15.0,0.0,0.0,0.0
CHEMBL5038590,multiply activity for same test item,0.0,0.0,1.5,1.0
CHEMBL5038592,exact data citation,0.5,5.5,0.0,0.0
CHEMBL5038601,no issue,2.5,0.0,0.0,0.0
CHEMBL5038625,exact data citation,0.0,0.0,40.0,548.5
CHEMBL5038627,exact data citation,0.0,0.0,41.0,583.0
CHEMBL5038628,no issue,0.0,0.5,0.0,0.0
CHEMBL5038631,exact data citation,0.0,0.0,35.0,480.5
CHEMBL5038632,no issue,0.5,2.0,0.0,0.0
CHEMBL5038634,exact data citation,0.0,1.0,0.0,0.0
CHEMBL5038644,exact data citation,0.0,0.0,0.0,0.5
CHEMBL5038646,test Item with unknown chirality,47.5,0.5,0.0,0.0
CHEMBL5038647,review,5.0,0.0,0.0,0.0
CHEMBL5038655,rounded data citation,56.5,29.0,0.0,0.0
CHEMBL5038656,exact data citation,0.0,1.0,0.0,0.0
CHEMBL5038658,test Item with unknown chirality,0.0,0.0,1.0,4.5
CHEMBL5038663,no issue,0.0,0.0,0.0,20.0
CHEMBL5038666,highly correlated assays,312.5,35.0,0.0,0.0
CHEMBL5038669,no issue,28.0,0.0,0.0,0.0
CHEMBL5038675,highly correlated assays,0.0,0.0,228.0,61.0
CHEMBL5042469,shuffled assays,128.0,6.0,0.0,0.0
CHEMBL5042470,rounded data citation,1.0,0.5,0.0,0.0
CHEMBL5042471,review,0.0,0.0,30.0,26.0
CHEMBL5042473,no issue,7.5,4.0,0.0,0.0
CHEMBL5042474,rounded data citation,14.5,3.5,0.0,0.0
CHEMBL5042475,highly correlated assays,0.0,0.0,1.0,3.0
CHEMBL5042476,rounded data citation,0.0,0.0,2.0,1.5
CHEMBL5042479,highly correlated assays,2.0,0.0,2.5,0.0
CHEMBL5042482,no issue,2.0,0.0,0.0,0.0
CHEMBL5042486,no issue,127.0,0.0,0.0,0.0
CHEMBL5042488,no issue,0.0,0.0,14.5,0.0
CHEMBL5042489,no issue,7.5,0.0,0.0,0.0
CHEMBL5042491,no issue,0.0,0.0,0.0,0.0
CHEMBL5042493,multifunctional enzyme,21.5,0.0,0.0,0.0
CHEMBL5042494,exact data citation,0.0,0.0,0.0,2.0
CHEMBL5042497,review,128.0,8.0,0.0,0.0
CHEMBL5042498,no issue,0.0,36.0,0.0,0.0
CHEMBL5042500,exact data citation,16.0,40.0,0.0,0.0
CHEMBL5042504,highly correlated assays,11.0,9.5,0.0,0.0
CHEMBL5042505,highly correlated assays,313.5,17.5,0.0,0.0
CHEMBL5042506,no issue,78.0,6.0,0.0,0.0
CHEMBL5042507,highly correlated assays,0.0,0.0,35.0,591.0
CHEMBL5042513,no issue,18.0,0.0,0.0,0.0
CHEMBL5042517,rounded data citation,496.0,624.5,0.0,0.0
CHEMBL5042521,no issue,745.5,36.0,0.0,0.0
CHEMBL5042524,highly correlated assays,319.5,15.0,0.0,0.0
CHEMBL5042527,review,47.5,0.5,0.0,0.0
CHEMBL5042528,highly correlated assays,0.0,0.0,80.5,21.0
CHEMBL5042530,exact data citation,128.5,81.5,0.0,0.0
CHEMBL5042532,rounded data citation,12.0,3.5,0.0,0.0
CHEMBL5042533,review,11.0,0.0,0.0,0.0
CHEMBL5042540,high citation rate,523.0,85.5,0.0,0.0
CHEMBL5042543,rounded data citation,1.0,6.0,0.0,0.0
CHEMBL5042544,no issue,24.0,0.0,0.0,0.0
CHEMBL5042546,no issue,1.0,0.0,0.0,0.0
CHEMBL5042547,review,0.0,0.0,2.0,0.0
CHEMBL5042558,highly correlated assays,19.5,0.5,0.0,0.0
CHEMBL5046218,no issue,5.0,0.5,65.5,4.5
CHEMBL5046219,no issue,1.0,0.0,0.0,0.0
CHEMBL5046221,no issue,8.0,0.0,0.0,0.0
CHEMBL5046222,highly correlated assays,0.0,0.0,66.5,12.0
CHEMBL5046224,no issue,3.5,0.0,0.0,0.0
CHEMBL5046225,review,2.0,0.0,0.0,0.0
CHEMBL5046228,rounded data citation,870.0,72.0,0.0,0.0
CHEMBL5046229,highly correlated assays,18.0,3.0,0.0,0.0
CHEMBL5046238,exact data citation,0.0,0.0,40.0,548.5
CHEMBL5046239,no issue,0.0,0.0,2.5,0.0
CHEMBL5046241,no issue,67.5,5.0,0.0,0.0
CHEMBL5046253,review,4.5,0.0,0.0,0.0
CHEMBL5046255,review,1.0,1.5,0.0,0.0
CHEMBL5046262,no issue,12.0,0.0,0.0,0.0
CHEMBL5046266,highly correlated assays,0.0,1.5,0.0,0.0
CHEMBL5046267,no issue,3.5,0.0,0.0,0.0
CHEMBL5046268,highly correlated assays,0.0,0.0,292.0,0.0
CHEMBL5046271,review,1.0,1.0,0.0,0.0
CHEMBL5046273,highly correlated assays,5.0,0.0,0.0,0.0
CHEMBL5046276,highly correlated assays,346.0,56.0,0.0,0.0
CHEMBL5046278,rounded data citation,0.0,1.0,0.0,0.0
CHEMBL5046284,multiply activity for same test item,0.0,0.0,0.0,0.0
CHEMBL5046285,exact data citation,114.0,11.5,0.0,0.0
CHEMBL5046287,rounded data citation,5.0,0.0,0.0,0.0
CHEMBL5046288,no issue,0.0,24.0,0.0,0.0
CHEMBL5046291,shuffled assays,113.0,9.0,0.0,0.0
CHEMBL5046292,multifunctional enzyme,30.0,1.0,0.0,0.0
CHEMBL5046294,test Item with unknown chirality,0.0,0.0,4.5,0.0
CHEMBL5046298,rounded data citation,1.5,4.0,0.0,0.0
CHEMBL5046305,rounded data citation,12.0,0.0,0.0,0.0
CHEMBL5046321,no issue,168.0,0.0,0.0,0.0
CHEMBL5046322,no issue,3.0,0.0,0.0,0.0
CHEMBL5053481,no issue,1.0,0.0,0.0,0.0
CHEMBL5053485,multifunctional enzyme,11.5,2.5,0.0,0.0
CHEMBL5053487,highly correlated assays,142.5,0.0,0.0,0.0
CHEMBL5053493,no issue,18.0,0.0,0.0,0.0
CHEMBL5053495,highly correlated assays,0.0,0.0,469.0,108.0
CHEMBL5053503,no issue,0.0,0.0,45.5,0.0
CHEMBL5053510,highly correlated assays,1070.0,40.0,0.0,0.0
CHEMBL5053512,no issue,0.0,0.5,0.0,0.0
CHEMBL5053513,test Item with unknown chirality,0.0,0.0,0.0,0.0
CHEMBL5053518,no issue,0.0,0.0,1.5,0.0
CHEMBL5053519,no issue,377.5,6.0,0.0,0.0
CHEMBL5053520,highly correlated assays,28.0,0.0,0.0,0.0
CHEMBL5053521,no issue,0.0,0.0,1.0,0.5
CHEMBL5053527,exact data citation,0.0,0.0,9.0,0.0
CHEMBL5053529,no issue,6.0,5.0,0.0,0.0
CHEMBL5053534,no issue,21.5,4.5,0.0,0.0
CHEMBL5053535,review,1.0,0.0,0.0,0.0
CHEMBL5053536,no issue,28.5,5.0,0.0,0.0
CHEMBL5053542,no issue,0.0,0.0,10.5,0.0
CHEMBL5053549,no issue,1023.0,218.0,0.0,0.0
CHEMBL5053556,multifunctional enzyme,0.5,0.0,0.0,0.0
CHEMBL5053557,high citation rate,1006.0,210.0,0.0,0.0
CHEMBL5055616,no issue,0.0,11.5,0.0,0.0
CHEMBL5055621,highly correlated assays,40.5,0.0,1.0,0.0
CHEMBL5055622,review,85.5,45.0,0.0,0.0
CHEMBL5055623,no issue,1.0,15.0,0.0,0.0
CHEMBL5055640,test Item with unknown chirality,0.0,0.0,1.0,0.0
CHEMBL5055643,review,0.0,0.0,0.0,0.0
CHEMBL5055644,highly correlated assays,258.0,25.5,0.0,0.0
CHEMBL5055650,highly correlated assays,320.5,10.5,0.0,0.0
CHEMBL5055657,highly correlated assays,119.0,11.0,0.0,0.0
CHEMBL5055658,multifunctional enzyme,3.0,0.0,0.0,0.0
CHEMBL5055662,no issue,7.0,0.5,0.0,0.0
CHEMBL5055663,rounded data citation,0.0,0.0,67.5,70.0
CHEMBL5055668,exact data citation,4.5,0.5,0.0,0.0
CHEMBL5055672,no issue,13.0,0.0,0.0,0.0
CHEMBL5055674,no issue,24.0,11.0,0.0,0.0
CHEMBL5055677,no issue,0.0,1.0,0.0,0.0
CHEMBL5055678,exact data citation,5.5,0.0,0.0,0.0
CHEMBL5055679,no issue,168.0,12.5,0.0,0.0
CHEMBL5055685,no issue,374.0,152.5,0.0,0.0
CHEMBL5055686,exact data citation,6.0,0.0,0.0,0.0
