activity_id,molecule_chembl_id,assay_chembl_id,activity_comment,assay_description,assay_variant_accession,assay_variant_mutation,bao_format,bao_label,data_validity_comment,data_validity_description,document_chembl_id,pchembl_value,potential_duplicate,qudt_units,record_id,relation,src_assay_id,src_id,standard_relation,standard_units,type,units,value,standard_type,standard_value,lower_value,upper_value,activity_properties,action_type,properties_hash,pipeline_version,timestamp_utc,activity_chembl_id,bao_endpoint,compound_key,compound_name,log_value,molecule_pref_name,nstereo,salt_chembl_id,target_chembl_id
100743,CHEMBL68738,CHEMBL640781,,Inhibition of [3H]PIA binding to rat cortical adenosine A1 receptor,,,BAO_0000357,single protein format,,,CHEMBL1125345,9.23,1,http://www.openphacts.org/units/Nanomolar,254762,=,,1,=,nM,Ki,nM,0.59,Ki,0.59,0.59,0.59,"{""assay"":{""assay_chembl_id"":""CHEMBL640781"",""bao_format"":""BAO_0000357"",""bao_label"":""single protein format"",""description"":""Inhibition of [3H]PIA binding to rat cortical adenosine A1 receptor""},""effect_features"":{""allosteric"":false,""negative"":false,""positive"":false},""measurement"":{""kind"":""binding"",""lower_value"":0.59,""pchembl_value"":""9.23"",""qudt_units"":""http://www.openphacts.org/units/Nanomolar"",""relation"":""="",""type"":""Ki"",""units"":""nM"",""upper_value"":0.59,""value"":""0.59""}}",binding,4713c6430c7fb11bb9e8c21084d1b0d42ad49b39e91f182b0f95b33c96508484,0.1.3,2025-10-07T00:45:18.992320+00:00,100743,BAO_0000192,,N6-CYCLOPENTYLADENOSINE,9.23,N6-CYCLOPENTYLADENOSINE,,,CHEMBL318
104689,CHEMBL51,CHEMBL620714,,Binding affinity towards human 5-hydroxytryptamine 5A receptor was evaluated using [3H]-5-CT as radioligand,,,BAO_0000357,single protein format,,,CHEMBL1145819,4.70,0,http://www.openphacts.org/units/Nanomolar,175824,=,,1,=,nM,Ki,nM,20000.0,Ki,20000,20000,20000,"{""assay"":{""assay_chembl_id"":""CHEMBL620714"",""bao_format"":""BAO_0000357"",""bao_label"":""single protein format"",""description"":""Binding affinity towards human 5-hydroxytryptamine 5A receptor was evaluated using [3H]-5-CT as radioligand""},""effect_features"":{""allosteric"":false,""negative"":false,""positive"":false},""measurement"":{""kind"":""binding"",""lower_value"":20000.0,""pchembl_value"":""4.70"",""qudt_units"":""http://www.openphacts.org/units/Nanomolar"",""relation"":""="",""type"":""Ki"",""units"":""nM"",""upper_value"":20000.0,""value"":""20000.0""}}",binding,d104b1807ec75b0227a1e658ca9267e7ae15e15f49eb5cc2390389c29494029b,0.1.3,2025-10-07T00:45:18.992320+00:00,104689,BAO_0000192,,KETANSERIN,4.7,KETANSERIN,,,CHEMBL3426
108199,CHEMBL19019,CHEMBL757482,,Binding affinity was measured by the displacement of [3H]- DAMGO in guinea pig brain membrane of opioid receptor mu,,,BAO_0000249,cell membrane format,,,CHEMBL1124798,9.10,0,http://www.openphacts.org/units/Nanomolar,78787,=,,1,=,nM,Ki,nM,0.8,Ki,0.8,0.8,0.8,"{""assay"":{""assay_chembl_id"":""CHEMBL757482"",""bao_format"":""BAO_0000249"",""bao_label"":""cell membrane format"",""description"":""Binding affinity was measured by the displacement of [3H]- DAMGO in guinea pig brain membrane of opioid receptor mu""},""effect_features"":{""allosteric"":false,""negative"":false,""positive"":false},""measurement"":{""kind"":""binding"",""lower_value"":0.8,""pchembl_value"":""9.10"",""qudt_units"":""http://www.openphacts.org/units/Nanomolar"",""relation"":""="",""type"":""Ki"",""units"":""nM"",""upper_value"":0.8,""value"":""0.8""}}",binding,14c0bc1da5c5242da57b07cd024d8b62ec445794c5b161da24cc879f6420c4d6,0.1.3,2025-10-07T00:45:18.992320+00:00,108199,BAO_0000192,,NALTREXONE,9.1,NALTREXONE,,,CHEMBL4354
108200,CHEMBL19019,CHEMBL755521,,Binding affinity was measured by the displacement of [3H]- EK in guinea pig brain membrane of opioid receptor kappa,,,BAO_0000249,cell membrane format,,,CHEMBL1124798,7.70,0,http://www.openphacts.org/units/Nanomolar,78787,=,,1,=,nM,Ki,nM,20.0,Ki,20,20,20,"{""assay"":{""assay_chembl_id"":""CHEMBL755521"",""bao_format"":""BAO_0000249"",""bao_label"":""cell membrane format"",""description"":""Binding affinity was measured by the displacement of [3H]- EK in guinea pig brain membrane of opioid receptor kappa""},""effect_features"":{""allosteric"":false,""negative"":false,""positive"":false},""measurement"":{""kind"":""binding"",""lower_value"":20.0,""pchembl_value"":""7.70"",""qudt_units"":""http://www.openphacts.org/units/Nanomolar"",""relation"":""="",""type"":""Ki"",""units"":""nM"",""upper_value"":20.0,""value"":""20.0""}}",binding,87d7f99d0f0a380ce809babbf622428f3c0022d01c1f2464d89a91f9ff123ffd,0.1.3,2025-10-07T00:45:18.992320+00:00,108200,BAO_0000192,,NALTREXONE,7.7,NALTREXONE,,,CHEMBL3952
114904,CHEMBL514693,CHEMBL757482,,Binding affinity was measured by the displacement of [3H]- DAMGO in guinea pig brain membrane of opioid receptor mu,,,BAO_0000249,cell membrane format,,,CHEMBL1124798,6.26,0,http://www.openphacts.org/units/Nanomolar,78781,=,,1,=,nM,Ki,nM,550.0,Ki,550,550,550,"{""assay"":{""assay_chembl_id"":""CHEMBL757482"",""bao_format"":""BAO_0000249"",""bao_label"":""cell membrane format"",""description"":""Binding affinity was measured by the displacement of [3H]- DAMGO in guinea pig brain membrane of opioid receptor mu""},""effect_features"":{""allosteric"":false,""negative"":false,""positive"":false},""measurement"":{""kind"":""binding"",""lower_value"":550.0,""pchembl_value"":""6.26"",""qudt_units"":""http://www.openphacts.org/units/Nanomolar"",""relation"":""="",""type"":""Ki"",""units"":""nM"",""upper_value"":550.0,""value"":""550.0""}}",binding,e2a78eb9bee3ec52dfd74f735f6560134744ca1930acf81a218c80ca2bf9991a,0.1.3,2025-10-07T00:45:18.992320+00:00,114904,BAO_0000192,,,6.26,,,,CHEMBL4354
117482,CHEMBL477154,CHEMBL757482,,Binding affinity was measured by the displacement of [3H]- DAMGO in guinea pig brain membrane of opioid receptor mu,,,BAO_0000249,cell membrane format,,,CHEMBL1124798,7.85,0,http://www.openphacts.org/units/Nanomolar,78788,=,,1,=,nM,Ki,nM,14.0,Ki,14,14,14,"{""assay"":{""assay_chembl_id"":""CHEMBL757482"",""bao_format"":""BAO_0000249"",""bao_label"":""cell membrane format"",""description"":""Binding affinity was measured by the displacement of [3H]- DAMGO in guinea pig brain membrane of opioid receptor mu""},""effect_features"":{""allosteric"":false,""negative"":false,""positive"":false},""measurement"":{""kind"":""binding"",""lower_value"":14.0,""pchembl_value"":""7.85"",""qudt_units"":""http://www.openphacts.org/units/Nanomolar"",""relation"":""="",""type"":""Ki"",""units"":""nM"",""upper_value"":14.0,""value"":""14.0""}}",binding,d00f5d266fc1d7e8426e7390330f5f9a097d5749a9266ca54415dff2ff52688c,0.1.3,2025-10-07T00:45:18.992320+00:00,117482,BAO_0000192,,,7.85,,,,CHEMBL4354
117483,CHEMBL477154,CHEMBL755521,,Binding affinity was measured by the displacement of [3H]- EK in guinea pig brain membrane of opioid receptor kappa,,,BAO_0000249,cell membrane format,,,CHEMBL1124798,7.19,0,http://www.openphacts.org/units/Nanomolar,78788,=,,1,=,nM,Ki,nM,65.0,Ki,65,65,65,"{""assay"":{""assay_chembl_id"":""CHEMBL755521"",""bao_format"":""BAO_0000249"",""bao_label"":""cell membrane format"",""description"":""Binding affinity was measured by the displacement of [3H]- EK in guinea pig brain membrane of opioid receptor kappa""},""effect_features"":{""allosteric"":false,""negative"":false,""positive"":false},""measurement"":{""kind"":""binding"",""lower_value"":65.0,""pchembl_value"":""7.19"",""qudt_units"":""http://www.openphacts.org/units/Nanomolar"",""relation"":""="",""type"":""Ki"",""units"":""nM"",""upper_value"":65.0,""value"":""65.0""}}",binding,a26c5c1eac345832402d7ec508b3480e67cc3e226e79cfee66198a71d2fd76e4,0.1.3,2025-10-07T00:45:18.992320+00:00,117483,BAO_0000192,,,7.19,,,,CHEMBL3952
119814,CHEMBL606872,CHEMBL752955,,Binding affinity was measured by the displacement of [3H]- DAMGO in guinea pig brain membrane of Opioid receptor mu 1,,,BAO_0000249,cell membrane format,,,CHEMBL1124798,6.98,0,http://www.openphacts.org/units/Nanomolar,78763,=,,1,=,nM,Ki,nM,104.0,Ki,104,104,104,"{""assay"":{""assay_chembl_id"":""CHEMBL752955"",""bao_format"":""BAO_0000249"",""bao_label"":""cell membrane format"",""description"":""Binding affinity was measured by the displacement of [3H]- DAMGO in guinea pig brain membrane of Opioid receptor mu 1""},""effect_features"":{""allosteric"":false,""negative"":false,""positive"":false},""measurement"":{""kind"":""binding"",""lower_value"":104.0,""pchembl_value"":""6.98"",""qudt_units"":""http://www.openphacts.org/units/Nanomolar"",""relation"":""="",""type"":""Ki"",""units"":""nM"",""upper_value"":104.0,""value"":""104.0""}}",binding,b5ff4ee440d1a7a1add1a60c689bc88cb064b26bd410f9ea432c1b54e879b2a0,0.1.3,2025-10-07T00:45:18.992320+00:00,119814,BAO_0000192,,,6.98,,,,CHEMBL4354
119815,CHEMBL606872,CHEMBL753838,,Binding affinity was measured by the displacement of [3H]- EK in guinea pig brain membrane of Opioid receptor kappa 1,,,BAO_0000249,cell membrane format,,,CHEMBL1124798,6.49,0,http://www.openphacts.org/units/Nanomolar,78763,=,,1,=,nM,Ki,nM,321.0,Ki,321,321,321,"{""assay"":{""assay_chembl_id"":""CHEMBL753838"",""bao_format"":""BAO_0000249"",""bao_label"":""cell membrane format"",""description"":""Binding affinity was measured by the displacement of [3H]- EK in guinea pig brain membrane of Opioid receptor kappa 1""},""effect_features"":{""allosteric"":false,""negative"":false,""positive"":false},""measurement"":{""kind"":""binding"",""lower_value"":321.0,""pchembl_value"":""6.49"",""qudt_units"":""http://www.openphacts.org/units/Nanomolar"",""relation"":""="",""type"":""Ki"",""units"":""nM"",""upper_value"":321.0,""value"":""321.0""}}",binding,8e115299150be97f058b85b86164cd6d0519066549db138ceb7f33072b951a12,0.1.3,2025-10-07T00:45:18.992320+00:00,119815,BAO_0000192,,,6.49,,,,CHEMBL3952
126350,CHEMBL22776,CHEMBL666491,,Inhibition constant for displacement of [3H]-LTD4 on guinea pig lung parenchymal membranes.,,,BAO_0000221,tissue-based format,,,CHEMBL1124803,8.30,1,http://www.openphacts.org/units/Nanomolar,85462,=,,1,=,nM,Ki,nM,5.0,Ki,5,5,5,"{""assay"":{""assay_chembl_id"":""CHEMBL666491"",""bao_format"":""BAO_0000221"",""bao_label"":""tissue-based format"",""description"":""Inhibition constant for displacement of [3H]-LTD4 on guinea pig lung parenchymal membranes.""},""effect_features"":{""allosteric"":false,""negative"":false,""positive"":false},""measurement"":{""kind"":""binding"",""lower_value"":5.0,""pchembl_value"":""8.30"",""qudt_units"":""http://www.openphacts.org/units/Nanomolar"",""relation"":""="",""type"":""Ki"",""units"":""nM"",""upper_value"":5.0,""value"":""5.0""}}",binding,eddd841b216989021a0528cff796beda506036d0a9923c6fe2f4663e29d62027,0.1.3,2025-10-07T00:45:18.992320+00:00,126350,BAO_0000192,,POBILUKAST,8.3,POBILUKAST,,,CHEMBL5645
133789,CHEMBL401093,CHEMBL752955,,Binding affinity was measured by the displacement of [3H]- DAMGO in guinea pig brain membrane of Opioid receptor mu 1,,,BAO_0000249,cell membrane format,,,CHEMBL1124798,6.33,0,http://www.openphacts.org/units/Nanomolar,78762,=,,1,=,nM,Ki,nM,468.0,Ki,468,468,468,"{""assay"":{""assay_chembl_id"":""CHEMBL752955"",""bao_format"":""BAO_0000249"",""bao_label"":""cell membrane format"",""description"":""Binding affinity was measured by the displacement of [3H]- DAMGO in guinea pig brain membrane of Opioid receptor mu 1""},""effect_features"":{""allosteric"":false,""negative"":false,""positive"":false},""measurement"":{""kind"":""binding"",""lower_value"":468.0,""pchembl_value"":""6.33"",""qudt_units"":""http://www.openphacts.org/units/Nanomolar"",""relation"":""="",""type"":""Ki"",""units"":""nM"",""upper_value"":468.0,""value"":""468.0""}}",binding,81c0bf5e4a256c3af764824f220ca9911c910d76db105d3e5d39fb4d0f2c92cb,0.1.3,2025-10-07T00:45:18.992320+00:00,133789,BAO_0000192,,OXYMORPHINDOLE,6.33,OXYMORPHINDOLE,,,CHEMBL4354
133790,CHEMBL401093,CHEMBL753838,,Binding affinity was measured by the displacement of [3H]- EK in guinea pig brain membrane of Opioid receptor kappa 1,,,BAO_0000249,cell membrane format,,,CHEMBL1124798,5.35,0,http://www.openphacts.org/units/Nanomolar,78762,=,,1,=,nM,Ki,nM,4467.0,Ki,4467,4467,4467,"{""assay"":{""assay_chembl_id"":""CHEMBL753838"",""bao_format"":""BAO_0000249"",""bao_label"":""cell membrane format"",""description"":""Binding affinity was measured by the displacement of [3H]- EK in guinea pig brain membrane of Opioid receptor kappa 1""},""effect_features"":{""allosteric"":false,""negative"":false,""positive"":false},""measurement"":{""kind"":""binding"",""lower_value"":4467.0,""pchembl_value"":""5.35"",""qudt_units"":""http://www.openphacts.org/units/Nanomolar"",""relation"":""="",""type"":""Ki"",""units"":""nM"",""upper_value"":4467.0,""value"":""4467.0""}}",binding,01b8abdc1c2eca889672a269d2f196bf607029eb4b66ec990fe9b3f3383c1d5b,0.1.3,2025-10-07T00:45:18.992320+00:00,133790,BAO_0000192,,OXYMORPHINDOLE,5.35,OXYMORPHINDOLE,,,CHEMBL3952
137340,CHEMBL610526,CHEMBL752955,,Binding affinity was measured by the displacement of [3H]- DAMGO in guinea pig brain membrane of Opioid receptor mu 1,,,BAO_0000249,cell membrane format,,,CHEMBL1124798,7.80,0,http://www.openphacts.org/units/Nanomolar,78752,=,,1,=,nM,Ki,nM,16.0,Ki,16,16,16,"{""assay"":{""assay_chembl_id"":""CHEMBL752955"",""bao_format"":""BAO_0000249"",""bao_label"":""cell membrane format"",""description"":""Binding affinity was measured by the displacement of [3H]- DAMGO in guinea pig brain membrane of Opioid receptor mu 1""},""effect_features"":{""allosteric"":false,""negative"":false,""positive"":false},""measurement"":{""kind"":""binding"",""lower_value"":16.0,""pchembl_value"":""7.80"",""qudt_units"":""http://www.openphacts.org/units/Nanomolar"",""relation"":""="",""type"":""Ki"",""units"":""nM"",""upper_value"":16.0,""value"":""16.0""}}",binding,c83c947e3812ab4f54f998971bede14f87698eac9d175db171aef7671600c093,0.1.3,2025-10-07T00:45:18.992320+00:00,137340,BAO_0000192,,,7.8,,,,CHEMBL4354
137341,CHEMBL610526,CHEMBL753838,,Binding affinity was measured by the displacement of [3H]- EK in guinea pig brain membrane of Opioid receptor kappa 1,,,BAO_0000249,cell membrane format,,,CHEMBL1124798,7.37,0,http://www.openphacts.org/units/Nanomolar,78752,=,,1,=,nM,Ki,nM,43.0,Ki,43,43,43,"{""assay"":{""assay_chembl_id"":""CHEMBL753838"",""bao_format"":""BAO_0000249"",""bao_label"":""cell membrane format"",""description"":""Binding affinity was measured by the displacement of [3H]- EK in guinea pig brain membrane of Opioid receptor kappa 1""},""effect_features"":{""allosteric"":false,""negative"":false,""positive"":false},""measurement"":{""kind"":""binding"",""lower_value"":43.0,""pchembl_value"":""7.37"",""qudt_units"":""http://www.openphacts.org/units/Nanomolar"",""relation"":""="",""type"":""Ki"",""units"":""nM"",""upper_value"":43.0,""value"":""43.0""}}",binding,96d6314e3624f8217ae4cf25f101213a56f66cc0261f8e8be090b69e2d7ee989,0.1.3,2025-10-07T00:45:18.992320+00:00,137341,BAO_0000192,,,7.37,,,,CHEMBL3952
139451,CHEMBL142380,CHEMBL650301,,"Inhibition of [125I]angiotensin binding to a guinea pig adrenal membrane preparation which corresponds to Angiotensin II receptor, type 1",,,BAO_0000019,assay format,,,CHEMBL1126656,7.80,1,http://www.openphacts.org/units/Nanomolar,29881,=,,1,=,nM,IC50,uM,0.016,IC50,16,16,16,"{""assay"":{""assay_chembl_id"":""CHEMBL650301"",""bao_format"":""BAO_0000019"",""bao_label"":""assay format"",""description"":""Inhibition of [125I]angiotensin binding to a guinea pig adrenal membrane preparation which corresponds to Angiotensin II receptor, type 1""},""effect_features"":{""allosteric"":false,""negative"":false,""positive"":false},""measurement"":{""kind"":""inhibition"",""lower_value"":16.0,""pchembl_value"":""7.80"",""qudt_units"":""http://www.openphacts.org/units/Nanomolar"",""relation"":""="",""type"":""IC50"",""units"":""nM"",""upper_value"":16.0,""value"":""16.0""}}",inhibition,9cc4db84c7d67c3066c26960acc981aed66ee4f2e4b5a8d73a76424836272c05,0.1.3,2025-10-07T00:45:18.992320+00:00,139451,BAO_0000190,,,7.8,,,,CHEMBL1671613
139837,CHEMBL610009,CHEMBL752955,,Binding affinity was measured by the displacement of [3H]- DAMGO in guinea pig brain membrane of Opioid receptor mu 1,,,BAO_0000249,cell membrane format,,,CHEMBL1124798,7.54,0,http://www.openphacts.org/units/Nanomolar,78755,=,,1,=,nM,Ki,nM,29.0,Ki,29,29,29,"{""assay"":{""assay_chembl_id"":""CHEMBL752955"",""bao_format"":""BAO_0000249"",""bao_label"":""cell membrane format"",""description"":""Binding affinity was measured by the displacement of [3H]- DAMGO in guinea pig brain membrane of Opioid receptor mu 1""},""effect_features"":{""allosteric"":false,""negative"":false,""positive"":false},""measurement"":{""kind"":""binding"",""lower_value"":29.0,""pchembl_value"":""7.54"",""qudt_units"":""http://www.openphacts.org/units/Nanomolar"",""relation"":""="",""type"":""Ki"",""units"":""nM"",""upper_value"":29.0,""value"":""29.0""}}",binding,28a601a4a4d30eb4f78cbc70a6b952ce65e5563c787bbb9773abb312a2b976b9,0.1.3,2025-10-07T00:45:18.992320+00:00,139837,BAO_0000192,,,7.54,,,,CHEMBL4354
139838,CHEMBL610009,CHEMBL753838,,Binding affinity was measured by the displacement of [3H]- EK in guinea pig brain membrane of Opioid receptor kappa 1,,,BAO_0000249,cell membrane format,,,CHEMBL1124798,6.48,0,http://www.openphacts.org/units/Nanomolar,78755,=,,1,=,nM,Ki,nM,333.0,Ki,333,333,333,"{""assay"":{""assay_chembl_id"":""CHEMBL753838"",""bao_format"":""BAO_0000249"",""bao_label"":""cell membrane format"",""description"":""Binding affinity was measured by the displacement of [3H]- EK in guinea pig brain membrane of Opioid receptor kappa 1""},""effect_features"":{""allosteric"":false,""negative"":false,""positive"":false},""measurement"":{""kind"":""binding"",""lower_value"":333.0,""pchembl_value"":""6.48"",""qudt_units"":""http://www.openphacts.org/units/Nanomolar"",""relation"":""="",""type"":""Ki"",""units"":""nM"",""upper_value"":333.0,""value"":""333.0""}}",binding,2cb5992830f5cf73eb8e543a59b86536b96c98af2e91e55ee5605f85aa266205,0.1.3,2025-10-07T00:45:18.992320+00:00,139838,BAO_0000192,,,6.48,,,,CHEMBL3952
140537,CHEMBL284536,CHEMBL650301,,"Inhibition of [125I]angiotensin binding to a guinea pig adrenal membrane preparation which corresponds to Angiotensin II receptor, type 1",,,BAO_0000019,assay format,,,CHEMBL1126656,7.51,1,http://www.openphacts.org/units/Nanomolar,29877,=,,1,=,nM,IC50,uM,0.031,IC50,31,31,31,"{""assay"":{""assay_chembl_id"":""CHEMBL650301"",""bao_format"":""BAO_0000019"",""bao_label"":""assay format"",""description"":""Inhibition of [125I]angiotensin binding to a guinea pig adrenal membrane preparation which corresponds to Angiotensin II receptor, type 1""},""effect_features"":{""allosteric"":false,""negative"":false,""positive"":false},""measurement"":{""kind"":""inhibition"",""lower_value"":31.0,""pchembl_value"":""7.51"",""qudt_units"":""http://www.openphacts.org/units/Nanomolar"",""relation"":""="",""type"":""IC50"",""units"":""nM"",""upper_value"":31.0,""value"":""31.0""}}",inhibition,8831c42a4cd87b9205455a9cc349d67888df81b83efc510a93bbc411038b01cf,0.1.3,2025-10-07T00:45:18.992320+00:00,140537,BAO_0000190,,,7.51,,,,CHEMBL1671613
140960,CHEMBL567175,CHEMBL753838,,Binding affinity was measured by the displacement of [3H]- EK in guinea pig brain membrane of Opioid receptor kappa 1,,,BAO_0000249,cell membrane format,,,CHEMBL1124798,6.48,0,http://www.openphacts.org/units/Nanomolar,78745,=,,1,=,nM,Ki,nM,332.0,Ki,332,332,332,"{""assay"":{""assay_chembl_id"":""CHEMBL753838"",""bao_format"":""BAO_0000249"",""bao_label"":""cell membrane format"",""description"":""Binding affinity was measured by the displacement of [3H]- EK in guinea pig brain membrane of Opioid receptor kappa 1""},""effect_features"":{""allosteric"":false,""negative"":false,""positive"":false},""measurement"":{""kind"":""binding"",""lower_value"":332.0,""pchembl_value"":""6.48"",""qudt_units"":""http://www.openphacts.org/units/Nanomolar"",""relation"":""="",""type"":""Ki"",""units"":""nM"",""upper_value"":332.0,""value"":""332.0""}}",binding,5af07ca932a293bcf86f49f58959994ee76ec84fdc064eec1cc7cc5a5124d2a7,0.1.3,2025-10-07T00:45:18.992320+00:00,140960,BAO_0000192,,NALTRINDOLE,6.48,NALTRINDOLE,,,CHEMBL3952
141073,CHEMBL108753,CHEMBL641297,,Binding affinity for adenosine A2A receptor as displacement of [3H]-CGS- 21680 from rat striatal membranes,,,BAO_0000249,cell membrane format,,,CHEMBL1131608,5.62,1,http://www.openphacts.org/units/Nanomolar,204586,=,,1,=,nM,Ki,uM,2.4,Ki,2400,2400,2400,"{""assay"":{""assay_chembl_id"":""CHEMBL641297"",""bao_format"":""BAO_0000249"",""bao_label"":""cell membrane format"",""description"":""Binding affinity for adenosine A2A receptor as displacement of [3H]-CGS- 21680 from rat striatal membranes""},""effect_features"":{""allosteric"":false,""negative"":false,""positive"":false},""measurement"":{""kind"":""binding"",""lower_value"":2400.0,""pchembl_value"":""5.62"",""qudt_units"":""http://www.openphacts.org/units/Nanomolar"",""relation"":""="",""type"":""Ki"",""units"":""nM"",""upper_value"":2400.0,""value"":""2400.0""}}",binding,67c1f4635d8c666e39eb5c80306235aece74ff8186e744e3419b947f3d39c2a1,0.1.3,2025-10-07T00:45:18.992320+00:00,141073,BAO_0000192,,,5.62,,,,CHEMBL302
142301,CHEMBL610015,CHEMBL757482,,Binding affinity was measured by the displacement of [3H]- DAMGO in guinea pig brain membrane of opioid receptor mu,,,BAO_0000249,cell membrane format,,,CHEMBL1124798,8.77,0,http://www.openphacts.org/units/Nanomolar,78771,=,,1,=,nM,Ki,nM,1.7,Ki,1.7,1.7,1.7,"{""assay"":{""assay_chembl_id"":""CHEMBL757482"",""bao_format"":""BAO_0000249"",""bao_label"":""cell membrane format"",""description"":""Binding affinity was measured by the displacement of [3H]- DAMGO in guinea pig brain membrane of opioid receptor mu""},""effect_features"":{""allosteric"":false,""negative"":false,""positive"":false},""measurement"":{""kind"":""binding"",""lower_value"":1.7,""pchembl_value"":""8.77"",""qudt_units"":""http://www.openphacts.org/units/Nanomolar"",""relation"":""="",""type"":""Ki"",""units"":""nM"",""upper_value"":1.7,""value"":""1.7""}}",binding,c3effe5cea167047124b1c5237b1df055bc9b9c5b6b34b8749e1f296669239f6,0.1.3,2025-10-07T00:45:18.992320+00:00,142301,BAO_0000192,,,8.77,,,,CHEMBL4354
142302,CHEMBL610015,CHEMBL755521,,Binding affinity was measured by the displacement of [3H]- EK in guinea pig brain membrane of opioid receptor kappa,,,BAO_0000249,cell membrane format,,,CHEMBL1124798,7.82,0,http://www.openphacts.org/units/Nanomolar,78771,=,,1,=,nM,Ki,nM,15.0,Ki,15,15,15,"{""assay"":{""assay_chembl_id"":""CHEMBL755521"",""bao_format"":""BAO_0000249"",""bao_label"":""cell membrane format"",""description"":""Binding affinity was measured by the displacement of [3H]- EK in guinea pig brain membrane of opioid receptor kappa""},""effect_features"":{""allosteric"":false,""negative"":false,""positive"":false},""measurement"":{""kind"":""binding"",""lower_value"":15.0,""pchembl_value"":""7.82"",""qudt_units"":""http://www.openphacts.org/units/Nanomolar"",""relation"":""="",""type"":""Ki"",""units"":""nM"",""upper_value"":15.0,""value"":""15.0""}}",binding,6137e1dfce62bbc2555d186f97c8ce18d0cb9c8cb7133b1e99ee038406ccc5cc,0.1.3,2025-10-07T00:45:18.992320+00:00,142302,BAO_0000192,,,7.82,,,,CHEMBL3952
143013,CHEMBL191,CHEMBL650301,,"Inhibition of [125I]angiotensin binding to a guinea pig adrenal membrane preparation which corresponds to Angiotensin II receptor, type 1",,,BAO_0000019,assay format,,,CHEMBL1126656,7.75,0,http://www.openphacts.org/units/Nanomolar,29855,=,,1,=,nM,IC50,uM,0.018,IC50,18,18,18,"{""assay"":{""assay_chembl_id"":""CHEMBL650301"",""bao_format"":""BAO_0000019"",""bao_label"":""assay format"",""description"":""Inhibition of [125I]angiotensin binding to a guinea pig adrenal membrane preparation which corresponds to Angiotensin II receptor, type 1""},""effect_features"":{""allosteric"":false,""negative"":false,""positive"":false},""measurement"":{""kind"":""inhibition"",""lower_value"":18.0,""pchembl_value"":""7.75"",""qudt_units"":""http://www.openphacts.org/units/Nanomolar"",""relation"":""="",""type"":""IC50"",""units"":""nM"",""upper_value"":18.0,""value"":""18.0""}}",inhibition,f1281532ce9c1fc41a600df3b5c87e7c4407e9c55862d45f70a52be3847e9028,0.1.3,2025-10-07T00:45:18.992320+00:00,143013,BAO_0000190,,LOSARTAN,7.75,LOSARTAN,,,CHEMBL1671613
143571,CHEMBL610529,CHEMBL757482,,Binding affinity was measured by the displacement of [3H]- DAMGO in guinea pig brain membrane of opioid receptor mu,,,BAO_0000249,cell membrane format,,,CHEMBL1124798,7.31,0,http://www.openphacts.org/units/Nanomolar,78792,=,,1,=,nM,Ki,nM,49.0,Ki,49,49,49,"{""assay"":{""assay_chembl_id"":""CHEMBL757482"",""bao_format"":""BAO_0000249"",""bao_label"":""cell membrane format"",""description"":""Binding affinity was measured by the displacement of [3H]- DAMGO in guinea pig brain membrane of opioid receptor mu""},""effect_features"":{""allosteric"":false,""negative"":false,""positive"":false},""measurement"":{""kind"":""binding"",""lower_value"":49.0,""pchembl_value"":""7.31"",""qudt_units"":""http://www.openphacts.org/units/Nanomolar"",""relation"":""="",""type"":""Ki"",""units"":""nM"",""upper_value"":49.0,""value"":""49.0""}}",binding,5547b5a308dcfa66e4661a03709cbc72d4e4bd7a758863af601dc8a6d5090ec0,0.1.3,2025-10-07T00:45:18.992320+00:00,143571,BAO_0000192,,,7.31,,,,CHEMBL4354
143572,CHEMBL610529,CHEMBL755521,,Binding affinity was measured by the displacement of [3H]- EK in guinea pig brain membrane of opioid receptor kappa,,,BAO_0000249,cell membrane format,,,CHEMBL1124798,6.49,0,http://www.openphacts.org/units/Nanomolar,78792,=,,1,=,nM,Ki,nM,321.0,Ki,321,321,321,"{""assay"":{""assay_chembl_id"":""CHEMBL755521"",""bao_format"":""BAO_0000249"",""bao_label"":""cell membrane format"",""description"":""Binding affinity was measured by the displacement of [3H]- EK in guinea pig brain membrane of opioid receptor kappa""},""effect_features"":{""allosteric"":false,""negative"":false,""positive"":false},""measurement"":{""kind"":""binding"",""lower_value"":321.0,""pchembl_value"":""6.49"",""qudt_units"":""http://www.openphacts.org/units/Nanomolar"",""relation"":""="",""type"":""Ki"",""units"":""nM"",""upper_value"":321.0,""value"":""321.0""}}",binding,81d42a999762f94c05d4ec82d6e81a8317845c1cac821e253b899eb5977aa467,0.1.3,2025-10-07T00:45:18.992320+00:00,143572,BAO_0000192,,,6.49,,,,CHEMBL3952
144590,CHEMBL609744,CHEMBL757482,,Binding affinity was measured by the displacement of [3H]- DAMGO in guinea pig brain membrane of opioid receptor mu,,,BAO_0000249,cell membrane format,,,CHEMBL1124798,7.55,0,http://www.openphacts.org/units/Nanomolar,78783,=,,1,=,nM,Ki,nM,28.0,Ki,28,28,28,"{""assay"":{""assay_chembl_id"":""CHEMBL757482"",""bao_format"":""BAO_0000249"",""bao_label"":""cell membrane format"",""description"":""Binding affinity was measured by the displacement of [3H]- DAMGO in guinea pig brain membrane of opioid receptor mu""},""effect_features"":{""allosteric"":false,""negative"":false,""positive"":false},""measurement"":{""kind"":""binding"",""lower_value"":28.0,""pchembl_value"":""7.55"",""qudt_units"":""http://www.openphacts.org/units/Nanomolar"",""relation"":""="",""type"":""Ki"",""units"":""nM"",""upper_value"":28.0,""value"":""28.0""}}",binding,2c0ccb78807119a2e53ca5a3f09a847f0268316cd69264825aeb3e109390303a,0.1.3,2025-10-07T00:45:18.992320+00:00,144590,BAO_0000192,,,7.55,,,,CHEMBL4354
144591,CHEMBL609744,CHEMBL755521,,Binding affinity was measured by the displacement of [3H]- EK in guinea pig brain membrane of opioid receptor kappa,,,BAO_0000249,cell membrane format,,,CHEMBL1124798,6.13,0,http://www.openphacts.org/units/Nanomolar,78783,=,,1,=,nM,Ki,nM,746.0,Ki,746,746,746,"{""assay"":{""assay_chembl_id"":""CHEMBL755521"",""bao_format"":""BAO_0000249"",""bao_label"":""cell membrane format"",""description"":""Binding affinity was measured by the displacement of [3H]- EK in guinea pig brain membrane of opioid receptor kappa""},""effect_features"":{""allosteric"":false,""negative"":false,""positive"":false},""measurement"":{""kind"":""binding"",""lower_value"":746.0,""pchembl_value"":""6.13"",""qudt_units"":""http://www.openphacts.org/units/Nanomolar"",""relation"":""="",""type"":""Ki"",""units"":""nM"",""upper_value"":746.0,""value"":""746.0""}}",binding,366331deec89c955be4c7bf59ec344e5ebba66eadd38a48be30eeba3b96ef763,0.1.3,2025-10-07T00:45:18.992320+00:00,144591,BAO_0000192,,,6.13,,,,CHEMBL3952
146540,CHEMBL7303,CHEMBL747481,,Inhibition of [3H]- quinuclidinyl benzilate binding to human Muscarinic acetylcholine receptor M2 expressed in CHO cell membrane,,,BAO_0000219,cell-based format,,,CHEMBL1133759,7.40,1,http://www.openphacts.org/units/Nanomolar,151380,=,,1,=,nM,Ki,uM,0.04,Ki,40,40,40,"{""assay"":{""assay_chembl_id"":""CHEMBL747481"",""bao_format"":""BAO_0000219"",""bao_label"":""cell-based format"",""description"":""Inhibition of [3H]- quinuclidinyl benzilate binding to human Muscarinic acetylcholine receptor M2 expressed in CHO cell membrane""},""effect_features"":{""allosteric"":false,""negative"":false,""positive"":false},""measurement"":{""kind"":""binding"",""lower_value"":40.0,""pchembl_value"":""7.40"",""qudt_units"":""http://www.openphacts.org/units/Nanomolar"",""relation"":""="",""type"":""Ki"",""units"":""nM"",""upper_value"":40.0,""value"":""40.0""}}",binding,6375087ee1175538c45fc73e87aa174a5a2598daca908b72b9cf914915c113d7,0.1.3,2025-10-07T00:45:18.992320+00:00,146540,BAO_0000192,,ARECOLINE,7.4,ARECOLINE,,,CHEMBL211
146544,CHEMBL7303,CHEMBL749864,,Inhibition of [3H]- quinuclidinyl benzilate binding to Muscarinic acetylcholine receptor M4 expressed in CHO cell membranes,,,BAO_0000219,cell-based format,,,CHEMBL1133759,5.62,1,http://www.openphacts.org/units/Nanomolar,151380,=,,1,=,nM,Ki,uM,2.4,Ki,2400,2400,2400,"{""assay"":{""assay_chembl_id"":""CHEMBL749864"",""bao_format"":""BAO_0000219"",""bao_label"":""cell-based format"",""description"":""Inhibition of [3H]- quinuclidinyl benzilate binding to Muscarinic acetylcholine receptor M4 expressed in CHO cell membranes""},""effect_features"":{""allosteric"":false,""negative"":false,""positive"":false},""measurement"":{""kind"":""binding"",""lower_value"":2400.0,""pchembl_value"":""5.62"",""qudt_units"":""http://www.openphacts.org/units/Nanomolar"",""relation"":""="",""type"":""Ki"",""units"":""nM"",""upper_value"":2400.0,""value"":""2400.0""}}",binding,4e8e14528f5d3260b3fca8ff6932a809bb5b5cfb72db57e6350ac6cd11304d7b,0.1.3,2025-10-07T00:45:18.992320+00:00,146544,BAO_0000192,,ARECOLINE,5.62,ARECOLINE,,,CHEMBL1821
146994,CHEMBL52330,CHEMBL807955,,Displacement of [125I]-labeled SP from the human Tachykinin receptor 1 expressed in CHO cells,,,BAO_0000219,cell-based format,,,CHEMBL1131179,10.05,1,http://www.openphacts.org/units/Nanomolar,274191,=,,1,=,nM,IC50,nM,0.09,IC50,0.09,0.09,0.09,"{""assay"":{""assay_chembl_id"":""CHEMBL807955"",""bao_format"":""BAO_0000219"",""bao_label"":""cell-based format"",""description"":""Displacement of [125I]-labeled SP from the human Tachykinin receptor 1 expressed in CHO cells""},""effect_features"":{""allosteric"":false,""negative"":false,""positive"":false},""measurement"":{""kind"":""inhibition"",""lower_value"":0.09,""pchembl_value"":""10.05"",""qudt_units"":""http://www.openphacts.org/units/Nanomolar"",""relation"":""="",""type"":""IC50"",""units"":""nM"",""upper_value"":0.09,""value"":""0.09""}}",inhibition,f3f805f706b1b78da484cf1e7b2f35f613776fe26c520512cbe202f025cf17dc,0.1.3,2025-10-07T00:45:18.992320+00:00,146994,BAO_0000190,,,10.05,,,,CHEMBL249
147890,CHEMBL274855,CHEMBL641070,,Binding affinity for adenosine A1 receptor using [3H]PIA in rat brain cortical membrane,,,BAO_0000249,cell membrane format,,,CHEMBL1137083,7.17,1,http://www.openphacts.org/units/Nanomolar,4851,=,,1,=,nM,Ki,nM,67.0,Ki,67,67,67,"{""assay"":{""assay_chembl_id"":""CHEMBL641070"",""bao_format"":""BAO_0000249"",""bao_label"":""cell membrane format"",""description"":""Binding affinity for adenosine A1 receptor using [3H]PIA in rat brain cortical membrane""},""effect_features"":{""allosteric"":false,""negative"":false,""positive"":false},""measurement"":{""kind"":""binding"",""lower_value"":67.0,""pchembl_value"":""7.17"",""qudt_units"":""http://www.openphacts.org/units/Nanomolar"",""relation"":""="",""type"":""Ki"",""units"":""nM"",""upper_value"":67.0,""value"":""67.0""}}",binding,4ea993ce2c3db26dc02340acba29198d32aea6af50cb75afc5221e17b12fd580,0.1.3,2025-10-07T00:45:18.992320+00:00,147890,BAO_0000192,,,7.17,,,,CHEMBL318
148067,CHEMBL183,CHEMBL642987,,Binding affinity towards adenosine A1 receptor in rat whole brain membranes using N6-[3H]cyclohexyladenosine,,,BAO_0000249,cell membrane format,,,CHEMBL1125524,9.34,1,http://www.openphacts.org/units/Nanomolar,194953,=,,1,=,nM,Ki,nM,0.46,Ki,0.46,0.46,0.46,"{""assay"":{""assay_chembl_id"":""CHEMBL642987"",""bao_format"":""BAO_0000249"",""bao_label"":""cell membrane format"",""description"":""Binding affinity towards adenosine A1 receptor in rat whole brain membranes using N6-[3H]cyclohexyladenosine""},""effect_features"":{""allosteric"":false,""negative"":false,""positive"":false},""measurement"":{""kind"":""binding"",""lower_value"":0.46,""pchembl_value"":""9.34"",""qudt_units"":""http://www.openphacts.org/units/Nanomolar"",""relation"":""="",""type"":""Ki"",""units"":""nM"",""upper_value"":0.46,""value"":""0.46""}}",binding,7b698cf33a2a6f7d5d5ae87482cd3b4191e4411e5220b4aa0d39833f7061d239,0.1.3,2025-10-07T00:45:18.992320+00:00,148067,BAO_0000192,,"1,3-DIPROPYL-8-CYCLOPENTYLXANTHINE [DPCPX]",9.34,"1,3-DIPROPYL-8-CYCLOPENTYLXANTHINE [DPCPX]",,,CHEMBL318
148678,CHEMBL56585,CHEMBL751213,,Binding affinity towards guinea pig Opioid receptor mu 1 using radioligand [3H]DAMGO,,,BAO_0000357,single protein format,,,CHEMBL1134717,9.49,0,http://www.openphacts.org/units/Nanomolar,78910,=,,1,=,nM,Ki,nM,0.32,Ki,0.32,0.32,0.32,"{""assay"":{""assay_chembl_id"":""CHEMBL751213"",""bao_format"":""BAO_0000357"",""bao_label"":""single protein format"",""description"":""Binding affinity towards guinea pig Opioid receptor mu 1 using radioligand [3H]DAMGO""},""effect_features"":{""allosteric"":false,""negative"":false,""positive"":false},""measurement"":{""kind"":""binding"",""lower_value"":0.32,""pchembl_value"":""9.49"",""qudt_units"":""http://www.openphacts.org/units/Nanomolar"",""relation"":""="",""type"":""Ki"",""units"":""nM"",""upper_value"":0.32,""value"":""0.32""}}",binding,9274dea8fade6e81af5aa20e28f340e307c1a77394c0695239f6763c34d7ccd7,0.1.3,2025-10-07T00:45:18.992320+00:00,148678,BAO_0000192,,CYCLAZOCINE,9.49,CYCLAZOCINE,,,CHEMBL4354
148679,CHEMBL56585,CHEMBL754618,,Binding affinity towards guinea pig Opioid receptor kappa 1 using radioligand [3H]U-69593,,,BAO_0000357,single protein format,,,CHEMBL1134717,9.74,0,http://www.openphacts.org/units/Nanomolar,78910,=,,1,=,nM,Ki,nM,0.18,Ki,0.18,0.18,0.18,"{""assay"":{""assay_chembl_id"":""CHEMBL754618"",""bao_format"":""BAO_0000357"",""bao_label"":""single protein format"",""description"":""Binding affinity towards guinea pig Opioid receptor kappa 1 using radioligand [3H]U-69593""},""effect_features"":{""allosteric"":false,""negative"":false,""positive"":false},""measurement"":{""kind"":""binding"",""lower_value"":0.18,""pchembl_value"":""9.74"",""qudt_units"":""http://www.openphacts.org/units/Nanomolar"",""relation"":""="",""type"":""Ki"",""units"":""nM"",""upper_value"":0.18,""value"":""0.18""}}",binding,8d34ff715337868045c33a58e32997366fea977413aebdb6f3940b64ba122175,0.1.3,2025-10-07T00:45:18.992320+00:00,148679,BAO_0000192,,CYCLAZOCINE,9.74,CYCLAZOCINE,,,CHEMBL3952
155232,CHEMBL1355736,CHEMBL642675,,Binding affinity towards adenosine A1 receptor in rat whole brain membranes using N6-[3H]cyclohexyladenosine,,,BAO_0000249,cell membrane format,,,CHEMBL1125524,5.07,1,http://www.openphacts.org/units/Nanomolar,194956,=,,1,=,nM,Ki,nM,8470.0,Ki,8470,8470,8470,"{""assay"":{""assay_chembl_id"":""CHEMBL642675"",""bao_format"":""BAO_0000249"",""bao_label"":""cell membrane format"",""description"":""Binding affinity towards adenosine A1 receptor in rat whole brain membranes using N6-[3H]cyclohexyladenosine""},""effect_features"":{""allosteric"":false,""negative"":false,""positive"":false},""measurement"":{""kind"":""binding"",""lower_value"":8470.0,""pchembl_value"":""5.07"",""qudt_units"":""http://www.openphacts.org/units/Nanomolar"",""relation"":""="",""type"":""Ki"",""units"":""nM"",""upper_value"":8470.0,""value"":""8470.0""}}",binding,7e74d9f80b0ea89c0ac0921566dcc124c97fb2777afda230d038178cfacfb27b,0.1.3,2025-10-07T00:45:18.992320+00:00,155232,BAO_0000192,,THEOPHYLLINE,5.07,THEOPHYLLINE,,,CHEMBL318
155281,CHEMBL268071,CHEMBL642987,,Binding affinity towards adenosine A1 receptor in rat whole brain membranes using N6-[3H]cyclohexyladenosine,,,BAO_0000249,cell membrane format,,,CHEMBL1125524,8.14,1,http://www.openphacts.org/units/Nanomolar,194973,=,,1,=,nM,Ki,nM,7.3,Ki,7.3,7.3,7.3,"{""assay"":{""assay_chembl_id"":""CHEMBL642987"",""bao_format"":""BAO_0000249"",""bao_label"":""cell membrane format"",""description"":""Binding affinity towards adenosine A1 receptor in rat whole brain membranes using N6-[3H]cyclohexyladenosine""},""effect_features"":{""allosteric"":false,""negative"":false,""positive"":false},""measurement"":{""kind"":""binding"",""lower_value"":7.3,""pchembl_value"":""8.14"",""qudt_units"":""http://www.openphacts.org/units/Nanomolar"",""relation"":""="",""type"":""Ki"",""units"":""nM"",""upper_value"":7.3,""value"":""7.3""}}",binding,17554543cb0f2ba7520849b5d9a9aba8fe80436e91da0adb8d2ff27aee91727d,0.1.3,2025-10-07T00:45:18.992320+00:00,155281,BAO_0000192,,,8.14,,,,CHEMBL318
156187,CHEMBL14,CHEMBL747481,,Inhibition of [3H]- quinuclidinyl benzilate binding to human Muscarinic acetylcholine receptor M2 expressed in CHO cell membrane,,,BAO_0000219,cell-based format,,,CHEMBL1133759,7.70,1,http://www.openphacts.org/units/Nanomolar,151389,=,,1,=,nM,Ki,uM,0.02,Ki,20,20,20,"{""assay"":{""assay_chembl_id"":""CHEMBL747481"",""bao_format"":""BAO_0000219"",""bao_label"":""cell-based format"",""description"":""Inhibition of [3H]- quinuclidinyl benzilate binding to human Muscarinic acetylcholine receptor M2 expressed in CHO cell membrane""},""effect_features"":{""allosteric"":false,""negative"":false,""positive"":false},""measurement"":{""kind"":""binding"",""lower_value"":20.0,""pchembl_value"":""7.70"",""qudt_units"":""http://www.openphacts.org/units/Nanomolar"",""relation"":""="",""type"":""Ki"",""units"":""nM"",""upper_value"":20.0,""value"":""20.0""}}",binding,d4db7e379747eb8312d5730f0b16a0aea96f3da355c4a3e0827fb1579920e210,0.1.3,2025-10-07T00:45:18.992320+00:00,156187,BAO_0000192,,CARBACHOL,7.7,CARBACHOL,,,CHEMBL211
156191,CHEMBL14,CHEMBL749864,,Inhibition of [3H]- quinuclidinyl benzilate binding to Muscarinic acetylcholine receptor M4 expressed in CHO cell membranes,,,BAO_0000219,cell-based format,,,CHEMBL1133759,5.58,1,http://www.openphacts.org/units/Nanomolar,151389,=,,1,=,nM,Ki,uM,2.6,Ki,2600,2600,2600,"{""assay"":{""assay_chembl_id"":""CHEMBL749864"",""bao_format"":""BAO_0000219"",""bao_label"":""cell-based format"",""description"":""Inhibition of [3H]- quinuclidinyl benzilate binding to Muscarinic acetylcholine receptor M4 expressed in CHO cell membranes""},""effect_features"":{""allosteric"":false,""negative"":false,""positive"":false},""measurement"":{""kind"":""binding"",""lower_value"":2600.0,""pchembl_value"":""5.58"",""qudt_units"":""http://www.openphacts.org/units/Nanomolar"",""relation"":""="",""type"":""Ki"",""units"":""nM"",""upper_value"":2600.0,""value"":""2600.0""}}",binding,c74cf74e96fade888eb81e23c9aa20e8b9b405e8eb9b69f0c4b716feea718c0f,0.1.3,2025-10-07T00:45:18.992320+00:00,156191,BAO_0000192,,CARBACHOL,5.58,CARBACHOL,,,CHEMBL1821
159098,CHEMBL603,CHEMBL666684,,Binding affinity towards Cysteinyl leukotriene D4 receptor (cysLT1) was measured by the displacement of [3H]LTD4 radioligand,,,BAO_0000357,single protein format,,,CHEMBL1131533,9.52,1,http://www.openphacts.org/units/Nanomolar,50834,=,,1,=,nM,Ki,nM,0.3,Ki,0.3,0.3,0.3,"{""assay"":{""assay_chembl_id"":""CHEMBL666684"",""bao_format"":""BAO_0000357"",""bao_label"":""single protein format"",""description"":""Binding affinity towards Cysteinyl leukotriene D4 receptor (cysLT1) was measured by the displacement of [3H]LTD4 radioligand""},""effect_features"":{""allosteric"":false,""negative"":false,""positive"":false},""measurement"":{""kind"":""binding"",""lower_value"":0.3,""pchembl_value"":""9.52"",""qudt_units"":""http://www.openphacts.org/units/Nanomolar"",""relation"":""="",""type"":""Ki"",""units"":""nM"",""upper_value"":0.3,""value"":""0.3""}}",binding,9ed6b52f02ea9026543c9bc3bf0c62911d635054ed50453f8d3b363a06463214,0.1.3,2025-10-07T00:45:18.992320+00:00,159098,BAO_0000192,,ZAFIRLUKAST,9.52,ZAFIRLUKAST,,,CHEMBL5645
162054,CHEMBL70,CHEMBL751212,,Binding affinity towards Opioid receptor mu 1 of guinea pig brain membranes using radioligand 0.25 nM [3H]DAMGO,,,BAO_0000019,assay format,,,CHEMBL1134717,9.06,1,http://www.openphacts.org/units/Nanomolar,78915,=,,1,=,nM,Ki,nM,0.88,Ki,0.88,0.88,0.88,"{""assay"":{""assay_chembl_id"":""CHEMBL751212"",""bao_format"":""BAO_0000019"",""bao_label"":""assay format"",""description"":""Binding affinity towards Opioid receptor mu 1 of guinea pig brain membranes using radioligand 0.25 nM [3H]DAMGO""},""effect_features"":{""allosteric"":false,""negative"":false,""positive"":false},""measurement"":{""kind"":""binding"",""lower_value"":0.88,""pchembl_value"":""9.06"",""qudt_units"":""http://www.openphacts.org/units/Nanomolar"",""relation"":""="",""type"":""Ki"",""units"":""nM"",""upper_value"":0.88,""value"":""0.88""}}",binding,ca0144bf3e10ca7f050cfb22790f41de560fd931d06d4994d8f43e0dfee88bcd,0.1.3,2025-10-07T00:45:18.992320+00:00,162054,BAO_0000192,,MORPHINE,9.06,MORPHINE,,,CHEMBL4354
162056,CHEMBL70,CHEMBL754618,,Binding affinity towards guinea pig Opioid receptor kappa 1 using radioligand [3H]U-69593,,,BAO_0000357,single protein format,,,CHEMBL1134717,7.62,1,http://www.openphacts.org/units/Nanomolar,78915,=,,1,=,nM,Ki,nM,24.0,Ki,24,24,24,"{""assay"":{""assay_chembl_id"":""CHEMBL754618"",""bao_format"":""BAO_0000357"",""bao_label"":""single protein format"",""description"":""Binding affinity towards guinea pig Opioid receptor kappa 1 using radioligand [3H]U-69593""},""effect_features"":{""allosteric"":false,""negative"":false,""positive"":false},""measurement"":{""kind"":""binding"",""lower_value"":24.0,""pchembl_value"":""7.62"",""qudt_units"":""http://www.openphacts.org/units/Nanomolar"",""relation"":""="",""type"":""Ki"",""units"":""nM"",""upper_value"":24.0,""value"":""24.0""}}",binding,00bd085b89b42398763a4867f1e3c2f1ffbfc199058c0395681f3722eff4bba8,0.1.3,2025-10-07T00:45:18.992320+00:00,162056,BAO_0000192,,MORPHINE,7.62,MORPHINE,,,CHEMBL3952
168330,CHEMBL191,CHEMBL652869,,In vitro inhibitory activity against angiotensin II rabbit aorta AT1 receptor using radioligand [125I]-Sar Ile-AII,,,BAO_0000221,tissue-based format,,,CHEMBL1127442,7.40,1,http://www.openphacts.org/units/Nanomolar,176775,=,,1,=,nM,IC50,nM,40.0,IC50,40,40,40,"{""assay"":{""assay_chembl_id"":""CHEMBL652869"",""bao_format"":""BAO_0000221"",""bao_label"":""tissue-based format"",""description"":""In vitro inhibitory activity against angiotensin II rabbit aorta AT1 receptor using radioligand [125I]-Sar Ile-AII""},""effect_features"":{""allosteric"":false,""negative"":false,""positive"":false},""measurement"":{""kind"":""inhibition"",""lower_value"":40.0,""pchembl_value"":""7.40"",""qudt_units"":""http://www.openphacts.org/units/Nanomolar"",""relation"":""="",""type"":""IC50"",""units"":""nM"",""upper_value"":40.0,""value"":""40.0""}}",inhibition,00c493c14f2f266a26c54c97e48c131cdc32d76760460596f9a2a8b4913b48bd,0.1.3,2025-10-07T00:45:18.992320+00:00,168330,BAO_0000190,,LOSARTAN,7.4,LOSARTAN,,,CHEMBL3948
180470,CHEMBL907,CHEMBL652869,,In vitro inhibitory activity against angiotensin II rabbit aorta AT1 receptor using radioligand [125I]-Sar Ile-AII,,,BAO_0000221,tissue-based format,,,CHEMBL1127442,8.55,1,http://www.openphacts.org/units/Nanomolar,176774,=,,1,=,nM,IC50,nM,2.8,IC50,2.8,2.8,2.8,"{""assay"":{""assay_chembl_id"":""CHEMBL652869"",""bao_format"":""BAO_0000221"",""bao_label"":""tissue-based format"",""description"":""In vitro inhibitory activity against angiotensin II rabbit aorta AT1 receptor using radioligand [125I]-Sar Ile-AII""},""effect_features"":{""allosteric"":false,""negative"":false,""positive"":false},""measurement"":{""kind"":""inhibition"",""lower_value"":2.8,""pchembl_value"":""8.55"",""qudt_units"":""http://www.openphacts.org/units/Nanomolar"",""relation"":""="",""type"":""IC50"",""units"":""nM"",""upper_value"":2.8,""value"":""2.8""}}",inhibition,0e413ac9d9216a0e5a278652f90ec83a0ff2ac00eaf9a9c9d8fa79f14e068f1f,0.1.3,2025-10-07T00:45:18.992320+00:00,180470,BAO_0000190,,CARBOXYLIC ACID METABOLITE,8.55,CARBOXYLIC ACID METABOLITE,,,CHEMBL3948
190114,CHEMBL558018,CHEMBL653279,,Concentration required to inhibit specific binding of [ 3H]BK (0.06 nM) to Bradykinin receptor B2 in guinea pig ileum membrane preparations by 50%,,,BAO_0000249,cell membrane format,,,CHEMBL1131588,7.80,0,http://www.openphacts.org/units/Nanomolar,250533,=,,1,=,nM,IC50,nM,16.0,IC50,16,16,16,"{""assay"":{""assay_chembl_id"":""CHEMBL653279"",""bao_format"":""BAO_0000249"",""bao_label"":""cell membrane format"",""description"":""Concentration required to inhibit specific binding of [ 3H]BK (0.06 nM) to Bradykinin receptor B2 in guinea pig ileum membrane preparations by 50%""},""effect_features"":{""allosteric"":false,""negative"":false,""positive"":false},""measurement"":{""kind"":""inhibition"",""lower_value"":16.0,""pchembl_value"":""7.80"",""qudt_units"":""http://www.openphacts.org/units/Nanomolar"",""relation"":""="",""type"":""IC50"",""units"":""nM"",""upper_value"":16.0,""value"":""16.0""}}",inhibition,4481b75ecd3362714d5579c2e395bfb473793faefd0777251d5ebd763645e98d,0.1.3,2025-10-07T00:45:18.992320+00:00,190114,BAO_0000190,,,7.8,,,,CHEMBL4111
194244,CHEMBL418890,CHEMBL820168,,In vitro binding affinity for rat V1a receptor,,,BAO_0000357,single protein format,,,CHEMBL1133322,7.64,1,http://www.openphacts.org/units/Nanomolar,315776,=,,1,=,nM,IC50,nM,23.0,IC50,23,23,23,"{""assay"":{""assay_chembl_id"":""CHEMBL820168"",""bao_format"":""BAO_0000357"",""bao_label"":""single protein format"",""description"":""In vitro binding affinity for rat V1a receptor""},""effect_features"":{""allosteric"":false,""negative"":false,""positive"":false},""measurement"":{""kind"":""inhibition"",""lower_value"":23.0,""pchembl_value"":""7.64"",""qudt_units"":""http://www.openphacts.org/units/Nanomolar"",""relation"":""="",""type"":""IC50"",""units"":""nM"",""upper_value"":23.0,""value"":""23.0""}}",inhibition,083774f1b0193338d9143ed9453ae95602eb2ccd25abe9ec28fb1f6a52a491ff,0.1.3,2025-10-07T00:45:18.992320+00:00,194244,BAO_0000190,,,7.64,,,,CHEMBL2868
194245,CHEMBL418890,CHEMBL819421,,In vitro binding affinity to human V1a receptor,,,BAO_0000357,single protein format,,,CHEMBL1133322,7.82,1,http://www.openphacts.org/units/Nanomolar,315776,=,,1,=,nM,IC50,nM,15.0,IC50,15,15,15,"{""assay"":{""assay_chembl_id"":""CHEMBL819421"",""bao_format"":""BAO_0000357"",""bao_label"":""single protein format"",""description"":""In vitro binding affinity to human V1a receptor""},""effect_features"":{""allosteric"":false,""negative"":false,""positive"":false},""measurement"":{""kind"":""inhibition"",""lower_value"":15.0,""pchembl_value"":""7.82"",""qudt_units"":""http://www.openphacts.org/units/Nanomolar"",""relation"":""="",""type"":""IC50"",""units"":""nM"",""upper_value"":15.0,""value"":""15.0""}}",inhibition,934f54f09dfbc461398988431a657227251cd5b887e6697b6f22244fbfb23dd5,0.1.3,2025-10-07T00:45:18.992320+00:00,194245,BAO_0000190,,,7.82,,,,CHEMBL1889
194246,CHEMBL418890,CHEMBL820248,,Binding affinity to rat V2 receptor,,,BAO_0000357,single protein format,,,CHEMBL1133322,8.51,1,http://www.openphacts.org/units/Nanomolar,315776,=,,1,=,nM,IC50,nM,3.1,IC50,3.1,3.1,3.1,"{""assay"":{""assay_chembl_id"":""CHEMBL820248"",""bao_format"":""BAO_0000357"",""bao_label"":""single protein format"",""description"":""Binding affinity to rat V2 receptor""},""effect_features"":{""allosteric"":false,""negative"":false,""positive"":false},""measurement"":{""kind"":""inhibition"",""lower_value"":3.1,""pchembl_value"":""8.51"",""qudt_units"":""http://www.openphacts.org/units/Nanomolar"",""relation"":""="",""type"":""IC50"",""units"":""nM"",""upper_value"":3.1,""value"":""3.1""}}",inhibition,f778d5376fb9cb1e8c7c355f59037dd85b7c657344ee609f7f615247429c4463,0.1.3,2025-10-07T00:45:18.992320+00:00,194246,BAO_0000190,,,8.51,,,,CHEMBL3766
194247,CHEMBL418890,CHEMBL817838,,In vitro binding affinity to human V2 receptor,,,BAO_0000357,single protein format,,,CHEMBL1133322,8.49,1,http://www.openphacts.org/units/Nanomolar,315776,=,,1,=,nM,IC50,nM,3.2,IC50,3.2,3.2,3.2,"{""assay"":{""assay_chembl_id"":""CHEMBL817838"",""bao_format"":""BAO_0000357"",""bao_label"":""single protein format"",""description"":""In vitro binding affinity to human V2 receptor""},""effect_features"":{""allosteric"":false,""negative"":false,""positive"":false},""measurement"":{""kind"":""inhibition"",""lower_value"":3.2,""pchembl_value"":""8.49"",""qudt_units"":""http://www.openphacts.org/units/Nanomolar"",""relation"":""="",""type"":""IC50"",""units"":""nM"",""upper_value"":3.2,""value"":""3.2""}}",inhibition,4335904134b682c93de17f529fb120b7b25b940f1cd260902d2b1e4539613f1b,0.1.3,2025-10-07T00:45:18.992320+00:00,194247,BAO_0000190,,,8.49,,,,CHEMBL1790
199514,CHEMBL538732,CHEMBL653280,,Concentration required to inhibit specific binding of [3H]BK at 0.06 nM to Bradykinin receptor B2 in guinea pig ileum membrane preparations by 50%.,,,BAO_0000249,cell membrane format,,,CHEMBL1131588,9.30,0,http://www.openphacts.org/units/Nanomolar,250536,=,,1,=,nM,IC50,nM,0.5,IC50,0.5,0.5,0.5,"{""assay"":{""assay_chembl_id"":""CHEMBL653280"",""bao_format"":""BAO_0000249"",""bao_label"":""cell membrane format"",""description"":""Concentration required to inhibit specific binding of [3H]BK at 0.06 nM to Bradykinin receptor B2 in guinea pig ileum membrane preparations by 50%.""},""effect_features"":{""allosteric"":false,""negative"":false,""positive"":false},""measurement"":{""kind"":""inhibition"",""lower_value"":0.5,""pchembl_value"":""9.30"",""qudt_units"":""http://www.openphacts.org/units/Nanomolar"",""relation"":""="",""type"":""IC50"",""units"":""nM"",""upper_value"":0.5,""value"":""0.5""}}",inhibition,f5d796a43b020174166a02d15a7a55f76e4e2b0f7024d8bd400e62bfff3a37e0,0.1.3,2025-10-07T00:45:18.992320+00:00,199514,BAO_0000190,,,9.3,,,,CHEMBL4111
202087,CHEMBL131517,CHEMBL653280,,Concentration required to inhibit specific binding of [3H]BK at 0.06 nM to Bradykinin receptor B2 in guinea pig ileum membrane preparations by 50%.,,,BAO_0000249,cell membrane format,,,CHEMBL1131588,8.05,0,http://www.openphacts.org/units/Nanomolar,250525,=,,1,=,nM,IC50,nM,8.9,IC50,8.9,8.9,8.9,"{""assay"":{""assay_chembl_id"":""CHEMBL653280"",""bao_format"":""BAO_0000249"",""bao_label"":""cell membrane format"",""description"":""Concentration required to inhibit specific binding of [3H]BK at 0.06 nM to Bradykinin receptor B2 in guinea pig ileum membrane preparations by 50%.""},""effect_features"":{""allosteric"":false,""negative"":false,""positive"":false},""measurement"":{""kind"":""inhibition"",""lower_value"":8.9,""pchembl_value"":""8.05"",""qudt_units"":""http://www.openphacts.org/units/Nanomolar"",""relation"":""="",""type"":""IC50"",""units"":""nM"",""upper_value"":8.9,""value"":""8.9""}}",inhibition,aefce75d881bde0064752137e0b4a9b3bfc637fafd179ecb63a47b95db09ea4f,0.1.3,2025-10-07T00:45:18.992320+00:00,202087,BAO_0000190,,,8.05,,,,CHEMBL4111
206830,CHEMBL70,CHEMBL753447,,Affinity for opioid receptor mu sites,,,BAO_0000357,single protein format,,,CHEMBL1125862,8.48,1,http://www.openphacts.org/units/Nanomolar,161073,=,,1,=,nM,Ki,nM,3.3,Ki,3.3,3.3,3.3,"{""assay"":{""assay_chembl_id"":""CHEMBL753447"",""bao_format"":""BAO_0000357"",""bao_label"":""single protein format"",""description"":""Affinity for opioid receptor mu sites""},""effect_features"":{""allosteric"":false,""negative"":false,""positive"":false},""measurement"":{""kind"":""binding"",""lower_value"":3.3,""pchembl_value"":""8.48"",""qudt_units"":""http://www.openphacts.org/units/Nanomolar"",""relation"":""="",""type"":""Ki"",""units"":""nM"",""upper_value"":3.3,""value"":""3.3""}}",binding,a64fe35414af4b798d944a9227230cf3c77d1df70d04a52d1537a5d631a753b7,0.1.3,2025-10-07T00:45:18.992320+00:00,206830,BAO_0000192,,MORPHINE,8.48,MORPHINE,,,CHEMBL4354
207965,CHEMBL543899,CHEMBL653280,,Concentration required to inhibit specific binding of [3H]BK at 0.06 nM to Bradykinin receptor B2 in guinea pig ileum membrane preparations by 50%.,,,BAO_0000249,cell membrane format,,,CHEMBL1131588,9.18,0,http://www.openphacts.org/units/Nanomolar,250535,=,,1,=,nM,IC50,nM,0.66,IC50,0.66,0.66,0.66,"{""assay"":{""assay_chembl_id"":""CHEMBL653280"",""bao_format"":""BAO_0000249"",""bao_label"":""cell membrane format"",""description"":""Concentration required to inhibit specific binding of [3H]BK at 0.06 nM to Bradykinin receptor B2 in guinea pig ileum membrane preparations by 50%.""},""effect_features"":{""allosteric"":false,""negative"":false,""positive"":false},""measurement"":{""kind"":""inhibition"",""lower_value"":0.66,""pchembl_value"":""9.18"",""qudt_units"":""http://www.openphacts.org/units/Nanomolar"",""relation"":""="",""type"":""IC50"",""units"":""nM"",""upper_value"":0.66,""value"":""0.66""}}",inhibition,b5ee6b533fc86eed5f8ebd8d3eb567d6ed3406186bdd1d03b3a1d5acada9c6f3,0.1.3,2025-10-07T00:45:18.992320+00:00,207965,BAO_0000190,,,9.18,,,,CHEMBL4111
217963,CHEMBL49429,CHEMBL820168,,In vitro binding affinity for rat V1a receptor,,,BAO_0000357,single protein format,,,CHEMBL1133322,6.47,1,http://www.openphacts.org/units/Nanomolar,315777,=,,1,=,nM,IC50,nM,340.0,IC50,340,340,340,"{""assay"":{""assay_chembl_id"":""CHEMBL820168"",""bao_format"":""BAO_0000357"",""bao_label"":""single protein format"",""description"":""In vitro binding affinity for rat V1a receptor""},""effect_features"":{""allosteric"":false,""negative"":false,""positive"":false},""measurement"":{""kind"":""inhibition"",""lower_value"":340.0,""pchembl_value"":""6.47"",""qudt_units"":""http://www.openphacts.org/units/Nanomolar"",""relation"":""="",""type"":""IC50"",""units"":""nM"",""upper_value"":340.0,""value"":""340.0""}}",inhibition,0ef6c57fe28bb264e62e3d4018f912dd30b55ce793b64eeb1b3f95423b196e2b,0.1.3,2025-10-07T00:45:18.992320+00:00,217963,BAO_0000190,,LIXIVAPTAN,6.47,LIXIVAPTAN,,,CHEMBL2868
217964,CHEMBL49429,CHEMBL819421,,In vitro binding affinity to human V1a receptor,,,BAO_0000357,single protein format,,,CHEMBL1133322,6.64,1,http://www.openphacts.org/units/Nanomolar,315777,=,,1,=,nM,IC50,nM,230.0,IC50,230,230,230,"{""assay"":{""assay_chembl_id"":""CHEMBL819421"",""bao_format"":""BAO_0000357"",""bao_label"":""single protein format"",""description"":""In vitro binding affinity to human V1a receptor""},""effect_features"":{""allosteric"":false,""negative"":false,""positive"":false},""measurement"":{""kind"":""inhibition"",""lower_value"":230.0,""pchembl_value"":""6.64"",""qudt_units"":""http://www.openphacts.org/units/Nanomolar"",""relation"":""="",""type"":""IC50"",""units"":""nM"",""upper_value"":230.0,""value"":""230.0""}}",inhibition,43a39c7bb314ea9940c7582b1566bb992ee381815e115e055d5f1d7ea11246ba,0.1.3,2025-10-07T00:45:18.992320+00:00,217964,BAO_0000190,,LIXIVAPTAN,6.64,LIXIVAPTAN,,,CHEMBL1889
217965,CHEMBL49429,CHEMBL820248,,Binding affinity to rat V2 receptor,,,BAO_0000357,single protein format,,,CHEMBL1133322,8.64,1,http://www.openphacts.org/units/Nanomolar,315777,=,,1,=,nM,IC50,nM,2.3,IC50,2.3,2.3,2.3,"{""assay"":{""assay_chembl_id"":""CHEMBL820248"",""bao_format"":""BAO_0000357"",""bao_label"":""single protein format"",""description"":""Binding affinity to rat V2 receptor""},""effect_features"":{""allosteric"":false,""negative"":false,""positive"":false},""measurement"":{""kind"":""inhibition"",""lower_value"":2.3,""pchembl_value"":""8.64"",""qudt_units"":""http://www.openphacts.org/units/Nanomolar"",""relation"":""="",""type"":""IC50"",""units"":""nM"",""upper_value"":2.3,""value"":""2.3""}}",inhibition,f8abb500dd593fe0deea5096a4eca9804062cf9dc2d590e800ff33076c191689,0.1.3,2025-10-07T00:45:18.992320+00:00,217965,BAO_0000190,,LIXIVAPTAN,8.64,LIXIVAPTAN,,,CHEMBL3766
217966,CHEMBL49429,CHEMBL817838,,In vitro binding affinity to human V2 receptor,,,BAO_0000357,single protein format,,,CHEMBL1133322,8.92,1,http://www.openphacts.org/units/Nanomolar,315777,=,,1,=,nM,IC50,nM,1.2,IC50,1.2,1.2,1.2,"{""assay"":{""assay_chembl_id"":""CHEMBL817838"",""bao_format"":""BAO_0000357"",""bao_label"":""single protein format"",""description"":""In vitro binding affinity to human V2 receptor""},""effect_features"":{""allosteric"":false,""negative"":false,""positive"":false},""measurement"":{""kind"":""inhibition"",""lower_value"":1.2,""pchembl_value"":""8.92"",""qudt_units"":""http://www.openphacts.org/units/Nanomolar"",""relation"":""="",""type"":""IC50"",""units"":""nM"",""upper_value"":1.2,""value"":""1.2""}}",inhibition,6ae0a9661d32dfd16664dcbaacddde0ce1315dc2d5e37bb5b6ed7350ffc839ff,0.1.3,2025-10-07T00:45:18.992320+00:00,217966,BAO_0000190,,LIXIVAPTAN,8.92,LIXIVAPTAN,,,CHEMBL1790
219923,CHEMBL132620,CHEMBL653280,,Concentration required to inhibit specific binding of [3H]BK at 0.06 nM to Bradykinin receptor B2 in guinea pig ileum membrane preparations by 50%.,,,BAO_0000249,cell membrane format,,,CHEMBL1131588,8.62,0,http://www.openphacts.org/units/Nanomolar,250562,=,,1,=,nM,IC50,nM,2.4,IC50,2.4,2.4,2.4,"{""assay"":{""assay_chembl_id"":""CHEMBL653280"",""bao_format"":""BAO_0000249"",""bao_label"":""cell membrane format"",""description"":""Concentration required to inhibit specific binding of [3H]BK at 0.06 nM to Bradykinin receptor B2 in guinea pig ileum membrane preparations by 50%.""},""effect_features"":{""allosteric"":false,""negative"":false,""positive"":false},""measurement"":{""kind"":""inhibition"",""lower_value"":2.4,""pchembl_value"":""8.62"",""qudt_units"":""http://www.openphacts.org/units/Nanomolar"",""relation"":""="",""type"":""IC50"",""units"":""nM"",""upper_value"":2.4,""value"":""2.4""}}",inhibition,4ef95f37571ec877aded5c743f79015f57c59cbe29bbb2f8360ff3f7cdc66fac,0.1.3,2025-10-07T00:45:18.992320+00:00,219923,BAO_0000190,,,8.62,,,,CHEMBL4111
220924,CHEMBL290543,CHEMBL753447,,Affinity for opioid receptor mu sites,,,BAO_0000357,single protein format,,,CHEMBL1125862,6.21,1,http://www.openphacts.org/units/Nanomolar,161074,=,,1,=,nM,Ki,nM,616.0,Ki,616,616,616,"{""assay"":{""assay_chembl_id"":""CHEMBL753447"",""bao_format"":""BAO_0000357"",""bao_label"":""single protein format"",""description"":""Affinity for opioid receptor mu sites""},""effect_features"":{""allosteric"":false,""negative"":false,""positive"":false},""measurement"":{""kind"":""binding"",""lower_value"":616.0,""pchembl_value"":""6.21"",""qudt_units"":""http://www.openphacts.org/units/Nanomolar"",""relation"":""="",""type"":""Ki"",""units"":""nM"",""upper_value"":616.0,""value"":""616.0""}}",binding,b154dad36aeb3c0221625bc9548d59a4dfeb61046788c75bc5d6f7decf33a3ba,0.1.3,2025-10-07T00:45:18.992320+00:00,220924,BAO_0000192,,,6.21,,,,CHEMBL4354
222186,CHEMBL336116,CHEMBL653280,,Concentration required to inhibit specific binding of [3H]BK at 0.06 nM to Bradykinin receptor B2 in guinea pig ileum membrane preparations by 50%.,,,BAO_0000249,cell membrane format,,,CHEMBL1131588,8.05,0,http://www.openphacts.org/units/Nanomolar,250550,=,,1,=,nM,IC50,nM,9.0,IC50,9,9,9,"{""assay"":{""assay_chembl_id"":""CHEMBL653280"",""bao_format"":""BAO_0000249"",""bao_label"":""cell membrane format"",""description"":""Concentration required to inhibit specific binding of [3H]BK at 0.06 nM to Bradykinin receptor B2 in guinea pig ileum membrane preparations by 50%.""},""effect_features"":{""allosteric"":false,""negative"":false,""positive"":false},""measurement"":{""kind"":""inhibition"",""lower_value"":9.0,""pchembl_value"":""8.05"",""qudt_units"":""http://www.openphacts.org/units/Nanomolar"",""relation"":""="",""type"":""IC50"",""units"":""nM"",""upper_value"":9.0,""value"":""9.0""}}",inhibition,46e29a96cdb32f9dba57ba5cc20890d2c1c22fff656e3736a8deb8a62629cb8e,0.1.3,2025-10-07T00:45:18.992320+00:00,222186,BAO_0000190,,,8.05,,,,CHEMBL4111
228917,CHEMBL48192,CHEMBL684407,,Inhibitory concentration against binding of [125I]buserelin to human Gonadotropin-releasing hormone receptor,,,BAO_0000357,single protein format,,,CHEMBL1147503,9.52,1,http://www.openphacts.org/units/Nanomolar,86176,=,,1,=,nM,IC50,nM,0.3,IC50,0.3,0.3,0.3,"{""assay"":{""assay_chembl_id"":""CHEMBL684407"",""bao_format"":""BAO_0000357"",""bao_label"":""single protein format"",""description"":""Inhibitory concentration against binding of [125I]buserelin to human Gonadotropin-releasing hormone receptor""},""effect_features"":{""allosteric"":false,""negative"":false,""positive"":false},""measurement"":{""kind"":""inhibition"",""lower_value"":0.3,""pchembl_value"":""9.52"",""qudt_units"":""http://www.openphacts.org/units/Nanomolar"",""relation"":""="",""type"":""IC50"",""units"":""nM"",""upper_value"":0.3,""value"":""0.3""}}",inhibition,be43aae59eb3fb9bff3eabb1a8ba4b75ce4907897da1a2b4a2afe56e23623e33,0.1.3,2025-10-07T00:45:18.992320+00:00,228917,BAO_0000190,,,9.52,,,,CHEMBL1855
241217,CHEMBL7550,CHEMBL650274,,"In vitro antagonist activity against angiotensin II receptor type 1 in rabbit aorta using [125I]-Sar, Ile AII.",,,BAO_0000221,tissue-based format,,,CHEMBL1126573,9.27,1,http://www.openphacts.org/units/Nanomolar,258499,=,,1,=,nM,IC50,uM,0.00054,IC50,0.54,0.54,0.54,"{""assay"":{""assay_chembl_id"":""CHEMBL650274"",""bao_format"":""BAO_0000221"",""bao_label"":""tissue-based format"",""description"":""In vitro antagonist activity against angiotensin II receptor type 1 in rabbit aorta using [125I]-Sar, Ile AII.""},""effect_features"":{""allosteric"":false,""negative"":false,""positive"":false},""measurement"":{""kind"":""inhibition"",""lower_value"":0.54,""pchembl_value"":""9.27"",""qudt_units"":""http://www.openphacts.org/units/Nanomolar"",""relation"":""="",""type"":""IC50"",""units"":""nM"",""upper_value"":0.54,""value"":""0.54""}}",inhibition,abc4e68ab6c5dec306923dc10e482e2e7483edb6959f5c495fb27c10a1010dd7,0.1.3,2025-10-07T00:45:18.992320+00:00,241217,BAO_0000190,,L-158809,9.27,L-158809,,,CHEMBL3948
246567,CHEMBL54,CHEMBL672342,,Affinity for Dopamine receptor D2,,,BAO_0000357,single protein format,,,CHEMBL1131282,9.70,1,http://www.openphacts.org/units/Nanomolar,348703,=,,1,=,nM,Ki,nM,0.2,Ki,0.2,0.2,0.2,"{""assay"":{""assay_chembl_id"":""CHEMBL672342"",""bao_format"":""BAO_0000357"",""bao_label"":""single protein format"",""description"":""Affinity for Dopamine receptor D2""},""effect_features"":{""allosteric"":true,""negative"":false,""positive"":true,""positive_terms"":[""pam""]},""measurement"":{""kind"":""binding"",""lower_value"":0.2,""pchembl_value"":""9.70"",""qudt_units"":""http://www.openphacts.org/units/Nanomolar"",""relation"":""="",""type"":""Ki"",""units"":""nM"",""upper_value"":0.2,""value"":""0.2""}}",binding,17ae2d83917796f25036cd470cf9520c6ea62783d7c9b11d06e1615e1f93ef1b,0.1.3,2025-10-07T00:45:18.992320+00:00,246567,BAO_0000192,,HALOPERIDOL,9.7,HALOPERIDOL,,,CHEMBL339
257585,CHEMBL191,CHEMBL650274,,"In vitro antagonist activity against angiotensin II receptor type 1 in rabbit aorta using [125I]-Sar, Ile AII.",,,BAO_0000221,tissue-based format,,,CHEMBL1126573,7.27,1,http://www.openphacts.org/units/Nanomolar,258500,=,,1,=,nM,IC50,uM,0.054,IC50,54,54,54,"{""assay"":{""assay_chembl_id"":""CHEMBL650274"",""bao_format"":""BAO_0000221"",""bao_label"":""tissue-based format"",""description"":""In vitro antagonist activity against angiotensin II receptor type 1 in rabbit aorta using [125I]-Sar, Ile AII.""},""effect_features"":{""allosteric"":false,""negative"":false,""positive"":false},""measurement"":{""kind"":""inhibition"",""lower_value"":54.0,""pchembl_value"":""7.27"",""qudt_units"":""http://www.openphacts.org/units/Nanomolar"",""relation"":""="",""type"":""IC50"",""units"":""nM"",""upper_value"":54.0,""value"":""54.0""}}",inhibition,4a9934e55b6a9c31f19b62e70e4e1f2d117fce46564ddc3126b775a789f62023,0.1.3,2025-10-07T00:45:18.992320+00:00,257585,BAO_0000190,,LOSARTAN,7.27,LOSARTAN,,,CHEMBL3948
258297,CHEMBL90725,CHEMBL680262,,Inhibitory concentration against binding of rat Gonadotropin-releasing hormone receptor using [125I]buserelin,,,BAO_0000357,single protein format,,,CHEMBL1147503,8.00,0,http://www.openphacts.org/units/Nanomolar,86189,=,,1,=,nM,IC50,nM,10.0,IC50,10,10,10,"{""assay"":{""assay_chembl_id"":""CHEMBL680262"",""bao_format"":""BAO_0000357"",""bao_label"":""single protein format"",""description"":""Inhibitory concentration against binding of rat Gonadotropin-releasing hormone receptor using [125I]buserelin""},""effect_features"":{""allosteric"":false,""negative"":false,""positive"":false},""measurement"":{""kind"":""inhibition"",""lower_value"":10.0,""pchembl_value"":""8.00"",""qudt_units"":""http://www.openphacts.org/units/Nanomolar"",""relation"":""="",""type"":""IC50"",""units"":""nM"",""upper_value"":10.0,""value"":""10.0""}}",inhibition,39e70bf292c40b70b198436921a02071818c3a6eb60f3020578017a456679a77,0.1.3,2025-10-07T00:45:18.992320+00:00,258297,BAO_0000190,,,8,,,,CHEMBL3066
263545,CHEMBL294910,CHEMBL680262,,Inhibitory concentration against binding of rat Gonadotropin-releasing hormone receptor using [125I]buserelin,,,BAO_0000357,single protein format,,,CHEMBL1147503,8.00,1,http://www.openphacts.org/units/Nanomolar,86171,=,,1,=,nM,IC50,nM,10.0,IC50,10,10,10,"{""assay"":{""assay_chembl_id"":""CHEMBL680262"",""bao_format"":""BAO_0000357"",""bao_label"":""single protein format"",""description"":""Inhibitory concentration against binding of rat Gonadotropin-releasing hormone receptor using [125I]buserelin""},""effect_features"":{""allosteric"":false,""negative"":false,""positive"":false},""measurement"":{""kind"":""inhibition"",""lower_value"":10.0,""pchembl_value"":""8.00"",""qudt_units"":""http://www.openphacts.org/units/Nanomolar"",""relation"":""="",""type"":""IC50"",""units"":""nM"",""upper_value"":10.0,""value"":""10.0""}}",inhibition,39e70bf292c40b70b198436921a02071818c3a6eb60f3020578017a456679a77,0.1.3,2025-10-07T00:45:18.992320+00:00,263545,BAO_0000190,,,8,,,,CHEMBL3066
265433,CHEMBL70,CHEMBL747922,,In vivo binding affinity against mu opioid receptor was measured by using labeled ligand [3H]naloxone (0.5 nM),,,BAO_0000218,organism-based format,,,CHEMBL1127466,7.42,0,http://www.openphacts.org/units/Nanomolar,198455,=,,1,=,nM,Ki,nM,38.0,Ki,38,38,38,"{""assay"":{""assay_chembl_id"":""CHEMBL747922"",""bao_format"":""BAO_0000218"",""bao_label"":""organism-based format"",""description"":""In vivo binding affinity against mu opioid receptor was measured by using labeled ligand [3H]naloxone (0.5 nM)""},""effect_features"":{""allosteric"":false,""negative"":false,""positive"":false},""measurement"":{""kind"":""binding"",""lower_value"":38.0,""pchembl_value"":""7.42"",""qudt_units"":""http://www.openphacts.org/units/Nanomolar"",""relation"":""="",""type"":""Ki"",""units"":""nM"",""upper_value"":38.0,""value"":""38.0""}}",binding,2d51162ddf3ce11f54726f94da89bd93b9fd7a924e021f9443501c2f19f3bc31,0.1.3,2025-10-07T00:45:18.992320+00:00,265433,BAO_0000192,,MORPHINE,7.42,MORPHINE,,,CHEMBL4354
271161,CHEMBL84363,CHEMBL643390,,Binding affinity towards adenosine A1 receptor using N6-[3H]cyclohexyladenosine in guinea pig forebrain membranes,,,BAO_0000249,cell membrane format,,,CHEMBL1126134,8.52,1,http://www.openphacts.org/units/Nanomolar,226794,=,,1,=,nM,Ki,nM,3.0,Ki,3,3,3,"{""assay"":{""assay_chembl_id"":""CHEMBL643390"",""bao_format"":""BAO_0000249"",""bao_label"":""cell membrane format"",""description"":""Binding affinity towards adenosine A1 receptor using N6-[3H]cyclohexyladenosine in guinea pig forebrain membranes""},""effect_features"":{""allosteric"":false,""negative"":false,""positive"":false},""measurement"":{""kind"":""binding"",""lower_value"":3.0,""pchembl_value"":""8.52"",""qudt_units"":""http://www.openphacts.org/units/Nanomolar"",""relation"":""="",""type"":""Ki"",""units"":""nM"",""upper_value"":3.0,""value"":""3.0""}}",binding,d1ece22e94e5fce5ad4b3f8ab5a7cb817f4ef27168da3a2c57c60da1946162ae,0.1.3,2025-10-07T00:45:18.992320+00:00,271161,BAO_0000192,,,8.52,,,,CHEMBL2304404
276704,CHEMBL85606,CHEMBL679227,,Displacement of [125I]iodosulpiride from human Dopamine receptor D3 expressed in CHO cells,,,BAO_0000219,cell-based format,,,CHEMBL1134827,8.00,1,http://www.openphacts.org/units/Nanomolar,314640,=,,1,=,nM,Log Ki,,-8.0,Ki,10,10,10,"{""assay"":{""assay_chembl_id"":""CHEMBL679227"",""bao_format"":""BAO_0000219"",""bao_label"":""cell-based format"",""description"":""Displacement of [125I]iodosulpiride from human Dopamine receptor D3 expressed in CHO cells""},""effect_features"":{""allosteric"":true,""negative"":false,""positive"":true,""positive_terms"":[""pam""]},""measurement"":{""kind"":""binding"",""lower_value"":10.0,""pchembl_value"":""8.00"",""qudt_units"":""http://www.openphacts.org/units/Nanomolar"",""relation"":""="",""type"":""Ki"",""units"":""nM"",""upper_value"":10.0,""value"":""10.0""}}",binding,b72fa6c1fa468d13123320f9e8a74caf1480a9e1210a26ccec0d25ebb2c7fab1,0.1.3,2025-10-07T00:45:18.992320+00:00,276704,BAO_0000192,,,8,,,,CHEMBL234
33279,CHEMBL318723,CHEMBL754629,,Binding affinity was determined against Opioid receptor kappa 1<br>using [3H]ethylketocyclazocine as radioligand,,,BAO_0000357,single protein format,,,CHEMBL1130663,6.08,1,http://www.openphacts.org/units/Nanomolar,200741,=,,1,=,nM,Ki,nM,833.0,Ki,833,833,833,"{""assay"":{""assay_chembl_id"":""CHEMBL754629"",""bao_format"":""BAO_0000357"",""bao_label"":""single protein format"",""description"":""Binding affinity was determined against Opioid receptor kappa 1<br>using [3H]ethylketocyclazocine as radioligand""},""effect_features"":{""allosteric"":false,""negative"":false,""positive"":false},""measurement"":{""kind"":""binding"",""lower_value"":833.0,""pchembl_value"":""6.08"",""qudt_units"":""http://www.openphacts.org/units/Nanomolar"",""relation"":""="",""type"":""Ki"",""units"":""nM"",""upper_value"":833.0,""value"":""833.0""}}",binding,67e2874b99347dd6b4bb269430bc387f1a8d666fbeef71eb8eb1848e68c38927,0.1.3,2025-10-07T00:45:18.992320+00:00,33279,BAO_0000192,,,6.08,,,,CHEMBL3952
34166,CHEMBL292779,CHEMBL616910,,Displacement of [3H]5-HT from human 5-hydroxytryptamine 1D receptor expressed in CHO cells,,,BAO_0000219,cell-based format,,,CHEMBL1131027,9.22,1,http://www.openphacts.org/units/Nanomolar,163730,=,,1,=,nM,IC50,nM,0.6,IC50,0.6,0.6,0.6,"{""assay"":{""assay_chembl_id"":""CHEMBL616910"",""bao_format"":""BAO_0000219"",""bao_label"":""cell-based format"",""description"":""Displacement of [3H]5-HT from human 5-hydroxytryptamine 1D receptor expressed in CHO cells""},""effect_features"":{""allosteric"":false,""negative"":false,""positive"":false},""measurement"":{""kind"":""inhibition"",""lower_value"":0.6,""pchembl_value"":""9.22"",""qudt_units"":""http://www.openphacts.org/units/Nanomolar"",""relation"":""="",""type"":""IC50"",""units"":""nM"",""upper_value"":0.6,""value"":""0.6""}}",inhibition,25e578f7299c952fae49c4681f2905ab2fc3ad95836d1d5156855011f36a8a76,0.1.3,2025-10-07T00:45:18.992320+00:00,34166,BAO_0000190,,,9.22,,,,CHEMBL1983
41129,CHEMBL341376,CHEMBL640560,,Displacement of [3H]DPCPX from human Adenosine A1 receptor expressed in CHO cells,,,BAO_0000219,cell-based format,,,CHEMBL1145112,6.15,1,http://www.openphacts.org/units/Nanomolar,261076,=,,1,=,nM,Ki,nM,702.0,Ki,702,702,702,"{""assay"":{""assay_chembl_id"":""CHEMBL640560"",""bao_format"":""BAO_0000219"",""bao_label"":""cell-based format"",""description"":""Displacement of [3H]DPCPX from human Adenosine A1 receptor expressed in CHO cells""},""effect_features"":{""allosteric"":false,""negative"":false,""positive"":false},""measurement"":{""kind"":""binding"",""lower_value"":702.0,""pchembl_value"":""6.15"",""qudt_units"":""http://www.openphacts.org/units/Nanomolar"",""relation"":""="",""type"":""Ki"",""units"":""nM"",""upper_value"":702.0,""value"":""702.0""}}",binding,86a073cd50b8d2a1dc5515d810907170752526b729c2f0a65f3c9c9d9e2616dc,0.1.3,2025-10-07T00:45:18.992320+00:00,41129,BAO_0000192,,,6.15,,,,CHEMBL226
41130,CHEMBL341376,CHEMBL643209,,Displacement of [3H]ZM-241385 from human adenosine A2A receptors expressed in HEK293 cells,,,BAO_0000219,cell-based format,,,CHEMBL1145112,6.37,1,http://www.openphacts.org/units/Nanomolar,261076,=,,1,=,nM,Ki,nM,423.0,Ki,423,423,423,"{""assay"":{""assay_chembl_id"":""CHEMBL643209"",""bao_format"":""BAO_0000219"",""bao_label"":""cell-based format"",""description"":""Displacement of [3H]ZM-241385 from human adenosine A2A receptors expressed in HEK293 cells""},""effect_features"":{""allosteric"":false,""negative"":false,""positive"":false},""measurement"":{""kind"":""binding"",""lower_value"":423.0,""pchembl_value"":""6.37"",""qudt_units"":""http://www.openphacts.org/units/Nanomolar"",""relation"":""="",""type"":""Ki"",""units"":""nM"",""upper_value"":423.0,""value"":""423.0""}}",binding,8f2cddc4dac8a20b5e1f08cc9f20881c33c903235e2cdafb5d466fa64d0a2e3f,0.1.3,2025-10-07T00:45:18.992320+00:00,41130,BAO_0000192,,,6.37,,,,CHEMBL251
41131,CHEMBL341376,CHEMBL642009,,Displacement of [3H]DPCPX from human adenosine A2B receptor expressed in HEK293 cells,,,BAO_0000219,cell-based format,,,CHEMBL1145112,6.78,1,http://www.openphacts.org/units/Nanomolar,261076,=,,1,=,nM,Ki,nM,165.0,Ki,165,165,165,"{""assay"":{""assay_chembl_id"":""CHEMBL642009"",""bao_format"":""BAO_0000219"",""bao_label"":""cell-based format"",""description"":""Displacement of [3H]DPCPX from human adenosine A2B receptor expressed in HEK293 cells""},""effect_features"":{""allosteric"":false,""negative"":false,""positive"":false},""measurement"":{""kind"":""binding"",""lower_value"":165.0,""pchembl_value"":""6.78"",""qudt_units"":""http://www.openphacts.org/units/Nanomolar"",""relation"":""="",""type"":""Ki"",""units"":""nM"",""upper_value"":165.0,""value"":""165.0""}}",binding,1242362a5212bc81f6600ed27180e3623169bdfffd65ad15997ed45e8ab7cb62,0.1.3,2025-10-07T00:45:18.992320+00:00,41131,BAO_0000192,,,6.78,,,,CHEMBL255
41132,CHEMBL341376,CHEMBL641961,,Displacement of [3H]MRE3008-F20 from human A3 receptors expressed in HEK293 cells,,,BAO_0000219,cell-based format,,,CHEMBL1145112,9.09,1,http://www.openphacts.org/units/Nanomolar,261076,=,,1,=,nM,Ki,nM,0.81,Ki,0.81,0.81,0.81,"{""assay"":{""assay_chembl_id"":""CHEMBL641961"",""bao_format"":""BAO_0000219"",""bao_label"":""cell-based format"",""description"":""Displacement of [3H]MRE3008-F20 from human A3 receptors expressed in HEK293 cells""},""effect_features"":{""allosteric"":false,""negative"":false,""positive"":false},""measurement"":{""kind"":""binding"",""lower_value"":0.81,""pchembl_value"":""9.09"",""qudt_units"":""http://www.openphacts.org/units/Nanomolar"",""relation"":""="",""type"":""Ki"",""units"":""nM"",""upper_value"":0.81,""value"":""0.81""}}",binding,addf433127c2c05b6a4b02f5021e12922337587dce3b7fb20b45ee3a27ea1ae8,0.1.3,2025-10-07T00:45:18.992320+00:00,41132,BAO_0000192,,,9.09,,,,CHEMBL256
43767,CHEMBL65367,CHEMBL616910,,Displacement of [3H]5-HT from human 5-hydroxytryptamine 1D receptor expressed in CHO cells,,,BAO_0000219,cell-based format,,,CHEMBL1131027,9.70,1,http://www.openphacts.org/units/Nanomolar,163729,=,,1,=,nM,IC50,nM,0.2,IC50,0.2,0.2,0.2,"{""assay"":{""assay_chembl_id"":""CHEMBL616910"",""bao_format"":""BAO_0000219"",""bao_label"":""cell-based format"",""description"":""Displacement of [3H]5-HT from human 5-hydroxytryptamine 1D receptor expressed in CHO cells""},""effect_features"":{""allosteric"":false,""negative"":false,""positive"":false},""measurement"":{""kind"":""inhibition"",""lower_value"":0.2,""pchembl_value"":""9.70"",""qudt_units"":""http://www.openphacts.org/units/Nanomolar"",""relation"":""="",""type"":""IC50"",""units"":""nM"",""upper_value"":0.2,""value"":""0.2""}}",inhibition,0d7279de3f21108a9c76400445c88b14b91a2449f32e937f7365a6fcda7631c2,0.1.3,2025-10-07T00:45:18.992320+00:00,43767,BAO_0000190,,,9.7,,,,CHEMBL1983
44708,CHEMBL324735,CHEMBL640560,,Displacement of [3H]DPCPX from human Adenosine A1 receptor expressed in CHO cells,,,BAO_0000219,cell-based format,,,CHEMBL1145112,6.23,1,http://www.openphacts.org/units/Nanomolar,261077,=,,1,=,nM,Ki,nM,594.0,Ki,594,594,594,"{""assay"":{""assay_chembl_id"":""CHEMBL640560"",""bao_format"":""BAO_0000219"",""bao_label"":""cell-based format"",""description"":""Displacement of [3H]DPCPX from human Adenosine A1 receptor expressed in CHO cells""},""effect_features"":{""allosteric"":false,""negative"":false,""positive"":false},""measurement"":{""kind"":""binding"",""lower_value"":594.0,""pchembl_value"":""6.23"",""qudt_units"":""http://www.openphacts.org/units/Nanomolar"",""relation"":""="",""type"":""Ki"",""units"":""nM"",""upper_value"":594.0,""value"":""594.0""}}",binding,7ab8145111de6ea64013b0ce50f6f468b4cf075599024c17a30d2913abe3838d,0.1.3,2025-10-07T00:45:18.992320+00:00,44708,BAO_0000192,,,6.23,,,,CHEMBL226
44709,CHEMBL324735,CHEMBL643209,,Displacement of [3H]ZM-241385 from human adenosine A2A receptors expressed in HEK293 cells,,,BAO_0000219,cell-based format,,,CHEMBL1145112,6.42,1,http://www.openphacts.org/units/Nanomolar,261077,=,,1,=,nM,Ki,nM,381.0,Ki,381,381,381,"{""assay"":{""assay_chembl_id"":""CHEMBL643209"",""bao_format"":""BAO_0000219"",""bao_label"":""cell-based format"",""description"":""Displacement of [3H]ZM-241385 from human adenosine A2A receptors expressed in HEK293 cells""},""effect_features"":{""allosteric"":false,""negative"":false,""positive"":false},""measurement"":{""kind"":""binding"",""lower_value"":381.0,""pchembl_value"":""6.42"",""qudt_units"":""http://www.openphacts.org/units/Nanomolar"",""relation"":""="",""type"":""Ki"",""units"":""nM"",""upper_value"":381.0,""value"":""381.0""}}",binding,8b762d443fd0946d439b5d0dbb40d05358c821b0630a8d07f480c54bc471c18b,0.1.3,2025-10-07T00:45:18.992320+00:00,44709,BAO_0000192,,,6.42,,,,CHEMBL251
44710,CHEMBL324735,CHEMBL642009,,Displacement of [3H]DPCPX from human adenosine A2B receptor expressed in HEK293 cells,,,BAO_0000219,cell-based format,,,CHEMBL1145112,6.65,1,http://www.openphacts.org/units/Nanomolar,261077,=,,1,=,nM,Ki,nM,222.0,Ki,222,222,222,"{""assay"":{""assay_chembl_id"":""CHEMBL642009"",""bao_format"":""BAO_0000219"",""bao_label"":""cell-based format"",""description"":""Displacement of [3H]DPCPX from human adenosine A2B receptor expressed in HEK293 cells""},""effect_features"":{""allosteric"":false,""negative"":false,""positive"":false},""measurement"":{""kind"":""binding"",""lower_value"":222.0,""pchembl_value"":""6.65"",""qudt_units"":""http://www.openphacts.org/units/Nanomolar"",""relation"":""="",""type"":""Ki"",""units"":""nM"",""upper_value"":222.0,""value"":""222.0""}}",binding,1b069c69733f2afc161cb1be79e575f9495ff21257ec3fc24c84c7219020951c,0.1.3,2025-10-07T00:45:18.992320+00:00,44710,BAO_0000192,,,6.65,,,,CHEMBL255
44711,CHEMBL324735,CHEMBL641961,,Displacement of [3H]MRE3008-F20 from human A3 receptors expressed in HEK293 cells,,,BAO_0000219,cell-based format,,,CHEMBL1145112,9.80,1,http://www.openphacts.org/units/Nanomolar,261077,=,,1,=,nM,Ki,nM,0.16,Ki,0.16,0.16,0.16,"{""assay"":{""assay_chembl_id"":""CHEMBL641961"",""bao_format"":""BAO_0000219"",""bao_label"":""cell-based format"",""description"":""Displacement of [3H]MRE3008-F20 from human A3 receptors expressed in HEK293 cells""},""effect_features"":{""allosteric"":false,""negative"":false,""positive"":false},""measurement"":{""kind"":""binding"",""lower_value"":0.16,""pchembl_value"":""9.80"",""qudt_units"":""http://www.openphacts.org/units/Nanomolar"",""relation"":""="",""type"":""Ki"",""units"":""nM"",""upper_value"":0.16,""value"":""0.16""}}",binding,623300c189a291f3189f86964a386211c9780b0f994a894ef5753d658d952469,0.1.3,2025-10-07T00:45:18.992320+00:00,44711,BAO_0000192,,,9.8,,,,CHEMBL256
45759,CHEMBL290543,CHEMBL753169,,Inhibition of [3H]U-69593 binding to Opioid receptor kappa 1 in guinea pig brain homogenates,,,BAO_0000221,tissue-based format,,,CHEMBL1133725,9.05,1,http://www.openphacts.org/units/Nanomolar,117429,=,,1,=,nM,Ki,nM,0.89,Ki,0.89,0.89,0.89,"{""assay"":{""assay_chembl_id"":""CHEMBL753169"",""bao_format"":""BAO_0000221"",""bao_label"":""tissue-based format"",""description"":""Inhibition of [3H]U-69593 binding to Opioid receptor kappa 1 in guinea pig brain homogenates""},""effect_features"":{""allosteric"":false,""negative"":false,""positive"":false},""measurement"":{""kind"":""binding"",""lower_value"":0.89,""pchembl_value"":""9.05"",""qudt_units"":""http://www.openphacts.org/units/Nanomolar"",""relation"":""="",""type"":""Ki"",""units"":""nM"",""upper_value"":0.89,""value"":""0.89""}}",binding,96b5b089fa33b415dd81ab09e2dfabaafd135b0b5f0efb32aa740b2b4e1ef658,0.1.3,2025-10-07T00:45:18.992320+00:00,45759,BAO_0000192,,,9.05,,,,CHEMBL3952
54813,CHEMBL16867,CHEMBL640560,,Displacement of [3H]DPCPX from human Adenosine A1 receptor expressed in CHO cells,,,BAO_0000219,cell-based format,,,CHEMBL1145112,9.00,1,http://www.openphacts.org/units/Nanomolar,261075,=,,1,=,nM,Ki,nM,1.0,Ki,1,1,1,"{""assay"":{""assay_chembl_id"":""CHEMBL640560"",""bao_format"":""BAO_0000219"",""bao_label"":""cell-based format"",""description"":""Displacement of [3H]DPCPX from human Adenosine A1 receptor expressed in CHO cells""},""effect_features"":{""allosteric"":false,""negative"":false,""positive"":false},""measurement"":{""kind"":""binding"",""lower_value"":1.0,""pchembl_value"":""9.00"",""qudt_units"":""http://www.openphacts.org/units/Nanomolar"",""relation"":""="",""type"":""Ki"",""units"":""nM"",""upper_value"":1.0,""value"":""1.0""}}",binding,219225e93c785c84a0824cf89825ad2b88cf94e64d1b36e72746c9b3f60f3996,0.1.3,2025-10-07T00:45:18.992320+00:00,54813,BAO_0000192,,,9,,,,CHEMBL226
54814,CHEMBL16867,CHEMBL643209,,Displacement of [3H]ZM-241385 from human adenosine A2A receptors expressed in HEK293 cells,,,BAO_0000219,cell-based format,,,CHEMBL1145112,9.51,1,http://www.openphacts.org/units/Nanomolar,261075,=,,1,=,nM,Ki,nM,0.31,Ki,0.31,0.31,0.31,"{""assay"":{""assay_chembl_id"":""CHEMBL643209"",""bao_format"":""BAO_0000219"",""bao_label"":""cell-based format"",""description"":""Displacement of [3H]ZM-241385 from human adenosine A2A receptors expressed in HEK293 cells""},""effect_features"":{""allosteric"":false,""negative"":false,""positive"":false},""measurement"":{""kind"":""binding"",""lower_value"":0.31,""pchembl_value"":""9.51"",""qudt_units"":""http://www.openphacts.org/units/Nanomolar"",""relation"":""="",""type"":""Ki"",""units"":""nM"",""upper_value"":0.31,""value"":""0.31""}}",binding,38d1b0cfa013f8ee4d948e5b67da8d60fe8b2eb507cd2adc1609d32e5dae5f36,0.1.3,2025-10-07T00:45:18.992320+00:00,54814,BAO_0000192,,,9.51,,,,CHEMBL251
56803,CHEMBL319536,CHEMBL754629,,Binding affinity was determined against Opioid receptor kappa 1<br>using [3H]ethylketocyclazocine as radioligand,,,BAO_0000357,single protein format,,,CHEMBL1130663,7.28,1,http://www.openphacts.org/units/Nanomolar,200742,=,,1,=,nM,Ki,nM,52.0,Ki,52,52,52,"{""assay"":{""assay_chembl_id"":""CHEMBL754629"",""bao_format"":""BAO_0000357"",""bao_label"":""single protein format"",""description"":""Binding affinity was determined against Opioid receptor kappa 1<br>using [3H]ethylketocyclazocine as radioligand""},""effect_features"":{""allosteric"":false,""negative"":false,""positive"":false},""measurement"":{""kind"":""binding"",""lower_value"":52.0,""pchembl_value"":""7.28"",""qudt_units"":""http://www.openphacts.org/units/Nanomolar"",""relation"":""="",""type"":""Ki"",""units"":""nM"",""upper_value"":52.0,""value"":""52.0""}}",binding,9819383a12614c0855c862673d01f50aca7ee44f6e6ceaf620c11d559ec11b5a,0.1.3,2025-10-07T00:45:18.992320+00:00,56803,BAO_0000192,,,7.28,,,,CHEMBL3952
66042,CHEMBL312341,CHEMBL693576,,Compound was evaluated for its binding affinity against Histamine H3 receptor of guinea pig brain membrane,,,BAO_0000019,assay format,,,CHEMBL1135250,7.80,1,http://www.openphacts.org/units/Nanomolar,343209,=,,1,=,nM,Ki,nM,16.0,Ki,16,16,16,"{""assay"":{""assay_chembl_id"":""CHEMBL693576"",""bao_format"":""BAO_0000019"",""bao_label"":""assay format"",""description"":""Compound was evaluated for its binding affinity against Histamine H3 receptor of guinea pig brain membrane""},""effect_features"":{""allosteric"":false,""negative"":false,""positive"":false},""measurement"":{""kind"":""binding"",""lower_value"":16.0,""pchembl_value"":""7.80"",""qudt_units"":""http://www.openphacts.org/units/Nanomolar"",""relation"":""="",""type"":""Ki"",""units"":""nM"",""upper_value"":16.0,""value"":""16.0""}}",binding,e36618d4e6bfaa2c6b7afd9192e2f165708a9002f2f4aa5bafa82d3fdca61e68,0.1.3,2025-10-07T00:45:18.992320+00:00,66042,BAO_0000192,,,7.8,,,,CHEMBL5076
68335,CHEMBL19019,CHEMBL754631,,"Binding affinity was determined as ability to displace [3H]-U-69, radioligand from Opioid receptor kappa 1",,,BAO_0000357,single protein format,,,CHEMBL1130663,8.33,1,http://www.openphacts.org/units/Nanomolar,200743,=,,1,=,nM,Ki,nM,4.71,Ki,4.71,4.71,4.71,"{""assay"":{""assay_chembl_id"":""CHEMBL754631"",""bao_format"":""BAO_0000357"",""bao_label"":""single protein format"",""description"":""Binding affinity was determined as ability to displace [3H]-U-69, radioligand from Opioid receptor kappa 1""},""effect_features"":{""allosteric"":false,""negative"":false,""positive"":false},""measurement"":{""kind"":""binding"",""lower_value"":4.71,""pchembl_value"":""8.33"",""qudt_units"":""http://www.openphacts.org/units/Nanomolar"",""relation"":""="",""type"":""Ki"",""units"":""nM"",""upper_value"":4.71,""value"":""4.71""}}",binding,cce3d573fc4700619a9d3e058f195f56eed93947ef2c52180321f9fc15e0543e,0.1.3,2025-10-07T00:45:18.992320+00:00,68335,BAO_0000192,,NALTREXONE,8.33,NALTREXONE,,,CHEMBL3952
68336,CHEMBL19019,CHEMBL747921,,"Compound was tested for the inhibition of [35S]GTP-gamma-S, binding in Guinea pig Caudate stimulated by the opioid receptor agonist Mu-DAMGO",,,BAO_0000019,assay format,,,CHEMBL1130663,9.03,1,http://www.openphacts.org/units/Nanomolar,200743,=,,1,=,nM,Ki,nM,0.93,Ki,0.93,0.93,0.93,"{""assay"":{""assay_chembl_id"":""CHEMBL747921"",""bao_format"":""BAO_0000019"",""bao_label"":""assay format"",""description"":""Compound was tested for the inhibition of [35S]GTP-gamma-S, binding in Guinea pig Caudate stimulated by the opioid receptor agonist Mu-DAMGO""},""effect_features"":{""allosteric"":false,""negative"":false,""positive"":false},""measurement"":{""kind"":""binding"",""lower_value"":0.93,""pchembl_value"":""9.03"",""qudt_units"":""http://www.openphacts.org/units/Nanomolar"",""relation"":""="",""type"":""Ki"",""units"":""nM"",""upper_value"":0.93,""value"":""0.93""}}",binding,86feb4ac0639c3a4819a70365c19821e8f1772bb5b33aa5280aeffbd08d14823,0.1.3,2025-10-07T00:45:18.992320+00:00,68336,BAO_0000192,,NALTREXONE,9.03,NALTREXONE,,,CHEMBL4354
68338,CHEMBL19019,CHEMBL753645,,"Compound was tested for the inhibition of [35S]GTP-gamma-S, binding to Opioid receptor kappa 1",,,BAO_0000019,assay format,,,CHEMBL1130663,8.69,1,http://www.openphacts.org/units/Nanomolar,200743,=,,1,=,nM,Ki,nM,2.05,Ki,2.05,2.05,2.05,"{""assay"":{""assay_chembl_id"":""CHEMBL753645"",""bao_format"":""BAO_0000019"",""bao_label"":""assay format"",""description"":""Compound was tested for the inhibition of [35S]GTP-gamma-S, binding to Opioid receptor kappa 1""},""effect_features"":{""allosteric"":false,""negative"":false,""positive"":false},""measurement"":{""kind"":""binding"",""lower_value"":2.05,""pchembl_value"":""8.69"",""qudt_units"":""http://www.openphacts.org/units/Nanomolar"",""relation"":""="",""type"":""Ki"",""units"":""nM"",""upper_value"":2.05,""value"":""2.05""}}",binding,9eceb6b771835221c9c600d752535ea968030c7e51fcdae084bc6acaba8b9165,0.1.3,2025-10-07T00:45:18.992320+00:00,68338,BAO_0000192,,NALTREXONE,8.69,NALTREXONE,,,CHEMBL3952
68340,CHEMBL19019,CHEMBL754629,,Binding affinity was determined against Opioid receptor kappa 1<br>using [3H]ethylketocyclazocine as radioligand,,,BAO_0000357,single protein format,,,CHEMBL1130663,8.41,1,http://www.openphacts.org/units/Nanomolar,200743,=,,1,=,nM,Ki,nM,3.9,Ki,3.9,3.9,3.9,"{""assay"":{""assay_chembl_id"":""CHEMBL754629"",""bao_format"":""BAO_0000357"",""bao_label"":""single protein format"",""description"":""Binding affinity was determined against Opioid receptor kappa 1<br>using [3H]ethylketocyclazocine as radioligand""},""effect_features"":{""allosteric"":false,""negative"":false,""positive"":false},""measurement"":{""kind"":""binding"",""lower_value"":3.9,""pchembl_value"":""8.41"",""qudt_units"":""http://www.openphacts.org/units/Nanomolar"",""relation"":""="",""type"":""Ki"",""units"":""nM"",""upper_value"":3.9,""value"":""3.9""}}",binding,9c0d726862d714e2eb5463416e08f9af0f942a18e284a41f025ffd88110207b8,0.1.3,2025-10-07T00:45:18.992320+00:00,68340,BAO_0000192,,NALTREXONE,8.41,NALTREXONE,,,CHEMBL3952
71312,CHEMBL42,CHEMBL671035,,Displacement of [3H]-YM 09151 from african green monkey Dopamine receptor D2,,,BAO_0000357,single protein format,,,CHEMBL1128213,6.59,1,http://www.openphacts.org/units/Nanomolar,284419,=,,1,=,nM,Ki,nM,254.0,Ki,254,254,254,"{""assay"":{""assay_chembl_id"":""CHEMBL671035"",""bao_format"":""BAO_0000357"",""bao_label"":""single protein format"",""description"":""Displacement of [3H]-YM 09151 from african green monkey Dopamine receptor D2""},""effect_features"":{""allosteric"":true,""negative"":false,""positive"":true,""positive_terms"":[""pam""]},""measurement"":{""kind"":""binding"",""lower_value"":254.0,""pchembl_value"":""6.59"",""qudt_units"":""http://www.openphacts.org/units/Nanomolar"",""relation"":""="",""type"":""Ki"",""units"":""nM"",""upper_value"":254.0,""value"":""254.0""}}",binding,79548d17815ef172006fd88178550729c7783e509121ff0eddaa9f4c9090844d,0.1.3,2025-10-07T00:45:18.992320+00:00,71312,BAO_0000192,,CLOZAPINE,6.59,CLOZAPINE,,,CHEMBL5456
72337,CHEMBL417292,CHEMBL645778,,Displacement of [125I]AB-MECA from human Adenosine A3 receptor expressed in CHO cells,,,BAO_0000219,cell-based format,,,CHEMBL1134070,8.38,1,http://www.openphacts.org/units/Nanomolar,38158,=,,1,=,nM,Ki,nM,4.13,Ki,4.13,4.13,4.13,"{""assay"":{""assay_chembl_id"":""CHEMBL645778"",""bao_format"":""BAO_0000219"",""bao_label"":""cell-based format"",""description"":""Displacement of [125I]AB-MECA from human Adenosine A3 receptor expressed in CHO cells""},""effect_features"":{""allosteric"":false,""negative"":false,""positive"":false},""measurement"":{""kind"":""binding"",""lower_value"":4.13,""pchembl_value"":""8.38"",""qudt_units"":""http://www.openphacts.org/units/Nanomolar"",""relation"":""="",""type"":""Ki"",""units"":""nM"",""upper_value"":4.13,""value"":""4.13""}}",binding,c367bd5dce1e23dbc8cbd22e1dcbdea9f0fb9ca0b595801ef4f84c974f6615f2,0.1.3,2025-10-07T00:45:18.992320+00:00,72337,BAO_0000192,,,8.38,,,,CHEMBL256
74975,CHEMBL2364548,CHEMBL640781,,Inhibition of [3H]PIA binding to rat cortical adenosine A1 receptor,,,BAO_0000357,single protein format,,,CHEMBL1125345,7.13,0,http://www.openphacts.org/units/Nanomolar,254774,=,,1,=,nM,Ki,nM,74.0,Ki,74,74,74,"{""assay"":{""assay_chembl_id"":""CHEMBL640781"",""bao_format"":""BAO_0000357"",""bao_label"":""single protein format"",""description"":""Inhibition of [3H]PIA binding to rat cortical adenosine A1 receptor""},""effect_features"":{""allosteric"":false,""negative"":false,""positive"":false},""measurement"":{""kind"":""binding"",""lower_value"":74.0,""pchembl_value"":""7.13"",""qudt_units"":""http://www.openphacts.org/units/Nanomolar"",""relation"":""="",""type"":""Ki"",""units"":""nM"",""upper_value"":74.0,""value"":""74.0""}}",binding,783c45b5b9ac7220c161aea84c74209d610ae41660bcda3bd063a5df78c6cb8b,0.1.3,2025-10-07T00:45:18.992320+00:00,74975,BAO_0000192,,,7.13,,,,CHEMBL318
75632,CHEMBL7550,CHEMBL646330,,"Inhibition of Angiotensin II receptor, type 1",,,BAO_0000357,single protein format,,,CHEMBL1126739,9.52,0,http://www.openphacts.org/units/Nanomolar,110331,=,,1,=,nM,IC50,nM,0.3,IC50,0.3,0.3,0.3,"{""assay"":{""assay_chembl_id"":""CHEMBL646330"",""bao_format"":""BAO_0000357"",""bao_label"":""single protein format"",""description"":""Inhibition of Angiotensin II receptor, type 1""},""effect_features"":{""allosteric"":false,""negative"":false,""positive"":false},""measurement"":{""kind"":""inhibition"",""lower_value"":0.3,""pchembl_value"":""9.52"",""qudt_units"":""http://www.openphacts.org/units/Nanomolar"",""relation"":""="",""type"":""IC50"",""units"":""nM"",""upper_value"":0.3,""value"":""0.3""}}",inhibition,0cabf6e4d423deac16aa5f528f4adbbff60f3e8944df3951b8da7f1fd977144a,0.1.3,2025-10-07T00:45:18.992320+00:00,75632,BAO_0000190,,L-158809,9.52,L-158809,,,CHEMBL3948
77752,CHEMBL284216,CHEMBL645778,,Displacement of [125I]AB-MECA from human Adenosine A3 receptor expressed in CHO cells,,,BAO_0000219,cell-based format,,,CHEMBL1134070,6.33,1,http://www.openphacts.org/units/Nanomolar,38160,=,,1,=,nM,Ki,nM,466.0,Ki,466,466,466,"{""assay"":{""assay_chembl_id"":""CHEMBL645778"",""bao_format"":""BAO_0000219"",""bao_label"":""cell-based format"",""description"":""Displacement of [125I]AB-MECA from human Adenosine A3 receptor expressed in CHO cells""},""effect_features"":{""allosteric"":false,""negative"":false,""positive"":false},""measurement"":{""kind"":""binding"",""lower_value"":466.0,""pchembl_value"":""6.33"",""qudt_units"":""http://www.openphacts.org/units/Nanomolar"",""relation"":""="",""type"":""Ki"",""units"":""nM"",""upper_value"":466.0,""value"":""466.0""}}",binding,d7a0c13ce9424c290c30d21720efbc5fab2ba25d204c8015f132200bc490502f,0.1.3,2025-10-07T00:45:18.992320+00:00,77752,BAO_0000192,,,6.33,,,,CHEMBL256
78157,CHEMBL18840,CHEMBL620714,,Binding affinity towards human 5-hydroxytryptamine 5A receptor was evaluated using [3H]-5-CT as radioligand,,,BAO_0000357,single protein format,,,CHEMBL1145819,7.70,0,http://www.openphacts.org/units/Nanomolar,175722,=,,1,=,nM,Ki,nM,20.0,Ki,20,20,20,"{""assay"":{""assay_chembl_id"":""CHEMBL620714"",""bao_format"":""BAO_0000357"",""bao_label"":""single protein format"",""description"":""Binding affinity towards human 5-hydroxytryptamine 5A receptor was evaluated using [3H]-5-CT as radioligand""},""effect_features"":{""allosteric"":false,""negative"":false,""positive"":false},""measurement"":{""kind"":""binding"",""lower_value"":20.0,""pchembl_value"":""7.70"",""qudt_units"":""http://www.openphacts.org/units/Nanomolar"",""relation"":""="",""type"":""Ki"",""units"":""nM"",""upper_value"":20.0,""value"":""20.0""}}",binding,263209f3935b5fe423c28ff4c17ba7bad08ac2902bcd594d3fb86be16fa2379b,0.1.3,2025-10-07T00:45:18.992320+00:00,78157,BAO_0000192,,,7.7,,,,CHEMBL3426
80080,CHEMBL573214,CHEMBL842491,,"Binding affinity for mu opioid receptor was determined using radioligand [3H][D-Ala2,MePhe4,Gly-ol6]enkephalin (DAMGO) in Guinea pig brain membranes.",,,BAO_0000249,cell membrane format,,,CHEMBL1126669,7.33,1,http://www.openphacts.org/units/Nanomolar,86493,=,,1,=,nM,Ki,nM,47.0,Ki,47,47,47,"{""assay"":{""assay_chembl_id"":""CHEMBL842491"",""bao_format"":""BAO_0000249"",""bao_label"":""cell membrane format"",""description"":""Binding affinity for mu opioid receptor was determined using radioligand [3H][D-Ala2,MePhe4,Gly-ol6]enkephalin (DAMGO) in Guinea pig brain membranes.""},""effect_features"":{""allosteric"":false,""negative"":false,""positive"":false},""measurement"":{""kind"":""binding"",""lower_value"":47.0,""pchembl_value"":""7.33"",""qudt_units"":""http://www.openphacts.org/units/Nanomolar"",""relation"":""="",""type"":""Ki"",""units"":""nM"",""upper_value"":47.0,""value"":""47.0""}}",binding,def4ef825f1e14f40cc4caff208c84e0047ea6c02369b8f8322cb2f21397f46d,0.1.3,2025-10-07T00:45:18.992320+00:00,80080,BAO_0000192,,NORBINALTORPHIMINE,7.33,NORBINALTORPHIMINE,,,CHEMBL4354
80434,CHEMBL96729,CHEMBL620714,,Binding affinity towards human 5-hydroxytryptamine 5A receptor was evaluated using [3H]-5-CT as radioligand,,,BAO_0000357,single protein format,,,CHEMBL1145819,5.30,0,http://www.openphacts.org/units/Nanomolar,175828,=,,1,=,nM,Ki,nM,5000.0,Ki,5000,5000,5000,"{""assay"":{""assay_chembl_id"":""CHEMBL620714"",""bao_format"":""BAO_0000357"",""bao_label"":""single protein format"",""description"":""Binding affinity towards human 5-hydroxytryptamine 5A receptor was evaluated using [3H]-5-CT as radioligand""},""effect_features"":{""allosteric"":false,""negative"":false,""positive"":false},""measurement"":{""kind"":""binding"",""lower_value"":5000.0,""pchembl_value"":""5.30"",""qudt_units"":""http://www.openphacts.org/units/Nanomolar"",""relation"":""="",""type"":""Ki"",""units"":""nM"",""upper_value"":5000.0,""value"":""5000.0""}}",binding,5cce31ca0da5eaf02fd5a66b692379f4287f6e4b8357153f1d056c9cdde3a414,0.1.3,2025-10-07T00:45:18.992320+00:00,80434,BAO_0000192,,,5.3,,,,CHEMBL3426
90287,CHEMBL287321,CHEMBL641568,,Displacement of [3H]-CGS- 21680 from A2A receptor in human brain membrane,,,BAO_0000249,cell membrane format,,,CHEMBL1134070,4.65,1,http://www.openphacts.org/units/Nanomolar,38152,=,,1,=,nM,Ki,nM,22500.0,Ki,22500,22500,22500,"{""assay"":{""assay_chembl_id"":""CHEMBL641568"",""bao_format"":""BAO_0000249"",""bao_label"":""cell membrane format"",""description"":""Displacement of [3H]-CGS- 21680 from A2A receptor in human brain membrane""},""effect_features"":{""allosteric"":false,""negative"":false,""positive"":false},""measurement"":{""kind"":""binding"",""lower_value"":22500.0,""pchembl_value"":""4.65"",""qudt_units"":""http://www.openphacts.org/units/Nanomolar"",""relation"":""="",""type"":""Ki"",""units"":""nM"",""upper_value"":22500.0,""value"":""22500.0""}}",binding,e296615f341835e4662f17af61d78d20d7527549281bc1db6c6b44643a30ec4e,0.1.3,2025-10-07T00:45:18.992320+00:00,90287,BAO_0000192,,,4.65,,,,CHEMBL251
90288,CHEMBL287321,CHEMBL645781,,Displacement of [125I]AB-MECA from human Adenosine A3 receptor expressed in CHO cells in absence of adenosine deaminase,,,BAO_0000219,cell-based format,,,CHEMBL1134070,6.39,1,http://www.openphacts.org/units/Nanomolar,38152,=,,1,=,nM,Ki,nM,404.0,Ki,404,404,404,"{""assay"":{""assay_chembl_id"":""CHEMBL645781"",""bao_format"":""BAO_0000219"",""bao_label"":""cell-based format"",""description"":""Displacement of [125I]AB-MECA from human Adenosine A3 receptor expressed in CHO cells in absence of adenosine deaminase""},""effect_features"":{""allosteric"":false,""negative"":false,""positive"":false},""measurement"":{""kind"":""binding"",""lower_value"":404.0,""pchembl_value"":""6.39"",""qudt_units"":""http://www.openphacts.org/units/Nanomolar"",""relation"":""="",""type"":""Ki"",""units"":""nM"",""upper_value"":404.0,""value"":""404.0""}}",binding,32f7dc106c4d731e640fa342bec15e6eeddd6bc2355e1d8dcea259fb01fdfec5,0.1.3,2025-10-07T00:45:18.992320+00:00,90288,BAO_0000192,,,6.39,,,,CHEMBL256
92681,CHEMBL478,CHEMBL881821,,Binding affinity towards mouse 5-hydroxytryptamine 5A receptor was evaluated using [3H]LSD as radioligand,,,BAO_0000357,single protein format,,,CHEMBL1145819,5.06,0,http://www.openphacts.org/units/Nanomolar,175821,=,,1,=,nM,Ki,nM,8700.0,Ki,8700,8700,8700,"{""assay"":{""assay_chembl_id"":""CHEMBL881821"",""bao_format"":""BAO_0000357"",""bao_label"":""single protein format"",""description"":""Binding affinity towards mouse 5-hydroxytryptamine 5A receptor was evaluated using [3H]LSD as radioligand""},""effect_features"":{""allosteric"":false,""negative"":false,""positive"":false},""measurement"":{""kind"":""binding"",""lower_value"":8700.0,""pchembl_value"":""5.06"",""qudt_units"":""http://www.openphacts.org/units/Nanomolar"",""relation"":""="",""type"":""Ki"",""units"":""nM"",""upper_value"":8700.0,""value"":""8700.0""}}",binding,607f16bc25a5bd4cadbd6b7685d447f9d4b7e5679dfb601fa73b41400b450391,0.1.3,2025-10-07T00:45:18.992320+00:00,92681,BAO_0000192,,CHLOROPHENYLPIPERAZINE,5.06,CHLOROPHENYLPIPERAZINE,,,CHEMBL3597
95645,CHEMBL267930,CHEMBL620823,,Displacement of [3H]5-HT from human 5-hydroxytryptamine 7 receptor,,,BAO_0000357,single protein format,,,CHEMBL1145819,6.96,0,http://www.openphacts.org/units/Nanomolar,175732,=,,1,=,nM,Ki,nM,110.0,Ki,110,110,110,"{""assay"":{""assay_chembl_id"":""CHEMBL620823"",""bao_format"":""BAO_0000357"",""bao_label"":""single protein format"",""description"":""Displacement of [3H]5-HT from human 5-hydroxytryptamine 7 receptor""},""effect_features"":{""allosteric"":false,""negative"":false,""positive"":false},""measurement"":{""kind"":""binding"",""lower_value"":110.0,""pchembl_value"":""6.96"",""qudt_units"":""http://www.openphacts.org/units/Nanomolar"",""relation"":""="",""type"":""Ki"",""units"":""nM"",""upper_value"":110.0,""value"":""110.0""}}",binding,d86889458a995601c4052ad8017258b5f3b73a441249645bc144e6aa1af3327d,0.1.3,2025-10-07T00:45:18.992320+00:00,95645,BAO_0000192,,SPIPERONE,6.96,SPIPERONE,,,CHEMBL3155
