target_chembl_id,organism,target_uniprot_id,target_names,isoforms,pH_dependence,primaryAccession,isoform_names,isoform_ids
CHEMBL1827,Homo sapiens,O76074,"PDE5A | cGMP-specific 3',5'-cyclic phosphodiesterase | cGMP-binding cGMP-specific phosphodiesterase | CGB-PDE | PDE5",2.0,,O76074,PDE5A1|PDE5A2,O76074-1|O76074-2
CHEMBL1859,Homo sapiens,O95180,Voltage-dependent T-type calcium channel subunit alpha-1H | CACNA1H | Voltage-gated calcium channel subunit alpha Cav3.2 | Low-voltage-activated calcium channel alpha1 3.2 subunit,2.0,,O95180,1|2,O95180-1|O95180-2
CHEMBL202,Homo sapiens,P00374,DHFR | Dihydrofolate reductase,2.0,,P00374,1|2,P00374-1|P00374-2
CHEMBL1809,Escherichia coli,P0ABQ4,folA | Dihydrofolate reductase | tmrA,1.0,,P0ABQ4,,
CHEMBL1862,Homo sapiens,P00519,p150 | ABL1 | ABL | Proto-oncogene c-Abl | Tyrosine-protein kinase ABL1 | JTK7 | Abelson murine leukemia viral oncogene homolog 1 | Abelson tyrosine-protein kinase 1,2.0,,P00519,IA|IB,P00519-1|P00519-2
CHEMBL203,Homo sapiens,P00533,Proto-oncogene c-ErbB-1 | Receptor tyrosine-protein kinase erbB-1 | EGFR | HER1 | ERBB | Epidermal growth factor receptor | ERBB1,4.0,,P00533,1|2|3|4,P00533-1|P00533-2|P00533-3|P00533-4
CHEMBL204,Homo sapiens,P00734,Coagulation factor II | Prothrombin | F2,1.0,,P00734,,
CHEMBL1801,Homo sapiens,P00747,Plasminogen | PLG,1.0,,P00747,,
CHEMBL2065,Escherichia coli,P62593,blaT-6 | TEM-16/CAZ-7 | TEM-3 | TEM-2 | blaT-5 | TEM-24/CAZ-6 | blaT-3 | Beta-lactamase TEM | TEM-1 | TEM-4 | TEM-6 | blaT-4 | Penicillinase | TEM-5 | IRT-4 | bla | TEM-8/CAZ-2,1.0,,P62593,,
CHEMBL1910,Homo sapiens,P00813,ADA | ADA1 | Adenosine aminohydrolase | Adenosine deaminase,1.0,,P00813,,
CHEMBL205,Homo sapiens,P00918,Carbonate dehydratase II | Carbonic anhydrase C | Carbonic anhydrase II | Cyanamide hydratase CA2 | Carbonic anhydrase 2 | CAC | CA2 | CA-II,1.0,Optimum pH is 6-8.,P00918,,
CHEMBL206,Homo sapiens,P03372,Estradiol receptor | Nuclear receptor subfamily 3 group A member 1 | ER | ER-alpha | Estrogen receptor | NR3A1 | ESR | ESR1,4.0,,P03372,1|2|3|4,P03372-1|P03372-2|P03372-3|P03372-4
CHEMBL2000,Homo sapiens,P03952,Kininogenin | Plasma kallikrein | Fletcher factor | PKK | Plasma prekallikrein | KLK3 | KLKB1,1.0,,P03952,,
CHEMBL402,Homo sapiens,P04035,3-hydroxy-3-methylglutaryl-coenzyme A reductase | HMG-CoA reductase | HMGCR,3.0,,P04035,1|2|3,P04035-1|P04035-2|P04035-3
CHEMBL2034,Homo sapiens,P04150,Glucocorticoid receptor | NR3C1 | GR | GRL | Nuclear receptor subfamily 3 group C member 1,16.0,,P04150,Alpha|Beta|Alpha-2|Beta-2|GR-A alpha|GR-A beta|GR-P|Alpha-B|Beta-B|10|Alpha-C1|Alpha-C2|Alpha-C3|Alpha-D1|Alpha-D2|Alpha-D3,P04150-1|P04150-2|P04150-3|P04150-6|P04150-5|P04150-7|P04150-4|P04150-8|P04150-9|P04150-10|P04150-11|P04150-12|P04150-13|P04150-14|P04150-15|P04150-16
CHEMBL1952,Homo sapiens,P04818,TSase | TYMS | Thymidylate synthase | TS,3.0,,P04818,1|2|3,P04818-1|P04818-2|P04818-3
CHEMBL1935,Homo sapiens,P05091,ALDH class 2 | Aldehyde dehydrogenase | ALDH-E2 | ALDM | mitochondrial | ALDH2 | ALDHI,2.0,,P05091,1|2,P05091-1|P05091-2
CHEMBL1981,Homo sapiens,P06213, | INSR | IR | Insulin receptor,2.0,,P06213,Long|Short,P06213-1|P06213-2
CHEMBL208,Homo sapiens,P06401,NR3C3 | PR | Progesterone receptor | Nuclear receptor subfamily 3 group C member 3 | PGR,5.0,,P06401,B|A|3|4|5,P06401-1|P06401-2|P06401-3|P06401-4|P06401-5
CHEMBL210,Homo sapiens,P07550,ADRB2R | Beta-2 adrenoceptor | Beta-2 adrenoreceptor | ADRB2 | B2AR | Beta-2 adrenergic receptor,1.0,,P07550,,
CHEMBL211,Homo sapiens,P08172,CHRM2 | Muscarinic acetylcholine receptor M2,1.0,,P08172,,
CHEMBL1994,Homo sapiens,P08235,MCR | MR | Nuclear receptor subfamily 3 group C member 2 | MLR | Mineralocorticoid receptor | NR3C2,4.0,,P08235,1|2|3|4,P08235-1|P08235-2|P08235-3|P08235-4
CHEMBL213,Homo sapiens,P08588,B1AR | ADRB1R | Beta-1 adrenoceptor | ADRB1 | Beta-1 adrenergic receptor | Beta-1 adrenoreceptor,1.0,,P08588,,
CHEMBL214,Homo sapiens,P08908,ADRB2RL1 | Serotonin receptor 1A | 5-HT-1A | HTR1A | ADRBRL1 | 5-HT1A | 5-hydroxytryptamine receptor 1A | G-21,1.0,,P08908,,
CHEMBL1867,Homo sapiens,P08913,ADRAR | Alpha-2A adrenergic receptor | Alpha-2 adrenergic receptor subtype C10 | ADRA2R | Alpha-2AAR | Alpha-2A adrenoreceptor | Alpha-2A adrenoceptor | ADRA2A,1.0,,P08913,,
CHEMBL1828,Homo sapiens,P09884,DNA polymerase alpha catalytic subunit | DNA polymerase alpha catalytic subunit p180 | POLA1 | POLA,1.0,,P09884,,
CHEMBL215,Homo sapiens,P09917,LOG5 | ALOX5 | 5-lipoxygenase | 5-LO | Arachidonate 5-lipoxygenase | Polyunsaturated fatty acid 5-lipoxygenase,5.0,,P09917,1|2|3|4|5,P09917-1|P09917-2|P09917-3|P09917-4|P09917-5
CHEMBL1871,Homo sapiens,P10275,Androgen receptor | Nuclear receptor subfamily 3 group C member 4 | NR3C4 | AR | DHTR | Dihydrotestosterone receptor,4.0,,P10275,1|2|3|4,P10275-1|P10275-2|P10275-3|P10275-4
CHEMBL1860,Homo sapiens,P10827,ERBA1 | NR1A1 | THRA1 | THRA2 | Thyroid hormone receptor alpha | c-erbA-1 | THRA | EAR7 | Nuclear receptor subfamily 1 group A member 1 | EAR-7 | c-erbA-alpha | V-erbA-related protein 7,4.0,,P10827,Alpha-2|Alpha-1|Alpha-3|Alpha-4,P10827-1|P10827-2|P10827-3|P10827-4
CHEMBL216,Homo sapiens,P11229,Muscarinic acetylcholine receptor M1 | CHRM1,2.0,,P11229,1|2,P11229-1|P11229-2
CHEMBL1781,Homo sapiens,P11387,DNA topoisomerase I | TOP1 | DNA topoisomerase 1,1.0,,P11387,,
CHEMBL1806,Homo sapiens,P11388,TOP2A | alpha isozyme | DNA topoisomerase 2-alpha | TOP2 | DNA topoisomerase II,4.0,,P11388,1|2|3|4,P11388-1|P11388-2|P11388-3|P11388-4
CHEMBL1977,Homo sapiens,P11473,"NR1I1 | Nuclear receptor subfamily 1 group I member 1 | Vitamin D3 receptor | VDR | 1,25-dihydroxyvitamin D3 receptor",2.0,,P11473,1|2,P11473-1|P11473-2
CHEMBL1978,Homo sapiens,P11511,Cytochrome P-450AROM | CYAR | ARO1 | CYP19A1 | Estrogen synthase | Aromatase | Cytochrome P450 19A1 | CYPXIX | CYP19,2.0,,P11511,1|2,P11511-1|P11511-2
CHEMBL2002,Homo sapiens,P12268,IMP dehydrogenase 2 | Inosine-5'-monophosphate dehydrogenase type II | IMPDH2 | IMPD 2 | IMP dehydrogenase II | IMPDH-II | Inosine-5'-monophosphate dehydrogenase 2 | IMPD2 | IMPDH 2,1.0,,P12268,,
CHEMBL1808,Homo sapiens,P12821, | Angiotensin-converting enzyme | ACE | DCP1 | Kininase II | Dipeptidyl carboxypeptidase I | DCP,4.0,,P12821,Somatic-1|Somatic-2|Testis-specific|4,P12821-1|P12821-2|P12821-3|P22966-1|P12821-4
CHEMBL1782,Homo sapiens,P14324,"Farnesyl pyrophosphate synthase | FDPS | FPS | KIAA1293 | Geranyltranstransferase | FPP synthase | Dimethylallyltranstransferase | Farnesyl diphosphate synthase | (2E,6E)-farnesyl diphosphate synthase",2.0,,P14324,1|2,P14324-1|P14324-2
CHEMBL217,Homo sapiens,P14416,D(2) dopamine receptor | Dopamine D2 receptor | DRD2,3.0,,P14416,1|2|3,P14416-1|P14416-2|P14416-3
CHEMBL1973,Homo sapiens,P14679,SK29-AB | Tumor rejection antigen AB | LB24-AB | TYR | Tyrosinase | Monophenol monooxygenase,2.0,,P14679,1|2,P14679-1|P14679-2
CHEMBL1908,Homo sapiens,P15538,S11BH | CYP11B1 | CYPXIB1 | Steroid 11-beta-hydroxylase | Cytochrome P-450c11 | Cytochrome P450 11B1 | mitochondrial | Cytochrome P450C11,2.0,,P15538,1|2,P15538-1|P15538-2
CHEMBL1787,Homo sapiens,P18405,S5AR 1 | Steroid 5-alpha-reductase 1 | SRD5A1 | SR type 1 | 3-oxo-5-alpha-steroid 4-dehydrogenase 1,1.0,Optimally active at alkaline pHs.,P18405,,
CHEMBL1902,Homo sapiens,P62942,FKBP1A | Calstabin-1 | FKBP12 | FKBP1 | 12 kDa FKBP | Rotamase | FKBP-1A | 12 kDa FK506-binding protein | Peptidyl-prolyl cis-trans isomerase FKBP1A | FKBP-12 | FK506-binding protein 1A | PPIase FKBP1A | Immunophilin FKBP12,1.0,,P62942,,
CHEMBL1822,Homo sapiens,P20839,IMP dehydrogenase 1 | IMPD1 | IMPDH-I | IMPDH 1 | IMPD 1 | IMPDH1 | Inosine-5'-monophosphate dehydrogenase 1,7.0,,P20839,1|2|3|4|5|6|7,P20839-1|P20839-2|P20839-3|P20839-4|P20839-5|P20839-6|P20839-7
CHEMBL1951,Homo sapiens,P21397,MAOA | Monoamine oxidase type A | Amine oxidase [flavin-containing] A | MAO-A,2.0,,P21397,1|2,P21397-1|P21397-2
CHEMBL218,Homo sapiens,P21554,CB1 | CB-R | Cannabinoid receptor 1 | CNR | CNR1 | CANN6,3.0,,P21554,1|2|3,P21554-1|P21554-2|P21554-3
CHEMBL2056,Homo sapiens,P21728,Dopamine D1 receptor | DRD1 | D(1A) dopamine receptor,1.0,,P21728,,
CHEMBL219,Homo sapiens,P21917,D(4) dopamine receptor | DRD4 | D(2C) dopamine receptor | Dopamine D4 receptor,1.0,,P21917,,
CHEMBL2023,Homo sapiens,P21964,Catechol O-methyltransferase | COMT,2.0,,P21964,Membrane-bound|Soluble,P21964-1|P21964-2
CHEMBL220,Homo sapiens,P22303,AChE | Acetylcholinesterase | ACHE,4.0,,P22303,T|H|R|4,P22303-1|P22303-2|P22303-4|P22303-3
CHEMBL221,Homo sapiens,P23219,PGHS-1 | PGH synthase 1 | PTGS1 | Prostaglandin G/H synthase 1 | COX1 | Prostaglandin H2 synthase 1 | PHS 1 | Prostaglandin-endoperoxide synthase 1 | COX-1 | Cyclooxygenase-1,6.0,,P23219,1|2|3|4|5|6,P23219-1|P23219-2|P23219-3|P23219-4|P23219-5|P23219-6
CHEMBL222,Homo sapiens,P23975,NET | SLC6A2 | SLC6A5 | NET1 | Sodium-dependent noradrenaline transporter | Solute carrier family 6 member 2 | NAT1 | Norepinephrine transporter,3.0,,P23975,1|2|3,P23975-1|P23975-2|P23975-3
CHEMBL1941,Homo sapiens,P25021,HRH2 | HH2R | Gastric receptor I | Histamine H2 receptor | H2R,2.0,,P25021,1|2,P25021-1|P25021-2
CHEMBL223,Homo sapiens,P25100,ADRA1A | Alpha-1A adrenergic receptor | Alpha-1D adrenoreceptor | Alpha-adrenergic receptor 1a | ADRA1D | Alpha-1D adrenergic receptor | Alpha-1D adrenoceptor,1.0,,P25100,,
CHEMBL2039,Homo sapiens,P27338,Monoamine oxidase type B | MAOB | Amine oxidase [flavin-containing] B | MAO-B,2.0,,P27338,1|2,P27338-1|P27338-2
CHEMBL1983,Homo sapiens,P28221,HTRL | 5-hydroxytryptamine receptor 1D | HTR1DA | Serotonin receptor 1D | 5-HT1D | 5-HT-1D | Serotonin 1D alpha receptor | HTR1D | 5-HT-1D-alpha,1.0,,P28221,,
CHEMBL1898,Homo sapiens,P28222,Serotonin 1D beta receptor | HTR1B | 5-HT-1B | S12 | 5-HT1B | 5-hydroxytryptamine receptor 1B | HTR1DB | 5-HT-1D-beta | Serotonin receptor 1B,1.0,,P28222,,
CHEMBL224,Homo sapiens,P28223,5-HT-2 | 5-HT-2A | HTR2 | 5-hydroxytryptamine receptor 2A | Serotonin receptor 2A | HTR2A,2.0,,P28223,1|2,P28223-1|P28223-2
CHEMBL225,Homo sapiens,P28335,5-hydroxytryptamine receptor 2C | 5-hydroxytryptamine receptor 1C | 5-HT1C | 5-HT-1C | 5-HTR2C | 5-HT2C | HTR2C | HTR1C | 5-HT-2C | Serotonin receptor 2C,2.0,,P28335,1|2,P28335-1|P28335-2
CHEMBL1790,Homo sapiens,P30518,Vasopressin V2 receptor | DIR | DIR3 | V2R | Antidiuretic hormone receptor | AVPR V2 | AVPR2 | Renal-type arginine vasopressin receptor | ADHR,2.0,,P30518,1|2,P30518-1|P30518-2
CHEMBL226,Homo sapiens,P30542,ADORA1 | Adenosine receptor A1,2.0,,P30542,1|2,P30542-1|P30542-2
CHEMBL227,Homo sapiens,P30556,AGTR1A | AT1 receptor | Type-1 angiotensin II receptor | AT2R1 | Angiotensin II type-1 receptor | AT1AR | AGTR1B | AT1BR | AGTR1 | AT2R1B,1.0,,P30556,,
CHEMBL2049,Homo sapiens,P30559,Oxytocin receptor | OXTR | OT-R,1.0,,P30559,,
CHEMBL1804,Homo sapiens,P30874,SS-2-R | SSTR2 | SS2R | SS2-R | Somatostatin receptor type 2 | SST2 | SRIF-1,2.0,,P30874,A|B,P30874-1|P30874-2
CHEMBL1855,Homo sapiens,P30968,GnRH receptor | GnRH-R | GNRHR | GRHR | Gonadotropin-releasing hormone receptor,2.0,,P30968,1|2,P30968-1|P30968-2
CHEMBL1856,Homo sapiens,P31213,SR type 2 | Type II 5-alpha reductase | SRD5A2 | 3-oxo-5-alpha-steroid 4-dehydrogenase 2 | S5AR 2 | 5 alpha-SR2 | Steroid 5-alpha-reductase 2,1.0,Optimally active at acidic pHs.,P31213,,
CHEMBL228,Homo sapiens,P31645,SLC6A4 | 5HTT | Sodium-dependent serotonin transporter | HTT | 5HT transporter | SERT | Solute carrier family 6 member 4,2.0,,P31645,1|2,P31645-1|P31645-2
CHEMBL1800,Homo sapiens,P34998,CRFR-1 | CRFR | CRHR1 | CRH-R-1 | CRF-R1 | Corticotropin-releasing hormone receptor 1 | CRFR1 | CRF-R-1 | CRH-R1 | Corticotropin-releasing factor receptor 1 | CRHR,5.0,,P34998,CRF-R2|CRF-R1|CRF-R3|CRF-R4|5,P34998-2|P34998-1|P34998-3|P34998-4|P34998-5
CHEMBL229,Homo sapiens,P35348,Alpha-1A adrenoceptor | ADRA1A | Alpha-adrenergic receptor 1c | Alpha-1C adrenergic receptor | ADRA1C | Alpha-1A adrenoreceptor | Alpha-1A adrenergic receptor,9.0,,P35348,1|2|3|4|5|6|7|8|9,P35348-1|P35348-2|P35348-3|P35348-4|P35348-5|P35348-6|P35348-7|P35348-8|P35348-9
CHEMBL230,Homo sapiens,P35354,PHS II | PGHS-2 | COX-2 | PTGS2 | Prostaglandin G/H synthase 2 | Prostaglandin H2 synthase 2 | Prostaglandin-endoperoxide synthase 2 | Cyclooxygenase-2 | PGH synthase 2 | COX2,1.0,,P35354,,
CHEMBL231,Homo sapiens,P35367,H1R | HH1R | HRH1 | Histamine H1 receptor,1.0,,P35367,,
CHEMBL232,Homo sapiens,P35368,ADRA1B | Alpha-1B adrenoceptor | Alpha-1B adrenergic receptor | Alpha-1B adrenoreceptor,1.0,,P35368,,
CHEMBL233,Homo sapiens,P35372,OPRM1 | Mu-type opioid receptor | Mu opioid receptor | MOR1 | Mu opiate receptor | MOR-1 | M-OR-1 | hMOP | MOP,18.0,,P35372,1|2|3|4|5|6|7|8|9|10|11|12|13|14|15|16|17|18,P35372-1|P35372-2|P35372-3|P35372-4|P35372-5|P35372-6|P35372-7|P35372-8|P35372-9|P35372-10|P35372-11|P35372-12|P35372-13|P35372-14|P35372-15|P35372-16|P35372-17|P35372-18
CHEMBL234,Homo sapiens,P35462,Dopamine D3 receptor | DRD3 | D(3) dopamine receptor,2.0,,P35462,1|3,P35462-1|P35462-3
CHEMBL1845,Homo sapiens,P35498,SCN1A | SCN1 | Sodium channel protein brain I subunit alpha | NAC1 | Sodium channel protein type I subunit alpha | Voltage-gated sodium channel subunit alpha Nav1.1 | Sodium channel protein type 1 subunit alpha,3.0,,P35498,1|2|3,P35498-1|P35498-2|P35498-3
CHEMBL235,Homo sapiens,P37231,Nuclear receptor subfamily 1 group C member 3 | Peroxisome proliferator-activated receptor gamma | PPAR-gamma | PPARG | NR1C3,3.0,,P37231,2|1|3,P37231-1|P37231-2|P37231-3
CHEMBL1889,Homo sapiens,P37288,AVPR V1a | Antidiuretic hormone receptor 1a | AVPR1 | Vascular/hepatic-type arginine vasopressin receptor | Vasopressin V1a receptor | V1aR | AVPR1A,1.0,,P37288,,
CHEMBL236,Homo sapiens,P41143,D-OR-1 | OPRD1 | DOR-1 | OPRD | Delta-type opioid receptor,1.0,,P41143,,
CHEMBL237,Homo sapiens,P41145,OPRK | Kappa-type opioid receptor | OPRK1 | K-OR-1 | KOR-1,2.0,,P41145,1|2,P41145-1|P41145-2
CHEMBL2014,Homo sapiens,P41146,OOR | Kappa-type 3 opioid receptor | Orphanin FQ receptor | KOR-3 | OPRL1 | Nociceptin receptor | ORL1,2.0,,P41146,1|2,P41146-1|P41146-2
CHEMBL1987,Homo sapiens,P43088,Prostanoid FP receptor | PGF receptor | PGF2-alpha receptor | PTGFR | Prostaglandin F2-alpha receptor,7.0,,P43088,1|2|3|4|5|6|7,P43088-1|P43088-2|P43088-3|P43088-4|P43088-5|P43088-6|P43088-7
CHEMBL1881,Homo sapiens,P43116,Prostaglandin E2 receptor EP2 subtype | PGE receptor EP2 subtype | Prostanoid EP2 receptor | PGE2 receptor EP2 subtype | PTGER2,1.0,,P43116,,
CHEMBL1995,Homo sapiens,P43119,PRIPR | Prostacyclin receptor | PGI receptor | PGI2 receptor | Prostanoid IP receptor | PTGIR | Prostaglandin I2 receptor,1.0,,P43119,,
CHEMBL1899,Homo sapiens,P46098,5-HT3A | 5-hydroxytryptamine receptor 3 | Serotonin receptor 3A | 5-HT3R | 5-hydroxytryptamine receptor 3A | 5HT3R | Serotonin-gated ion channel receptor | 5-HT3-A | HTR3 | 5-HT-3 | HTR3A,5.0,,P46098,1|2|3|4|5,P46098-1|P46098-2|P46098-3|P46098-4|P46098-5
CHEMBL1849,Mycobacterium tuberculosis,P9WGR1,FAS-II enoyl-ACP reductase | Enoyl-ACP reductase | Enoyl-[acyl-carrier-protein] reductase [NADH] | NADH-dependent 2-trans-enoyl-ACP reductase | ENR | inhA,1.0,,P9WGR1,,
CHEMBL1985,Homo sapiens,P47871,Glucagon receptor | GL-R | GCGR,1.0,,P47871,,
CHEMBL1921,Homo sapiens,P47901,AVPR1B | V1bR | AVPR V1b | AVPR3 | Antidiuretic hormone receptor 1b | Vasopressin V1b receptor | VPR3 | Vasopressin V3 receptor | AVPR V3,1.0,,P47901,,
CHEMBL1929,Homo sapiens,P47989,XDHA | XDH | Xanthine dehydrogenase/oxidase,1.0,,P47989,,
CHEMBL238,Homo sapiens,Q01959,SLC6A3 | Sodium-dependent dopamine transporter | DAT1 | DAT | DA transporter | Solute carrier family 6 member 3,1.0,,Q01959,,
CHEMBL1966,Homo sapiens,Q02127,DHOdehase | DHODH | mitochondrial | Dihydroorotate dehydrogenase (quinone) | Dihydroorotate oxidase,1.0,,Q02127,,
CHEMBL2015,Homo sapiens,Q05586,N-methyl-D-aspartate receptor subunit NR1 | Glutamate [NMDA] receptor subunit zeta-1 | NMDA 1 | GluN1 | NMD-R1 | GRIN1 | NMDAR1 | Glutamate receptor ionotropic,7.0,,Q05586,3|1|2|4|5|6|7,Q05586-1|Q05586-2|Q05586-3|Q05586-4|Q05586-5|Q05586-6|Q05586-7
CHEMBL1893,Homo sapiens,Q05940,Monoamine transporter | Vesicular amine transporter 2 | Synaptic vesicular amine transporter | VAT2 | VMAT2 | SVMT | Solute carrier family 18 member 2 | SLC18A2,2.0,,Q05940,1|2,Q05940-1|Q05940-2
CHEMBL239,Homo sapiens,Q07869,PPAR | PPAR-alpha | Peroxisome proliferator-activated receptor alpha | NR1C1 | Nuclear receptor subfamily 1 group C member 1 | PPARA,2.0,,Q07869,1|2,Q07869-1|Q07869-2
CHEMBL240,Homo sapiens,Q12809,ERG1 | hERG1 | Potassium voltage-gated channel subfamily H member 2 | Ether-a-go-go-related protein 1 | H-ERG | KCNH2 | HERG | ERG | Ether-a-go-go-related gene potassium channel 1 | Eag homolog | ERG-1 | Eag-related protein 1 | hERG-1 | Voltage-gated potassium channel subunit Kv11.1,6.0,,Q12809,A|B|4|A-USO|B-USO|3.1,Q12809-1|Q12809-2|Q12809-4|Q12809-5|Q12809-6|Q12809-7
CHEMBL1972,Homo sapiens,Q12879,GRIN2A | N-methyl D-aspartate receptor subtype 2A | hNR2A | NMDA 2A | Glutamate [NMDA] receptor subunit epsilon-1 | GluN2A | NR2A | NMDAR2A | Glutamate receptor ionotropic,2.0,,Q12879,1|2,Q12879-1|Q12879-2
CHEMBL1875,Homo sapiens,Q13639,5-HT-4 | 5-HT4 | 5-hydroxytryptamine receptor 4 | Serotonin receptor 4 | HTR4,9.0,,Q13639,5-HT4(B)|5-HT4(A)|5-HT4(C)|5-HT4(D)|5-HT4(E)|5-HT4(F)|5-HT4(G)|5-HT4(I)|5-HT4c1,Q13639-1|Q13639-2|Q13639-3|Q13639-4|Q13639-5|Q13639-6|Q13639-7|Q13639-8|Q13639-9
CHEMBL1940,Homo sapiens,Q13936,Voltage-gated calcium channel subunit alpha Cav1.2 | CACNL1A1 | CCHL1A1 | Voltage-dependent L-type calcium channel subunit alpha-1C | Calcium channel | L type | CACNA1C | CACH2 | cardiac muscle | CACN2 | isoform 1 | alpha-1 polypeptide,37.0,,Q13936,1|2|3|4|5|6|7|8|9|10|11|12|13|14|15|16|17|18|19|20|21|22|23|24|25|26|27|28|29|30|31|32|33|34|35|36|37,Q13936-1|Q13936-2|Q13936-3|Q13936-4|Q13936-5|Q13936-6|Q13936-7|Q13936-8|Q13936-9|Q13936-10|Q13936-11|Q13936-12|Q13936-13|Q13936-14|Q13936-15|Q13936-16|Q13936-17|Q13936-18|Q13936-19|Q13936-20|Q13936-21|Q13936-22|Q13936-23|Q13936-24|Q13936-25|Q13936-26|Q13936-27|Q13936-28|Q13936-29|Q13936-30|Q13936-31|Q13936-32|Q13936-33|Q13936-34|Q13936-35|Q13936-36|Q13936-37
CHEMBL241,Homo sapiens,Q14432,"Cyclic GMP-inhibited phosphodiesterase A | cGI-PDE | CGI-PDE A | PDE3A | cGMP-inhibited cAMP phosphodiesterase | cGMP-inhibited 3',5'-cyclic phosphodiesterase 3A",1.0,,Q14432,,
CHEMBL242,Homo sapiens,Q92731,ER-beta | NR3A2 | ESR2 | ESTRB | Estrogen receptor beta | Nuclear receptor subfamily 3 group A member 2,9.0,,Q92731,1|2|3|4|5|6|7|8|9,Q92731-1|Q92731-2|Q92731-3|Q92731-4|Q92731-5|Q92731-6|Q92731-7|Q92731-8|Q92731-9
CHEMBL2001,Homo sapiens,Q9H244,P2Y12 platelet ADP receptor | P2Y(cyc) | HORK3 | ADP-glucose receptor | P2Y(ADP) | P2Y12 | P2T(AC) | P2Y(AC) | P2Y purinoceptor 12 | SP1999 | ADPG-R | P2RY12,1.0,,Q9H244,,
CHEMBL1798,Homo sapiens,Q9Y271,CYSLTR1 | CYSLT1 | G-protein coupled receptor HG55 | CysLTR1 | LTD4 receptor | Cysteinyl leukotriene receptor 1 | Cysteinyl leukotriene D4 receptor | HMTMF81,1.0,,Q9Y271,,
CHEMBL1892,Homo sapiens,Q04609,Pteroylpoly-gamma-glutamate carboxypeptidase | mGCP | PSM | PSMA | Membrane glutamate carboxypeptidase | FGCP | NAALAD1 | FOLH | Folylpoly-gamma-glutamate carboxypeptidase | NAALADase I | Folate hydrolase 1 | Prostate-specific membrane antigen | GCPII | Glutamate carboxypeptidase 2 | FOLH1 | Cell growth-inhibiting gene 27 protein | N-acetylated-alpha-linked acidic dipeptidase I | Glutamate carboxypeptidase II,8.0,Stable at pH greater than 6.5.,Q04609,PSMA-1|PSMA-3|PSMA-4|PSMA'|PSMA-7|PSMA-8|PSMA-9|10,Q04609-1|Q04609-3|Q04609-4|Q04609-6|Q04609-7|Q04609-8|Q04609-9|Q04609-10
CHEMBL1825,Homo sapiens,P01375,TNF-alpha | Tumor necrosis factor | Cachectin | TNF | TNFA | Tumor necrosis factor ligand superfamily member 2 | TNF-a | TNFSF2,1.0,,P01375,,
CHEMBL1824,Homo sapiens,P04626, | MLN 19 | Tyrosine kinase-type cell surface receptor HER2 | NEU | p185erbB2 | Receptor tyrosine-protein kinase erbB-2 | Proto-oncogene Neu | Proto-oncogene c-ErbB-2 | HER2 | ERBB2 | Metastatic lymph node gene 19 protein | NGL | MLN19,6.0,,P04626,1|2|3|4|5|6,P04626-1|P04626-2|P04626-3|P04626-4|P04626-5|P04626-6
CHEMBL1803,Homo sapiens,P20701, | LFA-1A | CD11A | CD11 antigen-like family member A | ITGAL | Integrin alpha-L | Leukocyte function-associated molecule 1 alpha chain | Leukocyte adhesion glycoprotein LFA-1 alpha chain,3.0,,P20701,1|2|3,P20701-1|P20701-2|P20701-3
CHEMBL243,Human immunodeficiency virus 1,Q72874,pol,1.0,,Q72874,,
CHEMBL244,Homo sapiens,P00742,Stuart factor | F10 | Coagulation factor X | Stuart-Prower factor,1.0,,P00742,,
CHEMBL1913,Homo sapiens,P09619, | Platelet-derived growth factor receptor 1 | PDGFR1 | PDGFR | Platelet-derived growth factor receptor beta | PDGFR-1 | CD140 antigen-like family member B | PDGF-R-beta | Beta-type platelet-derived growth factor receptor | Beta platelet-derived growth factor receptor | PDGFRB | PDGFR-beta,2.0,,P09619,1|2,P09619-1|P09619-2
CHEMBL1821,Homo sapiens,P08173,Muscarinic acetylcholine receptor M4 | CHRM4,1.0,,P08173,,
CHEMBL2035,Homo sapiens,P08912,Muscarinic acetylcholine receptor M5 | CHRM5,1.0,,P08912,,
CHEMBL1942,Homo sapiens,P18089,Alpha-2B adrenergic receptor | Alpha-2 adrenergic receptor subtype C2 | Alpha-2B adrenoreceptor | Alpha-2B adrenoceptor | ADRA2RL1 | ADRA2L1 | ADRA2B | Alpha-2BAR,1.0,,P18089,,
CHEMBL1916,Homo sapiens,P18825,Alpha-2CAR | ADRA2L2 | Alpha-2C adrenoceptor | Alpha-2C adrenoreceptor | ADRA2RL2 | ADRA2C | Alpha-2C adrenergic receptor | Alpha-2 adrenergic receptor subtype C4,1.0,,P18825,,
CHEMBL245,Homo sapiens,P20309,Muscarinic acetylcholine receptor M3 | CHRM3,1.0,,P20309,,
CHEMBL1850,Homo sapiens,P21918,DRD5 | DRD1L2 | DRD1B | D1beta dopamine receptor | Dopamine D5 receptor | D(5) dopamine receptor | D(1B) dopamine receptor,1.0,,P21918,,
CHEMBL1904,Homo sapiens,Q13224,GRIN2B | Glutamate [NMDA] receptor subunit epsilon-2 | N-methyl D-aspartate receptor subtype 2B | NR3 | hNR3 | NMDAR2B | NMDA 2B | GluN2B | NR2B | N-methyl-D-aspartate receptor subunit 3 | Glutamate receptor ionotropic,1.0,,Q13224,,
CHEMBL1833,Homo sapiens,P41595,5-HT-2B | Serotonin receptor 2B | HTR2B | 5-HT2B | 5-hydroxytryptamine receptor 2B,1.0,,P41595,,
CHEMBL247,Human immunodeficiency virus 1,Q72547,pol,1.0,,Q72547,,
CHEMBL1957,Homo sapiens,P08069, | IGF-I receptor | IGF1R | Insulin-like growth factor 1 receptor | Insulin-like growth factor I receptor,1.0,,P08069,,
CHEMBL248,Homo sapiens,P08246,Bone marrow serine protease | Neutrophil elastase | ELA2 | Human leukocyte elastase | HLE | Medullasin | Elastase-2 | PMN elastase | ELANE,1.0,,P08246,,
CHEMBL1944,Homo sapiens,P08473, | Neutral endopeptidase | EPN | Atriopeptidase | Neutral endopeptidase 24.11 | CALLA | NEP | MME | Neprilysin | Common acute lymphocytic leukemia antigen | Skin fibroblast elastase | SFE | Enkephalinase,1.0,,P08473,,
CHEMBL4618,Homo sapiens,P09960,Tripeptide aminopeptidase LTA4H | Leukotriene A-4 hydrolase | LTA-4 hydrolase | Leukotriene A(4) hydrolase | LTA4H | LTA4,4.0,,P09960,1|2|3|4,P09960-1|P09960-2|P09960-3|P09960-4
CHEMBL1936,Homo sapiens,P10721, | p145 c-kit | Tyrosine-protein kinase Kit | v-kit Hardy-Zuckerman 4 feline sarcoma viral oncogene homolog | Proto-oncogene c-Kit | Mast/stem cell growth factor receptor Kit | SCFR | Piebald trait protein | PBT | KIT,3.0,,P10721,1|2|3,P10721-1|P10721-2|P10721-4
CHEMBL1900,Homo sapiens,P15121,Aldehyde reductase | AKR1B1 | AR | Aldose reductase | ALR2 | Aldo-keto reductase family 1 member B1 | ALDR1,1.0,,P15121,,
CHEMBL1907,Homo sapiens,P15144, | AP-M | PEPN | AP-N | Aminopeptidase N | Alanyl aminopeptidase | Myeloid plasma membrane glycoprotein CD13 | CD13 | hAPN | gp150 | Microsomal aminopeptidase | Aminopeptidase M | ANPEP | APN,1.0,,P15144,,
CHEMBL2069,Homo sapiens,P21731,Prostanoid TP receptor | TXA2-R | TBXA2R | Thromboxane A2 receptor,2.0,,P21731,1|2,P21731-3|P21731-2
CHEMBL1785,Homo sapiens,P24530,ETRB | Endothelin receptor type B | ET-BR | ET-B | Endothelin receptor non-selective type | EDNRB,3.0,,P24530,A|B|C,P24530-1|P24530-2|P24530-3
CHEMBL252,Homo sapiens,P25101,ETA | ETA-R | ET-A | EDNRA | Endothelin-1 receptor | Endothelin receptor type A | hET-AR | ETRA,5.0,,P25101,1|2|3|4|5,P25101-1|P25101-2|P25101-3|P25101-4|P25101-5
CHEMBL249,Homo sapiens,P25103,TAC1R | TACR1 | SPR | Substance-P receptor | NK-1R | Tachykinin receptor 1 | NK1R | NK-1 receptor,2.0,,P25103,1|2,P25103-1|P25103-3
CHEMBL250,Homo sapiens,P25105,PAFr | PAFR | Platelet-activating factor receptor | PTAFR | PAF-R,1.0,,P25105,,
CHEMBL251,Homo sapiens,P29274,ADORA2 | ADORA2A | Adenosine receptor A2a,1.0,,P29274,,
CHEMBL253,Homo sapiens,P34972,CB2B | CB-2 | Cannabinoid receptor 2 | hCB2 | CX5 | CB2 | CB2A | CNR2,1.0,,P34972,,
CHEMBL1811,Homo sapiens,P34995,Prostaglandin E2 receptor EP1 subtype | PTGER1 | PGE receptor EP1 subtype | PGE2 receptor EP1 subtype | Prostanoid EP1 receptor,1.0,,P34995,,
CHEMBL1836,Homo sapiens,P35408,Prostanoid EP4 receptor | PTGER4 | PGE receptor EP4 subtype | Prostaglandin E2 receptor EP4 subtype | PGE2 receptor EP4 subtype | PTGER2,1.0,,P35408,,
CHEMBL1947,Homo sapiens,P10828,Thyroid hormone receptor beta | ERBA2 | c-erbA-2 | THR1 | c-erbA-beta | NR1A2 | Nuclear receptor subfamily 1 group A member 2 | THRB,2.0,,P10828,Beta-1|Beta-2,P10828-1|P10828-2|P37243-1
CHEMBL2061,Homo sapiens,P19793,NR2B1 | Retinoid X receptor alpha | Nuclear receptor subfamily 2 group B member 1 | RXRA | Retinoic acid receptor RXR-alpha,2.0,,P19793,1|2,P19793-1|P19793-2
CHEMBL254,Homo sapiens,P27815,"PDE46 | DPDE2 | cAMP-specific 3',5'-cyclic phosphodiesterase 4A | PDE4A",7.0,,P27815,1|2|3|4|5|6|7,P27815-1|P27815-2|P27815-3|P27815-4|P27815-5|P27815-6|P27815-7
CHEMBL255,Homo sapiens,P29275,Adenosine receptor A2b | ADORA2B,1.0,,P29275,,
CHEMBL1805,Homo sapiens,P30939,HTR1EL | 5-hydroxytryptamine receptor 1F | Serotonin receptor 1F | 5-HT-1F | HTR1F | 5-HT1F,1.0,,P30939,,
CHEMBL256,Homo sapiens,P0DMS8,Adenosine receptor A3 | ADORA3,3.0,,P0DMS8,2|1|3,P0DMS8-1|P0DMS9-2|P0DMS9-1
CHEMBL1993,Homo sapiens,P26358,DNA (cytosine-5)-methyltransferase 1 | M.HsaI | DNA MTase HsaI | DNMT | AIM | CXXC9 | MCMT | Dnmt1 | CXXC-type zinc finger protein 9 | DNA methyltransferase HsaI | DNMT1,3.0,,P26358,1|2|3,P26358-1|P26358-2|P26358-3
CHEMBL1992,Homo sapiens,Q9Y6K1,DNA methyltransferase HsaIIIA | DNA (cytosine-5)-methyltransferase 3A | DNMT3A | M.HsaIIIA | Dnmt3a | Cysteine methyltransferase DNMT3A | DNA MTase HsaIIIA,3.0,,Q9Y6K1,1|2|3,Q9Y6K1-1|Q9Y6K1-2|Q9Y6K1-3
CHEMBL2027,Homo sapiens,Q9UHC9,NPC1L1 | Niemann-Pick C1-like protein 1 | NPC1-like intracellular cholesterol transporter 1,4.0,,Q9UHC9,1|2|3|4,Q9UHC9-1|Q9UHC9-2|Q9UHC9-3|Q9UHC9-4
CHEMBL2581,Homo sapiens,P07339,CPSD | Cathepsin D | CTSD,1.0,,P07339,,
CHEMBL4713,Homo sapiens,P15169,Carboxypeptidase N catalytic chain | Kininase-1 | Carboxypeptidase N small subunit | CPN | ACBP | Carboxypeptidase N polypeptide 1 | Plasma carboxypeptidase B | Arginine carboxypeptidase | CPN1 | SCPN | Lysine carboxypeptidase | Serum carboxypeptidase N | Anaphylatoxin inactivator,1.0,,P15169,,
CHEMBL4329,Mus musculus,P33534,Kappa-type opioid receptor | MSL-1 | K-OR-1 | KOR-1 | Oprk1,1.0,,P33534,,
CHEMBL5113,Homo sapiens,O43613,Orexin receptor type 1 | Hypocretin receptor type 1 | Orexin/Hypocretin receptor type 1 | Ox1-R | HCRTR1 | Ox-1-R | Ox1R,1.0,,O43613,,
CHEMBL2135,Rattus norvegicus,P49653,ATP receptor | P2X purinoceptor 2 | P2X2 | Purinergic receptor | P2rx2,3.0,,P49653,P2RX2-1|P2RX2-2|P2RX2-3,P49653-1|P49653-2|P49653-3
CHEMBL5135,Cavia porcellus,O70344,Voltage-gated potassium channel subunit Kv7.1 | KQT-like 1 | IKs producing slow voltage-gated potassium channel subunit alpha KvLQT1 | Potassium voltage-gated channel subfamily KQT member 1 | KVLQT1 | KCNQ1,1.0,,O70344,,
CHEMBL2136,Homo sapiens,P20142,Pepsinogen C | Gastricsin | PGC,2.0,,P20142,1|2,P20142-1|P20142-2
CHEMBL4977,Homo sapiens,P05412,p39 | AP1 | Activator protein 1 | Transcription factor Jun | Proto-oncogene c-Jun | JUN | V-jun avian sarcoma virus 17 oncogene homolog | Transcription factor AP-1 subunit Jun,1.0,,P05412,,
CHEMBL3157,Homo sapiens,P30411,BK-2 receptor | BDKRB2 | BKR2 | B2 bradykinin receptor | B2R,2.0,,P30411,Long|Short,P30411-1|P30411-2
CHEMBL3629,Homo sapiens,P68400,CSNK2A1 | CK2A1 | CK II alpha | Casein kinase II subunit alpha,2.0,,P68400,1|2,P68400-1|P68400-2
CHEMBL3160,Mus musculus,P07607,TSase | Tyms | Thymidylate synthase | TS,1.0,,P07607,,
CHEMBL2469,Homo sapiens,Q9BZX2,UCK2 | Uridine monophosphokinase 2 | UMPK | UCK 2 | Testis-specific protein TSA903 | Cytidine monophosphokinase 2 | Uridine-cytidine kinase 2,2.0,,Q9BZX2,1|2,Q9BZX2-1|Q9BZX2-2
CHEMBL3142,Homo sapiens,P78527,DNA-PKcs | HYRC | DNA-PK catalytic subunit | DNPK1 | PRKDC | HYRC1 | DNA-dependent protein kinase catalytic subunit | p460,2.0,,P78527,1|2,P78527-1|P78527-2
CHEMBL2470,Rattus norvegicus,Q9QZN9,CB-2 | Cnr2 | Cannabinoid receptor 2 | rCB2 | CB2,2.0,,Q9QZN9,1|2,Q9QZN9-1|Q9QZN9-2
CHEMBL3719,Mus musculus,P56450,MC4-R | Mc4r | Melanocortin receptor 4,1.0,,P56450,,
CHEMBL3313,Torpedo californica,P81721,Vesicular acetylcholine transporter | VAChT | TorVAChT,1.0,,P81721,,
CHEMBL2443,Homo sapiens,P49862,KLK7 | Stratum corneum chymotryptic enzyme | hK7 | hSCCE | Serine protease 6 | SCCE | Kallikrein-7 | PRSS6,2.0,,P49862,1|2,P49862-1|P49862-2
CHEMBL4068,Homo sapiens,P23946,CYM | CMA1 | Mast cell protease I | CYH | Alpha-chymase | Chymase,2.0,,P23946,1|2,P23946-1|P23946-2
CHEMBL3314,Bos taurus,P00766,Chymotrypsinogen A,1.0,,P00766,,
CHEMBL2447,Homo sapiens,P27707,Deoxycytidine kinase | DCK | dCK | Deoxyguanosine kinase | Deoxyadenosine kinase,1.0,,P27707,,
CHEMBL4647,Homo sapiens,Q9HBH1,Peptide deformylase | PDF1A | PDF | Polypeptide deformylase | mitochondrial,1.0,,Q9HBH1,,
CHEMBL2575,Gallus gallus,P00378,DHFR | Dihydrofolate reductase,1.0,,P00378,,
CHEMBL4550,Homo sapiens,P20292,MK-886-binding protein | ALOX5AP | Arachidonate 5-lipoxygenase-activating protein | FLAP,1.0,,P20292,,
CHEMBL2121,Homo sapiens,P15328,FOLR1 | Folate receptor | adult | KB cells FBP | Adult folate-binding protein | Folate receptor alpha | Ovarian tumor-associated antigen MOv18 | FBP | FOLR | Folate receptor 1 | FR-alpha,1.0,,P15328,,
CHEMBL4769,Homo sapiens,O95749,"Geranylgeranyl pyrophosphate synthase | Farnesyltranstransferase | Geranylgeranyl diphosphate synthase | Geranyltranstransferase | GGPPSase | Dimethylallyltranstransferase | GGPS1 | Farnesyl diphosphate synthase | GGPP synthase | (2E,6E)-farnesyl diphosphate synthase",2.0,,O95749,1|2,O95749-1|O95749-2
CHEMBL3961,Homo sapiens,Q15759,MAP kinase 11 | p38b | Mitogen-activated protein kinase 11 | Stress-activated protein kinase 2b | PRKM11 | Mitogen-activated protein kinase p38 beta | SAPK2 | MAPK 11 | SAPK2b | MAP kinase p38 beta | p38-2 | SAPK2B | MAPK11,2.0,,Q15759,1|2,Q15759-1|Q15759-3
CHEMBL4833,Homo sapiens,P41440,Intestinal folate carrier 1 | Reduced folate transporter 1 | Placental folate transporter | SLC19A1 | Solute carrier family 19 member 1 | Reduced folate carrier protein | FOLT | hRFC | RFC1 | FLOT1 | RFT-1 | Reduced folate transporter | RFC | Cyclic dinucleotide:anion antiporter SLC19A1 | IFC-1 | Folate:anion antiporter SLC19A1 | hSLC19A1,3.0,,P41440,1|2|3,P41440-1|P41440-2|P41440-3
CHEMBL2334,Homo sapiens,P42574,Apopain | CPP32 | SCA-1 | Caspase-3 | CASP3 | CASP-3 | SREBP cleavage activity 1 | Protein Yama | CPP-32 | Cysteine protease CPP32,1.0,,P42574,,
CHEMBL3429,Homo sapiens,P11474,ESRL1 | Estrogen receptor-like 1 | Steroid hormone receptor ERR1 | NR3B1 | ESRRA | Nuclear receptor subfamily 3 group B member 1 | ERR-alpha | ERR1 | Estrogen-related receptor alpha,2.0,,P11474,1|2,P11474-1|P11474-2
CHEMBL3514,Homo sapiens,Q13093,gVIIA-PLA2 | LDL-PLA(2) | 1-alkyl-2-acetylglycerophosphocholine esterase | PAF acetylhydrolase | LDL-associated phospholipase A2 | PAF 2-acylhydrolase | Platelet-activating factor acetylhydrolase | PLA2G7 | 2-acetyl-1-alkylglycerophosphocholine esterase | Group-VIIA phospholipase A2 | PAFAH,1.0,,Q13093,,
CHEMBL2885,Homo sapiens,P07451,CA3 | Carbonate dehydratase III | Carbonic anhydrase 3 | Carbonic anhydrase III | CA-III,1.0,,P07451,,
CHEMBL258,Homo sapiens,P06239,Protein YT16 | p56-LCK | Proto-oncogene Lck | T cell-specific protein-tyrosine kinase | Lymphocyte cell-specific protein-tyrosine kinase | LSK | LCK | Leukocyte C-terminal Src kinase | Tyrosine-protein kinase Lck,3.0,,P06239,Long|Short|3,P06239-1|P06239-2|P06239-3
CHEMBL4835,Homo sapiens,P00338,Cell proliferation-inducing gene 19 protein | LDH muscle subunit | L-lactate dehydrogenase A chain | LDHA | Renal carcinoma antigen NY-REN-59 | LDH-M | LDH-A,5.0,,P00338,1|2|3|4|5,P00338-1|P00338-2|P00338-3|P00338-4|P00338-5
CHEMBL259,Homo sapiens,P32245,MC4-R | MC4R | Melanocortin receptor 4,1.0,,P32245,,
CHEMBL4877,Homo sapiens,P50391,PPYR1 | Pancreatic polypeptide receptor 1 | NPY4R | NPY4-R | PP1 | Neuropeptide Y receptor type 4,1.0,,P50391,,
CHEMBL3898,Homo sapiens,P13497,Mammalian tolloid protein | PCP | BMP-1 | mTld | PCOLC | BMP1 | Procollagen C-proteinase | Bone morphogenetic protein 1,7.0,,P13497,BMP1-3|BMP1-1|BMP1-2|BMP1-4|BMP1-5|BMP1-6|BMP1-7,P13497-1|P13497-2|P13497-7|P13497-3|P13497-4|P13497-5|P13497-6
CHEMBL4878,Homo sapiens,Q16678,CYPIB1 | CYP1B1 | Cytochrome P450 1B1 | Hydroperoxy icosatetraenoate dehydratase,1.0,,Q16678,,
CHEMBL2360,Homo sapiens,P00492,HPRT | HGPRT | HPRT1 | Hypoxanthine-guanine phosphoribosyltransferase | HGPRTase,1.0,,P00492,,
CHEMBL2081,Homo sapiens,P09488,GSTM1b-1b | GSTM1-1 | Glutathione S-transferase Mu 1 | GST1 | GST class-mu 1 | GTH4 | GST HB subunit 4 | GSTM1 | GSTM1a-1a,2.0,,P09488,1|2,P09488-1|P09488-2
CHEMBL2888,Homo sapiens,Q14832,GPRC1C | mGluR3 | Metabotropic glutamate receptor 3 | MGLUR3 | GRM3,2.0,,Q14832,1|2,Q14832-1|Q14832-2
CHEMBL3959,Homo sapiens,P16083,NQO2 | NRH:quinone oxidoreductase 2 | NRH dehydrogenase [quinone] 2 | NMOR2 | QR2 | Quinone reductase 2 | Ribosyldihydronicotinamide dehydrogenase [quinone],1.0,,P16083,,
CHEMBL1853,Homo sapiens,P31391,SSTR4 | SS-4-R | Somatostatin receptor type 4 | SS4R | SST4 | SS4-R,1.0,,P31391,,
CHEMBL2327,Homo sapiens,P21452,TACR2 | Neurokinin A receptor | NK2R | NKNAR | NK-2 receptor | Tachykinin receptor 2 | NK-2R | TAC2R | Substance-K receptor | SKR,1.0,,P21452,,
CHEMBL3589,Homo sapiens,P55263,Adenosine 5'-phosphotransferase | Adenosine kinase | AK | ADK,4.0,,P55263,1|2|3|4,P55263-1|P55263-2|P55263-3|P55263-4
CHEMBL3025,Homo sapiens,P23280,CA-VI | CA6 | Carbonic anhydrase 6 | Salivary carbonic anhydrase | Carbonate dehydratase VI | Carbonic anhydrase VI | Secreted carbonic anhydrase,3.0,,P23280,1|2|3,P23280-1|P23280-2|P23280-3
CHEMBL260,Homo sapiens,Q16539,CSBP | Mitogen-activated protein kinase p38 alpha | SAPK2a | MAP kinase MXI2 | CSPB1 | CSBP1 | MAPK 14 | Cytokine suppressive anti-inflammatory drug-binding protein | CSAID-binding protein | MAP kinase 14 | MXI2 | MAX-interacting protein 2 | Mitogen-activated protein kinase 14 | MAP kinase p38 alpha | Stress-activated protein kinase 2a | MAPK14 | CSBP2 | SAPK2A,5.0,,Q16539,CSBP2|CSBP1|Mxi2|Exip|5,Q16539-1|Q16539-2|Q16539-3|Q16539-4|Q16539-5
CHEMBL2083,Homo sapiens,P15090,Adipocyte-type fatty acid-binding protein | ALBP | adipocyte | Fatty acid-binding protein 4 | FABP4 | Adipocyte lipid-binding protein | Fatty acid-binding protein | A-FABP | AFABP,1.0,,P15090,,
CHEMBL4894,Homo sapiens,P47211,GALR-1 | GALR1 | GALNR1 | Galanin receptor type 1 | GAL1-R | GALNR,1.0,,P47211,,
CHEMBL261,Homo sapiens,P00915,CA1 | CAB | Carbonic anhydrase 1 | Cyanamide hydratase CA1 | Carbonate dehydratase I | Carbonic anhydrase B | CA-I | Carbonic anhydrase I,1.0,,P00915,,
CHEMBL262,Homo sapiens,P49841,Glycogen synthase kinase-3 beta | GSK-3 beta | GSK3B | Serine/threonine-protein kinase GSK3B,2.0,,P49841,1|2,P49841-1|P49841-2
CHEMBL4306,Homo sapiens,P22460,Voltage-gated potassium channel HK2 | Potassium voltage-gated channel subfamily A member 5 | HPCN1 | KCNA5 | Voltage-gated potassium channel subunit Kv1.5,2.0,,P22460,1|2,P22460-1|P22460-2
CHEMBL4940,Homo sapiens,P07195,LDHB | LDH heart subunit | LDH-H | Renal carcinoma antigen NY-REN-46 | LDH-B | L-lactate dehydrogenase B chain,1.0,,P07195,,
CHEMBL2085,Homo sapiens,P14174,MIF | Glycosylation-inhibiting factor | L-dopachrome tautomerase | Phenylpyruvate tautomerase | Macrophage migration inhibitory factor | GIF | MMIF | GLIF | L-dopachrome isomerase,1.0,,P14174,,
CHEMBL4941,Homo sapiens,Q13126,5'-methylthioadenosine phosphorylase | MTAP | MSAP | S-methyl-5'-thioadenosine phosphorylase | MTAPase | MTA phosphorylase,7.0,Optimum pH is 7.2-7.6.,Q13126,1|2|3|4|5|6|7,Q13126-1|Q13126-2|Q13126-3|Q13126-4|Q13126-5|Q13126-6|Q13126-7
CHEMBL3155,Homo sapiens,P34969,Serotonin receptor 7 | 5-HT-X | HTR7 | 5-HT7 | 5-HT-7 | 5-hydroxytryptamine receptor 7,3.0,,P34969,D|A|B,P34969-1|P34969-2|P34969-3
CHEMBL3438,Homo sapiens,Q05513,PKC2 | Protein kinase C zeta type | nPKC-zeta | PRKCZ,3.0,,Q05513,1|2|3,Q05513-1|Q05513-2|Q05513-3
CHEMBL3776,Homo sapiens,Q14790,CASP-8 | CASP8 | ICE-like apoptotic protease 5 | FADD-homologous ICE/ced-3-like protease | FLICE | MACH | FADD-like ICE | Apoptotic protease Mch-5 | CAP4 | Apoptotic cysteine protease | MORT1-associated ced-3 homolog | Caspase-8 | MCH5,9.0,,Q14790,1|2|3|4|5|6|7|8|9,Q14790-1|Q14790-2|Q14790-3|Q14790-4|Q14790-5|Q14790-6|Q14790-7|Q14790-8|Q14790-9
CHEMBL3807,Homo sapiens,P17706,Tyrosine-protein phosphatase non-receptor type 2 | PTPT | TCPTP | T-cell protein-tyrosine phosphatase | PTPN2,4.0,,P17706,1|2|3|4,P17706-1|P17706-2|P17706-3|P17706-4
CHEMBL4794,Homo sapiens,Q8NER1,VR1 | Capsaicin receptor | Transient receptor potential cation channel subfamily V member 1 | TRPV1 | OTRPC1 | TrpV1 | Osm-9-like TRP channel 1 | Vanilloid receptor 1,2.0,,Q8NER1,1|2,Q8NER1-1|Q8NER1-3
CHEMBL4142,Homo sapiens,P21802, | BEK | KSAM | FGFR2 | Keratinocyte growth factor receptor | Fibroblast growth factor receptor 2 | KGFR | K-sam | FGFR-2,17.0,,P21802,1|2|3|4|5|6|7|8|9|10|11|12|13|14|15|16|17,P21802-1|P21802-2|P21802-3|P21802-4|P21802-5|P21802-6|P21802-8|P21802-14|P21802-15|P21802-16|P21802-17|P21802-18|P21802-19|P21802-20|P21802-21|P21802-22|P21802-23
CHEMBL3650,Homo sapiens,P11362, | HBGFR | FGFBR | FLG | Basic fibroblast growth factor receptor 1 | Proto-oncogene c-Fgr | Fibroblast growth factor receptor 1 | N-sam | CEK | FLT2 | bFGF-R-1 | Fms-like tyrosine kinase 2 | FGFR1 | FGFR-1 | FLT-2 | BFGFR,21.0,,P11362,1|2|3|4|5|6|7|8|9|10|11|12|13|14|15|16|17|18|19|20|21,P11362-1|P11362-8|P11362-17|P11362-2|P11362-9|P11362-3|P11362-10|P11362-4|P11362-11|P11362-5|P11362-12|P11362-6|P11362-13|P11362-7|P11362-14|P11362-15|P11362-16|P11362-18|P11362-19|P11362-20|P11362-21
CHEMBL3066,Rattus norvegicus,P30969,GnRH receptor | Gonadotropin-releasing hormone receptor | Gnrhr | GnRH-R,1.0,,P30969,,
CHEMBL4708,Homo sapiens,Q13188,MST2 | STE20-like kinase MST2 | Mammalian STE20-like protein kinase 2 | MST-2 | KRS1 | STK3 | Serine/threonine-protein kinase 3 | Serine/threonine-protein kinase Krs-1,2.0,,Q13188,1|2,Q13188-1|Q13188-2
CHEMBL264,Homo sapiens,Q9Y5N1,HRH3 | GPCR97 | H3R | G-protein coupled receptor 97 | Histamine H3 receptor | HH3R,7.0,,Q9Y5N1,1|2|3|4|5|6|7,Q9Y5N1-1|Q9Y5N1-2|Q9Y5N1-3|Q9Y5N1-4|Q9Y5N1-5|Q9Y5N1-6|Q9Y5N1-7
CHEMBL5373,Mus musculus,P47936,CB-2 | Cnr2 | Cannabinoid receptor 2 | mCB2 | CB2,1.0,,P47936,,
CHEMBL3708,Homo sapiens,P49810,PS-2 | AD5 | E5-1 | STM-2 | PSNL2 | PSEN2 | Presenilin-2 | AD3LP | AD4 | STM2 | PS2,3.0,,P49810,1|2|3,P49810-1|P49810-2|P49810-3
CHEMBL265,Rattus norvegicus,P18901,Dopamine D1 receptor | Drd1a | Drd1 | D(1A) dopamine receptor,1.0,,P18901,,
CHEMBL4828,Rattus norvegicus,Q01827,Monoamine transporter | Vesicular amine transporter 2 | Synaptic vesicular amine transporter | Svat | Slc18a2 | VAT2 | Vmat2 | Solute carrier family 18 member 2,1.0,,Q01827,,
CHEMBL3222,Mus musculus,P32300,D-OR-1 | DOR-1 | MSL-2 | Delta-type opioid receptor | Oprd1 | K56,1.0,,P32300,,
CHEMBL3419,Homo sapiens,Q96IY4,TAFI | CPB2 | Thrombin-activable fibrinolysis inhibitor | Carboxypeptidase B2 | CPU | Carboxypeptidase U | pCPB | Plasma carboxypeptidase B,2.0,,Q96IY4,1|2,Q96IY4-1|Q96IY4-2
CHEMBL3710,Homo sapiens,P43115,PGE2-R | PGE receptor EP3 subtype | PTGER3 | PGE2 receptor EP3 subtype | Prostaglandin E2 receptor EP3 subtype | Prostanoid EP3 receptor,12.0,,P43115,EP3A|EP3C|EP3B|EP3D|EP3E|EP3F|EP3G|EP3-III|EP3-IV|EP3-V|EP3E2|12,P43115-1|P43115-2|P43115-3|P43115-4|P43115-5|P43115-6|P43115-7|P43115-8|P43115-9|P43115-10|P43115-11|P43115-12
CHEMBL3351,Homo sapiens,Q13085,Acetyl-CoA carboxylase 1 | ACC1 | ACC-alpha | Acetyl-Coenzyme A carboxylase alpha | ACCA | ACAC | ACACA,4.0,,Q13085,1|2|3|4,Q13085-1|Q13085-2|Q13085-3|Q13085-4
CHEMBL2335,Homo sapiens,P42785,PCP | Proline carboxypeptidase | Lysosomal Pro-X carboxypeptidase | Prolylcarboxypeptidase | Angiotensinase C | PRCP | Lysosomal carboxypeptidase C,2.0,,P42785,1|2,P42785-1|P42785-2
CHEMBL3775,Homo sapiens,P30304,M-phase inducer phosphatase 1 | Dual specificity phosphatase Cdc25A | CDC25A,2.0,,P30304,1|2,P30304-1|P30304-2
CHEMBL2733,Mus musculus,O08858,SS5R | Somatostatin receptor type 5 | Sstr5 | SS-5-R | SS5-R | Smstr5,1.0,,O08858,,
CHEMBL2828,Homo sapiens,P48730,Tau-protein kinase CSNK1D | CSNK1D | Casein kinase I isoform delta | HCKID | CKId | CKI-delta,2.0,,P48730,1|2,P48730-1|P48730-2
CHEMBL2099,Homo sapiens,P07288,Gamma-seminoprotein | Kallikrein-3 | P-30 antigen | PSA | Prostate-specific antigen | Semenogelase | KLK3 | Seminin | APS,5.0,,P07288,1|2|3|4|5,P07288-1|P07288-2|P07288-3|P07288-4|P07288-5
CHEMBL4072,Homo sapiens,P07858,CPSB | Cathepsin B | Cathepsin B1 | APPS | APP secretase | CTSB,1.0,,P07858,,
CHEMBL4471,Bos taurus,P00735,Coagulation factor II | Prothrombin | F2,1.0,,P00735,,
CHEMBL2104,Homo sapiens,Q99571,ATP receptor | P2X purinoceptor 4 | P2X4 | P2RX4 | Purinergic receptor,3.0,,Q99571,1|2|3,Q99571-1|Q99571-2|Q99571-3
CHEMBL4805,Homo sapiens,Q99572,ATP receptor | P2X purinoceptor 7 | P2X7 | Purinergic receptor | P2Z receptor | P2RX7,8.0,,Q99572,A|B|C|D|E|F|G|H,Q99572-1|Q99572-2|Q99572-3|Q99572-4|Q99572-5|Q99572-6|Q99572-7|Q99572-8
CHEMBL3595,Homo sapiens,P42263,GLURC | GluR-K3 | GluR-3 | AMPA-selective glutamate receptor 3 | GRIA3 | Glutamate receptor 3 | GLUR3 | GluA3 | AMPA 3 | GluR-C | Glutamate receptor ionotropic,2.0,,P42263,Flop|Flip,P42263-1|P42263-2
CHEMBL267,Homo sapiens,P12931,Proto-oncogene c-Src | SRC1 | pp60c-src | p60-Src | Proto-oncogene tyrosine-protein kinase Src | SRC,3.0,,P12931,1|2|3,P12931-1|P12931-2|P12931-3
CHEMBL4780,Torpedo californica,P04058,AChE | Acetylcholinesterase | ache,2.0,,P04058,H|T,P04058-1|P04058-2
CHEMBL4074,Oryctolagus cuniculus,P12822, | Angiotensin-converting enzyme | ACE | DCP1 | Kininase II | Dipeptidyl carboxypeptidase I,2.0,,P12822,Somatic|Testis-specific,P12822-1|P12822-2|P22968-1
CHEMBL3768,Oryctolagus cuniculus,P08049, | Neutral endopeptidase | Atriopeptidase | Neutral endopeptidase 24.11 | NEP | MME | Neprilysin | Skin fibroblast elastase | SFE | Enkephalinase,1.0,,P08049,,
CHEMBL3769,Bos taurus,P00760,Trypsin I | PRSS1 | Trypsin-I | TRY1 | Cationic trypsin | Anionic trypsin-I | TRYP1 | TRP1 | Beta-trypsin | Pretrypsinogen I | Anionic trypsin I | Serine protease 1,1.0,,P00760,,
CHEMBL5131,Trypanosoma cruzi,P28593,"TPR | Trypanothione reductase | N(1),N(8)-bis(glutathionyl)spermidine reductase | TR",1.0,,P28593,,
CHEMBL3563,Trypanosoma cruzi,P25779,Cruzipain | Major cysteine proteinase | Cruzaine,1.0,,P25779,,
CHEMBL3564,Thermus aquaticus,P19821,thermostable | Taq polymerase 1 | DNA polymerase I | pol1 | polA,1.0,,P19821,,
CHEMBL2425,Toxoplasma gondii,Q07422,DHFR-TS | Bifunctional dihydrofolate reductase-thymidylate synthase,1.0,,Q07422,,
CHEMBL2902,Lactobacillus casei,P00381,folA | dhfR | Dihydrofolate reductase,1.0,,P00381,,
CHEMBL1926,Pneumocystis carinii,P16184,Dihydrofolate reductase,1.0,,P16184,,
CHEMBL1901,Homo sapiens,P32238,Cholecystokinin-1 receptor | CCK-A receptor | CCKRA | CCK-AR | CCKAR | Cholecystokinin receptor type A | CCK1-R,1.0,,P32238,,
CHEMBL2107,Homo sapiens,P61073, | C-X-C chemokine receptor type 4 | CXCR-4 | NPYRL | Lipopolysaccharide-associated protein 3 | FB22 | LESTR | Leukocyte-derived seven transmembrane domain receptor | HM89 | CXCR4 | Fusin | Stromal cell-derived factor 1 receptor | SDF-1 receptor | LPS-associated protein 3 | CXC-R4 | LAP-3 | LCR1,2.0,,P61073,1|2,P61073-1|P30991-1|P61073-2|P30991-2
CHEMBL4777,Homo sapiens,P25929,NPY1R | Neuropeptide Y receptor type 1 | NPY1-R | NPYY1 | NPYR,1.0,,P25929,,
CHEMBL4018,Homo sapiens,P49146,NPY2R | Neuropeptide Y receptor type 2 | NPY2-R | Y2 receptor | NPY-Y2 receptor,1.0,,P49146,,
CHEMBL4632,Rattus norvegicus,P07872,Peroxisomal acyl-coenzyme A oxidase 1 | Straight-chain acyl-CoA oxidase | Palmitoyl-CoA oxidase | AOX | Acox1 | Peroxisomal fatty acyl-CoA oxidase | ACO | Acox,2.0,,P07872,1|2,P07872-1|P07872-2
CHEMBL2514,Homo sapiens,O95665,NTR2 | NT-R-2 | Neurotensin receptor type 2 | NTSR2 | Levocabastine-sensitive neurotensin receptor,1.0,,O95665,,
CHEMBL268,Homo sapiens,P43235,CTSK | CTSO2 | Cathepsin O2 | Cathepsin K | Cathepsin X | Cathepsin O | CTSO,1.0,,P43235,,
CHEMBL3837,Homo sapiens,P07711,CTSL | Procathepsin L | Cathepsin L1 | Major excreted protein | CTSL1 | MEP,2.0,"Optimum pH is 5.5, also active at pH 7.0 with CUX1 as substrate.",P07711,1|2,P07711-1|P07711-3
CHEMBL3037,Mus musculus,P47746,Cnr1 | Brain-type cannabinoid receptor | CB1 | CB-R | Cannabinoid receptor 1,1.0,,P47746,,
CHEMBL3571,Rattus norvegicus,P20272,Cnr1 | Brain-type cannabinoid receptor | CB1 | CB-R | Cannabinoid receptor 1 | Skr6,1.0,,P20272,,
CHEMBL2088,Homo sapiens,P15085,CPA | CPA1 | Carboxypeptidase A1,1.0,,P15085,,
CHEMBL4478,Homo sapiens,Q00975,Voltage-dependent N-type calcium channel subunit alpha-1B | alpha-1 polypeptide isoform 5 | CACNA1B | Calcium channel | CACH5 | L type | Voltage-gated calcium channel subunit alpha Cav2.2 | Brain calcium channel III | BIII | CACNL1A5,2.0,,Q00975,Alpha-1B-1|Alpha-1B-2,Q00975-1|Q00975-2
CHEMBL3762,Rattus norvegicus,P22002,Cach2 | Cacnl1a1 | Rat brain class C | Voltage-gated calcium channel subunit alpha Cav1.2 | Cacna1c | Cacn2 | Voltage-dependent L-type calcium channel subunit alpha-1C | Calcium channel | RBC | L type | cardiac muscle | Cchl1a1 | isoform 1 | alpha-1 polypeptide,5.0,,P22002,2|1|3|4|5,P22002-1|P22002-2|P22002-3|P22002-4|P22002-5
CHEMBL3572,Homo sapiens,P11597,CETP | Cholesteryl ester transfer protein | Lipid transfer protein I,2.0,,P11597,1|2,P11597-1|P11597-2
CHEMBL269,Rattus norvegicus,P33533,D-OR-1 | DOR-1 | Opioid receptor A | Delta-type opioid receptor | Oprd1 | Ror-a,1.0,,P33533,,
CHEMBL3614,Rattus norvegicus,P34975,Kappa-type opioid receptor | K-OR-1 | KOR-1 | Ror-d | Oprk1,1.0,,P34975,,
CHEMBL3041,Bos taurus,P79350,MOR-1 | OPRM1 | Mu-type opioid receptor | M-OR-1,1.0,,P79350,,
CHEMBL270,Rattus norvegicus,P33535,Oprm1 | Ror-b | Opioid receptor B | Mu-type opioid receptor | MOR-1 | M-OR-1,8.0,,P33535,1|2|3|4|5|6|7|8,P33535-1|P33535-2|P33535-3|P33535-4|P33535-5|P33535-6|P33535-7|P33535-8
CHEMBL3621,Mus musculus,P35377,K3 opiate receptor | Kappa-type 3 opioid receptor | Orphanin FQ receptor | KOR-3 | ORGC | Oor | Oprl1 | Nociceptin receptor | Oprl,6.0,,P35377,KOR3|KOR3A|KOR3B|KOR3C|KOR3D|KOR3E,P35377-1|P35377-2|P35377-3|P35377-4|P35377-5|P35377-6
CHEMBL1914,Homo sapiens,P06276,Acylcholine acylhydrolase | Cholinesterase | Butyrylcholine esterase | CHE1 | BCHE | Choline esterase II | Pseudocholinesterase,1.0,,P06276,,
CHEMBL2094,Homo sapiens,P51575,ATP receptor | P2RX1 | P2X purinoceptor 1 | P2X1 | Purinergic receptor,1.0,,P51575,,
CHEMBL2496,Rattus norvegicus,Q64663,P2rx7 | ATP receptor | P2X purinoceptor 7 | P2X7 | P2Z receptor | Purinergic receptor,1.0,,Q64663,,
CHEMBL2123,Homo sapiens,P51582,P2Y purinoceptor 4 | P2Y4 | UNR | P2RY4 | P2P | Uridine nucleotide receptor | NRU,1.0,,P51582,,
CHEMBL3911,Homo sapiens,Q15722,BLT | P2Y7 | P2RY7 | BLTR | CMKRL1 | GPR16 | G-protein coupled receptor 16 | LTB4R | BLT1 | P2Y purinoceptor 7 | Chemoattractant receptor-like 1 | LTB4-R 1 | LTB4-R1 | Leukotriene B4 receptor 1,1.0,,Q15722,,
CHEMBL4315,Homo sapiens,P47900,P2Y1 | Purinergic receptor | P2RY1 | P2Y purinoceptor 1 | ADP receptor,1.0,,P47900,,
CHEMBL2413,Homo sapiens,P32246, | LD78 receptor | C-C CKR-1 | CMKR1 | CCR1 | Macrophage inflammatory protein 1-alpha receptor | CC-CKR-1 | HM145 | RANTES-R | MIP-1alpha-R | CCR-1 | SCYAR1 | C-C chemokine receptor type 1 | CMKBR1,1.0,,P32246,,
CHEMBL3473,Homo sapiens,P51677, | CCR3 | C C CKR3 | C-C chemokine receptor type 3 | CMKBR3 | Eosinophil eotaxin receptor | CC-CKR-3 | CKR3 | C-C CKR-3 | CCR-3 | CKR 3,2.0,,P51677,1|2,P51677-1|P51677-2
CHEMBL4633,Homo sapiens,P22001,Voltage-gated K(+) channel HuKIII | HLK3 | Potassium voltage-gated channel subfamily A member 3 | HPCN3 | KCNA3 | HGK5 | Voltage-gated potassium channel subunit Kv1.3,1.0,,P22001,1|2|3,P22001-1|P22001-4|P22001-5
CHEMBL2439,Homo sapiens,P05164,Myeloperoxidase | MPO,3.0,,P05164,H17|H14|H7,P05164-1|P05164-2|P05164-3
CHEMBL2749,Mus musculus,P05622, | Platelet-derived growth factor receptor 1 | Pdgfr | Platelet-derived growth factor receptor beta | PDGFR-1 | CD140 antigen-like family member B | PDGF-R-beta | Beta-type platelet-derived growth factor receptor | PDGFR-beta | Beta platelet-derived growth factor receptor | Pdgfr1 | Pdgfrb,2.0,,P05622,1|2,P05622-1|P05622-2
CHEMBL273,Rattus norvegicus,P19327,Serotonin receptor 1A | 5-HT-1A | Htr1a | 5-HT1A | 5-hydroxytryptamine receptor 1A | 5ht1a,1.0,,P19327,,
CHEMBL2414,Homo sapiens,P51679, | C-C CKR-4 | CCR-4 | CCR4 | C-C chemokine receptor type 4 | K5-5 | CC-CKR-4 | CMKBR4,1.0,,P51679,,
CHEMBL274,Homo sapiens,P51681, | CMKBR5 | CHEMR13 | CCR5 | CC-CKR-5 | C-C chemokine receptor type 5 | CCR-5 | HIV-1 fusion coreceptor | C-C CKR-5,1.0,,P51681,,
CHEMBL3816,Homo sapiens,P47712,PLA2G4A | cPLA2 | Cytosolic phospholipase A2 | PLA2G4 | Phospholipase A2 group IVA | CPLA2,1.0,,P47712,,
CHEMBL3474,Homo sapiens,P14555,PLA2G2A | Phosphatidylcholine 2-acylhydrolase 2A | Phospholipase A2 | Non-pancreatic secretory phospholipase A2 | GIIC sPLA2 | RASF-A | PLA2L | Group IIA phospholipase A2 | NPS-PLA2 | membrane associated | PLA2B,1.0,,P14555,,
CHEMBL3475,Homo sapiens,P05121,PLANH1 | PAI-1 | PAI | PAI1 | Serpin E1 | Plasminogen activator inhibitor 1 | SERPINE1 | Endothelial plasminogen activator inhibitor,2.0,,P05121,1|2,P05121-1|P05121-2
CHEMBL2652,Homo sapiens,O00408,"PDE2A | CGS-PDE | cGSPDE | cGMP-dependent 3',5'-cyclic phosphodiesterase | Cyclic GMP-stimulated phosphodiesterase",6.0,,O00408,PDE2A3|PDE2A1|PDE2A2|PDE2A4|5|6,O00408-1|O00408-2|O00408-3|O00408-4|O00408-5|O00408-6
CHEMBL275,Homo sapiens,Q07343,"PDE32 | DPDE4 | PDE4B | cAMP-specific 3',5'-cyclic phosphodiesterase 4B",4.0,,Q07343,PDE4B1|PDE4B2|PDE4B3|PDE4B5,Q07343-1|Q07343-2|Q07343-3|Q07343-4
CHEMBL2397,Rattus norvegicus,P11497,Acac | Acetyl-CoA carboxylase 1 | ACC1 | Acaca | ACC-alpha,2.0,,P11497,1|2,P11497-1|P11497-2
CHEMBL4829,Homo sapiens,O00763,Acetyl-CoA carboxylase 2 | ACACB | ACC2 | ACCB | ACC-beta,3.0,Optimum pH is 7.5.,O00763,1|2|3,O00763-1|O00763-2|O00763-3
CHEMBL2534,Homo sapiens,O15530,PDPK1 | 3-phosphoinositide-dependent protein kinase 1 | hPDK1 | PDK1,5.0,,O15530,1|2|3|4|5,O15530-1|O15530-2|O15530-3|O15530-4|O15530-5
CHEMBL2181,Mus musculus,P35375,Prostaglandin E2 receptor EP1 subtype | Ptger1 | PGE receptor EP1 subtype | Ptgerep1 | PGE2 receptor EP1 subtype | Prostanoid EP1 receptor,1.0,,P35375,,
CHEMBL2488,Mus musculus,Q62053,Prostaglandin E2 receptor EP2 subtype | PGE receptor EP2 subtype | Ptger2 | Prostanoid EP2 receptor | PGE2 receptor EP2 subtype | Ptgerep2,1.0,,Q62053,,
CHEMBL2182,Homo sapiens,P28566,HTR1E | 5-HT-1E | 5-hydroxytryptamine receptor 1E | 5-HT1E | S31 | Serotonin receptor 1E,1.0,,P28566,,
CHEMBL3426,Homo sapiens,P47898,5-HT5A | HTR5A | Serotonin receptor 5A | 5-hydroxytryptamine receptor 5A | 5-HT-5A | 5-HT-5,1.0,,P47898,,
CHEMBL3597,Mus musculus,P30966,5-HT5A | Serotonin receptor 5A | 5-hydroxytryptamine receptor 5A | 5-HT-5A | 5ht5a | 5-HT-5 | Htr5a,1.0,,P30966,,
CHEMBL3371,Homo sapiens,P50406,5-hydroxytryptamine receptor 6 | HTR6 | 5-HT-6 | Serotonin receptor 6 | 5-HT6,1.0,,P50406,,
CHEMBL3372,Rattus norvegicus,P31388,5-hydroxytryptamine receptor 6 | ST-B17 | Htr6 | Serotonin receptor 6 | 5-HT-6 | 5-HT6,1.0,,P31388,,
CHEMBL2492,Homo sapiens,P36544,CHRNA7 | Neuronal acetylcholine receptor subunit alpha-7 | NACHRA7,3.0,,P36544,1|2|3,P36544-1|P36544-2|P36544-3
CHEMBL276,Rattus norvegicus,P08482,Muscarinic acetylcholine receptor M1 | Chrm-1 | Chrm1,1.0,,P08482,,
CHEMBL3197,Mus musculus,Q9ERZ4,Chrm-2 | Muscarinic acetylcholine receptor M2 | Chrm2,1.0,,Q9ERZ4,,
CHEMBL3974,Homo sapiens,P25116,Thrombin receptor | F2R | PAR-1 | Proteinase-activated receptor 1 | PAR1 | Coagulation factor II receptor | CF2R | TR,1.0,,P25116,,
CHEMBL2487,Homo sapiens,P05067,Amyloid-beta precursor protein | PN-II | APP | Alzheimer disease amyloid protein | PreA4 | Amyloid-beta A4 protein | Amyloid precursor protein | Amyloid-beta (A4) precursor protein | ABPP | Alzheimer disease amyloid A4 protein homolog | APPI | Cerebral vascular amyloid peptide | Protease nexin-II | AD1 | A4 | CVAP,11.0,,P05067,APP770|APP305|L-APP677|APP695|L-APP696|APP714|L-APP733|APP751|L-APP752|APP639|11,P05067-1|P05067-2|P05067-3|P05067-4|P05067-5|P05067-6|P05067-7|P05067-8|P05067-9|P05067-10|P05067-11
CHEMBL3199,Rattus norvegicus,P37136,AChE | Acetylcholinesterase | Ache,3.0,,P37136,T|H|R,P37136-1|P37136-2|P37136-3
CHEMBL4813,Bos taurus,P00189,CYPXIA1 | Cytochrome P450 11A1 | Cytochrome P450(scc) | Cholesterol side-chain cleavage enzyme | mitochondrial | CYP11A1 | Cholesterol desmolase,1.0,,P00189,,
CHEMBL2525,Homo sapiens,Q9Y5Z0,DRAP | Beta-site APP cleaving enzyme 2 | Memapsin-1 | Aspartic-like protease 56 kDa | Asp 1 | Beta-secretase 2 | Beta-site amyloid precursor protein cleaving enzyme 2 | ASP1 | Membrane-associated aspartic protease 1 | Aspartyl protease 1 | AEPLC | ALP56 | Down region aspartic protease | Theta-secretase | BACE2 | ASP21,5.0,,Q9Y5Z0,1|2|3|4|5,Q9Y5Z0-1|Q9Y5Z0-2|Q9Y5Z0-3|Q9Y5Z0-4|Q9Y5Z0-5
CHEMBL2522,Homo sapiens,P16278,Lactase | GLB1 | Elastin receptor 1 | ELNR1 | Beta-galactosidase | Acid beta-galactosidase,3.0,Optimum pH is 4.5-5.5.,P16278,1|2|3,P16278-1|P16278-2|P16279-1|P16278-3
CHEMBL4814,Rattus norvegicus,P06760,Gusb | Gus | Beta-glucuronidase,1.0,,P06760,,
CHEMBL4080,Homo sapiens,P32247,BRS3 | Bombesin receptor subtype-3 | BRS-3,1.0,,P32247,,
CHEMBL3913,Homo sapiens,P09871,C1S | C1 esterase | Complement C1s subcomponent | Complement component 1 subcomponent s,1.0,,P09871,,
CHEMBL277,Rattus norvegicus,P08911,Muscarinic acetylcholine receptor M5 | Chrm-5 | Chrm5,1.0,,P08911,,
CHEMBL2524,Homo sapiens,P06280, | Galactosylgalactosylglucosylceramidase GLA | GLA | Melibiase | Alpha-D-galactosidase A | Alpha-galactosidase A | Alpha-D-galactoside galactohydrolase,1.0,,P06280,,
CHEMBL2431,Homo sapiens,P31751,Protein kinase Akt-2 | RAC-beta serine/threonine-protein kinase | Protein kinase B beta | RAC-PK-beta | AKT2 | PKB beta,2.0,,P31751,1|2,P31751-1|P31751-2
CHEMBL4816,Homo sapiens,Q9Y243,RAC-PK-gamma | PKB gamma | STK-2 | AKT3 | Protein kinase Akt-3 | PKBG | Protein kinase B gamma | RAC-gamma serine/threonine-protein kinase,2.0,,Q9Y243,1|2,Q9Y243-1|Q9Y243-2
CHEMBL3922,Homo sapiens,P50579,p67eIF2 | MAP 2 | Peptidase M | MetAP 2 | Methionine aminopeptidase 2 | MNPEP | Initiation factor 2-associated 67 kDa glycoprotein | METAP2 | P67EIF2 | p67,3.0,,P50579,1|2|3,P50579-1|P50579-2|P50579-3
CHEMBL3254,Bos taurus,P21398,MAOA | Monoamine oxidase type A | Amine oxidase [flavin-containing] A | MAO-A,1.0,,P21398,,
CHEMBL4079,Homo sapiens,P25098,Beta-ARK-1 | BARK1 | G-protein coupled receptor kinase 2 | Beta-adrenergic receptor kinase 1 | ADRBK1 | BARK | GRK2,1.0,,P25098,,
CHEMBL3252,Rattus norvegicus,P18090,Beta-1 adrenoceptor | Adrb1 | Beta-1 adrenergic receptor | Adrb1r | Beta-1 adrenoreceptor,1.0,,P18090,,
CHEMBL2179,Homo sapiens,P04062,Lysosomal cholesterol glycosyltransferase | Lysosomal glycosylceramidase | GC | Cholesteryl-beta-glucosidase | Cholesterol glucosyltransferase | GLUC | GBA1 | Glucosylceramidase beta 1 | Alglucerase | Beta-glucosylceramidase 1 | SGTase | Lysosomal acid GCase | Lysosomal galactosylceramidase | Beta-glucocerebrosidase | D-glucosyl-N-acylsphingosine glucohydrolase | GBA | Imiglucerase | Beta-GC | Lysosomal acid glucosylceramidase | Acid beta-glucosidase,5.0,Optimum pH is 5.3.,P04062,Long|Short|3|4|5,P04062-1|P04062-2|P04062-3|P04062-4|P04062-5
CHEMBL4981,Rattus norvegicus,Q64654,Cyp51a1 | Cytochrome P45014DM | CYPLI | LDM | Cytochrome P450 51A1 | Cytochrome P450LI | CYP51 | Cytochrome P450-14DM | Lanosterol 14-alpha demethylase | Sterol 14-alpha demethylase P450 | Cyp51,1.0,,Q64654,,
CHEMBL3476,Homo sapiens,O15111,CHUK | NFKBIKA | TCF-16 | Nuclear factor NF-kappa-B inhibitor kinase alpha | Conserved helix-loop-helix ubiquitous kinase | Transcription factor 16 | IKK-A | IkappaB kinase | IKK1 | TCF16 | IKK-1 | I-kappa-B kinase 1 | IkBKA | I-kappa-B kinase alpha | IKK-alpha | IKKA | Inhibitor of nuclear factor kappa-B kinase subunit alpha,1.0,,O15111,,
CHEMBL1991,Homo sapiens,O14920,NFKBIKB | IKKB | IKBKB | IKK-beta | Nuclear factor NF-kappa-B inhibitor kinase beta | IKK2 | I-kappa-B kinase 2 | Inhibitor of nuclear factor kappa-B kinase subunit beta | IKK-2 | I-kappa-B-kinase beta | IKK-B | Serine/threonine protein kinase IKBKB | IkBKB,4.0,,O14920,1|2|3|4,O14920-1|O14920-2|O14920-3|O14920-4
CHEMBL3237,Rattus norvegicus,P30099,"Cytochrome P450 11B2 | Cytochrome P-450Aldo | Corticosterone 18-monooxygenase | ALDOS | Cyp11b-2 | Cyp11b2 | Cytochrome P450-Aldo-1 | CYPXIB2 | mitochondrial | CYP11B2 | Steroid 18-hydroxylase | Cytochrome P450(11beta,aldo) | Cytochrome P-450C18 | Aldosterone synthase | P450(11beta,aldo) | Aldosterone-synthesizing enzyme | Steroid 11-beta-hydroxylase",1.0,,P30099,,
CHEMBL3858,Rattus norvegicus,P32198,CPTI-L | Cpt-1 | Carnitine O-palmitoyltransferase I | Carnitine palmitoyltransferase 1A | Cpt1a | CPT1-L | Cpt1 | Carnitine O-palmitoyltransferase 1 | CPT I | liver isoform,1.0,,P32198,,
CHEMBL3239,Rattus norvegicus,P09811,Pygl | Glycogen phosphorylase | liver form | Lgp,1.0,,P09811,,
CHEMBL2434,Homo sapiens,P25025, | High affinity interleukin-8 receptor B | IL-8 receptor type 2 | IL-8R B | CXCR-2 | CXCR2 | CDw128b | GRO/MGSA receptor | C-X-C chemokine receptor type 2 | CXC-R2 | IL8RB,1.0,,P25025,,
CHEMBL2185,Homo sapiens,Q96GD4,AURKB | Aurora kinase B | Aurora 1 | Serine/threonine-protein kinase 12 | ARK-2 | AIM-1 | Serine/threonine-protein kinase 5 | STK12 | Aurora- and IPL1-like midbody-associated protein 1 | ARK2 | Serine/threonine-protein kinase aurora-B | STK5 | AIK2 | AIM1 | Aurora-related kinase 2 | AIRK2 | STK-1 | Aurora/IPL1-related kinase 2 | STK1,5.0,,Q96GD4,1|2|3|4|5,Q96GD4-1|Q96GD4-2|Q96GD4-3|Q96GD4-4|Q96GD4-5
CHEMBL4761,Homo sapiens,Q16581,C3R1 | C3a-R | HNFAG09 | C3AR1 | C3AR | C3a anaphylatoxin chemotactic receptor | AZ3B,1.0,,Q16581,,
CHEMBL5444,Homo sapiens,P07437,TUBB5 | Tubulin beta-5 chain | TUBB | Tubulin beta chain,1.0,,P07437,,
CHEMBL4649,Rattus norvegicus,P35353,CRFR-1 | Crhr | CRH-R-1 | CRF-R1 | Corticotropin-releasing hormone receptor 1 | Crhr1 | CRF-R-1 | CRH-R1 | Corticotropin-releasing factor receptor 1,1.0,,P35353,,
CHEMBL3819,Homo sapiens,Q92633,LPA receptor 1 | LPAR1 | EDG2 | LPA-1 | LPA1 | Lysophosphatidic acid receptor 1 | Lysophosphatidic acid receptor Edg-2,2.0,,Q92633,1|2,Q92633-1|Q92633-2
CHEMBL3230,Homo sapiens,O95977,S1P receptor Edg-6 | Endothelial differentiation G-protein coupled receptor 6 | S1P4 | S1PR4 | Sphingosine 1-phosphate receptor 4 | S1P receptor 4 | Sphingosine 1-phosphate receptor Edg-6 | EDG6,1.0,,O95977,,
CHEMBL3231,Homo sapiens,Q13464,ROCK-I | coiled-coil-containing protein kinase 1 | p160 ROCK-1 | Rho-associated protein kinase 1 | Renal carcinoma antigen NY-REN-35 | coiled-coil-containing protein kinase I | ROCK1 | p160ROCK | Rho-associated,1.0,,Q13464,,
CHEMBL4807,Apis mellifera,P00630, | Allergen Api m I | Phospholipase A2 | bvPLA2 | Phosphatidylcholine 2-acylhydrolase,1.0,,P00630,,
CHEMBL4810,Homo sapiens,P04053,DNTT | Terminal transferase | Terminal deoxynucleotidyltransferase | DNA nucleotidylexotransferase | TDT | Terminal addition enzyme,2.0,,P04053,1|2,P04053-1|P04053-2
CHEMBL2147,Homo sapiens,P11309,Serine/threonine-protein kinase pim-1 | PIM1,2.0,,P11309,1|2,P11309-1|P11309-2
CHEMBL4552,Rattus norvegicus,P16257,Bzrp | Peripheral-type benzodiazepine receptor | Mbr | Tspo | Translocator protein | Mitochondrial benzodiazepine receptor | PKBS | PBR,1.0,,P16257,,
CHEMBL3032,Homo sapiens,Q16513,PKN gamma | Serine/threonine-protein kinase N2 | PRK2 | PRKCL2 | Protein-kinase C-related kinase 2 | PKN2 | Protein kinase C-like 2,5.0,,Q16513,1|2|3|4|5,Q16513-1|Q16513-2|Q16513-3|Q16513-4|Q16513-5
CHEMBL2536,Homo sapiens,Q13393,Phosphatidylcholine-hydrolyzing phospholipase D1 | PLD 1 | Phospholipase D1 | hPLD1 | Choline phosphatase 1 | PLD1,4.0,,Q13393,PLD1A|PLD1B|PLD1C|PLD1D,Q13393-1|Q13393-2|Q13393-3|Q13393-4
CHEMBL2148,Homo sapiens,P52333,Janus kinase 3 | JAK3 | Leukocyte janus kinase | Tyrosine-protein kinase JAK3 | JAK-3 | L-JAK,3.0,,P52333,2|1|3,P52333-1|P52333-2|P52333-4
CHEMBL2880,Rattus norvegicus,Q04400,Adenylate cyclase type 5 | Adenylate cyclase type V | ATP pyrophosphate-lyase 5 | Adcy5 | Adenylyl cyclase 5,1.0,,Q04400,,
CHEMBL3192,Homo sapiens,Q9BY41,Protein deacetylase HDAC8 | Protein decrotonylase HDAC8 | HD8 | HDAC8 | Histone deacetylase 8 | HDACL1,6.0,,Q9BY41,1|4|5|6|7|8,Q9BY41-1|Q9BY41-4|Q9BY41-5|Q9BY41-6|Q9BY41-7|Q9BY41-8
CHEMBL4867,Homo sapiens,Q96G91,P2RY11 | P2Y purinoceptor 11 | P2Y11,1.0,,Q96G91,,
CHEMBL2560,Mus musculus,P28867,Tyrosine-protein kinase PRKCD | Prkcd | nPKC-delta | Pkcd | Protein kinase C delta type,2.0,,P28867,1|2,P28867-1|P28867-2
CHEMBL3582,Homo sapiens,Q02156,Protein kinase C epsilon type | nPKC-epsilon | PKCE | PRKCE,1.0,,Q02156,,
CHEMBL2938,Homo sapiens,P05129,Protein kinase C gamma type | PKC-gamma | PKCG | PRKCG,2.0,,P05129,1|2,P05129-1|P05129-2
CHEMBL278,Homo sapiens,P13612, | VLA-4 subunit alpha | CD49 antigen-like family member D | Integrin alpha-IV | ITGA4 | Integrin alpha-4 | CD49D,2.0,,P13612,1|2,P13612-1|P13612-2
CHEMBL3861,Homo sapiens,Q15119,[Pyruvate dehydrogenase (acetyl-transferring)] kinase isozyme 2 | PDK2 | Pyruvate dehydrogenase kinase isoform 2 | mitochondrial | PDKII | PDHK2 | PDH kinase 2,2.0,,Q15119,1|2,Q15119-1|Q15119-2
CHEMBL3863,Homo sapiens,Q15139,Serine/threonine-protein kinase D1 | PRKCM | nPKC-mu | PRKD1 | PKD | nPKC-D1 | Protein kinase D | PKD1 | Protein kinase C mu type,1.0,,Q15139,,
CHEMBL1906,Homo sapiens,P04049,RAF | RAF1 | Raf-1 | RAF proto-oncogene serine/threonine-protein kinase | Proto-oncogene c-RAF | cRaf,2.0,,P04049,1|2,P04049-1|P04049-2
CHEMBL2599,Homo sapiens,P43405,SYK | Tyrosine-protein kinase SYK | p72-Syk | Spleen tyrosine kinase,2.0,,P43405,Long|Short,P43405-1|P43405-2
CHEMBL3024,Homo sapiens,P53350,Polo-like kinase 1 | PLK1 | PLK | STPK13 | PLK-1 | Serine/threonine-protein kinase 13 | Serine/threonine-protein kinase PLK1,1.0,,P53350,,
CHEMBL4617,Homo sapiens,P11086,PNMTase | PENT | Phenylethanolamine N-methyltransferase | PNMT | Noradrenaline N-methyltransferase,1.0,,P11086,,
CHEMBL2959,Homo sapiens,Q08881,Tyrosine-protein kinase ITK/TSK | T-cell-specific kinase | ITK | IL-2-inducible T-cell kinase | Interleukin-2-inducible T-cell kinase | Tyrosine-protein kinase Lyk | EMT | LYK | Kinase EMT,1.0,,Q08881,,
CHEMBL2835,Homo sapiens,P23458,Janus kinase 1 | JAK1B | JAK1 | Tyrosine-protein kinase JAK1 | JAK1A | JAK-1,1.0,,P23458,,
CHEMBL3764,Homo sapiens,Q9UKP6,G-protein coupled receptor 14 | UR-II-R | Urotensin-2 receptor | GPR14 | Urotensin II receptor | UTS2R | UR-2-R,1.0,,Q9UKP6,,
CHEMBL2553,Homo sapiens,Q15418,Ribosomal protein S6 kinase alpha-1 | MAP kinase-activated protein kinase 1a | p90-RSK 1 | MAPKAPK1A | RSK1 | RPS6KA1 | MAPKAPK-1a | RSK-1 | 90 kDa ribosomal protein S6 kinase 1 | p90RSK1 | S6K-alpha-1 | MAPK-activated protein kinase 1a | MAPKAP kinase 1a | p90S6K | Ribosomal S6 kinase 1,4.0,,Q15418,1|2|3|4,Q15418-1|Q15418-2|Q15418-3|Q15418-4
CHEMBL3766,Rattus norvegicus,Q00788,Vasopressin V2 receptor | V2R | Antidiuretic hormone receptor | AVPR V2 | Renal-type arginine vasopressin receptor | Avpr2,1.0,,Q00788,,
CHEMBL2971,Homo sapiens,O60674,JAK2 | JAK-2 | Janus kinase 2 | Tyrosine-protein kinase JAK2,1.0,,O60674,,
CHEMBL4924,Homo sapiens,Q9UK32,pp90RSK4 | Ribosomal S6 kinase 4 | 90 kDa ribosomal protein S6 kinase 6 | p90-RSK 6 | RSK-4 | RSK4 | RPS6KA6 | Ribosomal protein S6 kinase alpha-6 | S6K-alpha-6 | p90RSK6,2.0,,Q9UK32,1|2,Q9UK32-1|Q9UK32-2
CHEMBL5103,Homo sapiens,Q969S8,HD10 | Polyamine deacetylase HDAC10 | HDAC10 | Histone deacetylase 10,4.0,,Q969S8,1|2|4|5,Q969S8-1|Q969S8-2|Q969S8-4|Q969S8-5
CHEMBL3892,Homo sapiens,Q99500,S1PR3 | Sphingosine 1-phosphate receptor Edg-3 | S1P receptor 3 | C9orf47 | S1P3 | C9orf108 | Sphingosine 1-phosphate receptor 3 | S1P receptor Edg-3 | EDG3 | Endothelial differentiation G-protein coupled receptor 3,1.0,,Q99500,,
CHEMBL2458,Mus musculus,P35396,PPAR-delta | PPAR-beta | NUC1 | Pparb | Nuclear receptor subfamily 1 group C member 2 | Nuclear hormone receptor 1 | Peroxisome proliferator-activated receptor delta | Nr1c2 | Ppard | Peroxisome proliferator-activated receptor beta,1.0,,P35396,,
CHEMBL4937,Homo sapiens,P49674,CKIe | CKI-epsilon | CSNK1E | Casein kinase I isoform epsilon,1.0,,P49674,,
CHEMBL3312,Rattus norvegicus,O08562,PN1 | Sodium channel protein type IX subunit alpha | Sodium channel protein type 9 subunit alpha | Scn9a | Peripheral sodium channel 1 | Voltage-gated sodium channel subunit alpha Nav1.7,1.0,,O08562,,
CHEMBL2608,Homo sapiens,P10253,Lysosomal alpha-glucosidase | Acid maltase | Aglucosidase alfa | GAA,1.0,,P10253,,
CHEMBL1868,Homo sapiens,P17948,VEGFR-1 | Fms-like tyrosine kinase 1 | VEGFR1 | FLT-1 | Tyrosine-protein kinase receptor FLT | FLT | FRT | FLT1 | Vascular permeability factor receptor | Vascular endothelial growth factor receptor 1 | Tyrosine-protein kinase FRT,8.0,,P17948,1|2|3|4|5|6|7|8,P17948-1|P17948-2|P17948-3|P17948-4|P17948-5|P17948-6|P17948-7|P17948-8
CHEMBL279,Homo sapiens,P35968, | Kinase insert domain receptor | FLK1 | Fetal liver kinase 1 | FLK-1 | VEGFR2 | VEGFR-2 | Protein-tyrosine kinase receptor flk-1 | KDR | Vascular endothelial growth factor receptor 2,3.0,,P35968,1|2|3,P35968-1|P35968-2|P35968-3
CHEMBL4429,Homo sapiens,P29371,Neurokinin B receptor | NK3R | Tachykinin receptor 3 | NK-3 receptor | Neuromedin-K receptor | NK-3R | TAC3R | TACR3 | NKR,1.0,,P29371,,
CHEMBL3636,Homo sapiens,P28336,Neuromedin-B-preferring bombesin receptor | Epididymis tissue protein Li 185a | Neuromedin-B receptor | NMB-R | NMBR,1.0,,P28336,,
CHEMBL2186,Mus musculus,Q9D6N1,CA-XIII | Carbonic anhydrase 13 | Carbonate dehydratase XIII | Ca13 | Carbonic anhydrase XIII | Car13,1.0,,Q9D6N1,,
CHEMBL4305,Homo sapiens,O15554,IK1 | KCA4 | Putative Gardos channel | SK4 | SKCa 4 | KCa4 | SKCa4 | IKCa1 | KCa3.1 | IKCA1 | KCNN4 | Intermediate conductance calcium-activated potassium channel protein 4,1.0,,O15554,,
CHEMBL4644,Homo sapiens,P41968,MC3-R | Melanocortin receptor 3 | MC3R,1.0,,P41968,,
CHEMBL4774,Mus musculus,P33033,MC3-R | Melanocortin receptor 3 | Mc3r,1.0,,P33033,,
CHEMBL4608,Homo sapiens,P33032,MC-2 | MC5-R | MC5R | Melanocortin receptor 5,1.0,,P33032,,
CHEMBL3969,Homo sapiens,Q9Y2D0,Carbonic anhydrase VB | Carbonic anhydrase 5B | CA5B | mitochondrial | Carbonate dehydratase VB | CA-VB,1.0,,Q9Y2D0,,
CHEMBL2850,Homo sapiens,P49840,GSK-3 alpha | Glycogen synthase kinase-3 alpha | Serine/threonine-protein kinase GSK3A | GSK3A,1.0,,P49840,,
CHEMBL4273,Homo sapiens,Q13976,cGKI | PRKGR1A | cGMP-dependent protein kinase 1 | cGMP-dependent protein kinase I | PRKG1B | PRKGR1B | PRKG1 | cGK1 | cGK 1,3.0,,Q13976,Alpha|Beta|3,Q13976-1|Q13976-2|P14619-1|Q13976-3
CHEMBL280,Homo sapiens,P45452,MMP13 | Collagenase 3 | MMP-13 | Matrix metalloproteinase-13,1.0,,P45452,,
CHEMBL2851,Rattus norvegicus,P31421,Metabotropic glutamate receptor 2 | Grm2 | Mglur2 | Gprc1b | mGluR2,1.0,,P31421,,
CHEMBL3568,Homo sapiens,P29475,Nitric oxide synthase 1 | Peptidyl-cysteine S-nitrosylase NOS1 | Neuronal NOS | bNOS | N-NOS | Constitutive NOS | NOS1 | Nitric oxide synthase | nNOS | NC-NOS | brain | NOS type I,5.0,,P29475,1|2|3|4|5,P29475-1|P29475-2|P29475-3|P29475-4|P29475-5
CHEMBL3464,Mus musculus,P29477,Nos2 | MAC-NOS | Peptidyl-cysteine S-nitrosylase NOS2 | Inducible NOS | Inducible NO synthase | inducible | Inosl | NOS type II | Nitric oxide synthase | iNOS | Macrophage NOS,1.0,,P29477,,
CHEMBL4789,Homo sapiens,P35218,CA5A | Carbonate dehydratase VA | CA-VA | CA5 | mitochondrial | Carbonic anhydrase 5A | Carbonic anhydrase VA,1.0,,P35218,,
CHEMBL2326,Homo sapiens,P43166,Carbonate dehydratase VII | Carbonic anhydrase 7 | CA-VII | CA7 | Carbonic anhydrase VII,2.0,,P43166,1|2,P43166-1|P43166-2
CHEMBL3510,Homo sapiens,Q9ULX7,CA14 | Carbonic anhydrase 14 | CA-XIV | Carbonate dehydratase XIV | Carbonic anhydrase XIV,1.0,,Q9ULX7,,
CHEMBL2208,Homo sapiens,P49137,MK-2 | MAPKAPK-2 | MAPKAP-K2 | MAP kinase-activated protein kinase 2 | MAPKAP kinase 2 | MAPK-activated protein kinase 2 | MAPKAPK2 | MK2,2.0,,P49137,1|2,P49137-1|P49137-2
CHEMBL1945,Homo sapiens,P48039,MTNR1A | Melatonin receptor type 1A | Mel-1A-R | Mel1a receptor,1.0,,P48039,,
CHEMBL1946,Homo sapiens,P49286,MTNR1B | Mel-1B-R | Mel1b receptor | Melatonin receptor type 1B,1.0,,P49286,,
CHEMBL3070,Homo sapiens,P05362, | ICAM-1 | ICAM1 | Major group rhinovirus receptor | Intercellular adhesion molecule 1,1.0,,P05362,,
CHEMBL3131,Homo sapiens,P51878,Protease ICH-3 | Protease TY | Caspase-5 | ICE(rel)-III | CASP-5 | ICH3 | CASP5,6.0,,P51878,1|2|3|4|5|6,P51878-1|P51878-2|P51878-3|P51878-4|P51878-5|P51878-6
CHEMBL4081,Homo sapiens,P13726, | Tissue factor | Coagulation factor III | TF | F3 | Thromboplastin,2.0,,P13726,1|2,P13726-1|P13726-2
CHEMBL2781,Homo sapiens,P19634,Na(+)/H(+) exchanger 1 | NHE1 | SLC9A1 | Solute carrier family 9 member 1 | amiloride-sensitive | APNH1 | APNH | Na(+)/H(+) antiporter | Sodium/hydrogen exchanger 1 | NHE-1,2.0,"Fully active at acidic pHs, the antiporter is virtually turned off at neutral pH.",P19634,1|2,P19634-1|P19634-2
CHEMBL3813,Sus scrofa,P22411, | DPP4 | CD26 | DPP IV | T-cell activation antigen CD26 | Dipeptidyl peptidase 4 | Dipeptidyl peptidase IV,1.0,,P22411,,
CHEMBL283,Homo sapiens,P08254,STMY1 | SL-1 | Stromelysin-1 | Matrix metalloproteinase-3 | MMP-3 | MMP3 | Transin-1,1.0,,P08254,,
CHEMBL4321,Mus musculus,Q05769,Pghs-b | PHS II | PGHS-2 | COX-2 | Glucocorticoid-regulated inflammatory cyclooxygenase | Prostaglandin G/H synthase 2 | Prostaglandin H2 synthase 2 | Gripghs | PGH synthase 2 | TIS10 protein | Prostaglandin-endoperoxide synthase 2 | Cyclooxygenase-2 | Cox2 | PES-2 | Ptgs2 | Macrophage activation-associated marker protein P71/73 | Tis10 | Cox-2,1.0,,Q05769,,
CHEMBL2231,Homo sapiens,P04798,CYPIA1 | CYP1A1 | Cytochrome P450 1A1 | Cytochrome P450 form 6 | Cytochrome P450-C | Cytochrome P450-P1 | Hydroperoxy icosatetraenoate dehydratase,3.0,,P04798,1|2|3,P04798-1|P04798-2|P04798-3
CHEMBL2009,Homo sapiens,P42261,AMPA-selective glutamate receptor 1 | GluR-A | Glutamate receptor 1 | GluR-1 | GluR-K1 | AMPA 1 | GRIA1 | GLUH1 | GluA1 | GLUR1 | Glutamate receptor ionotropic,6.0,,P42261,Flop|Flip|3|4|5|6,P42261-1|P42261-2|P42261-3|P42261-4|P42261-5|P42261-6
CHEMBL4556,Rattus norvegicus,P28572,Slc6a9 | Solute carrier family 6 member 9 | GlyT1 | GlyT-1 | Sodium- and chloride-dependent glycine transporter 1,2.0,,P28572,1|2,P28572-2|P28572-1
CHEMBL4653,Rattus norvegicus,P14740, | Dpp4 | DPP IV | T-cell activation antigen CD26 | Dipeptidyl peptidase 4 | Bile canaliculus domain-specific membrane glycoprotein | Cd26 | Dipeptidyl peptidase IV | GP110 glycoprotein,1.0,,P14740,,
CHEMBL3577,Homo sapiens,P00352,ALDH1A1 | Aldehyde dehydrogenase | Aldehyde dehydrogenase family 1 member A1 | PUMB1 | Retinal dehydrogenase 1 | RALDH 1 | cytosolic | ALHDII | 3-deoxyglucosone dehydrogenase | RalDH1 | ALDH1 | ALDC | Aldehyde dehydrogenase 1A1 | ALDH-E1,1.0,Optimum pH is 7.1-9 for the 3-deoxyglucosone dehydrogenase activity.,P00352,,
CHEMBL3578,Homo sapiens,P30838,Aldehyde dehydrogenase | ALDH3A1 | Aldehyde dehydrogenase 3 | ALDH3 | ALDHIII | dimeric NADP-preferring | Aldehyde dehydrogenase family 3 member A1,1.0,,P30838,,
CHEMBL3579,Homo sapiens,P47895,Aldehyde dehydrogenase 6 | ALDH1A3 | Aldehyde dehydrogenase family 1 member A3 | Retinaldehyde dehydrogenase 3 | RalDH3 | ALDH6 | RALDH-3,1.0,,P47895,,
CHEMBL3687,Homo sapiens,P18054,12S-lipoxygenase | Arachidonate (12S)-lipoxygenase | Arachidonate (15S)-lipoxygenase | 12LO | Polyunsaturated fatty acid lipoxygenase ALOX12 | Linoleate (13S)-lipoxygenase | Lipoxin synthase 12-LO | LOG12 | ALOX12 | Platelet-type lipoxygenase 12 | 12S-LOX,1.0,Optimum pH is 7.5-8.0 (for arachidonate 12-lipoxygenase activity).,P18054,,
CHEMBL284,Homo sapiens,P27487, | ADCP-2 | DPP4 | Adenosine deaminase complexing protein 2 | CD26 | DPP IV | ADCP2 | Dipeptidyl peptidase 4 | ADABP | T-cell activation antigen CD26 | Dipeptidyl peptidase IV | TP103,1.0,,P27487,,
CHEMBL2973,Homo sapiens,O75116,Rho kinase 2 | Rho-associated protein kinase 2 | KIAA0619 | coiled-coil-containing protein kinase 2 | ROCK2 | ROCK-II | coiled-coil-containing protein kinase II | p164 ROCK-2 | Rho-associated,1.0,,O75116,,
CHEMBL3869,Homo sapiens,P50281,MMP-X1 | MT-MMP 1 | MT1MMP | MMP-14 | Matrix metalloproteinase-14 | Membrane-type matrix metalloproteinase 1 | MTMMP1 | Membrane-type-1 matrix metalloproteinase | MT1-MMP | MMP14,1.0,,P50281,,
CHEMBL4308,Homo sapiens,P46663,B1R | BDKRB1 | BK-1 receptor | BRADYB1 | B1 bradykinin receptor,1.0,,P46663,,
CHEMBL4959,Homo sapiens,P30550,GRPR | GRP-preferring bombesin receptor | GRP-R | Gastrin-releasing peptide receptor,1.0,,P30550,,
CHEMBL3174,Homo sapiens,P78417,Glutathione S-transferase omega-1 | GSTO1 | Monomethylarsonic acid reductase | GSTO 1-1 | GSTO-1 | SPG-R | MMA(V) reductase | GSTTLP28 | S-(Phenacyl)glutathione reductase | Glutathione-dependent dehydroascorbate reductase | Glutathione S-transferase omega 1-1,3.0,Optimum pH is 8.,P78417,1|2|3,P78417-1|P78417-2|P78417-3
CHEMBL2535,Homo sapiens,P11166,GLUT1 | SLC2A1 | Glucose transporter type 1 | facilitated glucose transporter member 1 | Solute carrier family 2 | HepG2 glucose transporter | GLUT-1 | erythrocyte/brain,1.0,,P11166,,
CHEMBL4619,Homo sapiens,Q14123,"Dual specificity calcium/calmodulin-dependent 3',5'-cyclic nucleotide phosphodiesterase 1C | PDE1C | Hcam3 | Cam-PDE 1C",3.0,,Q14123,PDE1C2|PDE1C1|3,Q14123-1|Q14123-2|Q14123-3
CHEMBL3130,Homo sapiens,O00329,"PI3Kdelta | PtdIns-3-kinase subunit p110-delta | Phosphatidylinositol 4,5-bisphosphate 3-kinase 110 kDa catalytic subunit delta | p110delta | PI3K-delta | PIK3CD | PtdIns-3-kinase subunit delta | PI3-kinase subunit delta | Phosphatidylinositol 4,5-bisphosphate 3-kinase catalytic subunit delta isoform",2.0,,O00329,1|2,O00329-1|O00329-2
CHEMBL2047,Homo sapiens,Q96RI1,NR1H4 | Nuclear receptor subfamily 1 group H member 4 | RXR-interacting protein 14 | BAR | Retinoid X receptor-interacting protein 14 | Bile acid receptor | FXR | Farnesoid X-activated receptor | Farnesol receptor HRR-1 | HRR1 | RIP14,5.0,,Q96RI1,1|2|3|4|5,Q96RI1-3|Q96RI1-4|Q96RI1-1|Q96RI1-2|Q96RI1-5
CHEMBL4791,Homo sapiens,P42892,Endothelin-converting enzyme 1 | ECE-1 | ECE1,4.0,,P42892,B|A|C|D,P42892-1|P42892-2|P42892-3|P42892-4
CHEMBL4464,Mus musculus,Q61263,Acyl-coenzyme A:cholesterol acyltransferase 1 | Cholesterol acyltransferase 1 | Soat1 | ACAT-1 | Sterol O-acyltransferase 1 | Acact,1.0,,Q61263,,
CHEMBL285,Rattus norvegicus,O70536,Acat | Acyl-coenzyme A:cholesterol acyltransferase 1 | Cholesterol acyltransferase 1 | Soat1 | ACAT-1 | Sterol O-acyltransferase 1 | Acact,1.0,,O70536,,
CHEMBL1937,Homo sapiens,Q92769,Histone deacetylase 2 | HDAC2 | Protein deacylase HDAC2 | HD2,2.0,,Q92769,1|2,Q92769-1|Q92769-3
CHEMBL1829,Homo sapiens,O15379,SMAP45 | HDAC3 | HD3 | Protein deacetylase HDAC3 | Histone deacetylase 3 | RPD3-2 | Protein deacylase HDAC3,2.0,,O15379,1|2,O15379-1|O15379-2
CHEMBL4014,Homo sapiens,P42684,Abelson murine leukemia viral oncogene homolog 2 | Tyrosine-protein kinase ARG | ARG | Abelson tyrosine-protein kinase 2 | Abelson-related gene protein | ABL2 | ABLL | Tyrosine-protein kinase ABL2,9.0,,P42684,1|2|3|4|5|6|7|10|8,P42684-1|P42684-2|P42684-3|P42684-4|P42684-5|P42684-6|P42684-7|P42684-10|P42684-8
CHEMBL3880,Homo sapiens,P07900,Heat shock protein HSP 90-alpha | HSP90AA1 | HSP86 | Lipopolysaccharide-associated protein 2 | LPS-associated protein 2 | HSP 86 | HSP90A | HSPCA | LAP-2 | Renal carcinoma antigen NY-REN-38 | HSPC1 | Heat shock 86 kDa,2.0,,P07900,1|2,P07900-1|P07900-2
CHEMBL4016,Homo sapiens,P42262,GluR-K2 | AMPA 2 | GluA2 | Glutamate receptor ionotropic | GluR-2 | AMPA-selective glutamate receptor 2 | GRIA2 | Glutamate receptor 2 | GLUR2 | GluR-B,4.0,,P42262,Flop|Flip|3|4,P42262-1|P42262-2|P42262-3|P42262-4
CHEMBL286,Homo sapiens,P00797,Angiotensinogenase | REN | Renin,2.0,,P00797,1|2,P00797-1|P00797-2
CHEMBL3524,Homo sapiens,P56524,KIAA0288 | HD4 | Histone deacetylase 4 | HDAC4,2.0,,P56524,1|2,P56524-1|P56524-2
CHEMBL2693,Homo sapiens,Q9UIQ6,Insulin-responsive aminopeptidase | Oxytocinase | Leucyl-cystinyl aminopeptidase | IRAP | OTase | P-LAP | Cystinyl aminopeptidase | LNPEP | Placental leucine aminopeptidase | Insulin-regulated membrane aminopeptidase | OTASE,3.0,,Q9UIQ6,1|2|3,Q9UIQ6-1|Q9UIQ6-2|Q9UIQ6-3
CHEMBL2695,Homo sapiens,Q05397,FADK 1 | Protein phosphatase 1 regulatory subunit 71 | p125FAK | FRNK | FAK | FAK1 | Focal adhesion kinase-related nonkinase | PTK2 | Protein-tyrosine kinase 2 | PPP1R71 | Focal adhesion kinase 1 | pp125FAK,7.0,,Q05397,1|2|3|4|5|6|7,Q05397-1|Q05397-2|Q05397-3|Q05397-4|Q05397-5|Q05397-6|Q05397-7
CHEMBL4245,Homo sapiens,P62508,NR3B3 | ERRG2 | Estrogen-related receptor gamma | KIAA0832 | ERR gamma-2 | ESRRG | Estrogen receptor-related protein 3 | ERR3 | Nuclear receptor subfamily 3 group B member 3,5.0,,P62508,1|2|3|4|5,P62508-1|O75454-1|P62508-2|O75454-2|P62508-3|P62508-4|P62508-5
CHEMBL2028,Homo sapiens,P32745,SSTR3 | SSR-28 | SS3R | SS-3-R | SS3-R | Somatostatin receptor type 3 | SST3,1.0,,P32745,,
CHEMBL2238,Mus musculus,P30935,SSR-28 | Sstr3 | SS3R | SS-3-R | SS3-R | Somatostatin receptor type 3 | Smstr3,1.0,,P30935,,
CHEMBL1792,Homo sapiens,P35346,SS5R | Somatostatin receptor type 5 | SSTR5 | SST5 | SS-5-R | SS5-R,1.0,,P35346,,
CHEMBL3559,Homo sapiens,P08842,STS | ARSC1 | Steryl-sulfate sulfohydrolase | Arylsulfatase C | Estrone sulfatase | Steryl-sulfatase | ASC | Steroid sulfatase,1.0,,P08842,,
CHEMBL2808,Homo sapiens,Q13133,LXRA | Nuclear receptor subfamily 1 group H member 3 | Oxysterols receptor LXR-alpha | NR1H3 | Liver X receptor alpha,3.0,,Q13133,1|2|3,Q13133-1|Q13133-2|Q13133-3
CHEMBL287,Homo sapiens,Q99720,Sigma non-opioid intracellular receptor 1 | SIG-1R | Sigma1-receptor | SRBP | SIGMAR1 | SR31747-binding protein | hSigmaR1 | SR-BP | Sigma 1-type opioid receptor | Aging-associated gene 8 protein | OPRS1 | Sigma1R,5.0,,Q99720,1|2|3|4|5,Q99720-1|Q99720-2|Q99720-3|Q99720-4|Q99720-5
CHEMBL3772,Homo sapiens,Q13255,Metabotropic glutamate receptor 1 | GPRC1A | mGluR1 | MGLUR1 | GRM1,3.0,,Q13255,Alpha|Beta|3,Q13255-1|Q13255-2|Q13255-3
CHEMBL3227,Homo sapiens,P41594,mGluR5 | Metabotropic glutamate receptor 5 | MGLUR5 | GPRC1E | GRM5,3.0,,P41594,2|1|3,P41594-1|P41594-2|P41594-3
CHEMBL2820,Homo sapiens,P03951,PTA | Coagulation factor XI | Plasma thromboplastin antecedent | FXI | F11,2.0,,P03951,1|2,P03951-1|P03951-2
CHEMBL2821,Homo sapiens,P00748,HAF | Hageman factor | Coagulation factor XII | F12,1.0,,P00748,,
CHEMBL3229,Rattus norvegicus,P97612,Fatty acid ester hydrolase | Oleamide hydrolase 1 | Anandamide amidohydrolase 1 | Fatty-acid amide hydrolase 1 | Anandamide amidase | Faah | Faah1,1.0,Optimum pH is 9.5.,P97612,,
CHEMBL3759,Homo sapiens,Q9H3N8,Histamine H4 receptor | AXOR35 | GPRv53 | HH4R | H4R | G-protein coupled receptor 105 | Pfi-013 | HRH4 | GPCR105 | SP9144,2.0,,Q9H3N8,1|2,Q9H3N8-1|Q9H3N8-2
CHEMBL2243,Homo sapiens,O00519,FAAH | Fatty acid ester hydrolase | Oleamide hydrolase 1 | Anandamide amidohydrolase 1 | Fatty-acid amide hydrolase 1 | FAAH1,1.0,Optimum pH is around 9.0.,O00519,,
CHEMBL4701,Rattus norvegicus,P31390,H1R | Hrh1 | HH1R | Histamine H1 receptor,1.0,,P31390,,
CHEMBL3263,Mus musculus,P58406,H3R | Hrh3 | Histamine H3 receptor | HH3R,1.0,,P58406,,
CHEMBL4124,Rattus norvegicus,Q9QYN8,H3R | Hrh3 | Histamine H3 receptor | HH3R,4.0,,Q9QYN8,1|2|3|4,Q9QYN8-1|Q9QYN8-2|Q9QYN8-3|Q9QYN8-4
CHEMBL1865,Homo sapiens,Q9UBN7,HDAC6 | Tubulin-lysine deacetylase HDAC6 | Histone deacetylase 6 | HD6 | KIAA0901,2.0,,Q9UBN7,1|2,Q9UBN7-1|Q9UBN7-2
CHEMBL3815,Rattus norvegicus,Q02769,Squalene synthase | SS | Fdft1 | Farnesyl-diphosphate farnesyltransferase | FPP:FPP farnesyltransferase | SQS,1.0,,Q02769,,
CHEMBL3839,Mus musculus,Q03142,FGFR-4 |  | Mpk-11 | Fibroblast growth factor receptor 4 | Fgfr-4 | Protein-tyrosine kinase receptor MPK-11 | Fgfr4,2.0,,Q03142,1|2,Q03142-1|Q03142-2
CHEMBL4561,Homo sapiens,Q15761,Y5 receptor | NPYY5-R | NPYR5 | Neuropeptide Y receptor type 5 | NPY5R | NPY5-R | NPY-Y5 receptor,1.0,,Q15761,,
CHEMBL3575,Homo sapiens,Q05823,RNS4 | Ribonuclease 4 | Ribonuclease L | 2-5A-dependent RNase | RNASEL | RNase L | 2-5A-dependent ribonuclease,2.0,,Q05823,1|2,Q05823-1|Q05823-2
CHEMBL2140,Homo sapiens,P48775,"TO | TDO2 | Tryptophan 2,3-dioxygenase | TDO | Tryptophan oxygenase | Tryptophan pyrrolase | Tryptamin 2,3-dioxygenase | Tryptophanase | TRPO",1.0,,P48775,,
CHEMBL288,Homo sapiens,Q08499,"DPDE3 | cAMP-specific 3',5'-cyclic phosphodiesterase 4D | PDE4D | PDE43",12.0,,Q08499,4|3|10|1|2|5|N3|6|8|9|7|12,Q08499-1|Q08499-2|Q08499-3|Q08499-4|Q08499-5|Q08499-6|Q08499-7|Q08499-8|Q08499-9|Q08499-10|Q08499-11|Q08499-12
CHEMBL4005,Homo sapiens,P42336,"Phosphoinositide-3-kinase catalytic alpha polypeptide | PI3K-alpha | Phosphatidylinositol 4,5-bisphosphate 3-kinase 110 kDa catalytic subunit alpha | PtdIns-3-kinase subunit alpha | PI3-kinase subunit alpha | PIK3CA | Serine/threonine protein kinase PIK3CA | Phosphatidylinositol 4,5-bisphosphate 3-kinase catalytic subunit alpha isoform | PI3Kalpha | p110alpha | Phosphoinositide 3-kinase alpha | PtdIns-3-kinase subunit p110-alpha",1.0,,P42336,,
CHEMBL2689,Homo sapiens,Q04912, | Macrophage-stimulating protein receptor | RON | MSP receptor | MST1R | CDw136 | PTK8 | p185-Ron | Protein-tyrosine kinase 8,7.0,,Q04912,RON|Delta-RON|RON-1|RON-2|RON-3|RON-4|RON-5,Q04912-1|Q04912-2|Q04912-3|Q04912-4|Q04912-5|Q04912-6|Q04912-7
CHEMBL3618,Homo sapiens,P12259,Coagulation factor V | Activated protein C cofactor | Proaccelerin | F5 | labile factor,1.0,,P12259,,
CHEMBL291,Homo sapiens,Q08493,"PDE21 | cAMP-specific 3',5'-cyclic phosphodiesterase 4C | PDE4C | DPDE1",7.0,,Q08493,PDE4C1|PDE4C2|PDE4C3|PDE4C4|PDE4C5|PDE4C6|PDE4C7,Q08493-1|Q08493-2|Q08493-3|Q08493-4|Q08493-5|Q08493-6|Q08493-7
CHEMBL4302,Homo sapiens,P08183, | ATP-binding cassette sub-family B member 1 | Phospholipid transporter ABCB1 | PGY1 | P-glycoprotein 1 | Multidrug resistance protein 1 | ATP-dependent translocase ABCB1 | ABCB1 | MDR1,2.0,,P08183,1|2,P08183-1|P08183-2
CHEMBL2842,Homo sapiens,P42345,Mechanistic target of rapamycin | Mammalian target of rapamycin | FKBP12-rapamycin complex-associated protein | FK506-binding protein 12-rapamycin complex-associated protein 1 | Rapamycin target protein 1 | RAFT1 | Rapamycin and FKBP12 target 1 | FRAP1 | MTOR | mTOR | RAPT1 | FRAP | Serine/threonine-protein kinase mTOR | FRAP2,1.0,,P42345,,
CHEMBL4179,Homo sapiens,P45984,Mitogen-activated protein kinase 9 | JNK2 | MAP kinase 9 | MAPK9 | JNK-55 | MAPK 9 | SAPK1A | SAPK1a | Stress-activated protein kinase JNK2 | PRKM9 | Stress-activated protein kinase 1a | c-Jun N-terminal kinase 2,5.0,,P45984,Alpha-2|Alpha-1|Beta-1|Beta-2|5,P45984-1|P45984-2|P45984-3|P45984-4|P45984-5
CHEMBL2637,Homo sapiens,P53779,SAPK1B | JNK3A | MAP kinase 10 | MAPK10 | Mitogen-activated protein kinase 10 | SAPK1b | MAP kinase p49 3F12 | MAPK 10 | JNK3 | c-Jun N-terminal kinase 3 | Stress-activated protein kinase 1b | PRKM10 | Stress-activated protein kinase JNK3,3.0,,P53779,Alpha-2|Alpha-1|3,P53779-1|P53779-2|P53779-3
CHEMBL3587,Homo sapiens,Q02750,PRKMK1 | MAPKK 1 | MKK1 | MEK1 | MAP kinase kinase 1 | ERK activator kinase 1 | MAP2K1 | MEK 1 | MAPK/ERK kinase 1 | Dual specificity mitogen-activated protein kinase kinase 1,2.0,,Q02750,1|2,Q02750-1|Q02750-2
CHEMBL3900,Homo sapiens,P24158,AGP7 | C-ANCA antigen | PR-3 | Wegener autoantigen | PRTN3 | MBN | PR3 | Neutrophil proteinase 4 | Myeloblastin | P29 | Leukocyte proteinase 3 | NP-4,1.0,Optimum pH is 7.4.,P24158,,
CHEMBL3975,Homo sapiens,P09467,"FBPase 1 | Liver FBPase | D-fructose-1,6-bisphosphate 1-phosphohydrolase 1 | FBP | Fructose-1,6-bisphosphatase 1 | FBP1",1.0,,P09467,,
CHEMBL3902,Homo sapiens,P09211,GSTP1-1 | FAEES3 | Glutathione S-transferase P | GST3 | GSTP1 | GST class-pi,1.0,,P09211,,
CHEMBL2640,Homo sapiens,P52789,Muscle form hexokinase | Hexokinase type II | HK2 | Hexokinase-2 | Hexokinase-B | HK II,1.0,,P52789,,
CHEMBL3998,Bos taurus,P20288,D(2) dopamine receptor | Dopamine D2 receptor | DRD2,2.0,,P20288,Long|Short,P20288-1|P20288-2
CHEMBL3138,Rattus norvegicus,P19020,Dopamine D3 receptor | D(3) dopamine receptor | Drd3,3.0,,P19020,1|D3(TM3-del)|D3(O2-DEL),P19020-1|P19020-2|P19020-3
CHEMBL2568,Homo sapiens,P06737,Glycogen phosphorylase | liver form | PYGL,2.0,,P06737,1|2,P06737-1|P06737-2
CHEMBL3715,Homo sapiens,P48065,Na(+)/Cl(-) betaine/GABA transporter | SLC6A12 | BGT1 | BGT-1 | Solute carrier family 6 member 12 | Sodium- and chloride-dependent betaine transporter,1.0,,P48065,,
CHEMBL3717,Homo sapiens,P08581,HGF/SF receptor | MET | Hepatocyte growth factor receptor | Tyrosine-protein kinase Met | HGF receptor | Proto-oncogene c-Met | SF receptor | Scatter factor receptor,3.0,,P08581,1|2|3,P08581-1|P08581-2|P08581-3
CHEMBL2569,Homo sapiens,P55157,MTTP | MTP | Microsomal triglyceride transfer protein large subunit,2.0,,P55157,1|2,P55157-1|P55157-2
CHEMBL4026,Homo sapiens,P40763,Acute-phase response factor | Signal transducer and activator of transcription 3 | STAT3 | APRF,3.0,,P40763,1|Del-701|3,P40763-1|P40763-2|P40763-3
CHEMBL3706,Homo sapiens,P78536, | Disintegrin and metalloproteinase domain-containing protein 17 | TNF-alpha convertase | Snake venom-like protease | CSVP | ADAM 17 | ADAM17 | TNF-alpha-converting enzyme | TACE,2.0,,P78536,A|B,P78536-1|P78536-2
CHEMBL1980,Homo sapiens,Q14524,Sodium channel protein cardiac muscle subunit alpha | hH1 | Sodium channel protein type 5 subunit alpha | Voltage-gated sodium channel subunit alpha Nav1.5 | Sodium channel protein type V subunit alpha | SCN5A,6.0,,Q14524,1|2|3|4|5|6,Q14524-1|Q14524-2|Q14524-3|Q14524-4|Q14524-5|Q14524-6
CHEMBL4234,Homo sapiens,P37058,17-beta-HSD 3 | Estradiol 17-beta-dehydrogenase 2 | HSD17B3 | EDH17B3 | Short chain dehydrogenase/reductase family 12C member 2 | Testicular 17-beta-hydroxysteroid dehydrogenase | SDR12C2 | 17-beta-hydroxysteroid dehydrogenase type 3 | Testosterone 17-beta-dehydrogenase 3,2.0,,P37058,1|2,P37058-1|P37058-2
CHEMBL4235,Homo sapiens,P28845,Short chain dehydrogenase/reductase family 26C member 1 | 11-beta-HSD1 | HSD11B1 | HSD11 | 11-DH | SDR26C1 | HSD11L | 7-oxosteroid reductase | Corticosteroid 11-beta-dehydrogenase isozyme 1 | 11-beta-hydroxysteroid dehydrogenase 1,1.0,,P28845,,
CHEMBL3176,Homo sapiens,O43603,Galanin receptor type 2 | GALR-2 | GAL2-R | GALNR2 | GALR2,1.0,,O43603,,
CHEMBL4342,Homo sapiens,O15496,GX sPLA2 | PLA2G10 | Group 10 secretory phospholipase A2 | Group X secretory phospholipase A2 | sPLA2-X | Phosphatidylcholine 2-acylhydrolase 10,1.0,Optimum pH is 7.4.,O15496,,
CHEMBL2145,Homo sapiens,O15229,Kynurenine 3-hydroxylase | KMO | Kynurenine 3-monooxygenase,3.0,Optimum pH is 7.5.,O15229,1|2|3,O15229-1|O15229-2|O15229-3
CHEMBL3180,Homo sapiens,O00748,ICE | Methylumbelliferyl-acetate deacetylase 2 | CE-2 | Cocaine esterase | Carboxylesterase 2 | CES2 | hCE-2,4.0,,O00748,1|2|3|4,O00748-1|O00748-2|O00748-4|O00748-5
CHEMBL3181,Homo sapiens,P14061,SDR28C1 | Estradiol 17-beta-dehydrogenase 1 | 20-alpha-HSD | EDHB17 | HSD17B1 | EDH17B1 | 17-beta-HSD 1 | Short chain dehydrogenase/reductase family 28C member 1 | 17-beta-hydroxysteroid dehydrogenase type 1 | E2DH | EDH17B2 | Placental 17-beta-hydroxysteroid dehydrogenase | E17KSR | 20 alpha-hydroxysteroid dehydrogenase,1.0,,P14061,,
CHEMBL2219,Homo sapiens,P35236,Hematopoietic protein-tyrosine phosphatase | PTPN7 | Tyrosine-protein phosphatase non-receptor type 7 | Protein-tyrosine phosphatase LC-PTP | HEPTP,3.0,,P35236,1|2|3,P35236-1|P35236-2|P35236-3
CHEMBL298,Homo sapiens,P32239,CCK-B receptor | CCK2-R | Cholecystokinin-2 receptor | CCK-BR | CCKBR | Gastrin/cholecystokinin type B receptor | CCKRB,3.0,,P32239,1|2|3,P32239-1|P32239-2|P32239-3
CHEMBL3864,Homo sapiens,Q06124,SHP-2 | PTP-2C | Protein-tyrosine phosphatase 2C | SH-PTP2 | Shp2 | SH-PTP3 | Tyrosine-protein phosphatase non-receptor type 11 | PTPN11 | Protein-tyrosine phosphatase 1D | SHPTP2 | PTP-1D | PTP2C,3.0,,Q06124,1|2|3,Q06124-2|Q06124-1|Q06124-3
CHEMBL2954,Homo sapiens,P25774,Cathepsin S | CTSS,2.0,,P25774,1|2,P25774-1|P25774-2
CHEMBL4158,Homo sapiens,P49327,Fatty acid synthase | FAS | Type I fatty acid synthase | FASN,1.0,Optimum pH is 6.5 to 6.7.,P49327,,
CHEMBL4616,Homo sapiens,Q92847,GHRP | Ghrelin receptor | GHSR | GHS-R | Growth hormone secretagogue receptor type 1 | GH-releasing peptide receptor,2.0,,Q92847,1A|1B,Q92847-1|Q92847-2
CHEMBL2721,Homo sapiens,P43005,EAAC1 | Neuronal and epithelial glutamate transporter | SLC1A1 | Excitatory amino acid transporter 3 | HEAAC1 | Solute carrier family 1 member 1 | Sodium-dependent glutamate/aspartate transporter 3 | EAAT3 | Excitatory amino-acid carrier 1,1.0,,P43005,,
CHEMBL4051,Homo sapiens,P13569,Cystic fibrosis transmembrane conductance regulator | ATP-binding cassette sub-family C member 7 | Channel conductance-controlling ATPase | ABCC7 | cAMP-dependent chloride channel | CFTR,3.0,,P13569,1|2|3,P13569-1|P13569-2|P13569-3
CHEMBL2722,Homo sapiens,P19099,Cytochrome P450 11B2 | Cytochrome P-450Aldo | Corticosterone 18-monooxygenase | ALDOS | CYPXIB2 | mitochondrial | CYP11B2 | Steroid 18-hydroxylase | Cytochrome P-450C18 | Aldosterone synthase | Aldosterone-synthesizing enzyme | Steroid 11-beta-hydroxylase,1.0,,P19099,,
CHEMBL3278,Rattus norvegicus,O08725,GHRP | Ghrelin receptor | Ghsr | GHS-R | Growth hormone secretagogue receptor type 1 | GH-releasing peptide receptor,1.0,,O08725,,
CHEMBL3085,Homo sapiens,P43003,Sodium-dependent glutamate/aspartate transporter 1 | Solute carrier family 1 member 3 | Excitatory amino acid transporter 1 | GLAST1 | SLC1A3 | GLAST | GLAST-1 | EAAT1,2.0,,P43003,1|2,P43003-1|P43003-2
CHEMBL2955,Homo sapiens,O95136,S1P receptor Edg-5 | S1PR2 | S1P receptor 2 | Endothelial differentiation G-protein coupled receptor 5 | EDG5 | Sphingosine 1-phosphate receptor 2 | S1P2 | Sphingosine 1-phosphate receptor Edg-5,1.0,,O95136,,
CHEMBL4804,Homo sapiens,P30305,M-phase inducer phosphatase 2 | CDC25HU2 | Dual specificity phosphatase Cdc25B | CDC25B,4.0,,P30305,3|1|2|4,P30305-1|P30305-2|P30305-3|P30305-4
CHEMBL3290,Homo sapiens,P29323,EPH-like kinase 5 | EPHT3 | EK5 | hEK5 | Renal carcinoma antigen NY-REN-47 | EPHB2 | Tyrosine-protein kinase TYRO5 | TYRO5 | Developmentally-regulated Eph-related tyrosine kinase | ERK | HEK5 | EPH tyrosine kinase 3 | EPTH3 | DRT | Tyrosine-protein kinase receptor EPH-3 | Ephrin type-B receptor 2 | ELK-related tyrosine kinase,3.0,,P29323,1|2|3,P29323-1|P29323-2|P29323-3
CHEMBL2760,Homo sapiens,P17405,SMPD1 | Sphingomyelin phosphodiesterase | ASM | Acid sphingomyelinase | aSMase,4.0,,P17405,1|2|3|4,P17405-1|P17405-2|P17405-3|P17405-4
CHEMBL4803,Homo sapiens,P29474,Nitric oxide synthase 3 | NOS type III | cNOS | eNOS | NOSIII | Constitutive NOS | NOS3 | endothelial | EC-NOS | Nitric oxide synthase | Endothelial NOS,3.0,,P29474,1|eNOS13C|eNOS13B,P29474-1|P29474-2|P29474-3
CHEMBL4029,Homo sapiens,P25024, | IL8RA | High affinity interleukin-8 receptor A | CXCR1 | IL-8 receptor type 1 | C-X-C chemokine receptor type 1 | CDw128a | IL-8R A | CXC-R1 | CXCR-1 | CMKAR1,1.0,,P25024,,
CHEMBL4015,Homo sapiens,P41597, | MCP-1-R | CCR-2 | C-C chemokine receptor type 2 | Monocyte chemoattractant protein 1 receptor | C-C CKR-2 | CC-CKR-2 | CCR2 | CMKBR2,2.0,,P41597,A|B,P41597-1|P41597-2
CHEMBL3060,Homo sapiens,Q9Y345,Sodium- and chloride-dependent glycine transporter 2 | GlyT-2 | SLC6A5 | Solute carrier family 6 member 5 | GlyT2 | GLYT2 | NET1,3.0,,Q9Y345,1|2|3,Q9Y345-1|Q9Y345-2|Q9Y345-3
CHEMBL4062,Sus scrofa,P35750,Calcium-activated neutral proteinase 1 | Calpain mu-type | CAPN1 | Micromolar-calpain | muCANP | Calpain-1 catalytic subunit | CANP 1 | Calpain-1 large subunit,1.0,,P35750,,
CHEMBL4065,Sus scrofa,P09955,CPB1 | CPB | Carboxypeptidase B,1.0,,P09955,,
CHEMBL4801,Homo sapiens,P29466,ICE | IL-1 beta-converting enzyme | IL1BCE | Interleukin-1 beta-converting enzyme | IL1BC | IL-1BC | Interleukin-1 beta convertase | Caspase-1 | CASP-1 | CASP1 | p45,5.0,,P29466,Alpha|Beta|Gamma|Delta|Epsilon,P29466-1|P29466-2|P29466-3|P29466-4|P29466-5
CHEMBL3116,Homo sapiens,P50750,Cyclin-dependent kinase 9 | Cell division protein kinase 9 | Serine/threonine-protein kinase PITALRE | TAK | CDK9 | C-2K | Tat-associated kinase complex catalytic subunit | Cell division cycle 2-like protein kinase 4 | CDC2L4,2.0,,P50750,1|2,P50750-1|P50750-2
CHEMBL2265,Homo sapiens,P23141,CE-1 | Triacylglycerol hydrolase | Methylumbelliferyl-acetate deacetylase 1 | Carboxylesterase 1 | CES1 | hCE-1 | HMSE | Liver carboxylesterase 1 | TGH | Serine esterase 1 | ACAT | CEH | Egasyn | Cocaine carboxylesterase | Acyl-coenzyme A:cholesterol acyltransferase | Monocyte/macrophage serine esterase | Retinyl ester hydrolase | Cholesteryl ester hydrolase | CES2 | SES1 | Brain carboxylesterase hBr1 | REH,3.0,Optimum pH is 6.5.,P23141,1|2|3,P23141-1|P23141-2|P23141-3
CHEMBL3117,Homo sapiens,P35790,Choline kinase alpha | CK | EK | CHK | CKI | CHKA | Ethanolamine kinase | CHETK-alpha,2.0,,P35790,1|2,P35790-1|P35790-2
CHEMBL2543,Homo sapiens,P78368,CK1G2 | CKI-gamma 2 | Casein kinase I isoform gamma-2 | CSNK1G2,1.0,,P78368,,
CHEMBL4333,Homo sapiens,P21453, | Sphingosine 1-phosphate receptor 1 | S1P receptor Edg-1 | CHEDG1 | S1PR1 | S1P1 | Endothelial differentiation G-protein coupled receptor 1 | EDG1 | S1P receptor 1 | Sphingosine 1-phosphate receptor Edg-1,1.0,,P21453,,
CHEMBL3383,Sus scrofa,Q29550,Proline-beta-naphthylamidase | Liver carboxylesterase | Retinyl ester hydrolase | REH,1.0,"Optimum pH is 8.0 with tributylglycerol as substrate, and 8.2 with retinyl palmitate as substrate. Active from pH 4.5-9.5 with retinyl palmitate as substrate.",Q29550,,
CHEMBL2590,Sus scrofa,P15145, | AP-M | AP-N | gp130 | Aminopeptidase N | Alanyl aminopeptidase | pAPN | Microsomal aminopeptidase | Aminopeptidase M | ANPEP,1.0,,P15145,,
CHEMBL299,Homo sapiens,P17252,Protein kinase C alpha type | PRKACA | PKCA | PRKCA | PKC-alpha | PKC-A,1.0,,P17252,,
CHEMBL3045,Homo sapiens,P05771,PRKCB1 | Protein kinase C beta type | PRKCB | PKC-B | PKCB | PKC-beta,2.0,,P05771,Beta-I|Beta-II,P05771-1|P05771-2
CHEMBL4040,Homo sapiens,P28482,MAP kinase 1 | ERK2 | ERT1 | PRKM2 | p42-MAPK | Mitogen-activated protein kinase 2 | MAPK1 | Extracellular signal-regulated kinase 2 | PRKM1 | MAPK 2 | MAPK 1 | MAP kinase 2 | MAP kinase isoform p42 | ERK-2 | Mitogen-activated protein kinase 1,2.0,,P28482,1|2,P28482-1|P28482-2
CHEMBL3298,Homo sapiens,P06733,MBPB1 | Alpha-enolase | 2-phospho-D-glycerate hydro-lyase | MPB1 | MBP-1 | Plasminogen-binding protein | ENO1 | C-myc promoter-binding protein | Enolase 1 | Non-neural enolase | Phosphopyruvate hydratase | MPB-1 | ENO1L1 | NNE,2.0,Enolase activity is lost above pH 9.0. Immunoglobulin production stimulating activity is retained at pH 13.0.,P06733,alpha-enolase|MBP-1,P06733-1|P06733-2
CHEMBL3105,Homo sapiens,P09874,ADP-ribosyltransferase diphtheria toxin-like 1 | ARTD1 | Protein poly-ADP-ribosyltransferase PARP1 | PARP-1 | DNA ADP-ribosyltransferase PARP1 | Poly [ADP-ribose] polymerase 1 | Poly[ADP-ribose] synthase 1 | NAD(+) ADP-ribosyltransferase 1 | PARP1 | ADPRT | ADPRT 1 | PPOL,1.0,,P09874,,
CHEMBL3120,Homo sapiens,P08243,TS11 | ASNS | Glutamine-dependent asparagine synthetase | Asparagine synthetase [glutamine-hydrolyzing] | Cell cycle control protein TS11,3.0,,P08243,1|2|3,P08243-1|P08243-2|P08243-3
CHEMBL300,Rattus norvegicus,P19969,Gamma-aminobutyric acid receptor subunit alpha-5 | GABA(A) receptor subunit alpha-5 | Gabra-5 | Gabra5,1.0,,P19969,,
CHEMBL3048,Rattus norvegicus,P29476,Nitric oxide synthase 1 | Bnos | Peptidyl-cysteine S-nitrosylase NOS1 | Neuronal NOS | bNOS | N-NOS | Constitutive NOS | Nos1 | Nitric oxide synthase | nNOS | NC-NOS | brain | NOS type I,3.0,,P29476,N-NOS-1|N-NOS-2|PNNOS,P29476-1|P29476-2|P29476-3
CHEMBL301,Homo sapiens,P24941,p33 protein kinase | Cell division protein kinase 2 | Cyclin-dependent kinase 2 | CDKN2 | CDK2,2.0,,P24941,1|2,P24941-1|P24941-2
CHEMBL2868,Rattus norvegicus,P30560,AVPR V1a | Antidiuretic hormone receptor 1a | Vascular/hepatic-type arginine vasopressin receptor | Avpr1a | Vasopressin V1a receptor | V1aR,1.0,,P30560,,
CHEMBL2337,Homo sapiens,P48067,SLC6A9 | Solute carrier family 6 member 9 | GlyT1 | GlyT-1 | Sodium- and chloride-dependent glycine transporter 1,3.0,,P48067,GlyT-1C|GlyT-1A|GlyT-1B,P48067-1|P48067-2|P48067-3
CHEMBL3923,Homo sapiens,Q9Y2I1,Imidazoline receptor antisera-selected protein | I1R candidate protein | IRAS | Imidazoline-1 receptor | NISCH | I-1 | I-1 receptor candidate protein | Imidazoline receptor 1 | Imidazoline-1 receptor candidate protein | Nischarin | I1R | hIRAS | KIAA0975 | IR1,4.0,,Q9Y2I1,1|2|3|4,Q9Y2I1-1|Q9Y2I1-2|Q9Y2I1-3|Q9Y2I1-4
CHEMBL3092,Homo sapiens,P14091,Cathepsin E | CTSE,3.0,,P14091,1|2|3,P14091-1|P14091-2|P14091-3
CHEMBL3106,Homo sapiens,P19971,PD-ECGF | TP | Thymidine phosphorylase | TYMP | Platelet-derived endothelial cell growth factor | ECGF1 | Gliostatin | TdRPase,2.0,,P19971,1|2,P19971-1|P19971-2
CHEMBL2409,Homo sapiens,P34913,EPHX2 | Bifunctional epoxide hydrolase 2,3.0,,P34913,1|2|3,P34913-1|P34913-2|P34913-3
CHEMBL302,Rattus norvegicus,P30543,Adora2a | Adenosine receptor A2a,1.0,,P30543,,
CHEMBL2473,Homo sapiens,P49768,Presenilin-1 | PSEN1 | AD3 | Protein S182 | PS1 | PS-1 | PSNL1,7.0,,P49768,1|2|3|4|5|6|7,P49768-1|P49768-2|P49768-3|P49768-4|P49768-5|P49768-6|P49768-7
CHEMBL4303,Homo sapiens,P08238,Heat shock protein HSP 90-beta | HSP 90 | HSP84 | HSP90AB1 | Heat shock 84 kDa | HSPCB | HSP 84 | HSP90B | HSPC2,1.0,,P08238,,
CHEMBL4050,Homo sapiens,Q02790,FKBP-4 | FKBP51 | p59 | FK506-binding protein 4 | FKBP59 | Immunophilin FKBP52 | Peptidyl-prolyl cis-trans isomerase FKBP4 | 51 kDa FK506-binding protein | 59 kDa immunophilin | FKBP52 | HSP-binding immunophilin | FKBP-52 | 52 kDa FKBP | PPIase FKBP4 | FKBP4 | HBI | Rotamase | 52 kDa FK506-binding protein,1.0,,Q02790,,
CHEMBL1955,Homo sapiens,P35916,VEGFR3 | Tyrosine-protein kinase receptor FLT4 | Vascular endothelial growth factor receptor 3 | FLT-4 | FLT4 | VEGFR-3 | Fms-like tyrosine kinase 4,3.0,,P35916,1|2|3,P35916-2|P35916-1|P35916-3
CHEMBL1841,Homo sapiens,P06241,FYN | Proto-oncogene c-Fyn | SLK | Proto-oncogene Syn | Src-like kinase | p59-Fyn | Tyrosine-protein kinase Fyn,3.0,,P06241,1|2|3,P06241-1|P06241-2|P06241-3
CHEMBL1784,Homo sapiens,P43220,GLP1R | GLP-1R | Glucagon-like peptide 1 receptor | GLP-1 receptor | GLP-1-R,1.0,,P43220,,
CHEMBL3607,Rattus norvegicus,P42260,GluR6 | Glutamate receptor 6 | GluR-6 | Glur6 | Glutamate receptor ionotropic | Grik2 | kainate 2 | GluK2,1.0,,P42260,,
CHEMBL3733,Mus musculus,P12657,Muscarinic acetylcholine receptor M1 | Chrm-1 | Chrm1,1.0,,P12657,,
CHEMBL3234,Homo sapiens,P08631,Tyrosine-protein kinase HCK | Hematopoietic cell kinase | p59Hck | Hemopoietic cell kinase | p59-HCK/p60-HCK | HCK | p61Hck,4.0,,P08631,1|2|3|4,P08631-1|P08631-2|P08631-3|P08631-4
CHEMBL3099,Mus musculus,P00520,p150 | Proto-oncogene c-Abl | Abl1 | Tyrosine-protein kinase ABL1 | Abelson murine leukemia viral oncogene homolog 1 | Abl | Abelson tyrosine-protein kinase 1,4.0,,P00520,I|II|III|IV,P00520-1|P00520-2|P00520-3|P00520-4
CHEMBL3872,Mus musculus,P51675, | C-C CKR-1 | CCR1 | Ccr1 | RANTES-R | MIP-1alpha-R | CCR-1 | Cmkbr1 | CC-CKR-1 | C-C chemokine receptor type 1 | Macrophage inflammatory protein 1-alpha receptor,1.0,,P51675,,
CHEMBL2237,Mus musculus,Q60614,Adenosine receptor A2b | Adora2b,1.0,,Q60614,,
CHEMBL3905,Homo sapiens,P07948,LYN | p56Lyn | JTK8 | Tyrosine-protein kinase Lyn | p53Lyn | Lck/Yes-related novel protein tyrosine kinase | V-yes-1 Yamaguchi sarcoma viral related oncogene homolog,2.0,,P07948,1|2,P07948-1|P07948-2
CHEMBL3906,Homo sapiens,Q15349,MAP kinase-activated protein kinase 1c | Ribosomal S6 kinase 3 | p90RSK2 | MAPK-activated protein kinase 1c | S6K-alpha-2 | RSK-3 | Ribosomal protein S6 kinase alpha-2 | MAPKAP kinase 1c | RPS6KA2 | MAPKAPK1C | 90 kDa ribosomal protein S6 kinase 2 | MAPKAPK-1c | RSK3 | pp90RSK3 | p90-RSK 2,3.0,,Q15349,1|2|3,Q15349-1|Q15349-2|Q15349-3
CHEMBL3457,Rattus norvegicus,O88867,Kynurenine 3-hydroxylase | Kmo | Kynurenine 3-monooxygenase,1.0,,O88867,,
CHEMBL3119,Homo sapiens,Q9HBA0,OTRPC4 | Vanilloid receptor-like protein 2 | VRL-2 | Transient receptor potential protein 12 | Vanilloid receptor-like channel 2 | Vanilloid receptor-related osmotically-activated channel | TRPV4 | TRP12 | Osm-9-like TRP channel 4 | VR-OAC | Transient receptor potential cation channel subfamily V member 4 | TrpV4 | VROAC | VRL2,6.0,,Q9HBA0,1|2|3|4|5|6,Q9HBA0-1|Q9HBA0-2|Q9HBA0-3|Q9HBA0-4|Q9HBA0-5|Q9HBA0-6
CHEMBL3910,Mus musculus,P50172,11-beta-HSD1 | liver-type 11-beta-HSD | 11-beta-hydroxysteroid dehydrogenase/microsomal carbonyl reductase | Hsd11 | 11-DH | 11beta-HSD1A | 7-oxosteroid reductase | Hsd11b1 | Corticosteroid 11-beta-dehydrogenase isozyme 1 | 11-beta-HSD1A/MCR | 11-beta-hydroxysteroid dehydrogenase 1,1.0,,P50172,,
CHEMBL3795,Homo sapiens,Q01726,Melanocortin receptor 1 | MC1R | MSH-R | Melanocyte-stimulating hormone receptor | MSHR | MC1-R,1.0,,Q01726,,
CHEMBL4393,Homo sapiens,P39900,MMP-12 | Macrophage metalloelastase | hME | HME | Matrix metalloproteinase-12 | MME | ME | MMP12 | Macrophage elastase,1.0,,P39900,,
CHEMBL4394,Homo sapiens,Q9NYA1,Acetyltransferase SPHK1 | SK 1 | SPHK1 | SK1 | SPHK | SPK | Sphingosine kinase 1 | SPK 1,3.0,Optimum pH is 7.4.,Q9NYA1,1|2|3,Q9NYA1-1|Q9NYA1-2|Q9NYA1-3
CHEMBL2815,Homo sapiens,P04629,High affinity nerve growth factor receptor | Trk-A | p140-TrkA | TRK | TRK1-transforming tyrosine kinase protein | Tyrosine kinase receptor | MTC | Tropomyosin-related kinase A | NTRK1 | TRKA | Neurotrophic tyrosine kinase receptor type 1 | gp140trk | Tyrosine kinase receptor A,4.0,,P04629,TrkA-II|TrkA-I|3|TrkA-III,P04629-1|P04629-2|P04629-3|P04629-4
CHEMBL2998,Homo sapiens,P56373,ATP receptor | P2RX3 | P2X purinoceptor 3 | Purinergic receptor | P2X3,1.0,,P56373,,
CHEMBL4398,Homo sapiens,P41231,P2Y2 | P2RY2 | ATP receptor | P2U1 | P2RU1 | P2U receptor 1 | P2U purinoceptor 1 | P2Y purinoceptor 2 | Purinergic receptor,1.0,,P41231,,
CHEMBL3223,Rattus norvegicus,P32305,GPRFO | Serotonin receptor 7 | 5-HT-X | Htr7 | 5-HT7 | 5-HT-7 | 5-hydroxytryptamine receptor 7,2.0,,P32305,A|B,P32305-1|P32305-2
CHEMBL3973,Homo sapiens,P22455,FGFR-4 |  | Fibroblast growth factor receptor 4 | FGFR4 | JTK2 | TKF,2.0,,P22455,1|2,P22455-1|P22455-2
CHEMBL2742,Homo sapiens,P22607, | Fibroblast growth factor receptor 3 | FGFR3 | FGFR-3 | JTK4,4.0,,P22607,1|2|3|4,P22607-1|P22607-2|P22607-3|P22607-4
CHEMBL3213,Homo sapiens,O60733,85/88 kDa calcium-independent phospholipase A2 | Patatin-like phospholipase domain-containing protein 9 | Palmitoyl-CoA hydrolase | PLPLA9 | CaI-PLA2 | PLA2G6 | 2-lysophosphatidylcholine acylhydrolase | Intracellular membrane-associated calcium-independent phospholipase A2 beta | PNPLA9 | GVI PLA2 | iPLA2-beta | Group VI phospholipase A2,4.0,,O60733,LH-iPLA2|SH-iPLA2|Ankyrin-iPLA2-1|Ankyrin-iPLA2-2,O60733-1|O60733-2|O60733-3|O60733-4
CHEMBL3267,Homo sapiens,P48736,"PI3K-gamma | Serine/threonine protein kinase PIK3CG | PI3Kgamma | Phosphatidylinositol 4,5-bisphosphate 3-kinase 110 kDa catalytic subunit gamma | Phosphoinositide-3-kinase catalytic gamma polypeptide | PtdIns-3-kinase subunit p110-gamma | PIK3CG | p110gamma | PtdIns-3-kinase subunit gamma | Phosphatidylinositol 4,5-bisphosphate 3-kinase catalytic subunit gamma isoform | PI3-kinase subunit gamma | p120-PI3K",1.0,,P48736,,
CHEMBL3667,Homo sapiens,P42356,PI4K-alpha | PtdIns-4-kinase alpha | Phosphatidylinositol 4-Kinase III alpha | PIK4 | PIK4CA | PI4KA | PI4-kinase alpha | Phosphatidylinositol 4-kinase alpha,2.0,,P42356,1|2,P42356-1|P42356-2
CHEMBL3268,Homo sapiens,Q9UBF8,PIK4CB | PI4KIII | PI4K92 | Phosphatidylinositol 4-kinase beta | PI4KB | NPIK | PtdIns 4-kinase beta | PI4K-beta | PI4Kbeta,3.0,,Q9UBF8,1|2|3,Q9UBF8-1|Q9UBF8-2|Q9UBF8-3
CHEMBL3286,Homo sapiens,P00749,uPA | Urokinase-type plasminogen activator | U-plasminogen activator | PLAU,2.0,,P00749,1|2,P00749-1|P00749-2
CHEMBL304,Rattus norvegicus,Q9WTR4,Transporter | Slc6a2,1.0,,Q9WTR4,,
CHEMBL3686,Rattus norvegicus,P14423,Phosphatidylcholine 2-acylhydrolase 2A | Phospholipase A2 | Pla2g2a | GIIC sPLA2 | Group IIA phospholipase A2 | membrane associated,1.0,Optimum pH is 8-9.5.,P14423,,
CHEMBL2734,Homo sapiens,O14939,hPLD2 | Phospholipase D2 | PLD2 | PLD1C | PLD 2 | Phosphatidylcholine-hydrolyzing phospholipase D2 | Choline phosphatase 2,3.0,,O14939,PLD2A|PLD2C|PLD2B,O14939-1|O14939-3|O14939-4
CHEMBL3202,Homo sapiens,P48147,Prolyl endopeptidase | PE | PREP | Post-proline cleaving enzyme | PEP,1.0,,P48147,,
CHEMBL4101,Homo sapiens,P17612,PKA C-alpha | cAMP-dependent protein kinase catalytic subunit alpha | PKACA | PRKACA,2.0,,P17612,1|2,P17612-1|P17612-2
CHEMBL5102,Rattus norvegicus,O35433,Capsaicin receptor | Transient receptor potential cation channel subfamily V member 1 | Vr1 | Trpv1 | Vanilloid receptor type 1-like | OTRPC1 | TrpV1 | Osm-9-like TRP channel 1 | Vanilloid receptor 1 | Vr1l,3.0,,O35433,1|2|3,O35433-1|O35433-2|O35433-3
CHEMBL3991,Homo sapiens,P08709, | Proconvertin | Serum prothrombin conversion accelerator | F7 | Coagulation factor VII | SPCA,2.0,,P08709,A|B,P08709-1|P08709-2
CHEMBL3504,Rattus norvegicus,P19492,GluR-C | GluR-K3 | GluR-3 | AMPA-selective glutamate receptor 3 | Glutamate receptor 3 | GluA3 | AMPA 3 | Glur3 | Gria3 | Glutamate receptor ionotropic,2.0,,P19492,Flop|Flip,P19492-1|P19492-2
CHEMBL2775,Rattus norvegicus,Q9ERZ8,OTRPC4 | Vroac | Trpv4 | Vanilloid receptor-related osmotically-activated channel | Osm-9-like TRP channel 4 | VR-OAC | Transient receptor potential cation channel subfamily V member 4 | TrpV4,1.0,,Q9ERZ8,,
CHEMBL3310,Homo sapiens,Q96DB2,Histone deacetylase 11 | HD11 | HDAC11,2.0,,Q96DB2,1|2,Q96DB2-1|Q96DB2-2
CHEMBL2274,Homo sapiens,Q9H228,S1PR5 | S1P5 | S1P receptor 5 | EDG8 | Sphingosine 1-phosphate receptor Edg-8 | S1P receptor Edg-8 | Endothelial differentiation G-protein-coupled receptor 8 | Sphingosine 1-phosphate receptor 5,2.0,,Q9H228,1|2,Q9H228-1|Q9H228-2
CHEMBL3720,Homo sapiens,P53396,ACL | ATP-citrate synthase | Citrate cleavage enzyme | ACLY | ATP-citrate (pro-S-)-lyase,3.0,,P53396,1|2|3,P53396-1|P53396-2|P53396-3
CHEMBL3004,Homo sapiens,P33527,Multidrug resistance-associated protein 1 | LTC4 transporter | Glutathione-S-conjugate-translocating ATPase ABCC1 | MRP1 | ATP-binding cassette sub-family C member 1 | Leukotriene C(4) transporter | MRP | ABCC1,9.0,,P33527,1|2|3|4|5|6|7|8|9,P33527-1|P33527-2|P33527-3|P33527-4|P33527-5|P33527-6|P33527-7|P33527-8|P33527-9
CHEMBL2872,Homo sapiens,P80192,MLK1 | MAP3K9 | Mixed lineage kinase 1 | Mitogen-activated protein kinase kinase kinase 9 | PRKE1,2.0,,P80192,1|2,P80192-1|P80192-4
CHEMBL3602,Rattus norvegicus,Q9R0C9,Sigma non-opioid intracellular receptor 1 | Sigmar1 | Sigma 1-type opioid receptor | Sigma1-receptor | Oprs1 | Sigma1R,2.0,,Q9R0C9,1|2,Q9R0C9-1|Q9R0C9-2
CHEMBL2903,Homo sapiens,P16050,Arachidonate 12-lipoxygenase | Arachidonate omega-6 lipoxygenase | Polyunsaturated fatty acid lipoxygenase ALOX15 | 15-LOX-1 | ALOX15 | Linoleate 13S-lipoxygenase | Hepoxilin A3 synthase Alox15 | 15-LOX | 12-LOX | leukocyte-type | 12/15-lipoxygenase | LOG15 | Arachidonate 15-lipoxygenase,2.0,"Optimum pH is 7 with (9Z,12Z)-octadecadienoate as substrate.",P16050,1|2,P16050-1|P16050-2
CHEMBL3257,Homo sapiens,Q06278,Aldehyde oxidase | AO | Azaheterocycle hydroxylase | Aldehyde oxidase 1 | AOX1,1.0,,Q06278,,
CHEMBL3468,Homo sapiens,P55210,CASP7 | Caspase-7 | ICE-LAP3 | CASP-7 | Apoptotic protease Mch-3 | CMH-1 | MCH3 | ICE-like apoptotic protease 3,4.0,,P55210,Alpha|Beta|Alpha'|4,P55210-1|P55210-2|P55210-3|P55210-4
CHEMBL308,Homo sapiens,P06493,Cell division protein kinase 1 | Cyclin-dependent kinase 1 | P34CDC2 | CDKN1 | CDK1 | Cell division control protein 2 homolog | p34 protein kinase | CDC2 | CDC28A,2.0,,P06493,1|2,P06493-1|P06493-2
CHEMBL309,Rattus norvegicus,P10980,Chrm-2 | Muscarinic acetylcholine receptor M2 | Chrm2,1.0,,P10980,,
CHEMBL2292,Homo sapiens,Q13627,hMNB | Dual specificity YAK1-related kinase | MNBH | Dual specificity tyrosine-phosphorylation-regulated kinase 1A | DYRK1A | HP86 | Protein kinase minibrain homolog | DYRK | MNB,5.0,,Q13627,Long|1|2|3|4,Q13627-1|Q13627-2|Q13627-3|Q13627-4|Q13627-5
CHEMBL5375,Hepatitis C virus,Q8JXU8,NS5B | RNA-directed RNA polymerase,1.0,,Q8JXU8,,
CHEMBL310,Rattus norvegicus,Q00959,N-methyl D-aspartate receptor subtype 2A | NMDA 2A | Glutamate [NMDA] receptor subunit epsilon-1 | GluN2A | Grin2a | NR2A | NMDAR2A | Glutamate receptor ionotropic,1.0,,Q00959,,
CHEMBL311,Rattus norvegicus,Q00960,Glutamate [NMDA] receptor subunit epsilon-2 | N-methyl D-aspartate receptor subtype 2B | NMDAR2B | NMDA 2B | GluN2B | NR2B | Glutamate receptor ionotropic | Grin2b,1.0,,Q00960,,
CHEMBL3368,Rattus norvegicus,P06536,Glucocorticoid receptor | GR | Grl | Nr3c1 | Nuclear receptor subfamily 3 group C member 1,2.0,,P06536,A|B,P06536-1|P06536-2
CHEMBL2730,Homo sapiens,P21980,TGase II | G(h) | Protein G alpha(h) | TG2 | TGase C | tTG | TGase H | TGase-2 | Transglutaminase II | Heart G alpha(h) | Protein-glutamine noradrenalinyltransferase TGM2 | hhG alpha(h) | Transglutaminase C | Protein-glutamine deamidase TGM2 | Isopeptidase TGM2 | Transglutaminase H | hTG2 | Tissue transglutaminase | Transglutaminase-2 | TGC | TG(C) | tTgase | Protein-glutamine serotonyltransferase TGM2 | Protein-glutamine dopaminyltransferase TGM2 | Protein-glutamine gamma-glutamyltransferase 2 | Erythrocyte transglutaminase | TGM2 | Protein-glutamine histaminyltransferase TGM2,3.0,,P21980,1|2|3,P21980-1|P21980-2|P21980-3
CHEMBL3369,Rattus norvegicus,P07861, | Neutral endopeptidase | Atriopeptidase | Neutral endopeptidase 24.11 | NEP | Neprilysin | Skin fibroblast elastase | Mme | SFE | Enkephalinase,1.0,,P07861,,
CHEMBL3649,Bos taurus,P80457,XDH | Xanthine dehydrogenase/oxidase,1.0,,P80457,,
CHEMBL2967,Bos taurus,Q95136,Dopamine D1 receptor | DRD1 | D1AR | D(1A) dopamine receptor,1.0,,Q95136,,
CHEMBL4980,Rattus norvegicus,Q05941,Neuronal acetylcholine receptor subunit alpha-7 | Chrna7 | Acra7,1.0,,Q05941,,
CHEMBL3361,Rattus norvegicus,P30729,D(4) dopamine receptor | Drd4 | D(2C) dopamine receptor | Dopamine D4 receptor,1.0,,P30729,,
CHEMBL3663,Homo sapiens,P62993,Protein Ash | SH2/SH3 adapter GRB2 | Growth factor receptor-bound protein 2 | ASH | Adapter protein GRB2 | GRB2,2.0,,P62993,1|2,P62993-1|P29354-1|P62993-2|P29354-2
CHEMBL313,Rattus norvegicus,P31652,5HTT | Sodium-dependent serotonin transporter | 5HT transporter | SERT | Slc6a4 | Solute carrier family 6 member 4,1.0,,P31652,,
CHEMBL3114,Rattus norvegicus,P23739,intestinal | Si | Sucrase-isomaltase,1.0,,P23739,,
CHEMBL2683,Gallus gallus,Q9I8D0,V-type proton ATPase 116 kDa subunit a 1 | V-ATPase 116 kDa subunit a 1 | ATP6V0A1 | Vacuolar proton translocating ATPase 116 kDa subunit a isoform 1,1.0,,Q9I8D0,,
CHEMBL3242,Homo sapiens,O43570,Carbonic anhydrase XII | CA-XII | Tumor antigen HOM-RCC-3.1.3 | Carbonate dehydratase XII | CA12 | Carbonic anhydrase 12,2.0,,O43570,1|2,O43570-1|O43570-2
CHEMBL2803,Homo sapiens,P43403,SRK | ZAP70 | 70 kDa zeta-chain associated protein | Tyrosine-protein kinase ZAP-70 | Syk-related tyrosine kinase,3.0,,P43403,1|2|3,P43403-1|P43403-2|P43403-3
CHEMBL3979,Homo sapiens,Q03181,PPAR-delta | PPAR-beta | NUC1 | NR1C2 | Nuclear receptor subfamily 1 group C member 2 | PPARB | Nuclear hormone receptor 1 | Peroxisome proliferator-activated receptor delta | PPARD | Peroxisome proliferator-activated receptor beta | NUCI,4.0,,Q03181,1|2|3|4,Q03181-1|Q03181-2|Q03181-3|Q03181-4
CHEMBL2993,Rattus norvegicus,P19643,Monoamine oxidase type B | Maob | Amine oxidase [flavin-containing] B | MAO-B,1.0,,P19643,,
CHEMBL2996,Homo sapiens,Q05655,Tyrosine-protein kinase PRKCD | PKCD | nPKC-delta | PRKCD | Protein kinase C delta type,2.0,,Q05655,1|2,Q05655-1|Q05655-2
CHEMBL4822,Homo sapiens,P56817,ASP2 | Beta-site APP cleaving enzyme 1 | BACE | BACE1 | Asp 2 | Membrane-associated aspartic protease 2 | KIAA1149 | Beta-site amyloid precursor protein cleaving enzyme 1 | Aspartyl protease 2 | Beta-secretase 1 | Memapsin-2,6.0,,P56817,A|B|C|D|5|6,P56817-1|P56817-2|P56817-3|P56817-4|P56817-5|P56817-6
CHEMBL2276,Homo sapiens,P45983,MAPK 8 | JNK-46 | Stress-activated protein kinase JNK1 | Stress-activated protein kinase 1c | SAPK1C | c-Jun N-terminal kinase 1 | SAPK1c | Mitogen-activated protein kinase 8 | MAPK8 | PRKM8 | JNK1 | MAP kinase 8 | SAPK1,5.0,,P45983,2|1|3|4|5,P45983-1|P45983-2|P45983-3|P45983-4|P45983-5
CHEMBL4975,Bos taurus,P28190,ADORA1 | Adenosine receptor A1,1.0,,P28190,,
CHEMBL3295,Homo sapiens,P0DJD9,PGA5 | Pepsinogen-5 | Pepsin A-5,1.0,,P0DJD9,,
CHEMBL2927,Bos taurus,P15150,CYP11B1 | CYPXIB1 | Steroid 11-beta-hydroxylase | Cytochrome P450 11B1 | mitochondrial | Cytochrome P450C11,1.0,,P15150,,
CHEMBL2680,Rattus norvegicus,D3ZUM4,Beta-galactosidase | Glb1,1.0,,D3ZUM4,,
CHEMBL1918,Homo sapiens,P39086,kainate 1 | GluR5 | GluK1 | Glutamate receptor 5 | GluR-5 | Excitatory amino acid receptor 3 | EAA3 | GRIK1 | GLUR5 | Glutamate receptor ionotropic,2.0,,P39086,1|2,P39086-1|P39086-2
CHEMBL2889,Homo sapiens,Q9Y2R2,LyP | Hematopoietic cell protein-tyrosine phosphatase 70Z-PEP | Tyrosine-protein phosphatase non-receptor type 22 | PTPN22 | Lymphoid phosphatase | PEST-domain phosphatase | PEP | PTPN8,6.0,,Q9Y2R2,1|2|3|4|5|6,Q9Y2R2-1|Q9Y2R2-2|Q9Y2R2-3|Q9Y2R2-4|Q9Y2R2-5|Q9Y2R2-6
CHEMBL3390,Rattus norvegicus,P27791,PKA C-alpha | cAMP-dependent protein kinase catalytic subunit alpha | Prkaca,2.0,,P27791,1|2,P27791-1|P27791-2
CHEMBL2383,Rattus norvegicus,Q63707,DHOdehase | mitochondrial | Dihydroorotate dehydrogenase (quinone) | Dihydroorotate oxidase | Dhodh,1.0,,Q63707,,
CHEMBL2252,Homo sapiens,P53634,Cathepsin C | DPP-I | CPPI | Cathepsin J | Dipeptidyl peptidase I | CTSC | DPPI | Dipeptidyl transferase | Dipeptidyl peptidase 1,3.0,High activity at pH 4.5-6.8.,P53634,1|2|3,P53634-1|P53634-2|P53634-3
CHEMBL2253,Mus musculus,Q60748,Corticotropin-releasing hormone receptor 2 | CRH-R2 | Corticotropin-releasing factor receptor 2 | CRH-R-2 | CRF-R-2 | CRFR-2 | CRF-RB | CRF-R2 | Crhr2 | Crf2r,2.0,,Q60748,CRF2-alpha|CRF2-beta,Q60748-1|Q60748-2
CHEMBL3455,Mus musculus,O08914,Fatty acid ester hydrolase | Oleamide hydrolase 1 | Anandamide amidohydrolase 1 | Fatty-acid amide hydrolase 1 | Faah | Faah1,1.0,,O08914,,
CHEMBL4481,Homo sapiens,P35228,NOS2 | Peptidyl-cysteine S-nitrosylase NOS2 | Inducible NOS | inducible | NOS2A | Inducible NO synthase | iNOS | NOS type II | Hepatocyte NOS | Nitric oxide synthase | HEP-NOS,2.0,,P35228,1|2,P35228-1|P35228-2
CHEMBL2717,Homo sapiens,Q9HCR9,"Dual 3',5'-cyclic-AMP and -GMP phosphodiesterase 11A | cAMP and cGMP phosphodiesterase 11A | PDE11A",4.0,,Q9HCR9,1|2|3|4,Q9HCR9-1|Q9HCR9-2|Q9HCR9-3|Q9HCR9-4
CHEMBL3067,Rattus norvegicus,P31422,mGluR3 | Mglur3 | Metabotropic glutamate receptor 3 | Gprc1c | Grm3,1.0,,P31422,,
CHEMBL3358,Rattus norvegicus,P21396,Maoa | Monoamine oxidase type A | Amine oxidase [flavin-containing] A | MAO-A,1.0,,P21396,,
CHEMBL2855,Rattus norvegicus,P05696,Prkca | Protein kinase C alpha type | PKC-alpha | Pkca | PKC-A,1.0,,P05696,,
CHEMBL3471,Human immunodeficiency virus 1,Q7ZJM1,pol,1.0,,Q7ZJM1,,
CHEMBL2857,Human rhinovirus sp.,Q4U254,protease | Genome polyprotein,1.0,,Q4U254,,
CHEMBL2858,Mus musculus,P42866,Oprm1 | Mu-type opioid receptor | Oprm | MOR-1 | M-OR-1 | Mor,19.0,,P42866,1|2|3|4|5|6|7|8|9|10|11|12|13|14|15|16|17|18|19,P42866-1|P42866-2|P42866-3|P42866-4|P42866-5|P42866-6|P42866-7|P42866-8|P42866-9|P42866-10|P42866-11|P42866-12|P42866-13|P42866-14|P42866-15|P42866-16|P42866-17|P42866-18|P42866-19
CHEMBL2564,Rattus norvegicus,P31424,Gprc1e | mGluR5 | Metabotropic glutamate receptor 5 | Mglur5 | Grm5,2.0,,P31424,2|1,P31424-1|P31424-2
CHEMBL317,Rattus norvegicus,P08485,Chrm4 | Chrm-4 | Muscarinic acetylcholine receptor M4,1.0,,P08485,,
CHEMBL2567,Mus musculus,P20444,Prkca | Protein kinase C alpha type | PKC-alpha | Pkca | PKC-A,1.0,,P20444,,
CHEMBL4336,Mus musculus,P30557,PGE receptor EP3 subtype | Ptgerep3 | Ptger3 | PGE2 receptor EP3 subtype | Prostaglandin E2 receptor EP3 subtype | Prostanoid EP3 receptor,3.0,,P30557,Alpha|Beta|Gamma,P30557-1|P30557-2|P30557-3
CHEMBL4343,Rattus norvegicus,P06766,AP lyase | 5'-dRP lyase | Polb | 5'-deoxyribose-phosphate lyase | DNA polymerase beta,1.0,,P06766,,
CHEMBL318,Rattus norvegicus,P25099,Adora1 | Adenosine receptor A1,1.0,,P25099,,
CHEMBL2863,Rattus norvegicus,Q9WUD2,Trpv2 | Osm-9-like TRP channel 2 | Sac2b | Stretch-activated channel 2B | Vanilloid receptor-like protein 1 | VRL-1 | OTRPC2 | Vrl1 | TrpV2 | Transient receptor potential cation channel subfamily V member 2,1.0,,Q9WUD2,,
CHEMBL2919,Rattus norvegicus,P22756,kainate 1 | GluK1 | Glutamate receptor 5 | GluR-5 | Grik1 | GluR5 | Glur5 | Glutamate receptor ionotropic,4.0,,P22756,Glur5-2C|Glur5-2|Glur5-2A|Glur5-2B,P22756-1|P22756-2|P22756-3|P22756-4
CHEMBL2622,Rattus norvegicus,P07943,Aldehyde reductase | Aldr1 | AR | Aldose reductase | Aldo-keto reductase family 1 member B1 | Akr1b4 | Akr1b1,1.0,,P07943,,
CHEMBL4017,Rattus norvegicus,Q62968,Sodium channel protein type 10 subunit alpha | Sns | Voltage-gated sodium channel subunit alpha Nav1.8 | Peripheral nerve sodium channel 3 | Scn10a | Sodium channel protein type X subunit alpha | PN3 | Sensory neuron sodium channel,2.0,,Q62968,1|2,Q62968-1|Q62968-2
CHEMBL3503,Rattus norvegicus,P19491,GluR-K2 | AMPA 2 | GluA2 | Glutamate receptor ionotropic | Glur2 | GluR-2 | AMPA-selective glutamate receptor 2 | Gria2 | Glutamate receptor 2 | GluR-B,3.0,,P19491,Flop|Flip|3,P19491-1|P19491-2|P19491-3
CHEMBL320,Rattus norvegicus,P08483,Muscarinic acetylcholine receptor M3 | Chrm3 | Chrm-3,1.0,,P08483,,
CHEMBL2625,Rattus norvegicus,P47820, | Angiotensin-converting enzyme | ACE | Dcp1 | Kininase II | Ace | Dipeptidyl carboxypeptidase I,2.0,,P47820,Somatic|Testis-specific,P47820-1|P47820-2|Q8CFN1-1
CHEMBL3145,Homo sapiens,P42338,"PtdIns-3-kinase subunit beta | PtdIns-3-kinase subunit p110-beta | PI3K-beta | PIK3CB | PI3Kbeta | p110beta | Serine/threonine protein kinase PIK3CB | Phosphatidylinositol 4,5-bisphosphate 3-kinase 110 kDa catalytic subunit beta | PIK3C1 | Phosphatidylinositol 4,5-bisphosphate 3-kinase catalytic subunit beta isoform | PI3-kinase subunit beta",1.0,,P42338,,
CHEMBL4445,Homo sapiens,Q08209,PPP3CA | CAM-PRP catalytic subunit | CALNA | Calmodulin-dependent calcineurin A subunit alpha isoform | Serine/threonine-protein phosphatase 2B catalytic subunit alpha isoform | Protein phosphatase 3 catalytic subunit alpha | CNA | CNA alpha | Calcineurin A alpha,5.0,,Q08209,1|2|3|4|5,Q08209-1|Q08209-2|Q08209-3|Q08209-4|Q08209-5
CHEMBL3272,Homo sapiens,O60911,Cathepsin L2 | Cathepsin U | CTSU | CTSL2 | Cathepsin V | CATL2 | CTSV,1.0,,O60911,,
CHEMBL321,Homo sapiens,P14780,CLG4B | 92 kDa gelatinase | 92 kDa type IV collagenase | MMP9 | GELB | Matrix metalloproteinase-9 | MMP-9 | Gelatinase B,1.0,,P14780,,
CHEMBL4270,Homo sapiens,P09238,MMP10 | MMP-10 | SL-2 | Stromelysin-2 | STMY2 | Matrix metalloproteinase-10 | Transin-2,1.0,,P09238,,
CHEMBL3356,Homo sapiens,P05177,Cytochrome P450 4 | CYPIA2 | Cytochrome P450-P3 | Cytochrome P(3)450 | Cholesterol 25-hydroxylase | Hydroperoxy icosatetraenoate dehydratase | CYP1A2 | Cytochrome P450 1A2,1.0,,P05177,,
CHEMBL4772,Homo sapiens,O15120,1-acylglycerol-3-phosphate O-acyltransferase 2 | Lysophosphatidic acid acyltransferase beta | AGPAT2 | LPAAT-beta | 1-acyl-sn-glycerol-3-phosphate acyltransferase beta | 1-AGPAT 2 | 1-AGP acyltransferase 2,2.0,,O15120,1|2,O15120-1|O15120-2
CHEMBL3190,Homo sapiens,P48058,GRIA4 | Glutamate receptor 4 | AMPA 4 | Glutamate receptor ionotropic | GluA4 | GluR4 | AMPA-selective glutamate receptor 4 | GluR-D | GluR-4 | GLUR4,2.0,,P48058,1|2,P48058-1|P48058-2
CHEMBL2916,Homo sapiens,O14746,Telomerase reverse transcriptase | EST2 | HEST2 | TERT | Telomerase-associated protein 2 | TP2 | TRT | Telomerase catalytic subunit | TCS1,4.0,,O14746,1|2|3|4,O14746-1|O14746-2|O14746-3|O14746-4
CHEMBL2007,Homo sapiens,P16234, | Alpha platelet-derived growth factor receptor | Platelet-derived growth factor alpha receptor | CD140a antigen | CD140 antigen-like family member A | PDGFRA | RHEPDGFRA | Platelet-derived growth factor receptor alpha | PDGFR-2 | Platelet-derived growth factor receptor 2 | PDGFR2 | Alpha-type platelet-derived growth factor receptor | PDGFR-alpha | PDGF-R-alpha,3.0,,P16234,1|2|3,P16234-1|P16234-2|P16234-3
CHEMBL4973,Homo sapiens,P43004,Excitatory amino acid transporter 2 | Solute carrier family 1 member 2 | EAAT2 | Sodium-dependent glutamate/aspartate transporter 2 | SLC1A2 | GLT1 | Glutamate/aspartate transporter II,3.0,,P43004,1|2|3,P43004-1|P43004-2|P43004-3
CHEMBL2755,Homo sapiens,P00390,GR | mitochondrial | GLUR | GRase | Glutathione reductase | GRD1 | GSR,5.0,,P00390,Mitochondrial|Cytoplasmic|2|3|4,P00390-1|P00390-2|P00390-3|P00390-4|P00390-5
CHEMBL2372,Rattus norvegicus,P22734,Catechol O-methyltransferase | Comt,2.0,,P22734,Membrane-bound|Soluble,P22734-1|P22734-2
CHEMBL4427,Homo sapiens,Q13258,PGD receptor | PGD2 receptor | Prostanoid DP receptor | PTGDR | Prostaglandin D2 receptor,2.0,,Q13258,1|2,Q13258-1|Q13258-2
CHEMBL3920,Homo sapiens,Q04759,Protein kinase C theta type | PRKCT | nPKC-theta | PRKCQ,3.0,,Q04759,1|2|3,Q04759-1|Q04759-2|Q04759-3
CHEMBL4282,Homo sapiens,P31749,Proto-oncogene c-Akt | RAC | RAC-PK-alpha | PKB alpha | PKB | RAC-alpha serine/threonine-protein kinase | Protein kinase B alpha | Protein kinase B | AKT1,2.0,,P31749,1|2,P31749-1|P31749-2
CHEMBL1974,Homo sapiens,P36888, | Fms-like tyrosine kinase 3 | FLK2 | FLT3 | Stem cell tyrosine kinase 1 | CD135 | Receptor-type tyrosine-protein kinase FLT3 | Fetal liver kinase-2 | STK-1 | FLK-2 | FL cytokine receptor | FLT-3 | STK1,2.0,,P36888,1|2,P36888-1|P36888-2
CHEMBL2373,Homo sapiens,P21730, | C5a anaphylatoxin chemotactic receptor 1 | C5a-R | C5a anaphylatoxin chemotactic receptor | C5aR | C5AR | C5AR1 | C5R1,1.0,,P21730,,
CHEMBL4766,Homo sapiens,Q15118,Pyruvate dehydrogenase kinase isoform 1 | mitochondrial | PDH kinase 1 | PDK1 | [Pyruvate dehydrogenase (acetyl-transferring)] kinase isozyme 1 | PDHK1,2.0,,Q15118,1|2,Q15118-1|Q15118-2
CHEMBL3893,Homo sapiens,Q15120,[Pyruvate dehydrogenase (acetyl-transferring)] kinase isozyme 3 | PDK3 | Pyruvate dehydrogenase kinase isoform 3 | mitochondrial | PDHK3,2.0,,Q15120,1|2,Q15120-1|Q15120-2
CHEMBL4141,Homo sapiens,Q16654,[Pyruvate dehydrogenase (acetyl-transferring)] kinase isozyme 4 | Pyruvate dehydrogenase kinase isoform 4 | mitochondrial | PDK4 | PDHK4,1.0,,Q16654,,
CHEMBL322,Rattus norvegicus,P14842,5-HT-2 | 5-HT-2A | 5-hydroxytryptamine receptor 2A | Serotonin receptor 2A | Htr2 | Htr2a,1.0,,P14842,,
CHEMBL324,Rattus norvegicus,P08909,5-hydroxytryptamine receptor 2C | 5-hydroxytryptamine receptor 1C | 5-HT1C | 5-HT-1C | 5-HTR2C | 5-HT2C | Htr1c | 5ht1c | 5-HT-2C | Htr2c | Serotonin receptor 2C,1.0,,P08909,,
CHEMBL4338,Homo sapiens,P00491,NP | Inosine phosphorylase | Inosine-guanosine phosphorylase | Purine nucleoside phosphorylase | PNP,1.0,,P00491,,
CHEMBL3553,Homo sapiens,P29597,TYK2 | Non-receptor tyrosine-protein kinase TYK2,1.0,,P29597,,
CHEMBL325,Homo sapiens,Q13547,RPD3L1 | Protein decrotonylase HDAC1 | Histone deacetylase 1 | HD1 | Protein deacetylase HDAC1 | HDAC1,1.0,,Q13547,,
CHEMBL3009,Homo sapiens,Q15303,HER4 | Receptor tyrosine-protein kinase erbB-4 | Tyrosine kinase-type cell surface receptor HER4 | p180erbB4 | ERBB4 | Proto-oncogene-like protein c-ErbB-4,4.0,,Q15303,JM-A CYT-1|JM-B CYT-1|JM-A CYT-2|JM-B CYT-2,Q15303-1|Q15303-2|Q15303-3|Q15303-4
CHEMBL2617,Homo sapiens,Q15661,TPSAB1 | TPS2 | Tryptase I | Tryptase alpha/beta-1 | Tryptase alpha-1 | Tryptase-1 | TPSB1 | TPS1,2.0,,Q15661,1|2,Q15661-1|Q15661-2
CHEMBL3194,Homo sapiens,P02766,TTR | Transthyretin | TBPA | Prealbumin | PALB | ATTR,1.0,,P02766,,
CHEMBL2618,Mus musculus,P04184,Tk1 | cytosolic | Thymidine kinase | Tk-1,2.0,,P04184,1|2,P04184-1|P04184-2
CHEMBL2343,Homo sapiens,O00141,SGK | SGK1 | Serine/threonine-protein kinase Sgk1 | Serum/glucocorticoid-regulated kinase 1,5.0,,O00141,1|2|3|4|5,O00141-1|O00141-2|O00141-3|O00141-4|O00141-5
CHEMBL2659,Rattus norvegicus,P48974,V1bR | AVPR V1b | Antidiuretic hormone receptor 1b | Avpr1b | Vasopressin V1b receptor | Vasopressin V3 receptor | AVPR V3,1.0,,P48974,,
CHEMBL2345,Homo sapiens,P51812,Ribosomal protein S6 kinase alpha-3 | S6K-alpha-3 | ISPK1 | MAP kinase-activated protein kinase 1b | Ribosomal S6 kinase 2 | p90-RSK 3 | Insulin-stimulated protein kinase 1 | MAPK-activated protein kinase 1b | RSK2 | ISPK-1 | pp90RSK2 | RPS6KA3 | MAPKAPK-1b | MAPKAP kinase 1b | 90 kDa ribosomal protein S6 kinase 3 | RSK-2 | MAPKAPK1B | p90RSK3,1.0,,P51812,,
CHEMBL3019,Homo sapiens,P20815,Cytochrome P450 3A5 | CYP3A5 | Cytochrome P450-PCN3 | CYPIIIA5,2.0,,P20815,1|2,P20815-1|P20815-2
CHEMBL2745,Rattus norvegicus,P16638,ATP-citrate synthase | Citrate cleavage enzyme | Acly | ATP-citrate (pro-S-)-lyase,2.0,,P16638,1|2,P16638-1|P16638-2
CHEMBL3151,Mus musculus,P24822,IAP | Intestinal-type alkaline phosphatase | Akp-3 | Alkaline phosphatase 3 | Akp3 | Iap | Intestinal alkaline phosphatase,1.0,,P24822,,
CHEMBL4956,Homo sapiens,P47869,GABA(A) receptor subunit alpha-2 | GABRA2 | Gamma-aminobutyric acid receptor subunit alpha-2,2.0,,P47869,1|2,P47869-1|P47869-2
CHEMBL4070,Homo sapiens,P19784,CK II alpha' | CK2A2 | Casein kinase II subunit alpha' | CSNK2A2,1.0,,P19784,,
CHEMBL1917,Homo sapiens,P30872,SRIF-2 | SSTR1 | SST1 | SS1-R | Somatostatin receptor type 1 | SS-1-R | SS1R,1.0,,P30872,,
CHEMBL2664,Homo sapiens,P23526,AdoHcyase | S-adenosyl-L-homocysteine hydrolase | AHCY | Adenosylhomocysteinase | SAHH,2.0,,P23526,1|2,P23526-1|P23526-2
CHEMBL2725,Enterobacter cloacae,P05364,Beta-lactamase | Cephalosporinase | ampC,1.0,,P05364,,
CHEMBL3374,Bos taurus,P25104,Type-1 angiotensin II receptor | AGTR1 | Angiotensin II type-1 receptor | AT1 receptor,1.0,,P25104,,
CHEMBL2871,Rattus norvegicus,P30551,Cholecystokinin-1 receptor | CCK-A receptor | Cckar | CCK-AR | Cholecystokinin receptor type A | CCK1-R,1.0,,P30551,,
CHEMBL4441,Homo sapiens,P49682, | Interferon-inducible protein 10 receptor | CXCR-3 | GPR9 | CXC-R3 | CXCR3 | CKR-L2 | C-X-C chemokine receptor type 3 | G protein-coupled receptor 9 | IP-10 receptor,3.0,,P49682,1|2|3,P49682-1|P49682-2|P49682-3
CHEMBL3056,Mus musculus,P19091,Androgen receptor | Nuclear receptor subfamily 3 group C member 4 | Ar | Nr3c4 | Dihydrotestosterone receptor,1.0,,P19091,,
CHEMBL3072,Rattus norvegicus,P15207,Androgen receptor | Nuclear receptor subfamily 3 group C member 4 | Ar | Nr3c4 | Dihydrotestosterone receptor,1.0,,P15207,,
CHEMBL1844,Homo sapiens,P07333, | Proto-oncogene c-Fms | CSF1R | CSF-1 receptor | Macrophage colony-stimulating factor 1 receptor | CSF-1-R | FMS | CSF-1R | M-CSF-R,2.0,,P07333,1|2,P07333-1|P07333-2
CHEMBL4444,Homo sapiens,P04070,Autoprothrombin IIA | Blood coagulation factor XIV | Vitamin K-dependent protein C | Anticoagulant protein C | PROC,2.0,,P04070,1|2,P04070-1|P04070-2
CHEMBL4323,Homo sapiens,P39877,Phospholipase A2 group V | PLA2G5 | PLA2-10 | Phosphatidylcholine 2-acylhydrolase 5,1.0,Optimum pH is 6.5. Activity remains high up to pH 9.0.,P39877,,
CHEMBL2285,Homo sapiens,Q9UNA0,ADMP-2 | A disintegrin and metalloproteinase with thrombospondin motifs 5 | ADAMTS-11 | ADAM-TS5 | Aggrecanase-2 | ADAM-TS 11 | ADAM-TS 5 | ADAMTS-5 | ADAMTS11 | ADAMTS5 | A disintegrin and metalloproteinase with thrombospondin motifs 11 | ADMP2,1.0,,Q9UNA0,,
CHEMBL330,Rattus norvegicus,P35439,N-methyl-D-aspartate receptor subunit NR1 | Glutamate [NMDA] receptor subunit zeta-1 | Grin1 | Nmdar1 | NMDA 1 | GluN1 | NMD-R1 | Glutamate receptor ionotropic,7.0,,P35439,A|B|C|D|E|F|G,P35439-1|P35439-2|P35439-3|P35439-4|P35439-5|P35439-6|P35439-7
CHEMBL2283,Bos taurus,P00921,Carbonate dehydratase II | Carbonic anhydrase II | Cyanamide hydratase CA2 | Carbonic anhydrase 2 | CA2 | CA-II,1.0,,P00921,,
CHEMBL2339,Rattus norvegicus,P18125,CYPVII | 24-hydroxycholesterol 7-alpha-hydroxylase | Cyp7 | Cyp7a1 | Cytochrome P450 7A1 | Cholesterol 7-alpha-hydroxylase | Cholesterol 7-alpha-monooxygenase,1.0,,P18125,,
CHEMBL4477,Rattus norvegicus,P23385,Mglur1 | Metabotropic glutamate receptor 1 | Gprc1a | mGluR1 | Grm1,3.0,,P23385,1A|1B|1C,P23385-1|P23385-2|P23385-3
CHEMBL5137,Homo sapiens,Q14416,GRM2 | GPRC1B | Metabotropic glutamate receptor 2 | MGLUR2 | mGluR2,1.0,,Q14416,,
CHEMBL3729,Homo sapiens,P22748,CA-IV | Carbonate dehydratase IV | Carbonic anhydrase IV | Carbonic anhydrase 4 | CA4,2.0,,P22748,1|2,P22748-1|P22748-2
CHEMBL3744,Rattus norvegicus,P42264,GluR7 | kainate 3 | GluK3 | Glutamate receptor 7 | Glur7 | GluR-7 | Grik3 | Glutamate receptor ionotropic,2.0,,P42264,GluR7A|GluR7B,P42264-1|P42264-2
CHEMBL4123,Homo sapiens,P30989,NTRR | NT-R-1 | High-affinity levocabastine-insensitive neurotensin receptor | NTRH | NTSR1 | Neurotensin receptor type 1 | NTR1,1.0,,P30989,,
CHEMBL4128,Homo sapiens,Q02763, | VMCM1 | hTIE2 | Angiopoietin-1 receptor | p140 TEK | VMCM | Tunica interna endothelial cell kinase | Tyrosine-protein kinase receptor TIE-2 | TIE2 | Tyrosine-protein kinase receptor TEK | Tyrosine kinase with Ig and EGF homology domains-2 | TEK | Endothelial tyrosine kinase,3.0,,Q02763,1|2|3,Q02763-1|Q02763-2|Q02763-3
CHEMBL3529,Homo sapiens,Q14164,IKKE | Inducible I kappa-B kinase | IKK-epsilon | IKK-E | I-kappa-B kinase epsilon | Inhibitor of nuclear factor kappa-B kinase subunit epsilon | KIAA0151 | IKKI | IKK-i | IKBKE | IkBKE,2.0,,Q14164,1|2,Q14164-1|Q14164-2
CHEMBL2782,Homo sapiens,P35610,ACACT | ACAT1 | SOAT | STAT | Acyl-coenzyme A:cholesterol acyltransferase 1 | ACAT | ACACT1 | Cholesterol acyltransferase 1 | SOAT1 | ACAT-1 | Sterol O-acyltransferase 1,3.0,,P35610,1|2|3,P35610-1|P35610-2|P35610-3
CHEMBL3912,Homo sapiens,Q8N1Q1,CA-XIII | Carbonic anhydrase 13 | CA13 | Carbonate dehydratase XIII | Carbonic anhydrase XIII,1.0,,Q8N1Q1,,
CHEMBL4497,Bos taurus,P03887,NADH1 | NADH-ubiquinone oxidoreductase chain 1 | ND1 | NADH dehydrogenase subunit 1 | MTND1 | MT-ND1,1.0,,P03887,,
CHEMBL4767,Homo sapiens,Q16572,SLC18A3 | Solute carrier family 18 member 3 | VAChT | Vesicular acetylcholine transporter | VACHT,1.0,Optimum pH is 7.,Q16572,,
CHEMBL4501,Homo sapiens,P23443,Ribosomal protein S6 kinase I | p70 S6KA | p70 ribosomal S6 kinase alpha | 70 kDa ribosomal protein S6 kinase 1 | P70S6K1 | Serine/threonine-protein kinase 14A | p70 S6K-alpha | RPS6KB1 | S6K-beta-1 | p70-S6K 1 | S6K1 | p70 S6 kinase alpha | STK14A | Ribosomal protein S6 kinase beta-1,5.0,,P23443,Alpha I|Alpha II|2|4|3,P23443-1|P23443-2|P23443-3|P23443-5|P23443-4
CHEMBL331,Homo sapiens,P11802,PSK-J3 | Cell division protein kinase 4 | Cyclin-dependent kinase 4 | CDK4,2.0,,P11802,1|2,P11802-1|P11802-2
CHEMBL4037,Rattus norvegicus,P18886,Carnitine palmitoyltransferase II | Carnitine O-palmitoyltransferase 2 | mitochondrial | Cpt2 | Cpt-2 | CPT II,1.0,,P18886,,
CHEMBL3522,Homo sapiens,P05093,"Cytochrome P450-C17 | Cytochrome P450c17 | CYP17A1 | S17AH | Steroid 17-alpha-monooxygenase | Cytochrome P450 17A1 | CYPXVII | CYP17 | 17-alpha-hydroxyprogesterone aldolase | Steroid 17-alpha-hydroxylase/17,20 lyase",1.0,,P05093,,
CHEMBL3879,Rattus norvegicus,P35400,Mglur7 | mGluR7 | Gprc1g | Grm7 | Metabotropic glutamate receptor 7,1.0,,P35400,,
CHEMBL3594,Homo sapiens,Q16790,Membrane antigen MN | P54/58N | CA9 | CAIX | Carbonate dehydratase IX | Renal cell carcinoma-associated antigen G250 | Carbonic anhydrase 9 | Carbonic anhydrase IX | RCC-associated antigen G250 | CA-IX | MN | pMW1 | G250,1.0,Optimum pH is 6.5.,Q16790,,
CHEMBL3891,Homo sapiens,P07384,Calcium-activated neutral proteinase 1 | CAPN1 | Calpain mu-type | Micromolar-calpain | muCANP | Cell proliferation-inducing gene 30 protein | Calpain-1 catalytic subunit | CANP 1 | Calpain-1 large subunit | CANPL1,1.0,,P07384,,
CHEMBL4630,Homo sapiens,O14757,CHK1 checkpoint homolog | CHK1 | CHEK1 | Checkpoint kinase-1 | Cell cycle checkpoint kinase | Serine/threonine-protein kinase Chk1,3.0,,O14757,1|2|3,O14757-1|O14757-2|O14757-3
CHEMBL4792,Homo sapiens,O43614,Ox2-R | Ox2R | Orexin receptor type 2 | Ox-2-R | Hypocretin receptor type 2 | HCRTR2,1.0,,O43614,,
CHEMBL4430,Rattus norvegicus,P11715,"Cytochrome P450-C17 | Cytochrome P450c17 | Steroid 17-alpha-monooxygenase | Cyp17a1 | Cytochrome P450 17A1 | CYPXVII | Cyp17 | 17-alpha-hydroxyprogesterone aldolase | Steroid 17-alpha-hydroxylase/17,20 lyase",1.0,,P11715,,
CHEMBL332,Homo sapiens,P03956,Matrix metalloproteinase-1 | MMP-1 | Interstitial collagenase | CLG | MMP1 | Fibroblast collagenase,1.0,,P03956,,
CHEMBL333,Homo sapiens,P08253,Matrix metalloproteinase-2 | 72 kDa gelatinase | MMP-2 | MMP2 | 72 kDa type IV collagenase | Gelatinase A | TBE-1 | CLG4A,3.0,,P08253,1|2|3,P08253-1|P08253-2|P08253-3
CHEMBL4439,Homo sapiens,P36897,ALK-5 | Activin receptor-like kinase 5 | SKR4 | ALK5 | TGF-beta receptor type I | TbetaR-I | TGF-beta receptor type-1 | TGFBR1 | TGF-beta type I receptor | Activin A receptor type II-like protein kinase of 53kD | TGFR-1 | Transforming growth factor-beta receptor type I | Serine/threonine-protein kinase receptor R4,3.0,,P36897,1|2|3,P36897-1|P36897-2|P36897-3
CHEMBL3359,Homo sapiens,P21462,N-formylpeptide chemoattractant receptor | FPR | FPR1 | fMet-Leu-Phe receptor | fMLP receptor | N-formyl peptide receptor,1.0,,P21462,,
CHEMBL2789,Homo sapiens,P37059,Estradiol 17-beta-dehydrogenase 2 | Short chain dehydrogenase/reductase family 9C member 2 | 20-alpha-HSD | 17-beta-hydroxysteroid dehydrogenase type 2 | Microsomal 17-beta-hydroxysteroid dehydrogenase | HSD17B2 | SDR9C2 | E2DH | Testosterone 17-beta-dehydrogenase | EDH17B2 | 17-beta-HSD 2 | 20 alpha-hydroxysteroid dehydrogenase,1.0,Optimum pH is 9 with testosterone and estradiol as substrates and 5.5 with androstenedione and estrone as substrates.,P37059,,
CHEMBL3623,Homo sapiens,P15559,Quinone reductase 1 | NAD(P)H dehydrogenase [quinone] 1 | DT-diaphorase | Azoreductase | NMOR1 | DIA4 | DTD | QR1 | Menadione reductase | NAD(P)H:quinone oxidoreductase 1 | NQO1 | Phylloquinone reductase,3.0,,P15559,1|2|3,P15559-1|P15559-2|P15559-3
CHEMBL335,Homo sapiens,P18031,PTPN1 | Tyrosine-protein phosphatase non-receptor type 1 | PTP-1B | PTP1B | Protein-tyrosine phosphatase 1B,1.0,,P18031,,
CHEMBL4054,Rattus norvegicus,P23978,Slc6a1 | GAT-1 | Solute carrier family 6 member 1 | Sodium- and chloride-dependent GABA transporter 1 | Gat-1 | Gabt1 | Gat1,1.0,,P23978,,
CHEMBL338,Rattus norvegicus,P23977,Slc6a3 | Sodium-dependent dopamine transporter | DAT | DA transporter | Solute carrier family 6 member 3,1.0,,P23977,,
CHEMBL5101,Homo sapiens,P18440,Monomorphic arylamine N-acetyltransferase | Arylamide acetylase 1 | Arylamine N-acetyltransferase 1 | AAC1 | NAT-1 | NAT1 | MNAT | N-acetyltransferase type 1,1.0,,P18440,,
CHEMBL339,Rattus norvegicus,P61169,D(2) dopamine receptor | Dopamine D2 receptor | Drd2,2.0,,P61169,Long|Short,P61169-1|P13953-1|P61169-2|P13953-2
CHEMBL4078,Electrophorus electricus,O42275,AChE | Acetylcholinesterase | ache,1.0,,O42275,,
CHEMBL4111,Cavia porcellus,O70526,BK-2 receptor | B2R | BDKRB2 | B2 bradykinin receptor,1.0,,O70526,,
CHEMBL3332,Sus scrofa,O77636, | Disintegrin and metalloproteinase domain-containing protein 17 | TNF-alpha convertase | ADAM 17 | ADAM17 | TNF-alpha-converting enzyme | TACE,1.0,,O77636,,
CHEMBL3655,Gallus gallus,P00523,Proto-oncogene c-Src | pp60c-src | p60-Src | Proto-oncogene tyrosine-protein kinase Src | SRC,2.0,,P00523,1|2,P00523-1|P00523-2
CHEMBL3100,Homo sapiens,P02753,Retinol-binding protein 4 | RBP4 | Plasma retinol-binding protein | RBP | PRBP,1.0,,P02753,,
CHEMBL2949,Ovis aries,P05979,PGHS-1 | PGH synthase 1 | PTGS1 | Prostaglandin G/H synthase 1 | COX1 | Prostaglandin H2 synthase 1 | PHS 1 | Prostaglandin-endoperoxide synthase 1 | COX-1 | Cyclooxygenase-1,1.0,,P05979,,
CHEMBL3999,Escherichia coli K-12,P0A9A6,sfiB | ftsZ | Cell division protein FtsZ | sulB,1.0,,P0A9A6,,
CHEMBL2623,Oryctolagus cuniculus,P12337,Acyl-coenzyme A:cholesterol acyltransferase | Liver carboxylesterase 1,1.0,,P12337,,
CHEMBL3081,Bos taurus,P16116,20-alpha-hydroxysteroid dehydrogenase | Aldehyde reductase | 20-alpha-HSD | AKR1B1 | AR | Aldose reductase | Aldo-keto reductase family 1 member B1,1.0,,P16116,,
CHEMBL3027,Rattus norvegicus,P20789,Ntsr | NT-R-1 | High-affinity levocabastine-insensitive neurotensin receptor | NTRH | Ntsr1 | Neurotensin receptor type 1 | NTR1,1.0,,P20789,,
CHEMBL4768,Bos taurus,P23795,AChE | Acetylcholinesterase | ACHE,2.0,,P23795,T|H,P23795-1|P23795-2
CHEMBL3942,Cavia porcellus,P30547,TAC1R | TACR1 | SPR | Substance-P receptor | NK-1R | Tachykinin receptor 1 | NK-1 receptor,1.0,,P30547,,
CHEMBL3943,Cavia porcellus,P31389,H1R | HH1R | HRH1 | Histamine H1 receptor,1.0,,P31389,,
CHEMBL3948,Oryctolagus cuniculus,P34976,Type-1 angiotensin II receptor | AGTR1 | Angiotensin II type-1 receptor | AT1 receptor,1.0,,P34976,,
CHEMBL3949,Sus scrofa,P35463,ET-BR | Endothelin receptor type B | ET-B | Endothelin receptor non-selective type | EDNRB,1.0,,P35463,,
CHEMBL3952,Cavia porcellus,P41144,K-OR-1 | Kappa-type opioid receptor | OPRK1 | KOR-1,1.0,,P41144,,
CHEMBL2935,Bos taurus,P55859,NP | Inosine phosphorylase | Inosine-guanosine phosphorylase | Purine nucleoside phosphorylase | PNP,1.0,,P55859,,
CHEMBL4102,Ovis aries,P79208,PHS II | PGHS-2 | COX-2 | PTGS2 | Prostaglandin G/H synthase 2 | Prostaglandin H2 synthase 2 | Prostaglandin-endoperoxide synthase 2 | Cyclooxygenase-2 | PGH synthase 2 | COX2,1.0,,P79208,,
CHEMBL2950,Sus scrofa,P79248,,1.0,,P79248,,
CHEMBL4106,Bos taurus,P80209,Cathepsin D | CTSD,1.0,,P80209,,
CHEMBL4108,Rattus norvegicus,Q02485,Cacna1s | Cacn1 | Cacnl1a3 | ROB1 | Voltage-gated calcium channel subunit alpha Cav1.1 | Calcium channel | Cchl1a3 | isoform 3 | L type | Voltage-dependent L-type calcium channel subunit alpha-1S | Cach1 | skeletal muscle | alpha-1 polypeptide,2.0,,Q02485,1|ROB1,Q02485-1|Q02485-2
CHEMBL3501,Cavia porcellus,Q63931,Cholecystokinin-1 receptor | CCK-A receptor | CCK-AR | CCKAR | Cholecystokinin receptor type A | CCK1-R,1.0,,Q63931,,
CHEMBL2672,Bos taurus,Q8WMX0,,1.0,,Q8WMX0,,
CHEMBL2073,Homo sapiens,P07947,p61-Yes | YES | Proto-oncogene c-Yes | YES1 | Tyrosine-protein kinase Yes,1.0,,P07947,,
CHEMBL4979,Homo sapiens,P13866,SLC5A1 | Na(+)/glucose cotransporter 1 | SGLT1 | High affinity sodium-glucose cotransporter | NAGT | Sodium/glucose cotransporter 1 | Solute carrier family 5 member 1,2.0,,P13866,1|2,P13866-1|P13866-2
CHEMBL5246,Rattus norvegicus,P14137,CYPXIA1 | Cyp11a-1 | Cyp11a1 | Cytochrome P450 11A1 | Cytochrome P450(scc) | Cholesterol side-chain cleavage enzyme | mitochondrial | Cyp11a | Cholesterol desmolase,1.0,,P14137,,
CHEMBL2072,Homo sapiens,P35499,SCN4A | SkM1 | Sodium channel protein type IV subunit alpha | Sodium channel protein skeletal muscle subunit alpha | Voltage-gated sodium channel subunit alpha Nav1.4 | Sodium channel protein type 4 subunit alpha,1.0,,P35499,,
CHEMBL4687,Plasmodium falciparum,P39898,Aspartic hemoglobinase I | Plasmepsin I | PMI | Plasmepsin 1,1.0,Optimum pH is 4.5-5.,P39898,,
CHEMBL4414,Plasmodium falciparum,P46925,Aspartic hemoglobinase II | PLM II | PMII | PfAPD | Plasmepsin 2 | Plasmepsin II | PfPM1,1.0,,P46925,,
CHEMBL4415,Homo sapiens,P49366,Deoxyhypusine synthase | DS | DHS | DHPS,3.0,,P49366,Long|Short|3,P49366-1|P49366-2|P49366-3
CHEMBL3585,Homo sapiens,Q01118,Sodium channel protein type VII subunit alpha | SCN6A | Sodium channel protein cardiac and skeletal muscle subunit alpha | Sodium channel protein type 7 subunit alpha | SCN7A | Putative voltage-gated sodium channel subunit alpha Nax,1.0,,Q01118,,
CHEMBL5107,Rattus norvegicus,Q02294,Voltage-dependent N-type calcium channel subunit alpha-1B | alpha-1 polypeptide isoform 5 | Cacna1b | Cacnl1a5 | Calcium channel | Cach5 | L type | Voltage-gated calcium channel subunit alpha Cav2.2 | Brain calcium channel III | BIII,1.0,,Q02294,1,Q02294-1
CHEMBL4296,Homo sapiens,Q15858,hNE-Na | PN1 | Neuroendocrine sodium channel | SCN9A | Sodium channel protein type IX subunit alpha | Sodium channel protein type 9 subunit alpha | Peripheral sodium channel 1 | Voltage-gated sodium channel subunit alpha Nav1.7 | NENA,4.0,,Q15858,1|2|3|4,Q15858-1|Q15858-2|Q15858-3|Q15858-4
CHEMBL4691,Homo sapiens,Q96RI0,Thrombin receptor-like 3 | F2RL3 | Coagulation factor II receptor-like 3 | Proteinase-activated receptor 4 | PAR4 | PAR-4,1.0,,Q96RI0,,
CHEMBL4187,Homo sapiens,Q99250,SCN2A | SCN2A2 | HBSC II | NAC2 | Sodium channel protein brain II subunit alpha | SCN2A1 | Sodium channel protein type 2 subunit alpha | Sodium channel protein type II subunit alpha | Voltage-gated sodium channel subunit alpha Nav1.2,2.0,,Q99250,1|2,Q99250-1|Q99250-2
CHEMBL5163,Homo sapiens,Q9NY46,NAC3 | Sodium channel protein brain III subunit alpha | SCN3A | KIAA1356 | Sodium channel protein type III subunit alpha | Voltage-gated sodium channel subunit alpha Nav1.3 | Voltage-gated sodium channel subtype III | Sodium channel protein type 3 subunit alpha,4.0,,Q9NY46,1|2|3|4,Q9NY46-1|Q9NY46-2|Q9NY46-3|Q9NY46-4
CHEMBL5202,Homo sapiens,Q9UQD0,Voltage-gated sodium channel subunit alpha Nav1.6 | MED | SCN8A | Sodium channel protein type VIII subunit alpha | Sodium channel protein type 8 subunit alpha,5.0,,Q9UQD0,1|2|3|4|5,Q9UQD0-1|Q9UQD0-2|Q9UQD0-3|Q9UQD0-4|Q9UQD0-5
CHEMBL5451,Homo sapiens,Q9Y5Y9,Sodium channel protein type 10 subunit alpha | SCN10A | hPN3 | Voltage-gated sodium channel subunit alpha Nav1.8 | Peripheral nerve sodium channel 3 | Sodium channel protein type X subunit alpha | PN3,1.0,,Q9Y5Y9,,
CHEMBL3558,Rattus norvegicus,Q6RY99,Tspan17,1.0,,Q6RY99,,
CHEMBL3392,Bacillus thermoproteolyticus,P00800,Thermolysin | Thermostable neutral proteinase | npr,1.0,,P00800,,
CHEMBL3288,Oryctolagus cuniculus,P11716,Ryanodine receptor 1 | Skeletal muscle ryanodine receptor | RyR1 | Skeletal muscle-type ryanodine receptor | RYR1 | Type 1 ryanodine receptor | Skeletal muscle calcium release channel | RYR-1,1.0,,P11716,,
CHEMBL3463,Human immunodeficiency virus 2,P89582,pol,1.0,,P89582,,
CHEMBL3778,Homo sapiens,Q9NWZ3,Renal carcinoma antigen NY-REN-64 | Interleukin-1 receptor-associated kinase 4 | IRAK-4 | IRAK4,2.0,,Q9NWZ3,1|2,Q9NWZ3-1|Q9NWZ3-2
CHEMBL3675,Pseudomonas fluorescens,P00438,pobA | PHBHase | PHBH | p-hydroxybenzoate hydroxylase | 4-hydroxybenzoate 3-monooxygenase,1.0,,P00438,,
CHEMBL3354,Crithidia fasciculata,P90518,Glutathionylspermidine synthase | GSP,1.0,,P90518,,
CHEMBL3513,Rattus norvegicus,Q6P7A9,Gaa | Lysosomal alpha-glucosidase | Acid maltase,1.0,,Q6P7A9,,
CHEMBL5129,Bos taurus,E1BN64,PDE3B | Phosphodiesterase,1.0,,E1BN64,,
CHEMBL3799,Cavia porcellus,P30098,Neurokinin B receptor | Tachykinin receptor 3 | NK-3 receptor | Neuromedin-K receptor | NK-3R | TACR3 | NKR,1.0,,P30098,,
CHEMBL3798,Homo sapiens,Q16602,CGRP type 1 receptor | CGRPR | CALCRL | Calcitonin receptor-like receptor | Calcitonin gene-related peptide type 1 receptor,1.0,,Q16602,,
CHEMBL344,Homo sapiens,Q99705,SLC-1 | GPR24 | MCH-1R | MCHR | MCH-R1 | MCHR1 | MCH receptor 1 | Melanin-concentrating hormone receptor 1 | MCH1R | SLC1 | Somatostatin receptor-like protein | MCHR-1 | G-protein coupled receptor 24,1.0,,Q99705,,
CHEMBL3886,Homo sapiens,Q9NYL2,MLTK | Sterile alpha motif- and leucine zipper-containing kinase AZK | MLK-like mitogen-activated protein triple kinase | MRK | Mixed lineage kinase 7 | MAP3K20 | ZAK | Mitogen-activated protein kinase kinase kinase MLT | Mixed lineage kinase-related kinase | MLK-related kinase | Mitogen-activated protein kinase kinase kinase 20 | MLK7 | HCCS-4 | Leucine zipper- and sterile alpha motif-containing kinase | Human cervical cancer suppressor gene 4 protein,3.0,,Q9NYL2,ZAKalpha|ZAKbeta|3,Q9NYL2-1|Q9NYL2-2|Q9NYL2-3
CHEMBL3927,SARS coronavirus,P0C6U8,ORF1a polyprotein | 1a | Replicase polyprotein 1a | pp1a,2.0,Optimum pH is 7.0 for 3C-like proteinase activity.,P0C6U8,Replicase polyprotein 1a|Replicase polyprotein 1ab,P0C6U8-1|P0C6X7-1
CHEMBL4722,Homo sapiens,O14965,AURKA | STK15 | Ipl1- and aurora-related kinase 1 | Aurora kinase A | Breast tumor-amplified kinase | ARK-1 | Serine/threonine-protein kinase Ayk1 | IAK1 | Serine/threonine-protein kinase 15 | ARK1 | Aurora-related kinase 1 | AURA | AIRK1 | Serine/threonine-protein kinase aurora-A | BTAK | AYK1 | STK6 | Serine/threonine-protein kinase 6 | AIK | Aurora 2 | Aurora/IPL1-related kinase 1,1.0,,O14965,,
CHEMBL5026,Homo sapiens,O00418,eEF-2K | eEF-2 kinase | Eukaryotic elongation factor 2 kinase | Calcium/calmodulin-dependent eukaryotic elongation factor 2 kinase | EEF2K,1.0,,O00418,,
CHEMBL4726,Staphylococcus aureus,O07911,agrC,1.0,,O07911,,
CHEMBL5062,Oryctolagus cuniculus,O19045,Stuart factor | F10 | Coagulation factor X,1.0,,O19045,,
CHEMBL5014,Homo sapiens,O43353,RIP-like-interacting CLARP kinase | RIPK2 | RIP2 | CARD-containing IL-1 beta ICE-kinase | Receptor-interacting protein 2 | Tyrosine-protein kinase RIPK2 | RIP-2 | RICK | CARD-containing interleukin-1 beta-converting enzyme-associated kinase | CARDIAK | Receptor-interacting serine/threonine-protein kinase 2,2.0,,O43353,1|2,O43353-1|O43353-2
CHEMBL5017,Cavia porcellus,O70528,5-HT-4 | 5-HT4 | 5-hydroxytryptamine receptor 4 | Serotonin receptor 4 | HTR4,1.0,,O70528,1,O70528-1
CHEMBL3535,Homo sapiens,O76083,"PDE9A | High affinity cGMP-specific 3',5'-cyclic phosphodiesterase 9A",16.0,,O76083,PDE9A1|PDE9A2|PDE9A3|PDE9A4|PDE9A5|PDE9A6|PDE9A7|PDE9A9|PDE9A10|PDE9A11|PDE9A12|PDE9A13|PDE9A16|PDE9A17|PDE9A18|PDE9A21,O76083-1|O76083-2|O76083-3|O76083-4|O76083-5|O76083-6|O76083-7|O76083-8|O76083-9|O76083-10|O76083-11|O76083-12|O76083-13|O76083-14|O76083-15|O76083-16
CHEMBL5328,Lactobacillus casei,P00469,thyA | TSase | Thymidylate synthase | TS,1.0,,P00469,,
CHEMBL4096,Homo sapiens,P04637,Phosphoprotein p53 | Tumor suppressor p53 | Cellular tumor antigen p53 | TP53 | Antigen NY-CO-13 | P53,9.0,,P04637,1|2|3|4|5|6|7|8|9,P04637-1|P04637-2|P04637-3|P04637-4|P04637-5|P04637-6|P04637-7|P04637-8|P04637-9
CHEMBL3344,Homo sapiens,P05413,FABP11 | MDGI | Mammary-derived growth inhibitor | H-FABP | FABP3 | Heart-type fatty acid-binding protein | M-FABP | Muscle fatty acid-binding protein | Fatty acid-binding protein | heart | Fatty acid-binding protein 3,1.0,,P05413,,
CHEMBL3346,Human T-cell leukemia virus 1 (strain Japan ATK-1 subtype A) (HTLV-1),P10274,Pr76Gag-Pro | Gag-Pro polyprotein | prt | gag-pro,3.0,,P10274,Gag-Pro polyprotein|Gag polyprotein|Gag-Pro-Pol polyprotein,P10274-1|P03345-1|P03362-1
CHEMBL5282,Homo sapiens,P11509,"CYP2A6 | Cytochrome P450 2A6 | Cytochrome P450(I) | CYP2A3 | 1,4-cineole 2-exo-monooxygenase | CYPIIA6 | Coumarin 7-hydroxylase | Cytochrome P450 IIA3",1.0,,P11509,,
CHEMBL4358,Oryctolagus cuniculus,P12530,Arachidonate 12-lipoxygenase | Arachidonate omega-6 lipoxygenase | Polyunsaturated fatty acid lipoxygenase ALOX15 | Linoleate 13S-lipoxygenase | ALOX15 | Hepoxilin A3 synthase Alox15 | Erythroid cell-specific 15-lipoxygenase | 15-LOX | 12-LOX | leukocyte-type | 12/15-lipoxygenase | L-12LO | Arachidonate 15-lipoxygenase,1.0,,P12530,,
CHEMBL5064,Homo sapiens,P14207,Folate receptor beta | Folate receptor 2 | fetal/placental | Folate receptor | Placental folate-binding protein | FR-beta | FBP | FOLR2,1.0,,P14207,,
CHEMBL3668,Mus musculus,P16110,Gal-3 | Lgals3 | Mac-2 antigen | L-34 galactoside-binding lectin | IgE-binding protein | Laminin-binding protein | Galactose-specific lectin 3 | CBP 35 | 35 kDa lectin | Galectin-3 | Carbohydrate-binding protein 35 | Lectin L-29,1.0,,P16110,,
CHEMBL3883,Mus musculus,P28843, | Thymocyte-activating molecule | Dpp4 | DPP IV | T-cell activation antigen CD26 | Dipeptidyl peptidase 4 | Cd26 | Dipeptidyl peptidase IV | THAM,1.0,,P28843,,
CHEMBL3884,Homo sapiens,P31639,Sodium/glucose cotransporter 2 | SGLT2 | Low affinity sodium-glucose cotransporter | SLC5A2 | Solute carrier family 5 member 2 | Na(+)/glucose cotransporter 2,2.0,,P31639,1|2,P31639-1|P31639-2
CHEMBL5021,Homo sapiens,P38936,Cyclin-dependent kinase inhibitor 1 | MDA-6 | p21 | PIC1 | SDI1 | CAP20 | CDKN1A | Melanoma differentiation-associated protein 6 | MDA6 | CDKN1 | CDK-interacting protein 1 | WAF1 | CIP1,1.0,,P38936,,
CHEMBL3932,Methanosarcina thermophila,P40881,Cam | Carbonic anhydrase | CA | MSTHT_0588,1.0,,P40881,,
CHEMBL3349,Oryctolagus cuniculus,P43236,Cathepsin K | Protein OC-2 | CTSK,1.0,,P43236,,
CHEMBL4093,Homo sapiens,P55055,NR1H2 | NER | UNR | Nuclear receptor NER | LXRB | Oxysterols receptor LXR-beta | Nuclear receptor subfamily 1 group H member 2 | Liver X receptor beta | Ubiquitously-expressed nuclear receptor,2.0,,P55055,1|2,P55055-1|P55055-2
CHEMBL3436,Staphylococcus aureus,P68849,pheS | Phenylalanyl-tRNA synthetase alpha subunit | Phenylalanine--tRNA ligase alpha subunit | PheRS,1.0,,P68849,,
CHEMBL3933,Mus musculus,P70263,PGD receptor | PGD2 receptor | Prostanoid DP receptor | Ptgdr | Prostaglandin D2 receptor,1.0,,P70263,,
CHEMBL3746,Homo sapiens,P80365,Corticosteroid 11-beta-dehydrogenase isozyme 2 | 11-HSD type II | 11-beta-hydroxysteroid dehydrogenase type II | SDR9C3 | NAD-dependent 11-beta-hydroxysteroid dehydrogenase | 11-DH2 | Short chain dehydrogenase/reductase family 9C member 3 | 11-beta-hydroxysteroid dehydrogenase type 2 | HSD11B2 | 11-beta-HSD2 | HSD11K | 11-beta-HSD type II,1.0,,P80365,,
CHEMBL4198,Homo sapiens,P98170,X-linked inhibitor of apoptosis protein | RING-type E3 ubiquitin transferase XIAP | XIAP | ILP | Inhibitor of apoptosis protein 3 | hIAP-3 | IAP3 | X-linked IAP | IAP-like protein | hIAP3 | BIRC4 | Baculoviral IAP repeat-containing protein 4 | E3 ubiquitin-protein ligase XIAP | API3 | IAP-3 | hILP,1.0,,P98170,,
CHEMBL5023,Homo sapiens,Q00987,RING-type E3 ubiquitin transferase Mdm2 | Oncoprotein Mdm2 | E3 ubiquitin-protein ligase Mdm2 | MDM2 | p53-binding protein Mdm2 | Double minute 2 protein | Hdm2,11.0,,Q00987,Mdm2|Mdm2-A|Mdm2-A1|Mdm2-B|Mdm2-C|Mdm2-D|Mdm2-E|Mdm2-alpha|Mdm2-F|Mdm2-G|11,Q00987-1|Q00987-2|Q00987-3|Q00987-4|Q00987-5|Q00987-6|Q00987-7|Q00987-8|Q00987-9|Q00987-10|Q00987-11
CHEMBL3674,Homo sapiens,Q01469,E-FABP | Psoriasis-associated fatty acid-binding protein homolog | Epidermal-type fatty acid-binding protein | FABP5 | Fatty acid-binding protein | PA-FABP | Fatty acid-binding protein 5 | epidermal,1.0,,Q01469,,
CHEMBL3797,Homo sapiens,Q13315,ATM | Serine-protein kinase ATM | A-T mutated | Ataxia telangiectasia mutated,1.0,,Q13315,,
CHEMBL5024,Homo sapiens,Q13535,Ataxia telangiectasia and Rad3-related protein | ATR | FRP1 | Serine/threonine-protein kinase ATR | FRAP-related protein 1,3.0,,Q13535,1|2|3,Q13535-1|Q13535-2|Q13535-3
CHEMBL4657,Homo sapiens,Q6V1X1,Dipeptidyl peptidase IV-related protein 1 | DPP8 | DPP VIII | DPRP1 | Prolyl dipeptidase DPP8 | Dipeptidyl peptidase 8 | Dipeptidyl peptidase VIII | DPRP-1 | DP8,6.0,Optimum pH is 7.4-8.5. Little activity below pH 6.5.,Q6V1X1,1|2|3|4|5|6,Q6V1X1-1|Q6V1X1-2|Q6V1X1-3|Q6V1X1-4|Q6V1X1-5|Q6V1X1-6
CHEMBL4793,Homo sapiens,Q86TI2,DPP9 | Dipeptidyl peptidase-like protein 9 | DPLP9 | DPRP-2 | DP9 | Dipeptidyl peptidase 9 | Dipeptidyl peptidase IX | DPP IX | Dipeptidyl peptidase IV-related protein 2 | DPRP2,3.0,Optimum pH is 7.5-8.5. Little activity below pH 6.5.,Q86TI2,1|2|3,Q86TI2-1|Q86TI2-2|Q86TI2-4
CHEMBL4730,Mus musculus,Q8JZL2,SLC-1 | MCH-1R | MCHR | MCH-R1 | Gpr24 | MCH receptor 1 | Mchr1 | Slc1 | Melanin-concentrating hormone receptor 1 | MCH1R | Somatostatin receptor-like protein | MCHR-1 | G-protein coupled receptor 24,2.0,,Q8JZL2,1|2,Q8JZL2-1|Q8JZL2-2
CHEMBL5036,Eimeria tenella,Q8MMZ8,cGMP-dependent protein kinase | PKG,2.0,,Q8MMZ8,1|2,Q8MMZ8-1|Q8MMZ8-2
CHEMBL5076,Cavia porcellus,Q9JI35,H3R | HRH3 | Histamine H3 receptor | HH3R,2.0,,Q9JI35,Long|Short,Q9JI35-1|Q9JI35-2
CHEMBL5077,Equus caballus,Q9N1N9,Carboxylic ester hydrolase | BCHE,1.0,,Q9N1N9,,
CHEMBL5071,Homo sapiens,Q9Y5Y4, | G-protein coupled receptor 44 | CRTH2 | Prostaglandin D2 receptor 2 | GPR44 | DL1R | PTGDR2 | Chemoattractant receptor-homologous molecule expressed on Th2 cells,1.0,,Q9Y5Y4,,
CHEMBL3788,Homo sapiens,O00444,PLK4 | Serine/threonine-protein kinase Sak | PLK-4 | Serine/threonine-protein kinase 18 | STK18 | SAK | Serine/threonine-protein kinase PLK4 | Polo-like kinase 4,3.0,,O00444,1|2|3,O00444-1|O00444-2|O00444-3
CHEMBL3980,Homo sapiens,O94768,STK17B | Serine/threonine-protein kinase 17B | DAP kinase-related apoptosis-inducing protein kinase 2 | DRAK2,1.0,,O94768,,
CHEMBL3981,Homo sapiens,O94804,LOK | Lymphocyte-oriented kinase | Serine/threonine-protein kinase 10 | STK10,1.0,,O94804,,
CHEMBL2068,Homo sapiens,P29317,Tyrosine-protein kinase receptor ECK | ECK | Ephrin type-A receptor 2 | EPHA2 | Epithelial cell kinase,2.0,,P29317,1|2,P29317-1|P29317-2
CHEMBL3983,Homo sapiens,P33981,PYT | TTK | MPS1L1 | Dual specificity protein kinase TTK | MPS1 | Phosphotyrosine picked threonine-protein kinase,2.0,,P33981,1|2,P33981-1|P33981-2
CHEMBL4225,Homo sapiens,P49760,CDC-like kinase 2 | Dual specificity protein kinase CLK2 | CLK2,3.0,,P49760,1|2|3,P49760-1|P49760-2|P49760-3
CHEMBL3835,Homo sapiens,P51955,NimA-related protein kinase 2 | NEK2A | HSPK 21 | NimA-like protein kinase 1 | Serine/threonine-protein kinase Nek2 | Never in mitosis A-related kinase 2 | NLK1 | NEK2,4.0,,P51955,1|2|3|4,P51955-1|P51955-2|P51955-3|P51955-4
CHEMBL3836,Homo sapiens,P53667,LIMK1 | LIMK-1 | LIM domain kinase 1 | LIMK,4.0,,P53667,1|2|3|4,P53667-1|P53667-2|P53667-3|P53667-4
CHEMBL4599,Homo sapiens,Q07912,Tyrosine kinase non-receptor protein 2 | Activated CDC42 kinase 1 | ACK-1 | ACK1 | TNK2,3.0,,Q07912,1|2|3,Q07912-1|Q07912-2|Q07912-3
CHEMBL4598,Homo sapiens,Q13043,Serine/threonine-protein kinase 4 | STE20-like kinase MST1 | MST-1 | Mammalian STE20-like protein kinase 1 | Serine/threonine-protein kinase Krs-2 | KRS2 | STK4 | MST1,2.0,,Q13043,1|2,Q13043-1|Q13043-2
CHEMBL4600,Homo sapiens,Q13153,PAK1 | PAK-1 | p65-PAK | p21-activated kinase 1 | Alpha-PAK | Serine/threonine-protein kinase PAK 1,2.0,,Q13153,1|2,Q13153-1|Q13153-2
CHEMBL4601,Homo sapiens,Q13882,PTK6 | Breast tumor kinase | Tyrosine-protein kinase BRK | BRK | Protein-tyrosine kinase 6,2.0,,Q13882,1|2,Q13882-1|Q13882-2
CHEMBL5073,Homo sapiens,Q8IU85,Calcium/calmodulin-dependent protein kinase type 1D | CAMK1D | CaM-KI delta | CaM kinase ID | CAMKID | CaMKID | CaMKI-like protein kinase | CaMKI delta | CKLiK | CaM kinase I delta,2.0,,Q8IU85,1|2,Q8IU85-1|Q8IU85-2
CHEMBL5284,Homo sapiens,Q96RR4,Calcium/calmodulin-dependent protein kinase kinase 2 | CaM-KK 2 | CaM-kinase kinase beta | CAMKK2 | CaMKK beta | Calcium/calmodulin-dependent protein kinase kinase beta | KIAA0787 | CaMKK 2 | CaM-kinase kinase 2 | CaM-KK beta | CAMKKB,7.0,,Q96RR4,1|2|3|4|5|6|7,Q96RR4-1|Q96RR4-2|Q96RR4-3|Q96RR4-4|Q96RR4-5|Q96RR4-6|Q96RR4-7
CHEMBL3984,Homo sapiens,Q99640,Membrane-associated tyrosine- and threonine-specific cdc2-inhibitory kinase | Myt1 kinase | PKMYT1 | MYT1,4.0,,Q99640,1|2|3|4,Q99640-1|Q99640-2|Q99640-3|Q99640-4
CHEMBL5285,Homo sapiens,Q99683,MEKK5 | MEK kinase 5 | ASK1 | Apoptosis signal-regulating kinase 1 | MAPK/ERK kinase kinase 5 | Mitogen-activated protein kinase kinase kinase 5 | MEKK 5 | ASK-1 | MAPKKK5 | MAP3K5,2.0,,Q99683,1|2,Q99683-1|Q99683-2
CHEMBL4202,Homo sapiens,Q9H2G2,Serine/threonine-protein kinase 2 | hSLK | STK2 | STE20-related serine/threonine-protein kinase | KIAA0204 | SLK | CTCL tumor antigen se20-9 | STE20-like kinase | STE20-like serine/threonine-protein kinase | STE20-related kinase,2.0,,Q9H2G2,1|2,Q9H2G2-1|Q9H2G2-2
CHEMBL4203,Homo sapiens,Q9HAZ1,CDC-like kinase 4 | CLK4 | Dual specificity protein kinase CLK4,1.0,,Q9HAZ1,,
CHEMBL4204,Homo sapiens,Q9HBH9,MAPK signal-integrating kinase 2 | MAP kinase signal-integrating kinase 2 | Mnk2 | GPRK7 | MAP kinase-interacting serine/threonine-protein kinase 2 | MNK2 | MKNK2,5.0,,Q9HBH9,1|2|3|4|5,Q9HBH9-1|Q9HBH9-2|Q9HBH9-3|Q9HBH9-4|Q9HBH9-5
CHEMBL4523,Homo sapiens,Q9P1W9,Serine/threonine-protein kinase pim-2 | PIM2 | Pim-2h,1.0,,Q9P1W9,,
CHEMBL4525,Homo sapiens,Q9UEE5,Serine/threonine-protein kinase 17A | DAP kinase-related apoptosis-inducing protein kinase 1 | STK17A | DRAK1,1.0,,Q9UEE5,,
CHEMBL4527,Homo sapiens,Q9UKE5,KIAA0551 | TNIK | TRAF2 and NCK-interacting protein kinase,8.0,,Q9UKE5,1|2|3|4|5|6|7|8,Q9UKE5-1|Q9UKE5-2|Q9UKE5-3|Q9UKE5-4|Q9UKE5-5|Q9UKE5-6|Q9UKE5-7|Q9UKE5-8
CHEMBL401,Rattus norvegicus,Q00961,NR2C | N-methyl D-aspartate receptor subtype 2C | NMDA 2C | GluN2C | Glutamate [NMDA] receptor subunit epsilon-3 | Grin2c | NMDAR2C | Glutamate receptor ionotropic,1.0,,Q00961,,
CHEMBL3753,Rattus norvegicus,P19490,Gria1 | AMPA-selective glutamate receptor 1 | GluR-A | Glutamate receptor 1 | GluR-1 | GluR-K1 | AMPA 1 | GluA1 | Glur1 | Glutamate receptor ionotropic,2.0,,P19490,Flop|Flip,P19490-1|P19490-2
CHEMBL5452,Ovis aries,Q29495,AANAT | AA-NAT | Aralkylamine N-acetyltransferase | Serotonin acetylase | SNAT | Serotonin N-acetyltransferase,1.0,,Q29495,,
CHEMBL4409,Homo sapiens,Q9Y233,"PDE10A | cAMP and cAMP-inhibited cGMP 3',5'-cyclic phosphodiesterase 10A",2.0,,Q9Y233,3|PDE10A1|PDE10A2,Q9Y233-3|Q9Y233-1|Q9Y233-2
CHEMBL4484,Rattus norvegicus,Q06486,Tau-protein kinase CSNK1D | Csnk1d | CKI-delta | Casein kinase I isoform delta | Hckid,2.0,,Q06486,1|2,Q06486-1|Q06486-2
CHEMBL5032,Macaca fascicularis,Q9GJT6,SLC6A3 | Sodium-dependent dopamine transporter | DAT1 | DAT | DA transporter | Solute carrier family 6 member 3,1.0,,Q9GJT6,,
CHEMBL4919,Zea mays,Q94F81,hda106 | 541932,1.0,,Q94F81,,
CHEMBL4354,Cavia porcellus,P97266,MOR-1 | OPRM1 | Mu-type opioid receptor | M-OR-1,1.0,,P97266,,
CHEMBL4188,Trypanosoma brucei rhodesiense,Q95PM0,rhodesain,1.0,,Q95PM0,,
CHEMBL4267,Homo sapiens,P37173,TGF-beta receptor type-2 | TbetaR-II | Transforming growth factor-beta receptor type II | TGF-beta receptor type II | TGF-beta type II receptor | TGFBR2 | TGFR-2,3.0,,P37173,1|2|3,P37173-1|P37173-2|P37173-3
CHEMBL5443,Homo sapiens,O00311,huCdc7 | CDC7 | CDC7L1 | CDC7-related kinase | HsCdc7 | Cell division cycle 7-related protein kinase,1.0,,O00311,1,O00311-1
CHEMBL4220,Rattus norvegicus,P35739,High affinity nerve growth factor receptor | Trka | Slow nerve growth factor receptor | p140-TrkA | Trk-A | Trk | Ntrk1 | Neurotrophic tyrosine kinase receptor type 1,2.0,,P35739,TrkA-II|TrkA-I,P35739-1|P35739-2
CHEMBL2041,Homo sapiens,P07949,PTC | RET51 | CDHF12 | RET | Cadherin family member 12 | Proto-oncogene c-Ret | CDHR16 | Proto-oncogene tyrosine-protein kinase receptor Ret,2.0,,P07949,1|2,P07949-1|P07949-2
CHEMBL4482,Homo sapiens,O96013,KIAA1142 | p21-activated kinase 4 | PAK4 | PAK-4 | Serine/threonine-protein kinase PAK 4,4.0,,O96013,1|2|3|4,O96013-1|O96013-2|O96013-3|O96013-4
CHEMBL5250,Mus musculus,Q62137,Tyrosine-protein kinase JAK3 | Jak3 | Janus kinase 3 | JAK-3,2.0,,Q62137,1|2,Q62137-1|Q62137-2
CHEMBL5251,Homo sapiens,Q06187,B-cell progenitor kinase | AGMX1 | Agammaglobulinemia tyrosine kinase | BPK | Bruton tyrosine kinase | Tyrosine-protein kinase BTK | ATK | BTK,2.0,,Q06187,BTK-A|BTK-C,Q06187-1|Q06187-2
CHEMBL5491,Homo sapiens,P30291,WEE1 | Wee1A kinase | Wee1-like protein kinase | WEE1hu,2.0,,P30291,1|2,P30291-1|P30291-2
CHEMBL4641,Homo sapiens,O43497,CACNA1G | Voltage-gated calcium channel subunit alpha Cav3.1 | Voltage-dependent T-type calcium channel subunit alpha-1G | NBR13 | Cav3.1c | KIAA1123,35.0,,O43497,5|1|2|3|4|6|7|8|9|10|11|12|13|14|15|16|17|18|19|20|21|22|23|24|25|26|27|28|29|30|31|32|33|34|35,O43497-1|O43497-2|O43497-3|O43497-4|O43497-5|O43497-6|O43497-7|O43497-8|O43497-9|O43497-10|O43497-11|O43497-12|O43497-13|O43497-15|O43497-16|O43497-17|O43497-18|O43497-19|O43497-20|O43497-21|O43497-22|O43497-23|O43497-24|O43497-25|O43497-26|O43497-27|O43497-28|O43497-29|O43497-30|O43497-31|O43497-32|O43497-33|O43497-34|O43497-35|O43497-36
CHEMBL5558,Homo sapiens,Q9P0X4,KIAA1120 | CACNA1I | Voltage-gated calcium channel subunit alpha Cav3.3 | Ca(v)3.3 | Voltage-dependent T-type calcium channel subunit alpha-1I,4.0,,Q9P0X4,1|2|3|4,Q9P0X4-1|Q9P0X4-2|Q9P0X4-3|Q9P0X4-4
CHEMBL4295,Rattus norvegicus,Q9ES08,Two pore potassium channel KT3.2 | Two pore K(+) channel KT3.2 | Acid-sensitive potassium channel protein TASK-3 | Kcnk9 | Potassium channel subfamily K member 9 | Task3 | TWIK-related acid-sensitive K(+) channel 3,1.0,,Q9ES08,,
CHEMBL4970,Rattus norvegicus,P15393,Steroid 11-beta-hydroxylase | CYPXIB1 | Cyp11b1 | CYP11B1 | Cytochrome P450 11B1 | mitochondrial | Cyp11b-1 | Cytochrome P450(11 beta)-DS | Cytochrome P450C11,1.0,,P15393,,
CHEMBL5145,Homo sapiens,P15056,BRAF1 | BRAF | p94 | Proto-oncogene B-Raf | v-Raf murine sarcoma viral oncogene homolog B1 | RAFB1 | Serine/threonine-protein kinase B-raf,1.0,,P15056,,
CHEMBL5147,Homo sapiens,P54760,Hepatoma transmembrane kinase | Ephrin type-B receptor 4 | Tyrosine-protein kinase TYRO11 | HTK | TYRO11 | EPHB4 | MYK1,4.0,,P54760,1|2|3|4,P54760-1|P54760-2|P54760-3|P54760-4
CHEMBL5175,Mus musculus,Q9DC28,Tau-protein kinase CSNK1D | Csnk1d | CKI-delta | Casein kinase I isoform delta | CKId | Hckid,2.0,,Q9DC28,1|2,Q9DC28-1|Q9DC28-2
CHEMBL5141,Homo sapiens,O43174,Cytochrome P450 26A1 | CYP26 | Cytochrome P450RAI | Retinoic acid 4-hydroxylase | Cytochrome P450 retinoic acid-inactivating 1 | CYP26A1 | Retinoic acid-metabolizing cytochrome | hP450RAI | P450RAI1,2.0,,O43174,1|2,O43174-1|O43174-2
CHEMBL4530,Homo sapiens,P00488,F13A | Coagulation factor XIII A chain | F13A1 | Protein-glutamine gamma-glutamyltransferase A chain | Coagulation factor XIIIa | Transglutaminase A chain,1.0,,P00488,,
CHEMBL5028,Homo sapiens,O14672, | KUZ | CDw156 | ADAM 10 | Mammalian disintegrin-metalloprotease | Kuzbanian protein homolog | MADM | ADAM10 | Disintegrin and metalloproteinase domain-containing protein 10,2.0,,O14672,1|2,O14672-1|O14672-2
CHEMBL4531,Homo sapiens,P17931,Gal-3 | Mac-2 antigen | MAC2 | IgE-binding protein | Laminin-binding protein | Galactose-specific lectin 3 | CBP 35 | 35 kDa lectin | Galectin-3 | Carbohydrate-binding protein 35 | Lectin L-29 | L-31 | GALBP | Galactoside-binding protein | LGALS3,1.0,,P17931,,
CHEMBL4581,Homo sapiens,P52732,Kinesin-like spindle protein HKSP | Kinesin-related motor protein Eg5 | Thyroid receptor-interacting protein 5 | KIF11 | Kinesin-like protein KIF11 | TRIP-5 | TR-interacting protein 5 | TRIP5 | KNSL1 | EG5 | Kinesin-like protein 1,1.0,,P52732,,
CHEMBL4586,Glycine max,P08170,L-1 | Seed linoleate 13S-lipoxygenase-1 | LOX1 | Lipoxygenase-1 | LOX1.1,1.0,Inactive below pH 6.0.,P08170,,
CHEMBL4190,Rattus norvegicus,P24942,Sodium-dependent glutamate/aspartate transporter 1 | Solute carrier family 1 member 3 | Eaat1 | Slc1a3 | Excitatory amino acid transporter 1 | Glial glutamate transporter | GLAST | GLAST-1,2.0,,P24942,GLAST-1|GLAST-1A,P24942-1|P24942-2
CHEMBL3700,Rattus norvegicus,O35921,Excitatory amino acid transporter 4 | High-affinity neuronal glutamate transporter | Slc1a6 | Sodium-dependent glutamate/aspartate transporter | Eaat4 | Solute carrier family 1 member 6,1.0,,O35921,,
CHEMBL4191,Homo sapiens,Q99685,Lysophospholipase homolog | MAGL | Lysophospholipase-like | MGL | Monoglyceride lipase | MGLL | HU-K5 | Monoacylglycerol lipase,2.0,,Q99685,1|2,Q99685-1|Q99685-2
CHEMBL4349,Homo sapiens,Q02083,N-acylsphingosine amidohydrolase-like | N-acylethanolamine-hydrolyzing acid amidase | ASAHL | Acylsphingosine deacylase NAAA | NAAA | ASAH-like protein | PLT | Acid ceramidase-like protein,3.0,Optimum pH is 4.5 with N-palmitoylethanolamine as substrate.,Q02083,1|2|3,Q02083-1|Q02083-2|Q02083-3
CHEMBL3701,Luciola lateralis,Q01158,Luciferin 4-monooxygenase | Luciferase,1.0,,Q01158,,
CHEMBL4625,Homo sapiens,Q07817,BCLX | Bcl2-L-1 | Bcl-2-like protein 1 | BCL2L1 | BCL2L | Apoptosis regulator Bcl-X,3.0,,Q07817,Bcl-X(L)|Bcl-X(S)|Bcl-X(beta),Q07817-1|Q07817-2|Q07817-3
CHEMBL4255,Thermus thermophilus,P10584,Malate dehydrogenase | mdh,1.0,,P10584,,
CHEMBL4756,Ricinus communis,P02879,Ricin,1.0,,P02879,,
CHEMBL4383,Homo sapiens,P48546,Gastric inhibitory polypeptide receptor | Glucose-dependent insulinotropic polypeptide receptor | GIPR | GIP-R,3.0,,P48546,1|2|3,P48546-1|P48546-2|P48546-3
CHEMBL4580,Homo sapiens,O00142,Mt-TK | Thymidine kinase 2 | Deoxycytidine kinase TK2 | mitochondrial | TK2 | 2'-deoxyuridine kinase TK2,6.0,,O00142,1|2|3|4|5|6,O00142-1|O00142-2|O00142-3|O00142-4|O00142-5|O00142-6
CHEMBL4860,Homo sapiens,P10415,Apoptosis regulator Bcl-2 | BCL2,2.0,,P10415,Alpha|Beta,P10415-1|P10415-2
CHEMBL5203,Homo sapiens,P33316,dUTPase | dUTP pyrophosphatase | Deoxyuridine 5'-triphosphate nucleotidohydrolase | mitochondrial | DUT,2.0,,P33316,3|2,P33316-3|P33316-2
CHEMBL4261,Homo sapiens,Q16665,Class E basic helix-loop-helix protein 78 | Member of PAS protein 1 | Basic-helix-loop-helix-PAS protein MOP1 | PASD8 | MOP1 | HIF1-alpha | PAS domain-containing protein 8 | Hypoxia-inducible factor 1-alpha | bHLHe78 | ARNT-interacting protein | HIF1A | BHLHE78 | HIF-1-alpha,3.0,,Q16665,1|2|3,Q16665-1|Q16665-2|Q16665-3
CHEMBL4227,Homo sapiens,P25090,Formyl peptide receptor-like 1 | FMLP-related receptor I | HM63 | LXA4 receptor | LXA4R | FPR2 | FPRL1 | FMLP-R-I | N-formyl peptide receptor 2 | FPRH1 | Lipoxin A4 receptor | RFP,1.0,,P25090,,
CHEMBL5445,Mus musculus,P31648,Slc6a1 | GAT-1 | Solute carrier family 6 member 1 | Sodium- and chloride-dependent GABA transporter 1 | Gat-1 | Gabt1 | Gat1,1.0,,P31648,,
CHEMBL5205,Mus musculus,P31649,Sodium- and chloride-dependent GABA transporter 3 | Gat-3 | Gabt2 | Gat2 | GAT-3 | GAT-2 | Sodium- and chloride-dependent GABA transporter 2 | Solute carrier family 6 member 13 | Gabt3 | Gat3 | Slc6a13,1.0,,P31649,,
CHEMBL3699,Mus musculus,P31650,Sodium- and chloride-dependent GABA transporter 3 | Sodium- and chloride-dependent GABA transporter 4 | Gabt4 | GAT-3 | GAT-4 | Solute carrier family 6 member 11 | Gat-4 | Gat3 | Gat4 | Gabt3 | Slc6a11,1.0,,P31650,,
CHEMBL4895,Homo sapiens,P30530,UFO | AXL | Tyrosine-protein kinase receptor UFO | AXL oncogene,2.0,,P30530,Long|Short,P30530-1|P30530-2
CHEMBL4897,Homo sapiens,Q9H4B4,PLK-3 | FNK | Serine/threonine-protein kinase PLK3 | Proliferation-related kinase | Cytokine-inducible serine/threonine-protein kinase | PLK3 | FGF-inducible kinase | PRK | Polo-like kinase 3 | CNK,1.0,,Q9H4B4,,
CHEMBL4898,Homo sapiens,Q16620,Tropomyosin-related kinase B | NTRK2 | Trk-B | GP145-TrkB | TRKB | Neurotrophic tyrosine kinase receptor type 2 | TrkB tyrosine kinase | BDNF/NT-3 growth factors receptor,7.0,,Q16620,TrkB|TrkB-T1|TrkB-T-Shc|4|5|TrkB-T-TK|TrkB-N-T1,Q16620-1|Q16620-2|Q16620-3|Q16620-4|Q16620-5|Q16620-6|Q16620-7
CHEMBL4899,Homo sapiens,P41279,TPL-2 | COT | MAP3K8 | Cancer Osaka thyroid oncogene | Serine/threonine-protein kinase cot | ESTF | Proto-oncogene c-Cot | Mitogen-activated protein kinase kinase kinase 8 | Tumor progression locus 2,2.0,,P41279,1|2,P41279-1|P41279-2
CHEMBL4247,Homo sapiens,Q9UM73,ALK tyrosine kinase receptor |  | Anaplastic lymphoma kinase | ALK,1.0,,Q9UM73,,
CHEMBL4909,Rattus norvegicus,Q62928,Prostaglandin E2 receptor EP2 subtype | PGE receptor EP2 subtype | Ptger2 | PGE2 receptor EP2 subtype | Prostanoid EP2 receptor,1.0,,Q62928,,
CHEMBL4420,Mus musculus,Q9EP66,Protein PUMA-G | Gpr109 | Gpr109a | Niacr1 | Pumag | Gpr109b | Nicotinic acid receptor | G-protein coupled receptor HM74 | Niacin receptor 1 | G-protein coupled receptor 109A | G-protein coupled receptor 109 | Hcar2 | Hydroxycarboxylic acid receptor 2,1.0,,Q9EP66,,
CHEMBL4423,Homo sapiens,P51684, | CCR6 | G-protein coupled receptor 29 | DRY6 | LARC receptor | GPR29 | C-C chemokine receptor type 6 | CCR-6 | GPR-CY4 | CKR-L3 | C-C CKR-6 | GPRCY4 | CKRL3 | CMKBR6 | Chemokine receptor-like 3 | CC-CKR-6 | STRL22,1.0,,P51684,,
CHEMBL4596,Homo sapiens,P51685, | CMKBR8 | CC-CKR-8 | CCR8 | GPRCY6 | CC chemokine receptor CHEMR1 | CKR-L1 | CMKBRL2 | CCR-8 | C-C CKR-8 | GPR-CY6 | TER1 | CKRL1 | Chemokine receptor-like 1 | C-C chemokine receptor type 8,2.0,,P51685,1|2,P51685-1|P51685-2
CHEMBL5255,Homo sapiens,O00206, | hToll | TLR4 | Toll-like receptor 4,3.0,,O00206,1|2|3,O00206-1|O00206-2|O00206-3
CHEMBL4461,Homo sapiens,Q9NTG7,hSIRT3 | SIR2-like protein 3 | NAD-dependent protein deacetylase sirtuin-3 | Regulatory protein SIR2 homolog 3 | mitochondrial | SIR2L3 | SIRT3,2.0,,Q9NTG7,1|2,Q9NTG7-1|Q9NTG7-2
CHEMBL4462,Homo sapiens,Q8IXJ6,SIR2L | NAD-dependent protein defatty-acylase sirtuin-2 | SIRT2 | SIR2-like protein 2 | SIR2L2 | Regulatory protein SIR2 homolog 2 | NAD-dependent protein deacetylase sirtuin-2,5.0,,Q8IXJ6,1|2|3|4|5,Q8IXJ6-1|Q8IXJ6-2|Q8IXJ6-3|Q8IXJ6-4|Q8IXJ6-5
CHEMBL4506,Homo sapiens,Q96EB6,NAD-dependent protein deacylase sirtuin-1 | NAD-dependent protein deacetylase sirtuin-1 | SIRT1 | SIR2-like protein 1 | hSIR2 | SIR2L1 | Regulatory protein SIR2 homolog 1 | hSIRT1,2.0,,Q96EB6,1|2,Q96EB6-1|Q96EB6-2
CHEMBL4507,Homo sapiens,Q9GZV3,Hemicholinium-3-sensitive choline transporter | Solute carrier family 5 member 7 | CHT | High affinity choline transporter 1 | SLC5A7 | CHT1 | hCHT1,1.0,"Optimum pH is 9.5 for choline uptake. Transport efficiency decreased at more acidic pHs and is abolished at pH 5.5, which should coincide with transporter internalization.",Q9GZV3,,
CHEMBL4513,Plasmodium falciparum,Q965D6,fabG,1.0,,Q965D6,,
CHEMBL4150,Plasmodium falciparum,Q965D5,fabI,1.0,,Q965D5,,
CHEMBL4151,Trypanosoma cruzi,Q8ST54,Phosphotransferase | HK,1.0,,Q8ST54,,
CHEMBL4153,Cavia porcellus,Q60492,Sigma non-opioid intracellular receptor 1 | Sterol isomerase-like protein | Sigma1-receptor | SIGMAR1 | Sigma 1-type opioid receptor | OPRS1 | Sigma1R,1.0,,Q60492,,
CHEMBL4360,Homo sapiens,P53985,Monocarboxylate transporter 1 | SLC16A1 | MCT 1 | Solute carrier family 16 member 1 | MCT1,2.0,,P53985,1|2,P53985-1|P53985-2
CHEMBL4361,Homo sapiens,Q07820,BCL2L3 | Bcl-2-related protein EAT/mcl1 | MCL1 | mcl1/EAT | Bcl-2-like protein 3 | Bcl2-L-3 | Induced myeloid leukemia cell differentiation protein Mcl-1,2.0,,Q07820,1|2,Q07820-1|Q07820-2
CHEMBL4521,Homo sapiens,Q07973,"Cytochrome P450 24A1 | Vitamin D(3) 24-hydroxylase | CYP24 | 1,25-dihydroxyvitamin D(3) 24-hydroxylase | CYP24A1 | mitochondrial | 24-OHase | Cytochrome P450-CC24",3.0,,Q07973,1|2|3,Q07973-1|Q07973-2|Q07973-3
CHEMBL4676,Mus musculus,O08532,Voltage-gated calcium channel subunit alpha-2/delta-1 | Cacna2d1 | Voltage-dependent calcium channel subunit alpha-2/delta-1 | Cacna2,5.0,,O08532,2A|2B|2C|2D|2E,O08532-1|O08532-2|O08532-3|O08532-4|O08532-5
CHEMBL4681,Homo sapiens,P42330,Aldo-keto reductase family 1 member C3 | Chlordecone reductase homolog HAKRb | DDH1 | 17-beta-hydroxysteroid dehydrogenase type 5 | HSD17B5 | 3-alpha-HSD type II | 3-alpha-hydroxysteroid dehydrogenase type 2 | DD-3 | AKR1C3 | Prostaglandin F synthase | Dihydrodiol dehydrogenase type I | 3-alpha-HSD type 2 | Dihydrodiol dehydrogenase 3 | KIAA0119 | PGFS | 17-beta-HSD 5 | HA1753 | DD3 | brain | Testosterone 17-beta-dehydrogenase 5,2.0,,P42330,1|2,P42330-1|P42330-2
CHEMBL4162,Homo sapiens,O75365,Protein-tyrosine phosphatase of regenerating liver 3 | PRL-3 | Protein tyrosine phosphatase type IVA 3 | PRL3 | PTP4A3 | Protein-tyrosine phosphatase 4a3 | PRL-R,3.0,,O75365,1|2|3,O75365-1|O75365-2|O75365-3
CHEMBL4163,Homo sapiens,O60603, | Toll/interleukin-1 receptor-like protein 4 | TLR2 | TIL4 | Toll-like receptor 2,1.0,,O60603,,
CHEMBL4379,Mus musculus,Q9Z0F8, | Tace | Disintegrin and metalloproteinase domain-containing protein 17 | Adam17 | ADAM 17 | TNF-alpha-converting enzyme | TNF-alpha convertase,2.0,,Q9Z0F8,Long|Short,Q9Z0F8-1|Q9Z0F8-2
CHEMBL3785,Homo sapiens,Q8TDS4,HM74A | HCAR2 | Nicotinic acid receptor | G-protein coupled receptor HM74A | Niacin receptor 1 | NIACR1 | G-protein coupled receptor 109A | HCA2 | GPR109A | Hydroxycarboxylic acid receptor 2,1.0,,Q8TDS4,,
CHEMBL3691,Homo sapiens,Q13822,ATX | Ectonucleotide pyrophosphatase/phosphodiesterase family member 2 | ENPP2 | E-NPP 2 | PDNP2 | LysoPLD | Extracellular lysophospholipase D | Autotaxin,3.0,"Optimum pH is 9.0 (isoform 1), 8.0 (isoform 3). Isoform 1 is less sensitive to pH. Isoform 1, isoform 2 and isoform 3 all retain some activity at pH 9.5.",Q13822,1|2|3,Q13822-1|Q13822-2|Q13822-3
CHEMBL4165,Mycobacterium tuberculosis,P9WG47,DNA gyrase subunit A | gyrA | Type IIA topoisomerase subunit GyrA,1.0,,P9WG47,,
CHEMBL4540,Mycobacterium tuberculosis,P96830,Tyrosine specific protein phosphatases domain-containing protein | MT0162,1.0,,P96830,,
CHEMBL3492,Homo sapiens,P49721,Proteasome component C7-I | Proteasome subunit beta type-2 | Multicatalytic endopeptidase complex subunit C7-I | PSMB2 | Macropain subunit C7-I,1.0,,P49721,,
CHEMBL4662,Homo sapiens,P28074,Proteasome subunit X | Multicatalytic endopeptidase complex epsilon chain | LMPX | Proteasome chain 6 | MB1 | Proteasome epsilon chain | Proteasome subunit MB1 | Macropain epsilon chain | PSMB5 | X | Proteasome subunit beta type-5,3.0,,P28074,1|2|3,P28074-1|P28074-2|P28074-3
CHEMBL4903,Homo sapiens,P24666,LMW-PTPase | LMW-PTP | Red cell acid phosphatase 1 | Low molecular weight cytosolic acid phosphatase | ACP1 | Adipocyte acid phosphatase | Low molecular weight phosphotyrosine protein phosphatase,4.0,,P24666,1|2|3|4,P24666-1|P24666-2|P24667-1|P24666-3|P24666-4
CHEMBL4208,Homo sapiens,P20618,PSC5 | Multicatalytic endopeptidase complex subunit C5 | Proteasome subunit beta type-1 | Proteasome component C5 | Macropain subunit C5 | Proteasome gamma chain | PSMB1,1.0,,P20618,,
CHEMBL4370,Homo sapiens,P16662,"UDPGTh-2 | UDPGT 2B7 | UDP-glucuronosyltransferase 2B7 | UDPGT 2B9 | 3,4-catechol estrogen-specific UDPGT | UGT2B7 | UGTB2B9 | UDP-glucuronosyltransferase 2B9",1.0,,P16662,,
CHEMBL4372,Bacillus anthracis,P15917,LF | Anthrax lethal toxin endopeptidase component | lef | Lethal factor,1.0,,P15917,,
CHEMBL4404,Yersinia enterocolitica,P15273,yopH | Tyrosine-protein phosphatase YopH | Virulence protein | yop51,1.0,,P15273,,
CHEMBL4685,Homo sapiens,P14902,"Indoleamine-pyrrole 2,3-dioxygenase | Indoleamine 2,3-dioxygenase 1 | INDO | IDO | IDO-1 | IDO1",1.0,,P14902,,
CHEMBL4693,Oryctolagus cuniculus,P04191,SR Ca(2+)-ATPase 1 | Endoplasmic reticulum class 1/2 Ca(2+) ATPase | Sarcoplasmic/endoplasmic reticulum calcium ATPase 1 | ATP2A1 | fast twitch skeletal muscle isoform | SERCA1 | Calcium pump 1 | Calcium-transporting ATPase sarcoplasmic reticulum type,2.0,,P04191,SERCA1B|SERCA1A,P04191-1|P04191-2
CHEMBL4696,Oryctolagus cuniculus,P00489,Glycogen phosphorylase | PYGM | Myophosphorylase | muscle form,1.0,,P00489,,
CHEMBL4698,Homo sapiens,O95822,MCD | mitochondrial | MLYCD | Malonyl-CoA decarboxylase,2.0,,O95822,Mitochondrial|Cytoplasmic+peroxisomal,O95822-1|O95822-2
CHEMBL4098,Mus musculus,O70370,Cathepsin S | Cats | Ctss,1.0,,O70370,,
CHEMBL3318,Agaricus bisporus,O42713,Cresolase 2 | Tyrosinase 2 | Phenolase 2 | PPO2 | Polyphenol oxidase 2,1.0,,O42713,,
CHEMBL5174,Homo sapiens,O14786, | NRP | Vascular endothelial cell growth factor 165 receptor | VEGF165R | Neuropilin-1 | NRP1,3.0,,O14786,1|2|3,O14786-1|O14786-2|O14786-3
CHEMBL4699,Homo sapiens,O60725,Isoprenylcysteine carboxylmethyltransferase | pcCMT | PCCMT | Prenylcysteine carboxyl methyltransferase | Prenylated protein carboxyl methyltransferase | Protein-S-isoprenylcysteine O-methyltransferase | ICMT | PPMT,1.0,,O60725,,
CHEMBL3783,Rattus norvegicus,P12785,Fatty acid synthase | Type I FAS | Fasn,1.0,,P12785,,
CHEMBL3321,Rattus norvegicus,Q8R431,MAGL | MGL | Mgll | Mgl2 | Monoglyceride lipase | Monoacylglycerol lipase,1.0,,Q8R431,,
CHEMBL3326,Stenotrophomonas maltophilia,P52700,Metallo-beta-lactamase L1 type III | Penicillinase | B3 metallo-beta-lactamase | Metallo-beta-lactamase L1 type 3 | Beta-lactamase type III,1.0,"Unstable below pH 8, unless zinc is present.",P52700,,
CHEMBL4518,Homo sapiens,Q15391,P2Y14 | GPR105 | P2RY14 | G-protein coupled receptor 105 | UDP-glucose receptor | P2Y purinoceptor 14 | KIAA0001,1.0,,Q15391,,
CHEMBL4578,Homo sapiens,Q14680,pEg3 kinase | Protein kinase PK38 | Maternal embryonic leucine zipper kinase | Tyrosine-protein kinase MELK | hMELK | KIAA0175 | Protein kinase Eg3 | MELK | hPK38,8.0,,Q14680,1|2|3|4|5|6|7|8,Q14680-1|Q14680-2|Q14680-3|Q14680-4|Q14680-5|Q14680-6|Q14680-7|Q14680-8
CHEMBL5407,Homo sapiens,Q86V86,PIM3 | Serine/threonine-protein kinase pim-3,1.0,,Q86V86,,
CHEMBL5408,Homo sapiens,Q9UHD2,Serine/threonine-protein kinase TBK1 | TANK-binding kinase 1 | TBK1 | NAK | T2K | NF-kappa-B-activating kinase,1.0,,Q9UHD2,,
CHEMBL5412,Mus musculus,P51683, | CCR-2 | C-C chemokine receptor type 2 | Cmkbr2 | JE/FIC receptor | Ccr2 | C-C CKR-2 | CC-CKR-2 | CCR2 | MCP-1 receptor,1.0,,P51683,,
CHEMBL5200,Mus musculus,O88410, | Interferon-inducible protein 10 receptor | CXCR-3 | CXC-R3 | C-X-C chemokine receptor type 3 | Cmkar3 | IP-10 receptor | Cxcr3,1.0,,O88410,,
CHEMBL5413,Homo sapiens,Q969F8,G-protein coupled receptor 54 | GPR54 | hOT7T175 | Metastin receptor | KISS1R | Kisspeptins receptor | AXOR12 | KiSS-1 receptor | G-protein coupled receptor OT7T175 | KiSS-1R | Hypogonadotropin-1,1.0,,Q969F8,,
CHEMBL5493,Homo sapiens,O15552,GPR43 | FFAR2 | Free fatty acid receptor 2 | GPCR43 | FFA2 | G-protein coupled receptor 43,1.0,,O15552,,
CHEMBL5498,Cavia porcellus,Q8VH26,GPM3 | Muscarinic acetylcholine receptor,1.0,,Q8VH26,,
CHEMBL3784,Homo sapiens,Q09472,P300 | Histone butyryltransferase p300 | E1A-associated protein p300 | Protein lactyltransferas p300 | Protein propionyltransferase p300 | EP300 | Histone acetyltransferase p300 | Histone crotonyltransferase p300 | Protein 2-hydroxyisobutyryltransferase p300 | p300 HAT,1.0,,Q09472,,
CHEMBL5500,Homo sapiens,Q92831,Spermidine acetyltransferase KAT2B | Lysine acetyltransferase 2B | Histone acetyltransferase KAT2B | KAT2B | P/CAF | Histone acetylase PCAF | PCAF | Histone acetyltransferase PCAF | P300/CBP-associated factor,1.0,,Q92831,,
CHEMBL5523,Homo sapiens,Q8WTS6,Histone H3-K4 methyltransferase SETD7 | KIAA1717 | H3-K4-HMTase SETD7 | KMT7 | SETD7 | SET7 | Lysine N-methyltransferase 7 | Histone-lysine N-methyltransferase SETD7 | SET9 | SET domain-containing protein 7 | SET7/9,1.0,,Q8WTS6,,
CHEMBL5524,Homo sapiens,Q99873,Histone-arginine N-methyltransferase PRMT1 | PRMT1 | Interferon receptor 1-bound protein 4 | HRMT1L2 | HMT2 | Protein arginine N-methyltransferase 1 | IR1B4,4.0,,Q99873,1|2|3|4,Q99873-1|Q99873-2|Q99873-3|Q99873-5
CHEMBL5311,Homo sapiens,P37023,ALK1 | TGF-B superfamily receptor type I | ACVRLK1 | Activin receptor-like kinase 1 | ALK-1 | Serine/threonine-protein kinase receptor R3 | ACVRL1 | TSR-I | SKR3,1.0,,P37023,,
CHEMBL5314,Homo sapiens,Q06418,Tyrosine-protein kinase TIF | Tyrosine-protein kinase receptor TYRO3 | Tyrosine-protein kinase BYK | RSE | SKY | TYRO3 | Tyrosine-protein kinase DTK | Tyrosine-protein kinase SKY | TIF | DTK | Tyrosine-protein kinase RSE | BYK,1.0,,Q06418,,
CHEMBL5319,Homo sapiens,Q08345, | Discoidin receptor tyrosine kinase | Epithelial discoidin domain-containing receptor 1 | Protein-tyrosine kinase 3A | MCK-10 | TRK E | DDR1 | TRKE | NEP | Tyrosine kinase DDR | CD167 antigen-like family member A | HGK2 | Cell adhesion kinase | NTRK4 | EDDR1 | PTK3A | Tyrosine-protein kinase CAK | CAK | RTK6 | Protein-tyrosine kinase RTK-6 | Mammary carcinoma kinase 10 | Epithelial discoidin domain receptor 1,5.0,,Q08345,1|2|3|4|5,Q08345-1|Q08345-2|Q08345-4|Q08345-5|Q08345-6
CHEMBL5362,Staphylococcus aureus,Q9S446,srtA,1.0,,Q9S446,,
CHEMBL5365,Homo sapiens,Q9UBT6,DINP | DINB1 | DINB protein | DNA polymerase kappa | POLK,8.0,Optimum pH is 6.5-7.5.,Q9UBT6,1|2|3|4|5|6|7|8,Q9UBT6-1|Q9UBT6-2|Q9UBT6-3|Q9UBT6-4|Q9UBT6-5|Q9UBT6-6|Q9UBT6-7|Q9UBT6-8
CHEMBL5366,Homo sapiens,Q9UGN5,PARP-2 | NAD(+) ADP-ribosyltransferase 2 | ARTD2 | Protein poly-ADP-ribosyltransferase PARP2 | pADPRT-2 | ADPRTL2 | ADPRT-2 | Poly[ADP-ribose] synthase 2 | PARP2 | Poly [ADP-ribose] polymerase 2 | ADPRT2 | DNA ADP-ribosyltransferase PARP2 | hPARP-2 | ADP-ribosyltransferase diphtheria toxin-like 2,2.0,,Q9UGN5,1|2,Q9UGN5-1|Q9UGN5-2
CHEMBL5288,Homo sapiens,P06400,pRb | p105-Rb | pp110 | p110-RB1 | Retinoblastoma-associated protein | RB1 | Rb,1.0,,P06400,,
CHEMBL5293,Homo sapiens,P06881,Alpha-type CGRP | CGRP-I | Calcitonin gene-related peptide 1 | CALCA | CALC1 | Calcitonin gene-related peptide I,3.0,,P06881,3|1|2,P06881-1|P01258-1|P01258-2
CHEMBL5331,Homo sapiens,Q12866,MER | Receptor tyrosine kinase MerTK | Tyrosine-protein kinase Mer | MERTK | Proto-oncogene c-Mer,1.0,,Q12866,,
CHEMBL5332,Homo sapiens,Q13164,Big MAP kinase 1 | PRKM7 | MAP kinase 7 | BMK-1 | ERK5 | Mitogen-activated protein kinase 7 | Extracellular signal-regulated kinase 5 | MAPK 7 | ERK-5 | MAPK7 | BMK1,4.0,,Q13164,1|2|3|4,Q13164-1|Q13164-2|Q13164-3|Q13164-4
CHEMBL5335,Homo sapiens,Q13489,Baculoviral IAP repeat-containing protein 3 | hIAP-1 | hIAP1 | MIHC | RING-type E3 ubiquitin transferase BIRC3 | Cellular inhibitor of apoptosis 2 | C-IAP2 | BIRC3 | Apoptosis inhibitor 2 | Inhibitor of apoptosis protein 1 | API2 | TNFR2-TRAF-signaling complex protein 1 | RNF49 | RING finger protein 49 | IAP homolog C,1.0,,Q13489,,
CHEMBL5387,Mus musculus,Q62226,SHH | HHG-1 | Shh | Shh unprocessed N-terminal signaling and C-terminal autoprocessing domains | ShhNC | Hhg1 | Sonic hedgehog protein,1.0,,Q62226,,
CHEMBL5393,Homo sapiens,Q9UNQ0, | Breast cancer resistance protein | BCRP | BCRP1 | ABCG2 | ABCP | Urate exporter | Mitoxantrone resistance-associated protein | CDw338 | Broad substrate specificity ATP-binding cassette transporter ABCG2 | Placenta-specific ATP-binding cassette transporter | MXR | ATP-binding cassette sub-family G member 2,2.0,,Q9UNQ0,1|2,Q9UNQ0-1|Q9UNQ0-2
CHEMBL5419,West Nile virus,P06935,Genome polyprotein,1.0,,P06935,,
CHEMBL5424,Rattus norvegicus,P07308,Scd | Acyl-CoA desaturase 1 | Stearoyl-CoA desaturase 1 | Delta(9)-desaturase 1 | Fatty acid desaturase 1 | Scd1 | Delta-9 desaturase 1,1.0,,P07308,,
CHEMBL5462,Homo sapiens,Q13490,BIRC2 | RING-type E3 ubiquitin transferase BIRC2 | API1 | TNFR2-TRAF-signaling complex protein 2 | Baculoviral IAP repeat-containing protein 2 | Cellular inhibitor of apoptosis 1 | RNF48 | IAP homolog B | RING finger protein 48 | Inhibitor of apoptosis protein 2 | MIHB | hIAP2 | hIAP-2 | C-IAP1,2.0,,Q13490,1|2,Q13490-1|Q13490-2
CHEMBL5463,Homo sapiens,Q13510,ASAH | AC | N-acylethanolamine hydrolase ASAH1 | Acylsphingosine deacylase | Acid CDase | ASAH1 | N-acylsphingosine amidohydrolase | ACDase | Putative 32 kDa heart protein | PHP32 | Acid ceramidase,3.0,"Optimum pH is 3.8-5.0 for the hydrolysis of N-dodecanoylsphing-4-enine (PubMed:7744740, PubMed:12815059). Optimum pH is 5.5-6.5 for the synthesis of N-dodecanoylsphing-4-enine (PubMed:12815059).",Q13510,1|2|3,Q13510-1|Q13510-2|Q13510-3
CHEMBL5464,Homo sapiens,Q13546,RIP1 | RIP | Receptor-interacting serine/threonine-protein kinase 1 | RIPK1 | Receptor-interacting protein 1 | RIP-1 | Cell death protein RIP,2.0,,Q13546,1|2,Q13546-1|Q13546-2
CHEMBL5469,Homo sapiens,Q14289,Related adhesion focal tyrosine kinase | CADTK | PYK2 | CAK-beta | Proline-rich tyrosine kinase 2 | RAFTK | FAK2 | Calcium-dependent tyrosine kinase | PTK2B | Protein-tyrosine kinase 2-beta | Focal adhesion kinase 2 | CAKB | Calcium-regulated non-receptor proline-rich tyrosine kinase | Cell adhesion kinase beta | FADK 2,2.0,,Q14289,1|2,Q14289-1|Q14289-2
CHEMBL5503,Homo sapiens,Q14994,Constitutive active response | NR1I3 | Constitutive activator of retinoid response | Orphan nuclear receptor MB67 | Nuclear receptor subfamily 1 group I member 3 | Constitutive androstane receptor | CAR,15.0,,Q14994,1|2|3|4|5|6|7|8|9|10|11|12|13|14|15,Q14994-1|Q14994-2|Q14994-3|Q14994-4|Q14994-5|Q14994-6|Q14994-7|Q14994-8|Q14994-9|Q14994-10|Q14994-11|Q14994-12|Q14994-13|Q14994-15|Q14994-16
CHEMBL5508,Rattus norvegicus,Q63470,Dyrk | Dual specificity YAK1-related kinase | MNBH | Dyrk1a | Dual specificity tyrosine-phosphorylation-regulated kinase 1A | Protein kinase minibrain homolog | RP86,2.0,,Q63470,Long|Short,Q63470-1|Q63470-2
CHEMBL5543,Homo sapiens,Q9Y463,DYRK1B | Mirk protein kinase | Dual specificity tyrosine-phosphorylation-regulated kinase 1B | MIRK | Minibrain-related kinase,3.0,,Q9Y463,1|2|3,Q9Y463-1|Q9Y463-2|Q9Y463-3
CHEMBL5545,Homo sapiens,Q9Y4D2,DGL-alpha | DAGL-alpha | DAGLA | NSDDR | C11orf11 | Neural stem cell-derived dendrite regulator | KIAA0659 | Sn1-specific diacylglycerol lipase alpha | Diacylglycerol lipase-alpha,1.0,Optimum pH is 7.0.,Q9Y4D2,,
CHEMBL5566,Bos taurus,P08487,"Phospholipase C-II | 1-phosphatidylinositol 4,5-bisphosphate phosphodiesterase gamma-1 | Phospholipase C-gamma-1 | PLC-II | PLC-148 | PLC-gamma-1 | PLCG1 | Phosphoinositide phospholipase C-gamma-1",1.0,,P08487,,
CHEMBL5567,Photinus pyralis,P08659,Luciferin 4-monooxygenase | Luciferase,1.0,,P08659,,
CHEMBL5568,Homo sapiens,P08922,Proto-oncogene c-Ros-1 | ROS | Proto-oncogene c-Ros | Proto-oncogene tyrosine-protein kinase ROS | ROS1 | Receptor tyrosine kinase c-ros oncogene 1 | MCF3 | c-Ros receptor tyrosine kinase,1.0,,P08922,,
CHEMBL5602,Homo sapiens,Q15465,SHH | HHG-1 | Shh unprocessed N-terminal signaling and C-terminal autoprocessing domains | ShhNC | Sonic hedgehog protein,1.0,,Q15465,,
CHEMBL5608,Homo sapiens,Q16288,Neurotrophic tyrosine kinase receptor type 3 | Trk-C | NTRK3 | TRKC | GP145-TrkC | NT-3 growth factor receptor | TrkC tyrosine kinase,5.0,,Q16288,1|2|3|4|5,Q16288-1|Q16288-2|Q16288-3|Q16288-4|Q16288-5
CHEMBL5043,Homo sapiens,Q6P179,LRAP | L-RAP | Endoplasmic reticulum aminopeptidase 2 | ERAP2 | Leukocyte-derived arginine aminopeptidase,4.0,,Q6P179,1|2|3|4,Q6P179-1|Q6P179-2|Q6P179-3|Q6P179-4
CHEMBL5048,Homo sapiens,Q6PIU2,KIAA1363 | NCEH | 2-acetyl MAGE hydrolase | Neutral cholesterol ester hydrolase 1 | Acetylalkylglycerol acetylhydrolase | NCEH1 | Arylacetamide deacetylase-like 1 | AADACL1,3.0,,Q6PIU2,1|2|3,Q6PIU2-1|Q6PIU2-2|Q6PIU2-3
CHEMBL5080,Homo sapiens,Q9Y5X9,Endothelial cell-derived lipase | LIPG | EDL | EL | Phospholipase A1 | Endothelial lipase,2.0,,Q9Y5X9,1|2,Q9Y5X9-1|Q9Y5X9-2
CHEMBL5083,Homo sapiens,Q9Y6F1,IRT1 | Poly [ADP-ribose] polymerase 3 | PARP-3 | DNA ADP-ribosyltransferase PARP3 | ADPRTL3 | NAD(+) ADP-ribosyltransferase 3 | ADP-ribosyltransferase diphtheria toxin-like 3 | ARTD3 | PARP3 | Poly[ADP-ribose] synthase 3 | hPARP-3 | pADPRT-3 | Protein mono-ADP-ribosyltransferase PARP3 | ADPRT-3 | ADPRT3,2.0,,Q9Y6F1,1|2,Q9Y6F1-1|Q9Y6F1-2
CHEMBL5118,SARS coronavirus,P0C6X7,ORF1ab polyprotein | pp1ab | Replicase polyprotein 1ab | rep,2.0,Optimum pH is 7.0 for 3C-like proteinase activity.,P0C6X7,Replicase polyprotein 1ab|Replicase polyprotein 1a,P0C6X7-1|P0C6U8-1
CHEMBL5122,Homo sapiens,Q16832, | TKT | Receptor protein-tyrosine kinase TKT | Discoidin domain receptor 2 | NTRKR3 | receptor-related 3 | Tyrosine-protein kinase TYRO10 | CD167 antigen-like family member B | Discoidin domain-containing receptor tyrosine kinase 2 | Neurotrophic tyrosine kinase | Discoidin domain-containing receptor 2 | TYRO10 | DDR2,1.0,,Q16832,,
CHEMBL5124,Patiria pectinifera,Q17066,,1.0,,Q17066,,
CHEMBL5150,Photuris pennsylvanica,Q27757,Luciferin 4-monooxygenase | Luciferase,1.0,,Q27757,,
CHEMBL5160,Rattus norvegicus,Q6RI86,Ankyrin-like with transmembrane domains protein 1 | Wasabi receptor | Anktm1 | Transient receptor potential cation channel subfamily A member 1 | Trpa1,1.0,,Q6RI86,,
CHEMBL5162,Homo sapiens,Q6W5P4,GPR154 | G-protein coupled receptor PGR14 | G-protein coupled receptor 154 | G-protein coupled receptor for asthma susceptibility | GPRA | NPSR1 | Neuropeptide S receptor | PGR14,9.0,,Q6W5P4,1|2|3|4|5|6|7|8|9,Q6W5P4-1|Q6W5P4-2|Q6W5P4-3|Q6W5P4-4|Q6W5P4-5|Q6W5P4-6|Q6W5P4-7|Q6W5P4-8|Q6W5P4-9
CHEMBL5183,Mus musculus,Q9Z1M0,P2rx7 | ATP receptor | P2X purinoceptor 7 | P2X7 | P2Z receptor | Purinergic receptor | P2x7,1.0,,Q9Z1M0,,
CHEMBL5189,Clostridium perfringens,P10481,Neuraminidase | nanH | Sialidase,1.0,,P10481,,
CHEMBL5192,Clostridium botulinum,P0DPI0,bonT | BOTOX | atx | botA | Botulinum neurotoxin type A1 | Bontoxilysin-A | Botulinum neurotoxin type A | BoNT/A,1.0,,P0DPI0,,
CHEMBL5260,Homo sapiens,Q59H18,Cardiac ankyrin repeat kinase | CARK | TNNI3K | Cardiac troponin I-interacting kinase | Serine/threonine-protein kinase TNNI3K | TNNI3-interacting kinase,4.0,,Q59H18,2|1|3|4,Q59H18-2|Q59H18-1|Q59H18-3|Q59H18-4
CHEMBL5262,Rattus norvegicus,Q7TQN8,Gpr119 | Glucose-dependent insulinotropic receptor | G-protein coupled receptor 119,1.0,,Q7TQN8,,
CHEMBL5270,Bacillus anthracis,Q81R22,dfrA | Dihydrofolate reductase,1.0,,Q81R22,,
CHEMBL5306,Oryctolagus cuniculus,A5A4K8,MLNR,1.0,,A5A4K8,,
CHEMBL5347,Homo sapiens,P11413,Glucose-6-phosphate 1-dehydrogenase | G6PD,3.0,,P11413,Short|Long|3,P11413-1|P11413-2|P11413-3
CHEMBL5394,Crithidia fasciculata,P39040,"TPR | Trypanothione reductase | N(1),N(8)-bis(glutathionyl)spermidine reductase | TR",1.0,Optimum pH is 7.5-8.0.,P39040,,
CHEMBL5396,Bacillus anthracis,P40136,Calmodulin-sensitive adenylate cyclase | Anthrax edema toxin adenylate cyclase component | Adenylyl cyclase | ATP pyrophosphate-lyase | Edema factor | cya | EF,1.0,,P40136,,
CHEMBL5399,Homo sapiens,P41586,ADCYAP1R1 | PACAP-R1 | Pituitary adenylate cyclase-activating polypeptide type I receptor | PACAP type I receptor | PACAP-R-1,5.0,,P41586,N|N-HOP1|S|S-HOP1|VS,P41586-1|P41586-2|P41586-3|P41586-4|P41586-5
CHEMBL5402,Mus musculus,P42227,Acute-phase response factor | Signal transducer and activator of transcription 3 | Aprf | Stat3,3.0,,P42227,Stat3A|Stat3B|Del-701,P42227-1|P42227-2|P42227-3
CHEMBL5403,Homo sapiens,P42229,Signal transducer and activator of transcription 5A | STAT5A | STAT5,2.0,,P42229,1|2,P42229-1|P42229-2
CHEMBL5406,Homo sapiens,Q86X55,CARM1 | Protein arginine N-methyltransferase 4 | Histone-arginine methyltransferase CARM1 | Coactivator-associated arginine methyltransferase 1 | PRMT4,3.0,,Q86X55,3|1|2,Q86X55-3|Q86X55-1|Q86X55-2
CHEMBL5432,Homo sapiens,Q8IVH8,Germinal center kinase-related protein kinase | MAP4K3 | MAPK/ERK kinase kinase kinase 3 | MEK kinase kinase 3 | MEKKK 3 | GLK | RAB8IPL1 | Mitogen-activated protein kinase kinase kinase kinase 3,3.0,,Q8IVH8,1|2|3,Q8IVH8-1|Q8IVH8-2|Q8IVH8-3
CHEMBL5435,Homo sapiens,Q8IYT8,KIAA0623 | ULK2 | Unc-51-like kinase 2 | Serine/threonine-protein kinase ULK2,1.0,,Q8IYT8,,
CHEMBL5440,Staphylococcus aureus,A9JQL9,"C30 carotenoid synthase | Dehydrosqualene synthase | crtM | DAP synthase | 4,4'-diapophytoene synthase",1.0,,A9JQL9,,
CHEMBL5479,Homo sapiens,P14210,Scatter factor | HGF | Hepatocyte growth factor | SF | HPTA | Hepatopoietin-A,6.0,,P14210,1|2|3|4|5|6,P14210-1|P14210-2|P14210-3|P14210-4|P14210-5|P14210-6
CHEMBL5485,Homo sapiens,P14920,DAAO | DAMOX | DAO | D-amino-acid oxidase,1.0,,P14920,,
CHEMBL5518,Homo sapiens,Q8N4C8,MAPK/ERK kinase kinase kinase 6 | Misshapen-like kinase 1 | MEK kinase kinase 6 | MINK1 | MAP4K6 | Mitogen-activated protein kinase kinase kinase kinase 6 | GCK family kinase MiNK | MINK | B55 | Misshapen/NIK-related kinase | YSK2 | MEKKK 6 | ZC3,5.0,,Q8N4C8,3|1|2|4|5,Q8N4C8-1|Q8N4C8-2|Q8N4C8-3|Q8N4C8-4|Q8N4C8-5
CHEMBL5522,Homo sapiens,Q8NET8,Transient receptor potential cation channel subfamily V member 3 | TRPV3 | VRL-3 | Vanilloid receptor-like 3 | TrpV3,3.0,,Q8NET8,1|2|3,Q8NET8-1|Q8NET8-2|Q8NET8-3
CHEMBL5553,Homo sapiens,O00571,DDX3X | X isoform | DDX3 | HLP2 | CAP-Rf | ATP-dependent RNA helicase DDX3X | DEAD box protein 3 | DEAD box | X-chromosomal | Helicase-like protein 2 | DBX,2.0,,O00571,1|2,O00571-1|O00571-2
CHEMBL5555,Homo sapiens,O00767,SCDOS | SCD1 | SCD | hSCD1 | Delta-9 desaturase | Acyl-CoA desaturase | Fatty acid desaturase | Stearoyl-CoA desaturase | FADS5 | Delta(9)-desaturase,1.0,,O00767,,
CHEMBL5556,Rattus norvegicus,O08565, | C-X-C chemokine receptor type 4 | CXCR-4 | Cxcr4 | LESTR | Leukocyte-derived seven transmembrane domain receptor | Fusin | Stromal cell-derived factor 1 receptor | SDF-1 receptor | Cmkar4 | CXC-R4,1.0,,O08565,,
CHEMBL5586,Homo sapiens,P16152,SDR21C1 | CRN | NADPH-dependent carbonyl reductase 1 | 20-beta-hydroxysteroid dehydrogenase | Alcohol dehydrogenase [NAD(P)+] CBR1 | 15-hydroxyprostaglandin dehydrogenase [NADP(+)] | Carbonyl reductase [NADPH] 1 | Prostaglandin 9-ketoreductase | Prostaglandin-E(2) 9-reductase | CBR | Short chain dehydrogenase/reductase family 21C member 1 | PG-9-KR | CBR1,2.0,,P16152,1|2,P16152-1|P16152-2
CHEMBL5010,Mus musculus,Q8R2Y0,Monoacylglycerol lipase ABHD6 | Abhydrolase domain-containing protein 6 | 2-arachidonoylglycerol hydrolase | Abhd6,2.0,Optimum pH is 7.5-8.0.,Q8R2Y0,1|2,Q8R2Y0-1|Q8R2Y0-2
CHEMBL5011,Rattus norvegicus,Q8R455,Trpm8 | Cold menthol receptor 1 | Cmr1 | Transient receptor potential cation channel subfamily M member 8,1.0,,Q8R455,,
CHEMBL5648,Plasmodium falciparum,Q8T9Z7,PNP | Purine nucleoside phosphorylase | S-methyl-5'-thioinosine phosphorylase,1.0,,Q8T9Z7,,
CHEMBL5652,Homo sapiens,Q8TDV5,GPR119 | Glucose-dependent insulinotropic receptor | G-protein coupled receptor 119,1.0,,Q8TDV5,,
CHEMBL5656,Mus musculus,Q91WC9,PUFA-specific triacylglycerol lipase | Diacylglycerol lipase-beta | Daglb | DAGL-beta | Sn1-specific diacylglycerol lipase beta | DGL-beta | DAGLbeta,1.0,,Q91WC9,,
CHEMBL5657,Mus musculus,Q91ZY2,H4R | Histamine H4 receptor | HH4R | Hrh4,1.0,,Q91ZY2,,
CHEMBL5658,Homo sapiens,O14684,PGES | Prostaglandin E synthase | PIG12 | Microsomal prostaglandin E synthase 1 | Microsomal glutathione S-transferase 1-like 1 | PTGES | p53-induced gene 12 protein | MGST1L1 | MPGES1 | Glutathione peroxidase PTGES | Glutathione transferase PTGES | MGST1-L1 | MPGES-1,1.0,,O14684,,
CHEMBL5686,Trypanosoma brucei,O15648,pfk | ATP-dependent 6-phosphofructokinase | ATP-PFK | Phosphofructokinase | Phosphohexokinase,1.0,,O15648,,
CHEMBL5695,Bos taurus,P19111,IAP | Intestinal-type alkaline phosphatase | ALPI | Intestinal alkaline phosphatase,1.0,,P19111,,
CHEMBL5719,Homo sapiens,P49336,Cyclin-dependent kinase 8 | Protein kinase K35 | CDK8 | Mediator of RNA polymerase II transcription subunit CDK8 | Cell division protein kinase 8 | Mediator complex subunit CDK8,2.0,,P49336,1|2,P49336-1|P49336-2
CHEMBL5724,Mus musculus,P50295,Aac2 | NAT-2 | Nat2 | N-acetyltransferase type 2 | Arylamine N-acetyltransferase 2 | Arylamide acetylase 2,1.0,,P50295,,
CHEMBL5726,Mus musculus,Q920L5,3-keto acyl-CoA synthase Elovl6 | ELOVL fatty acid elongase 6 | Fatty acyl-CoA elongase | Face | Masr | ELOVL FA elongase 6 | Very long chain 3-oxoacyl-CoA synthase 6 | Very long chain 3-ketoacyl-CoA synthase 6 | Myelin-associated SUR4 protein | Elongation of very long chain fatty acids protein 6 | Elovl6 | Long chain fatty acid elongase | Lce,1.0,Optimum pH is 6.5 at 37 degrees Celsius with hexadecanoyl-CoA as substrate.,Q920L5,,
CHEMBL5727,Rattus norvegicus,Q920R3,Delta(5) desaturase | D5D | Delta(5) fatty acid desaturase | Fatty acid desaturase 1 | Acyl-CoA (8-3)-desaturase | Delta-5 desaturase | Fads1,1.0,,Q920R3,,
CHEMBL5747,Homo sapiens,Q92793,CREB-binding protein | CBP | CREBBP | Histone lysine acetyltransferase CREBBP | Protein-lysine acetyltransferase CREBBP,2.0,,Q92793,1|2,Q92793-1|Q92793-2
CHEMBL5750,Homo sapiens,Q92993,Lysine acetyltransferase 5 | TIP60 | Protein crotonyltransferase KAT5 | Protein 2-hydroxyisobutyryltransferase KAT5 | HTATIP | Histone acetyltransferase KAT5 | Tip60 | HIV-1 Tat interactive protein | KAT5 | cPLA(2)-interacting protein | Histone acetyltransferase HTATIP | Protein acetyltransferase KAT5 | 60 kDa Tat-interactive protein,4.0,,Q92993,2|1|3|4,Q92993-1|Q92993-2|Q92993-3|Q92993-4
CHEMBL5774,Mus musculus,O35678,MAGL | MGL | Mgll | Monoglyceride lipase | Monoacylglycerol lipase,2.0,,O35678,1|2,O35678-1|O35678-2
CHEMBL5776,Homo sapiens,O43318,MAP3K7 | Mitogen-activated protein kinase kinase kinase 7 | TGF-beta-activated kinase 1 | TAK1 | Transforming growth factor-beta-activated kinase 1,4.0,,O43318,1B|1A|1C|1D,O43318-1|O43318-2|O43318-3|O43318-4
CHEMBL5786,Cavia porcellus,P19602,Tripeptide aminopeptidase LTA4H | Leukotriene A-4 hydrolase | LTA-4 hydrolase | Leukotriene A(4) hydrolase | LTA4H,1.0,,P19602,,
CHEMBL5812,Homo sapiens,P50570,Dynamin-2 | DNM2 | DYN2,5.0,,P50570,1|2|3|4|5,P50570-1|P50570-2|P50570-3|P50570-4|P50570-5
CHEMBL5815,Homo sapiens,P51686, | GPR-9-6 | CCR-9 | GPR28 | G-protein coupled receptor 28 | C-C CKR-9 | CC-CKR-9 | CCR9 | C-C chemokine receptor type 9,2.0,,P51686,1|2,P51686-1|P51686-2
CHEMBL5852,Homo sapiens,Q96P65,Pyroglutamylated RF-amide peptide receptor | Orexigenic neuropeptide QRFP receptor | AQ27 | G-protein coupled receptor 103 | GPR103 | QRFPR | SP9155,1.0,,Q96P65,,
CHEMBL5853,Homo sapiens,Q96PD7,Retinol O-fatty-acyltransferase | Acyl-CoA retinol O-fatty-acyltransferase | Diacylglycerol O-acyltransferase 2 | ARAT | Diglyceride acyltransferase 2 | DGAT2,2.0,,Q96PD7,1|2,Q96PD7-1|Q96PD7-2
CHEMBL5888,Homo sapiens,Q99558,NIK | NF-kappa-beta-inducing kinase | HsNIK | Serine/threonine-protein kinase NIK | MAP3K14 | Mitogen-activated protein kinase kinase kinase 14,1.0,,Q99558,,
CHEMBL5891,Homo sapiens,O60678,Protein arginine N-methyltransferase 3 | HRMT1L3 | Heterogeneous nuclear ribonucleoprotein methyltransferase-like protein 3 | PRMT3,2.0,,O60678,1|2,O60678-1|O60678-2
CHEMBL5896,Homo sapiens,O75164,JmjC domain-containing histone demethylation protein 3A | KDM4A | JMJD2 | JHDM3A | [histone H3]-trimethyl-L-lysine(36) demethylase 4A | JMJD2A | [histone H3]-trimethyl-L-lysine(9) demethylase 4A | Lysine-specific demethylase 4A | Jumonji domain-containing protein 2A | KIAA0677,2.0,,O75164,1|2,O75164-1|O75164-2
CHEMBL5925,Homo sapiens,P22413,Membrane component chromosome 6 surface marker 1 | PDNP1 | ENPP1 | PC1 | M6S1 | Plasma-cell membrane glycoprotein PC-1 | E-NPP 1 | NPPS | Ectonucleotide pyrophosphatase/phosphodiesterase family member 1 | Phosphodiesterase I/nucleotide pyrophosphatase 1,1.0,,P22413,,
CHEMBL5926,Trypanosoma cruzi,P22513,glycosomal | Glyceraldehyde-3-phosphate dehydrogenase | GAPDH,1.0,,P22513,,
CHEMBL5932,Homo sapiens,P53671,LIM domain kinase 2 | LIMK2 | LIMK-2,3.0,,P53671,LIMK2a|LIMK2b|3,P53671-1|P53671-2|P53671-3
CHEMBL5963,Homo sapiens,P55085,Proteinase-activated receptor 2 | GPR11 | Thrombin receptor-like 1 | PAR-2 | G-protein coupled receptor 11 | PAR2 | Coagulation factor II receptor-like 1 | F2RL1,1.0,,P55085,,
CHEMBL5971,Homo sapiens,Q99835,SMOH | SMO | Protein Gx | Protein smoothened,1.0,,Q99835,,
CHEMBL6006,Homo sapiens,O75385,hATG1 | ULK1 | ATG1 | Serine/threonine-protein kinase ULK1 | KIAA0722 | Autophagy-related protein 1 homolog | Unc-51-like kinase 1,1.0,,O75385,,
CHEMBL6007,Homo sapiens,O75762,Ankyrin-like with transmembrane domains protein 1 | Wasabi receptor | TRPA1 | Transient receptor potential cation channel subfamily A member 1 | p120 | ANKTM1 | Transformation-sensitive protein p120,1.0,,O75762,,
CHEMBL6009,Homo sapiens,O75907,Diglyceride acyltransferase | DGAT1 | Retinol O-fatty-acyltransferase | ACAT-related gene product 1 | Acyl-CoA retinol O-fatty-acyltransferase | Diacylglycerol O-acyltransferase 1 | AGRP1 | ARAT | DGAT,1.0,,O75907,,
CHEMBL6035,Rattus norvegicus,O89049,Txnrd1 | NADPH-dependent thioredoxin reductase | Trxr1 | Peroxidase TXNRD1 | Thioredoxin reductase TR1 | Thioredoxin reductase 1 | cytoplasmic | TR,1.0,Optimum pH is 7.5.,O89049,,
CHEMBL6080,Mus musculus,P56726,Smo | Smoh | Protein smoothened,1.0,,P56726,,
CHEMBL6094,Homo sapiens,P63000,Cell migration-inducing gene 5 protein | p21-Rac1 | RAC1 | TC25 | Ras-related C3 botulinum toxin substrate 1 | Ras-like protein TC25,2.0,,P63000,A|B,P63000-1|P15154-1|P63000-2|P15154-2
CHEMBL6126,Mus musculus,Q9EPK8,Trp12 | OTRPC4 | Vroac | Transient receptor potential protein 12 | Vanilloid receptor-like channel 2 | Vrl2 | Trpv4 | Vanilloid receptor-related osmotically-activated channel | TRP12 | Osm-9-like TRP channel 4 | VR-OAC | Transient receptor potential cation channel subfamily V member 4 | TrpV4 | Vanilloid receptor-like protein 2,1.0,,Q9EPK8,,
CHEMBL6129,Rattus norvegicus,Q9ERM3,Dgat1 | Retinol O-fatty-acyltransferase | Acyl-CoA retinol O-fatty-acyltransferase | Diacylglycerol O-acyltransferase 1 | Dgat | ARAT | Diglyceride acyltransferase,1.0,,Q9ERM3,,
CHEMBL6164,Homo sapiens,O95271,Poly [ADP-ribose] polymerase 5A | Tankyrase-1 | Poly [ADP-ribose] polymerase tankyrase-1 | PARPL | Tankyrase I | PARP5A | TANK1 | TNKS-1 | TIN1 | ADP-ribosyltransferase diphtheria toxin-like 5 | TNKS | TINF1 | TRF1-interacting ankyrin-related ADP-ribose polymerase | ARTD5 | TNKS1 | Protein poly-ADP-ribosyltransferase tankyrase-1,2.0,,O95271,1|2,O95271-1|O95271-2
CHEMBL6166,Homo sapiens,O95819,NIK | Mitogen-activated protein kinase kinase kinase kinase 4 | KIAA0687 | MAP4K4 | HGK | MEK kinase kinase 4 | MEKKK 4 | HPK/GCK-like kinase HGK | Nck-interacting kinase | MAPK/ERK kinase kinase kinase 4,6.0,,O95819,1|2|3|4|5|6,O95819-1|O95819-2|O95819-3|O95819-4|O95819-5|O95819-6
CHEMBL6168,Homo sapiens,O95870,ABHD16A | HLA-B-associated transcript 5 | G5 | NG26 | hBAT5 | Monoacylglycerol lipase ABHD16A | Protein G5 | Abhydrolase domain-containing protein 16A | Phosphatidylserine lipase ABHD16A | BAT5 | Alpha/beta hydrolase domain-containing protein 16A,2.0,Optimum pH is 7.2-8.0.,O95870,1|2,O95870-1|O95870-2
CHEMBL5619,Homo sapiens,P27695,APEX | REF-1 | APEN | Redox factor-1 | APE | AP endonuclease 1 | APE-1 | Apurinic-apyrimidinic endonuclease 1 | APEX nuclease | DNA-(apurinic or apyrimidinic site) endonuclease | HAP1 | APEX1 | REF1 | APX | APE1,1.0,,P27695,,
CHEMBL5620,Homo sapiens,P28062,Macropain subunit C13 | LMP7 | PSMB8 | Really interesting new gene 10 protein | Y2 | Proteasome subunit beta type-8 | Proteasome component C13 | Multicatalytic endopeptidase complex subunit C13 | Low molecular mass protein 7 | RING10 | PSMB5i | Proteasome subunit beta-5i,2.0,,P28062,1|2,P28062-1|P28062-2
CHEMBL5669,Rattus norvegicus,P80299,Ephx2 | Bifunctional epoxide hydrolase 2,1.0,,P80299,,
CHEMBL5672,Trypanosoma brucei,Q9GRG7,g6pd | Glucose-6-phosphate 1-dehydrogenase,1.0,,Q9GRG7,,
CHEMBL5697,Homo sapiens,Q9GZT9,C1orf12 | HIF-prolyl hydroxylase 2 | SM-20 | HIF-PH2 | EGLN1 | HPH-2 | PHD2 | Hypoxia-inducible factor prolyl hydroxylase 2 | Prolyl hydroxylase domain-containing protein 2 | Egl nine homolog 1,3.0,,Q9GZT9,1|2|3,Q9GZT9-1|Q9GZT9-2|Q9GZT9-3
CHEMBL5700,Homo sapiens,Q9H1C0,GPR93 | LPAR5 | LPA-5 | Lysophosphatidic acid receptor 5 | G-protein coupled receptor 93 | GPR92 | G-protein coupled receptor 92 | LPA receptor 5,1.0,,Q9H1C0,,
CHEMBL5704,Homo sapiens,Q9H5J4,ELOVL fatty acid elongase 6 | Fatty acid elongase 2 | 3-keto acyl-CoA synthase ELOVL6 | hELO2 | Fatty acyl-CoA elongase | ELOVL FA elongase 6 | LCE | Very long chain 3-oxoacyl-CoA synthase 6 | Very long chain 3-ketoacyl-CoA synthase 6 | Elongation of very long chain fatty acids protein 6 | Long-chain fatty-acyl elongase | FACE | ELOVL6,1.0,,Q9H5J4,,
CHEMBL5731,Homo sapiens,P00751,Glycine-rich beta glycoprotein | GBG | Properdin factor B | CFB | PBF2 | BF | Complement factor B | C3/C5 convertase | BFD,2.0,,P00751,1|2,P00751-1|P00751-2
CHEMBL5742,Homo sapiens,P30536,Peripheral-type benzodiazepine receptor | MBR | PBR | Translocator protein | Mitochondrial benzodiazepine receptor | BZRP | PKBS | TSPO,2.0,,P30536,1|2,P30536-1|B1AH88-1
CHEMBL5763,Equus caballus,P81908,Acylcholine acylhydrolase | Cholinesterase | Butyrylcholine esterase | EQ-BCHE | BCHE | Choline esterase II | Pseudocholinesterase,1.0,,P81908,,
CHEMBL5799,Macaca mulatta,Q9MYW9,OPRM1 | Mu-type opioid receptor | MOR1 | MOR-1 | M-OR-1,1.0,,Q9MYW9,,
CHEMBL5800,Plasmodium falciparum,Q9N6S8,,1.0,,Q9N6S8,,
CHEMBL5801,Plasmodium falciparum,Q9NBD4,,1.0,,Q9NBD4,,
CHEMBL5804,Homo sapiens,Q9NR96, | Toll-like receptor 9 | TLR9,5.0,,Q9NR96,1|2|3|4|5,Q9NR96-1|Q9NR96-2|Q9NR96-3|Q9NR96-4|Q9NR96-5
CHEMBL5805,Homo sapiens,Q9NR97, | Toll-like receptor 8 | TLR8,2.0,,Q9NR97,1|2,Q9NR97-1|Q9NR97-2
CHEMBL5862,Rattus norvegicus,P32301,Glp1r | GLP-1R | Glucagon-like peptide 1 receptor | GLP-1 receptor | Glpr | GLP-1-R,1.0,,P32301,,
CHEMBL5869,Homo sapiens,Q00613,Heat shock factor protein 1 | HSF1 | HSF 1 | HSTF1 | HSTF 1 | Heat shock transcription factor 1,2.0,,Q00613,Long|Short,Q00613-1|Q00613-2
CHEMBL5870,Homo sapiens,Q02224,Centromere protein E | CENPE | Kinesin-related protein CENPE | Centromere-associated protein E | CENP-E | Kinesin-7,2.0,,Q02224,1|3,Q02224-1|Q02224-3
CHEMBL5903,Homo sapiens,Q04771,Activin receptor type I | Activin receptor type-1 | Activin receptor-like kinase 2 | Serine/threonine-protein kinase receptor R1 | SKR1 | TGF-B superfamily receptor type I | ALK-2 | ACTR-I | ACVR1 | TSR-I | ACVRLK2,1.0,,Q04771,,
CHEMBL5905,Homo sapiens,Q04828,20-alpha-hydroxysteroid dehydrogenase | AKR1C1 | 20-alpha-HSD | HBAB | DDH | Chlordecone reductase homolog HAKRC | DDH1 | Dihydrodiol dehydrogenase 1 | High-affinity hepatic bile acid-binding protein | Aldo-keto reductase family 1 member C1 | DD1,1.0,,Q04828,,
CHEMBL5936,Homo sapiens,Q9NYK1,Toll-like receptor 7 | TLR7,1.0,,Q9NYK1,,
CHEMBL5938,Homo sapiens,Q9NYY3,Polo-like kinase 2 | hSNK | PLK2 | Serine/threonine-protein kinase SNK | Serum-inducible kinase | PLK-2 | hPlk2 | SNK | Serine/threonine-protein kinase PLK2,1.0,,Q9NYY3,,
CHEMBL5939,Homo sapiens,Q9NZ08,Aminopeptidase PILS | PILS-AP | A-LAP | Endoplasmic reticulum aminopeptidase 1 | ARTS1 | KIAA0525 | ERAP1 | Puromycin-insensitive leucyl-specific aminopeptidase | ARTS-1 | Type 1 tumor necrosis factor receptor shedding aminopeptidase regulator | APPILS | Adipocyte-derived leucine aminopeptidase,2.0,,Q9NZ08,1|2,Q9NZ08-1|Q9NZ08-2
CHEMBL5979,Homo sapiens,P05186,tissue-nonspecific isozyme | TNS-ALP | Phosphoamidase | AP-TNAP | ALPL | Alkaline phosphatase liver/bone/kidney isozyme | TNSALP | Phosphocreatine phosphatase | Alkaline phosphatase,3.0,,P05186,1|2|3,P05186-1|P05186-2|P05186-3
CHEMBL6052,Homo sapiens,P61586,ARH12 | Transforming protein RhoA | RHOA | Rho cDNA clone 12 | RHO12 | h12 | ARHA,1.0,,P61586,,
CHEMBL6095,Homo sapiens,Q9UBC3,DNMT3B | Dnmt3b | DNA MTase HsaIIIB | DNA methyltransferase HsaIIIB | M.HsaIIIB | DNA (cytosine-5)-methyltransferase 3B,8.0,,Q9UBC3,1|2|3|4|5|6|7|8,Q9UBC3-1|Q9UBC3-2|Q9UBC3-3|Q9UBC3-4|Q9UBC3-5|Q9UBC3-6|Q9UBC3-7|Q9UBC3-8
CHEMBL5645,Cavia porcellus,Q2NNR5,CYSLTR1 | CysLTR1 | LTD4 receptor | Cysteinyl leukotriene receptor 1 | Cysteinyl leukotriene D4 receptor,1.0,,Q2NNR5,,
CHEMBL6017,Alcaligenes sp. (strain DSM 11172) (Bordetella sp. (strain FB188)),Q70I53,hdaH | hdaH1 | Histone deacetylase-like amidohydrolase | HDAC-like amidohydrolase | HDAH,1.0,Optimum pH is 8.0.,Q70I53,,
CHEMBL6135,Influenza A virus,B4URF0,Neuraminidase | NA,1.0,,B4URF0,,
CHEMBL6136,Homo sapiens,O60341,KIAA0601 | LSD1 | KDM1 | BRAF35-HDAC complex protein BHC110 | Flavin-containing amine oxidase domain-containing protein 2 | [histone H3]-dimethyl-L-lysine(4) FAD-dependent demethylase 1A | KDM1A | AOF2 | Lysine-specific histone demethylase 1A,2.0,,O60341,1|2,O60341-1|O60341-2
CHEMBL6140,Rattus norvegicus,Q9QYJ6,"Pde10a | cAMP and cAMP-inhibited cGMP 3',5'-cyclic phosphodiesterase 10A",6.0,,Q9QYJ6,1|2|3|4|5|6,Q9QYJ6-1|Q9QYJ6-2|Q9QYJ6-3|Q9QYJ6-4|Q9QYJ6-5|Q9QYJ6-6
CHEMBL6141,Oryctolagus cuniculus,Q95214,ACAT,1.0,,Q95214,,
CHEMBL6142,Homo sapiens,Q9UKK3,KIAA0177 | PARPL | 193 kDa vault protein | PARP-4 | ADPRTL1 | PARP4 | ARTD4 | Poly [ADP-ribose] polymerase 4 | ADP-ribosyltransferase diphtheria toxin-like 4 | PH5P | Vault poly(ADP-ribose) polymerase | VPARP | PARP-related/IalphaI-related H5/proline-rich | Protein mono-ADP-ribosyltransferase PARP4,1.0,,Q9UKK3,,
CHEMBL6145,Cryptosporidium parvum,Q8T6T2,IMPD | IMP dehydrogenase | IMPDH | 56k.02 | Inosine-5'-monophosphate dehydrogenase,1.0,,Q8T6T2,,
CHEMBL6175,Homo sapiens,Q9H3R0,GASC-1 protein | GASC1 | JHDM3C | KIAA0780 | JmjC domain-containing histone demethylation protein 3C | Gene amplified in squamous cell carcinoma 1 protein | Jumonji domain-containing protein 2C | KDM4C | Lysine-specific demethylase 4C | [histone H3]-trimethyl-L-lysine(9) demethylase 4C | JMJD2C,4.0,,Q9H3R0,1|2|3|4,Q9H3R0-1|Q9H3R0-2|Q9H3R0-3|Q9H3R0-4
CHEMBL6184,Rattus norvegicus,Q63380,Transporter | NET,1.0,,Q63380,,
CHEMBL5636,Oryctolagus cuniculus,P29338,mRNA cap-binding protein | EIF4E | eIF-4E | Eukaryotic translation initiation factor 4E | eIF4E | eIF-4F 25 kDa subunit,1.0,,P29338,,
CHEMBL1075045,Bacillus anthracis,Q81VW8,Dihydropteroate pyrophosphorylase | folP | Dihydropteroate synthase | DHPS,1.0,,Q81VW8,,
CHEMBL5957,Homo sapiens,P21589, | NTE | Ecto-5'-nucleotidase | Thymidylate 5'-phosphatase | NT5E | 5'-deoxynucleotidase | 5'-NT | 5'-nucleotidase | NT5 | IMP-specific 5'-nucleotidase,2.0,,P21589,1|2,P21589-1|P21589-2
CHEMBL5983,Homo sapiens,O60218,Aldose reductase-like | SI reductase | Aldo-keto reductase family 1 member B10 | ARL-1 | AKR1B10 | AKR1B11 | Small intestine reductase | ARP | Aldose reductase-related protein | hARP,1.0,,O60218,,
CHEMBL6030,Homo sapiens,Q9NZJ5,Pancreatic eIF2-alpha kinase | PERK | PRKR-like endoplasmic reticulum kinase | Eukaryotic translation initiation factor 2-alpha kinase 3 | EIF2AK3 | PEK | HsPEK,1.0,,Q9NZJ5,,
CHEMBL6031,Homo sapiens,Q9H9B1,GLP1 | KIAA1876 | EUHMTASE1 | KMT1D | Eu-HMTase1 | GLP | Histone-lysine N-methyltransferase EHMT1 | Lysine N-methyltransferase 1D | G9a-like protein 1 | Histone H3-K9 methyltransferase 5 | H3-K9-HMTase 5 | EHMT1 | Euchromatic histone-lysine N-methyltransferase 1,4.0,,Q9H9B1,1|2|3|4,Q9H9B1-1|Q9H9B1-2|Q9H9B1-3|Q9H9B1-4
CHEMBL6032,Homo sapiens,Q96KQ7,KMT1C | G9A | H3-K9-HMTase 3 | Protein G9a | Lysine N-methyltransferase 1C | HLA-B-associated transcript 8 | Euchromatic histone-lysine N-methyltransferase 2 | Histone H3-K9 methyltransferase 3 | NG36 | BAT8 | Histone-lysine N-methyltransferase EHMT2 | EHMT2 | C6orf30,3.0,,Q96KQ7,1|2|3,Q96KQ7-1|Q96KQ7-2|Q96KQ7-3
CHEMBL5845,Homo sapiens,P23415,Glycine receptor strychnine-binding subunit | Glycine receptor subunit alpha-1 | GLRA1 | Glycine receptor 48 kDa subunit,2.0,,P23415,a|b,P23415-1|P23415-2
CHEMBL5871,Homo sapiens,P23416,GLRA2 | Glycine receptor subunit alpha-2,3.0,,P23416,Alpha-2*|Alpha-2B|3,P23416-1|P23416-2|P23416-3
CHEMBL5872,Homo sapiens,Q99527,Chemoattractant receptor-like 2 | G protein-coupled estrogen receptor 1 | Lymphocyte-derived G-protein coupled receptor | LYGPR | CEPR | GPER1 | GPCR-Br | G-protein coupled estrogen receptor 1 | G-protein coupled receptor 30 | mER | DRY12 | CMKRL2 | Membrane estrogen receptor | GPER | FEG-1 | IL8-related receptor DRY12 | Flow-induced endothelial G-protein coupled receptor 1 | GPR30,1.0,,Q99527,,
CHEMBL5873,Homo sapiens,P11168,Glucose transporter type 2 | GLUT2 | SLC2A2 | liver | Solute carrier family 2 | facilitated glucose transporter member 2 | GLUT-2,2.0,,P11168,1|2,P11168-1|P11168-2
CHEMBL5877,Homo sapiens,P07686,Hexosaminidase subunit B | N-acetyl-beta-glucosaminidase subunit beta | Cervical cancer proto-oncogene 7 protein | HCC-7 | Beta-N-acetylhexosaminidase subunit beta | Beta-hexosaminidase subunit beta | HEXB,1.0,Optimum pH is 4.,P07686,,
CHEMBL5879,Homo sapiens,O60760,HPGDS | GSTS | Glutathione-requiring prostaglandin D synthase | Glutathione-dependent PGD synthase | Prostaglandin-H2 D-isomerase | PTGDS2 | Glutathione S-transferase | GST class-sigma | PGDS | H-PGDS | Hematopoietic prostaglandin D synthase,1.0,,O60760,,
CHEMBL5921,Homo sapiens,O60502,MEA5 | Nuclear cytoplasmic O-GlcNAcase and acetyltransferase | NCOAT | MGEA5 | Beta-N-acetylglucosaminidase | Beta-hexosaminidase | Meningioma-expressed antigen 5 | KIAA0679 | Beta-N-acetylhexosaminidase | N-acetyl-beta-D-glucosaminidase | N-acetyl-beta-glucosaminidase | Protein O-GlcNAcase | HEXC | OGA,4.0,Optimum pH is 5.7-7.,O60502,1|2|3|4,O60502-1|O60502-2|O60502-3|O60502-4
CHEMBL5951,Homo sapiens,Q9GZQ6,Neuropeptide FF receptor 1 | G-protein coupled receptor 147 | GPR147 | NPFFR1 | RFamide-related peptide receptor OT7T022 | NPFF1,1.0,,Q9GZQ6,,
CHEMBL5952,Homo sapiens,Q9Y5X5,Neuropeptide FF receptor 2 | NPFFR2 | GPR74 | Neuropeptide G-protein coupled receptor | NPFF2 | NPGPR | G-protein coupled receptor HLWAR77 | G-protein coupled receptor 74,4.0,,Q9Y5X5,1|2|3|4,Q9Y5X5-1|Q9Y5X5-2|Q9Y5X5-3|Q9Y5X5-4
CHEMBL6120,Homo sapiens,Q96S37,Renal-specific transporter | Urate:anion antiporter SLC22A12 | Organic anion transporter 4-like protein | OATL4 | Urate anion exchanger 1 | RST | URAT1 | Solute carrier family 22 member 12 | SLC22A12,4.0,,Q96S37,1|2|3|4,Q96S37-1|Q96S37-2|Q96S37-3|Q96S37-4
CHEMBL6152,Homo sapiens,P37840,Non-A4 component of amyloid precursor | Non-A beta component of AD amyloid | NACP | Alpha-synuclein | PARK1 | SNCA,3.0,,P37840,1|2-4|2-5,P37840-1|P37840-2|P37840-3
CHEMBL6154,Homo sapiens,Q9H2K2,Poly [ADP-ribose] polymerase tankyrase-2 | ARTD6 | TNKS-2 | Tankyrase-like protein | Poly [ADP-ribose] polymerase 5B | TNKS2 | Tankyrase-related protein | ADP-ribosyltransferase diphtheria toxin-like 6 | Tankyrase-2 | PARP5B | TNKL | Protein poly-ADP-ribosyltransferase tankyrase-2 | TRF1-interacting ankyrin-related ADP-ribose polymerase 2 | TANK2 | Tankyrase II,1.0,,Q9H2K2,,
CHEMBL6158,Homo sapiens,P45974,Ubiquitin-specific-processing protease 5 | Ubiquitin thioesterase 5 | ISOT | Ubiquitin carboxyl-terminal hydrolase 5 | Deubiquitinating enzyme 5 | USP5 | Isopeptidase T,2.0,,P45974,Long|Short,P45974-1|P45974-2
CHEMBL1075263,Macaca fascicularis,P61814, | CMKBR5 | CCR5 | CC-CKR-5 | C-C chemokine receptor type 5 | CCR-5 | C-C CKR-5,1.0,,P61814,,
CHEMBL1075268,Mus musculus,Q9R1C8,5-hydroxytryptamine receptor 6 | Htr6 | Serotonin receptor 6 | 5-HT-6 | 5-HT6,1.0,,Q9R1C8,,
CHEMBL1075294,Mus musculus,P28776,"Ido1 | Indoleamine-pyrrole 2,3-dioxygenase | Indo | Indoleamine 2,3-dioxygenase 1 | Ido | IDO-1",1.0,,P28776,,
CHEMBL1075302,Mus musculus,Q923I7,Sodium/glucose cotransporter 2 | Slc5a2 | Low affinity sodium-glucose cotransporter | Solute carrier family 5 member 2 | Na(+)/glucose cotransporter 2 | Sglt2,1.0,,Q923I7,,
CHEMBL6060,Mycobacterium smegmatis,O86309,NAT | Arylamine N-acetyltransferase | nat,1.0,,O86309,,
CHEMBL6069,Mycobacterium tuberculosis,P9WIL5,Pantothenate synthetase | Pantoate-activating enzyme | PS | Pantoate--beta-alanine ligase | panC,1.0,,P9WIL5,,
CHEMBL1075201,Oryctolagus cuniculus,P00563,Creatine kinase M chain | Creatine phosphokinase M-type | CPK-M | CKM | Creatine kinase M-type | M-CK,1.0,,P00563,,
CHEMBL6198,Plasmodium vivax,O60989,PVC01_130047600,1.0,,O60989,,
CHEMBL1075226,Rattus norvegicus,P15387,Voltage-gated potassium channel subunit Kv2.1 | Delayed rectifier potassium channel 1 | Potassium voltage-gated channel subfamily B member 1 | Kcnb1 | DRK1,1.0,,P15387,,
CHEMBL1075228,Rattus norvegicus,P97639,SLC-1 | MCH-1R | MCHR | MCH-R1 | Gpr24 | MCH receptor 1 | Mchr1 | Slc1 | Melanin-concentrating hormone receptor 1 | MCH1R | Somatostatin receptor-like protein | MCHR-1 | G-protein coupled receptor 24,1.0,,P97639,,
CHEMBL1075029,Sus scrofa,Q4VQ11,Adenosine receptor A1,1.0,,Q4VQ11,,
CHEMBL1075126,Homo sapiens,P30613,R-type/L-type pyruvate kinase | Pyruvate kinase 1 | PKL | Pyruvate kinase PKLR | PKLR | PK1 | Pyruvate kinase isozymes L/R | Red cell/liver pyruvate kinase,2.0,,P30613,R-type|L-type,P30613-1|P30613-2
CHEMBL1075128,Vaccinia virus,Q49PX0,N1L | VACV_BRZ_SERRO2_026,1.0,,A0AAX7FDQ8,,
CHEMBL1075128,Vaccinia virus,Q49PX0,N1L | VACV_BRZ_SERRO2_026,1.0,,A4GD84,,
CHEMBL1075128,Vaccinia virus,Q49PX0,N1L | VACV_BRZ_SERRO2_026,1.0,,Q49PX0,,
CHEMBL1075128,Vaccinia virus,Q49PX0,N1L | VACV_BRZ_SERRO2_026,1.0,,Q49QQ3,,
CHEMBL1075323,Homo sapiens,P14625,TRA1 | Heat shock protein 90 kDa beta member 1 | GRP94 | Tumor rejection antigen 1 | 94 kDa glucose-regulated protein | Endoplasmin | HSP90B1 | gp96 homolog | GRP-94,1.0,,P14625,,
CHEMBL1075138,Homo sapiens,Q9NUW8,Tyrosyl-DNA phosphodiesterase 1 | TDP1 | Tyr-DNA phosphodiesterase 1,2.0,,Q9NUW8,1|2,Q9NUW8-1|Q9NUW8-2
CHEMBL1075145,Homo sapiens,P55072,HEL-S-70 | Transitional endoplasmic reticulum ATPase | Valosin-containing protein | TER ATPase | HEL-220 | 15S Mg(2+)-ATPase p97 subunit | VCP,1.0,,P55072,,
CHEMBL1075162,Homo sapiens,Q13304,Uracil nucleotide/cysteinyl leukotriene receptor | R12 | GPR17 | P2Y-like receptor | G-protein coupled receptor 17 | UDP/CysLT receptor,2.0,,Q13304,1|2,Q13304-1|Q13304-2
CHEMBL1075164,Rattus norvegicus,Q9WUL0,DNA topoisomerase I | DNA topoisomerase 1 | Top1,1.0,,Q9WUL0,,
CHEMBL1075165,Homo sapiens,Q8NEB9,hVps34 | PI3K type 3 | VPS34 | PtdIns-3-kinase type 3 | Phosphatidylinositol 3-kinase catalytic subunit type 3 | Phosphatidylinositol 3-kinase p100 subunit | Phosphoinositide-3-kinase class 3 | PIK3C3 | PI3-kinase type 3,1.0,,Q8NEB9,,
CHEMBL1075172,Rattus norvegicus,Q9JII9, | Interferon-inducible protein 10 receptor | CXCR-3 | CXC-R3 | C-X-C chemokine receptor type 3 | IP-10 receptor | Cxcr3,1.0,,Q9JII9,,
CHEMBL1075173,Homo sapiens,Q9H4A3,PRKWNK1 | Serine/threonine-protein kinase WNK1 | HSN2 | Protein kinase lysine-deficient 1 | Kinase deficient protein | Erythrocyte 65 kDa protein | KIAA0344 | Protein kinase with no lysine 1 | p65 | hWNK1 | KDP | WNK1,6.0,,Q9H4A3,1|2|3|4|5|6,Q9H4A3-1|Q9H4A3-2|Q9H4A3-4|Q9H4A3-5|Q9H4A3-6|Q9H4A3-7
CHEMBL1075174,Klebsiella pneumoniae,P0A3M1,shv5 | bla | Beta-lactamase SHV-5,1.0,,P0A3M1,,
CHEMBL1075189,Homo sapiens,P14618,Thyroid hormone-binding protein 1 | PK3 | Tyrosine-protein kinase PKM2 | CTHBP | PKM | p58 | PK2 | Threonine-protein kinase PKM2 | THBP1 | Tumor M2-PK | PKM2 | OIP-3 | Opa-interacting protein 3 | OIP3 | Pyruvate kinase PKM | Pyruvate kinase 2/3 | Cytosolic thyroid hormone-binding protein | Pyruvate kinase muscle isozyme,3.0,"Optimum pH for T3 binding is 6.0-6.5. Increase in pH causes T3 binding to drop, does not bind T3 above pH 9.0 or below pH 5.0.",P14618,M2|M1|3,P14618-1|P14618-2|P14786-1|P14618-3
CHEMBL1075097,Homo sapiens,P05089,Arginase-1 | Liver-type arginase | Type I arginase | ARG1,3.0,,P05089,1|2|3,P05089-1|P05089-2|P05089-3
CHEMBL1075104,Homo sapiens,Q5S007,Leucine-rich repeat serine/threonine-protein kinase 2 | LRRK2 | Dardarin | PARK8,1.0,,Q5S007,,
CHEMBL1075108,Rattus norvegicus,Q63633,Solute carrier family 12 member 5 | K-Cl cotransporter 2 | rKCC2 | Neuronal K-Cl cotransporter | Furosemide-sensitive K-Cl cotransporter | Kcc2 | Electroneutral potassium-chloride cotransporter 2 | Slc12a5,2.0,,Q63633,1|2,Q63633-1|Q63633-2
CHEMBL1075317,Homo sapiens,P61964,WDR5 | WD repeat-containing protein 5 | BIG3 | BMP2-induced 3-kb gene protein,1.0,,P61964,,
CHEMBL1075319,Homo sapiens,Q7Z2W7,Transient receptor potential cation channel subfamily M member 8 | LTRPC6 | Long transient receptor potential channel 6 | Transient receptor potential p8 | TRPP8 | Trp-p8 | LTrpC6 | LTrpC-6 | TRPM8,4.0,,Q7Z2W7,1|2|3|4,Q7Z2W7-1|Q7Z2W7-2|Q7Z2W7-3|Q7Z2W7-4
CHEMBL1075320,Bacillus anthracis,C3L5T6,Nicotinate mononucleotide adenylyltransferase | NaMN adenylyltransferase | Deamido-NAD(+) diphosphorylase | Probable nicotinate-nucleotide adenylyltransferase | Deamido-NAD(+) pyrophosphorylase | nadD,1.0,,C3L5T6,,
CHEMBL1163101,Homo sapiens,O75460,IRE1a | Ire1-alpha | Serine/threonine-protein kinase/endoribonuclease IRE1 | Inositol-requiring protein 1 | hIRE1p | Endoplasmic reticulum-to-nucleus signaling 1 | IRE1 | ERN1,2.0,,O75460,1|2,O75460-1|O75460-2
CHEMBL1163109,Candida albicans,P43071,Multidrug resistance protein CDR1 | CDR1,1.0,,P43071,,
CHEMBL1163111,Mus musculus,P04401,Eosinophil differentiation factor | Il-5 | Cytotoxic T-lymphocyte inducer | B-cell growth factor II | T-cell replacing factor | IL-5 | BCGF-II | TRF | Interleukin-5 | Il5,1.0,,P04401,1|2,P04401-1|P04401-2
CHEMBL1163125,Homo sapiens,O60885,Bromodomain-containing protein 4 | Protein HUNK1 | BRD4 | HUNK1,3.0,,O60885,A|C|B,O60885-1|O60885-2|O60885-3
CHEMBL1163130,Trypanosoma cruzi,Q27793,DHFR-TS | Bifunctional dihydrofolate reductase-thymidylate synthase,1.0,,Q27793,,
CHEMBL1169596,Homo sapiens,P10398,ARAF | ARAF1 | Proto-oncogene A-Raf | Serine/threonine-protein kinase A-Raf | PKS2 | PKS | Proto-oncogene A-Raf-1 | Proto-oncogene Pks,2.0,,P10398,1|2,P10398-1|P10398-2
CHEMBL1169598,Influenza A virus (A/Puerto Rico/8/1934(H1N1)),P03433,RNA-directed RNA polymerase subunit P2 | PA | Polymerase acidic protein,2.0,,P03433,PA|PA-X,P03433-1|P0CK64-1
CHEMBL1250378,Homo sapiens,Q15393,SAP 130 | SF3B3 | Splicing factor 3B subunit 3 | Spliceosome-associated protein 130 | Pre-mRNA-splicing factor SF3b 130 kDa subunit | KIAA0017 | SF3b130 | STAF130 | SAP130,3.0,,Q15393,1|2|3,Q15393-1|Q15393-2|Q15393-3
CHEMBL1250379,Homo sapiens,Q15717,Hu-antigen R | HUR | ELAV-like protein 1 | HuR | ELAVL1,2.0,,Q15717,1|2,Q15717-1|Q15717-2
CHEMBL1250402,Homo sapiens,O94759,LTrpC2 | LTrpC-2 | TRPC7 | KNP3 | Long transient receptor potential channel 2 | Transient receptor potential channel 7 | Estrogen-responsive element-associated gene 1 protein | TrpC7 | LTRPC2 | Transient receptor potential cation channel subfamily M member 2 | TRPM2 | EREG1 | Transient receptor potential melastatin 2,3.0,,O94759,1|2|3,O94759-1|O94759-2|O94759-3
CHEMBL1255126,Homo sapiens,O15151,Protein Mdm4 | MDM4 | Mdm2-like p53-binding protein | MDMX | Protein Mdmx | Double minute 4 protein | p53-binding protein Mdm4,5.0,,O15151,1|2|3|HDMX211|5,O15151-1|O15151-2|O15151-3|O15151-4|O15151-5
CHEMBL1255149,Mus musculus,Q7TMR0,Lysosomal Pro-X carboxypeptidase | Prcp | PRCP | Prolylcarboxypeptidase | Proline carboxypeptidase,2.0,,Q7TMR0,1|2,Q7TMR0-1|Q7TMR0-2
CHEMBL1255163,Homo sapiens,Q9H237,PPN | MG61 | Protein MG61 | PORC | PORCN | Protein-serine O-palmitoleoyltransferase porcupine,5.0,,Q9H237,1|2|3|4|5,Q9H237-1|Q9H237-2|Q9H237-3|Q9H237-4|Q9H237-5
CHEMBL1275214,Mycobacterium tuberculosis,P9WNP5,"DHNA-CoA synthase | 1,4-dihydroxy-2-naphthoyl-CoA synthase | menB",1.0,,P9WNP5,,
CHEMBL1275221,Homo sapiens,Q96LA8,PRMT6 | Heterogeneous nuclear ribonucleoprotein methyltransferase-like protein 6 | Histone-arginine N-methyltransferase PRMT6 | Protein arginine N-methyltransferase 6 | HRMT1L6,2.0,,Q96LA8,1|2,Q96LA8-1|Q96LA8-2
CHEMBL1275212,Homo sapiens,P50053,Ketohexokinase | Hepatic fructokinase | KHK,2.0,,P50053,C|A,P50053-1|P50053-2
CHEMBL1287623,Homo sapiens,Q96JM7,H-l(3)mbt-like protein 3 | L(3)mbt-like protein 3 | L3MBTL3 | MBT-1 | MBT1 | KIAA1798 | Lethal(3)malignant brain tumor-like protein 3 | L3mbt-like 3,2.0,,Q96JM7,1|2,Q96JM7-1|Q96JM7-2
CHEMBL1287627,Homo sapiens,P04839,Superoxide-generating NADPH oxidase heavy chain subunit | Neutrophil cytochrome b 91 kDa polypeptide | gp91-phox | gp91-1 | Cytochrome b558 subunit beta | NADPH oxidase 2 | Cytochrome b-245 heavy chain | CYBB | p22 phagocyte B-cytochrome | Heme-binding membrane glycoprotein gp91phox | CGD91-phox | Cytochrome b(558) subunit beta | NOX2,1.0,,P04839,,
CHEMBL1293204,Rattus norvegicus,O55193, | CCR-2 | C-C chemokine receptor type 2 | Cmkbr2 | Ccr2 | C-C CKR-2 | CC-CKR-2 | CCR2,1.0,,O55193,,
CHEMBL1293224,Homo sapiens,P10636,Paired helical filament-tau | PHF-tau | Neurofibrillary tangle protein | MAPTL | TAU | MAPT | MTBT1 | Microtubule-associated protein tau,9.0,,P10636,PNS-tau|Fetal-tau|Tau-A|Tau-B|Tau-C|Tau-D|Tau-E|Tau-F|Tau-G,P10636-1|P10636-2|P10636-3|P10636-4|P10636-5|P10636-6|P10636-7|P10636-8|P10636-9
CHEMBL1293226,Homo sapiens,B2RXH2,Lysine-specific demethylase 4E | KDM4DL | Lysine-specific demethylase 4D-like | KDM4E | KDM4D-like protein | [histone H3]-trimethyl-L-lysine(9) demethylase 4E,1.0,,B2RXH2,,
CHEMBL1293237,Homo sapiens,P54132,BLM | DNA helicase | RecQ-like type 2 | RecQ-like DNA helicase BLM | RecQ2 | RECQ2 | RecQ protein-like 3 | Bloom syndrome protein | RECQL3,1.0,,P54132,,
CHEMBL1293255,Homo sapiens,P15428,Short chain dehydrogenase/reductase family 36C member 1 | HPGD | PGDH1 | 15-PGDH | Eicosanoid/docosanoid dehydrogenase [NAD(+)] | Prostaglandin dehydrogenase 1 | 15-hydroxyprostaglandin dehydrogenase [NAD(+)] | SDR36C1,5.0,,P15428,1|2|3|4|5,P15428-1|P15428-2|P15428-3|P15428-4|P15428-5
CHEMBL1293267,Homo sapiens,Q9HC97,KYNA receptor | Kynurenic acid receptor | GPR35 | G-protein coupled receptor 35,2.0,,Q9HC97,1|2,Q9HC97-1|Q9HC97-2
CHEMBL1293269,Hepatitis C virus,A3EZJ3,NS3 | Genome polyprotein,1.0,,A3EZJ3,,
CHEMBL1293287,Homo sapiens,P14735,Insulinase | Abeta-degrading protease | Insulin protease | Insulin-degrading enzyme | IDE | Insulysin,2.0,,P14735,1|2,P14735-1|P14735-2
CHEMBL1293289,Homo sapiens,P25440,KIAA9001 | Bromodomain-containing protein 2 | Really interesting new gene 3 protein | BRD2 | O27.1.1 | RING3,4.0,,P25440,1|2|3|4,P25440-1|P25440-2|P25440-3|P25440-4
CHEMBL1293292,Homo sapiens,P48048,ATP-regulated potassium channel ROM-K | KCNJ1 | Potassium channel | Inward rectifier K(+) channel Kir1.1 | ROMK1 | ATP-sensitive inward rectifier potassium channel 1 | inwardly rectifying subfamily J member 1,3.0,,P48048,1|2|3,P48048-1|P48048-2|P48048-3
CHEMBL1293293,Homo sapiens,P48145,GPR7 | NPBWR1 | G-protein coupled receptor 7 | Neuropeptides B/W receptor type 1,1.0,,P48145,,
CHEMBL1293320,Homo sapiens,Q9Y570,PPME1 | Protein phosphatase methylesterase 1 | PME1 | PME-1,4.0,,Q9Y570,1|2|3|4,Q9Y570-1|Q9Y570-2|Q9Y570-3|Q9Y570-4
CHEMBL1613743,Homo sapiens,P14598,SH3 and PX domain-containing protein 1A | 47 kDa autosomal chronic granulomatous disease protein | NCF-47K | Nox organizer 2 | NOXO2 | Neutrophil cytosol factor 1 | p47-phox | NCF1 | SH3PXD1A | Nox-organizing protein 2 | 47 kDa neutrophil oxidase factor | NCF-1 | Neutrophil NADPH oxidase factor 1,2.0,,P14598,1|2,P14598-1|P14598-2
CHEMBL1615384,Homo sapiens,Q9H2X9,Solute carrier family 12 member 5 | K-Cl cotransporter 2 | SLC12A5 | hKCC2 | Neuronal K-Cl cotransporter | KCC2 | Electroneutral potassium-chloride cotransporter 2 | KIAA1176,2.0,,Q9H2X9,1|2,Q9H2X9-1|Q9H2X9-2
CHEMBL1628461,Homo sapiens,Q8TDS5,G-protein coupled receptor R527 | TG1019 | G-protein coupled receptor TG1019 | G-protein coupled receptor 170 | Oxoeicosanoid receptor 1 | OXER1 | GPR170 | 5-oxo-ETE G-protein coupled receptor,1.0,,Q8TDS5,,
CHEMBL1628477,Homo sapiens,P78348,Acid-sensing ion channel 1 | ACCN2 | Amiloride-sensitive cation channel 2 | ASIC1 | BNaC2 | BNAC2 | Brain sodium channel 2 | neuronal,3.0,,P78348,2|1|3,P78348-2|P78348-1|P78348-3
CHEMBL1628481,Homo sapiens,P35414,APJ | G-protein coupled receptor APJ | G-protein coupled receptor HG11 | APLNR | Apelin receptor | Angiotensin receptor-like 1 | AGTRL1,1.0,,P35414,,
CHEMBL1641346,Mycobacterium smegmatis,Q5TIX5,F-ATPase subunit c | F-type ATPase subunit c | atpE | ATP synthase subunit c | ATP synthase F(0) sector subunit c | Lipid-binding protein,1.0,,Q5TIX5,,
CHEMBL1649052,Homo sapiens,P13500,Small-inducible cytokine A2 | MCP1 | SCYA2 | CCL2 | C-C motif chemokine 2 | Monocyte secretory protein JE | Monocyte chemoattractant protein 1 | MCAF | HC11 | MCP-1 | Monocyte chemotactic protein 1 | Monocyte chemotactic and activating factor,1.0,,P13500,,
CHEMBL1667683,Influenza A virus,Q6Q793,Neuraminidase | NA,1.0,,Q6Q793,,
CHEMBL1667685,Influenza A virus,Q2LFS1,Neuraminidase | NA,1.0,,Q2LFS1,,
CHEMBL1667686,Influenza A virus,C4LRQ6,Neuraminidase | NA,1.0,,C4LRQ6,,
CHEMBL1667695,Klebsiella pneumoniae,C7C422,blaNDM-1 | Beta-lactamase type II | Metallo-beta-lactamase NDM-1 | Metallo-beta-lactamase type 2 | Metallo-beta-lactamase type II | NDM-1 | New Delhi metallo-beta-lactamase-1 | B2 metallo-beta-lactamase,1.0,,C7C422,,
CHEMBL1671609,Homo sapiens,Q96HE7,ERO1-L | ERO1L | ERO1-L-alpha | Oxidoreductin-1-L-alpha | Endoplasmic oxidoreductin-1-like protein | ERO1A | Endoplasmic reticulum oxidoreductase alpha | ERO1-like protein alpha,1.0,,Q96HE7,,
CHEMBL1671612,Homo sapiens,P14927,Cytochrome b-c1 complex subunit 7 | UQBP | QP-C | Complex III subunit 7 | Ubiquinol-cytochrome c reductase complex 14 kDa protein | Complex III subunit VII | UQCRB,2.0,,P14927,1|2,P14927-1|P14927-2
CHEMBL1681620,Staphylococcus aureus,P0A017,folA | DHFR | Dihydrofolate reductase,1.0,,P0A017,,
CHEMBL1687677,Sus scrofa,P00591,Pancreatic triacylglycerol lipase | PNLIP | Pancreatic lipase | PTL | PL,1.0,,P00591,,
CHEMBL1697657,Homo sapiens,Q08752,Peptidyl-prolyl cis-trans isomerase D | CYP-40 | Cyclophilin-related protein | Rotamase D | 40 kDa peptidyl-prolyl cis-trans isomerase | CYP40 | PPIase D | Cyclophilin-40 | PPID | CYPD,1.0,,Q08752,,
CHEMBL1697671,Homo sapiens,P49763,Placenta growth factor | PLGF | PGFL | PGF | PlGF,4.0,,P49763,PlGF-3|PlGF-1|PlGF-2|PlGF-4,P49763-1|P49763-2|P49763-3|P49763-4
CHEMBL1741179,Homo sapiens,P31941,DNA dC->dU-editing enzyme APOBEC-3A | APOBEC3A | A3A | Phorbolin-1,2.0,,P31941,1|2,P31941-1|P31941-2
CHEMBL1741186,Homo sapiens,P51449,RORG | Nuclear receptor ROR-gamma | NR1F3 | RORC | RAR-related orphan receptor C | Retinoid-related orphan receptor-gamma | Nuclear receptor RZR-gamma | RZRG | Nuclear receptor subfamily 1 group F member 3,2.0,,P51449,1|2,P51449-1|P51449-2
CHEMBL1741203,Mus musculus,Q61009,SR-BI | SRB1 | Scavenger receptor class B member 1 | Scarb1 | Srb1,2.0,,Q61009,1|2,Q61009-1|Q61009-2
CHEMBL1741208,Homo sapiens,Q96P20,CIAS1 | CLR1.1 | Cryopyrin | NALP3 | PYPAF1 | Caterpiller protein 1.1 | Angiotensin/vasopressin receptor AII/AVP-like | Cold-induced autoinflammatory syndrome 1 protein | NACHT | PYRIN-containing APAF1-like protein 1 | LRR and PYD domains-containing protein 3 | C1orf7 | NLRP3,6.0,,Q96P20,2|1|3|4|5|6,Q96P20-1|Q96P20-2|Q96P20-3|Q96P20-4|Q96P20-5|Q96P20-6
CHEMBL1741217,Homo sapiens,Q9HC16,APOBEC-related protein 9 | DNA dC->dU-editing enzyme APOBEC-3G | Deoxycytidine deaminase | APOBEC-related protein | CEM-15 | ARCD | CEM15 | ARP-9 | A3G | APOBEC3G | APOBEC-related cytidine deaminase,2.0,,Q9HC16,1|3,Q9HC16-1|Q9HC16-3
CHEMBL1741219,Mus musculus,Q9QUQ5,Capacitative calcium entry channel Trp4 | TrpC4 | Trrp4 | Receptor-activated cation channel TRP4 | Trpc4 | Short transient receptor potential channel 4,2.0,,Q9QUQ5,Alpha|Beta,Q9QUQ5-1|Q9QUQ5-2
CHEMBL1741220,Homo sapiens,Q9UIF8,KIAA1476 | Bromodomain adjacent to zinc finger domain protein 2B | hWALp4 | BAZ2B,5.0,,Q9UIF8,1|2|3|4|5,Q9UIF8-1|Q9UIF8-2|Q9UIF8-3|Q9UIF8-4|Q9UIF8-5
CHEMBL1741221,Homo sapiens,Q9Y4P1,APG4B | Autophagy-related protein 4 homolog B | Cysteine protease ATG4B | AUTL1 | Autophagy-related cysteine endopeptidase 1 | ATG4B | HsAPG4B | AUT-like 1 cysteine endopeptidase | KIAA0943 | Autophagin-1 | hAPG4B,5.0,,Q9Y4P1,1|2|3|4|6,Q9Y4P1-1|Q9Y4P1-2|Q9Y4P1-3|Q9Y4P1-4|Q9Y4P1-6
CHEMBL1743126,Homo sapiens,Q96FL8,SLC47A1 | MATE1 | Solute carrier family 47 member 1 | MATE-1 | hMATE-1 | Multidrug and toxin extrusion protein 1,3.0,Optimum pH is 8.0 for agmatine uptake (PubMed:21128598). Optimum pH is 8.5. Active from pH 6 to 8.5.,Q96FL8,1|2|3,Q96FL8-1|Q96FL8-2|Q96FL8-3
CHEMBL1743183,Homo sapiens,Q16873,Leukotriene-C4 synthase | Glutathione S-transferase LTC4 | Leukotriene-C(4) synthase | Leukotriene C4 synthase | LTC4S | LTC4 synthase,1.0,Optimum pH is 8.,Q16873,,
CHEMBL1744525,Homo sapiens,P43490,Pre-B cell-enhancing factor | Pre-B-cell colony-enhancing factor 1 | Visfatin | NAMPT | PBEF | PBEF1 | NAmPRTase | Nampt | Nicotinamide phosphoribosyltransferase,1.0,,P43490,,
CHEMBL1770046,Mus musculus,Q9ESG6,Gpr105 | P2Y14 | G-protein coupled receptor 105 | UDP-glucose receptor | P2Y purinoceptor 14 | P2ry14,1.0,,Q9ESG6,,
CHEMBL1772927,Homo sapiens,P34896,Glycine hydroxymethyltransferase | SHMT | SHMT1 | Serine methylase | cytosolic | Serine hydroxymethyltransferase,4.0,,P34896,1|2|3|4,P34896-1|P34896-2|P34896-3|P34896-4
CHEMBL1781865,Homo sapiens,P11021,78 kDa glucose-regulated protein | HSPA5 | Endoplasmic reticulum chaperone BiP | Immunoglobulin heavy chain-binding protein | GRP-78 | Heat shock protein 70 family protein 5 | BiP | Heat shock protein family A member 5 | Binding-immunoglobulin protein | HSP70 family protein 5 | GRP78,1.0,,P11021,,
CHEMBL1795101,Escherichia coli,Q9JN24,Peptide deformylase | Polypeptide deformylase | PDF | def,1.0,,Q9JN24,,
CHEMBL1795116,Homo sapiens,O14744,SKB1 homolog | JBP1 | Protein arginine N-methyltransferase 5 | SKB1 | PRMT5 | HRMT1L5 | 72 kDa ICln-binding protein | Shk1 kinase-binding protein 1 homolog | Jak-binding protein 1 | Histone-arginine N-methyltransferase PRMT5 | SKB1Hs | IBP72,5.0,,O14744,1|2|4|5|3,O14744-1|O14744-2|O14744-4|O14744-5|O14744-3
CHEMBL1795117,Homo sapiens,Q8TEK3,Histone H3-K79 methyltransferase | Lysine N-methyltransferase 4 | H3 lysine-79 specific | DOT1-like protein | H3-K79-HMTase | KMT4 | Histone-lysine N-methyltransferase | KIAA1814 | DOT1L,2.0,,Q8TEK3,1|2,Q8TEK3-2|Q8TEK3-1
CHEMBL1795126,Mus musculus,Q8CA95,"Pde10a | cAMP and cAMP-inhibited cGMP 3',5'-cyclic phosphodiesterase 10A",4.0,,Q8CA95,1|2|3|4,Q8CA95-1|Q8CA95-2|Q8CA95-3|Q8CA95-4
CHEMBL1795136,Gallus gallus,P12276,Fatty acid synthase | FAS | FASN,2.0,,P12276,2|1,P12276-1|P12276-2
CHEMBL1795139,Homo sapiens,Q8IU80,Transmembrane protease serine 6 | Matriptase-2 | TMPRSS6,4.0,,Q8IU80,1|2|3|4,Q8IU80-4|Q8IU80-1|Q8IU80-2|Q8IU80-5
CHEMBL1795143,Homo sapiens,Q86W56,Poly(ADP-ribose) glycohydrolase | PARG,5.0,,Q86W56,1|2|3|4|5,Q86W56-1|Q86W56-2|Q86W56-3|Q86W56-4|Q86W56-5
CHEMBL1795167,Mus musculus,Q9QUK6, | Tlr4 | Lps | Toll-like receptor 4,1.0,,Q9QUK6,,
CHEMBL1795176,Homo sapiens,Q9NQR1,KMT5A | Histone-lysine N-methyltransferase KMT5A | SETD8 | N-lysine methyltransferase KMT5A | SET domain-containing protein 8 | H4-K20-HMTase KMT5A | SET8 | Lysine-specific methylase 5A | PR/SET domain-containing protein 07 | PRSET7 | Lysine N-methyltransferase 5A | SET07 | PR/SET07 | PR-Set7,2.0,,Q9NQR1,1|2,Q9NQR1-1|Q9NQR1-2
CHEMBL1795185,Homo sapiens,Q58F21,Cancer/testis antigen 9 | CT9 | Bromodomain testis-specific protein | BRDT | RING3-like protein,5.0,,Q58F21,1|2|3|4|5,Q58F21-1|Q58F21-2|Q58F21-3|Q58F21-4|Q58F21-5
CHEMBL1795186,Homo sapiens,Q15059,RING3L | BRD3 | Bromodomain-containing protein 3 | RING3-like protein | KIAA0043,2.0,,Q15059,1|2,Q15059-1|Q15059-2
CHEMBL1795188,Homo sapiens,Q96NT5,HsPCFT | Heme carrier protein 1 | Solute carrier family 46 member 1 | HCP1 | Proton-coupled folate transporter | PCFT | SLC46A1 | hPCFT | PCFT/HCP1 | G21,2.0,Optimum pH is 4.0-5.5. Activity decreases above pH 5.5 and reaches negligible levels at neutral pH and above.,Q96NT5,1|2,Q96NT5-1|Q96NT5-2
CHEMBL1795194,Homo sapiens,P48426,PIP5KIII | PIP4K2A | PIP4KII-alpha | PtdIns(4)P-5-kinase B isoform | Phosphatidylinositol 5-Phosphate 4-Kinase | PI5P4KA | PI5P4Kalpha | PtdIns(4)P-5-kinase C isoform | Phosphatidylinositol 5-phosphate 4-kinase type-2 alpha | Phosphatidylinositol 5-phosphate 4-kinase type II alpha | PIP5K2 | PIP5K2A | Diphosphoinositide kinase 2-alpha | PtdIns(5)P-4-kinase isoform 2-alpha | PI(5)P 4-kinase type II alpha | 1-phosphatidylinositol 5-phosphate 4-kinase 2-alpha,2.0,,P48426,1|2,P48426-1|P48426-2
CHEMBL1795199,Homo sapiens,Q9Y572,Receptor-interacting protein 3 | RIP-like protein kinase 3 | RIPK3 | Receptor-interacting serine/threonine-protein kinase 3 | RIP3 | RIP-3,3.0,,Q9Y572,1|2|3,Q9Y572-1|Q9Y572-2|Q9Y572-3
CHEMBL1908389,Homo sapiens,Q12852,MAPK-upstream kinase | DLK | MAP3K12 | Mitogen-activated protein kinase kinase kinase 12 | MUK | ZPK | Leucine-zipper protein kinase | Dual leucine zipper bearing kinase | Mixed lineage kinase,2.0,,Q12852,1|2,Q12852-1|Q12852-2
CHEMBL1909484,Homo sapiens,Q9P0U3,SENP1 | Sentrin/SUMO-specific protease SENP1 | Sentrin-specific protease 1,2.0,,Q9P0U3,1|2,Q9P0U3-1|Q9P0U3-2
CHEMBL1914272,Homo sapiens,Q8WTV0, | CD36 and LIMPII analogous 1 | CLA-1 | SR-BI | CD36 antigen-like 1 | SRB1 | CD36L1 | Collagen type I receptor | thrombospondin receptor-like 1 | SCARB1 | CLA1 | Scavenger receptor class B member 1,5.0,,Q8WTV0,3|1|2|4|5,Q8WTV0-1|Q8WTV0-2|Q8WTV0-3|Q8WTV0-4|Q8WTV0-5
CHEMBL1921661,Rattus norvegicus,P20291,Flap | Arachidonate 5-lipoxygenase-activating protein | MK-886-binding protein | FLAP | Alox5ap,1.0,,P20291,,
CHEMBL1926488,Homo sapiens,P50336,PPO | Protoporphyrinogen oxidase | PPOX,1.0,,P50336,,
CHEMBL1932895,Homo sapiens,P49281,DMT-1 | Solute carrier family 11 member 2 | DMT1 | Divalent metal transporter 1 | Natural resistance-associated macrophage protein 2 | NRAMP2 | NRAMP 2 | SLC11A2 | Divalent cation transporter 1 | DCT1,5.0,Optimum pH is 5.5-6.5 for Fe(2+) uptake.,P49281,2|1|3|4|5,P49281-1|P49281-2|P49281-3|P49281-4|P49281-5
CHEMBL1932912,Homo sapiens,Q9H7Z6,MYST-1 | hMOF | SAS2 and TIP60 protein 1 | Histone acetyltransferase KAT8 | MOZ | MYST1 | MOF | KAT8 | Lysine acetyltransferase 8 | YBF2/SAS3,2.0,,Q9H7Z6,1|2,Q9H7Z6-1|Q9H7Z6-2
CHEMBL1938210,Homo sapiens,Q9Y2K7,FBL7 | FBXL11 | KIAA1004 | F-box and leucine-rich repeat protein 11 | JmjC domain-containing histone demethylation protein 1A | CXXC-type zinc finger protein 8 | JHDM1A | FBL11 | F-box/LRR-repeat protein 11 | Lysine-specific demethylase 2A | F-box protein Lilina | [Histone-H3]-lysine-36 demethylase 1A | KDM2A | CXXC8 | F-box protein FBL7,5.0,,Q9Y2K7,1|2|4|5|3,Q9Y2K7-1|Q9Y2K7-2|Q9Y2K7-4|Q9Y2K7-5|Q9Y2K7-3
CHEMBL1938219,Mus musculus,P49681,Gpr7 | G-protein coupled receptor 7 | Npbwr1 | Neuropeptides B/W receptor type 1,1.0,,P49681,,
CHEMBL1944495,Homo sapiens,P28065,Proteasome chain 7 | LMP2 | Really interesting new gene 12 protein | RING12 | Macropain chain 7 | Proteasome subunit beta-1i | Low molecular mass protein 2 | Multicatalytic endopeptidase complex chain 7 | Proteasome subunit beta type-9 | PSMB6i | PSMB9,2.0,,P28065,LMP2.L|LMP2.S,P28065-1|P28065-2
CHEMBL1944501,Leishmania infantum,A4HSF7,"Trypanothione reductase | N(1),N(8)-bis(glutathionyl)spermidine reductase | TRYR",1.0,,A4HSF7,,
CHEMBL1949483,Leishmania major,Q4Q5S8,Glycylpeptide N-tetradecanoyltransferase | NMT,1.0,,Q4Q5S8,,
CHEMBL2007625,Homo sapiens,O75874,NADP(+)-specific ICDH | IDPc | Isocitrate dehydrogenase [NADP] cytoplasmic | IDH1 | IDH | Cytosolic NADP-isocitrate dehydrogenase | PICD | Oxalosuccinate decarboxylase,1.0,,O75874,,
CHEMBL2007628,Homo sapiens,P54829,Tyrosine-protein phosphatase non-receptor type 5 | STEP | Neural-specific protein-tyrosine phosphatase | Striatum-enriched protein-tyrosine phosphatase | PTPN5,3.0,,P54829,1|2|3,P54829-1|P54829-2|P54829-3
CHEMBL2007629,Homo sapiens,O00487,26S proteasome-associated PAD1 homolog 1 | POH1 | 26S proteasome non-ATPase regulatory subunit 14 | 26S proteasome regulatory subunit RPN11 | PSMD14,1.0,,O00487,,
CHEMBL2010631,Homo sapiens,P25106,ACKR3 | Atypical chemokine receptor 3 | G-protein coupled receptor 159 | CXCR7 | CXC-R7 | GPR159 | CMKOR1 | CXCR-7 | G-protein coupled receptor RDC1 homolog | Chemokine orphan receptor 1 | C-X-C chemokine receptor type 7 | RDC1 | RDC-1,1.0,,P25106,,
CHEMBL2010636,Trypanosoma brucei,Q8WQX9,PDEB1 | Phosphodiesterase,1.0,,Q8WQX9,,
CHEMBL2016431,Homo sapiens,Q13564,NAE1 | APPBP1 | Proto-oncogene protein 1 | Amyloid protein-binding protein 1 | 59 kDa | APP-BP1 | Amyloid beta precursor protein-binding protein 1 | NEDD8-activating enzyme E1 regulatory subunit,4.0,,Q13564,1|2|3|4,Q13564-1|Q13564-2|Q13564-3|Q13564-4
CHEMBL2021749,Homo sapiens,O15121,Cell migration-inducing gene 15 protein | Membrane lipid desaturase | DES1 | MLD | DEGS1 | Sphingolipid delta(4)-desaturase DES1 | Dihydroceramide desaturase-1 | Degenerative spermatocyte homolog 1 | Retinol isomerase,1.0,,O15121,,
CHEMBL2021752,Homo sapiens,Q96Q89,CT90 | KRMP1 | M-phase phosphoprotein 1 | Kinesin-like protein KIF20B | MPP1 | MPHOSPH1 | Cancer/testis antigen 90 | Kinesin family member 20B | KIF20B | Kinesin-related motor interacting with PIN1,5.0,,Q96Q89,1|2|3|4|5,Q96Q89-1|Q96Q89-2|Q96Q89-3|Q96Q89-4|Q96Q89-5
CHEMBL2021753,Homo sapiens,O95235,Rab6-interacting kinesin-like protein | Rabkinesin-6 | GG10_2 | KIF20A | MKlp2 | Mitotic kinesin-like protein 2 | Kinesin-like protein KIF20A | RAB6KIFL | MKLP2,2.0,,O95235,1|2,O95235-1|O95235-2
CHEMBL2029197,Homo sapiens,O95398,EPAC | EPAC1 | cAMP-regulated guanine nucleotide exchange factor I | Exchange protein directly activated by cAMP 1 | cAMP-GEFI | CGEF1 | Exchange factor directly activated by cAMP 1 | RAPGEF3 | Rap guanine nucleotide exchange factor 3 | Rap1 guanine-nucleotide-exchange factor directly activated by cAMP | EPAC 1,3.0,,O95398,1|2|3,O95398-1|O95398-2|O95398-3
CHEMBL2029198,Homo sapiens,Q8WZA2,EPAC2 | cAMP-GEFII | RAPGEF4 | Exchange factor directly activated by cAMP 2 | CGEF2 | Rap guanine nucleotide exchange factor 4 | Exchange protein directly activated by cAMP 2 | EPAC 2 | cAMP-regulated guanine nucleotide exchange factor II,5.0,,Q8WZA2,1|2|3|4|5,Q8WZA2-1|Q8WZA2-2|Q8WZA2-3|Q8WZA2-4|Q8WZA2-5
CHEMBL2034807,Homo sapiens,Q06609,RAD51 | HsRAD51 | RAD51A | hRAD51 | DNA repair protein RAD51 homolog 1 | RECA | RAD51 homolog A,4.0,,Q06609,1|2|3|4,Q06609-1|Q06609-2|Q06609-3|Q06609-4
CHEMBL2046259,Homo sapiens,Q8N5Z0,Kynurenine/alpha-aminoadipate aminotransferase | 2-aminoadipate transaminase | Kynurenine--oxoglutarate aminotransferase II | Kynurenine--oxoglutarate transaminase II | 2-aminoadipate aminotransferase | KYAT2 | KAT2 | AADAT | Kynurenine--glyoxylate transaminase AADAT | Methionine--glyoxylate transaminase AADAT | mitochondrial | AadAT | Kynurenine--oxoglutarate transaminase 2 | Alpha-aminoadipate aminotransferase | Glycine transaminase AADAT | Kynurenine aminotransferase II | KAT/AadAT,2.0,Optimum pH is 7-9.,Q8N5Z0,1|2,Q8N5Z0-1|Q8N5Z0-2
CHEMBL2046266,Anopheles gambiae,Q869C3,AChE | ACE1 | Ace | Acetylcholinesterase | ACHE1,1.0,,Q869C3,,
CHEMBL2046267,Homo sapiens,Q5XXA6,ANO1 | TMEM16A | DOG1 | Transmembrane protein 16A | Discovered on gastrointestinal stromal tumors protein 1 | TAOS2 | Oral cancer overexpressed protein 2 | ORAOV2 | Anoctamin-1 | Tumor-amplified and overexpressed sequence 2,5.0,,Q5XXA6,1|2|3|4|5,Q5XXA6-1|Q5XXA6-2|Q5XXA6-3|Q5XXA6-4|Q5XXA6-5
CHEMBL2052028,Homo sapiens,P60842,Eukaryotic initiation factor 4A-I | EIF4A | EIF4A1 | eIF-4A-I | ATP-dependent RNA helicase eIF4A-1 | eIF4A-I | DDX2A,2.0,,P60842,1|2,P60842-1|P60842-2
CHEMBL2052031,Homo sapiens,Q13451,51 kDa FKBP | FKBP51 | 54 kDa progesterone receptor-associated immunophilin | FK506-binding protein 5 | p54 | Androgen-regulated protein 6 | 51 kDa FK506-binding protein | FKBP-5 | Rotamase | FKBP-51 | FKBP5 | Peptidyl-prolyl cis-trans isomerase FKBP5 | FF1 antigen | HSP90-binding immunophilin | PPIase FKBP5 | FKBP54 | AIG6,2.0,,Q13451,1|2,Q13451-1|Q13451-2
CHEMBL2069156,Homo sapiens,Q14145,Kelch-like ECH-associated protein 1 | Cytosolic inhibitor of Nrf2 | INrf2 | KIAA0132 | KLHL19 | KEAP1 | Kelch-like protein 19 | INRF2,1.0,,Q14145,,
CHEMBL2073663,Homo sapiens,O15427,MCT3 | Monocarboxylate transporter 4 | MCT4 | MCT 4 | Solute carrier family 16 member 3 | SLC16A3,1.0,,O15427,,
CHEMBL2073674,Rattus norvegicus,O70127,ATP-binding cassette sub-family B member 11 | Abcb11 | Sister of P-glycoprotein | Spgp | Bsep | Bile salt export pump,1.0,,O70127,,
CHEMBL2073676,Rattus norvegicus,Q63120,ATP-binding cassette sub-family C member 2 | Cmoat | Mrp2 | Multidrug resistance-associated protein 2 | Canalicular multidrug resistance protein | Abcc2 | Cmrp | Canalicular multispecific organic anion transporter 1,1.0,,Q63120,,
CHEMBL2073709,Rattus norvegicus,P53987,Monocarboxylate transporter 1 | Slc16a1 | MCT 1 | Mct1 | Solute carrier family 16 member 1,1.0,,P53987,,
CHEMBL2079849,Homo sapiens,P05981,Serine protease hepsin | TMPRSS1 | Transmembrane protease serine 1 | HPN,1.0,,P05981,,
CHEMBL2146302,Homo sapiens,O94925,GLS1 | Glutaminase kidney isoform | GLS | L-glutamine amidohydrolase | mitochondrial | K-glutaminase | KIAA0838,3.0,,O94925,1|2|3,O94925-1|O94925-2|O94925-3
CHEMBL2146350,Rattus norvegicus,P35560,inwardly rectifying subfamily J member 1 | ATP-regulated potassium channel ROM-K | Romk1 | Potassium channel | Inward rectifier K(+) channel Kir1.1 | Kcnj1 | ATP-sensitive inward rectifier potassium channel 1 | KAB-1,6.0,,P35560,A|B|C|D|E|F,P35560-1|P35560-2|P35560-3|P35560-4|P35560-5|P35560-6
CHEMBL2150835,Francisella tularensis subsp. tularensis (strain SCHU S4 / Schu 4),Q5NGQ3,fabI | Enoyl-[acyl-carrier-protein] reductase [NADH],1.0,,Q5NGQ3,,
CHEMBL2150837,Homo sapiens,Q6PL18,ANCCA | AAA nuclear coregulator cancer-associated protein | ATPase family AAA domain-containing protein 2 | ATAD2,2.0,,Q6PL18,1|2,Q6PL18-1|Q6PL18-2
CHEMBL2163175,Homo sapiens,O75936,"Gamma-butyrobetaine hydroxylase | Gamma-butyrobetaine dioxygenase | BBOX1 | Gamma-BBH | BBOX | BBH | Gamma-butyrobetaine,2-oxoglutarate dioxygenase",1.0,,O75936,,
CHEMBL2163176,Homo sapiens,P41229,Protein Xe169 | Lysine-specific demethylase 5C | Protein SmcX | Histone demethylase JARID1C | JARID1C | KDM5C | Jumonji/ARID domain-containing protein 1C | XE169 | DXS1272E | SMCX | [histone H3]-trimethyl-L-lysine(4) demethylase 5C,5.0,,P41229,1|2|3|4|5,P41229-1|P41229-2|P41229-3|P41229-4|P41229-5
CHEMBL2163183,Homo sapiens,Q9NXA8,SIR2L5 | Regulatory protein SIR2 homolog 5 | NAD-dependent protein deacylase sirtuin-5 | mitochondrial | SIR2-like protein 5 | SIRT5,4.0,,Q9NXA8,1|2|3|4,Q9NXA8-1|Q9NXA8-2|Q9NXA8-3|Q9NXA8-4
CHEMBL2169716,Homo sapiens,Q9NRG4,Lysine N-methyltransferase 3C | Histone methyltransferase SMYD2 | SMYD2 | SET and MYND domain-containing protein 2 | HSKM-B | N-lysine methyltransferase SMYD2 | KMT3C,2.0,,Q9NRG4,1|2,Q9NRG4-1|Q9NRG4-2
CHEMBL2169726,Plasmodium falciparum,Q25856,PFG6PD,1.0,,Q25856,,
CHEMBL2169736,Homo sapiens,O95551,EAP2 | Tyr-DNA phosphodiesterase 2 | Tyrosyl-DNA phosphodiesterase 2 | TTRAP | EAPII | TRAF and TNF receptor-associated protein | ETS1-associated protein II | Tyrosyl-RNA phosphodiesterase | hTDP2 | 5'-tyrosyl-DNA phosphodiesterase | ETS1-associated protein 2 | TDP2 | 5'-Tyr-DNA phosphodiesterase | VPg unlinkase,3.0,,O95551,1|2|3,O95551-1|O95551-2|O95551-3
CHEMBL2176771,Homo sapiens,P00746,C3 convertase activator | PFD | DF | Properdin factor D | Adipsin | Complement factor D | CFD,1.0,,P00746,,
CHEMBL2176774,Homo sapiens,O95696,Bromodomain-containing protein 1 | Bromodomain and PHD finger-containing protein 2 | BRPF2 | BRL | BR140-like protein | BRD1,2.0,,O95696,1|2,O95696-1|O95696-2
CHEMBL2176776,Homo sapiens,Q9HC62,KIAA1331 | Sentrin-specific protease 2 | Axam2 | SENP2 | Smt3ip2 | SMT3-specific isopeptidase 2 | Sentrin/SUMO-specific protease SENP2,2.0,,Q9HC62,1|2,Q9HC62-1|Q9HC62-2
CHEMBL2176777,Homo sapiens,Q460N5,KIAA1268 | ADP-ribosyltransferase diphtheria toxin-like 8 | Poly [ADP-ribose] polymerase 14 | Protein mono-ADP-ribosyltransferase PARP14 | ARTD8 | B aggressive lymphoma protein 2 | PARP14 | BAL2 | PARP-14,5.0,,Q460N5,6|1|3|4|5,Q460N5-6|Q460N5-1|Q460N5-3|Q460N5-4|Q460N5-5
CHEMBL2176778,Homo sapiens,Q460N3,ARTD7 | ADP-ribosyltransferase diphtheria toxin-like 7 | Protein mono-ADP-ribosyltransferase PARP15 | PARP15 | B-aggressive lymphoma protein 3 | PARP-15 | BAL3 | Poly [ADP-ribose] polymerase 15,2.0,,Q460N3,1|2,Q460N3-1|Q460N3-2
CHEMBL2176837,Sus scrofa,Q99028,Catechol O-methyltransferase | COMT,1.0,,Q99028,,
CHEMBL2176846,Homo sapiens,Q15109,Receptor for advanced glycosylation end products | Advanced glycosylation end product-specific receptor | RAGE | AGER,10.0,,Q15109,1|2|3|4|5|6|7|8|9|10,Q15109-1|Q15109-2|Q15109-3|Q15109-4|Q15109-5|Q15109-6|Q15109-7|Q15109-8|Q15109-9|Q15109-10
CHEMBL2189110,Homo sapiens,Q15910,EZH2 | Histone-lysine N-methyltransferase EZH2 | KMT6 | Lysine N-methyltransferase 6 | Enhancer of zeste homolog 2 | ENX-1,5.0,,Q15910,1|2|3|4|5,Q15910-1|Q15910-2|Q15910-3|Q15910-4|Q15910-5
CHEMBL2189117,Homo sapiens,O75530,hEED | Polycomb protein EED | WAIT-1 | EED | Embryonic ectoderm development protein | WD protein associating with integrin cytoplasmic tails 1,3.0,,O75530,1|2|3,O75530-1|O75530-2|O75530-3
CHEMBL2189121,Homo sapiens,P01116,RASK2 | K-Ras 2 | c-Ki-ras | KRAS2 | KRAS | Ki-Ras | c-K-ras | GTPase KRas,2.0,,P01116,2A|2B,P01116-1|P01116-2|P01118-1
CHEMBL2189127,Homo sapiens,Q9BV23,Monoacylglycerol lipase ABHD6 | Abhydrolase domain-containing protein 6 | 2-arachidonoylglycerol hydrolase | ABHD6,1.0,Optimum pH is 7.2-9 with 2-arachidonoyglycerol as substrate.,Q9BV23,,
CHEMBL2216745,Mus musculus,O35904,"PI3Kdelta | Pik3cd | PtdIns-3-kinase subunit p110-delta | Phosphatidylinositol 4,5-bisphosphate 3-kinase 110 kDa catalytic subunit delta | p110delta | PI3K-delta | PtdIns-3-kinase subunit delta | PI3-kinase subunit delta | Phosphatidylinositol 4,5-bisphosphate 3-kinase catalytic subunit delta isoform",2.0,,O35904,1|2,O35904-1|O35904-2
CHEMBL2268003,Chlamydomonas reinhardtii,P07753,32 kDa thylakoid membrane protein | psbA | Photosystem II Q(B) protein | Photosystem II protein D1 | PSII D1 protein,1.0,,P07753,,
CHEMBL2304404,Cavia porcellus,P47745,ADORA1 | Adenosine receptor A1,1.0,,P47745,,
CHEMBL2311243,Homo sapiens,O43175,3-PGDH | PGDH3 | PHGDH | D-3-phosphoglycerate dehydrogenase | Malate dehydrogenase | 2-oxoglutarate reductase,1.0,,O43175,,
CHEMBL2321613,Homo sapiens,O14649,TASK | Potassium channel subfamily K member 3 | Two pore K(+) channel KT3.1 | TWIK-related acid-sensitive K(+) channel 1 | KCNK3 | Acid-sensitive potassium channel protein TASK-1 | TASK1 | Two pore potassium channel KT3.1,1.0,,O14649,,
CHEMBL2321614,Homo sapiens,Q9NPC2,Two pore potassium channel KT3.2 | Two pore K(+) channel KT3.2 | KCNK9 | Acid-sensitive potassium channel protein TASK-3 | TASK3 | Potassium channel subfamily K member 9 | TWIK-related acid-sensitive K(+) channel 3,1.0,,Q9NPC2,,
CHEMBL2321628,Homo sapiens,P46092,G-protein coupled receptor 2 | CC-CKR-10 | C-C chemokine receptor type 10 | GPR2 | CCR10 | CCR-10 | C-C CKR-10,1.0,,P46092,,
CHEMBL2321630,Homo sapiens,Q10469,"Mannoside acetylglucosaminyltransferase 2 | Beta-1,2-N-acetylglucosaminyltransferase II | GNT-II | GlcNAc-T II | N-glycosyl-oligosaccharide-glycoprotein N-acetylglucosaminyltransferase II | MGAT2 | Alpha-1,6-mannosyl-glycoprotein 2-beta-N-acetylglucosaminyltransferase",1.0,,Q10469,,
CHEMBL2321643,Homo sapiens,Q9H7B4,SET and MYND domain-containing protein 3 | Histone-lysine N-methyltransferase SMYD3 | Zinc finger MYND domain-containing protein 1 | ZNFN3A1 | ZMYND1 | SMYD3,3.0,,Q9H7B4,1|2|3,Q9H7B4-1|Q9H7B4-2|Q9H7B4-3
CHEMBL2331041,Homo sapiens,P57789,TREK2 | KCNK10 | Outward rectifying potassium channel protein TREK-2 | TREK-2 K(+) channel subunit | Potassium channel subfamily K member 10,3.0,,P57789,A|B|C,P57789-1|P57789-4|P57789-3
CHEMBL2331053,Homo sapiens,Q16875,"PFKFB3 | iPFK-2 | 6PF-2-K/Fru-2,6-P2ase 3 | PFK/FBPase 3 | Renal carcinoma antigen NY-REN-56 | 6PF-2-K/Fru-2,6-P2ase brain/placenta-type isozyme | 6-phosphofructo-2-kinase/fructose-2,6-bisphosphatase 3",4.0,,Q16875,1|2|3|4,Q16875-1|Q16875-2|Q16875-3|Q16875-4
CHEMBL2331064,Homo sapiens,O15357,"SH2 domain-containing inositol 5'-phosphatase 2 | SH2 domain-containing inositol phosphatase 2 | INPPL-1 | Protein 51C | SHIP-2 | Phosphatidylinositol 3,4,5-trisphosphate 5-phosphatase 2 | INPPL1 | Inositol polyphosphate phosphatase-like protein 1 | SHIP2",2.0,,O15357,1|2,O15357-1|O15357-2
CHEMBL2346486,Homo sapiens,P40261,Nicotinamide N-methyltransferase | NNMT,1.0,,P40261,,
CHEMBL2346488,Homo sapiens,P12004,PCNA | Proliferating cell nuclear antigen | Cyclin,1.0,,P12004,,
CHEMBL2362979,Homo sapiens,P51531,SMARCA2 | SNF2-alpha | BRG1-associated factor 190B | SNF2L2 | Probable global transcription activator SNF2L2 | hBRM | Protein brahma homolog | BRM | ATP-dependent helicase SMARCA2 | BAF190B | SWI/SNF-related matrix-associated actin-dependent regulator of chromatin subfamily A member 2 | SNF2A,2.0,,P51531,Long|Short,P51531-1|P51531-2
CHEMBL2366456,Cavia porcellus,O35505,Voltage-gated calcium channel subunit alpha Cav1.2 | CACNL1A1 | CCHL1A1 | Voltage-dependent L-type calcium channel subunit alpha-1C | Calcium channel | L type | CACNA1C | CACH2 | cardiac muscle | CACN2 | isoform 1 | alpha-1 polypeptide,2.0,,O35505,1|2,O35505-1|O35505-2
CHEMBL2366481,Spinacia oleracea,P69560,32 kDa thylakoid membrane protein | psbA | Photosystem II Q(B) protein | Photosystem II protein D1 | PSII D1 protein,1.0,,P69560,,
CHEMBL2366494,Zea mays,Q3V4E6,ACCase,1.0,,Q3V4E6,,
CHEMBL2366504,Human immunodeficiency virus 1,Q76129,gag,1.0,,Q76129,,
CHEMBL2366516,Human immunodeficiency virus 1,Q9WKE8,reverse transcriptase,1.0,,Q9WKE8,,
CHEMBL2366517,Human immunodeficiency virus 1,Q9YQ12,protease,1.0,,Q9YQ12,,
CHEMBL2375203,Mus musculus,Q921V5,"Mannoside acetylglucosaminyltransferase 2 | Mgat2 | Beta-1,2-N-acetylglucosaminyltransferase II | GNT-II | GlcNAc-T II | N-glycosyl-oligosaccharide-glycoprotein N-acetylglucosaminyltransferase II | Alpha-1,6-mannosyl-glycoprotein 2-beta-N-acetylglucosaminyltransferase",1.0,,Q921V5,,
CHEMBL2375206,Homo sapiens,Q09327,"N-glycosyl-oligosaccharide-glycoprotein N-acetylglucosaminyltransferase III | GGNT3 | GlcNAc-T III | Beta-1,4-mannosyl-glycoprotein 4-beta-N-acetylglucosaminyltransferase | MGAT3 | GNT-III | N-acetylglucosaminyltransferase III",1.0,,Q09327,,
CHEMBL2375207,Homo sapiens,P26572,"N-glycosyl-oligosaccharide-glycoprotein N-acetylglucosaminyltransferase I | MGAT1 | GLYT1 | GGNT1 | GlcNAc-T I | GNT-I | MGAT | GLCT1 | Alpha-1,3-mannosyl-glycoprotein 2-beta-N-acetylglucosaminyltransferase",1.0,,P26572,,
CHEMBL2380186,Gallus gallus,P01103,Proto-oncogene c-Myb | Transcriptional activator Myb | MYB,2.0,,P01103,1|2,P01103-1|P01103-2
CHEMBL2384891,Homo sapiens,Q96D31,TMEM142A | Calcium release-activated calcium channel protein 1 | ORAI1 | Transmembrane protein 142A | CRACM1 | Protein orai-1,2.0,,Q96D31,alpha|beta,Q96D31-1|Q96D31-2
CHEMBL2417347,Homo sapiens,Q9Y210,TRPC6 | Short transient receptor potential channel 6 | TRP6 | Transient receptor protein 6 | TrpC6 | TRP-6,3.0,,Q9Y210,1|2|3,Q9Y210-1|Q9Y210-2|Q9Y210-3
CHEMBL2417348,Homo sapiens,Q13507,TRP3 | TrpC3 | Short transient receptor potential channel 3 | TRP-3 | TRPC3 | hTrp3 | Transient receptor protein 3 | hTrp-3,2.0,,Q13507,1|2,Q13507-2|Q13507-3
CHEMBL2424504,Homo sapiens,P29375,RBBP2 | [histone H3]-trimethyl-L-lysine(4) demethylase 5A | JARID1A | Jumonji/ARID domain-containing protein 1A | RBBP-2 | Retinoblastoma-binding protein 2 | RBP2 | Lysine-specific demethylase 5A | Histone demethylase JARID1A | KDM5A,2.0,,P29375,1|2,P29375-1|P29375-2
CHEMBL2429708,Homo sapiens,Q53GL7,Protein mono-ADP-ribosyltransferase PARP10 | PARP-10 | PARP10 | Poly [ADP-ribose] polymerase 10 | ARTD10 | ADP-ribosyltransferase diphtheria toxin-like 10,1.0,,Q53GL7,,
CHEMBL2429709,Homo sapiens,Q9H0J9,PARP-12 | ARTD12 | PARP12 | ZC3HDC1 | Protein mono-ADP-ribosyltransferase PARP12 | ADP-ribosyltransferase diphtheria toxin-like 12 | Zinc finger CCCH domain-containing protein 1 | Poly [ADP-ribose] polymerase 12,1.0,,Q9H0J9,,
CHEMBL2439944,Homo sapiens,Q3SYC2,Monoacylglycerol O-acyltransferase 2 | Diacylglycerol O-acyltransferase candidate 5 | Acyl-CoA:monoacylglycerol acyltransferase 2 | hMGAT2 | hDC5 | MOGAT2 | Diacylglycerol acyltransferase 2-like protein 5 | DGAT2L5 | 2-acylglycerol O-acyltransferase 2 | MGAT2 | DC5,3.0,,Q3SYC2,1|2|3,Q3SYC2-1|Q3SYC2-2|Q3SYC2-3
CHEMBL3085619,Mus musculus,Q9ESU6,Brd4 | Bromodomain-containing protein 4 | MCAP | Mcap | Mitotic chromosome-associated protein,2.0,,Q9ESU6,1|2,Q9ESU6-1|Q9ESU6-2
CHEMBL3085622,Homo sapiens,Q9NPI1,BRD7 | CELTIX1 | BP75 | Protein CELTIX-1 | 75 kDa bromodomain protein | Bromodomain-containing protein 7,2.0,,Q9NPI1,1|2,Q9NPI1-1|Q9NPI1-2
CHEMBL3091268,Homo sapiens,Q92753,NR1F2 | Nuclear receptor ROR-beta | Nuclear receptor RZR-beta | RORB | Nuclear receptor subfamily 1 group F member 2 | Retinoid-related orphan receptor-beta | RZRB,2.0,,Q92753,2|1,Q92753-2|Q92753-1
CHEMBL3108632,Mus musculus,Q8R4D5,Trpp8 | LTrpC6 | Long transient receptor potential channel 6 | Transient receptor potential p8 | Ltrpc6 | Trp-p8 | Trpm8 | LTrpC-6 | Transient receptor potential cation channel subfamily M member 8,1.0,,Q8R4D5,,
CHEMBL3108638,Homo sapiens,O15164,TIF1 | RNF82 | TIF1A | TIF1-alpha | Transcription intermediary factor 1-alpha | RING-type E3 ubiquitin transferase TIF1-alpha | E3 ubiquitin-protein ligase TRIM24 | Tripartite motif-containing protein 24 | RING finger protein 82 | TRIM24,2.0,,O15164,Long|Short,O15164-1|O15164-2
CHEMBL3108639,Homo sapiens,Q9BXF3,KIAA1740 | Chromatin remodeling regulator CECR2 | CECR2 | Cat eye syndrome critical region protein 2,3.0,,Q9BXF3,A|B|C,Q9BXF3-1|Q9BXF3-2|Q9BXF3-3
CHEMBL3108640,Homo sapiens,Q9H8M2,BRD9 | Bromodomain-containing protein 9 | Rhabdomyosarcoma antigen MU-RMS-40.8,6.0,,Q9H8M2,1|2|3|4|5|6,Q9H8M2-5|Q9H8M2-2|Q9H8M2-3|Q9H8M2-4|Q9H8M2-1|Q9H8M2-6
CHEMBL3108644,Homo sapiens,Q9ULD4,Bromodomain and PHD finger-containing protein 3 | BRPF3 | KIAA1286,3.0,,Q9ULD4,1|2|3,Q9ULD4-1|Q9ULD4-2|Q9ULD4-3
CHEMBL3112379,Homo sapiens,Q8NHU3,SGMS2 | Phosphatidylcholine:ceramide cholinephosphotransferase 2 | SMS2 | Sphingomyelin synthase 2,1.0,,Q8NHU3,,
CHEMBL3132741,Homo sapiens,P55201,BRPF1 | Peregrin | Protein Br140 | BR140 | Bromodomain and PHD finger-containing protein 1,4.0,,P55201,1|2|3|4,P55201-1|P55201-2|P55201-3|P55201-4
CHEMBL3217390,Homo sapiens,P21675,CCG1 | CCGS | TAF2A | Transcription initiation factor TFIID 250 kDa subunit | Transcription initiation factor TFIID subunit 1 | p250 | TAFII250 | TBP-associated factor 250 kDa | Cell cycle gene 1 protein | TAF(II)250 | TAF1 | BA2R | TAFII-250,12.0,,P21675,2|1|13|14|15|16|N-TAF1|2a|2c|2d|2e|2g|2h|2i|4,P21675-2|P21675-1|P21675-13|P21675-14|P21675-15|P21675-16|P21675-17|P21675-18|P21675-19|P21675-20|P21675-21|P21675-22|P21675-23|P21675-24|P21675-25
CHEMBL3259470,Homo sapiens,P32249,EBV-induced G-protein coupled receptor 2 | hEBI2 | Epstein-Barr virus-induced G-protein coupled receptor 2 | EBI2 | G-protein coupled receptor 183 | GPR183,1.0,,P32249,,
CHEMBL3259471,Mus musculus,Q3U6B2,Gpr183 | Epstein-Barr virus-induced G-protein coupled receptor 2 homolog | EBI2 | G-protein coupled receptor 183 | EBV-induced G-protein coupled receptor 2 homolog | Ebi2,1.0,,Q3U6B2,,
CHEMBL3259478,Mus musculus,P35991,Bpk | B-cell progenitor kinase | Agammaglobulinemia tyrosine kinase | BPK | Bruton tyrosine kinase | Kinase EMB | Btk | Tyrosine-protein kinase BTK | ATK,1.0,,P35991,,
CHEMBL3286061,Homo sapiens,O95470,KIAA1252 | S1PL | Sphingosine-1-phosphate aldolase | SP-lyase 1 | SPL 1 | Sphingosine-1-phosphate lyase 1 | SGPL1 | hSPL,1.0,,O95470,,
CHEMBL3286068,Mus musculus,O88587,Comt1 | Catechol O-methyltransferase | Comt,2.0,,O88587,Membrane-bound|Soluble,O88587-1|O88587-2
CHEMBL3308911,Homo sapiens,Q07108, | GP32/28 | EA1 | CD69 | Activation inducer molecule | AIM | CLEC2C | BL-AC/P26 | C-type lectin domain family 2 member C | MLR-3 | Leukocyte surface antigen Leu-23 | Early T-cell activation antigen p60 | Early activation antigen CD69,1.0,,Q07108,,
CHEMBL3308912,Homo sapiens,Q9HCN6,Glycoprotein 6 | Platelet glycoprotein VI | GP6 | GPVI,3.0,,Q9HCN6,1|2|3,Q9HCN6-1|Q9HCN6-2|Q9HCN6-3
CHEMBL3308929,Homo sapiens,P49959,MRE11 homolog 1 | MRE11 homolog A | Double-strand break repair protein MRE11 | Meiotic recombination 11 homolog A | MRE11A | HNGS1 | Double-strand break repair protein MRE11A | Meiotic recombination 11 homolog 1 | MRE11,3.0,,P49959,1|2|3,P49959-1|P49959-2|P49959-3
CHEMBL3308969,Yersinia pestis,Q56950,ybtE | irp5,1.0,,Q56950,,
CHEMBL3309098,Rattus norvegicus,Q9QWJ9,Neuropilin-1 |  | Vascular endothelial cell growth factor 165 receptor | Nrp1,1.0,,Q9QWJ9,,
CHEMBL3313836,Escherichia coli,Q79EC5,Toxin ParE | parE | Gyrase inhibitor ParE,1.0,,Q79EC5,,
CHEMBL3317334,Homo sapiens,P40306,LMP10 | Proteasome MECl-1 | PSMB10 | Low molecular mass protein 10 | Multicatalytic endopeptidase complex subunit MECl-1 | Proteasome subunit beta type-10 | Proteasome subunit beta-2i | MECL1 | Macropain subunit MECl-1,1.0,,P40306,,
CHEMBL3329078,Bacillus anthracis,A0A6L8P2U9,IMPD | IMP dehydrogenase | IMPDH | Inosine-5'-monophosphate dehydrogenase | guaB,1.0,,A0A6L8P2U9,,
CHEMBL3341581,Canis familiaris,A0SYQ0,PGES | Prostaglandin E synthase | Microsomal prostaglandin E synthase 1 | PTGES | Glutathione transferase PTGES | Glutathione peroxidase PTGES | MPGES-1,1.0,,A0SYQ0,,
CHEMBL3351204,Dermatophagoides pteronyssinus,P08176, | Allergen Der p I | DERP1 | Peptidase 1 | Major mite fecal allergen Der p 1,1.0,,P08176,,
CHEMBL3396943,Homo sapiens,P29372,AAG | ADPG | 3-methyladenine DNA glycosidase | N-methylpurine-DNA glycosylase | 3-alkyladenine DNA glycosylase | DNA-3-methyladenine glycosylase | MID1 | MPG | ANPG,4.0,,P29372,1|2|3|4,P29372-1|P29372-2|P29372-4|P29372-5
CHEMBL3399911,Homo sapiens,P35520,Beta-thionase | Cystathionine beta-synthase | CBS | Serine sulfhydrase,2.0,,P35520,1|2,P35520-1|P35520-2
CHEMBL3407326,Homo sapiens,Q8TE04,PANK | PANK1 | hPanK1 | hPanK | Pantothenate kinase 1 | Pantothenic acid kinase 1,4.0,,Q8TE04,1|2|3|4,Q8TE04-1|Q8TE04-2|Q8TE04-3|Q8TE04-4
CHEMBL3407328,Homo sapiens,Q9H999,Pantothenate kinase 3 | PANK3 | Pantothenic acid kinase 3 | hPanK3,1.0,,Q9H999,,
CHEMBL3414409,Homo sapiens,Q2M385,Mpg-1 | Macrophage gene 1 protein | P-2 | MPEG1 | Macrophage-expressed gene 1 protein | Perforin-2,2.0,,Q2M385,1|2,Q2M385-1|Q2M385-2
CHEMBL3414411,Mus musculus,Q62205,PN1 | Kiaa4197 | Sodium channel protein type IX subunit alpha | Sodium channel protein type 9 subunit alpha | Scn9a | Peripheral sodium channel 1 | Voltage-gated sodium channel subunit alpha Nav1.7,1.0,,Q62205,,
CHEMBL3580505,Peptoclostridium difficile,P18177,tcdB | toxB | Toxin B,1.0,,P18177,,
CHEMBL3593154,Sus scrofa,Q1W675,3-hydroxy-3-methylglutaryl-coenzyme A reductase | HMG-CoA reductase | HMGR | HMGCR,1.0,,Q1W675,,
CHEMBL3608197,Malassezia globosa (strain ATCC MYA-4612 / CBS 7966)(Dandruff-associated fungus),A8PUY1,MGL_0797,1.0,,A8PUY1,,
CHEMBL3611965,Homo sapiens,Q86VZ5,MOB | SMS1 | TMEM23 | Protein Mob | Sphingomyelin synthase 1 | Medulla oblongata-derived protein | Phosphatidylcholine:ceramide cholinephosphotransferase 1 | Transmembrane protein 23 | SGMS1,2.0,,Q86VZ5,1|2,Q86VZ5-1|Q86VZ5-2
CHEMBL3616354,Homo sapiens,O15382,ECA40 | BCT2 | mitochondrial | PP18 | BCAT(m) | Placental protein 18 | BCATM | Branched-chain-amino-acid aminotransferase | BCAT2,2.0,,O15382,A|B,O15382-1|O15382-2
CHEMBL3621020,Mus musculus,P15539,Cytochrome P450 11B2 | Cytochrome P-450Aldo | Corticosterone 18-monooxygenase | Steroid 11-beta-hydroxylase | ALDOS | Cyp11b-2 | Cyp11b2 | CYPXIB2 | mitochondrial | CYP11B2 | Steroid 18-hydroxylase | Cytochrome P-450C18 | Aldosterone synthase | Aldosterone-synthesizing enzyme | Cytochrome P450C11,1.0,,P15539,,
CHEMBL3632452,Homo sapiens,Q9UDY8,MLT | Mucosa-associated lymphoid tissue lymphoma translocation protein 1 | Paracaspase | MALT lymphoma-associated translocation | MALT1,2.0,,Q9UDY8,1|2,Q9UDY8-1|Q9UDY8-2
CHEMBL3632454,Homo sapiens,Q9NS87,Kinesin-like protein 2 | hKLP2 | KIF15 | Serologically defined breast cancer antigen NY-BR-62 | Kinesin-like protein 7 | KNSL7 | Kinesin-like protein KIF15 | KLP2,4.0,,Q9NS87,1|2|3|4,Q9NS87-1|Q9NS87-2|Q9NS87-3|Q9NS87-4
CHEMBL3638324,Homo sapiens,P46093,GPR6C.l | G-protein coupled receptor 6C.l | GPR4 | G-protein coupled receptor 4,1.0,,P46093,,
CHEMBL3708265,Homo sapiens,P36639,"7,8-dihydro-8-oxoguanine triphosphatase | Oxidized purine nucleoside triphosphate hydrolase | MTH1 | Nudix motif 1 | NUDT1 | Nucleoside diphosphate-linked moiety X motif 1 | Methylated purine nucleoside triphosphate hydrolase | 2-hydroxy-dATP diphosphatase | 8-oxo-dGTPase",4.0,"Optimum pH is 7.8-8.2 with 8-oxo-dGTP as substrate, and 8.0-8.5 with 2-oxo-dATP as substrate.",P36639,p18|p26|p22|p21,P36639-4|P36639-1|P36639-2|P36639-3
CHEMBL3712907,Homo sapiens,P0DMS9,TMIGD3 | Transmembrane domain-containing protein TMIGD3,3.0,,P0DMS9,3|1|2,P0DMS9-1|P0DMS9-2|P0DMS8-1
CHEMBL3713355,Homo sapiens,Q10471,pp-GaNTase 2 | Polypeptide GalNAc transferase 2 | GalNAc-T2 | Polypeptide N-acetylgalactosaminyltransferase 2 | GALNT2 | UDP-GalNAc:polypeptide N-acetylgalactosaminyltransferase 2 | Protein-UDP acetylgalactosaminyltransferase 2,2.0,,Q10471,1|2,Q10471-1|Q10471-2
CHEMBL3714029,Homo sapiens,Q9Y4K0,Lysyl oxidase-like protein 2 | LOXL2 | Lysyl oxidase-related protein 2 | Lysyl oxidase-related protein WS9-14 | Lysyl oxidase homolog 2,1.0,,Q9Y4K0,,
CHEMBL3714079,Homo sapiens,Q9NQS5,GPR84 | EX33 | Inflammation-related G-protein coupled receptor EX33 | G-protein coupled receptor 84,1.0,,Q9NQS5,,
CHEMBL3714531,Homo sapiens,Q6P988,hNOTUM | NOTUM | Palmitoleoyl-protein carboxylesterase NOTUM,1.0,,Q6P988,,
CHEMBL3769293,Homo sapiens,Q86YT5,NACT | SLC13A5 | Sodium-dependent citrate transporter | Na(+)/citrate cotransporter | NaCT | Sodium-coupled citrate transporter | Solute carrier family 13 member 5,4.0,,Q86YT5,1|2|3|4,Q86YT5-1|Q86YT5-2|Q86YT5-3|Q86YT5-4
CHEMBL3774295,Homo sapiens,Q9UGL1,KDM5B | RBBP2H1 | Histone demethylase JARID1B | PLU-1 | Lysine-specific demethylase 5B | Cancer/testis antigen 31 | PLU1 | [histone H3]-trimethyl-L-lysine(4) demethylase 5B | CT31 | RBP2-H1 | Jumonji/ARID domain-containing protein 1B | JARID1B | Retinoblastoma-binding protein 2 homolog 1,2.0,,Q9UGL1,1|2,Q9UGL1-1|Q9UGL1-2
CHEMBL3779754,Macaca fascicularis,Q2XVA1,"Cytochrome P450-C17 | Cytochrome P450c17 | CYP17A1 | Steroid 17-alpha-monooxygenase | Cytochrome P450 17A1 | CYPXVII | CYP17 | 17-alpha-hydroxyprogesterone aldolase | Steroid 17-alpha-hydroxylase/17,20 lyase",1.0,,Q2XVA1,,
CHEMBL3784911,Mus musculus,Q60855,Rip | Ripk1 | Rinp | Receptor-interacting serine/threonine-protein kinase 1 | Receptor-interacting protein 1 | RIP-1 | Cell death protein RIP,1.0,,Q60855,,
CHEMBL3826863,Homo sapiens,O15540,BLBP | Fatty acid-binding protein 7 | Brain lipid-binding protein | MRG | B-FABP | Mammary-derived growth inhibitor related | FABPB | Fatty acid-binding protein | Brain-type fatty acid-binding protein | brain | FABP7,2.0,,O15540,1|2,O15540-1|O15540-2
CHEMBL3826870,Rattus norvegicus,Q64610,Ectonucleotide pyrophosphatase/phosphodiesterase family member 2 | E-NPP 2 | Enpp2 | LysoPLD | Npps2 | Atx | Extracellular lysophospholipase D | Autotaxin,2.0,,Q64610,1|2,Q64610-1|Q64610-2
CHEMBL3826871,Mus musculus,Q9R1E6,Pdnp2 | Ectonucleotide pyrophosphatase/phosphodiesterase family member 2 | E-NPP 2 | Enpp2 | LysoPLD | Npps2 | Extracellular lysophospholipase D | Autotaxin,3.0,"Optimum pH is 8.0 for isoforms 1, 2 and 3.",Q9R1E6,1|2|3,Q9R1E6-1|Q9R1E6-2|Q9R1E6-3
CHEMBL3879821,Mus musculus,Q9JL21,G-protein coupled receptor 2 | CC-CKR-10 | C-C chemokine receptor type 10 | Gpr2 | Ccr10 | Chemokine C-C receptor 9 | Cmkbr9 | CCR-10 | C-C CKR-10,1.0,,Q9JL21,,
CHEMBL3879850,Chlorocebus aethiops,O77760,ACAT1 | Acyl-coenzyme A:cholesterol acyltransferase 1 | Cholesterol acyltransferase 1 | SOAT1 | ACAT-1 | Sterol O-acyltransferase 1,1.0,,O77760,,
CHEMBL3879854,Chlorocebus aethiops,O77759,Cholesterol acyltransferase 2 | ACAT-2 | Acyl-coenzyme A:cholesterol acyltransferase 2 | ACAT2 | SOAT2 | Sterol O-acyltransferase 2,1.0,,O77759,,
CHEMBL3885662,Aeromonas hydrophila,Q44079,Beta-lactamase | cphA2,1.0,,Q44079,,
CHEMBL3987581,Trypanosoma cruzi (strain CL Brener),Q4CXJ6,Tc00.1047053510337.40,1.0,,Q4CXJ6,,
CHEMBL3991501,Homo sapiens,P48735,NADP(+)-specific ICDH | IDP | ICD-M | IDH | mitochondrial | Oxalosuccinate decarboxylase | Isocitrate dehydrogenase [NADP] | IDH2,2.0,,P48735,1|2,P48735-1|P48735-2
CHEMBL4105758,Homo sapiens,O00481, | BTF5 | BTN3A1 | Butyrophilin subfamily 3 member A1,4.0,,O00481,1|2|3|4,O00481-1|O00481-2|O00481-3|O00481-4
CHEMBL4105786,Homo sapiens,P41182,ZNF51 | B-cell lymphoma 5 protein | BCL-5 | ZBTB27 | BCL6 | LAZ3 | B-cell lymphoma 6 protein | BCL-6 | Zinc finger and BTB domain-containing protein 27 | Zinc finger protein 51 | Protein LAZ-3 | BCL5,2.0,,P41182,1|2,P41182-1|P41182-2
CHEMBL4105787,Homo sapiens,P23743,DAG kinase alpha | Diacylglycerol kinase alpha | 80 kDa diacylglycerol kinase | DAGK1 | DAGK | DGK-alpha | DGKA | Diglyceride kinase alpha,3.0,,P23743,1|2|3,P23743-1|P23743-2|P23743-3
CHEMBL4105810,Homo sapiens,Q92608,Dedicator of cytokinesis protein 2 | DOCK2 | KIAA0209,2.0,,Q92608,1|2,Q92608-1|Q92608-2
CHEMBL4105832,Homo sapiens,P38919,NMP 265 | DDX48 | eIF4A-III | ATP-dependent RNA helicase DDX48 | eIF-4A-III | Eukaryotic initiation factor 4A-III | Nuclear matrix protein 265 | DEAD box protein 48 | EIF4A3 | hNMP 265 | KIAA0111 | Eukaryotic translation initiation factor 4A isoform 3 | ATP-dependent RNA helicase eIF4A-3 | Eukaryotic initiation factor 4A-like NUK-34,1.0,,P38919,,
CHEMBL4105833,Homo sapiens,Q8TCT8,SPPL2a | SPP-like 2A | Signal peptide peptidase-like 2A | IMP3 | Intramembrane protease 3 | Presenilin-like protein 2 | IMP-3 | PSL2 | SPPL2A,1.0,,Q8TCT8,,
CHEMBL4105838,Homo sapiens,Q96GG9,RP42 | DCUN1L1 | DCNL1 | DCN1 | DCUN1D1 | Squamous cell carcinoma-related oncogene | DCUN1 domain-containing protein 1 | DCN1-like protein 1 | SCCRO | Defective in cullin neddylation protein 1-like protein 1,1.0,,Q96GG9,,
CHEMBL4105864,Rattus norvegicus,Q5U3Y7,Transmembrane protein 97 | Tmem97 | Sigma intracellular receptor 2 | Sigma-2 receptor | S2r | Sigma2 receptor,1.0,,Q5U3Y7,,
CHEMBL4105899,Homo sapiens,P63104,14-3-3 protein zeta/delta | Protein kinase C inhibitor protein 1 | YWHAZ | KCIP-1,2.0,,P63104,1|2,P63104-1|P63104-2
CHEMBL4105907,Homo sapiens,Q5BJF2,Meningioma-associated protein 30 | TMEM97 | Sigma2 receptor | Transmembrane protein 97 | Sigma intracellular receptor 2 | Sigma-2 receptor | S2R | MAC30,1.0,,Q5BJF2,,
CHEMBL4105915,Plasmodium falciparum,Q9U638,glycine hydroxymethyltransferase | shmt,1.0,,Q9U638,,
CHEMBL4105923,Rattus norvegicus,Q02974,Khk | Ketohexokinase | Hepatic fructokinase,2.0,,Q02974,C|A,Q02974-1|Q02974-2
CHEMBL4105929,Homo sapiens,V9HWB9,HEL-S-133P | L-lactate dehydrogenase,1.0,,V9HWB9,,
CHEMBL4105948,Mus musculus,Q9JJF9,SPPL2a | SPP-like 2A | Signal peptide peptidase-like 2A | Psl2 | Presenilin-like protein 2 | Intramembrane protease 3 | Imp3 | Sppl2a | IMP-3,1.0,,Q9JJF9,,
CHEMBL4105966,Canis lupus familiaris,A0A8C0QLS2,Glucocorticoid receptor | Nuclear receptor subfamily 3 group C member 1 | NR3C1,1.0,,A0A8C0QLS2,,
CHEMBL4105972,Homo sapiens,O75643,U5-200KD | Activating signal cointegrator 1 complex subunit 3-like 1 | HELIC2 | ASCC3L1 | U5 small nuclear ribonucleoprotein 200 kDa helicase | KIAA0788 | U5 snRNP-specific 200 kDa protein | BRR2 homolog | BRR2 | SNRNP200,2.0,,O75643,1|2,O75643-1|O75643-2
CHEMBL4295521,Mycobacterium tuberculosis,A0A045ISB3,ptbB,1.0,,A0A045ISB3,,
CHEMBL4295598,Homo sapiens,Q2L8D9,ABAD,1.0,,Q2L8D9,,
CHEMBL4295666,Mus musculus,O55239,Nicotinamide N-methyltransferase | Nnmt,1.0,,O55239,,
CHEMBL4295683,Gallus gallus,O93344,RALDH 2 | Retinaldehyde-specific dehydrogenase type 2 | Retinal dehydrogenase 2 | RALDH(II) | RalDH2 | RALDH2 | Aldehyde dehydrogenase family 1 member A2 | ALDH1A2,1.0,,O93344,,
CHEMBL4295701,Homo sapiens,P06681,Complement C2 | C2 | C3/C5 convertase,3.0,,P06681,1|2|3,P06681-1|P06681-2|P06681-3
CHEMBL4295740,Homo sapiens,P29992,G alpha-11 | Guanine nucleotide-binding protein subunit alpha-11 | GA11 | GNA11 | G-protein subunit alpha-11 | Guanine nucleotide-binding protein G(y) subunit alpha,1.0,,P29992,,
CHEMBL4295745,Homo sapiens,P32929,CGL | Cysteine-protein sulfhydrase | Cystathionine gamma-lyase | Gamma-cystathionase | Cysteine desulfhydrase | CTH | Homocysteine desulfhydrase | CSE,3.0,"Optimum pH is 8.2 with L,L-cystathionine.",P32929,1|2|3,P32929-1|P32929-2|P32929-3
CHEMBL4295828,Homo sapiens,Q15561,TEAD4 | TCF13L1 | RTEF1 | Transcriptional enhancer factor TEF-3 | Transcription factor 13-like 1 | TEAD-4 | TEF3 | Transcription factor RTEF-1 | TEA domain family member 4,3.0,,Q15561,1|2|3,Q15561-1|Q15561-2|Q15561-3
CHEMBL4295840,Influenza B virus,Q3S340,Neuraminidase | NA,1.0,,Q3S340,,
CHEMBL4295910,Mus musculus,Q91VE3,Stratum corneum chymotryptic enzyme | Serine protease 6 | Prss6 | Scce | Thymopsin | Kallikrein-7 | Klk7,1.0,,Q91VE3,,
CHEMBL4295919,Neisseria meningitidis,Q93EK7,lgtC,1.0,,Q93EK7,,
CHEMBL4295956,Sus scrofa,Q9N1U3,Glucocorticoid receptor | NR3C1 | GR | GRL | Nuclear receptor subfamily 3 group C member 1,1.0,,Q9N1U3,,
CHEMBL4295974,Homo sapiens,Q9UGC6,RGSZ2 | RGS17 | Regulator of G-protein signaling 17,1.0,,Q9UGC6,,
CHEMBL4295985,Mus musculus,Q9WU19,Glycolate oxidase | HAOX1 | GOX | 2-Hydroxyacid oxidase 1 | Glyoxylate oxidase | Hao1,1.0,,Q9WU19,,
CHEMBL4296325,Hepatitis C virus subtype 1b,Q0ZMF1,NS3 | Genome polyprotein,1.0,,Q0ZMF1,,
CHEMBL4296327,Human T-cell leukemia virus type I,Q82134,prt,1.0,,Q82134,,
CHEMBL4523125,Homo sapiens,O14745,Ezrin-radixin-moesin-binding phosphoprotein 50 | Na(+)/H(+) exchange regulatory cofactor NHE-RF1 | Sodium-hydrogen exchanger regulatory factor 1 | SLC9A3R1 | NHERF-1 | NHERF | NHERF1 | Regulatory cofactor of Na(+)/H(+) exchanger | Solute carrier family 9 isoform A3 regulatory factor 1 | EBP50,2.0,,O14745,1|2,O14745-1|O14745-2
CHEMBL4523191,Homo sapiens,P18510, | IL1 inhibitor | IL1RA | IL1F3 | Interleukin-1 receptor antagonist protein | IL1RN | IL-1RN | IL-1ra | IRAP | ICIL-1RA,4.0,,P18510,1|2|3|4,P18510-1|P18510-2|P18510-3|P18510-4
CHEMBL4523370,Plasmodium falciparum,Q86GS5,Adenosine deaminase,1.0,,Q86GS5,,
CHEMBL4523375,Homo sapiens,Q86W10,Laurate 7-monooxygenase | Cytochrome P450 4Z1 | CYPIVZ1 | CYP4Z1,1.0,,Q86W10,,
CHEMBL4523386,Mus musculus,Q8CIM5,Gpr84 | G-protein coupled receptor 84,1.0,,Q8CIM5,,
CHEMBL4523465,Rattus norvegicus,Q9JLS3,Taok2 | Serine/threonine-protein kinase TAO2 | Thousand and one amino acid protein 2 | Tao2,2.0,,Q9JLS3,1|2,Q9JLS3-1|Q9JLS3-2
CHEMBL4523509,Homo sapiens,Q9Y657,SPIN | Spindlin1 | SPIN1 | Ovarian cancer-related protein | Spindlin-1 | OCR,1.0,,Q9Y657,,
CHEMBL4523517,Schistosoma mansoni,A0A5K4EHC2,NAD-dependent protein deacetylase,1.0,,T1VXA1,,
CHEMBL4523582,Severe acute respiratory syndrome coronavirus 2,P0DTD1,ORF1ab polyprotein | pp1ab | Replicase polyprotein 1ab | rep,2.0,,P0DTD1,Replicase polyprotein 1ab|Replicase polyprotein 1a,P0DTD1-1|P0DTC1-1
CHEMBL4523952,Zika virus,A0A143MHK7,Genome polyprotein,1.0,,A0A143MHK7,,
CHEMBL4680030,Homo sapiens,Q12797,ASP beta-hydroxylase | Aspartate beta-hydroxylase | Peptide-aspartate beta-dioxygenase | Aspartyl/asparaginyl beta-hydroxylase | ASPH | BAH,11.0,,Q12797,1|2|3|4|5|10|6|7|8|9|11,Q12797-1|Q12797-2|Q12797-3|Q12797-4|Q12797-5|Q12797-10|Q12797-6|Q12797-7|Q12797-8|Q12797-9|Q12797-11
CHEMBL4802015,Homo sapiens,Q99536,VAT1 | Synaptic vesicle membrane protein VAT-1 homolog,3.0,,Q99536,1|2|3,Q99536-1|Q99536-2|Q99536-3
CHEMBL4879439,Mus musculus,P48346,IL-15 | Interleukin-15 | Il15,1.0,,P48346,,
CHEMBL2074,Homo sapiens,O43451,"MGAML | Alpha-1,4-glucosidase | MGAM | Maltase-glucoamylase | MGA",2.0,Optimum pH is 7. Has substantial activity at acidic pH.,O43451,2|1,O43451-2|O43451-1
CHEMBL1827,Homo sapiens,O76074,"PDE5A | cGMP-specific 3',5'-cyclic phosphodiesterase | CGB-PDE | PDE5 | cGMP-binding cGMP-specific phosphodiesterase",2.0,,O76074,PDE5A1|PDE5A2,O76074-1|O76074-2
CHEMBL1859,Homo sapiens,O95180,Voltage-dependent T-type calcium channel subunit alpha-1H | Low-voltage-activated calcium channel alpha1 3.2 subunit | Voltage-gated calcium channel subunit alpha Cav3.2 | CACNA1H,2.0,,O95180,1|2,O95180-1|O95180-2
CHEMBL202,Homo sapiens,P00374,Dihydrofolate reductase | DHFR,2.0,,P00374,1|2,P00374-1|P00374-2
CHEMBL1809,Escherichia coli,P0ABQ4,Dihydrofolate reductase | folA | tmrA,1.0,,P0ABQ4,,
CHEMBL1862,Homo sapiens,P00519,Proto-oncogene c-Abl | p150 | ABL | Abelson tyrosine-protein kinase 1 | JTK7 | Abelson murine leukemia viral oncogene homolog 1 | Tyrosine-protein kinase ABL1 | ABL1,2.0,,P00519,IA|IB,P00519-1|P00519-2
CHEMBL203,Homo sapiens,P00533,Receptor tyrosine-protein kinase erbB-1 | EGFR | HER1 | ERBB | Proto-oncogene c-ErbB-1 | ERBB1 | Epidermal growth factor receptor,4.0,,P00533,1|2|3|4,P00533-1|P00533-2|P00533-3|P00533-4
CHEMBL204,Homo sapiens,P00734,Prothrombin | Coagulation factor II | F2,1.0,,P00734,,
CHEMBL1801,Homo sapiens,P00747,PLG | Plasminogen,1.0,,P00747,,
CHEMBL2065,Escherichia coli,P62593,TEM-24/CAZ-6 | bla | TEM-8/CAZ-2 | TEM-4 | Beta-lactamase TEM | TEM-5 | TEM-3 | IRT-4 | TEM-1 | TEM-6 | blaT-5 | TEM-2 | blaT-6 | blaT-4 | TEM-16/CAZ-7 | Penicillinase | blaT-3,1.0,,P62593,,
CHEMBL205,Homo sapiens,P00918,Cyanamide hydratase CA2 | Carbonate dehydratase II | Carbonic anhydrase C | Carbonic anhydrase 2 | CA2 | CA-II | CAC | Carbonic anhydrase II,1.0,Optimum pH is 6-8.,P00918,,
CHEMBL206,Homo sapiens,P03372,ESR | ER | NR3A1 | Estrogen receptor | Nuclear receptor subfamily 3 group A member 1 | ESR1 | Estradiol receptor | ER-alpha,4.0,,P03372,1|2|3|4,P03372-1|P03372-2|P03372-3|P03372-4
CHEMBL2051,Influenza A virus (A/Puerto Rico/8/1934(H1N1)),P03468,Neuraminidase | NA,1.0,,P03468,,
CHEMBL2000,Homo sapiens,P03952,Plasma kallikrein | PKK | Plasma prekallikrein | Fletcher factor | Kininogenin | KLKB1 | KLK3,1.0,,P03952,,
CHEMBL402,Homo sapiens,P04035,HMG-CoA reductase | 3-hydroxy-3-methylglutaryl-coenzyme A reductase | HMGCR,3.0,,P04035,1|2|3,P04035-1|P04035-2|P04035-3
CHEMBL2034,Homo sapiens,P04150,NR3C1 | Glucocorticoid receptor | Nuclear receptor subfamily 3 group C member 1 | GR | GRL,16.0,,P04150,Alpha|Beta|Alpha-2|Beta-2|GR-A alpha|GR-A beta|GR-P|Alpha-B|Beta-B|10|Alpha-C1|Alpha-C2|Alpha-C3|Alpha-D1|Alpha-D2|Alpha-D3,P04150-1|P04150-2|P04150-3|P04150-6|P04150-5|P04150-7|P04150-4|P04150-8|P04150-9|P04150-10|P04150-11|P04150-12|P04150-13|P04150-14|P04150-15|P04150-16
CHEMBL1952,Homo sapiens,P04818,TYMS | TS | TSase | Thymidylate synthase,3.0,,P04818,1|2|3,P04818-1|P04818-2|P04818-3
CHEMBL1981,Homo sapiens,P06213, | IR | INSR | Insulin receptor,2.0,,P06213,Long|Short,P06213-1|P06213-2
CHEMBL208,Homo sapiens,P06401,PGR | Progesterone receptor | Nuclear receptor subfamily 3 group C member 3 | PR | NR3C3,5.0,,P06401,B|A|3|4|5,P06401-1|P06401-2|P06401-3|P06401-4|P06401-5
CHEMBL1826,Escherichia coli,P0AES6,acrB | himB | parA | gyrB | nalC | Type IIA topoisomerase subunit GyrB | hisU | DNA gyrase subunit B | pcbA | cou,1.0,,P0AES6,,
CHEMBL1968,Homo sapiens,P07099,Epoxide hydratase | EPHX | Epoxide hydrolase 1 | mEH | EPOX | EPHX1 | Microsomal epoxide hydrolase,1.0,,P07099,,
CHEMBL210,Homo sapiens,P07550,Beta-2 adrenoceptor | ADRB2R | ADRB2 | Beta-2 adrenergic receptor | B2AR | Beta-2 adrenoreceptor,1.0,,P07550,,
CHEMBL211,Homo sapiens,P08172,Muscarinic acetylcholine receptor M2 | CHRM2,1.0,,P08172,,
CHEMBL1994,Homo sapiens,P08235,Nuclear receptor subfamily 3 group C member 2 | NR3C2 | MLR | MCR | Mineralocorticoid receptor | MR,4.0,,P08235,1|2|3|4,P08235-1|P08235-2|P08235-3|P08235-4
CHEMBL213,Homo sapiens,P08588,Beta-1 adrenergic receptor | ADRB1 | B1AR | ADRB1R | Beta-1 adrenoreceptor | Beta-1 adrenoceptor,1.0,,P08588,,
CHEMBL214,Homo sapiens,P08908,5-HT1A | HTR1A | 5-HT-1A | 5-hydroxytryptamine receptor 1A | Serotonin receptor 1A | G-21 | ADRB2RL1 | ADRBRL1,1.0,,P08908,,
CHEMBL1867,Homo sapiens,P08913,ADRAR | ADRA2A | ADRA2R | Alpha-2A adrenoreceptor | Alpha-2 adrenergic receptor subtype C10 | Alpha-2A adrenergic receptor | Alpha-2AAR | Alpha-2A adrenoceptor,1.0,,P08913,,
CHEMBL1828,Homo sapiens,P09884,POLA | POLA1 | DNA polymerase alpha catalytic subunit | DNA polymerase alpha catalytic subunit p180,1.0,,P09884,,
CHEMBL215,Homo sapiens,P09917,ALOX5 | Arachidonate 5-lipoxygenase | Polyunsaturated fatty acid 5-lipoxygenase | 5-lipoxygenase | LOG5 | 5-LO,5.0,,P09917,1|2|3|4|5,P09917-1|P09917-2|P09917-3|P09917-4|P09917-5
CHEMBL1871,Homo sapiens,P10275,Nuclear receptor subfamily 3 group C member 4 | Androgen receptor | AR | Dihydrotestosterone receptor | NR3C4 | DHTR,4.0,,P10275,1|2|3|4,P10275-1|P10275-2|P10275-3|P10275-4
CHEMBL1860,Homo sapiens,P10827,Thyroid hormone receptor alpha | c-erbA-alpha | EAR-7 | ERBA1 | THRA1 | EAR7 | NR1A1 | V-erbA-related protein 7 | c-erbA-1 | Nuclear receptor subfamily 1 group A member 1 | THRA2 | THRA,4.0,,P10827,Alpha-2|Alpha-1|Alpha-3|Alpha-4,P10827-1|P10827-2|P10827-3|P10827-4
CHEMBL216,Homo sapiens,P11229,CHRM1 | Muscarinic acetylcholine receptor M1,2.0,,P11229,1|2,P11229-1|P11229-2
CHEMBL1781,Homo sapiens,P11387,DNA topoisomerase I | DNA topoisomerase 1 | TOP1,1.0,,P11387,,
CHEMBL1806,Homo sapiens,P11388,DNA topoisomerase II | DNA topoisomerase 2-alpha | alpha isozyme | TOP2 | TOP2A,4.0,,P11388,1|2|3|4,P11388-1|P11388-2|P11388-3|P11388-4
CHEMBL1977,Homo sapiens,P11473,"VDR | Vitamin D3 receptor | 1,25-dihydroxyvitamin D3 receptor | NR1I1 | Nuclear receptor subfamily 1 group I member 1",2.0,,P11473,1|2,P11473-1|P11473-2
CHEMBL1978,Homo sapiens,P11511,Estrogen synthase | CYP19 | ARO1 | Aromatase | CYAR | Cytochrome P-450AROM | CYPXIX | Cytochrome P450 19A1 | CYP19A1,2.0,,P11511,1|2,P11511-1|P11511-2
CHEMBL2002,Homo sapiens,P12268,IMP dehydrogenase II | IMPD2 | IMPDH 2 | Inosine-5'-monophosphate dehydrogenase 2 | Inosine-5'-monophosphate dehydrogenase type II | IMPDH2 | IMP dehydrogenase 2 | IMPDH-II | IMPD 2,1.0,,P12268,,
CHEMBL1808,Homo sapiens,P12821, | Dipeptidyl carboxypeptidase I | ACE | Angiotensin-converting enzyme | Kininase II | DCP1 | DCP,4.0,,P12821,Somatic-1|Somatic-2|Testis-specific|4,P12821-1|P12821-2|P12821-3|P22966-1|P12821-4
CHEMBL1782,Homo sapiens,P14324,"KIAA1293 | FDPS | Farnesyl pyrophosphate synthase | FPP synthase | (2E,6E)-farnesyl diphosphate synthase | FPS | Farnesyl diphosphate synthase | Geranyltranstransferase | Dimethylallyltranstransferase",2.0,,P14324,1|2,P14324-1|P14324-2
CHEMBL217,Homo sapiens,P14416,DRD2 | D(2) dopamine receptor | Dopamine D2 receptor,3.0,,P14416,1|2|3,P14416-1|P14416-2|P14416-3
CHEMBL1973,Homo sapiens,P14679,Monophenol monooxygenase | Tumor rejection antigen AB | Tyrosinase | SK29-AB | LB24-AB | TYR,2.0,,P14679,1|2,P14679-1|P14679-2
CHEMBL1962,Homo sapiens,P14867,Gamma-aminobutyric acid receptor subunit alpha-1 | GABA(A) receptor subunit alpha-1 | GABRA1,1.0,,P14867,,
CHEMBL1908,Homo sapiens,P15538,Steroid 11-beta-hydroxylase | Cytochrome P-450c11 | S11BH | CYP11B1 | Cytochrome P450C11 | Cytochrome P450 11B1 | CYPXIB1 | mitochondrial,2.0,,P15538,1|2,P15538-1|P15538-2
CHEMBL1812,Homo sapiens,P16233,PNLIP | PTL | PL | Pancreatic lipase | Pancreatic triacylglycerol lipase,1.0,Optimum pH is 7.,P16233,,
CHEMBL1787,Homo sapiens,P18405,SRD5A1 | SR type 1 | S5AR 1 | Steroid 5-alpha-reductase 1 | 3-oxo-5-alpha-steroid 4-dehydrogenase 1,1.0,Optimally active at alkaline pHs.,P18405,,
CHEMBL1902,Homo sapiens,P62942,FKBP12 | FKBP1 | Calstabin-1 | Peptidyl-prolyl cis-trans isomerase FKBP1A | FK506-binding protein 1A | 12 kDa FKBP | FKBP-12 | Rotamase | 12 kDa FK506-binding protein | FKBP-1A | PPIase FKBP1A | FKBP1A | Immunophilin FKBP12,1.0,,P62942,,
CHEMBL1822,Homo sapiens,P20839,IMPD1 | IMPDH 1 | IMP dehydrogenase 1 | IMPD 1 | IMPDH1 | IMPDH-I | Inosine-5'-monophosphate dehydrogenase 1,7.0,,P20839,1|2|3|4|5|6|7,P20839-1|P20839-2|P20839-3|P20839-4|P20839-5|P20839-6|P20839-7
CHEMBL1951,Homo sapiens,P21397,MAO-A | Amine oxidase [flavin-containing] A | Monoamine oxidase type A | MAOA,2.0,,P21397,1|2,P21397-1|P21397-2
CHEMBL218,Homo sapiens,P21554,CB1 | CNR | CNR1 | Cannabinoid receptor 1 | CB-R | CANN6,3.0,,P21554,1|2|3,P21554-1|P21554-2|P21554-3
CHEMBL2056,Homo sapiens,P21728,Dopamine D1 receptor | D(1A) dopamine receptor | DRD1,1.0,,P21728,,
CHEMBL219,Homo sapiens,P21917,Dopamine D4 receptor | DRD4 | D(4) dopamine receptor | D(2C) dopamine receptor,1.0,,P21917,,
CHEMBL221,Homo sapiens,P23219,Prostaglandin H2 synthase 1 | COX1 | Cyclooxygenase-1 | PGH synthase 1 | Prostaglandin G/H synthase 1 | PGHS-1 | PHS 1 | COX-1 | PTGS1 | Prostaglandin-endoperoxide synthase 1,6.0,,P23219,1|2|3|4|5|6,P23219-1|P23219-2|P23219-3|P23219-4|P23219-5|P23219-6
CHEMBL222,Homo sapiens,P23975,SLC6A2 | Solute carrier family 6 member 2 | Norepinephrine transporter | NET | SLC6A5 | Sodium-dependent noradrenaline transporter | NET1 | NAT1,3.0,,P23975,1|2|3,P23975-1|P23975-2|P23975-3
CHEMBL1941,Homo sapiens,P25021,Gastric receptor I | H2R | HRH2 | HH2R | Histamine H2 receptor,2.0,,P25021,1|2,P25021-1|P25021-2
CHEMBL223,Homo sapiens,P25100,ADRA1A | ADRA1D | Alpha-1D adrenoceptor | Alpha-1A adrenergic receptor | Alpha-1D adrenoreceptor | Alpha-1D adrenergic receptor | Alpha-adrenergic receptor 1a,1.0,,P25100,,
CHEMBL2039,Homo sapiens,P27338,Monoamine oxidase type B | Amine oxidase [flavin-containing] B | MAO-B | MAOB,2.0,,P27338,1|2,P27338-1|P27338-2
CHEMBL1983,Homo sapiens,P28221,HTR1DA | Serotonin receptor 1D | 5-HT-1D | Serotonin 1D alpha receptor | HTR1D | 5-HT1D | 5-HT-1D-alpha | 5-hydroxytryptamine receptor 1D | HTRL,1.0,,P28221,,
CHEMBL1898,Homo sapiens,P28222,Serotonin receptor 1B | S12 | 5-hydroxytryptamine receptor 1B | HTR1B | 5-HT1B | Serotonin 1D beta receptor | 5-HT-1D-beta | HTR1DB | 5-HT-1B,1.0,,P28222,,
CHEMBL224,Homo sapiens,P28223,HTR2 | 5-HT-2 | 5-HT-2A | HTR2A | 5-hydroxytryptamine receptor 2A | Serotonin receptor 2A,2.0,,P28223,1|2,P28223-1|P28223-2
CHEMBL225,Homo sapiens,P28335,HTR1C | 5-HT1C | Serotonin receptor 2C | 5-HT2C | HTR2C | 5-HTR2C | 5-hydroxytryptamine receptor 1C | 5-HT-1C | 5-hydroxytryptamine receptor 2C | 5-HT-2C,2.0,,P28335,1|2,P28335-1|P28335-2
CHEMBL1790,Homo sapiens,P30518,AVPR V2 | DIR | ADHR | DIR3 | V2R | Vasopressin V2 receptor | Renal-type arginine vasopressin receptor | AVPR2 | Antidiuretic hormone receptor,2.0,,P30518,1|2,P30518-1|P30518-2
CHEMBL1903,Homo sapiens,P30531,GAT-1 | SLC6A1 | GAT1 | GABT1 | Sodium- and chloride-dependent GABA transporter 1 | Solute carrier family 6 member 1 | GABATR,1.0,,P30531,,
CHEMBL227,Homo sapiens,P30556,AGTR1A | AT1 receptor | Type-1 angiotensin II receptor | AT1BR | AGTR1B | AGTR1 | AT1AR | Angiotensin II type-1 receptor | AT2R1B | AT2R1,1.0,,P30556,,
CHEMBL1804,Homo sapiens,P30874,SS2-R | SST2 | Somatostatin receptor type 2 | SS-2-R | SRIF-1 | SS2R | SSTR2,2.0,,P30874,A|B,P30874-1|P30874-2
CHEMBL1855,Homo sapiens,P30968,GNRHR | GnRH receptor | Gonadotropin-releasing hormone receptor | GnRH-R | GRHR,2.0,,P30968,1|2,P30968-1|P30968-2
CHEMBL1856,Homo sapiens,P31213,3-oxo-5-alpha-steroid 4-dehydrogenase 2 | 5 alpha-SR2 | Type II 5-alpha reductase | S5AR 2 | SR type 2 | SRD5A2 | Steroid 5-alpha-reductase 2,1.0,Optimally active at acidic pHs.,P31213,,
CHEMBL228,Homo sapiens,P31645,Solute carrier family 6 member 4 | SERT | HTT | Sodium-dependent serotonin transporter | 5HTT | SLC6A4 | 5HT transporter,2.0,,P31645,1|2,P31645-1|P31645-2
CHEMBL1800,Homo sapiens,P34998,Corticotropin-releasing factor receptor 1 | CRH-R1 | Corticotropin-releasing hormone receptor 1 | CRFR-1 | CRF-R1 | CRFR1 | CRHR1 | CRH-R-1 | CRF-R-1 | CRHR | CRFR,5.0,,P34998,CRF-R2|CRF-R1|CRF-R3|CRF-R4|5,P34998-2|P34998-1|P34998-3|P34998-4|P34998-5
CHEMBL229,Homo sapiens,P35348,ADRA1A | Alpha-1C adrenergic receptor | Alpha-adrenergic receptor 1c | ADRA1C | Alpha-1A adrenergic receptor | Alpha-1A adrenoceptor | Alpha-1A adrenoreceptor,9.0,,P35348,1|2|3|4|5|6|7|8|9,P35348-1|P35348-2|P35348-3|P35348-4|P35348-5|P35348-6|P35348-7|P35348-8|P35348-9
CHEMBL230,Homo sapiens,P35354,COX2 | Prostaglandin G/H synthase 2 | Cyclooxygenase-2 | PTGS2 | Prostaglandin H2 synthase 2 | PGHS-2 | COX-2 | Prostaglandin-endoperoxide synthase 2 | PGH synthase 2 | PHS II,1.0,,P35354,,
CHEMBL231,Homo sapiens,P35367,HH1R | H1R | Histamine H1 receptor | HRH1,1.0,,P35367,,
CHEMBL232,Homo sapiens,P35368,Alpha-1B adrenoceptor | Alpha-1B adrenergic receptor | Alpha-1B adrenoreceptor | ADRA1B,1.0,,P35368,,
CHEMBL233,Homo sapiens,P35372,hMOP | Mu opiate receptor | Mu-type opioid receptor | MOR1 | OPRM1 | Mu opioid receptor | MOR-1 | MOP | M-OR-1,18.0,,P35372,1|2|3|4|5|6|7|8|9|10|11|12|13|14|15|16|17|18,P35372-1|P35372-2|P35372-3|P35372-4|P35372-5|P35372-6|P35372-7|P35372-8|P35372-9|P35372-10|P35372-11|P35372-12|P35372-13|P35372-14|P35372-15|P35372-16|P35372-17|P35372-18
CHEMBL234,Homo sapiens,P35462,Dopamine D3 receptor | D(3) dopamine receptor | DRD3,2.0,,P35462,1|3,P35462-1|P35462-3
CHEMBL1845,Homo sapiens,P35498,Voltage-gated sodium channel subunit alpha Nav1.1 | SCN1 | Sodium channel protein type 1 subunit alpha | Sodium channel protein brain I subunit alpha | SCN1A | NAC1 | Sodium channel protein type I subunit alpha,3.0,,P35498,1|2|3,P35498-1|P35498-2|P35498-3
CHEMBL235,Homo sapiens,P37231,PPAR-gamma | Nuclear receptor subfamily 1 group C member 3 | NR1C3 | PPARG | Peroxisome proliferator-activated receptor gamma,3.0,,P37231,2|1|3,P37231-1|P37231-2|P37231-3
CHEMBL1889,Homo sapiens,P37288,Vasopressin V1a receptor | V1aR | AVPR1A | AVPR1 | Antidiuretic hormone receptor 1a | Vascular/hepatic-type arginine vasopressin receptor | AVPR V1a,1.0,,P37288,,
CHEMBL236,Homo sapiens,P41143,DOR-1 | OPRD | D-OR-1 | OPRD1 | Delta-type opioid receptor,1.0,,P41143,,
CHEMBL237,Homo sapiens,P41145,K-OR-1 | OPRK | OPRK1 | Kappa-type opioid receptor | KOR-1,2.0,,P41145,1|2,P41145-1|P41145-2
CHEMBL2014,Homo sapiens,P41146,ORL1 | OOR | OPRL1 | KOR-3 | Orphanin FQ receptor | Kappa-type 3 opioid receptor | Nociceptin receptor,2.0,,P41146,1|2,P41146-1|P41146-2
CHEMBL1987,Homo sapiens,P43088,Prostanoid FP receptor | Prostaglandin F2-alpha receptor | PGF receptor | PTGFR | PGF2-alpha receptor,7.0,,P43088,1|2|3|4|5|6|7,P43088-1|P43088-2|P43088-3|P43088-4|P43088-5|P43088-6|P43088-7
CHEMBL1881,Homo sapiens,P43116,PTGER2 | PGE2 receptor EP2 subtype | Prostanoid EP2 receptor | PGE receptor EP2 subtype | Prostaglandin E2 receptor EP2 subtype,1.0,,P43116,,
CHEMBL1995,Homo sapiens,P43119,Prostacyclin receptor | PGI2 receptor | PRIPR | PTGIR | Prostaglandin I2 receptor | PGI receptor | Prostanoid IP receptor,1.0,,P43119,,
CHEMBL1899,Homo sapiens,P46098,HTR3A | HTR3 | 5-HT3R | 5-HT3-A | 5-HT-3 | Serotonin receptor 3A | 5-HT3A | Serotonin-gated ion channel receptor | 5-hydroxytryptamine receptor 3A | 5-hydroxytryptamine receptor 3 | 5HT3R,5.0,,P46098,1|2|3|4|5,P46098-1|P46098-2|P46098-3|P46098-4|P46098-5
CHEMBL1849,Mycobacterium tuberculosis,P9WGR1,Enoyl-ACP reductase | FAS-II enoyl-ACP reductase | NADH-dependent 2-trans-enoyl-ACP reductase | ENR | Enoyl-[acyl-carrier-protein] reductase [NADH] | inhA,1.0,,P9WGR1,,
CHEMBL1985,Homo sapiens,P47871,GCGR | GL-R | Glucagon receptor,1.0,,P47871,,
CHEMBL1921,Homo sapiens,P47901,AVPR3 | V1bR | VPR3 | AVPR V3 | AVPR1B | Antidiuretic hormone receptor 1b | Vasopressin V3 receptor | AVPR V1b | Vasopressin V1b receptor,1.0,,P47901,,
CHEMBL1919,Homo sapiens,P54289,Voltage-dependent calcium channel subunit alpha-2/delta-1 | MHS3 | CACNA2D1 | CACNL2A | CCHL2A | Voltage-gated calcium channel subunit alpha-2/delta-1,5.0,,P54289,1|2|3|4|5,P54289-1|P54289-2|P54289-3|P54289-4|P54289-5
CHEMBL238,Homo sapiens,Q01959,Solute carrier family 6 member 3 | DAT | SLC6A3 | DA transporter | Sodium-dependent dopamine transporter | DAT1,1.0,,Q01959,,
CHEMBL1966,Homo sapiens,Q02127,DHODH | Dihydroorotate oxidase | Dihydroorotate dehydrogenase (quinone) | DHOdehase | mitochondrial,1.0,,Q02127,,
CHEMBL239,Homo sapiens,Q07869,PPAR | NR1C1 | Peroxisome proliferator-activated receptor alpha | Nuclear receptor subfamily 1 group C member 1 | PPARA | PPAR-alpha,2.0,,Q07869,1|2,Q07869-1|Q07869-2
CHEMBL240,Homo sapiens,Q12809,hERG-1 | Ether-a-go-go-related protein 1 | H-ERG | Eag-related protein 1 | ERG1 | KCNH2 | ERG | hERG1 | Potassium voltage-gated channel subfamily H member 2 | Ether-a-go-go-related gene potassium channel 1 | Voltage-gated potassium channel subunit Kv11.1 | ERG-1 | Eag homolog | HERG,6.0,,Q12809,A|B|4|A-USO|B-USO|3.1,Q12809-1|Q12809-2|Q12809-4|Q12809-5|Q12809-6|Q12809-7
CHEMBL1972,Homo sapiens,Q12879,Glutamate receptor ionotropic | NR2A | NMDAR2A | N-methyl D-aspartate receptor subtype 2A | GluN2A | GRIN2A | NMDA 2A | hNR2A | Glutamate [NMDA] receptor subunit epsilon-1,2.0,,Q12879,1|2,Q12879-1|Q12879-2
CHEMBL1875,Homo sapiens,Q13639,5-HT4 | Serotonin receptor 4 | HTR4 | 5-hydroxytryptamine receptor 4 | 5-HT-4,9.0,,Q13639,5-HT4(B)|5-HT4(A)|5-HT4(C)|5-HT4(D)|5-HT4(E)|5-HT4(F)|5-HT4(G)|5-HT4(I)|5-HT4c1,Q13639-1|Q13639-2|Q13639-3|Q13639-4|Q13639-5|Q13639-6|Q13639-7|Q13639-8|Q13639-9
CHEMBL1940,Homo sapiens,Q13936,Calcium channel | CACNA1C | isoform 1 | cardiac muscle | Voltage-dependent L-type calcium channel subunit alpha-1C | CACH2 | CACN2 | CACNL1A1 | alpha-1 polypeptide | CCHL1A1 | L type | Voltage-gated calcium channel subunit alpha Cav1.2,37.0,,Q13936,1|2|3|4|5|6|7|8|9|10|11|12|13|14|15|16|17|18|19|20|21|22|23|24|25|26|27|28|29|30|31|32|33|34|35|36|37,Q13936-1|Q13936-2|Q13936-3|Q13936-4|Q13936-5|Q13936-6|Q13936-7|Q13936-8|Q13936-9|Q13936-10|Q13936-11|Q13936-12|Q13936-13|Q13936-14|Q13936-15|Q13936-16|Q13936-17|Q13936-18|Q13936-19|Q13936-20|Q13936-21|Q13936-22|Q13936-23|Q13936-24|Q13936-25|Q13936-26|Q13936-27|Q13936-28|Q13936-29|Q13936-30|Q13936-31|Q13936-32|Q13936-33|Q13936-34|Q13936-35|Q13936-36|Q13936-37
CHEMBL241,Homo sapiens,Q14432,"cGI-PDE | Cyclic GMP-inhibited phosphodiesterase A | cGMP-inhibited cAMP phosphodiesterase | CGI-PDE A | PDE3A | cGMP-inhibited 3',5'-cyclic phosphodiesterase 3A",1.0,,Q14432,,
CHEMBL1927,Homo sapiens,Q16881,GRIM-12 | Peroxidase TXNRD1 | TR | cytoplasmic | Thioredoxin reductase 1 | KDRF | Thioredoxin reductase TR1 | GRIM12 | KM-102-derived reductase-like factor | Gene associated with retinoic and interferon-induced mortality 12 protein | TXNRD1 | Gene associated with retinoic and IFN-induced mortality 12 protein,7.0,,Q16881,1|2|3|4|5|6|7,Q16881-1|Q16881-2|Q16881-3|Q16881-4|Q16881-5|Q16881-6|Q16881-7
CHEMBL242,Homo sapiens,Q92731,Estrogen receptor beta | Nuclear receptor subfamily 3 group A member 2 | ER-beta | ESR2 | ESTRB | NR3A2,9.0,,Q92731,1|2|3|4|5|6|7|8|9,Q92731-1|Q92731-2|Q92731-3|Q92731-4|Q92731-5|Q92731-6|Q92731-7|Q92731-8|Q92731-9
CHEMBL1997,Homo sapiens,Q99808,hENT1 | es-type | Equilibrative nitrobenzylmercaptopurine riboside-sensitive nucleoside transporter | Equilibrative NBMPR-sensitive nucleoside transporter | SLC29A1 | Nucleoside transporter | es nucleoside transporter | Solute carrier family 29 member 1 | Equilibrative nucleoside transporter 1 | ENT1,2.0,,Q99808,1|2,Q99808-1|Q99808-2
CHEMBL2001,Homo sapiens,Q9H244,P2T(AC) | P2Y purinoceptor 12 | P2Y12 | SP1999 | P2Y(ADP) | P2Y(cyc) | ADPG-R | P2Y(AC) | P2Y12 platelet ADP receptor | HORK3 | P2RY12 | ADP-glucose receptor,1.0,,Q9H244,,
CHEMBL1798,Homo sapiens,Q9Y271,LTD4 receptor | CYSLTR1 | CysLTR1 | G-protein coupled receptor HG55 | HMTMF81 | Cysteinyl leukotriene D4 receptor | Cysteinyl leukotriene receptor 1 | CYSLT1,1.0,,Q9Y271,,
CHEMBL1892,Homo sapiens,Q04609,GCPII | NAALADase I | Cell growth-inhibiting gene 27 protein | Folylpoly-gamma-glutamate carboxypeptidase | Prostate-specific membrane antigen | Pteroylpoly-gamma-glutamate carboxypeptidase | FOLH | PSM | N-acetylated-alpha-linked acidic dipeptidase I | FOLH1 | Folate hydrolase 1 | Glutamate carboxypeptidase II | PSMA | Membrane glutamate carboxypeptidase | NAALAD1 | mGCP | Glutamate carboxypeptidase 2 | FGCP,8.0,Stable at pH greater than 6.5.,Q04609,PSMA-1|PSMA-3|PSMA-4|PSMA'|PSMA-7|PSMA-8|PSMA-9|10,Q04609-1|Q04609-3|Q04609-4|Q04609-6|Q04609-7|Q04609-8|Q04609-9|Q04609-10
CHEMBL1825,Homo sapiens,P01375,TNF-a | TNF-alpha | Tumor necrosis factor ligand superfamily member 2 | TNFSF2 | TNF | Tumor necrosis factor | TNFA | Cachectin,1.0,,P01375,,
CHEMBL1824,Homo sapiens,P04626, | HER2 | NGL | Proto-oncogene Neu | MLN19 | Proto-oncogene c-ErbB-2 | Tyrosine kinase-type cell surface receptor HER2 | MLN 19 | p185erbB2 | ERBB2 | NEU | Receptor tyrosine-protein kinase erbB-2 | Metastatic lymph node gene 19 protein,6.0,,P04626,1|2|3|4|5|6,P04626-1|P04626-2|P04626-3|P04626-4|P04626-5|P04626-6
CHEMBL2016,Homo sapiens,P00740,Christmas factor | F9 | PTC | Coagulation factor IX | Plasma thromboplastin component,2.0,,P00740,1|2,P00740-1|P00740-2
CHEMBL244,Homo sapiens,P00742,F10 | Stuart factor | Stuart-Prower factor | Coagulation factor X,1.0,,P00742,,
CHEMBL1913,Homo sapiens,P09619, | PDGFRB | PDGFR1 | PDGF-R-beta | PDGFR | Platelet-derived growth factor receptor 1 | Beta platelet-derived growth factor receptor | Platelet-derived growth factor receptor beta | PDGFR-1 | PDGFR-beta | CD140 antigen-like family member B | Beta-type platelet-derived growth factor receptor,2.0,,P09619,1|2,P09619-1|P09619-2
CHEMBL1821,Homo sapiens,P08173,CHRM4 | Muscarinic acetylcholine receptor M4,1.0,,P08173,,
CHEMBL1942,Homo sapiens,P18089,ADRA2L1 | Alpha-2B adrenoreceptor | Alpha-2BAR | Alpha-2B adrenergic receptor | ADRA2B | ADRA2RL1 | Alpha-2B adrenoceptor | Alpha-2 adrenergic receptor subtype C2,1.0,,P18089,,
CHEMBL1916,Homo sapiens,P18825,ADRA2L2 | ADRA2C | ADRA2RL2 | Alpha-2C adrenoreceptor | Alpha-2 adrenergic receptor subtype C4 | Alpha-2CAR | Alpha-2C adrenoceptor | Alpha-2C adrenergic receptor,1.0,,P18825,,
CHEMBL1850,Homo sapiens,P21918,DRD1B | D(5) dopamine receptor | DRD1L2 | D(1B) dopamine receptor | Dopamine D5 receptor | DRD5 | D1beta dopamine receptor,1.0,,P21918,,
CHEMBL1904,Homo sapiens,Q13224,NR2B | N-methyl-D-aspartate receptor subunit 3 | Glutamate receptor ionotropic | GRIN2B | NMDA 2B | Glutamate [NMDA] receptor subunit epsilon-2 | N-methyl D-aspartate receptor subtype 2B | hNR3 | NMDAR2B | NR3 | GluN2B,1.0,,Q13224,,
CHEMBL246,Homo sapiens,P13945,ADRB3R | ADRB3 | Beta-3 adrenoreceptor | Beta-3 adrenoceptor | B3AR | Beta-3 adrenergic receptor,1.0,,P13945,,
CHEMBL1833,Homo sapiens,P41595,5-HT2B | Serotonin receptor 2B | 5-hydroxytryptamine receptor 2B | 5-HT-2B | HTR2B,1.0,,P41595,,
CHEMBL1957,Homo sapiens,P08069, | Insulin-like growth factor 1 receptor | IGF-I receptor | IGF1R | Insulin-like growth factor I receptor,1.0,,P08069,,
CHEMBL248,Homo sapiens,P08246,Bone marrow serine protease | Human leukocyte elastase | Elastase-2 | Neutrophil elastase | HLE | PMN elastase | Medullasin | ELANE | ELA2,1.0,,P08246,,
CHEMBL1944,Homo sapiens,P08473, | Atriopeptidase | NEP | Enkephalinase | Common acute lymphocytic leukemia antigen | Neutral endopeptidase 24.11 | Neutral endopeptidase | CALLA | SFE | EPN | Neprilysin | MME | Skin fibroblast elastase,1.0,,P08473,,
CHEMBL4618,Homo sapiens,P09960,LTA4H | LTA-4 hydrolase | Tripeptide aminopeptidase LTA4H | Leukotriene A-4 hydrolase | LTA4 | Leukotriene A(4) hydrolase,4.0,,P09960,1|2|3|4,P09960-1|P09960-2|P09960-3|P09960-4
CHEMBL1936,Homo sapiens,P10721, | v-kit Hardy-Zuckerman 4 feline sarcoma viral oncogene homolog | Tyrosine-protein kinase Kit | SCFR | Mast/stem cell growth factor receptor Kit | Piebald trait protein | Proto-oncogene c-Kit | PBT | KIT | p145 c-kit,3.0,,P10721,1|2|3,P10721-1|P10721-2|P10721-4
CHEMBL2003,Homo sapiens,P13631,Retinoic acid receptor gamma | NR1B3 | Nuclear receptor subfamily 1 group B member 3 | RAR-gamma | RARG,4.0,,P13631,1|2|3|4,P13631-1|P13631-2|P13631-3|P13631-4
CHEMBL1900,Homo sapiens,P15121,Aldo-keto reductase family 1 member B1 | AR | Aldehyde reductase | AKR1B1 | ALDR1 | Aldose reductase | ALR2,1.0,,P15121,,
CHEMBL1907,Homo sapiens,P15144, | PEPN | AP-N | Microsomal aminopeptidase | Alanyl aminopeptidase | AP-M | gp150 | Aminopeptidase M | ANPEP | hAPN | Aminopeptidase N | APN | CD13 | Myeloid plasma membrane glycoprotein CD13,1.0,,P15144,,
CHEMBL2069,Homo sapiens,P21731,Prostanoid TP receptor | TBXA2R | TXA2-R | Thromboxane A2 receptor,2.0,,P21731,1|2,P21731-3|P21731-2
CHEMBL1785,Homo sapiens,P24530,Endothelin receptor non-selective type | ETRB | ET-B | EDNRB | Endothelin receptor type B | ET-BR,3.0,,P24530,A|B|C,P24530-1|P24530-2|P24530-3
CHEMBL1835,Homo sapiens,P24557,TXA synthase | TXAS | CYP5A1 | TXS | Cytochrome P450 5A1 | Hydroperoxy icosatetraenoate dehydratase | Thromboxane-A synthase | TBXAS1 | CYP5,4.0,,P24557,1|2|3|4,P24557-1|P24557-2|P24557-3|P24557-4
CHEMBL252,Homo sapiens,P25101,ET-A | Endothelin receptor type A | hET-AR | ETA | ETRA | ETA-R | EDNRA | Endothelin-1 receptor,5.0,,P25101,1|2|3|4|5,P25101-1|P25101-2|P25101-3|P25101-4|P25101-5
CHEMBL249,Homo sapiens,P25103,TACR1 | Substance-P receptor | NK-1 receptor | Tachykinin receptor 1 | NK-1R | TAC1R | SPR | NK1R,2.0,,P25103,1|2,P25103-1|P25103-3
CHEMBL251,Homo sapiens,P29274,Adenosine receptor A2a | ADORA2 | ADORA2A,1.0,,P29274,,
CHEMBL253,Homo sapiens,P34972,CB2A | CB-2 | CB2 | CX5 | CNR2 | Cannabinoid receptor 2 | CB2B | hCB2,1.0,,P34972,,
CHEMBL1811,Homo sapiens,P34995,PGE receptor EP1 subtype | Prostanoid EP1 receptor | PTGER1 | Prostaglandin E2 receptor EP1 subtype | PGE2 receptor EP1 subtype,1.0,,P34995,,
CHEMBL1836,Homo sapiens,P35408,PTGER2 | Prostaglandin E2 receptor EP4 subtype | PGE receptor EP4 subtype | PGE2 receptor EP4 subtype | PTGER4 | Prostanoid EP4 receptor,1.0,,P35408,,
CHEMBL2004,Homo sapiens,P48443,Nuclear receptor subfamily 2 group B member 3 | NR2B3 | RXRG | Retinoid X receptor gamma | Retinoic acid receptor RXR-gamma,1.0,,P48443,,
CHEMBL1947,Homo sapiens,P10828,Thyroid hormone receptor beta | NR1A2 | THR1 | ERBA2 | Nuclear receptor subfamily 1 group A member 2 | THRB | c-erbA-2 | c-erbA-beta,2.0,,P10828,Beta-1|Beta-2,P10828-1|P10828-2|P37243-1
CHEMBL2061,Homo sapiens,P19793,RXRA | Retinoid X receptor alpha | Nuclear receptor subfamily 2 group B member 1 | NR2B1 | Retinoic acid receptor RXR-alpha,2.0,,P19793,1|2,P19793-1|P19793-2
CHEMBL254,Homo sapiens,P27815,"cAMP-specific 3',5'-cyclic phosphodiesterase 4A | PDE4A | DPDE2 | PDE46",7.0,,P27815,1|2|3|4|5|6|7,P27815-1|P27815-2|P27815-3|P27815-4|P27815-5|P27815-6|P27815-7
CHEMBL1870,Homo sapiens,P28702,RXRB | Nuclear receptor subfamily 2 group B member 2 | NR2B2 | Retinoic acid receptor RXR-beta | Retinoid X receptor beta,2.0,,P28702,1|2,P28702-1|P28702-3
CHEMBL255,Homo sapiens,P29275,ADORA2B | Adenosine receptor A2b,1.0,,P29275,,
CHEMBL1805,Homo sapiens,P30939,HTR1F | 5-HT-1F | 5-hydroxytryptamine receptor 1F | HTR1EL | 5-HT1F | Serotonin receptor 1F,1.0,,P30939,,
CHEMBL1878,Homo sapiens,P41180,PCAR1 | CaR | hCasR | GPRC2A | CASR | Extracellular calcium-sensing receptor | CaSR | PCaR1 | Parathyroid cell calcium-sensing receptor 1,2.0,,P41180,1|2,P41180-1|P41180-2
CHEMBL2063,Homo sapiens,Q16739,GLCT-1 | Glucosylceramide synthase | Ceramide glucosyltransferase | UDP-glucose:N-acylsphingosine D-glucosyltransferase | UGCG | GCS | Glycosylceramide synthase | UDP-glucose ceramide glucosyltransferase,1.0,,Q16739,,
CHEMBL1923,Plasmodium falciparum,P05227,Histidine-rich protein PFHRP-II,1.0,,P05227,,
CHEMBL1993,Homo sapiens,P26358,M.HsaI | CXXC-type zinc finger protein 9 | DNMT | MCMT | DNA (cytosine-5)-methyltransferase 1 | DNA methyltransferase HsaI | AIM | CXXC9 | Dnmt1 | DNMT1 | DNA MTase HsaI,3.0,,P26358,1|2|3,P26358-1|P26358-2|P26358-3
CHEMBL1992,Homo sapiens,Q9Y6K1,M.HsaIIIA | Dnmt3a | DNMT3A | DNA (cytosine-5)-methyltransferase 3A | Cysteine methyltransferase DNMT3A | DNA MTase HsaIIIA | DNA methyltransferase HsaIIIA,3.0,,Q9Y6K1,1|2|3,Q9Y6K1-1|Q9Y6K1-2|Q9Y6K1-3
CHEMBL2027,Homo sapiens,Q9UHC9,NPC1L1 | NPC1-like intracellular cholesterol transporter 1 | Niemann-Pick C1-like protein 1,4.0,,Q9UHC9,1|2|3|4,Q9UHC9-1|Q9UHC9-2|Q9UHC9-3|Q9UHC9-4
CHEMBL2581,Homo sapiens,P07339,Cathepsin D | CTSD | CPSD,1.0,,P07339,,
CHEMBL4329,Mus musculus,P33534,K-OR-1 | MSL-1 | Kappa-type opioid receptor | Oprk1 | KOR-1,1.0,,P33534,,
CHEMBL5113,Homo sapiens,O43613,Ox-1-R | Ox1-R | Hypocretin receptor type 1 | Orexin receptor type 1 | Ox1R | HCRTR1 | Orexin/Hypocretin receptor type 1,1.0,,O43613,,
CHEMBL2135,Rattus norvegicus,P49653,P2X purinoceptor 2 | Purinergic receptor | P2X2 | P2rx2 | ATP receptor,3.0,,P49653,P2RX2-1|P2RX2-2|P2RX2-3,P49653-1|P49653-2|P49653-3
CHEMBL4714,Homo sapiens,Q15077,P2Y purinoceptor 6 | P2Y6 | P2RY6,1.0,,Q15077,,
CHEMBL4715,Sus scrofa,P00592,PLA2G1B | major isoenzyme | Phosphatidylcholine 2-acylhydrolase 1B | Group IB phospholipase A2 | Phospholipase A2,1.0,,P00592,,
CHEMBL4330,Homo sapiens,Q9NS75,CysLTR2 | CYSLT2R | G-protein coupled receptor HG57 | CYSLTR2 | G-protein coupled receptor GPCR21 | hGPCR21 | Cysteinyl leukotriene receptor 2 | HPN321 | CYSLT2,1.0,,Q9NS75,,
CHEMBL3157,Homo sapiens,P30411,BKR2 | BK-2 receptor | BDKRB2 | B2 bradykinin receptor | B2R,2.0,,P30411,Long|Short,P30411-1|P30411-2
CHEMBL3629,Homo sapiens,P68400,CK II alpha | CSNK2A1 | CK2A1 | Casein kinase II subunit alpha,2.0,,P68400,1|2,P68400-1|P68400-2
CHEMBL2468,Homo sapiens,O43293,Dlk | Death-associated protein kinase 3 | Zipper-interacting protein kinase | DAP-like kinase | MYPT1 kinase | DAPK3 | ZIP-kinase | DAP kinase 3 | ZIPK,2.0,,O43293,1|2,O43293-1|O43293-2
CHEMBL3142,Homo sapiens,P78527,DNPK1 | DNA-PKcs | DNA-dependent protein kinase catalytic subunit | HYRC1 | HYRC | DNA-PK catalytic subunit | p460 | PRKDC,2.0,,P78527,1|2,P78527-1|P78527-2
CHEMBL2470,Rattus norvegicus,Q9QZN9,CB2 | CB-2 | rCB2 | Cannabinoid receptor 2 | Cnr2,2.0,,Q9QZN9,1|2,Q9QZN9-1|Q9QZN9-2
CHEMBL3313,Torpedo californica,P81721,VAChT | Vesicular acetylcholine transporter | TorVAChT,1.0,,P81721,,
CHEMBL2443,Homo sapiens,P49862,Serine protease 6 | Kallikrein-7 | Stratum corneum chymotryptic enzyme | KLK7 | PRSS6 | SCCE | hK7 | hSCCE,2.0,,P49862,1|2,P49862-1|P49862-2
CHEMBL4068,Homo sapiens,P23946,CYH | Mast cell protease I | Alpha-chymase | Chymase | CYM | CMA1,2.0,,P23946,1|2,P23946-1|P23946-2
CHEMBL2447,Homo sapiens,P27707,dCK | Deoxyadenosine kinase | Deoxyguanosine kinase | Deoxycytidine kinase | DCK,1.0,,P27707,,
CHEMBL4647,Homo sapiens,Q9HBH1,PDF | Peptide deformylase | PDF1A | Polypeptide deformylase | mitochondrial,1.0,,Q9HBH1,,
CHEMBL2329,Candida albicans,P22906,Dihydrofolate reductase | DFR1,1.0,,P22906,,
CHEMBL2575,Gallus gallus,P00378,Dihydrofolate reductase | DHFR,1.0,,P00378,,
CHEMBL4550,Homo sapiens,P20292,ALOX5AP | Arachidonate 5-lipoxygenase-activating protein | MK-886-binding protein | FLAP,1.0,,P20292,,
CHEMBL2121,Homo sapiens,P15328,FBP | FOLR1 | Folate receptor 1 | Ovarian tumor-associated antigen MOv18 | adult | Adult folate-binding protein | FR-alpha | KB cells FBP | FOLR | Folate receptor alpha | Folate receptor,1.0,,P15328,,
CHEMBL4769,Homo sapiens,O95749,"Farnesyltranstransferase | Geranyltranstransferase | GGPP synthase | Geranylgeranyl diphosphate synthase | GGPS1 | (2E,6E)-farnesyl diphosphate synthase | GGPPSase | Farnesyl diphosphate synthase | Geranylgeranyl pyrophosphate synthase | Dimethylallyltranstransferase",2.0,,O95749,1|2,O95749-1|O95749-2
CHEMBL2882,Cavia porcellus,P47747,Gastric receptor I | H2R | HRH2 | HH2R | Histamine H2 receptor,1.0,,P47747,,
CHEMBL3961,Homo sapiens,Q15759,MAP kinase p38 beta | SAPK2 | MAPK 11 | MAP kinase 11 | PRKM11 | SAPK2B | Mitogen-activated protein kinase 11 | p38b | SAPK2b | Stress-activated protein kinase 2b | p38-2 | Mitogen-activated protein kinase p38 beta | MAPK11,2.0,,Q15759,1|2,Q15759-1|Q15759-3
CHEMBL4833,Homo sapiens,P41440,RFT-1 | SLC19A1 | IFC-1 | Reduced folate carrier protein | Folate:anion antiporter SLC19A1 | RFC1 | FLOT1 | Placental folate transporter | hRFC | Solute carrier family 19 member 1 | Reduced folate transporter | Intestinal folate carrier 1 | Cyclic dinucleotide:anion antiporter SLC19A1 | Reduced folate transporter 1 | FOLT | hSLC19A1 | RFC,3.0,,P41440,1|2|3,P41440-1|P41440-2|P41440-3
CHEMBL2334,Homo sapiens,P42574,SREBP cleavage activity 1 | CPP-32 | Caspase-3 | SCA-1 | CPP32 | Protein Yama | Cysteine protease CPP32 | CASP-3 | CASP3 | Apopain,1.0,,P42574,,
CHEMBL3429,Homo sapiens,P11474,ERR-alpha | ERR1 | NR3B1 | Estrogen receptor-like 1 | Steroid hormone receptor ERR1 | Nuclear receptor subfamily 3 group B member 1 | ESRRA | Estrogen-related receptor alpha | ESRL1,2.0,,P11474,1|2,P11474-1|P11474-2
CHEMBL3514,Homo sapiens,Q13093,PLA2G7 | Group-VIIA phospholipase A2 | LDL-PLA(2) | PAFAH | Platelet-activating factor acetylhydrolase | gVIIA-PLA2 | 2-acetyl-1-alkylglycerophosphocholine esterase | LDL-associated phospholipase A2 | PAF 2-acylhydrolase | 1-alkyl-2-acetylglycerophosphocholine esterase | PAF acetylhydrolase,1.0,,Q13093,,
CHEMBL2885,Homo sapiens,P07451,Carbonate dehydratase III | CA-III | CA3 | Carbonic anhydrase III | Carbonic anhydrase 3,1.0,,P07451,,
CHEMBL258,Homo sapiens,P06239,Protein YT16 | p56-LCK | T cell-specific protein-tyrosine kinase | LCK | LSK | Leukocyte C-terminal Src kinase | Tyrosine-protein kinase Lck | Proto-oncogene Lck | Lymphocyte cell-specific protein-tyrosine kinase,3.0,,P06239,Long|Short|3,P06239-1|P06239-2|P06239-3
CHEMBL4835,Homo sapiens,P00338,L-lactate dehydrogenase A chain | Renal carcinoma antigen NY-REN-59 | LDH-A | LDH-M | Cell proliferation-inducing gene 19 protein | LDHA | LDH muscle subunit,5.0,,P00338,1|2|3|4|5,P00338-1|P00338-2|P00338-3|P00338-4|P00338-5
CHEMBL4877,Homo sapiens,P50391,NPY4R | PPYR1 | Pancreatic polypeptide receptor 1 | NPY4-R | Neuropeptide Y receptor type 4 | PP1,1.0,,P50391,,
CHEMBL4878,Homo sapiens,Q16678,Cytochrome P450 1B1 | Hydroperoxy icosatetraenoate dehydratase | CYPIB1 | CYP1B1,1.0,,Q16678,,
CHEMBL2360,Homo sapiens,P00492,HPRT | HGPRT | Hypoxanthine-guanine phosphoribosyltransferase | HGPRTase | HPRT1,1.0,,P00492,,
CHEMBL2888,Homo sapiens,Q14832,GPRC1C | GRM3 | Metabotropic glutamate receptor 3 | mGluR3 | MGLUR3,2.0,,Q14832,1|2,Q14832-1|Q14832-2
CHEMBL4589,Homo sapiens,P28161,Glutathione S-transferase Mu 2 | GST4 | GSTM2 | GSTM2-2 | GST class-mu 2,2.0,,P28161,1|2,P28161-1|P28161-2
CHEMBL3959,Homo sapiens,P16083,NRH dehydrogenase [quinone] 2 | Ribosyldihydronicotinamide dehydrogenase [quinone] | NQO2 | NRH:quinone oxidoreductase 2 | NMOR2 | QR2 | Quinone reductase 2,1.0,,P16083,,
CHEMBL1853,Homo sapiens,P31391,Somatostatin receptor type 4 | SS4-R | SST4 | SS4R | SSTR4 | SS-4-R,1.0,,P31391,,
CHEMBL2327,Homo sapiens,P21452,NKNAR | NK-2 receptor | Neurokinin A receptor | SKR | Substance-K receptor | NK2R | Tachykinin receptor 2 | TAC2R | TACR2 | NK-2R,1.0,,P21452,,
CHEMBL3589,Homo sapiens,P55263,Adenosine kinase | Adenosine 5'-phosphotransferase | AK | ADK,4.0,,P55263,1|2|3|4,P55263-1|P55263-2|P55263-3|P55263-4
CHEMBL3025,Homo sapiens,P23280,Secreted carbonic anhydrase | Carbonate dehydratase VI | Carbonic anhydrase 6 | Salivary carbonic anhydrase | Carbonic anhydrase VI | CA-VI | CA6,3.0,,P23280,1|2|3,P23280-1|P23280-2|P23280-3
CHEMBL260,Homo sapiens,Q16539,MAP kinase MXI2 | MAPK14 | MAX-interacting protein 2 | CSBP | SAPK2A | MAP kinase p38 alpha | CSBP1 | MAPK 14 | CSPB1 | SAPK2a | CSBP2 | Mitogen-activated protein kinase 14 | Stress-activated protein kinase 2a | Mitogen-activated protein kinase p38 alpha | MXI2 | CSAID-binding protein | Cytokine suppressive anti-inflammatory drug-binding protein | MAP kinase 14,5.0,,Q16539,CSBP2|CSBP1|Mxi2|Exip|5,Q16539-1|Q16539-2|Q16539-3|Q16539-4|Q16539-5
CHEMBL2083,Homo sapiens,P15090,Fatty acid-binding protein 4 | Fatty acid-binding protein | Adipocyte-type fatty acid-binding protein | A-FABP | FABP4 | AFABP | Adipocyte lipid-binding protein | adipocyte | ALBP,1.0,,P15090,,
CHEMBL261,Homo sapiens,P00915,CAB | Carbonate dehydratase I | Carbonic anhydrase 1 | Carbonic anhydrase B | CA-I | Cyanamide hydratase CA1 | Carbonic anhydrase I | CA1,1.0,,P00915,,
CHEMBL262,Homo sapiens,P49841,GSK3B | Glycogen synthase kinase-3 beta | Serine/threonine-protein kinase GSK3B | GSK-3 beta,2.0,,P49841,1|2,P49841-1|P49841-2
CHEMBL4306,Homo sapiens,P22460,Voltage-gated potassium channel HK2 | Voltage-gated potassium channel subunit Kv1.5 | KCNA5 | Potassium voltage-gated channel subfamily A member 5 | HPCN1,2.0,,P22460,1|2,P22460-1|P22460-2
CHEMBL4940,Homo sapiens,P07195,Renal carcinoma antigen NY-REN-46 | LDH heart subunit | LDH-B | LDH-H | L-lactate dehydrogenase B chain | LDHB,1.0,,P07195,,
CHEMBL2085,Homo sapiens,P14174,MMIF | L-dopachrome tautomerase | Macrophage migration inhibitory factor | Glycosylation-inhibiting factor | MIF | GIF | GLIF | Phenylpyruvate tautomerase | L-dopachrome isomerase,1.0,,P14174,,
CHEMBL4941,Homo sapiens,Q13126,MSAP | MTAP | S-methyl-5'-thioadenosine phosphorylase | 5'-methylthioadenosine phosphorylase | MTA phosphorylase | MTAPase,7.0,Optimum pH is 7.2-7.6.,Q13126,1|2|3|4|5|6|7,Q13126-1|Q13126-2|Q13126-3|Q13126-4|Q13126-5|Q13126-6|Q13126-7
CHEMBL2918,Homo sapiens,P22694,PKA C-beta | PRKACB | cAMP-dependent protein kinase catalytic subunit beta,10.0,,P22694,1|2|3|4|5|6|7|8|9|10,P22694-1|P22694-2|P22694-3|P22694-4|P22694-5|P22694-6|P22694-7|P22694-8|P22694-9|P22694-10
CHEMBL3155,Homo sapiens,P34969,5-HT-7 | Serotonin receptor 7 | 5-HT-X | 5-hydroxytryptamine receptor 7 | 5-HT7 | HTR7,3.0,,P34969,D|A|B,P34969-1|P34969-2|P34969-3
CHEMBL3438,Homo sapiens,Q05513,PRKCZ | nPKC-zeta | PKC2 | Protein kinase C zeta type,3.0,,Q05513,1|2|3,Q05513-1|Q05513-2|Q05513-3
CHEMBL2171,Homo sapiens,P52564,SKK3 | MAPK/ERK kinase 6 | MEK 6 | SAPKK3 | Dual specificity mitogen-activated protein kinase kinase 6 | MAP2K6 | SAPK kinase 3 | MAP kinase kinase 6 | PRKMK6 | Stress-activated protein kinase kinase 3 | MAPKK 6 | MEK6 | SAPKK-3 | MKK6,2.0,,P52564,1|2,P52564-1|P52564-2
CHEMBL3776,Homo sapiens,Q14790,MCH5 | Caspase-8 | Apoptotic protease Mch-5 | CASP-8 | CAP4 | ICE-like apoptotic protease 5 | Apoptotic cysteine protease | CASP8 | FADD-like ICE | MACH | FLICE | FADD-homologous ICE/ced-3-like protease | MORT1-associated ced-3 homolog,9.0,,Q14790,1|2|3|4|5|6|7|8|9,Q14790-1|Q14790-2|Q14790-3|Q14790-4|Q14790-5|Q14790-6|Q14790-7|Q14790-8|Q14790-9
CHEMBL2428,Homo sapiens,Q15746,MYLK | smooth muscle | MYLK1 | Telokin | Kinase-related protein | smMLCK | MLCK1 | KRP | Myosin light chain kinase | MLCK,11.0,,Q15746,1|2|3A|3B|4|Del-1790|5|6|7|8|9,Q15746-1|Q15746-2|Q15746-3|Q15746-4|Q15746-5|Q15746-6|Q15746-7|Q15746-8|Q15746-9|Q15746-10|Q15746-11
CHEMBL3807,Homo sapiens,P17706,PTPT | TCPTP | Tyrosine-protein phosphatase non-receptor type 2 | PTPN2 | T-cell protein-tyrosine phosphatase,4.0,,P17706,1|2|3|4,P17706-1|P17706-2|P17706-3|P17706-4
CHEMBL4794,Homo sapiens,Q8NER1,TRPV1 | Transient receptor potential cation channel subfamily V member 1 | Osm-9-like TRP channel 1 | VR1 | Vanilloid receptor 1 | Capsaicin receptor | OTRPC1 | TrpV1,2.0,,Q8NER1,1|2,Q8NER1-1|Q8NER1-3
CHEMBL2426,Homo sapiens,Q9HCP0,CKI-gamma 1 | Casein kinase I isoform gamma-1 | CSNK1G1,2.0,,Q9HCP0,1L|1S,Q9HCP0-1|Q9HCP0-2
CHEMBL4142,Homo sapiens,P21802, | FGFR-2 | KGFR | K-sam | Keratinocyte growth factor receptor | FGFR2 | KSAM | Fibroblast growth factor receptor 2 | BEK,17.0,,P21802,1|2|3|4|5|6|7|8|9|10|11|12|13|14|15|16|17,P21802-1|P21802-2|P21802-3|P21802-4|P21802-5|P21802-6|P21802-8|P21802-14|P21802-15|P21802-16|P21802-17|P21802-18|P21802-19|P21802-20|P21802-21|P21802-22|P21802-23
CHEMBL3650,Homo sapiens,P11362, | FGFR1 | FGFBR | Proto-oncogene c-Fgr | CEK | FGFR-1 | Basic fibroblast growth factor receptor 1 | N-sam | bFGF-R-1 | BFGFR | Fms-like tyrosine kinase 2 | FLT2 | FLT-2 | Fibroblast growth factor receptor 1 | FLG | HBGFR,21.0,,P11362,1|2|3|4|5|6|7|8|9|10|11|12|13|14|15|16|17|18|19|20|21,P11362-1|P11362-8|P11362-17|P11362-2|P11362-9|P11362-3|P11362-10|P11362-4|P11362-11|P11362-5|P11362-12|P11362-6|P11362-13|P11362-7|P11362-14|P11362-15|P11362-16|P11362-18|P11362-19|P11362-20|P11362-21
CHEMBL3066,Rattus norvegicus,P30969,GnRH receptor | GnRH-R | Gnrhr | Gonadotropin-releasing hormone receptor,1.0,,P30969,,
CHEMBL4824,Rattus norvegicus,P49654,Purinergic receptor | P2X3 | P2rx3 | ATP receptor | P2X purinoceptor 3,1.0,,P49654,,
CHEMBL4708,Homo sapiens,Q13188,Serine/threonine-protein kinase Krs-1 | Mammalian STE20-like protein kinase 2 | KRS1 | MST2 | STE20-like kinase MST2 | MST-2 | STK3 | Serine/threonine-protein kinase 3,2.0,,Q13188,1|2,Q13188-1|Q13188-2
CHEMBL2424,Homo sapiens,Q04760,Lactoylglutathione lyase | Aldoketomutase | GLO1 | S-D-lactoylglutathione methylglyoxal lyase | Methylglyoxalase | Glyoxalase I | Glx I | Ketone-aldehyde mutase,2.0,,Q04760,1|2,Q04760-1|Q04760-2
CHEMBL264,Homo sapiens,Q9Y5N1,HH3R | GPCR97 | H3R | Histamine H3 receptor | HRH3 | G-protein coupled receptor 97,7.0,,Q9Y5N1,1|2|3|4|5|6|7,Q9Y5N1-1|Q9Y5N1-2|Q9Y5N1-3|Q9Y5N1-4|Q9Y5N1-5|Q9Y5N1-6|Q9Y5N1-7
CHEMBL5373,Mus musculus,P47936,CB2 | CB-2 | Cannabinoid receptor 2 | mCB2 | Cnr2,1.0,,P47936,,
CHEMBL2480,Mus musculus,P06240,Proto-oncogene tyrosine-protein kinase LCK | p56-LCK | Lymphocyte cell-specific protein-tyrosine kinase | Lsk-t | LSK | Leukocyte C-terminal Src kinase | Lck,1.0,,P06240,,
CHEMBL3266,Mus musculus,P22605,Retinoic acid receptor beta | Nuclear receptor subfamily 1 group B member 2 | Rarb | Nr1b2 | RAR-beta,4.0,,P22605,Beta-3|Beta-1|Beta-2|Beta-4,P22605-1|P22605-2|P22605-3|P22605-4
CHEMBL265,Rattus norvegicus,P18901,Dopamine D1 receptor | D(1A) dopamine receptor | Drd1 | Drd1a,1.0,,P18901,,
CHEMBL4828,Rattus norvegicus,Q01827,Solute carrier family 18 member 2 | VAT2 | Vmat2 | Synaptic vesicular amine transporter | Svat | Slc18a2 | Monoamine transporter | Vesicular amine transporter 2,1.0,,Q01827,,
CHEMBL3222,Mus musculus,P32300,DOR-1 | MSL-2 | Oprd1 | D-OR-1 | K56 | Delta-type opioid receptor,1.0,,P32300,,
CHEMBL2474,Homo sapiens,P53582,Peptidase M 1 | METAP1 | KIAA0094 | MetAP 1 | Methionine aminopeptidase 1 | MAP 1,1.0,,P53582,,
CHEMBL3419,Homo sapiens,Q96IY4,CPB2 | Thrombin-activable fibrinolysis inhibitor | Carboxypeptidase B2 | pCPB | Plasma carboxypeptidase B | Carboxypeptidase U | TAFI | CPU,2.0,,Q96IY4,1|2,Q96IY4-1|Q96IY4-2
CHEMBL2391,Rattus norvegicus,P16232,Hsd11b1 | Corticosteroid 11-beta-dehydrogenase isozyme 1 | 7-oxosteroid reductase | Hsd11 | 11-beta-HSD1 | 11-DH | 11-beta-hydroxysteroid dehydrogenase 1,2.0,,P16232,11-HSD1A|11-HSD1B,P16232-1|P16232-2
CHEMBL3710,Homo sapiens,P43115,PGE2-R | Prostanoid EP3 receptor | PTGER3 | PGE receptor EP3 subtype | PGE2 receptor EP3 subtype | Prostaglandin E2 receptor EP3 subtype,12.0,,P43115,EP3A|EP3C|EP3B|EP3D|EP3E|EP3F|EP3G|EP3-III|EP3-IV|EP3-V|EP3E2|12,P43115-1|P43115-2|P43115-3|P43115-4|P43115-5|P43115-6|P43115-7|P43115-8|P43115-9|P43115-10|P43115-11|P43115-12
CHEMBL3351,Homo sapiens,Q13085,ACC1 | ACAC | Acetyl-CoA carboxylase 1 | Acetyl-Coenzyme A carboxylase alpha | ACCA | ACC-alpha | ACACA,4.0,,Q13085,1|2|3|4,Q13085-1|Q13085-2|Q13085-3|Q13085-4
CHEMBL2335,Homo sapiens,P42785,PCP | Angiotensinase C | Lysosomal carboxypeptidase C | Proline carboxypeptidase | Prolylcarboxypeptidase | Lysosomal Pro-X carboxypeptidase | PRCP,2.0,,P42785,1|2,P42785-1|P42785-2
CHEMBL3775,Homo sapiens,P30304,M-phase inducer phosphatase 1 | CDC25A | Dual specificity phosphatase Cdc25A,2.0,,P30304,1|2,P30304-1|P30304-2
CHEMBL2733,Mus musculus,O08858,Smstr5 | SS-5-R | Sstr5 | SS5R | Somatostatin receptor type 5 | SS5-R,1.0,,O08858,,
CHEMBL4944,Rattus norvegicus,P23097,Mmp13 | UMRCASE | Matrix metalloproteinase-13 | MMP-13 | Collagenase 3,1.0,,P23097,,
CHEMBL4945,Gallus gallus,P40220,CRABP1 | Cellular retinoic acid-binding protein 1 | Cellular retinoic acid-binding protein I | CRABP-I,1.0,,P40220,,
CHEMBL3994,Staphylococcus aureus,Q6GI75,fabI | NADPH-dependent enoyl-ACP reductase | ENR | Enoyl-[acyl-carrier-protein] reductase [NADPH] FabI,1.0,,Q6GI75,,
CHEMBL2363,Rattus norvegicus,Q920D2,Dhfr | Dihydrofolate reductase,1.0,,Q920D2,,
CHEMBL4468,Rattus norvegicus,Q91ZY1,HH4R | H4R | Histamine H4 receptor | Hrh4,1.0,,Q91ZY1,,
CHEMBL2828,Homo sapiens,P48730,HCKID | Tau-protein kinase CSNK1D | CKId | Casein kinase I isoform delta | CKI-delta | CSNK1D,2.0,,P48730,1|2,P48730-1|P48730-2
CHEMBL4948,Homo sapiens,Q13163,PRKMK5 | MAPKK 5 | Dual specificity mitogen-activated protein kinase kinase 5 | MEK 5 | MKK5 | MAP2K5 | MEK5 | MAP kinase kinase 5 | MAPK/ERK kinase 5,4.0,,Q13163,B|A|C|4,Q13163-1|Q13163-2|Q13163-3|Q13163-4
CHEMBL4072,Homo sapiens,P07858,CPSB | Cathepsin B1 | APPS | APP secretase | CTSB | Cathepsin B,1.0,,P07858,,
CHEMBL4121,Homo sapiens,Q13554,CAMK2 | CaM kinase II subunit beta | CAMKB | CaMK-II subunit beta | Calcium/calmodulin-dependent protein kinase type II subunit beta | CAMK2B | CAM2,8.0,,Q13554,4|1|2|3|5|6|7|8,Q13554-1|Q13554-2|Q13554-3|Q13554-4|Q13554-5|Q13554-6|Q13554-7|Q13554-8
CHEMBL2104,Homo sapiens,Q99571,P2X purinoceptor 4 | Purinergic receptor | P2X4 | ATP receptor | P2RX4,3.0,,Q99571,1|2|3,Q99571-1|Q99571-2|Q99571-3
CHEMBL4805,Homo sapiens,Q99572,P2RX7 | Purinergic receptor | P2X purinoceptor 7 | P2X7 | ATP receptor | P2Z receptor,8.0,,Q99572,A|B|C|D|E|F|G|H,Q99572-1|Q99572-2|Q99572-3|Q99572-4|Q99572-5|Q99572-6|Q99572-7|Q99572-8
CHEMBL267,Homo sapiens,P12931,SRC | Proto-oncogene tyrosine-protein kinase Src | SRC1 | Proto-oncogene c-Src | pp60c-src | p60-Src,3.0,,P12931,1|2|3,P12931-1|P12931-2|P12931-3
CHEMBL4779,Carica papaya,P00784, | Papain | Papaya proteinase I | PPI,1.0,Optimum pH is 4.,P00784,,
CHEMBL4074,Oryctolagus cuniculus,P12822, | Dipeptidyl carboxypeptidase I | ACE | Angiotensin-converting enzyme | Kininase II | DCP1,2.0,,P12822,Somatic|Testis-specific,P12822-1|P12822-2|P22968-1
CHEMBL3768,Oryctolagus cuniculus,P08049, | Atriopeptidase | NEP | Enkephalinase | Neutral endopeptidase 24.11 | Neutral endopeptidase | SFE | Neprilysin | MME | Skin fibroblast elastase,1.0,,P08049,,
CHEMBL3769,Bos taurus,P00760,PRSS1 | Serine protease 1 | TRYP1 | TRY1 | Pretrypsinogen I | Anionic trypsin-I | Trypsin I | TRP1 | Anionic trypsin I | Beta-trypsin | Cationic trypsin | Trypsin-I,1.0,,P00760,,
CHEMBL5131,Trypanosoma cruzi,P28593,"TPR | TR | Trypanothione reductase | N(1),N(8)-bis(glutathionyl)spermidine reductase",1.0,,P28593,,
CHEMBL3563,Trypanosoma cruzi,P25779,Major cysteine proteinase | Cruzaine | Cruzipain,1.0,,P25779,,
CHEMBL2902,Lactobacillus casei,P00381,Dihydrofolate reductase | folA | dhfR,1.0,,P00381,,
CHEMBL3565,Neisseria gonorrhoeae,P04174,Dihydrofolate reductase | folA,1.0,,P04174,,
CHEMBL1901,Homo sapiens,P32238,CCK-AR | Cholecystokinin receptor type A | CCKRA | Cholecystokinin-1 receptor | CCKAR | CCK-A receptor | CCK1-R,1.0,,P32238,,
CHEMBL2107,Homo sapiens,P61073, | CXCR4 | CXC-R4 | Stromal cell-derived factor 1 receptor | LPS-associated protein 3 | Fusin | Lipopolysaccharide-associated protein 3 | SDF-1 receptor | NPYRL | FB22 | C-X-C chemokine receptor type 4 | LESTR | CXCR-4 | HM89 | LAP-3 | Leukocyte-derived seven transmembrane domain receptor | LCR1,2.0,,P61073,1|2,P61073-1|P30991-1|P61073-2|P30991-2
CHEMBL4777,Homo sapiens,P25929,NPYR | NPYY1 | Neuropeptide Y receptor type 1 | NPY1R | NPY1-R,1.0,,P25929,,
CHEMBL2754,Homo sapiens,P01730,T-cell surface glycoprotein CD4 |  | T-cell surface antigen T4/Leu-3 | CD4,1.0,,P01730,,
CHEMBL4018,Homo sapiens,P49146,NPY2R | Y2 receptor | NPY-Y2 receptor | Neuropeptide Y receptor type 2 | NPY2-R,1.0,,P49146,,
CHEMBL2109,Homo sapiens,P46734,Stress-activated protein kinase kinase 2 | SKK2 | MEK 3 | Dual specificity mitogen-activated protein kinase kinase 3 | MEK3 | MAP kinase kinase 3 | MKK3 | SAPK kinase 2 | SAPKK2 | MAPK/ERK kinase 3 | MAP2K3 | MAPKK 3 | SAPKK-2 | PRKMK3,3.0,,P46734,3|1|2,P46734-1|P46734-2|P46734-3
CHEMBL2508,Homo sapiens,Q00534,Cyclin-dependent kinase 6 | Cell division protein kinase 6 | Serine/threonine-protein kinase PLSTIRE | CDK6 | CDKN6,1.0,,Q00534,,
CHEMBL2516,Rattus norvegicus,P48442,RaKCaR | Gprc2a | Parathyroid cell calcium-sensing receptor | Extracellular calcium-sensing receptor | Pcar1 | Casr | CaSR | PCaR1,1.0,,P48442,,
CHEMBL4071,Homo sapiens,P08311,CTSG | CG | Cathepsin G,1.0,,P08311,,
CHEMBL268,Homo sapiens,P43235,Cathepsin O2 | Cathepsin K | CTSO | Cathepsin O | CTSO2 | CTSK | Cathepsin X,1.0,,P43235,,
CHEMBL3837,Homo sapiens,P07711,MEP | Procathepsin L | Major excreted protein | Cathepsin L1 | CTSL | CTSL1,2.0,"Optimum pH is 5.5, also active at pH 7.0 with CUX1 as substrate.",P07711,1|2,P07711-1|P07711-3
CHEMBL3037,Mus musculus,P47746,CB1 | Cannabinoid receptor 1 | Brain-type cannabinoid receptor | CB-R | Cnr1,1.0,,P47746,,
CHEMBL3571,Rattus norvegicus,P20272,CB1 | Cannabinoid receptor 1 | Brain-type cannabinoid receptor | CB-R | Cnr1 | Skr6,1.0,,P20272,,
CHEMBL2088,Homo sapiens,P15085,Carboxypeptidase A1 | CPA | CPA1,1.0,,P15085,,
CHEMBL4478,Homo sapiens,Q00975,Calcium channel | Voltage-dependent N-type calcium channel subunit alpha-1B | CACNL1A5 | BIII | CACNA1B | Voltage-gated calcium channel subunit alpha Cav2.2 | Brain calcium channel III | L type | CACH5 | alpha-1 polypeptide isoform 5,2.0,,Q00975,Alpha-1B-1|Alpha-1B-2,Q00975-1|Q00975-2
CHEMBL3762,Rattus norvegicus,P22002,Calcium channel | isoform 1 | cardiac muscle | Voltage-dependent L-type calcium channel subunit alpha-1C | Rat brain class C | alpha-1 polypeptide | Cacn2 | RBC | Cacnl1a1 | Cchl1a1 | L type | Voltage-gated calcium channel subunit alpha Cav1.2 | Cach2 | Cacna1c,5.0,,P22002,2|1|3|4|5,P22002-1|P22002-2|P22002-3|P22002-4|P22002-5
CHEMBL3572,Homo sapiens,P11597,CETP | Lipid transfer protein I | Cholesteryl ester transfer protein,2.0,,P11597,1|2,P11597-1|P11597-2
CHEMBL269,Rattus norvegicus,P33533,DOR-1 | Ror-a | Oprd1 | D-OR-1 | Opioid receptor A | Delta-type opioid receptor,1.0,,P33533,,
CHEMBL3614,Rattus norvegicus,P34975,K-OR-1 | Ror-d | Kappa-type opioid receptor | Oprk1 | KOR-1,1.0,,P34975,,
CHEMBL270,Rattus norvegicus,P33535,Mu-type opioid receptor | Opioid receptor B | MOR-1 | Ror-b | M-OR-1 | Oprm1,8.0,,P33535,1|2|3|4|5|6|7|8,P33535-1|P33535-2|P33535-3|P33535-4|P33535-5|P33535-6|P33535-7|P33535-8
CHEMBL2527,Homo sapiens,O96017,RAD53 | CHK2 | CHK2 checkpoint homolog | Cds1 homolog | CHEK2 | Checkpoint kinase 2 | CDS1 | hCds1 | Hucds1 | Serine/threonine-protein kinase Chk2,13.0,,O96017,1|2|3|4|5|6|7|8|9|10|11|12|13,O96017-1|O96017-2|O96017-3|O96017-4|O96017-5|O96017-6|O96017-7|O96017-8|O96017-9|O96017-10|O96017-11|O96017-12|O96017-13
CHEMBL1914,Homo sapiens,P06276,Acylcholine acylhydrolase | Choline esterase II | Cholinesterase | BCHE | Butyrylcholine esterase | CHE1 | Pseudocholinesterase,1.0,,P06276,,
CHEMBL2528,Mus musculus,Q03311,Bche | Acylcholine acylhydrolase | Choline esterase II | Cholinesterase | Butyrylcholine esterase | Pseudocholinesterase,1.0,,Q03311,,
CHEMBL2530,Rattus norvegicus,P47824,P2X purinoceptor 1 | P2X1 | Purinergic receptor | P2rx1 | RP-2 protein | ATP receptor,1.0,,P47824,,
CHEMBL2531,Homo sapiens,Q9UBL9,P2X purinoceptor 2 | Purinergic receptor | P2RX2 | P2X2 | ATP receptor,7.0,,Q9UBL9,A|B|C|D|H|I|K,Q9UBL9-1|Q9UBL9-2|Q9UBL9-3|Q9UBL9-4|Q9UBL9-5|Q9UBL9-6|Q9UBL9-7
CHEMBL2496,Rattus norvegicus,Q64663,ATP receptor | Purinergic receptor | P2X purinoceptor 7 | P2X7 | P2rx7 | P2Z receptor,1.0,,Q64663,,
CHEMBL2123,Homo sapiens,P51582,Uridine nucleotide receptor | UNR | P2Y4 | P2P | P2RY4 | P2Y purinoceptor 4 | NRU,1.0,,P51582,,
CHEMBL4315,Homo sapiens,P47900,P2Y1 | ADP receptor | Purinergic receptor | P2Y purinoceptor 1 | P2RY1,1.0,,P47900,,
CHEMBL2413,Homo sapiens,P32246, | SCYAR1 | MIP-1alpha-R | Macrophage inflammatory protein 1-alpha receptor | RANTES-R | CCR1 | HM145 | CCR-1 | C-C chemokine receptor type 1 | LD78 receptor | C-C CKR-1 | CC-CKR-1 | CMKBR1 | CMKR1,1.0,,P32246,,
CHEMBL3473,Homo sapiens,P51677, | CKR3 | C C CKR3 | Eosinophil eotaxin receptor | CMKBR3 | C-C CKR-3 | C-C chemokine receptor type 3 | CCR3 | CC-CKR-3 | CCR-3 | CKR 3,2.0,,P51677,1|2,P51677-1|P51677-2
CHEMBL3996,Rattus norvegicus,P70536,Oxytocin receptor | Oxtr | OT-R | Otr,1.0,,P70536,,
CHEMBL2498,Bos taurus,P32871,"Phosphoinositide-3-kinase catalytic alpha polypeptide | Serine/threonine protein kinase PIK3CA | PtdIns-3-kinase subunit p110-alpha | PI3-kinase subunit alpha | PIK3CA | p110alpha | Phosphatidylinositol 4,5-bisphosphate 3-kinase 110 kDa catalytic subunit alpha | PI3Kalpha | Phosphatidylinositol 4,5-bisphosphate 3-kinase catalytic subunit alpha isoform | PtdIns-3-kinase subunit alpha | PI3K-alpha",1.0,,P32871,,
CHEMBL2499,Mus musculus,P42337,"Phosphoinositide-3-kinase catalytic alpha polypeptide | Serine/threonine protein kinase PIK3CA | Pik3ca | PtdIns-3-kinase subunit p110-alpha | PI3-kinase subunit alpha | p110alpha | Phosphatidylinositol 4,5-bisphosphate 3-kinase 110 kDa catalytic subunit alpha | PI3Kalpha | Phosphatidylinositol 4,5-bisphosphate 3-kinase catalytic subunit alpha isoform | PtdIns-3-kinase subunit alpha | PI3K-alpha",1.0,,P42337,,
CHEMBL4633,Homo sapiens,P22001,Potassium voltage-gated channel subfamily A member 3 | Voltage-gated K(+) channel HuKIII | HLK3 | HPCN3 | KCNA3 | HGK5 | Voltage-gated potassium channel subunit Kv1.3,1.0,,P22001,1|2|3,P22001-1|P22001-4|P22001-5
CHEMBL3399,Rattus norvegicus,P04775,Voltage-gated sodium channel subunit alpha Nav1.2 | Sodium channel protein brain II subunit alpha | Scn2a | Scn2a1 | Sodium channel protein type II subunit alpha | Sodium channel protein type 2 subunit alpha,1.0,,P04775,,
CHEMBL4966,Rattus norvegicus,P08104,Sodium channel protein type 3 subunit alpha | Scn3a | Voltage-gated sodium channel subunit alpha Nav1.3 | Sodium channel protein type III subunit alpha | Voltage-gated sodium channel subtype III | Sodium channel protein brain III subunit alpha,1.0,,P08104,,
CHEMBL4820,Bos taurus,P37289,Prostanoid FP receptor | Prostaglandin F2-alpha receptor | PGF receptor | PTGFR | PGF2-alpha receptor,1.0,,P37289,,
CHEMBL2438,Homo sapiens,P11678,EPP | EPER | EPO | Eosinophil peroxidase | EPX,1.0,,P11678,,
CHEMBL2439,Homo sapiens,P05164,MPO | Myeloperoxidase,3.0,,P05164,H17|H14|H7,P05164-1|P05164-2|P05164-3
CHEMBL2649,Mus musculus,P22437,Prostaglandin H2 synthase 1 | Cyclooxygenase-1 | PGH synthase 1 | Prostaglandin G/H synthase 1 | Cox-1 | PGHS-1 | Cox1 | PHS 1 | Ptgs1 | COX-1 | Prostaglandin-endoperoxide synthase 1,1.0,,P22437,,
CHEMBL273,Rattus norvegicus,P19327,5-HT-1A | 5-hydroxytryptamine receptor 1A | Htr1a | 5ht1a | Serotonin receptor 1A | 5-HT1A,1.0,,P19327,,
CHEMBL3459,Rattus norvegicus,P28564,Serotonin receptor 1B | 5-hydroxytryptamine receptor 1B | 5-HT1B | Htr1b | 5ht1b | 5-HT-1B,1.0,,P28564,,
CHEMBL2414,Homo sapiens,P51679, | K5-5 | CCR4 | CMKBR4 | C-C chemokine receptor type 4 | CC-CKR-4 | C-C CKR-4 | CCR-4,1.0,,P51679,,
CHEMBL274,Homo sapiens,P51681, | CMKBR5 | CCR5 | CC-CKR-5 | CHEMR13 | CCR-5 | HIV-1 fusion coreceptor | C-C CKR-5 | C-C chemokine receptor type 5,1.0,,P51681,,
CHEMBL3816,Homo sapiens,P47712,Phospholipase A2 group IVA | PLA2G4 | Cytosolic phospholipase A2 | PLA2G4A | CPLA2 | cPLA2,1.0,,P47712,,
CHEMBL3474,Homo sapiens,P14555,GIIC sPLA2 | membrane associated | PLA2L | Non-pancreatic secretory phospholipase A2 | Phosphatidylcholine 2-acylhydrolase 2A | Group IIA phospholipase A2 | NPS-PLA2 | Phospholipase A2 | RASF-A | PLA2G2A | PLA2B,1.0,,P14555,,
CHEMBL2154,Homo sapiens,Q9NZK7,sPLA2-IIE | PLA2G2E | GIIE sPLA2 | Phosphatidylcholine 2-acylhydrolase 2E | Group IIE secretory phospholipase A2,1.0,Optimum pH is 7-9.,Q9NZK7,,
CHEMBL3475,Homo sapiens,P05121,SERPINE1 | PAI | Endothelial plasminogen activator inhibitor | PAI1 | PAI-1 | PLANH1 | Serpin E1 | Plasminogen activator inhibitor 1,2.0,,P05121,1|2,P05121-1|P05121-2
CHEMBL3477,Bos taurus,P14099,"CGS-PDE | cGSPDE | cGMP-dependent 3',5'-cyclic phosphodiesterase | Cyclic GMP-stimulated phosphodiesterase | PDE2A",3.0,,P14099,PDE2A1|PDE2A2|PDE2A3,P14099-1|P14099-3|P14099-2
CHEMBL2652,Homo sapiens,O00408,"CGS-PDE | cGSPDE | cGMP-dependent 3',5'-cyclic phosphodiesterase | Cyclic GMP-stimulated phosphodiesterase | PDE2A",6.0,,O00408,PDE2A3|PDE2A1|PDE2A2|PDE2A4|5|6,O00408-1|O00408-2|O00408-3|O00408-4|O00408-5|O00408-6
CHEMBL275,Homo sapiens,Q07343,"PDE4B | DPDE4 | cAMP-specific 3',5'-cyclic phosphodiesterase 4B | PDE32",4.0,,Q07343,PDE4B1|PDE4B2|PDE4B3|PDE4B5,Q07343-1|Q07343-2|Q07343-3|Q07343-4
CHEMBL3478,Bos taurus,Q28156,"PDE5A | cGMP-specific 3',5'-cyclic phosphodiesterase | CGB-PDE | PDE5 | cGMP-binding cGMP-specific phosphodiesterase",1.0,,Q28156,,
CHEMBL2397,Rattus norvegicus,P11497,Acac | ACC1 | Acetyl-CoA carboxylase 1 | Acaca | ACC-alpha,2.0,,P11497,1|2,P11497-1|P11497-2
CHEMBL4829,Homo sapiens,O00763,ACC2 | ACACB | ACC-beta | ACCB | Acetyl-CoA carboxylase 2,3.0,Optimum pH is 7.5.,O00763,1|2|3,O00763-1|O00763-2|O00763-3
CHEMBL2534,Homo sapiens,O15530,hPDK1 | PDK1 | PDPK1 | 3-phosphoinositide-dependent protein kinase 1,5.0,,O15530,1|2|3|4|5,O15530-1|O15530-2|O15530-3|O15530-4|O15530-5
CHEMBL2181,Mus musculus,P35375,PGE receptor EP1 subtype | Prostanoid EP1 receptor | Prostaglandin E2 receptor EP1 subtype | Ptgerep1 | PGE2 receptor EP1 subtype | Ptger1,1.0,,P35375,,
CHEMBL2488,Mus musculus,Q62053,PGE2 receptor EP2 subtype | Ptger2 | Ptgerep2 | Prostanoid EP2 receptor | PGE receptor EP2 subtype | Prostaglandin E2 receptor EP2 subtype,1.0,,Q62053,,
CHEMBL2489,Mus musculus,P32240,Prostaglandin E2 receptor EP4 subtype | PGE receptor EP4 subtype | Ptgerep4 | PGE2 receptor EP4 subtype | Prostanoid EP4 receptor | Ptger4,1.0,,P32240,,
CHEMBL2182,Homo sapiens,P28566,5-HT1E | HTR1E | Serotonin receptor 1E | S31 | 5-hydroxytryptamine receptor 1E | 5-HT-1E,1.0,,P28566,,
CHEMBL2490,Sus scrofa,P50129,5-HT-2 | 5-HT-2A | HTR2A | 5-HT2A | 5-hydroxytryptamine receptor 2A | Serotonin receptor 2A,1.0,,P50129,,
CHEMBL3426,Homo sapiens,P47898,5-HT5A | HTR5A | 5-HT-5A | 5-hydroxytryptamine receptor 5A | Serotonin receptor 5A | 5-HT-5,1.0,,P47898,,
CHEMBL3371,Homo sapiens,P50406,Serotonin receptor 6 | 5-HT-6 | 5-hydroxytryptamine receptor 6 | 5-HT6 | HTR6,1.0,,P50406,,
CHEMBL2492,Homo sapiens,P36544,NACHRA7 | CHRNA7 | Neuronal acetylcholine receptor subunit alpha-7,3.0,,P36544,1|2|3,P36544-1|P36544-2|P36544-3
CHEMBL276,Rattus norvegicus,P08482,Chrm-1 | Muscarinic acetylcholine receptor M1 | Chrm1,1.0,,P08482,,
CHEMBL4892,Bos taurus,P18130,ADRA1A | Alpha-1C adrenergic receptor | ADRA1C | Alpha-1A adrenergic receptor | Alpha-1A adrenoceptor | Alpha-1A adrenoreceptor,1.0,,P18130,,
CHEMBL3974,Homo sapiens,P25116,Thrombin receptor | TR | PAR-1 | Coagulation factor II receptor | CF2R | F2R | PAR1 | Proteinase-activated receptor 1,1.0,,P25116,,
CHEMBL2487,Homo sapiens,P05067,Alzheimer disease amyloid protein | A4 | Alzheimer disease amyloid A4 protein homolog | APPI | Amyloid precursor protein | Cerebral vascular amyloid peptide | Protease nexin-II | PN-II | PreA4 | CVAP | AD1 | Amyloid-beta (A4) precursor protein | Amyloid-beta A4 protein | Amyloid-beta precursor protein | ABPP | APP,11.0,,P05067,APP770|APP305|L-APP677|APP695|L-APP696|APP714|L-APP733|APP751|L-APP752|APP639|11,P05067-1|P05067-2|P05067-3|P05067-4|P05067-5|P05067-6|P05067-7|P05067-8|P05067-9|P05067-10|P05067-11
CHEMBL3198,Mus musculus,P21836,AChE | Acetylcholinesterase | Ache,2.0,,P21836,T|H,P21836-1|P21836-2
CHEMBL2525,Homo sapiens,Q9Y5Z0,Asp 1 | Membrane-associated aspartic protease 1 | Theta-secretase | Down region aspartic protease | Aspartyl protease 1 | BACE2 | ASP21 | Aspartic-like protease 56 kDa | ALP56 | ASP1 | Beta-site APP cleaving enzyme 2 | Beta-secretase 2 | Memapsin-1 | Beta-site amyloid precursor protein cleaving enzyme 2 | AEPLC | DRAP,5.0,,Q9Y5Z0,1|2|3|4|5,Q9Y5Z0-1|Q9Y5Z0-2|Q9Y5Z0-3|Q9Y5Z0-4|Q9Y5Z0-5
CHEMBL2522,Homo sapiens,P16278,Acid beta-galactosidase | Beta-galactosidase | GLB1 | Elastin receptor 1 | ELNR1 | Lactase,3.0,Optimum pH is 4.5-5.5.,P16278,1|2|3,P16278-1|P16278-2|P16279-1|P16278-3
CHEMBL4613,Rattus norvegicus,P97583,B1 bradykinin receptor | Kinin B1 receptor | B1bkr | BK-1 receptor | B1R | Bkr | Bdkrb1 | KB1,1.0,,P97583,,
CHEMBL3200,Homo sapiens,Q9Y3R4,NEU2 | Cytosolic sialidase | Sialidase-2 | N-acetyl-alpha-neuraminidase 2,1.0,Optimum pH is 5.6.,Q9Y3R4,,
CHEMBL4027,Rattus norvegicus,P14600,Tacr1 | Substance-P receptor | NK-1 receptor | Tachykinin receptor 1 | NK-1R | Tac1r | SPR,1.0,,P14600,,
CHEMBL4607,Homo sapiens,P50052,Type-2 angiotensin II receptor | AT2 receptor | Angiotensin II type-2 receptor | AGTR2,1.0,,P50052,,
CHEMBL2524,Homo sapiens,P06280, | Alpha-D-galactoside galactohydrolase | Alpha-D-galactosidase A | GLA | Alpha-galactosidase A | Melibiase | Galactosylgalactosylglucosylceramidase GLA,1.0,,P06280,,
CHEMBL2431,Homo sapiens,P31751,Protein kinase Akt-2 | PKB beta | RAC-PK-beta | RAC-beta serine/threonine-protein kinase | Protein kinase B beta | AKT2,2.0,,P31751,1|2,P31751-1|P31751-2
CHEMBL4816,Homo sapiens,Q9Y243,PKB gamma | STK-2 | PKBG | Protein kinase Akt-3 | RAC-PK-gamma | AKT3 | Protein kinase B gamma | RAC-gamma serine/threonine-protein kinase,2.0,,Q9Y243,1|2,Q9Y243-1|Q9Y243-2
CHEMBL3922,Homo sapiens,P50579,MetAP 2 | MAP 2 | p67 | MNPEP | Initiation factor 2-associated 67 kDa glycoprotein | METAP2 | Methionine aminopeptidase 2 | P67EIF2 | Peptidase M | p67eIF2,3.0,,P50579,1|2|3,P50579-1|P50579-2|P50579-3
CHEMBL3254,Bos taurus,P21398,MAO-A | Amine oxidase [flavin-containing] A | Monoamine oxidase type A | MAOA,1.0,,P21398,,
CHEMBL4079,Homo sapiens,P25098,BARK | GRK2 | BARK1 | ADRBK1 | Beta-adrenergic receptor kinase 1 | G-protein coupled receptor kinase 2 | Beta-ARK-1,1.0,,P25098,,
CHEMBL3440,Mus musculus,P34971,Beta-1 adrenergic receptor | Beta-1 adrenoceptor | Adrb1r | Beta-1 adrenoreceptor | Adrb1,1.0,,P34971,,
CHEMBL3252,Rattus norvegicus,P18090,Beta-1 adrenergic receptor | Beta-1 adrenoceptor | Adrb1r | Beta-1 adrenoreceptor | Adrb1,1.0,,P18090,,
CHEMBL2179,Homo sapiens,P04062,GBA | Beta-glucocerebrosidase | Lysosomal glycosylceramidase | Alglucerase | GC | Cholesterol glucosyltransferase | D-glucosyl-N-acylsphingosine glucohydrolase | Acid beta-glucosidase | Glucosylceramidase beta 1 | Lysosomal cholesterol glycosyltransferase | GBA1 | Imiglucerase | SGTase | Lysosomal acid glucosylceramidase | Lysosomal acid GCase | Beta-glucosylceramidase 1 | Lysosomal galactosylceramidase | Beta-GC | Cholesteryl-beta-glucosidase | GLUC,5.0,Optimum pH is 5.3.,P04062,Long|Short|3|4|5,P04062-1|P04062-2|P04062-3|P04062-4|P04062-5
CHEMBL3476,Homo sapiens,O15111,IKK-A | IkBKA | Nuclear factor NF-kappa-B inhibitor kinase alpha | IKK-alpha | TCF16 | IKKA | NFKBIKA | Inhibitor of nuclear factor kappa-B kinase subunit alpha | I-kappa-B kinase 1 | IKK-1 | IKK1 | Transcription factor 16 | CHUK | Conserved helix-loop-helix ubiquitous kinase | TCF-16 | IkappaB kinase | I-kappa-B kinase alpha,1.0,,O15111,,
CHEMBL1991,Homo sapiens,O14920,IKBKB | IkBKB | IKK2 | IKK-2 | NFKBIKB | I-kappa-B-kinase beta | IKK-beta | Inhibitor of nuclear factor kappa-B kinase subunit beta | IKKB | IKK-B | Nuclear factor NF-kappa-B inhibitor kinase beta | I-kappa-B kinase 2 | Serine/threonine protein kinase IKBKB,4.0,,O14920,1|2|3|4,O14920-1|O14920-2|O14920-3|O14920-4
CHEMBL3080,Homo sapiens,Q13231,Chitinase-1 | CHIT1 | Chitotriosidase-1,4.0,,Q13231,1|2|3|4,Q13231-1|Q13231-2|Q13231-3|Q13231-4
CHEMBL3859,Rattus norvegicus,P22443,Cyp19 | Estrogen synthase | Aromatase | Cytochrome P-450AROM | CYPXIX | Cyp19a1 | Arom | Cytochrome P450 19A1,1.0,,P22443,,
CHEMBL3239,Rattus norvegicus,P09811,Pygl | Glycogen phosphorylase | Lgp | liver form,1.0,,P09811,,
CHEMBL2434,Homo sapiens,P25025, | High affinity interleukin-8 receptor B | C-X-C chemokine receptor type 2 | IL8RB | IL-8 receptor type 2 | GRO/MGSA receptor | CDw128b | CXCR2 | IL-8R B | CXC-R2 | CXCR-2,1.0,,P25025,,
CHEMBL3123,Homo sapiens,Q9UIK4,DRP-1 | DAPK2 | Death-associated protein kinase 2 | DAP kinase 2 | DAP-kinase-related protein 1,2.0,,Q9UIK4,1|2,Q9UIK4-1|Q9UIK4-2
CHEMBL2185,Homo sapiens,Q96GD4,Aurora 1 | Aurora kinase B | Serine/threonine-protein kinase 12 | AURKB | AIK2 | STK-1 | ARK2 | Serine/threonine-protein kinase 5 | STK1 | AIM1 | AIRK2 | Aurora-related kinase 2 | Aurora- and IPL1-like midbody-associated protein 1 | STK5 | Serine/threonine-protein kinase aurora-B | Aurora/IPL1-related kinase 2 | ARK-2 | AIM-1 | STK12,5.0,,Q96GD4,1|2|3|4|5,Q96GD4-1|Q96GD4-2|Q96GD4-3|Q96GD4-4|Q96GD4-5
CHEMBL3125,Homo sapiens,O75676,Ribosomal protein S6 kinase alpha-4 | Nuclear mitogen- and stress-activated protein kinase 2 | RSKB | 90 kDa ribosomal protein S6 kinase 4 | RPS6KA4 | S6K-alpha-4 | MSK2 | Ribosomal protein kinase B,2.0,,O75676,1|2,O75676-1|O75676-2
CHEMBL4761,Homo sapiens,Q16581,C3a anaphylatoxin chemotactic receptor | C3a-R | C3AR | C3R1 | AZ3B | HNFAG09 | C3AR1,1.0,,Q16581,,
CHEMBL5444,Homo sapiens,P07437,TUBB5 | TUBB | Tubulin beta chain | Tubulin beta-5 chain,1.0,,P07437,,
CHEMBL4649,Rattus norvegicus,P35353,Corticotropin-releasing factor receptor 1 | Corticotropin-releasing hormone receptor 1 | CRFR-1 | Crhr | CRF-R1 | Crhr1 | CRH-R1 | CRH-R-1 | CRF-R-1,1.0,,P35353,,
CHEMBL3819,Homo sapiens,Q92633,LPA-1 | LPAR1 | Lysophosphatidic acid receptor Edg-2 | Lysophosphatidic acid receptor 1 | LPA1 | LPA receptor 1 | EDG2,2.0,,Q92633,1|2,Q92633-1|Q92633-2
CHEMBL3230,Homo sapiens,O95977,Endothelial differentiation G-protein coupled receptor 6 | Sphingosine 1-phosphate receptor 4 | Sphingosine 1-phosphate receptor Edg-6 | S1P receptor 4 | S1P receptor Edg-6 | S1P4 | S1PR4 | EDG6,1.0,,O95977,,
CHEMBL3231,Homo sapiens,Q13464,Renal carcinoma antigen NY-REN-35 | Rho-associated | p160ROCK | coiled-coil-containing protein kinase I | Rho-associated protein kinase 1 | coiled-coil-containing protein kinase 1 | p160 ROCK-1 | ROCK1 | ROCK-I,1.0,,Q13464,,
CHEMBL4807,Apis mellifera,P00630, | Phospholipase A2 | bvPLA2 | Phosphatidylcholine 2-acylhydrolase | Allergen Api m I,1.0,,P00630,,
CHEMBL2147,Homo sapiens,P11309,PIM1 | Serine/threonine-protein kinase pim-1,2.0,,P11309,1|2,P11309-1|P11309-2
CHEMBL4552,Rattus norvegicus,P16257,Mbr | Mitochondrial benzodiazepine receptor | Tspo | Translocator protein | PBR | Peripheral-type benzodiazepine receptor | Bzrp | PKBS,1.0,,P16257,,
CHEMBL3032,Homo sapiens,Q16513,PRK2 | Serine/threonine-protein kinase N2 | PKN gamma | Protein kinase C-like 2 | Protein-kinase C-related kinase 2 | PRKCL2 | PKN2,5.0,,Q16513,1|2|3|4|5,Q16513-1|Q16513-2|Q16513-3|Q16513-4|Q16513-5
CHEMBL2634,Homo sapiens,P41240,Protein-tyrosine kinase CYL | C-Src kinase | Tyrosine-protein kinase CSK | CSK,1.0,,P41240,,
CHEMBL2536,Homo sapiens,Q13393,hPLD1 | PLD 1 | Choline phosphatase 1 | Phosphatidylcholine-hydrolyzing phospholipase D1 | Phospholipase D1 | PLD1,4.0,,Q13393,PLD1A|PLD1B|PLD1C|PLD1D,Q13393-1|Q13393-2|Q13393-3|Q13393-4
CHEMBL2148,Homo sapiens,P52333,JAK3 | Tyrosine-protein kinase JAK3 | JAK-3 | L-JAK | Leukocyte janus kinase | Janus kinase 3,3.0,,P52333,2|1|3,P52333-1|P52333-2|P52333-4
CHEMBL4237,Homo sapiens,O75582,RPS6KA5 | RSK-like protein kinase | MSK1 | S6K-alpha-5 | RSKL | Ribosomal protein S6 kinase alpha-5 | 90 kDa ribosomal protein S6 kinase 5 | Nuclear mitogen- and stress-activated protein kinase 1,3.0,,O75582,1|2|3,O75582-1|O75582-2|O75582-3
CHEMBL3028,Homo sapiens,Q96KS0,Prolyl hydroxylase EGLN2 | EIT6 | HPH-1 | Estrogen-induced tag 6 | HIF-PH1 | Hypoxia-inducible factor prolyl hydroxylase 1 | EIT-6 | Egl nine homolog 2 | Prolyl hydroxylase domain-containing protein 1 | HIF-prolyl hydroxylase 1 | HPH-3 | PHD1 | EGLN2,2.0,,Q96KS0,p43|p40,Q96KS0-1|Q96KS0-2
CHEMBL3192,Homo sapiens,Q9BY41,Histone deacetylase 8 | Protein deacetylase HDAC8 | HDACL1 | Protein decrotonylase HDAC8 | HDAC8 | HD8,6.0,,Q9BY41,1|4|5|6|7|8,Q9BY41-1|Q9BY41-4|Q9BY41-5|Q9BY41-6|Q9BY41-7|Q9BY41-8
CHEMBL2560,Mus musculus,P28867,Protein kinase C delta type | nPKC-delta | Pkcd | Tyrosine-protein kinase PRKCD | Prkcd,2.0,,P28867,1|2,P28867-1|P28867-2
CHEMBL3582,Homo sapiens,Q02156,nPKC-epsilon | PKCE | Protein kinase C epsilon type | PRKCE,1.0,,Q02156,,
CHEMBL2938,Homo sapiens,P05129,PKCG | Protein kinase C gamma type | PKC-gamma | PRKCG,2.0,,P05129,1|2,P05129-1|P05129-2
CHEMBL2794,Mus musculus,O88554,mPARP-2 | ADP-ribosyltransferase diphtheria toxin-like 2 | pADPRT-2 | ARTD2 | Aspartl2 | DNA ADP-ribosyltransferase PARP2 | Poly[ADP-ribose] synthase 2 | Protein poly-ADP-ribosyltransferase PARP2 | Adprt2 | NAD(+) ADP-ribosyltransferase 2 | PARP-2 | ADPRT-2 | Parp2 | Adprtl2 | Poly [ADP-ribose] polymerase 2,1.0,,O88554,,
CHEMBL2595,Homo sapiens,O94806,PRKD3 | Serine/threonine-protein kinase D3 | nPKC-nu | EPK2 | PRKCN | Protein kinase EPK2 | Protein kinase C nu type,2.0,,O94806,1|2,O94806-1|O94806-2
CHEMBL278,Homo sapiens,P13612, | Integrin alpha-IV | ITGA4 | VLA-4 subunit alpha | Integrin alpha-4 | CD49 antigen-like family member D | CD49D,2.0,,P13612,1|2,P13612-1|P13612-2
CHEMBL2597,Homo sapiens,Q13509,Tubulin beta-4 chain | TUBB4 | TUBB3 | Tubulin beta-III | Tubulin beta-3 chain,2.0,,Q13509,1|2,Q13509-1|Q13509-2
CHEMBL3861,Homo sapiens,Q15119,PDH kinase 2 | PDHK2 | [Pyruvate dehydrogenase (acetyl-transferring)] kinase isozyme 2 | PDK2 | PDKII | mitochondrial | Pyruvate dehydrogenase kinase isoform 2,2.0,,Q15119,1|2,Q15119-1|Q15119-2
CHEMBL3023,Homo sapiens,Q9NRA0,SPHK2 | Sphingosine kinase 2 | SK 2 | SPK 2 | SK2,5.0,,Q9NRA0,1|2|3|4|5,Q9NRA0-1|Q9NRA0-2|Q9NRA0-3|Q9NRA0-4|Q9NRA0-5
CHEMBL2598,Homo sapiens,P41743,Atypical protein kinase C-lambda/iota | DXS1179E | PRKCI | aPKC-lambda/iota | nPKC-iota | Protein kinase C iota type | PRKC-lambda/iota,1.0,,P41743,,
CHEMBL3863,Homo sapiens,Q15139,Protein kinase D | Serine/threonine-protein kinase D1 | Protein kinase C mu type | nPKC-D1 | PRKD1 | PRKCM | PKD1 | PKD | nPKC-mu,1.0,,Q15139,,
CHEMBL1906,Homo sapiens,P04049,Proto-oncogene c-RAF | RAF proto-oncogene serine/threonine-protein kinase | cRaf | RAF1 | Raf-1 | RAF,2.0,,P04049,1|2,P04049-1|P04049-2
CHEMBL2599,Homo sapiens,P43405,Spleen tyrosine kinase | Tyrosine-protein kinase SYK | p72-Syk | SYK,2.0,,P43405,Long|Short,P43405-1|P43405-2
CHEMBL3024,Homo sapiens,P53350,PLK | PLK-1 | Polo-like kinase 1 | STPK13 | PLK1 | Serine/threonine-protein kinase 13 | Serine/threonine-protein kinase PLK1,1.0,,P53350,,
CHEMBL4796,Homo sapiens,P17538,CTRB | CTRB1 | Chymotrypsinogen B,1.0,,P17538,,
CHEMBL4617,Homo sapiens,P11086,PNMT | PNMTase | Phenylethanolamine N-methyltransferase | Noradrenaline N-methyltransferase | PENT,1.0,,P11086,,
CHEMBL2959,Homo sapiens,Q08881,Tyrosine-protein kinase Lyk | T-cell-specific kinase | EMT | Interleukin-2-inducible T-cell kinase | LYK | ITK | Tyrosine-protein kinase ITK/TSK | Kinase EMT | IL-2-inducible T-cell kinase,1.0,,Q08881,,
CHEMBL2835,Homo sapiens,P23458,Janus kinase 1 | JAK1 | Tyrosine-protein kinase JAK1 | JAK1B | JAK-1 | JAK1A,1.0,,P23458,,
CHEMBL2968,Mus musculus,P52332,Tyrosine-protein kinase JAK1 | Janus kinase 1 | Jak1 | JAK-1,1.0,,P52332,,
CHEMBL3764,Homo sapiens,Q9UKP6,GPR14 | UR-II-R | Urotensin II receptor | Urotensin-2 receptor | UR-2-R | UTS2R | G-protein coupled receptor 14,1.0,,Q9UKP6,,
CHEMBL4921,Rattus norvegicus,P49684,G-protein coupled sensory epithelial neuropeptide-like receptor | SENR | Uts2r | UR-II-R | Urotensin II receptor | Urotensin-2 receptor | Gpr14 | UR-2-R | Senr | G-protein coupled receptor 14,1.0,,P49684,,
CHEMBL2553,Homo sapiens,Q15418,90 kDa ribosomal protein S6 kinase 1 | RSK1 | MAPKAPK1A | MAPKAPK-1a | Ribosomal protein S6 kinase alpha-1 | MAPKAP kinase 1a | RSK-1 | p90-RSK 1 | S6K-alpha-1 | RPS6KA1 | p90S6K | MAP kinase-activated protein kinase 1a | p90RSK1 | MAPK-activated protein kinase 1a | Ribosomal S6 kinase 1,4.0,,Q15418,1|2|3|4,Q15418-1|Q15418-2|Q15418-3|Q15418-4
CHEMBL3766,Rattus norvegicus,Q00788,AVPR V2 | Avpr2 | V2R | Renal-type arginine vasopressin receptor | Vasopressin V2 receptor | Antidiuretic hormone receptor,1.0,,Q00788,,
CHEMBL2971,Homo sapiens,O60674,Tyrosine-protein kinase JAK2 | JAK-2 | Janus kinase 2 | JAK2,1.0,,O60674,,
CHEMBL4924,Homo sapiens,Q9UK32,Ribosomal S6 kinase 4 | RPS6KA6 | RSK-4 | p90RSK6 | p90-RSK 6 | S6K-alpha-6 | 90 kDa ribosomal protein S6 kinase 6 | pp90RSK4 | RSK4 | Ribosomal protein S6 kinase alpha-6,2.0,,Q9UK32,1|2,Q9UK32-1|Q9UK32-2
CHEMBL5103,Homo sapiens,Q969S8,HDAC10 | Polyamine deacetylase HDAC10 | Histone deacetylase 10 | HD10,4.0,,Q969S8,1|2|4|5,Q969S8-1|Q969S8-2|Q969S8-4|Q969S8-5
CHEMBL2125,Rattus norvegicus,Q62666,rVAT | Solute carrier family 18 member 3 | Vat | Vesicular acetylcholine transporter | Vacht | Slc18a3 | VAChT,1.0,,Q62666,,
CHEMBL3892,Homo sapiens,Q99500,S1P receptor Edg-3 | Endothelial differentiation G-protein coupled receptor 3 | Sphingosine 1-phosphate receptor 3 | S1P receptor 3 | S1P3 | EDG3 | C9orf108 | S1PR3 | Sphingosine 1-phosphate receptor Edg-3 | C9orf47,1.0,,Q99500,,
CHEMBL2460,Bos taurus,Q9XTA2,PREP | Post-proline cleaving enzyme | Prolyl endopeptidase | PE,1.0,,Q9XTA2,,
CHEMBL2461,Sus scrofa,P23687,PREP | Post-proline cleaving enzyme | Prolyl endopeptidase | PE,1.0,,P23687,,
CHEMBL4937,Homo sapiens,P49674,CKIe | CKI-epsilon | Casein kinase I isoform epsilon | CSNK1E,1.0,,P49674,,
CHEMBL2493,Homo sapiens,Q14012,CaM kinase I alpha | CAMK1 | CaMKI-alpha | CaM kinase I | Calcium/calmodulin-dependent protein kinase type 1 | CaM-KI,1.0,,Q14012,,
CHEMBL2494,Homo sapiens,Q16566,Calcium/calmodulin-dependent protein kinase type IV | CaMK IV | CAMK-GR | CAMK | CAMKIV | CaM kinase-GR | CAMK4,1.0,,Q16566,,
CHEMBL3312,Rattus norvegicus,O08562,Voltage-gated sodium channel subunit alpha Nav1.7 | Scn9a | Sodium channel protein type 9 subunit alpha | PN1 | Peripheral sodium channel 1 | Sodium channel protein type IX subunit alpha,1.0,,O08562,,
CHEMBL2608,Homo sapiens,P10253,Aglucosidase alfa | Acid maltase | GAA | Lysosomal alpha-glucosidase,1.0,,P10253,,
CHEMBL2249,Homo sapiens,P28300,Protein-lysine 6-oxidase | LOX | Lysyl oxidase,1.0,,P28300,,
CHEMBL1868,Homo sapiens,P17948,FLT1 | Fms-like tyrosine kinase 1 | Vascular endothelial growth factor receptor 1 | Tyrosine-protein kinase FRT | FLT-1 | FRT | FLT | Tyrosine-protein kinase receptor FLT | VEGFR1 | Vascular permeability factor receptor | VEGFR-1,8.0,,P17948,1|2|3|4|5|6|7|8,P17948-1|P17948-2|P17948-3|P17948-4|P17948-5|P17948-6|P17948-7|P17948-8
CHEMBL279,Homo sapiens,P35968, | FLK-1 | Protein-tyrosine kinase receptor flk-1 | Vascular endothelial growth factor receptor 2 | FLK1 | VEGFR-2 | Kinase insert domain receptor | VEGFR2 | KDR | Fetal liver kinase 1,3.0,,P35968,1|2|3,P35968-1|P35968-2|P35968-3
CHEMBL4429,Homo sapiens,P29371,TACR3 | Tachykinin receptor 3 | TAC3R | NK3R | Neurokinin B receptor | NK-3 receptor | Neuromedin-K receptor | NK-3R | NKR,1.0,,P29371,,
CHEMBL3154,Rattus norvegicus,P16177,Tachykinin receptor 3 | Neurokinin B receptor | NK-3 receptor | Neuromedin-K receptor | NK-3R | NKR | Tac3r | Tacr3,1.0,,P16177,,
CHEMBL2186,Mus musculus,Q9D6N1,CA-XIII | Carbonate dehydratase XIII | Carbonic anhydrase 13 | Ca13 | Carbonic anhydrase XIII | Car13,1.0,,Q9D6N1,,
CHEMBL4305,Homo sapiens,O15554,IK1 | KCA4 | KCa4 | Intermediate conductance calcium-activated potassium channel protein 4 | SKCa 4 | IKCA1 | KCNN4 | IKCa1 | SK4 | SKCa4 | KCa3.1 | Putative Gardos channel,1.0,,O15554,,
CHEMBL4644,Homo sapiens,P41968,MC3R | MC3-R | Melanocortin receptor 3,1.0,,P41968,,
CHEMBL4608,Homo sapiens,P33032,MC-2 | MC5R | Melanocortin receptor 5 | MC5-R,1.0,,P33032,,
CHEMBL3507,Rattus norvegicus,P22199,Nuclear receptor subfamily 3 group C member 2 | Nr3c2 | Mineralocorticoid receptor | Mlr | MR,3.0,,P22199,1|2|3,P22199-1|P22199-2|P22199-3
CHEMBL3969,Homo sapiens,Q9Y2D0,CA-VB | Carbonic anhydrase VB | CA5B | mitochondrial | Carbonic anhydrase 5B | Carbonate dehydratase VB,1.0,,Q9Y2D0,,
CHEMBL2850,Homo sapiens,P49840,Glycogen synthase kinase-3 alpha | GSK-3 alpha | GSK3A | Serine/threonine-protein kinase GSK3A,1.0,,P49840,,
CHEMBL2896,Homo sapiens,Q13237,cGK 2 | cGMP-dependent protein kinase II | PRKGR2 | cGKII | PRKG2 | cGMP-dependent protein kinase 2 | cGK2,2.0,,Q13237,1|2,Q13237-1|Q13237-2
CHEMBL4273,Homo sapiens,Q13976,PRKG1B | PRKGR1B | cGK1 | cGMP-dependent protein kinase I | cGMP-dependent protein kinase 1 | cGKI | PRKG1 | cGK 1 | PRKGR1A,3.0,,Q13976,Alpha|Beta|3,Q13976-1|Q13976-2|P14619-1|Q13976-3
CHEMBL280,Homo sapiens,P45452,MMP13 | Matrix metalloproteinase-13 | Collagenase 3 | MMP-13,1.0,,P45452,,
CHEMBL281,Bos taurus,Q95323,Carbonic anhydrase 4 | Carbonic anhydrase IV | Carbonate dehydratase IV | CA4 | CA-IV,1.0,,Q95323,,
CHEMBL2851,Rattus norvegicus,P31421,mGluR2 | Grm2 | Gprc1b | Metabotropic glutamate receptor 2 | Mglur2,1.0,,P31421,,
CHEMBL3568,Homo sapiens,P29475,NOS type I | nNOS | Neuronal NOS | NOS1 | Peptidyl-cysteine S-nitrosylase NOS1 | Nitric oxide synthase | NC-NOS | Constitutive NOS | brain | Nitric oxide synthase 1 | bNOS | N-NOS,5.0,,P29475,1|2|3|4|5,P29475-1|P29475-2|P29475-3|P29475-4|P29475-5
CHEMBL3464,Mus musculus,P29477,Inducible NOS | MAC-NOS | Inosl | NOS type II | Macrophage NOS | Nitric oxide synthase | iNOS | Inducible NO synthase | inducible | Nos2 | Peptidyl-cysteine S-nitrosylase NOS2,1.0,,P29477,,
CHEMBL4789,Homo sapiens,P35218,Carbonic anhydrase 5A | Carbonic anhydrase VA | CA-VA | mitochondrial | CA5 | CA5A | Carbonate dehydratase VA,1.0,,P35218,,
CHEMBL2964,Homo sapiens,P36507,MAPK/ERK kinase 2 | MAPKK 2 | MAP2K2 | MAP kinase kinase 2 | MEK 2 | ERK activator kinase 2 | Dual specificity mitogen-activated protein kinase kinase 2 | MKK2 | MEK2 | PRKMK2,1.0,,P36507,,
CHEMBL2897,Homo sapiens,P45985,SKK1 | MEK4 | SEK1 | Stress-activated protein kinase kinase 1 | JNKK1 | SAPK kinase 1 | Dual specificity mitogen-activated protein kinase kinase 4 | MKK4 | c-Jun N-terminal kinase kinase 1 | JNKK | PRKMK4 | SAPKK1 | SERK1 | SAPK/ERK kinase 1 | MAP2K4 | SAPKK-1 | MEK 4 | MAP kinase kinase 4 | MAPK/ERK kinase 4 | MAPKK 4 | JNK-activating kinase 1,2.0,,P45985,1|2,P45985-1|P45985-2
CHEMBL2736,Homo sapiens,Q14833,mGluR4 | GRM4 | MGLUR4 | GPRC1D | Metabotropic glutamate receptor 4,5.0,,Q14833,1|2|3|4|5,Q14833-1|Q14833-2|Q14833-3|Q14833-4|Q14833-5
CHEMBL2326,Homo sapiens,P43166,Carbonic anhydrase 7 | Carbonic anhydrase VII | CA7 | CA-VII | Carbonate dehydratase VII,2.0,,P43166,1|2,P43166-1|P43166-2
CHEMBL3510,Homo sapiens,Q9ULX7,Carbonic anhydrase 14 | CA-XIV | CA14 | Carbonic anhydrase XIV | Carbonate dehydratase XIV,1.0,,Q9ULX7,,
CHEMBL2207,Mus musculus,P63085,Erk2 | MAPK 2 | Mitogen-activated protein kinase 2 | Mitogen-activated protein kinase 1 | ERK-2 | p42-MAPK | Mapk1 | MAP kinase 2 | ERT1 | Mapk | MAP kinase 1 | Extracellular signal-regulated kinase 2 | MAP kinase isoform p42 | Prkm1 | MAPK 1,1.0,,P63085,,
CHEMBL2939,Homo sapiens,O15264,MAPK 13 | Mitogen-activated protein kinase p38 delta | Mitogen-activated protein kinase 13 | Stress-activated protein kinase 4 | MAPK13 | SAPK4 | PRKM13 | MAP kinase 13 | MAP kinase p38 delta,2.0,,O15264,1|2,O15264-1|O15264-2
CHEMBL2208,Homo sapiens,P49137,MAPKAP kinase 2 | MAPKAPK2 | MAPKAP-K2 | MK2 | MK-2 | MAPK-activated protein kinase 2 | MAP kinase-activated protein kinase 2 | MAPKAPK-2,2.0,,P49137,1|2,P49137-1|P49137-2
CHEMBL1945,Homo sapiens,P48039,Mel1a receptor | MTNR1A | Melatonin receptor type 1A | Mel-1A-R,1.0,,P48039,,
CHEMBL1946,Homo sapiens,P49286,Mel1b receptor | Melatonin receptor type 1B | MTNR1B | Mel-1B-R,1.0,,P49286,,
CHEMBL2781,Homo sapiens,P19634,NHE-1 | Solute carrier family 9 member 1 | Sodium/hydrogen exchanger 1 | SLC9A1 | APNH1 | APNH | NHE1 | amiloride-sensitive | Na(+)/H(+) antiporter | Na(+)/H(+) exchanger 1,2.0,"Fully active at acidic pHs, the antiporter is virtually turned off at neutral pH.",P19634,1|2,P19634-1|P19634-2
CHEMBL2577,Rattus norvegicus,P26431,NHE-1 | Nhe1 | Solute carrier family 9 member 1 | Sodium/hydrogen exchanger 1 | Slc9a1 | Na(+)/H(+) exchanger 1,1.0,"Fully active at acidic pHs, the antiporter is virtually turned off at neutral pH.",P26431,,
CHEMBL3094,Homo sapiens,Q8IW41,MAPK-activated protein kinase 5 | MAP kinase-activated protein kinase 5 | MK-5 | MAPKAP-K5 | p38-regulated/activated protein kinase | MAPKAPK5 | MK5 | MAPKAP kinase 5 | PRAK | MAPKAPK-5,2.0,,Q8IW41,1|2,Q8IW41-1|Q8IW41-2
CHEMBL283,Homo sapiens,P08254,Transin-1 | Matrix metalloproteinase-3 | MMP-3 | Stromelysin-1 | MMP3 | STMY1 | SL-1,1.0,,P08254,,
CHEMBL4588,Homo sapiens,P22894,Neutrophil collagenase | Matrix metalloproteinase-8 | PMNL collagenase | PMNL-CL | MMP8 | CLG1 | MMP-8,1.0,,P22894,,
CHEMBL4321,Mus musculus,Q05769,Cox2 | Prostaglandin G/H synthase 2 | Macrophage activation-associated marker protein P71/73 | Cyclooxygenase-2 | Pghs-b | Cox-2 | Gripghs | Glucocorticoid-regulated inflammatory cyclooxygenase | Prostaglandin H2 synthase 2 | PGHS-2 | PES-2 | Ptgs2 | Tis10 | COX-2 | TIS10 protein | Prostaglandin-endoperoxide synthase 2 | PGH synthase 2 | PHS II,1.0,,Q05769,,
CHEMBL2231,Homo sapiens,P04798,Cytochrome P450-P1 | CYPIA1 | Cytochrome P450-C | Cytochrome P450 1A1 | Hydroperoxy icosatetraenoate dehydratase | CYP1A1 | Cytochrome P450 form 6,3.0,,P04798,1|2|3,P04798-1|P04798-2|P04798-3
CHEMBL4556,Rattus norvegicus,P28572,GlyT1 | Slc6a9 | Solute carrier family 6 member 9 | GlyT-1 | Sodium- and chloride-dependent glycine transporter 1,2.0,,P28572,1|2,P28572-2|P28572-1
CHEMBL5208,Homo sapiens,P48066,GABT3 | GAT3 | GAT-3 | Solute carrier family 6 member 11 | Sodium- and chloride-dependent GABA transporter 3 | SLC6A11,2.0,,P48066,1|2,P48066-1|P48066-2
CHEMBL4653,Rattus norvegicus,P14740, | Dipeptidyl peptidase 4 | Dpp4 | Dipeptidyl peptidase IV | GP110 glycoprotein | Cd26 | DPP IV | Bile canaliculus domain-specific membrane glycoprotein | T-cell activation antigen CD26,1.0,,P14740,,
CHEMBL3338,Homo sapiens,P37268,FPP:FPP farnesyltransferase | SS | SQS | Farnesyl-diphosphate farnesyltransferase 1 | Squalene synthase | FDFT1 | Farnesyl-diphosphate farnesyltransferase,5.0,,P37268,1|2|3|4|5,P37268-1|P37268-2|P37268-3|P37268-4|P37268-5
CHEMBL3577,Homo sapiens,P00352,ALDC | 3-deoxyglucosone dehydrogenase | PUMB1 | Aldehyde dehydrogenase 1A1 | Aldehyde dehydrogenase family 1 member A1 | ALDH-E1 | Aldehyde dehydrogenase | ALDH1A1 | Retinal dehydrogenase 1 | cytosolic | RALDH 1 | RalDH1 | ALHDII | ALDH1,1.0,Optimum pH is 7.1-9 for the 3-deoxyglucosone dehydrogenase activity.,P00352,,
CHEMBL3579,Homo sapiens,P47895,ALDH1A3 | RALDH-3 | Retinaldehyde dehydrogenase 3 | RalDH3 | Aldehyde dehydrogenase family 1 member A3 | ALDH6 | Aldehyde dehydrogenase 6,1.0,,P47895,,
CHEMBL3687,Homo sapiens,P18054,Polyunsaturated fatty acid lipoxygenase ALOX12 | Lipoxin synthase 12-LO | 12S-LOX | 12LO | 12S-lipoxygenase | Arachidonate (15S)-lipoxygenase | Platelet-type lipoxygenase 12 | ALOX12 | Arachidonate (12S)-lipoxygenase | LOG12 | Linoleate (13S)-lipoxygenase,1.0,Optimum pH is 7.5-8.0 (for arachidonate 12-lipoxygenase activity).,P18054,,
CHEMBL284,Homo sapiens,P27487, | Dipeptidyl peptidase 4 | Dipeptidyl peptidase IV | Adenosine deaminase complexing protein 2 | CD26 | ADABP | TP103 | ADCP2 | ADCP-2 | T-cell activation antigen CD26 | DPP IV | DPP4,1.0,,P27487,,
CHEMBL4720,Rattus norvegicus,P30082,GL-R | Gcgr | Glucagon receptor,1.0,,P30082,,
CHEMBL2973,Homo sapiens,O75116,coiled-coil-containing protein kinase II | Rho-associated | Rho-associated protein kinase 2 | Rho kinase 2 | p164 ROCK-2 | ROCK-II | ROCK2 | coiled-coil-containing protein kinase 2 | KIAA0619,1.0,,O75116,,
CHEMBL2558,Homo sapiens,P53355,DAPK1 | Death-associated protein kinase 1 | DAPK | DAP kinase 1,4.0,,P53355,1|2|3|4,P53355-1|P53355-2|P53355-3|P53355-4
CHEMBL3869,Homo sapiens,P50281,MMP-14 | Membrane-type matrix metalloproteinase 1 | Matrix metalloproteinase-14 | MMP-X1 | MT1-MMP | MT-MMP 1 | MMP14 | MT1MMP | MTMMP1 | Membrane-type-1 matrix metalloproteinase,1.0,,P50281,,
CHEMBL4308,Homo sapiens,P46663,B1 bradykinin receptor | BK-1 receptor | BDKRB1 | BRADYB1 | B1R,1.0,,P46663,,
CHEMBL3174,Homo sapiens,P78417,GSTO-1 | GSTO1 | SPG-R | Monomethylarsonic acid reductase | GSTTLP28 | S-(Phenacyl)glutathione reductase | GSTO 1-1 | Glutathione S-transferase omega-1 | Glutathione-dependent dehydroascorbate reductase | Glutathione S-transferase omega 1-1 | MMA(V) reductase,3.0,Optimum pH is 8.,P78417,1|2|3,P78417-1|P78417-2|P78417-3
CHEMBL4619,Homo sapiens,Q14123,"PDE1C | Hcam3 | Dual specificity calcium/calmodulin-dependent 3',5'-cyclic nucleotide phosphodiesterase 1C | Cam-PDE 1C",3.0,,Q14123,PDE1C2|PDE1C1|3,Q14123-1|Q14123-2|Q14123-3
CHEMBL3130,Homo sapiens,O00329,"Phosphatidylinositol 4,5-bisphosphate 3-kinase 110 kDa catalytic subunit delta | PtdIns-3-kinase subunit p110-delta | p110delta | PIK3CD | PI3-kinase subunit delta | Phosphatidylinositol 4,5-bisphosphate 3-kinase catalytic subunit delta isoform | PI3Kdelta | PtdIns-3-kinase subunit delta | PI3K-delta",2.0,,O00329,1|2,O00329-1|O00329-2
CHEMBL2047,Homo sapiens,Q96RI1,RIP14 | NR1H4 | Bile acid receptor | Farnesol receptor HRR-1 | BAR | HRR1 | Farnesoid X-activated receptor | Retinoid X receptor-interacting protein 14 | RXR-interacting protein 14 | FXR | Nuclear receptor subfamily 1 group H member 4,5.0,,Q96RI1,1|2|3|4|5,Q96RI1-3|Q96RI1-4|Q96RI1-1|Q96RI1-2|Q96RI1-5
CHEMBL4791,Homo sapiens,P42892,ECE-1 | ECE1 | Endothelin-converting enzyme 1,4.0,,P42892,B|A|C|D,P42892-1|P42892-2|P42892-3|P42892-4
CHEMBL285,Rattus norvegicus,O70536,Acyl-coenzyme A:cholesterol acyltransferase 1 | Acact | Cholesterol acyltransferase 1 | Sterol O-acyltransferase 1 | Soat1 | ACAT-1 | Acat,1.0,,O70536,,
CHEMBL4001,Mus musculus,O09106,Protein deacetylase HDAC1 | Histone deacetylase 1 | HD1 | Hdac1 | Protein decrotonylase HDAC1,1.0,,O09106,,
CHEMBL1937,Homo sapiens,Q92769,HD2 | Histone deacetylase 2 | HDAC2 | Protein deacylase HDAC2,2.0,,Q92769,1|2,Q92769-1|Q92769-3
CHEMBL1829,Homo sapiens,O15379,HDAC3 | HD3 | Histone deacetylase 3 | RPD3-2 | Protein deacetylase HDAC3 | SMAP45 | Protein deacylase HDAC3,2.0,,O15379,1|2,O15379-1|O15379-2
CHEMBL4014,Homo sapiens,P42684,Tyrosine-protein kinase ARG | ARG | ABL2 | Tyrosine-protein kinase ABL2 | Abelson-related gene protein | Abelson murine leukemia viral oncogene homolog 2 | ABLL | Abelson tyrosine-protein kinase 2,9.0,,P42684,1|2|3|4|5|6|7|10|8,P42684-1|P42684-2|P42684-3|P42684-4|P42684-5|P42684-6|P42684-7|P42684-10|P42684-8
CHEMBL3880,Homo sapiens,P07900,Heat shock 86 kDa | Lipopolysaccharide-associated protein 2 | HSP90A | HSP90AA1 | HSP86 | Heat shock protein HSP 90-alpha | LPS-associated protein 2 | Renal carcinoma antigen NY-REN-38 | LAP-2 | HSP 86 | HSPCA | HSPC1,2.0,,P07900,1|2,P07900-1|P07900-2
CHEMBL3590,Homo sapiens,Q05469,Retinyl ester hydrolase | Monoacylglycerol lipase LIPE | REH | LIPE | Hormone-sensitive lipase | HSL,2.0,,Q05469,1|2,Q05469-1|Q05469-2
CHEMBL4016,Homo sapiens,P42262,GluA2 | GluR-2 | Glutamate receptor ionotropic | GluR-K2 | Glutamate receptor 2 | AMPA 2 | GLUR2 | GluR-B | AMPA-selective glutamate receptor 2 | GRIA2,4.0,,P42262,Flop|Flip|3|4,P42262-1|P42262-2|P42262-3|P42262-4
CHEMBL3593,Homo sapiens,P48449,"Lanosterol synthase | LSS | Oxidosqualene--lanosterol cyclase | hOSC | OSC | 2,3-epoxysqualene--lanosterol cyclase",3.0,,P48449,1|2|3,P48449-1|P48449-2|P48449-3
CHEMBL3524,Homo sapiens,P56524,KIAA0288 | HDAC4 | Histone deacetylase 4 | HD4,2.0,,P56524,1|2,P56524-1|P56524-2
CHEMBL2878,Mus musculus,Q9Z2V5,Tubulin-lysine deacetylase HDAC6 | Histone deacetylase 6 | HD6 | Hdac6 | Histone deacetylase mHDA2,1.0,,Q9Z2V5,,
CHEMBL2693,Homo sapiens,Q9UIQ6,OTase | Leucyl-cystinyl aminopeptidase | Oxytocinase | LNPEP | P-LAP | Cystinyl aminopeptidase | Insulin-regulated membrane aminopeptidase | Insulin-responsive aminopeptidase | OTASE | IRAP | Placental leucine aminopeptidase,3.0,,Q9UIQ6,1|2|3,Q9UIQ6-1|Q9UIQ6-2|Q9UIQ6-3
CHEMBL2695,Homo sapiens,Q05397,PTK2 | FAK1 | Focal adhesion kinase-related nonkinase | Protein-tyrosine kinase 2 | FAK | FADK 1 | p125FAK | pp125FAK | PPP1R71 | Protein phosphatase 1 regulatory subunit 71 | FRNK | Focal adhesion kinase 1,7.0,,Q05397,1|2|3|4|5|6|7,Q05397-1|Q05397-2|Q05397-3|Q05397-4|Q05397-5|Q05397-6|Q05397-7
CHEMBL3751,Homo sapiens,O95718,NR3B2 | ESRL2 | ERR-beta | ESRRB | Steroid hormone receptor ERR2 | ERR beta-2 | Estrogen receptor-like 2 | Nuclear receptor subfamily 3 group B member 2 | Estrogen-related receptor beta | ERRB2,3.0,,O95718,3|1|2,O95718-3|O95718-1|O95718-2
CHEMBL4245,Homo sapiens,P62508,KIAA0832 | ERR3 | ERRG2 | Estrogen-related receptor gamma | NR3B3 | Estrogen receptor-related protein 3 | Nuclear receptor subfamily 3 group B member 3 | ERR gamma-2 | ESRRG,5.0,,P62508,1|2|3|4|5,P62508-1|O75454-1|P62508-2|O75454-2|P62508-3|P62508-4|P62508-5
CHEMBL2028,Homo sapiens,P32745,Somatostatin receptor type 3 | SST3 | SSTR3 | SSR-28 | SS-3-R | SS3R | SS3-R,1.0,,P32745,,
CHEMBL2238,Mus musculus,P30935,Somatostatin receptor type 3 | Sstr3 | SSR-28 | SS-3-R | SS3R | SS3-R | Smstr3,1.0,,P30935,,
CHEMBL1792,Homo sapiens,P35346,SST5 | SS-5-R | SSTR5 | SS5R | Somatostatin receptor type 5 | SS5-R,1.0,,P35346,,
CHEMBL3559,Homo sapiens,P08842,ASC | ARSC1 | Arylsulfatase C | Steryl-sulfate sulfohydrolase | STS | Steryl-sulfatase | Estrone sulfatase | Steroid sulfatase,1.0,,P08842,,
CHEMBL2808,Homo sapiens,Q13133,Oxysterols receptor LXR-alpha | Liver X receptor alpha | NR1H3 | Nuclear receptor subfamily 1 group H member 3 | LXRA,3.0,,Q13133,1|2|3,Q13133-1|Q13133-2|Q13133-3
CHEMBL287,Homo sapiens,Q99720,Sigma non-opioid intracellular receptor 1 | Sigma 1-type opioid receptor | Sigma1-receptor | SIG-1R | SR31747-binding protein | SIGMAR1 | Aging-associated gene 8 protein | OPRS1 | SR-BP | hSigmaR1 | SRBP | Sigma1R,5.0,,Q99720,1|2|3|4|5,Q99720-1|Q99720-2|Q99720-3|Q99720-4|Q99720-5
CHEMBL3772,Homo sapiens,Q13255,MGLUR1 | mGluR1 | Metabotropic glutamate receptor 1 | GRM1 | GPRC1A,3.0,,Q13255,Alpha|Beta|3,Q13255-1|Q13255-2|Q13255-3
CHEMBL3227,Homo sapiens,P41594,GPRC1E | GRM5 | mGluR5 | MGLUR5 | Metabotropic glutamate receptor 5,3.0,,P41594,2|1|3,P41594-1|P41594-2|P41594-3
CHEMBL2820,Homo sapiens,P03951,FXI | F11 | PTA | Coagulation factor XI | Plasma thromboplastin antecedent,2.0,,P03951,1|2,P03951-1|P03951-2
CHEMBL2821,Homo sapiens,P00748,Hageman factor | Coagulation factor XII | F12 | HAF,1.0,,P00748,,
CHEMBL3229,Rattus norvegicus,P97612,Oleamide hydrolase 1 | Anandamide amidase | Faah | Fatty-acid amide hydrolase 1 | Faah1 | Anandamide amidohydrolase 1 | Fatty acid ester hydrolase,1.0,Optimum pH is 9.5.,P97612,,
CHEMBL3759,Homo sapiens,Q9H3N8,AXOR35 | Histamine H4 receptor | HH4R | SP9144 | HRH4 | H4R | GPCR105 | GPRv53 | G-protein coupled receptor 105 | Pfi-013,2.0,,Q9H3N8,1|2,Q9H3N8-1|Q9H3N8-2
CHEMBL2243,Homo sapiens,O00519,Oleamide hydrolase 1 | FAAH1 | Fatty-acid amide hydrolase 1 | Anandamide amidohydrolase 1 | FAAH | Fatty acid ester hydrolase,1.0,Optimum pH is around 9.0.,O00519,,
CHEMBL3263,Mus musculus,P58406,H3R | HH3R | Histamine H3 receptor | Hrh3,1.0,,P58406,,
CHEMBL4124,Rattus norvegicus,Q9QYN8,H3R | HH3R | Histamine H3 receptor | Hrh3,4.0,,Q9QYN8,1|2|3|4,Q9QYN8-1|Q9QYN8-2|Q9QYN8-3|Q9QYN8-4
CHEMBL2246,Homo sapiens,P14550,Alcohol dehydrogenase [NADP(+)] | Glucuronate reductase | Glucuronolactone reductase | Aldo-keto reductase family 1 member A1 | AKR1A1 | Aldehyde reductase | ALR | ALDR1,1.0,,P14550,,
CHEMBL3815,Rattus norvegicus,Q02769,FPP:FPP farnesyltransferase | SS | SQS | Squalene synthase | Fdft1 | Farnesyl-diphosphate farnesyltransferase,1.0,,Q02769,,
CHEMBL3839,Mus musculus,Q03142, | FGFR-4 | Fibroblast growth factor receptor 4 | Fgfr4 | Protein-tyrosine kinase receptor MPK-11 | Mpk-11 | Fgfr-4,2.0,,Q03142,1|2,Q03142-1|Q03142-2
CHEMBL4561,Homo sapiens,Q15761,NPY5-R | NPYR5 | NPY-Y5 receptor | Neuropeptide Y receptor type 5 | NPY5R | Y5 receptor | NPYY5-R,1.0,,Q15761,,
CHEMBL4033,Canis lupus familiaris,A0A8P0NFH5,PTGS2,1.0,,Q8SPQ9,,
CHEMBL2140,Homo sapiens,P48775,"Tryptophan 2,3-dioxygenase | Tryptophan oxygenase | TDO2 | Tryptophan pyrrolase | Tryptophanase | TRPO | TO | Tryptamin 2,3-dioxygenase | TDO",1.0,,P48775,,
CHEMBL3977,Homo sapiens,P51160,"PDEA2 | cGMP phosphodiesterase 6C | PDE6C | Cone cGMP-specific 3',5'-cyclic phosphodiesterase subunit alpha'",1.0,,P51160,,
CHEMBL4004,Homo sapiens,Q16816,skeletal muscle/heart isoform | Phosphorylase kinase subunit gamma-1 | PHK-gamma-M | Phosphorylase b kinase gamma catalytic chain | PHKG | PHKG1 | Serine/threonine-protein kinase PHKG1,2.0,,Q16816,1|2,Q16816-1|Q16816-2
CHEMBL4005,Homo sapiens,P42336,"Phosphoinositide-3-kinase catalytic alpha polypeptide | Serine/threonine protein kinase PIK3CA | PtdIns-3-kinase subunit p110-alpha | PI3-kinase subunit alpha | PIK3CA | p110alpha | Phosphatidylinositol 4,5-bisphosphate 3-kinase 110 kDa catalytic subunit alpha | PI3Kalpha | Phosphatidylinositol 4,5-bisphosphate 3-kinase catalytic subunit alpha isoform | PtdIns-3-kinase subunit alpha | PI3K-alpha | Phosphoinositide 3-kinase alpha",1.0,,P42336,,
CHEMBL2689,Homo sapiens,Q04912, | PTK8 | Macrophage-stimulating protein receptor | RON | Protein-tyrosine kinase 8 | MSP receptor | CDw136 | MST1R | p185-Ron,7.0,,Q04912,RON|Delta-RON|RON-1|RON-2|RON-3|RON-4|RON-5,Q04912-1|Q04912-2|Q04912-3|Q04912-4|Q04912-5|Q04912-6|Q04912-7
CHEMBL4176,Homo sapiens,P04066,Tissue alpha-L-fucosidase | Alpha-L-fucosidase 1 | Alpha-L-fucoside fucohydrolase 1 | Alpha-L-fucosidase I | FUCA1,1.0,,P04066,,
CHEMBL290,Homo sapiens,Q13370,"PDE3B | CGIP1 | CGIPDE1 | CGI-PDE B | cGMP-inhibited 3',5'-cyclic phosphodiesterase 3B | Cyclic GMP-inhibited phosphodiesterase B",2.0,,Q13370,1|2,Q13370-1|Q13370-2
CHEMBL291,Homo sapiens,Q08493,"PDE4C | DPDE1 | cAMP-specific 3',5'-cyclic phosphodiesterase 4C | PDE21",7.0,,Q08493,PDE4C1|PDE4C2|PDE4C3|PDE4C4|PDE4C5|PDE4C6|PDE4C7,Q08493-1|Q08493-2|Q08493-3|Q08493-4|Q08493-5|Q08493-6|Q08493-7
CHEMBL4302,Homo sapiens,P08183, | Phospholipid transporter ABCB1 | Multidrug resistance protein 1 | PGY1 | MDR1 | ATP-dependent translocase ABCB1 | P-glycoprotein 1 | ABCB1 | ATP-binding cassette sub-family B member 1,2.0,,P08183,1|2,P08183-1|P08183-2
CHEMBL1873,Homo sapiens,P00750,Tissue-type plasminogen activator |  | tPA | t-plasminogen activator | PLAT | t-PA,4.0,,P00750,1|2|3|4,P00750-1|P00750-2|P00750-3|P00750-4
CHEMBL2842,Homo sapiens,P42345,Rapamycin target protein 1 | MTOR | FRAP | Serine/threonine-protein kinase mTOR | RAFT1 | FKBP12-rapamycin complex-associated protein | FRAP2 | Mechanistic target of rapamycin | FK506-binding protein 12-rapamycin complex-associated protein 1 | mTOR | Mammalian target of rapamycin | FRAP1 | RAPT1 | Rapamycin and FKBP12 target 1,1.0,,P42345,,
CHEMBL2611,Homo sapiens,P09958,PCSK3 | Dibasic-processing enzyme | PACE | Furin | FURIN | FUR | Paired basic amino acid residue-cleaving enzyme,1.0,Optimum pH is 6.0.,P09958,,
CHEMBL4177,Mus musculus,P18911,Retinoic acid receptor gamma | Rarg | Nuclear receptor subfamily 1 group B member 3 | RAR-gamma | Nr1b3,3.0,,P18911,1|2|3,P18911-1|P18911-2|P20787-1|P18911-3
CHEMBL4179,Homo sapiens,P45984,JNK2 | MAPK9 | c-Jun N-terminal kinase 2 | MAP kinase 9 | JNK-55 | Mitogen-activated protein kinase 9 | Stress-activated protein kinase 1a | PRKM9 | Stress-activated protein kinase JNK2 | SAPK1A | SAPK1a | MAPK 9,5.0,,P45984,Alpha-2|Alpha-1|Beta-1|Beta-2|5,P45984-1|P45984-2|P45984-3|P45984-4|P45984-5
CHEMBL2637,Homo sapiens,P53779,SAPK1B | MAPK10 | c-Jun N-terminal kinase 3 | SAPK1b | PRKM10 | JNK3A | JNK3 | Stress-activated protein kinase 1b | Mitogen-activated protein kinase 10 | Stress-activated protein kinase JNK3 | MAP kinase 10 | MAP kinase p49 3F12 | MAPK 10,3.0,,P53779,Alpha-2|Alpha-1|3,P53779-1|P53779-2|P53779-3
CHEMBL3587,Homo sapiens,Q02750,PRKMK1 | MAPK/ERK kinase 1 | Dual specificity mitogen-activated protein kinase kinase 1 | MAPKK 1 | MKK1 | MEK 1 | MEK1 | MAP kinase kinase 1 | ERK activator kinase 1 | MAP2K1,2.0,,Q02750,1|2,Q02750-1|Q02750-2
CHEMBL3975,Homo sapiens,P09467,"FBP | Fructose-1,6-bisphosphatase 1 | FBPase 1 | Liver FBPase | D-fructose-1,6-bisphosphate 1-phosphohydrolase 1 | FBP1",1.0,,P09467,,
CHEMBL3902,Homo sapiens,P09211,GST class-pi | GST3 | FAEES3 | GSTP1-1 | GSTP1 | Glutathione S-transferase P,1.0,,P09211,,
CHEMBL3998,Bos taurus,P20288,DRD2 | D(2) dopamine receptor | Dopamine D2 receptor,2.0,,P20288,Long|Short,P20288-1|P20288-2
CHEMBL5112,Homo sapiens,P31644,Gamma-aminobutyric acid receptor subunit alpha-5 | GABRA5 | GABA(A) receptor subunit alpha-5,1.0,,P31644,,
CHEMBL2706,Homo sapiens,P23467,Vascular endothelial protein tyrosine phosphatase | PTPRB | VE-PTP | PTPB | R-PTP-beta | Protein-tyrosine phosphatase beta | Receptor-type tyrosine-protein phosphatase beta,4.0,,P23467,1|2|3|4,P23467-1|P23467-2|P23467-3|P23467-4
CHEMBL2568,Homo sapiens,P06737,PYGL | Glycogen phosphorylase | liver form,2.0,,P06737,1|2,P06737-1|P06737-2
CHEMBL3715,Homo sapiens,P48065,Sodium- and chloride-dependent betaine transporter | BGT-1 | Solute carrier family 6 member 12 | BGT1 | Na(+)/Cl(-) betaine/GABA transporter | SLC6A12,1.0,,P48065,,
CHEMBL3717,Homo sapiens,P08581,Proto-oncogene c-Met | MET | Hepatocyte growth factor receptor | Scatter factor receptor | SF receptor | HGF receptor | HGF/SF receptor | Tyrosine-protein kinase Met,3.0,,P08581,1|2|3,P08581-1|P08581-2|P08581-3
CHEMBL2569,Homo sapiens,P55157,Microsomal triglyceride transfer protein large subunit | MTTP | MTP,2.0,,P55157,1|2,P55157-1|P55157-2
CHEMBL4026,Homo sapiens,P40763,Signal transducer and activator of transcription 3 | APRF | Acute-phase response factor | STAT3,3.0,,P40763,1|Del-701|3,P40763-1|P40763-2|P40763-3
CHEMBL3706,Homo sapiens,P78536, | TACE | ADAM17 | CSVP | ADAM 17 | TNF-alpha-converting enzyme | Disintegrin and metalloproteinase domain-containing protein 17 | TNF-alpha convertase | Snake venom-like protease,2.0,,P78536,A|B,P78536-1|P78536-2
CHEMBL1980,Homo sapiens,Q14524,hH1 | Voltage-gated sodium channel subunit alpha Nav1.5 | Sodium channel protein type 5 subunit alpha | Sodium channel protein cardiac muscle subunit alpha | SCN5A | Sodium channel protein type V subunit alpha,6.0,,Q14524,1|2|3|4|5|6,Q14524-1|Q14524-2|Q14524-3|Q14524-4|Q14524-5|Q14524-6
CHEMBL4234,Homo sapiens,P37058,EDH17B3 | 17-beta-hydroxysteroid dehydrogenase type 3 | HSD17B3 | Short chain dehydrogenase/reductase family 12C member 2 | Testosterone 17-beta-dehydrogenase 3 | Testicular 17-beta-hydroxysteroid dehydrogenase | Estradiol 17-beta-dehydrogenase 2 | SDR12C2 | 17-beta-HSD 3,2.0,,P37058,1|2,P37058-1|P37058-2
CHEMBL4235,Homo sapiens,P28845,Corticosteroid 11-beta-dehydrogenase isozyme 1 | HSD11L | 7-oxosteroid reductase | HSD11 | HSD11B1 | SDR26C1 | Short chain dehydrogenase/reductase family 26C member 1 | 11-beta-HSD1 | 11-DH | 11-beta-hydroxysteroid dehydrogenase 1,1.0,,P28845,,
CHEMBL2908,Rattus norvegicus,P50233,Hsd11k | 11-DH2 | 11-beta-HSD2 | NAD-dependent 11-beta-hydroxysteroid dehydrogenase | Hsd11b2 | Corticosteroid 11-beta-dehydrogenase isozyme 2 | 11-beta-hydroxysteroid dehydrogenase type 2,1.0,,P50233,,
CHEMBL4342,Homo sapiens,O15496,GX sPLA2 | Group 10 secretory phospholipase A2 | sPLA2-X | Phosphatidylcholine 2-acylhydrolase 10 | Group X secretory phospholipase A2 | PLA2G10,1.0,Optimum pH is 7.4.,O15496,,
CHEMBL2145,Homo sapiens,O15229,KMO | Kynurenine 3-monooxygenase | Kynurenine 3-hydroxylase,3.0,Optimum pH is 7.5.,O15229,1|2|3,O15229-1|O15229-2|O15229-3
CHEMBL3180,Homo sapiens,O00748,CES2 | Methylumbelliferyl-acetate deacetylase 2 | Carboxylesterase 2 | CE-2 | hCE-2 | Cocaine esterase | ICE,4.0,,O00748,1|2|3|4,O00748-1|O00748-2|O00748-4|O00748-5
CHEMBL3181,Homo sapiens,P14061,17-beta-HSD 1 | E17KSR | 17-beta-hydroxysteroid dehydrogenase type 1 | E2DH | Short chain dehydrogenase/reductase family 28C member 1 | Placental 17-beta-hydroxysteroid dehydrogenase | SDR28C1 | 20 alpha-hydroxysteroid dehydrogenase | EDH17B2 | Estradiol 17-beta-dehydrogenase 1 | HSD17B1 | EDH17B1 | EDHB17 | 20-alpha-HSD,1.0,,P14061,,
CHEMBL3166,Homo sapiens,P29350,Protein-tyrosine phosphatase SHP-1 | Hematopoietic cell protein-tyrosine phosphatase | SH-PTP1 | PTP1C | PTP-1C | Tyrosine-protein phosphatase non-receptor type 6 | PTPN6 | HCP | Protein-tyrosine phosphatase 1C,4.0,,P29350,1|2|3|4,P29350-1|P29350-3|P29350-2|P29350-4
CHEMBL298,Homo sapiens,P32239,Cholecystokinin-2 receptor | CCKBR | Gastrin/cholecystokinin type B receptor | CCKRB | CCK2-R | CCK-BR | CCK-B receptor,3.0,,P32239,1|2|3,P32239-1|P32239-2|P32239-3
CHEMBL3864,Homo sapiens,Q06124,PTP2C | SHP-2 | SH-PTP3 | SH-PTP2 | PTPN11 | PTP-1D | SHPTP2 | Shp2 | Protein-tyrosine phosphatase 2C | Tyrosine-protein phosphatase non-receptor type 11 | PTP-2C | Protein-tyrosine phosphatase 1D,3.0,,Q06124,1|2|3,Q06124-2|Q06124-1|Q06124-3
CHEMBL2854,Mus musculus,P56481,Cholecystokinin-2 receptor | Gastrin/cholecystokinin type B receptor | Cckbr | CCK2-R | CCK-BR | CCK-B receptor,1.0,,P56481,,
CHEMBL3962,Homo sapiens,Q16773,Cysteine-S-conjugate beta-lyase | Glutamine--phenylpyruvate transaminase | Glutamine transaminase K | Kynurenine--oxoglutarate transaminase I | KATI | GTK | Kynurenine aminotransferase 1 | Kynurenine--oxoglutarate transaminase 1 | KYAT1 | CCBL1 | Kynurenine aminotransferase I,3.0,,Q16773,1|2|3,Q16773-1|Q16773-2|Q16773-3
CHEMBL4158,Homo sapiens,P49327,Fatty acid synthase | Type I fatty acid synthase | FAS | FASN,1.0,Optimum pH is 6.5 to 6.7.,P49327,,
CHEMBL4616,Homo sapiens,Q92847,GHSR | Ghrelin receptor | GHS-R | Growth hormone secretagogue receptor type 1 | GH-releasing peptide receptor | GHRP,2.0,,Q92847,1A|1B,Q92847-1|Q92847-2
CHEMBL2721,Homo sapiens,P43005,Sodium-dependent glutamate/aspartate transporter 3 | Neuronal and epithelial glutamate transporter | Excitatory amino-acid carrier 1 | Excitatory amino acid transporter 3 | HEAAC1 | Solute carrier family 1 member 1 | EAAT3 | SLC1A1 | EAAC1,1.0,,P43005,,
CHEMBL4051,Homo sapiens,P13569,CFTR | Channel conductance-controlling ATPase | ABCC7 | ATP-binding cassette sub-family C member 7 | Cystic fibrosis transmembrane conductance regulator | cAMP-dependent chloride channel,3.0,,P13569,1|2|3,P13569-1|P13569-2|P13569-3
CHEMBL2722,Homo sapiens,P19099,Aldosterone synthase | CYPXIB2 | Steroid 11-beta-hydroxylase | Corticosterone 18-monooxygenase | Cytochrome P-450C18 | Steroid 18-hydroxylase | Aldosterone-synthesizing enzyme | ALDOS | Cytochrome P-450Aldo | CYP11B2 | mitochondrial | Cytochrome P450 11B2,1.0,,P19099,,
CHEMBL3085,Homo sapiens,P43003,Solute carrier family 1 member 3 | EAAT1 | SLC1A3 | GLAST | GLAST1 | Sodium-dependent glutamate/aspartate transporter 1 | Excitatory amino acid transporter 1 | GLAST-1,2.0,,P43003,1|2,P43003-1|P43003-2
CHEMBL2955,Homo sapiens,O95136,Sphingosine 1-phosphate receptor 2 | S1P receptor Edg-5 | S1P2 | Endothelial differentiation G-protein coupled receptor 5 | EDG5 | S1PR2 | Sphingosine 1-phosphate receptor Edg-5 | S1P receptor 2,1.0,,O95136,,
CHEMBL4804,Homo sapiens,P30305,M-phase inducer phosphatase 2 | Dual specificity phosphatase Cdc25B | CDC25B | CDC25HU2,4.0,,P30305,3|1|2|4,P30305-1|P30305-2|P30305-3|P30305-4
CHEMBL3290,Homo sapiens,P29323,DRT | EPTH3 | EPH-like kinase 5 | hEK5 | ERK | Tyrosine-protein kinase receptor EPH-3 | ELK-related tyrosine kinase | EPHT3 | Tyrosine-protein kinase TYRO5 | Developmentally-regulated Eph-related tyrosine kinase | EPH tyrosine kinase 3 | Renal carcinoma antigen NY-REN-47 | Ephrin type-B receptor 2 | EPHB2 | HEK5 | EK5 | TYRO5,3.0,,P29323,1|2|3,P29323-1|P29323-2|P29323-3
CHEMBL4803,Homo sapiens,P29474,Endothelial NOS | eNOS | Nitric oxide synthase 3 | NOS type III | cNOS | NOS3 | Nitric oxide synthase | Constitutive NOS | EC-NOS | NOSIII | endothelial,3.0,,P29474,1|eNOS13C|eNOS13B,P29474-1|P29474-2|P29474-3
CHEMBL4029,Homo sapiens,P25024, | CMKAR1 | CXCR1 | CDw128a | IL8RA | CXCR-1 | CXC-R1 | IL-8R A | C-X-C chemokine receptor type 1 | IL-8 receptor type 1 | High affinity interleukin-8 receptor A,1.0,,P25024,,
CHEMBL4015,Homo sapiens,P41597, | CCR2 | CC-CKR-2 | C-C chemokine receptor type 2 | CMKBR2 | MCP-1-R | CCR-2 | C-C CKR-2 | Monocyte chemoattractant protein 1 receptor,2.0,,P41597,A|B,P41597-1|P41597-2
CHEMBL2991,Mus musculus,O35435,Dihydroorotate oxidase | Dhodh | Dihydroorotate dehydrogenase (quinone) | DHOdehase | mitochondrial,1.0,,O35435,,
CHEMBL3422,Rattus norvegicus,P24008,Steroid 5-alpha-reductase 1 | SR type 1 | S5AR 1 | Srd5a1 | 3-oxo-5-alpha-steroid 4-dehydrogenase 1,2.0,Optimally active at alkaline pHs.,P24008,Long|Short,P24008-1|P24008-2
CHEMBL5099,Rattus norvegicus,P31214,3-oxo-5-alpha-steroid 4-dehydrogenase 2 | 5 alpha-SR2 | S5AR 2 | SR type 2 | Srd5a2 | Steroid 5-alpha-reductase 2,1.0,Optimally active at acidic pHs.,P31214,,
CHEMBL3060,Homo sapiens,Q9Y345,GlyT2 | Solute carrier family 6 member 5 | Sodium- and chloride-dependent glycine transporter 2 | SLC6A5 | GlyT-2 | GLYT2 | NET1,3.0,,Q9Y345,1|2|3,Q9Y345-1|Q9Y345-2|Q9Y345-3
CHEMBL3195,Rattus norvegicus,P58295,Slc6a5 | Glyt2 | Solute carrier family 6 member 5 | Sodium- and chloride-dependent glycine transporter 2 | GlyT-2 | GlyT2,2.0,,P58295,a|b,P58295-1|P58295-2
CHEMBL3616,Homo sapiens,P24723,Protein kinase C eta type | PKCL | nPKC-eta | PRKCH | PRKCL | PKC-L,2.0,,P24723,1|2,P24723-1|P24723-2
CHEMBL2264,Homo sapiens,P55786,Cytosol alanyl aminopeptidase | PSA | AAP-S | Puromycin-sensitive aminopeptidase | NPEPPS,2.0,Optimum pH is 7.5. Stable from pH 5.0 to 8.0.,P55786,1|2,P55786-1|P55786-2
CHEMBL2801,Homo sapiens,Q13557,CAMK2D | CaM kinase II subunit delta | Calcium/calmodulin-dependent protein kinase type II subunit delta | CaMK-II subunit delta | CAMKD,10.0,,Q13557,Delta 2|Delta 3|Delta 4|Delta 6|Delta 7|Delta 8|Delta 9|Delta 10|Delta 11|Delta 12,Q13557-1|Q13557-3|Q13557-4|Q13557-8|Q13557-9|Q13557-5|Q13557-6|Q13557-10|Q13557-11|Q13557-12
CHEMBL4801,Homo sapiens,P29466,IL1BC | Interleukin-1 beta-converting enzyme | CASP1 | IL-1 beta-converting enzyme | IL-1BC | Caspase-1 | CASP-1 | Interleukin-1 beta convertase | p45 | IL1BCE | ICE,5.0,,P29466,Alpha|Beta|Gamma|Delta|Epsilon,P29466-1|P29466-2|P29466-3|P29466-4|P29466-5
CHEMBL3116,Homo sapiens,P50750,Cyclin-dependent kinase 9 | C-2K | Cell division cycle 2-like protein kinase 4 | CDC2L4 | Cell division protein kinase 9 | Serine/threonine-protein kinase PITALRE | TAK | Tat-associated kinase complex catalytic subunit | CDK9,2.0,,P50750,1|2,P50750-1|P50750-2
CHEMBL2265,Homo sapiens,P23141,CES2 | ACAT | Cholesteryl ester hydrolase | Brain carboxylesterase hBr1 | CEH | Egasyn | TGH | Cocaine carboxylesterase | Monocyte/macrophage serine esterase | Retinyl ester hydrolase | Triacylglycerol hydrolase | Serine esterase 1 | Acyl-coenzyme A:cholesterol acyltransferase | Methylumbelliferyl-acetate deacetylase 1 | Carboxylesterase 1 | Liver carboxylesterase 1 | SES1 | CE-1 | CES1 | REH | HMSE | hCE-1,3.0,Optimum pH is 6.5.,P23141,1|2|3,P23141-1|P23141-2|P23141-3
CHEMBL2543,Homo sapiens,P78368,CSNK1G2 | CK1G2 | CKI-gamma 2 | Casein kinase I isoform gamma-2,1.0,,P78368,,
CHEMBL4333,Homo sapiens,P21453, | CHEDG1 | Sphingosine 1-phosphate receptor Edg-1 | S1P1 | S1PR1 | S1P receptor 1 | Sphingosine 1-phosphate receptor 1 | EDG1 | Endothelial differentiation G-protein coupled receptor 1 | S1P receptor Edg-1,1.0,,P21453,,
CHEMBL3383,Sus scrofa,Q29550,Proline-beta-naphthylamidase | REH | Liver carboxylesterase | Retinyl ester hydrolase,1.0,"Optimum pH is 8.0 with tributylglycerol as substrate, and 8.2 with retinyl palmitate as substrate. Active from pH 4.5-9.5 with retinyl palmitate as substrate.",Q29550,,
CHEMBL2590,Sus scrofa,P15145, | pAPN | AP-N | Microsomal aminopeptidase | Alanyl aminopeptidase | AP-M | Aminopeptidase M | ANPEP | Aminopeptidase N | gp130,1.0,,P15145,,
CHEMBL299,Homo sapiens,P17252,PRKACA | PKC-A | PRKCA | PKCA | PKC-alpha | Protein kinase C alpha type,1.0,,P17252,,
CHEMBL3045,Homo sapiens,P05771,PRKCB | PKC-B | PRKCB1 | PKCB | Protein kinase C beta type | PKC-beta,2.0,,P05771,Beta-I|Beta-II,P05771-1|P05771-2
CHEMBL3384,Homo sapiens,Q16512,PRKCL1 | Serine/threonine-protein kinase N1 | PKN | Protease-activated kinase 1 | Serine-threonine protein kinase N | Protein kinase C-like 1 | PRK1 | PAK-1 | Protein kinase C-like PKN | PAK1 | Protein-kinase C-related kinase 1 | Protein kinase PKN-alpha | PKN1,3.0,,Q16512,1|2|3,Q16512-1|Q16512-2|Q16512-3
CHEMBL4040,Homo sapiens,P28482,MAPK 2 | Mitogen-activated protein kinase 2 | Mitogen-activated protein kinase 1 | PRKM1 | ERK-2 | ERK2 | PRKM2 | p42-MAPK | MAP kinase 2 | ERT1 | MAPK 1 | MAP kinase 1 | Extracellular signal-regulated kinase 2 | MAP kinase isoform p42 | MAPK1,2.0,,P28482,1|2,P28482-1|P28482-2
CHEMBL3385,Homo sapiens,P27361,p44-MAPK | ERK1 | MAP kinase 3 | ERK-1 | Extracellular signal-regulated kinase 1 | Microtubule-associated protein 2 kinase | p44-ERK1 | Insulin-stimulated MAP2 kinase | Mitogen-activated protein kinase 3 | MAPK 3 | ERT2 | MAPK3 | PRKM3 | MAP kinase isoform p44,3.0,,P27361,1|2|3,P27361-1|P27361-2|P27361-3
CHEMBL3046,Homo sapiens,Q9UQ49,Sialidase-3 | N-acetyl-alpha-neuraminidase 3 | NEU3 | Membrane sialidase | Ganglioside sialidasedis,2.0,Optimum pH is 4.5-6.5.,Q9UQ49,1|2,Q9UQ49-1|Q9UQ49-2
CHEMBL3921,Homo sapiens,Q9Y251,HSE1 | Hpa1 | HPSE | HPA1 | HPA | HPSE1 | HEP | Endo-glucoronidase | HPR1 | Heparanase | Heparanase-1,4.0,Optimum pH is 4-6.,Q9Y251,1|2|3|4,Q9Y251-1|Q9Y251-2|Q9Y251-3|Q9Y251-4
CHEMBL3105,Homo sapiens,P09874,ADPRT 1 | Poly [ADP-ribose] polymerase 1 | PPOL | ADPRT | DNA ADP-ribosyltransferase PARP1 | Poly[ADP-ribose] synthase 1 | ADP-ribosyltransferase diphtheria toxin-like 1 | ARTD1 | NAD(+) ADP-ribosyltransferase 1 | PARP1 | PARP-1 | Protein poly-ADP-ribosyltransferase PARP1,1.0,,P09874,,
CHEMBL3120,Homo sapiens,P08243,Asparagine synthetase [glutamine-hydrolyzing] | ASNS | Glutamine-dependent asparagine synthetase | Cell cycle control protein TS11 | TS11,3.0,,P08243,1|2|3,P08243-1|P08243-2|P08243-3
CHEMBL3505,Rattus norvegicus,P19493,AMPA-selective glutamate receptor 4 | Gria4 | GluR4 | Glutamate receptor ionotropic | GluA4 | GluR-4 | Glutamate receptor 4 | AMPA 4 | Glur4 | GluR-D,3.0,,P19493,1|2|3,P19493-1|P19493-2|P19493-3
CHEMBL3048,Rattus norvegicus,P29476,NOS type I | nNOS | Bnos | Neuronal NOS | Nos1 | Peptidyl-cysteine S-nitrosylase NOS1 | Nitric oxide synthase | NC-NOS | Constitutive NOS | brain | Nitric oxide synthase 1 | bNOS | N-NOS,3.0,,P29476,N-NOS-1|N-NOS-2|PNNOS,P29476-1|P29476-2|P29476-3
CHEMBL301,Homo sapiens,P24941,Cell division protein kinase 2 | Cyclin-dependent kinase 2 | CDKN2 | CDK2 | p33 protein kinase,2.0,,P24941,1|2,P24941-1|P24941-2
CHEMBL2868,Rattus norvegicus,P30560,Vasopressin V1a receptor | V1aR | Avpr1a | Antidiuretic hormone receptor 1a | Vascular/hepatic-type arginine vasopressin receptor | AVPR V1a,1.0,,P30560,,
CHEMBL2337,Homo sapiens,P48067,GlyT1 | Solute carrier family 6 member 9 | SLC6A9 | GlyT-1 | Sodium- and chloride-dependent glycine transporter 1,3.0,,P48067,GlyT-1C|GlyT-1A|GlyT-1B,P48067-1|P48067-2|P48067-3
CHEMBL3923,Homo sapiens,Q9Y2I1,NISCH | I-1 | I-1 receptor candidate protein | hIRAS | Imidazoline-1 receptor | Nischarin | KIAA0975 | I1R | Imidazoline-1 receptor candidate protein | IRAS | Imidazoline receptor antisera-selected protein | IR1 | Imidazoline receptor 1 | I1R candidate protein,4.0,,Q9Y2I1,1|2|3|4,Q9Y2I1-1|Q9Y2I1-2|Q9Y2I1-3|Q9Y2I1-4
CHEMBL2250,Homo sapiens,P51451,Tyrosine-protein kinase Blk | BLK | B lymphocyte kinase | p55-Blk,1.0,,P51451,,
CHEMBL2792,Mus musculus,P11416,Nr1b1 | Retinoic acid receptor alpha | RAR-alpha | Nuclear receptor subfamily 1 group B member 1 | Rara,2.0,,P11416,Alpha-1|Alpha-2,P11416-1|P11416-2
CHEMBL2793,Homo sapiens,P48729,Casein kinase I isoform alpha | CKI-alpha | CK1 | CSNK1A1,3.0,,P48729,1|2|3,P48729-1|P48729-2|P48729-3
CHEMBL3106,Homo sapiens,P19971,Gliostatin | ECGF1 | Thymidine phosphorylase | TP | TdRPase | PD-ECGF | Platelet-derived endothelial cell growth factor | TYMP,2.0,,P19971,1|2,P19971-1|P19971-2
CHEMBL302,Rattus norvegicus,P30543,Adenosine receptor A2a | Adora2a,1.0,,P30543,,
CHEMBL4303,Homo sapiens,P08238,HSP 84 | HSPCB | HSPC2 | HSP 90 | Heat shock 84 kDa | Heat shock protein HSP 90-beta | HSP90AB1 | HSP90B | HSP84,1.0,,P08238,,
CHEMBL4050,Homo sapiens,Q02790,52 kDa FK506-binding protein | 59 kDa immunophilin | p59 | Peptidyl-prolyl cis-trans isomerase FKBP4 | FK506-binding protein 4 | FKBP52 | HSP-binding immunophilin | 52 kDa FKBP | FKBP-4 | Rotamase | FKBP51 | PPIase FKBP4 | FKBP4 | 51 kDa FK506-binding protein | FKBP59 | Immunophilin FKBP52 | HBI | FKBP-52,1.0,,Q02790,,
CHEMBL1955,Homo sapiens,P35916,FLT4 | VEGFR-3 | Fms-like tyrosine kinase 4 | Tyrosine-protein kinase receptor FLT4 | VEGFR3 | Vascular endothelial growth factor receptor 3 | FLT-4,3.0,,P35916,1|2|3,P35916-2|P35916-1|P35916-3
CHEMBL1841,Homo sapiens,P06241,FYN | Proto-oncogene Syn | SLK | Src-like kinase | p59-Fyn | Tyrosine-protein kinase Fyn | Proto-oncogene c-Fyn,3.0,,P06241,1|2|3,P06241-1|P06241-2|P06241-3
CHEMBL1784,Homo sapiens,P43220,Glucagon-like peptide 1 receptor | GLP1R | GLP-1-R | GLP-1 receptor | GLP-1R,1.0,,P43220,,
CHEMBL3607,Rattus norvegicus,P42260,Grik2 | GluR-6 | Glutamate receptor ionotropic | kainate 2 | Glutamate receptor 6 | GluK2 | Glur6 | GluR6,1.0,,P42260,,
CHEMBL3234,Homo sapiens,P08631,HCK | Hemopoietic cell kinase | p59Hck | p61Hck | p59-HCK/p60-HCK | Tyrosine-protein kinase HCK | Hematopoietic cell kinase,4.0,,P08631,1|2|3|4,P08631-1|P08631-2|P08631-3|P08631-4
CHEMBL4145,Homo sapiens,Q9UKV0,HDAC7 | HD7b | MITR | HD7 | MEF2-interacting transcription repressor MITR | Histone deacetylase 9 | Histone deacetylase 7B | HDAC7B | HDRP | Histone deacetylase-related protein | KIAA0744 | HD9 | HDAC9,11.0,,Q9UKV0,1|2|3|4|5|6|7|8|9|10|11,Q9UKV0-1|Q9UKV0-2|Q9UKV0-3|Q9UKV0-4|Q9UKV0-5|Q9UKV0-6|Q9UKV0-7|Q9UKV0-8|Q9UKV0-9|Q9UKV0-10|Q9UKV0-11
CHEMBL3099,Mus musculus,P00520,Proto-oncogene c-Abl | p150 | Tyrosine-protein kinase ABL1 | Abl | Abelson murine leukemia viral oncogene homolog 1 | Abl1 | Abelson tyrosine-protein kinase 1,4.0,,P00520,I|II|III|IV,P00520-1|P00520-2|P00520-3|P00520-4
CHEMBL3761,Homo sapiens,Q9HCG7,Bile acid glucosyl transferase GBA2 | Glucosylceramidase 2 | Beta-glucosidase 2 | NLGase | Non-lysosomal glucosylceramidase | SPG46 | GBA2 | KIAA1605 | Beta-glucocerebrosidase 2 | Non-lysosomal cholesterol glycosyltransferase | Cholesterol glucosyltransferase GBA2 | Cholesteryl-beta-glucosidase GBA2 | Non-lysosomal glycosylceramidase | Non-lysosomal galactosylceramidase | Bile acid beta-glucosidase GBA2,3.0,Optimum pH is 5.0 for the hydrolysis of bile acid glucosides.,Q9HCG7,1|2|3,Q9HCG7-1|Q9HCG7-2|Q9HCG7-3
CHEMBL3905,Homo sapiens,P07948,LYN | JTK8 | V-yes-1 Yamaguchi sarcoma viral related oncogene homolog | Lck/Yes-related novel protein tyrosine kinase | p56Lyn | Tyrosine-protein kinase Lyn | p53Lyn,2.0,,P07948,1|2,P07948-1|P07948-2
CHEMBL3906,Homo sapiens,Q15349,Ribosomal S6 kinase 3 | MAPKAP kinase 1c | 90 kDa ribosomal protein S6 kinase 2 | p90RSK2 | RSK3 | Ribosomal protein S6 kinase alpha-2 | p90-RSK 2 | RPS6KA2 | MAPKAPK-1c | MAPK-activated protein kinase 1c | RSK-3 | MAP kinase-activated protein kinase 1c | MAPKAPK1C | pp90RSK3 | S6K-alpha-2,3.0,,Q15349,1|2|3,Q15349-1|Q15349-2|Q15349-3
CHEMBL3119,Homo sapiens,Q9HBA0,VRL-2 | Vanilloid receptor-related osmotically-activated channel | Transient receptor potential cation channel subfamily V member 4 | TRPV4 | Transient receptor potential protein 12 | Osm-9-like TRP channel 4 | TrpV4 | VRL2 | Vanilloid receptor-like channel 2 | VR-OAC | OTRPC4 | TRP12 | VROAC | Vanilloid receptor-like protein 2,6.0,,Q9HBA0,1|2|3|4|5|6,Q9HBA0-1|Q9HBA0-2|Q9HBA0-3|Q9HBA0-4|Q9HBA0-5|Q9HBA0-6
CHEMBL3736,Homo sapiens,Q9BYF1,ACEH | ACE-related carboxypeptidase | ACE2 | Metalloprotease MPROT15 | Angiotensin-converting enzyme homolog | Angiotensin-converting enzyme 2 | Angiotensin-converting enzyme-related carboxypeptidase,2.0,Optimum pH is 6.5 in the presence of 1 M NaCl. Active from pH 6 to 9.,Q9BYF1,1|2,Q9BYF1-1|Q9BYF1-3
CHEMBL4174,Homo sapiens,Q8WWR8,N-acetyl-alpha-neuraminidase 4 | Sialidase-4 | NEU4,3.0,Optimum pH is 3.2.,Q8WWR8,1|2|3,Q8WWR8-1|Q8WWR8-2|Q8WWR8-3
CHEMBL3910,Mus musculus,P50172,11-beta-hydroxysteroid dehydrogenase/microsomal carbonyl reductase | liver-type 11-beta-HSD | 11beta-HSD1A | Hsd11b1 | Corticosteroid 11-beta-dehydrogenase isozyme 1 | 7-oxosteroid reductase | Hsd11 | 11-beta-HSD1A/MCR | 11-beta-HSD1 | 11-DH | 11-beta-hydroxysteroid dehydrogenase 1,1.0,,P50172,,
CHEMBL4175,Homo sapiens,P42679,Megakaryocyte-associated tyrosine-protein kinase | HYL | Protein kinase HYL | CHK | CTK | MATK | Hematopoietic consensus tyrosine-lacking kinase | CSK homologous kinase | Tyrosine-protein kinase CTK,3.0,,P42679,1|2|3,P42679-1|P42679-2|P42679-3
CHEMBL3795,Homo sapiens,Q01726,MSHR | Melanocortin receptor 1 | Melanocyte-stimulating hormone receptor | MC1-R | MSH-R | MC1R,1.0,,Q01726,,
CHEMBL2708,Homo sapiens,Q16584,Mixed lineage kinase 3 | PTK1 | Mitogen-activated protein kinase kinase kinase 11 | Src-homology 3 domain-containing proline-rich kinase | MLK3 | MAP3K11 | SPRK,2.0,,Q16584,1|2,Q16584-1|Q16584-2
CHEMBL4393,Homo sapiens,P39900,MMP-12 | Macrophage metalloelastase | Matrix metalloproteinase-12 | hME | Macrophage elastase | ME | MME | HME | MMP12,1.0,,P39900,,
CHEMBL2758,Homo sapiens,P34949,PMI1 | Phosphomannose isomerase | PMI | Phosphohexomutase | Mannose-6-phosphate isomerase | MPI,2.0,,P34949,1|2,P34949-1|P34949-2
CHEMBL2873,Homo sapiens,Q02779,Mixed lineage kinase 2 | MAP3K10 | Mitogen-activated protein kinase kinase kinase 10 | MLK2 | MST | Protein kinase MST,1.0,,Q02779,,
CHEMBL4394,Homo sapiens,Q9NYA1,SPHK | Acetyltransferase SPHK1 | SPK 1 | SPK | SPHK1 | SK1 | SK 1 | Sphingosine kinase 1,3.0,Optimum pH is 7.4.,Q9NYA1,1|2|3,Q9NYA1-1|Q9NYA1-2|Q9NYA1-3
CHEMBL2815,Homo sapiens,P04629,gp140trk | Trk-A | p140-TrkA | TRK | TRKA | TRK1-transforming tyrosine kinase protein | High affinity nerve growth factor receptor | Tyrosine kinase receptor A | MTC | Tropomyosin-related kinase A | NTRK1 | Neurotrophic tyrosine kinase receptor type 1 | Tyrosine kinase receptor,4.0,,P04629,TrkA-II|TrkA-I|3|TrkA-III,P04629-1|P04629-2|P04629-3|P04629-4
CHEMBL2998,Homo sapiens,P56373,P2RX3 | P2X3 | Purinergic receptor | ATP receptor | P2X purinoceptor 3,1.0,,P56373,,
CHEMBL4398,Homo sapiens,P41231,P2U receptor 1 | P2RY2 | P2Y2 | Purinergic receptor | P2RU1 | P2U1 | ATP receptor | P2U purinoceptor 1 | P2Y purinoceptor 2,1.0,,P41231,,
CHEMBL2999,Homo sapiens,O75914,p21-activated kinase 3 | Oligophrenin-3 | Beta-PAK | OPHN3 | PAK-3 | PAK3 | Serine/threonine-protein kinase PAK 3,4.0,,O75914,1|2|3|4,O75914-1|O75914-2|O75914-3|O75914-4
CHEMBL3012,Homo sapiens,Q13946,"PDE7A | High affinity cAMP-specific 3',5'-cyclic phosphodiesterase 7A | TM22 | HCP1",3.0,,Q13946,PDE7A1|PDE7A2|PDE7A3,Q13946-1|Q13946-2|Q13946-3
CHEMBL2378,Homo sapiens,P30307,Dual specificity phosphatase Cdc25C | M-phase inducer phosphatase 3 | CDC25C,5.0,,P30307,1|2|3|4|5,P30307-1|P30307-2|P30307-5|P30307-3|P30307-4
CHEMBL3223,Rattus norvegicus,P32305,Serotonin receptor 7 | GPRFO | 5-HT-X | 5-hydroxytryptamine receptor 7 | 5-HT7 | 5-HT-7 | Htr7,2.0,,P32305,A|B,P32305-1|P32305-2
CHEMBL3403,Rattus norvegicus,Q9JKC1,Carboxylic ester hydrolase | Bche,1.0,,Q9JKC1,,
CHEMBL3973,Homo sapiens,P22455, | FGFR-4 | Fibroblast growth factor receptor 4 | FGFR4 | TKF | JTK2,2.0,,P22455,1|2,P22455-1|P22455-2
CHEMBL2742,Homo sapiens,P22607, | Fibroblast growth factor receptor 3 | FGFR-3 | JTK4 | FGFR3,4.0,,P22607,1|2|3|4,P22607-1|P22607-2|P22607-3|P22607-4
CHEMBL3267,Homo sapiens,P48736,"PI3Kgamma | PIK3CG | PtdIns-3-kinase subunit gamma | PI3K-gamma | Phosphatidylinositol 4,5-bisphosphate 3-kinase 110 kDa catalytic subunit gamma | Serine/threonine protein kinase PIK3CG | Phosphoinositide-3-kinase catalytic gamma polypeptide | p120-PI3K | PtdIns-3-kinase subunit p110-gamma | Phosphatidylinositol 4,5-bisphosphate 3-kinase catalytic subunit gamma isoform | p110gamma | PI3-kinase subunit gamma",1.0,,P48736,,
CHEMBL3268,Homo sapiens,Q9UBF8,PI4Kbeta | PtdIns 4-kinase beta | Phosphatidylinositol 4-kinase beta | PI4KIII | PIK4CB | NPIK | PI4KB | PI4K-beta | PI4K92,3.0,,Q9UBF8,1|2|3,Q9UBF8-1|Q9UBF8-2|Q9UBF8-3
CHEMBL3286,Homo sapiens,P00749,uPA | PLAU | U-plasminogen activator | Urokinase-type plasminogen activator,2.0,,P00749,1|2,P00749-1|P00749-2
CHEMBL2818,Rattus norvegicus,P51577,P2rx4 | P2X purinoceptor 4 | Purinergic receptor | P2X4 | ATP receptor,1.0,,P51577,,
CHEMBL2734,Homo sapiens,O14939,Phospholipase D2 | Phosphatidylcholine-hydrolyzing phospholipase D2 | PLD1C | hPLD2 | PLD 2 | PLD2 | Choline phosphatase 2,3.0,,O14939,PLD2A|PLD2C|PLD2B,O14939-1|O14939-3|O14939-4
CHEMBL3202,Homo sapiens,P48147,PE | Prolyl endopeptidase | PREP | Post-proline cleaving enzyme | PEP,1.0,,P48147,,
CHEMBL4101,Homo sapiens,P17612,PKACA | PRKACA | cAMP-dependent protein kinase catalytic subunit alpha | PKA C-alpha,2.0,,P17612,1|2,P17612-1|P17612-2
CHEMBL2743,Homo sapiens,P22612,PRKACG | PKA C-gamma | cAMP-dependent protein kinase catalytic subunit gamma,1.0,,P22612,,
CHEMBL5102,Rattus norvegicus,O35433,Transient receptor potential cation channel subfamily V member 1 | Vr1l | Osm-9-like TRP channel 1 | Vanilloid receptor 1 | Vanilloid receptor type 1-like | Capsaicin receptor | Vr1 | OTRPC1 | Trpv1 | TrpV1,3.0,,O35433,1|2|3,O35433-1|O35433-2|O35433-3
CHEMBL3991,Homo sapiens,P08709, | Serum prothrombin conversion accelerator | SPCA | Proconvertin | Coagulation factor VII | F7,2.0,,P08709,A|B,P08709-1|P08709-2
CHEMBL3504,Rattus norvegicus,P19492,AMPA-selective glutamate receptor 3 | Glutamate receptor 3 | Glutamate receptor ionotropic | Glur3 | GluA3 | AMPA 3 | GluR-K3 | Gria3 | GluR-C | GluR-3,2.0,,P19492,Flop|Flip,P19492-1|P19492-2
CHEMBL3308,Homo sapiens,P55212,Apoptotic protease Mch-2 | CASP-6 | CASP6 | MCH2 | CSP-6 | Caspase-6,2.0,,P55212,Alpha|Beta,P55212-1|P55212-2
CHEMBL2775,Rattus norvegicus,Q9ERZ8,Vanilloid receptor-related osmotically-activated channel | Transient receptor potential cation channel subfamily V member 4 | Osm-9-like TRP channel 4 | TrpV4 | VR-OAC | OTRPC4 | Vroac | Trpv4,1.0,,Q9ERZ8,,
CHEMBL2411,Rattus norvegicus,P35563,5-HT3R | 5-HT3-A | Htr3 | Htr3a | 5-HT-3 | Serotonin receptor 3A | 5-HT3A | Serotonin-gated ion channel receptor | 5-hydroxytryptamine receptor 3A | 5-hydroxytryptamine receptor 3 | 5ht3,1.0,,P35563,,
CHEMBL3310,Homo sapiens,Q96DB2,HD11 | Histone deacetylase 11 | HDAC11,2.0,,Q96DB2,1|2,Q96DB2-1|Q96DB2-2
CHEMBL2274,Homo sapiens,Q9H228,S1P receptor Edg-8 | S1P receptor 5 | S1PR5 | Sphingosine 1-phosphate receptor 5 | Endothelial differentiation G-protein-coupled receptor 8 | S1P5 | EDG8 | Sphingosine 1-phosphate receptor Edg-8,2.0,,Q9H228,1|2,Q9H228-1|Q9H228-2
CHEMBL3396,Homo sapiens,Q02880,TOP2B | DNA topoisomerase II | DNA topoisomerase 2-beta | beta isozyme,2.0,,Q02880,Beta-2|Beta-1,Q02880-1|Q02880-2
CHEMBL3720,Homo sapiens,P53396,ACL | ATP-citrate synthase | ATP-citrate (pro-S-)-lyase | ACLY | Citrate cleavage enzyme,3.0,,P53396,1|2|3,P53396-1|P53396-2|P53396-3
CHEMBL3004,Homo sapiens,P33527,Glutathione-S-conjugate-translocating ATPase ABCC1 | Multidrug resistance-associated protein 1 | ATP-binding cassette sub-family C member 1 | ABCC1 | Leukotriene C(4) transporter | MRP | MRP1 | LTC4 transporter,9.0,,P33527,1|2|3|4|5|6|7|8|9,P33527-1|P33527-2|P33527-3|P33527-4|P33527-5|P33527-6|P33527-7|P33527-8|P33527-9
CHEMBL2777,Homo sapiens,Q9H1R3,MLCK2 | MYLK2 | Myosin light chain kinase 2 | skeletal/cardiac muscle,1.0,,Q9H1R3,,
CHEMBL2872,Homo sapiens,P80192,MLK1 | Mitogen-activated protein kinase kinase kinase 9 | PRKE1 | MAP3K9 | Mixed lineage kinase 1,2.0,,P80192,1|2,P80192-1|P80192-4
CHEMBL3602,Rattus norvegicus,Q9R0C9,Sigma non-opioid intracellular receptor 1 | Sigma 1-type opioid receptor | Sigma1-receptor | Sigmar1 | Sigma1R | Oprs1,2.0,,Q9R0C9,1|2,Q9R0C9-1|Q9R0C9-2
CHEMBL2903,Homo sapiens,P16050,Linoleate 13S-lipoxygenase | Polyunsaturated fatty acid lipoxygenase ALOX15 | Hepoxilin A3 synthase Alox15 | ALOX15 | 12/15-lipoxygenase | 15-LOX | LOG15 | Arachidonate 12-lipoxygenase | leukocyte-type | Arachidonate 15-lipoxygenase | 15-LOX-1 | 12-LOX | Arachidonate omega-6 lipoxygenase,2.0,"Optimum pH is 7 with (9Z,12Z)-octadecadienoate as substrate.",P16050,1|2,P16050-1|P16050-2
CHEMBL3468,Homo sapiens,P55210,Caspase-7 | CASP-7 | MCH3 | Apoptotic protease Mch-3 | ICE-like apoptotic protease 3 | CASP7 | ICE-LAP3 | CMH-1,4.0,,P55210,Alpha|Beta|Alpha'|4,P55210-1|P55210-2|P55210-3|P55210-4
CHEMBL308,Homo sapiens,P06493,P34CDC2 | CDC2 | Cell division protein kinase 1 | CDC28A | Cell division control protein 2 homolog | CDK1 | p34 protein kinase | Cyclin-dependent kinase 1 | CDKN1,2.0,,P06493,1|2,P06493-1|P06493-2
CHEMBL2292,Homo sapiens,Q13627,Protein kinase minibrain homolog | Dual specificity YAK1-related kinase | DYRK1A | DYRK | MNB | MNBH | HP86 | Dual specificity tyrosine-phosphorylation-regulated kinase 1A | hMNB,5.0,,Q13627,Long|1|2|3|4,Q13627-1|Q13627-2|Q13627-3|Q13627-4|Q13627-5
CHEMBL5375,Hepatitis C virus,Q8JXU8,RNA-directed RNA polymerase | NS5B,1.0,,Q8JXU8,,
CHEMBL311,Rattus norvegicus,Q00960,NR2B | Glutamate receptor ionotropic | NMDA 2B | Glutamate [NMDA] receptor subunit epsilon-2 | Grin2b | N-methyl D-aspartate receptor subtype 2B | NMDAR2B | GluN2B,1.0,,Q00960,,
CHEMBL3368,Rattus norvegicus,P06536,Nr3c1 | Glucocorticoid receptor | Nuclear receptor subfamily 3 group C member 1 | Grl | GR,2.0,,P06536,A|B,P06536-1|P06536-2
CHEMBL2730,Homo sapiens,P21980,TGM2 | Transglutaminase-2 | Protein G alpha(h) | TGase H | Protein-glutamine dopaminyltransferase TGM2 | Transglutaminase II | TGase-2 | tTgase | tTG | Heart G alpha(h) | G(h) | hhG alpha(h) | TGase II | Tissue transglutaminase | Protein-glutamine gamma-glutamyltransferase 2 | Isopeptidase TGM2 | Protein-glutamine noradrenalinyltransferase TGM2 | Protein-glutamine serotonyltransferase TGM2 | Transglutaminase C | Erythrocyte transglutaminase | hTG2 | TG(C) | TGase C | Protein-glutamine deamidase TGM2 | Protein-glutamine histaminyltransferase TGM2 | TG2 | Transglutaminase H | TGC,3.0,,P21980,1|2|3,P21980-1|P21980-2|P21980-3
CHEMBL3521,Homo sapiens,P10586,Receptor-type tyrosine-protein phosphatase F | Leukocyte common antigen related | LAR | PTPRF,2.0,,P10586,1|2,P10586-1|P10586-2
CHEMBL3050,Mus musculus,Q8BW75,Monoamine oxidase type B | Amine oxidase [flavin-containing] B | MAO-B | Maob,1.0,,Q8BW75,,
CHEMBL3369,Rattus norvegicus,P07861, | Atriopeptidase | NEP | Enkephalinase | Neutral endopeptidase 24.11 | Neutral endopeptidase | SFE | Neprilysin | Mme | Skin fibroblast elastase,1.0,,P07861,,
CHEMBL2322,Rattus norvegicus,P08424,Ren | Angiotensinogenase | Ren1 | Renin,1.0,,P08424,,
CHEMBL2966,Bos taurus,P56658,Adenosine aminohydrolase | ADA | Adenosine deaminase,1.0,,P56658,,
CHEMBL2967,Bos taurus,Q95136,Dopamine D1 receptor | D1AR | D(1A) dopamine receptor | DRD1,1.0,,Q95136,,
CHEMBL312,Rattus norvegicus,P12527,Alox5 | Arachidonate 5-lipoxygenase | Polyunsaturated fatty acid 5-lipoxygenase | 5-lipoxygenase | 5-LO,1.0,,P12527,,
CHEMBL4980,Rattus norvegicus,Q05941,Acra7 | Neuronal acetylcholine receptor subunit alpha-7 | Chrna7,1.0,,Q05941,,
CHEMBL3360,Rattus norvegicus,P28647,Adora3 | Adenosine receptor A3 | TGPCR1,2.0,,P28647,A|B,P28647-1|P28647-2
CHEMBL3361,Rattus norvegicus,P30729,Drd4 | Dopamine D4 receptor | D(4) dopamine receptor | D(2C) dopamine receptor,1.0,,P30729,,
CHEMBL2951,Homo sapiens,P29122,Paired basic amino acid cleaving enzyme 4 | PCSK6 | SPC4 | Subtilisin-like proprotein convertase 4 | Proprotein convertase subtilisin/kexin type 6 | Subtilisin/kexin-like protease PACE4 | PACE4,8.0,,P29122,PACE4A-I|PACE4A-II|PACE4B|PACE4C|PACE4CS|PACE4D|PACE4E-I|PACE4E-II,P29122-1|P29122-2|P29122-3|P29122-4|P29122-5|P29122-6|P29122-7|P29122-8
CHEMBL313,Rattus norvegicus,P31652,Solute carrier family 6 member 4 | SERT | Sodium-dependent serotonin transporter | Slc6a4 | 5HTT | 5HT transporter,1.0,,P31652,,
CHEMBL3114,Rattus norvegicus,P23739,Sucrase-isomaltase | Si | intestinal,1.0,,P23739,,
CHEMBL3242,Homo sapiens,O43570,Carbonic anhydrase 12 | Carbonate dehydratase XII | CA-XII | Tumor antigen HOM-RCC-3.1.3 | CA12 | Carbonic anhydrase XII,2.0,,O43570,1|2,O43570-1|O43570-2
CHEMBL2803,Homo sapiens,P43403,Syk-related tyrosine kinase | 70 kDa zeta-chain associated protein | Tyrosine-protein kinase ZAP-70 | SRK | ZAP70,3.0,,P43403,1|2|3,P43403-1|P43403-2|P43403-3
CHEMBL3979,Homo sapiens,Q03181,NR1C2 | Nuclear hormone receptor 1 | Peroxisome proliferator-activated receptor delta | PPAR-delta | Nuclear receptor subfamily 1 group C member 2 | PPAR-beta | PPARD | PPARB | NUC1 | NUCI | Peroxisome proliferator-activated receptor beta,4.0,,Q03181,1|2|3|4,Q03181-1|Q03181-2|Q03181-3|Q03181-4
CHEMBL2331,Bos taurus,P10938,PNMT | Noradrenaline N-methyltransferase | PNMTase | Phenylethanolamine N-methyltransferase,1.0,Optimum pH is 7.9.,P10938,,
CHEMBL3247,Rattus norvegicus,P51639,HMG-CoA reductase | Hmgcr | 3-hydroxy-3-methylglutaryl-coenzyme A reductase,1.0,,P51639,,
CHEMBL2993,Rattus norvegicus,P19643,Monoamine oxidase type B | Amine oxidase [flavin-containing] B | MAO-B | Maob,1.0,,P19643,,
CHEMBL2996,Homo sapiens,Q05655,PRKCD | Protein kinase C delta type | PKCD | nPKC-delta | Tyrosine-protein kinase PRKCD,2.0,,Q05655,1|2,Q05655-1|Q05655-2
CHEMBL4822,Homo sapiens,P56817,Beta-secretase 1 | BACE | ASP2 | Asp 2 | Membrane-associated aspartic protease 2 | Beta-site APP cleaving enzyme 1 | Aspartyl protease 2 | BACE1 | Beta-site amyloid precursor protein cleaving enzyme 1 | KIAA1149 | Memapsin-2,6.0,,P56817,A|B|C|D|5|6,P56817-1|P56817-2|P56817-3|P56817-4|P56817-5|P56817-6
CHEMBL2276,Homo sapiens,P45983,Stress-activated protein kinase 1c | JNK1 | SAPK1c | MAPK8 | PRKM8 | MAPK 8 | c-Jun N-terminal kinase 1 | MAP kinase 8 | Mitogen-activated protein kinase 8 | SAPK1 | JNK-46 | SAPK1C | Stress-activated protein kinase JNK1,5.0,,P45983,2|1|3|4|5,P45983-1|P45983-2|P45983-3|P45983-4|P45983-5
CHEMBL3976,Homo sapiens,Q9UHL4,Quiescent cell proline dipeptidase | DPP7 | DPP II | Dipeptidyl peptidase 2 | DPP2 | Dipeptidyl peptidase 7 | Dipeptidyl peptidase II | QPP | Dipeptidyl aminopeptidase II,1.0,Optimum pH is 5.5. Has low activity at pH 7 and is inactive at pH 8.,Q9UHL4,,
CHEMBL3956,Homo sapiens,Q13233,Mitogen-activated protein kinase kinase kinase 1 | MEKK1 | MEKK | MAPKKK1 | MEKK 1 | MEK kinase 1 | MAPK/ERK kinase kinase 1 | MAP3K1,1.0,,Q13233,,
CHEMBL2563,Homo sapiens,Q9UQL6,KIAA0600 | HDAC5 | Histone deacetylase 5 | HD5 | Antigen NY-CO-9,3.0,,Q9UQL6,1|2|3,Q9UQL6-1|Q9UQL6-2|Q9UQL6-3
CHEMBL3972,Homo sapiens,P22102,Trifunctional purine biosynthetic protein adenosine-3 | PGFT | PRGS | GART,2.0,,P22102,Long|Short,P22102-1|P22102-2
CHEMBL1918,Homo sapiens,P39086,Excitatory amino acid receptor 3 | EAA3 | kainate 1 | Glutamate receptor ionotropic | GluR5 | Glutamate receptor 5 | GluR-5 | GLUR5 | GluK1 | GRIK1,2.0,,P39086,1|2,P39086-1|P39086-2
CHEMBL3683,Homo sapiens,Q13002,GRIK2 | GLUR6 | Glutamate receptor ionotropic | GluR-6 | EAA4 | Excitatory amino acid receptor 4 | kainate 2 | Glutamate receptor 6 | GluK2 | GluR6,7.0,,Q13002,1|2|3|4|5|6|7,Q13002-1|Q13002-2|Q13002-3|Q13002-4|Q13002-5|Q13002-6|Q13002-7
CHEMBL2889,Homo sapiens,Q9Y2R2,Lymphoid phosphatase | PTPN8 | Tyrosine-protein phosphatase non-receptor type 22 | PEST-domain phosphatase | PTPN22 | LyP | Hematopoietic cell protein-tyrosine phosphatase 70Z-PEP | PEP,6.0,,Q9Y2R2,1|2|3|4|5|6,Q9Y2R2-1|Q9Y2R2-2|Q9Y2R2-3|Q9Y2R2-4|Q9Y2R2-5|Q9Y2R2-6
CHEMBL3390,Rattus norvegicus,P27791,cAMP-dependent protein kinase catalytic subunit alpha | PKA C-alpha | Prkaca,2.0,,P27791,1|2,P27791-1|P27791-2
CHEMBL2383,Rattus norvegicus,Q63707,Dihydroorotate oxidase | Dhodh | Dihydroorotate dehydrogenase (quinone) | DHOdehase | mitochondrial,1.0,,Q63707,,
CHEMBL2252,Homo sapiens,P53634,Dipeptidyl transferase | CTSC | Cathepsin C | Dipeptidyl peptidase 1 | Cathepsin J | DPP-I | Dipeptidyl peptidase I | CPPI | DPPI,3.0,High activity at pH 4.5-6.8.,P53634,1|2|3,P53634-1|P53634-2|P53634-3
CHEMBL3455,Mus musculus,O08914,Oleamide hydrolase 1 | Faah | Fatty-acid amide hydrolase 1 | Faah1 | Anandamide amidohydrolase 1 | Fatty acid ester hydrolase,1.0,,O08914,,
CHEMBL3960,Mus musculus,P16092, | MFR | Fgfr1 | Proto-oncogene c-Fgr | FGFR-1 | Basic fibroblast growth factor receptor 1 | bFGF-R-1 | Flg | Fibroblast growth factor receptor 1,6.0,,P16092,1|2|3|4|5|6,P16092-1|P16092-2|P16092-3|P16092-4|P16092-5|P16092-6
CHEMBL4147,Homo sapiens,Q9UQM7,CAMKA | CAMK2A | CaM kinase II subunit alpha | KIAA0968 | Calcium/calmodulin-dependent protein kinase type II subunit alpha | CaMK-II subunit alpha,2.0,,Q9UQM7,A|B,Q9UQM7-1|Q9UQM7-2
CHEMBL4481,Homo sapiens,P35228,Hepatocyte NOS | Inducible NOS | NOS type II | Nitric oxide synthase | NOS2 | iNOS | Inducible NO synthase | inducible | HEP-NOS | NOS2A | Peptidyl-cysteine S-nitrosylase NOS2,2.0,,P35228,1|2,P35228-1|P35228-2
CHEMBL2716,Homo sapiens,Q8WUI4,HD7a | HDAC7 | HD7 | HDAC7A | Histone deacetylase 7A | Histone deacetylase 7,10.0,,Q8WUI4,1|2|3|4|5|6|7|8|9|10,Q8WUI4-1|Q8WUI4-2|Q8WUI4-3|Q8WUI4-4|Q8WUI4-5|Q8WUI4-6|Q8WUI4-7|Q8WUI4-8|Q8WUI4-9|Q8WUI4-10
CHEMBL2717,Homo sapiens,Q9HCR9,"cAMP and cGMP phosphodiesterase 11A | PDE11A | Dual 3',5'-cyclic-AMP and -GMP phosphodiesterase 11A",4.0,,Q9HCR9,1|2|3|4,Q9HCR9-1|Q9HCR9-2|Q9HCR9-3|Q9HCR9-4
CHEMBL3067,Rattus norvegicus,P31422,Metabotropic glutamate receptor 3 | mGluR3 | Grm3 | Mglur3 | Gprc1c,1.0,,P31422,,
CHEMBL3358,Rattus norvegicus,P21396,MAO-A | Maoa | Amine oxidase [flavin-containing] A | Monoamine oxidase type A,1.0,,P21396,,
CHEMBL3337,Mus musculus,P35918, | Flk-1 | FLK-1 | Protein-tyrosine kinase receptor flk-1 | Vascular endothelial growth factor receptor 2 | Kinase NYK | Kdr | VEGFR-2 | Flk1 | Fetal liver kinase 1,2.0,,P35918,1|2,P35918-1|P35918-2
CHEMBL2858,Mus musculus,P42866,Mu-type opioid receptor | MOR-1 | Oprm | M-OR-1 | Oprm1 | Mor,19.0,,P42866,1|2|3|4|5|6|7|8|9|10|11|12|13|14|15|16|17|18|19,P42866-1|P42866-2|P42866-3|P42866-4|P42866-5|P42866-6|P42866-7|P42866-8|P42866-9|P42866-10|P42866-11|P42866-12|P42866-13|P42866-14|P42866-15|P42866-16|P42866-17|P42866-18|P42866-19
CHEMBL315,Rattus norvegicus,P15823,Alpha-1B adrenoceptor | Alpha-1B adrenergic receptor | Alpha-1B adrenoreceptor | Adra1b,1.0,,P15823,,
CHEMBL2564,Rattus norvegicus,P31424,Grm5 | Mglur5 | Gprc1e | mGluR5 | Metabotropic glutamate receptor 5,2.0,,P31424,2|1,P31424-1|P31424-2
CHEMBL4336,Mus musculus,P30557,Ptger3 | Prostanoid EP3 receptor | PGE receptor EP3 subtype | PGE2 receptor EP3 subtype | Prostaglandin E2 receptor EP3 subtype | Ptgerep3,3.0,,P30557,Alpha|Beta|Gamma,P30557-1|P30557-2|P30557-3
CHEMBL318,Rattus norvegicus,P25099,Adenosine receptor A1 | Adora1,1.0,,P25099,,
CHEMBL319,Rattus norvegicus,P43140,Alpha-1C adrenergic receptor | Alpha-1A adrenergic receptor | Alpha-1A adrenoceptor | Alpha-1A adrenoreceptor | Adra1a | Adra1c,1.0,,P43140,,
CHEMBL2919,Rattus norvegicus,P22756,kainate 1 | Glutamate receptor ionotropic | Grik1 | Glur5 | Glutamate receptor 5 | GluR5 | GluR-5 | GluK1,4.0,,P22756,Glur5-2C|Glur5-2|Glur5-2A|Glur5-2B,P22756-1|P22756-2|P22756-3|P22756-4
CHEMBL3300,Rattus norvegicus,O35795,Entpd2 | Ecto-ATP diphosphohydrolase 2 | Ecto-ATPDase 2 | Ectonucleoside triphosphate diphosphohydrolase 2 | CD39 antigen-like 1 | Cd39l1 | NTPDase 2 | Ecto-ATPase 2,2.0,,O35795,1|2,O35795-1|O35795-2
CHEMBL2336,Mus musculus,P47811,Csbp1 | MAPK 14 | Crk1 | Mitogen-activated protein kinase 14 | CRK1 | Mitogen-activated protein kinase p38 alpha | MAP kinase p38 alpha | Csbp2 | Mapk14 | MAP kinase 14,4.0,,P47811,1|2|3|4,P47811-1|P47811-2|P47811-3|P47811-4
CHEMBL2622,Rattus norvegicus,P07943,Aldo-keto reductase family 1 member B1 | AR | Aldehyde reductase | Aldr1 | Akr1b4 | Aldose reductase | Akr1b1,1.0,,P07943,,
CHEMBL4017,Rattus norvegicus,Q62968,Sns | Sensory neuron sodium channel | Voltage-gated sodium channel subunit alpha Nav1.8 | Peripheral nerve sodium channel 3 | PN3 | Sodium channel protein type 10 subunit alpha | Scn10a | Sodium channel protein type X subunit alpha,2.0,,Q62968,1|2,Q62968-1|Q62968-2
CHEMBL3503,Rattus norvegicus,P19491,GluA2 | GluR-2 | Glutamate receptor ionotropic | GluR-K2 | Glutamate receptor 2 | AMPA 2 | Glur2 | Gria2 | GluR-B | AMPA-selective glutamate receptor 2,3.0,,P19491,Flop|Flip|3,P19491-1|P19491-2|P19491-3
CHEMBL3145,Homo sapiens,P42338,"PtdIns-3-kinase subunit beta | PIK3C1 | Phosphatidylinositol 4,5-bisphosphate 3-kinase 110 kDa catalytic subunit beta | p110beta | PIK3CB | Phosphatidylinositol 4,5-bisphosphate 3-kinase catalytic subunit beta isoform | Serine/threonine protein kinase PIK3CB | PI3Kbeta | PI3K-beta | PI3-kinase subunit beta | PtdIns-3-kinase subunit p110-beta",1.0,,P42338,,
CHEMBL4447,Homo sapiens,Q9Y337,KLK-L2 | SCTE | Kallikrein-5 | KLK5 | Stratum corneum tryptic enzyme | Kallikrein-like protein 2,1.0,,Q9Y337,,
CHEMBL321,Homo sapiens,P14780,MMP-9 | GELB | 92 kDa gelatinase | Gelatinase B | MMP9 | Matrix metalloproteinase-9 | 92 kDa type IV collagenase | CLG4B,1.0,,P14780,,
CHEMBL4270,Homo sapiens,P09238,SL-2 | Matrix metalloproteinase-10 | MMP-10 | Stromelysin-2 | STMY2 | Transin-2 | MMP10,1.0,,P09238,,
CHEMBL4889,Rattus norvegicus,P31646,Gat-2 | GAT-2 | Solute carrier family 6 member 13 | Slc6a13 | Sodium- and chloride-dependent GABA transporter 2 | Gabt2,1.0,,P31646,,
CHEMBL2916,Homo sapiens,O14746,TCS1 | TP2 | Telomerase reverse transcriptase | TRT | TERT | Telomerase-associated protein 2 | Telomerase catalytic subunit | EST2 | HEST2,4.0,,O14746,1|2|3|4,O14746-1|O14746-2|O14746-3|O14746-4
CHEMBL2007,Homo sapiens,P16234, | PDGFR2 | CD140 antigen-like family member A | CD140a antigen | Alpha platelet-derived growth factor receptor | RHEPDGFRA | PDGFR-2 | PDGFRA | Platelet-derived growth factor receptor alpha | Alpha-type platelet-derived growth factor receptor | Platelet-derived growth factor receptor 2 | Platelet-derived growth factor alpha receptor | PDGF-R-alpha | PDGFR-alpha,3.0,,P16234,1|2|3,P16234-1|P16234-2|P16234-3
CHEMBL4973,Homo sapiens,P43004,SLC1A2 | EAAT2 | GLT1 | Excitatory amino acid transporter 2 | Solute carrier family 1 member 2 | Glutamate/aspartate transporter II | Sodium-dependent glutamate/aspartate transporter 2,3.0,,P43004,1|2|3,P43004-1|P43004-2|P43004-3
CHEMBL4426,Homo sapiens,P04054,PLA2G1B | Phosphatidylcholine 2-acylhydrolase 1B | Group IB phospholipase A2 | PLA2A | Phospholipase A2 | PPLA2 | PLA2,1.0,,P04054,,
CHEMBL4567,Rattus norvegicus,O54735,"Pde5a | cGMP-specific 3',5'-cyclic phosphodiesterase | CGB-PDE | Pde5 | cGMP-binding cGMP-specific phosphodiesterase",2.0,,O54735,PDE5A2|PDE5A1,O54735-1|O54735-2
CHEMBL4427,Homo sapiens,Q13258,PTGDR | PGD receptor | Prostaglandin D2 receptor | Prostanoid DP receptor | PGD2 receptor,2.0,,Q13258,1|2,Q13258-1|Q13258-2
CHEMBL3920,Homo sapiens,Q04759,PRKCQ | PRKCT | nPKC-theta | Protein kinase C theta type,3.0,,Q04759,1|2|3,Q04759-1|Q04759-2|Q04759-3
CHEMBL4282,Homo sapiens,P31749,RAC-alpha serine/threonine-protein kinase | RAC-PK-alpha | PKB | Protein kinase B | AKT1 | RAC | Protein kinase B alpha | Proto-oncogene c-Akt | PKB alpha,2.0,,P31749,1|2,P31749-1|P31749-2
CHEMBL1974,Homo sapiens,P36888, | FL cytokine receptor | STK-1 | FLK2 | FLT3 | Fetal liver kinase-2 | Stem cell tyrosine kinase 1 | CD135 | FLK-2 | STK1 | Fms-like tyrosine kinase 3 | Receptor-type tyrosine-protein kinase FLT3 | FLT-3,2.0,,P36888,1|2,P36888-1|P36888-2
CHEMBL4140,Mus musculus,P34914,Ephx2 | Bifunctional epoxide hydrolase 2 | Eph2,2.0,,P34914,1|2,P34914-1|P34914-2
CHEMBL2373,Homo sapiens,P21730, | C5a anaphylatoxin chemotactic receptor | C5a-R | C5R1 | C5AR1 | C5a anaphylatoxin chemotactic receptor 1 | C5aR | C5AR,1.0,,P21730,,
CHEMBL4766,Homo sapiens,Q15118,[Pyruvate dehydrogenase (acetyl-transferring)] kinase isozyme 1 | PDH kinase 1 | PDK1 | PDHK1 | Pyruvate dehydrogenase kinase isoform 1 | mitochondrial,2.0,,Q15118,1|2,Q15118-1|Q15118-2
CHEMBL3893,Homo sapiens,Q15120,[Pyruvate dehydrogenase (acetyl-transferring)] kinase isozyme 3 | Pyruvate dehydrogenase kinase isoform 3 | PDK3 | mitochondrial | PDHK3,2.0,,Q15120,1|2,Q15120-1|Q15120-2
CHEMBL4141,Homo sapiens,Q16654,PDK4 | [Pyruvate dehydrogenase (acetyl-transferring)] kinase isozyme 4 | PDHK4 | Pyruvate dehydrogenase kinase isoform 4 | mitochondrial,1.0,,Q16654,,
CHEMBL322,Rattus norvegicus,P14842,Htr2a | 5-HT-2 | 5-HT-2A | Htr2 | 5-hydroxytryptamine receptor 2A | Serotonin receptor 2A,1.0,,P14842,,
CHEMBL324,Rattus norvegicus,P08909,5-HT1C | Serotonin receptor 2C | 5-HT2C | 5ht1c | Htr1c | 5-HTR2C | 5-hydroxytryptamine receptor 1C | Htr2c | 5-HT-1C | 5-hydroxytryptamine receptor 2C | 5-HT-2C,1.0,,P08909,,
CHEMBL4338,Homo sapiens,P00491,NP | Purine nucleoside phosphorylase | Inosine phosphorylase | Inosine-guanosine phosphorylase | PNP,1.0,,P00491,,
CHEMBL325,Homo sapiens,Q13547,Protein deacetylase HDAC1 | RPD3L1 | Histone deacetylase 1 | HD1 | HDAC1 | Protein decrotonylase HDAC1,1.0,,Q13547,,
CHEMBL3009,Homo sapiens,Q15303,ERBB4 | Tyrosine kinase-type cell surface receptor HER4 | Proto-oncogene-like protein c-ErbB-4 | HER4 | Receptor tyrosine-protein kinase erbB-4 | p180erbB4,4.0,,Q15303,JM-A CYT-1|JM-B CYT-1|JM-A CYT-2|JM-B CYT-2,Q15303-1|Q15303-2|Q15303-3|Q15303-4
CHEMBL2617,Homo sapiens,Q15661,TPSAB1 | TPS2 | Tryptase alpha-1 | TPSB1 | TPS1 | Tryptase I | Tryptase alpha/beta-1 | Tryptase-1,2.0,,Q15661,1|2,Q15661-1|Q15661-2
CHEMBL3194,Homo sapiens,P02766,TBPA | PALB | Transthyretin | TTR | Prealbumin | ATTR,1.0,,P02766,,
CHEMBL2343,Homo sapiens,O00141,SGK | Serum/glucocorticoid-regulated kinase 1 | SGK1 | Serine/threonine-protein kinase Sgk1,5.0,,O00141,1|2|3|4|5,O00141-1|O00141-2|O00141-3|O00141-4|O00141-5
CHEMBL2659,Rattus norvegicus,P48974,V1bR | Avpr1b | AVPR V3 | Antidiuretic hormone receptor 1b | Vasopressin V3 receptor | AVPR V1b | Vasopressin V1b receptor,1.0,,P48974,,
CHEMBL2345,Homo sapiens,P51812,90 kDa ribosomal protein S6 kinase 3 | p90RSK3 | RPS6KA3 | Insulin-stimulated protein kinase 1 | MAP kinase-activated protein kinase 1b | MAPKAPK1B | pp90RSK2 | RSK-2 | MAPKAP kinase 1b | p90-RSK 3 | Ribosomal protein S6 kinase alpha-3 | ISPK1 | MAPK-activated protein kinase 1b | S6K-alpha-3 | RSK2 | MAPKAPK-1b | Ribosomal S6 kinase 2 | ISPK-1,1.0,,P51812,,
CHEMBL3018,Homo sapiens,Q9Y5Y6,PRSS14 | Tumor-associated differentially-expressed gene 15 protein | Matriptase | Suppressor of tumorigenicity 14 protein | MT-SP1 | Serine protease 14 | SNC19 | Membrane-type serine protease 1 | Serine protease TADG-15 | Prostamin | ST14 | TADG15,1.0,,Q9Y5Y6,,
CHEMBL2349,Homo sapiens,P15735,PHKG2 | PSK-C3 | Phosphorylase b kinase gamma catalytic chain | liver/testis isoform | Phosphorylase kinase subunit gamma-2 | PHK-gamma-LT | PHK-gamma-T,2.0,,P15735,1|2,P15735-1|P15735-2
CHEMBL2864,Homo sapiens,P16455,6-O-methylguanine-DNA methyltransferase | O-6-methylguanine-DNA-alkyltransferase | MGMT | Methylated-DNA--protein-cysteine methyltransferase,1.0,,P16455,,
CHEMBL4073,Homo sapiens,P09237,Matrilysin | PUMP1 | Uterine metalloproteinase | Pump-1 protease | Matrin | Matrix metalloproteinase-7 | MMP-7 | MMP7 | MPSL1,1.0,,P09237,,
CHEMBL2745,Rattus norvegicus,P16638,ATP-citrate (pro-S-)-lyase | ATP-citrate synthase | Acly | Citrate cleavage enzyme,2.0,,P16638,1|2,P16638-1|P16638-2
CHEMBL326,Rattus norvegicus,P23944,RA42 | Alpha-1D adrenoceptor | Adra1d | Alpha-1A adrenergic receptor | Alpha-1D adrenoreceptor | Adra1a | Alpha-1D adrenergic receptor,1.0,,P23944,,
CHEMBL3150,Rattus norvegicus,P13053,"VDR | Vitamin D3 receptor | Vdr | 1,25-dihydroxyvitamin D3 receptor | Nr1i1 | Nuclear receptor subfamily 1 group I member 1",1.0,,P13053,,
CHEMBL3026,Homo sapiens,P34903,GABRA3 | Gamma-aminobutyric acid receptor subunit alpha-3 | GABA(A) receptor subunit alpha-3,1.0,,P34903,,
CHEMBL4956,Homo sapiens,P47869,GABRA2 | GABA(A) receptor subunit alpha-2 | Gamma-aminobutyric acid receptor subunit alpha-2,2.0,,P47869,1|2,P47869-1|P47869-2
CHEMBL4070,Homo sapiens,P19784,CK2A2 | CSNK2A2 | CK II alpha' | Casein kinase II subunit alpha',1.0,,P19784,,
CHEMBL2662,Rattus norvegicus,Q64602,Glycine transaminase AADAT | Kynurenine aminotransferase II | Kynurenine--oxoglutarate aminotransferase II | Methionine--glyoxylate transaminase AADAT | Alpha-aminoadipate aminotransferase | Aadat | AadAT | KAT/AadAT | Kat2 | Kynurenine/alpha-aminoadipate aminotransferase | 2-aminoadipate aminotransferase | Kynurenine--oxoglutarate transaminase 2 | Kynurenine--oxoglutarate transaminase II | mitochondrial | 2-aminoadipate transaminase | Kynurenine--glyoxylate transaminase AADAT,1.0,,Q64602,,
CHEMBL1917,Homo sapiens,P30872,SS1R | SSTR1 | SS1-R | SRIF-2 | SS-1-R | Somatostatin receptor type 1 | SST1,1.0,,P30872,,
CHEMBL2664,Homo sapiens,P23526,AdoHcyase | AHCY | S-adenosyl-L-homocysteine hydrolase | SAHH | Adenosylhomocysteinase,2.0,,P23526,1|2,P23526-1|P23526-2
CHEMBL2725,Enterobacter cloacae,P05364,Cephalosporinase | ampC | Beta-lactamase,1.0,,P05364,,
CHEMBL2726,Homo sapiens,Q99519,NANH | N-acetyl-alpha-neuraminidase 1 | Acetylneuraminyl hydrolase | Lysosomal sialidase | G9 sialidase | Sialidase-1 | NEU1,1.0,Optimum pH is 4.6.,Q99519,,
CHEMBL329,Rattus norvegicus,P25095,At1a | Agtr1 | AT1 receptor A | Type-1 angiotensin II receptor A | Agtr1a | Angiotensin II type-1 receptor A,1.0,,P25095,,
CHEMBL3442,Mus musculus,Q01097,NR2B | Glutamate receptor ionotropic | NMDA 2B | Glutamate [NMDA] receptor subunit epsilon-2 | Grin2b | N-methyl D-aspartate receptor subtype 2B | NMDAR2B | GluN2B,1.0,,Q01097,,
CHEMBL5374,Rattus norvegicus,P53790,Na(+)/glucose cotransporter 1 | Sglt1 | Slc5a1 | Solute carrier family 5 member 1 | High affinity sodium-glucose cotransporter | Sodium/glucose cotransporter 1,1.0,,P53790,,
CHEMBL4316,Rattus norvegicus,P53792,Na(+)/glucose cotransporter 2 | Sodium/glucose cotransporter 2 | Slc5a2 | Sglt2 | Low affinity sodium-glucose cotransporter | Solute carrier family 5 member 2,1.0,,P53792,,
CHEMBL2871,Rattus norvegicus,P30551,CCK-AR | Cholecystokinin receptor type A | Cholecystokinin-1 receptor | CCK-A receptor | Cckar | CCK1-R,1.0,,P30551,,
CHEMBL4441,Homo sapiens,P49682, | C-X-C chemokine receptor type 3 | CXC-R3 | CXCR-3 | G protein-coupled receptor 9 | CXCR3 | Interferon-inducible protein 10 receptor | CKR-L2 | IP-10 receptor | GPR9,3.0,,P49682,1|2|3,P49682-1|P49682-2|P49682-3
CHEMBL3055,Homo sapiens,P50613,CDK7 | CDK-activating kinase 1 | CAK | TFIIH basal transcription factor complex kinase subunit | p39 Mo15 | 39 kDa protein kinase | CAK1 | STK1 | CDKN7 | Cell division protein kinase 7 | Cyclin-dependent kinase 7 | MO15 | Serine/threonine-protein kinase 1,1.0,,P50613,,
CHEMBL3056,Mus musculus,P19091,Nuclear receptor subfamily 3 group C member 4 | Androgen receptor | Dihydrotestosterone receptor | Nr3c4 | Ar,1.0,,P19091,,
CHEMBL3072,Rattus norvegicus,P15207,Nuclear receptor subfamily 3 group C member 4 | Androgen receptor | Dihydrotestosterone receptor | Nr3c4 | Ar,1.0,,P15207,,
CHEMBL1844,Homo sapiens,P07333, | CSF-1-R | M-CSF-R | CSF-1 receptor | FMS | Proto-oncogene c-Fms | Macrophage colony-stimulating factor 1 receptor | CSF1R | CSF-1R,2.0,,P07333,1|2,P07333-1|P07333-2
CHEMBL4444,Homo sapiens,P04070,Vitamin K-dependent protein C | Blood coagulation factor XIV | Anticoagulant protein C | PROC | Autoprothrombin IIA,2.0,,P04070,1|2,P04070-1|P04070-2
CHEMBL4323,Homo sapiens,P39877,PLA2-10 | Phospholipase A2 group V | PLA2G5 | Phosphatidylcholine 2-acylhydrolase 5,1.0,Optimum pH is 6.5. Activity remains high up to pH 9.0.,P39877,,
CHEMBL2592,Rattus norvegicus,P29276,Adenosine receptor A2b | Adora2b,1.0,,P29276,,
CHEMBL2593,Homo sapiens,P30419,NMT | Type I N-myristoyltransferase | HsNMT1 | Myristoyl-CoA:protein N-myristoyltransferase 1 | Glycylpeptide N-tetradecanoyltransferase 1 | Protein-lysine myristoyltransferase NMT1 | Peptide N-myristoyltransferase 1 | NMT1 | NMT 1,2.0,,P30419,Long|Short,P30419-1|P30419-2
CHEMBL2318,Homo sapiens,O75173,KIAA0688 | ADAMTS-4 | ADMP-1 | A disintegrin and metalloproteinase with thrombospondin motifs 4 | ADAMTS4 | Aggrecanase-1 | ADAM-TS4 | ADAM-TS 4,2.0,,O75173,1|2,O75173-1|O75173-2
CHEMBL2285,Homo sapiens,Q9UNA0,ADAMTS-11 | ADAMTS-5 | ADAMTS11 | ADAM-TS 5 | ADAMTS5 | A disintegrin and metalloproteinase with thrombospondin motifs 5 | ADMP2 | Aggrecanase-2 | ADAM-TS5 | ADMP-2 | A disintegrin and metalloproteinase with thrombospondin motifs 11 | ADAM-TS 11,1.0,,Q9UNA0,,
CHEMBL2283,Bos taurus,P00921,Cyanamide hydratase CA2 | Carbonate dehydratase II | Carbonic anhydrase 2 | CA2 | CA-II | Carbonic anhydrase II,1.0,,P00921,,
CHEMBL2288,Homo sapiens,Q13526,Rotamase Pin1 | PPIase Pin1 | Peptidyl-prolyl cis-trans isomerase NIMA-interacting 1 | PIN1 | Peptidyl-prolyl cis-trans isomerase Pin1,1.0,,Q13526,,
CHEMBL2731,Homo sapiens,O60755,GALNR3 | GALR-3 | Galanin receptor type 3 | GAL3-R | GALR3,1.0,,O60755,,
CHEMBL2289,Canis lupus familiaris,P54833,Beta-2 adrenoceptor | Beta-2 adrenergic receptor | Beta-2 adrenoreceptor | ADRB2,1.0,,P54833,,
CHEMBL4477,Rattus norvegicus,P23385,Mglur1 | mGluR1 | Metabotropic glutamate receptor 1 | Grm1 | Gprc1a,3.0,,P23385,1A|1B|1C,P23385-1|P23385-2|P23385-3
CHEMBL5137,Homo sapiens,Q14416,mGluR2 | GPRC1B | GRM2 | MGLUR2 | Metabotropic glutamate receptor 2,1.0,,Q14416,,
CHEMBL3729,Homo sapiens,P22748,Carbonic anhydrase 4 | Carbonic anhydrase IV | Carbonate dehydratase IV | CA4 | CA-IV,2.0,,P22748,1|2,P22748-1|P22748-2
CHEMBL4802,Bos taurus,P29473,Endothelial NOS | eNOS | Nitric oxide synthase 3 | NOS type III | cNOS | NOS3 | Nitric oxide synthase | Constitutive NOS | EC-NOS | NOSIII | endothelial,1.0,,P29473,,
CHEMBL3744,Rattus norvegicus,P42264,Glutamate receptor 7 | Glutamate receptor ionotropic | GluR-7 | Grik3 | GluR7 | kainate 3 | GluK3 | Glur7,2.0,,P42264,GluR7A|GluR7B,P42264-1|P42264-2
CHEMBL2778,Homo sapiens,Q12908,SLC10A2 | Ileal Na(+)/bile acid cotransporter | Apical sodium-dependent bile acid transporter | Na(+)-dependent ileal bile acid transporter | NTCP2 | ileal | Sodium/taurocholate cotransporting polypeptide | IBAT | Ileal sodium-dependent bile acid transporter | ISBT | Solute carrier family 10 member 2 | Ileal sodium/bile acid cotransporter | ASBT,1.0,,Q12908,,
CHEMBL4123,Homo sapiens,P30989,NTRH | NTR1 | NTRR | NT-R-1 | Neurotensin receptor type 1 | NTSR1 | High-affinity levocabastine-insensitive neurotensin receptor,1.0,,P30989,,
CHEMBL4128,Homo sapiens,Q02763, | Tunica interna endothelial cell kinase | hTIE2 | Endothelial tyrosine kinase | TEK | VMCM | Tyrosine-protein kinase receptor TIE-2 | Tyrosine-protein kinase receptor TEK | p140 TEK | Angiopoietin-1 receptor | TIE2 | Tyrosine kinase with Ig and EGF homology domains-2 | VMCM1,3.0,,Q02763,1|2|3,Q02763-1|Q02763-2|Q02763-3
CHEMBL3529,Homo sapiens,Q14164,IKK-i | Inducible I kappa-B kinase | IKK-epsilon | IKBKE | IkBKE | IKKI | IKKE | IKK-E | Inhibitor of nuclear factor kappa-B kinase subunit epsilon | KIAA0151 | I-kappa-B kinase epsilon,2.0,,Q14164,1|2,Q14164-1|Q14164-2
CHEMBL3530,Homo sapiens,O14733,JNKK2 | MAP kinase kinase 7 | MKK7 | SAPKK-4 | SAPKK4 | JNK-activating kinase 2 | c-Jun N-terminal kinase kinase 2 | SAPK kinase 4 | MAP2K7 | PRKMK7 | SKK4 | JNKK 2 | MEK 7 | MEK7 | Stress-activated protein kinase kinase 4 | Dual specificity mitogen-activated protein kinase kinase 7 | MAPK/ERK kinase 7 | MAPKK 7 | JNK kinase 2,4.0,,O14733,1|2|3|4,O14733-1|O14733-2|O14733-3|O14733-4
CHEMBL2782,Homo sapiens,P35610,ACAT | Acyl-coenzyme A:cholesterol acyltransferase 1 | Cholesterol acyltransferase 1 | SOAT1 | Sterol O-acyltransferase 1 | STAT | ACACT1 | ACAT-1 | SOAT | ACAT1 | ACACT,3.0,,P35610,1|2|3,P35610-1|P35610-2|P35610-3
CHEMBL3912,Homo sapiens,Q8N1Q1,CA-XIII | Carbonate dehydratase XIII | Carbonic anhydrase 13 | Carbonic anhydrase XIII | CA13,1.0,,Q8N1Q1,,
CHEMBL4767,Homo sapiens,Q16572,SLC18A3 | Solute carrier family 18 member 3 | Vesicular acetylcholine transporter | VACHT | VAChT,1.0,Optimum pH is 7.,Q16572,,
CHEMBL4501,Homo sapiens,P23443,70 kDa ribosomal protein S6 kinase 1 | p70 S6KA | Serine/threonine-protein kinase 14A | Ribosomal protein S6 kinase beta-1 | P70S6K1 | p70-S6K 1 | Ribosomal protein S6 kinase I | p70 ribosomal S6 kinase alpha | STK14A | S6K1 | RPS6KB1 | S6K-beta-1 | p70 S6K-alpha | p70 S6 kinase alpha,5.0,,P23443,Alpha I|Alpha II|2|4|3,P23443-1|P23443-2|P23443-3|P23443-5|P23443-4
CHEMBL331,Homo sapiens,P11802,Cyclin-dependent kinase 4 | PSK-J3 | CDK4 | Cell division protein kinase 4,2.0,,P11802,1|2,P11802-1|P11802-2
CHEMBL4036,Homo sapiens,Q00535,TPKII catalytic subunit | Cell division protein kinase 5 | Cyclin-dependent-like kinase 5 | CDKN5 | CDK5 | PSSALRE | Cyclin-dependent kinase 5 | Tau protein kinase II catalytic subunit | Serine/threonine-protein kinase PSSALRE,2.0,,Q00535,1|2,Q00535-1|Q00535-2
CHEMBL3522,Homo sapiens,P05093,"CYP17 | CYPXVII | Cytochrome P450-C17 | 17-alpha-hydroxyprogesterone aldolase | Steroid 17-alpha-hydroxylase/17,20 lyase | CYP17A1 | Cytochrome P450 17A1 | Cytochrome P450c17 | Steroid 17-alpha-monooxygenase | S17AH",1.0,,P05093,,
CHEMBL3879,Rattus norvegicus,P35400,Gprc1g | Grm7 | Mglur7 | Metabotropic glutamate receptor 7 | mGluR7,1.0,,P35400,,
CHEMBL3594,Homo sapiens,Q16790,Carbonate dehydratase IX | CA9 | Membrane antigen MN | RCC-associated antigen G250 | CAIX | Carbonic anhydrase 9 | MN | Carbonic anhydrase IX | P54/58N | pMW1 | G250 | CA-IX | Renal cell carcinoma-associated antigen G250,1.0,Optimum pH is 6.5.,Q16790,,
CHEMBL3891,Homo sapiens,P07384,CANP 1 | CAPN1 | Cell proliferation-inducing gene 30 protein | CANPL1 | muCANP | Micromolar-calpain | Calcium-activated neutral proteinase 1 | Calpain-1 catalytic subunit | Calpain mu-type | Calpain-1 large subunit,1.0,,P07384,,
CHEMBL4627,Homo sapiens,Q32MK0,Cardiac-MLCK | MYLK3 | MLCK | Cardiac-MyBP-C-associated Ca/CaM kinase | Myosin light chain kinase 3,2.0,,Q32MK0,1|2,Q32MK0-3|Q32MK0-4
CHEMBL4630,Homo sapiens,O14757,Serine/threonine-protein kinase Chk1 | CHK1 | Cell cycle checkpoint kinase | Checkpoint kinase-1 | CHK1 checkpoint homolog | CHEK1,3.0,,O14757,1|2|3,O14757-1|O14757-2|O14757-3
CHEMBL4792,Homo sapiens,O43614,Hypocretin receptor type 2 | Ox2-R | Ox-2-R | Orexin receptor type 2 | Ox2R | HCRTR2,1.0,,O43614,,
CHEMBL4430,Rattus norvegicus,P11715,"CYPXVII | Cyp17a1 | Cytochrome P450-C17 | 17-alpha-hydroxyprogesterone aldolase | Steroid 17-alpha-hydroxylase/17,20 lyase | Cyp17 | Cytochrome P450 17A1 | Cytochrome P450c17 | Steroid 17-alpha-monooxygenase",1.0,,P11715,,
CHEMBL4674,Homo sapiens,P53778,Stress-activated protein kinase 3 | MAPK12 | Mitogen-activated protein kinase p38 gamma | SAPK3 | Mitogen-activated protein kinase 12 | ERK6 | MAP kinase p38 gamma | MAPK 12 | ERK-6 | MAP kinase 12 | Extracellular signal-regulated kinase 6,2.0,,P53778,1|2,P53778-1|P53778-2
CHEMBL332,Homo sapiens,P03956,Matrix metalloproteinase-1 | Fibroblast collagenase | CLG | Interstitial collagenase | MMP-1 | MMP1,1.0,,P03956,,
CHEMBL333,Homo sapiens,P08253,72 kDa type IV collagenase | Gelatinase A | MMP2 | TBE-1 | 72 kDa gelatinase | MMP-2 | Matrix metalloproteinase-2 | CLG4A,3.0,,P08253,1|2|3,P08253-1|P08253-2|P08253-3
CHEMBL4439,Homo sapiens,P36897,SKR4 | TGF-beta receptor type I | TGF-beta receptor type-1 | Activin receptor-like kinase 5 | TbetaR-I | Activin A receptor type II-like protein kinase of 53kD | ALK5 | TGF-beta type I receptor | ALK-5 | Serine/threonine-protein kinase receptor R4 | Transforming growth factor-beta receptor type I | TGFBR1 | TGFR-1,3.0,,P36897,1|2|3,P36897-1|P36897-2|P36897-3
CHEMBL3359,Homo sapiens,P21462,FPR1 | N-formyl peptide receptor | N-formylpeptide chemoattractant receptor | FPR | fMet-Leu-Phe receptor | fMLP receptor,1.0,,P21462,,
CHEMBL2977,Rattus norvegicus,P35355,Cox2 | Prostaglandin G/H synthase 2 | Cyclooxygenase-2 | Cox-2 | Prostaglandin H2 synthase 2 | PGHS-2 | Ptgs2 | COX-2 | Prostaglandin-endoperoxide synthase 2 | PGH synthase 2 | PHS II,1.0,,P35355,,
CHEMBL2789,Homo sapiens,P37059,E2DH | Short chain dehydrogenase/reductase family 9C member 2 | Testosterone 17-beta-dehydrogenase | 20 alpha-hydroxysteroid dehydrogenase | 17-beta-HSD 2 | HSD17B2 | EDH17B2 | SDR9C2 | Estradiol 17-beta-dehydrogenase 2 | 17-beta-hydroxysteroid dehydrogenase type 2 | 20-alpha-HSD | Microsomal 17-beta-hydroxysteroid dehydrogenase,1.0,Optimum pH is 9 with testosterone and estradiol as substrates and 5.5 with androstenedione and estrone as substrates.,P37059,,
CHEMBL3623,Homo sapiens,P15559,Azoreductase | NMOR1 | DTD | NQO1 | QR1 | NAD(P)H dehydrogenase [quinone] 1 | DT-diaphorase | Phylloquinone reductase | NAD(P)H:quinone oxidoreductase 1 | Menadione reductase | DIA4 | Quinone reductase 1,3.0,,P15559,1|2|3,P15559-1|P15559-2|P15559-3
CHEMBL335,Homo sapiens,P18031,PTPN1 | Protein-tyrosine phosphatase 1B | PTP-1B | PTP1B | Tyrosine-protein phosphatase non-receptor type 1,1.0,,P18031,,
CHEMBL3561,Homo sapiens,P24046,Gamma-aminobutyric acid receptor subunit rho-1 | GABA(A) receptor subunit rho-1 | GABA(C) receptor | GABRR1,3.0,,P24046,1|2|3,P24046-1|P24046-2|P24046-3
CHEMBL4054,Rattus norvegicus,P23978,Gat-1 | GAT-1 | Gabt1 | Gat1 | Sodium- and chloride-dependent GABA transporter 1 | Solute carrier family 6 member 1 | Slc6a1,1.0,,P23978,,
CHEMBL338,Rattus norvegicus,P23977,Solute carrier family 6 member 3 | DAT | DA transporter | Sodium-dependent dopamine transporter | Slc6a3,1.0,,P23977,,
CHEMBL339,Rattus norvegicus,P61169,Drd2 | D(2) dopamine receptor | Dopamine D2 receptor,2.0,,P61169,Long|Short,P61169-1|P13953-1|P61169-2|P13953-2
CHEMBL2860,Bos taurus,O62664,Prostaglandin H2 synthase 1 | COX1 | Cyclooxygenase-1 | PGH synthase 1 | Prostaglandin G/H synthase 1 | PGHS-1 | PHS 1 | COX-1 | PTGS1 | Prostaglandin-endoperoxide synthase 1,1.0,,O62664,,
CHEMBL4111,Cavia porcellus,O70526,BK-2 receptor | BDKRB2 | B2 bradykinin receptor | B2R,1.0,,O70526,,
CHEMBL3332,Sus scrofa,O77636, | TACE | ADAM17 | ADAM 17 | TNF-alpha-converting enzyme | Disintegrin and metalloproteinase domain-containing protein 17 | TNF-alpha convertase,1.0,,O77636,,
CHEMBL3333,Sus scrofa,O77823,"PDE4A | 3',5'-cyclic-AMP phosphodiesterase",1.0,,O77823,,
CHEMBL3655,Gallus gallus,P00523,SRC | Proto-oncogene tyrosine-protein kinase Src | Proto-oncogene c-Src | pp60c-src | p60-Src,2.0,,P00523,1|2,P00523-1|P00523-2
CHEMBL3100,Homo sapiens,P02753,Plasma retinol-binding protein | PRBP | RBP4 | Retinol-binding protein 4 | RBP,1.0,,P02753,,
CHEMBL2949,Ovis aries,P05979,Prostaglandin H2 synthase 1 | COX1 | Cyclooxygenase-1 | PGH synthase 1 | Prostaglandin G/H synthase 1 | PGHS-1 | PHS 1 | COX-1 | PTGS1 | Prostaglandin-endoperoxide synthase 1,1.0,,P05979,,
CHEMBL2728,Homo sapiens,P08236,Beta-glucuronidase | GUSB | Beta-G1,3.0,,P08236,1|2|3,P08236-1|P08236-2|P08236-3
CHEMBL3754,Rattus norvegicus,P10608,Beta-2 adrenoceptor | Adrb2 | Beta-2 adrenergic receptor | Adrb2r | Beta-2 adrenoreceptor,1.0,,P10608,,
CHEMBL3081,Bos taurus,P16116,Aldo-keto reductase family 1 member B1 | 20-alpha-hydroxysteroid dehydrogenase | AR | AKR1B1 | Aldehyde reductase | Aldose reductase | 20-alpha-HSD,1.0,,P16116,,
CHEMBL3122,Mesocricetus auratus,P18841,Alpha-1B adrenoceptor | Alpha-1B adrenergic receptor | Alpha-1B adrenoreceptor | ADRA1B,1.0,,P18841,,
CHEMBL341,Rattus norvegicus,P23576,GABA(A) receptor subunit alpha-2 | Gabra2 | Gabra-2 | Gamma-aminobutyric acid receptor subunit alpha-2,1.0,,P23576,,
CHEMBL3943,Cavia porcellus,P31389,HH1R | H1R | Histamine H1 receptor | HRH1,1.0,,P31389,,
CHEMBL3952,Cavia porcellus,P41144,Kappa-type opioid receptor | KOR-1 | K-OR-1 | OPRK1,1.0,,P41144,,
CHEMBL4143,Sus scrofa,P43367,Calpain M-type | Calcium-activated neutral proteinase 2 | CAPN2 | Calpain-2 catalytic subunit | M-calpain | Millimolar-calpain | CANP 2 | Calpain-2 large subunit,1.0,,P43367,,
CHEMBL2605,Cavia porcellus,P46616,Adenosine receptor A2a | ADORA2A,1.0,,P46616,,
CHEMBL2935,Bos taurus,P55859,NP | Purine nucleoside phosphorylase | Inosine phosphorylase | Inosine-guanosine phosphorylase | PNP,1.0,,P55859,,
CHEMBL4102,Ovis aries,P79208,COX2 | Prostaglandin G/H synthase 2 | Cyclooxygenase-2 | PTGS2 | Prostaglandin H2 synthase 2 | PGHS-2 | COX-2 | Prostaglandin-endoperoxide synthase 2 | PGH synthase 2 | PHS II,1.0,,P79208,,
CHEMBL3499,Enterobacter cloacae,Q59401,Beta-lactamase,1.0,,Q59401,,
CHEMBL3501,Cavia porcellus,Q63931,CCK-AR | Cholecystokinin receptor type A | Cholecystokinin-1 receptor | CCKAR | CCK-A receptor | CCK1-R,1.0,,Q63931,,
CHEMBL3111,Homo sapiens,Q9UBS0,p70 S6K-beta | Ribosomal protein S6 kinase beta-2 | RPS6KB2 | p70 ribosomal S6 kinase beta | S6K-beta | P70S6K2 | S6K2 | p70-S6K 2 | p70 S6 kinase beta | 70 kDa ribosomal protein S6 kinase 2 | S6 kinase-related kinase | p70 S6KB | Serine/threonine-protein kinase 14B | S6K-beta-2 | SRK | p70-beta | STK14B,2.0,,Q9UBS0,1|2,Q9UBS0-1|Q9UBS0-2
CHEMBL4263,Arabidopsis thaliana,P17597,ALS | CSR1 | Acetolactate synthase | Acetohydroxy-acid synthase | Protein CHLORSULFURON RESISTANT 1 | chloroplastic | TZP5 | AHAS | AtALS,1.0,Optimum pH is 7.0-7.5.,P17597,,
CHEMBL2073,Homo sapiens,P07947,Proto-oncogene c-Yes | p61-Yes | YES | Tyrosine-protein kinase Yes | YES1,1.0,,P07947,,
CHEMBL4979,Homo sapiens,P13866,Na(+)/glucose cotransporter 1 | SLC5A1 | Solute carrier family 5 member 1 | NAGT | High affinity sodium-glucose cotransporter | SGLT1 | Sodium/glucose cotransporter 1,2.0,,P13866,1|2,P13866-1|P13866-2
CHEMBL2072,Homo sapiens,P35499,SCN4A | Sodium channel protein type 4 subunit alpha | Sodium channel protein skeletal muscle subunit alpha | Voltage-gated sodium channel subunit alpha Nav1.4 | Sodium channel protein type IV subunit alpha | SkM1,1.0,,P35499,,
CHEMBL4687,Plasmodium falciparum,P39898,Aspartic hemoglobinase I | Plasmepsin 1 | PMI | Plasmepsin I,1.0,Optimum pH is 4.5-5.,P39898,,
CHEMBL4414,Plasmodium falciparum,P46925,PMII | PfPM1 | Plasmepsin II | Plasmepsin 2 | Aspartic hemoglobinase II | PfAPD | PLM II,1.0,,P46925,,
CHEMBL4415,Homo sapiens,P49366,DHS | DHPS | DS | Deoxyhypusine synthase,3.0,,P49366,Long|Short|3,P49366-1|P49366-2|P49366-3
CHEMBL3585,Homo sapiens,Q01118,Sodium channel protein type VII subunit alpha | SCN6A | Putative voltage-gated sodium channel subunit alpha Nax | Sodium channel protein type 7 subunit alpha | SCN7A | Sodium channel protein cardiac and skeletal muscle subunit alpha,1.0,,Q01118,,
CHEMBL4296,Homo sapiens,Q15858,SCN9A | hNE-Na | Voltage-gated sodium channel subunit alpha Nav1.7 | Neuroendocrine sodium channel | NENA | Peripheral sodium channel 1 | PN1 | Sodium channel protein type 9 subunit alpha | Sodium channel protein type IX subunit alpha,4.0,,Q15858,1|2|3|4,Q15858-1|Q15858-2|Q15858-3|Q15858-4
CHEMBL4691,Homo sapiens,Q96RI0,F2RL3 | PAR-4 | Coagulation factor II receptor-like 3 | PAR4 | Proteinase-activated receptor 4 | Thrombin receptor-like 3,1.0,,Q96RI0,,
CHEMBL4187,Homo sapiens,Q99250,Voltage-gated sodium channel subunit alpha Nav1.2 | SCN2A | HBSC II | Sodium channel protein brain II subunit alpha | SCN2A1 | NAC2 | SCN2A2 | Sodium channel protein type II subunit alpha | Sodium channel protein type 2 subunit alpha,2.0,,Q99250,1|2,Q99250-1|Q99250-2
CHEMBL5163,Homo sapiens,Q9NY46,Sodium channel protein type 3 subunit alpha | SCN3A | Voltage-gated sodium channel subunit alpha Nav1.3 | NAC3 | Sodium channel protein type III subunit alpha | Voltage-gated sodium channel subtype III | KIAA1356 | Sodium channel protein brain III subunit alpha,4.0,,Q9NY46,1|2|3|4,Q9NY46-1|Q9NY46-2|Q9NY46-3|Q9NY46-4
CHEMBL5202,Homo sapiens,Q9UQD0,Voltage-gated sodium channel subunit alpha Nav1.6 | SCN8A | Sodium channel protein type VIII subunit alpha | Sodium channel protein type 8 subunit alpha | MED,5.0,,Q9UQD0,1|2|3|4|5,Q9UQD0-1|Q9UQD0-2|Q9UQD0-3|Q9UQD0-4|Q9UQD0-5
CHEMBL5451,Homo sapiens,Q9Y5Y9,Voltage-gated sodium channel subunit alpha Nav1.8 | Peripheral nerve sodium channel 3 | SCN10A | hPN3 | PN3 | Sodium channel protein type 10 subunit alpha | Sodium channel protein type X subunit alpha,1.0,,Q9Y5Y9,,
CHEMBL3392,Bacillus thermoproteolyticus,P00800,npr | Thermostable neutral proteinase | Thermolysin,1.0,,P00800,,
CHEMBL3357,Homo sapiens,P51617,IRAK1 | Interleukin-1 receptor-associated kinase 1 | IRAK | IRAK-1,4.0,,P51617,1|2|3|4,P51617-1|P51617-2|P51617-3|P51617-4
CHEMBL3288,Oryctolagus cuniculus,P11716,Skeletal muscle ryanodine receptor | RyR1 | Ryanodine receptor 1 | Type 1 ryanodine receptor | Skeletal muscle-type ryanodine receptor | RYR1 | Skeletal muscle calcium release channel | RYR-1,1.0,,P11716,,
CHEMBL3778,Homo sapiens,Q9NWZ3,Interleukin-1 receptor-associated kinase 4 | IRAK-4 | Renal carcinoma antigen NY-REN-64 | IRAK4,2.0,,Q9NWZ3,1|2,Q9NWZ3-1|Q9NWZ3-2
CHEMBL3513,Rattus norvegicus,Q6P7A9,Acid maltase | Lysosomal alpha-glucosidase | Gaa,1.0,,Q6P7A9,,
CHEMBL5129,Bos taurus,E1BN64,Phosphodiesterase | PDE3B,1.0,,E1BN64,,
CHEMBL4592,Rattus norvegicus,O08590,SSAO | VAP-1 | Semicarbazide-sensitive amine oxidase | Aoc3 | Copper amine oxidase | Membrane primary amine oxidase | VP97 | Vascular adhesion protein 1,1.0,,O08590,,
CHEMBL3798,Homo sapiens,Q16602,CALCRL | CGRPR | CGRP type 1 receptor | Calcitonin gene-related peptide type 1 receptor | Calcitonin receptor-like receptor,1.0,,Q16602,,
CHEMBL344,Homo sapiens,Q99705,MCHR | MCH-R1 | MCH1R | G-protein coupled receptor 24 | Melanin-concentrating hormone receptor 1 | Somatostatin receptor-like protein | MCHR1 | MCHR-1 | MCH-1R | SLC-1 | SLC1 | GPR24 | MCH receptor 1,1.0,,Q99705,,
CHEMBL3886,Homo sapiens,Q9NYL2,MLK7 | Leucine zipper- and sterile alpha motif-containing kinase | Mixed lineage kinase 7 | MRK | MLK-like mitogen-activated protein triple kinase | MAP3K20 | MLTK | Mitogen-activated protein kinase kinase kinase MLT | Human cervical cancer suppressor gene 4 protein | Sterile alpha motif- and leucine zipper-containing kinase AZK | HCCS-4 | ZAK | MLK-related kinase | Mixed lineage kinase-related kinase | Mitogen-activated protein kinase kinase kinase 20,3.0,,Q9NYL2,ZAKalpha|ZAKbeta|3,Q9NYL2-1|Q9NYL2-2|Q9NYL2-3
CHEMBL4722,Homo sapiens,O14965,Aurora/IPL1-related kinase 1 | Serine/threonine-protein kinase 6 | AURA | STK6 | Aurora-related kinase 1 | AURKA | Aurora 2 | BTAK | Serine/threonine-protein kinase 15 | Serine/threonine-protein kinase aurora-A | Breast tumor-amplified kinase | AIRK1 | AIK | Serine/threonine-protein kinase Ayk1 | IAK1 | ARK1 | Aurora kinase A | Ipl1- and aurora-related kinase 1 | STK15 | ARK-1 | AYK1,1.0,,O14965,,
CHEMBL5026,Homo sapiens,O00418,Eukaryotic elongation factor 2 kinase | eEF-2 kinase | eEF-2K | EEF2K | Calcium/calmodulin-dependent eukaryotic elongation factor 2 kinase,1.0,,O00418,,
CHEMBL4355,Homo sapiens,O14976,Cyclin-G-associated kinase | GAK,2.0,,O14976,1|2,O14976-1|O14976-2
CHEMBL5062,Oryctolagus cuniculus,O19045,F10 | Stuart factor | Coagulation factor X,1.0,,O19045,,
CHEMBL5014,Homo sapiens,O43353,RICK | Tyrosine-protein kinase RIPK2 | RIP2 | RIP-like-interacting CLARP kinase | CARDIAK | CARD-containing interleukin-1 beta-converting enzyme-associated kinase | CARD-containing IL-1 beta ICE-kinase | RIP-2 | Receptor-interacting serine/threonine-protein kinase 2 | RIPK2 | Receptor-interacting protein 2,2.0,,O43353,1|2,O43353-1|O43353-2
CHEMBL3666,Cavia porcellus,O70212,HTR3A | HTR3 | 5-HT3R | 5-HT3-A | 5-HT-3 | Serotonin receptor 3A | 5-HT3A | Serotonin-gated ion channel receptor | 5-hydroxytryptamine receptor 3A | 5-hydroxytryptamine receptor 3 | 5HT3R,2.0,,O70212,1|2,O70212-1|O70212-2
CHEMBL3802,Mus musculus,O70342,NPY5-R | Npy5 | NPY-Y5 receptor | Neuropeptide Y receptor type 5 | Npy5r | Y5 receptor | NPYY5-R,1.0,,O70342,,
CHEMBL5017,Cavia porcellus,O70528,5-HT4 | Serotonin receptor 4 | HTR4 | 5-hydroxytryptamine receptor 4 | 5-HT-4,1.0,,O70528,1,O70528-1
CHEMBL5328,Lactobacillus casei,P00469,TS | TSase | thyA | Thymidylate synthase,1.0,,P00469,,
CHEMBL3344,Homo sapiens,P05413,Fatty acid-binding protein | FABP3 | heart | MDGI | H-FABP | Fatty acid-binding protein 3 | FABP11 | Muscle fatty acid-binding protein | Heart-type fatty acid-binding protein | M-FABP | Mammary-derived growth inhibitor,1.0,,P05413,,
CHEMBL5035,Rattus norvegicus,P06762,HO-1 | Hmox1 | Heme oxygenase 1 | HSP32,1.0,,P06762,,
CHEMBL4358,Oryctolagus cuniculus,P12530,Erythroid cell-specific 15-lipoxygenase | Polyunsaturated fatty acid lipoxygenase ALOX15 | Linoleate 13S-lipoxygenase | Hepoxilin A3 synthase Alox15 | ALOX15 | 12/15-lipoxygenase | 15-LOX | Arachidonate 12-lipoxygenase | leukocyte-type | L-12LO | Arachidonate 15-lipoxygenase | 12-LOX | Arachidonate omega-6 lipoxygenase,1.0,,P12530,,
CHEMBL5064,Homo sapiens,P14207,FBP | FOLR2 | Folate receptor 2 | fetal/placental | Placental folate-binding protein | FR-beta | Folate receptor beta | Folate receptor,1.0,,P14207,,
CHEMBL3883,Mus musculus,P28843, | Dipeptidyl peptidase 4 | Dipeptidyl peptidase IV | Dpp4 | THAM | Cd26 | Thymocyte-activating molecule | DPP IV | T-cell activation antigen CD26,1.0,,P28843,,
CHEMBL3884,Homo sapiens,P31639,Na(+)/glucose cotransporter 2 | SGLT2 | Sodium/glucose cotransporter 2 | SLC5A2 | Low affinity sodium-glucose cotransporter | Solute carrier family 5 member 2,2.0,,P31639,1|2,P31639-1|P31639-2
CHEMBL3820,Homo sapiens,P35557,HK4 | Hexokinase-D | Hexokinase-4 | Glucokinase | GCK | HK IV | Hexokinase type IV,3.0,Optimum pH is 6-8 with glucose as substrate (PubMed:7742312). Optimum pH is 9-10 with glucosamine as substrate (PubMed:7742312).,P35557,1|2|3,P35557-1|P35557-2|P35557-3
CHEMBL3932,Methanosarcina thermophila,P40881,CA | Carbonic anhydrase | MSTHT_0588 | Cam,1.0,,P40881,,
CHEMBL4086,Rattus norvegicus,P43114,Prostaglandin E2 receptor EP4 subtype | PGE receptor EP4 subtype | PGE2 receptor EP4 subtype | Prostanoid EP4 receptor | Ptger4,1.0,,P43114,,
CHEMBL3349,Oryctolagus cuniculus,P43236,Cathepsin K | CTSK | Protein OC-2,1.0,,P43236,,
CHEMBL4087,Oryctolagus cuniculus,P48748,B1 bradykinin receptor | BK-1 receptor | BDKRB1 | B1R,1.0,,P48748,,
CHEMBL4092,Rattus norvegicus,P49187,c-Jun N-terminal kinase 3 | Mapk10 | Mitogen-activated protein kinase 10 | Jnk3 | Stress-activated protein kinase JNK3 | MAP kinase 10 | p54-beta | Prkm10 | SAPK-beta | MAPK 10,2.0,,P49187,1|2,P49187-1|P49187-2
CHEMBL4088,Staphylococcus aureus,P0C1U9,Topoisomerase IV subunit A | parC | grlA | DNA topoisomerase 4 subunit A,1.0,,P0C1U9,,
CHEMBL5067,Sus scrofa,P50130,Dopamine D1 receptor | D(1A) dopamine receptor | DRD1,1.0,,P50130,,
CHEMBL4093,Homo sapiens,P55055,Ubiquitously-expressed nuclear receptor | LXRB | NR1H2 | Liver X receptor beta | UNR | Nuclear receptor subfamily 1 group H member 2 | Oxysterols receptor LXR-beta | NER | Nuclear receptor NER,2.0,,P55055,1|2,P55055-1|P55055-2
CHEMBL3933,Mus musculus,P70263,PGD receptor | Prostaglandin D2 receptor | Ptgdr | Prostanoid DP receptor | PGD2 receptor,1.0,,P70263,,
CHEMBL5068,Rattus norvegicus,P70597,PGE receptor EP1 subtype | Prostanoid EP1 receptor | Prostaglandin E2 receptor EP1 subtype | PGE2 receptor EP1 subtype | Ptger1,2.0,,P70597,1|2,P70597-1|P70597-2
CHEMBL3746,Homo sapiens,P80365,Short chain dehydrogenase/reductase family 9C member 3 | 11-beta-HSD type II | 11-DH2 | 11-HSD type II | HSD11B2 | 11-beta-HSD2 | NAD-dependent 11-beta-hydroxysteroid dehydrogenase | HSD11K | Corticosteroid 11-beta-dehydrogenase isozyme 2 | SDR9C3 | 11-beta-hydroxysteroid dehydrogenase type 2 | 11-beta-hydroxysteroid dehydrogenase type II,1.0,,P80365,,
CHEMBL4198,Homo sapiens,P98170,E3 ubiquitin-protein ligase XIAP | hIAP3 | IAP-3 | ILP | API3 | BIRC4 | IAP3 | X-linked IAP | X-linked inhibitor of apoptosis protein | XIAP | Inhibitor of apoptosis protein 3 | Baculoviral IAP repeat-containing protein 4 | IAP-like protein | hILP | RING-type E3 ubiquitin transferase XIAP | hIAP-3,1.0,,P98170,,
CHEMBL5023,Homo sapiens,Q00987,E3 ubiquitin-protein ligase Mdm2 | RING-type E3 ubiquitin transferase Mdm2 | Hdm2 | p53-binding protein Mdm2 | MDM2 | Double minute 2 protein | Oncoprotein Mdm2,11.0,,Q00987,Mdm2|Mdm2-A|Mdm2-A1|Mdm2-B|Mdm2-C|Mdm2-D|Mdm2-E|Mdm2-alpha|Mdm2-F|Mdm2-G|11,Q00987-1|Q00987-2|Q00987-3|Q00987-4|Q00987-5|Q00987-6|Q00987-7|Q00987-8|Q00987-9|Q00987-10|Q00987-11
CHEMBL3748,Rattus norvegicus,Q09128,"Cyp24a1 | 1,25-dihydroxyvitamin D(3) 24-hydroxylase | Cytochrome P450 24A1 | Cytochrome P450-CC24 | 24-OHase | Cyp24 | mitochondrial | Vitamin D(3) 24-hydroxylase",1.0,Optimum pH is 7.7.,Q09128,,
CHEMBL3797,Homo sapiens,Q13315,A-T mutated | Serine-protein kinase ATM | ATM | Ataxia telangiectasia mutated,1.0,,Q13315,,
CHEMBL5024,Homo sapiens,Q13535,FRP1 | Serine/threonine-protein kinase ATR | ATR | Ataxia telangiectasia and Rad3-related protein | FRAP-related protein 1,3.0,,Q13535,1|2|3,Q13535-1|Q13535-2|Q13535-3
CHEMBL3437,Homo sapiens,Q16853,SSAO | VAP-1 | Semicarbazide-sensitive amine oxidase | Membrane primary amine oxidase | VAP1 | Copper amine oxidase | AOC3 | HPAO | Vascular adhesion protein 1,3.0,,Q16853,1|2|3,Q16853-1|Q16853-2|Q16853-3
CHEMBL3482,Bos taurus,Q58D55,Beta-galactosidase | GLB1 | Acid beta-galactosidase | Lactase,1.0,,Q58D55,,
CHEMBL4657,Homo sapiens,Q6V1X1,DPP8 | DP8 | DPRP-1 | DPRP1 | Dipeptidyl peptidase IV-related protein 1 | DPP VIII | Dipeptidyl peptidase 8 | Dipeptidyl peptidase VIII | Prolyl dipeptidase DPP8,6.0,Optimum pH is 7.4-8.5. Little activity below pH 6.5.,Q6V1X1,1|2|3|4|5|6,Q6V1X1-1|Q6V1X1-2|Q6V1X1-3|Q6V1X1-4|Q6V1X1-5|Q6V1X1-6
CHEMBL4793,Homo sapiens,Q86TI2,Dipeptidyl peptidase-like protein 9 | Dipeptidyl peptidase IX | Dipeptidyl peptidase IV-related protein 2 | DPLP9 | Dipeptidyl peptidase 9 | DPP9 | DPP IX | DP9 | DPRP2 | DPRP-2,3.0,Optimum pH is 7.5-8.5. Little activity below pH 6.5.,Q86TI2,1|2|3,Q86TI2-1|Q86TI2-2|Q86TI2-4
CHEMBL5036,Eimeria tenella,Q8MMZ8,PKG | cGMP-dependent protein kinase,2.0,,Q8MMZ8,1|2,Q8MMZ8-1|Q8MMZ8-2
CHEMBL5076,Cavia porcellus,Q9JI35,H3R | HH3R | Histamine H3 receptor | HRH3,2.0,,Q9JI35,Long|Short,Q9JI35-1|Q9JI35-2
CHEMBL3935,Homo sapiens,Q9UQB9,AIRK3 | Aurora-related kinase 3 | STK13 | ARK3 | AIK3 | Aurora/IPL1-related kinase 3 | ARK-3 | Aurora 3 | Aurora/IPL1/Eg2 protein 2 | AURKC | Aurora kinase C | Serine/threonine-protein kinase aurora-C | AIE2 | Serine/threonine-protein kinase 13,3.0,,Q9UQB9,1|2|3,Q9UQB9-1|Q9UQB9-2|Q9UQB9-3
CHEMBL5071,Homo sapiens,Q9Y5Y4, | GPR44 | G-protein coupled receptor 44 | Chemoattractant receptor-homologous molecule expressed on Th2 cells | Prostaglandin D2 receptor 2 | DL1R | CRTH2 | PTGDR2,1.0,,Q9Y5Y4,,
CHEMBL4082,Bos taurus,A3KMY8,Beta-glucuronidase | GUSB,1.0,,A3KMY8,,
CHEMBL3831,Homo sapiens,Q7KZI7,ELKL motif kinase 1 | EMK-1 | PAR1 homolog | Par1b | EMK1 | Serine/threonine-protein kinase MARK2 | MAP/microtubule affinity-regulating kinase 2 | Par-1b | MARK2 | PAR1 homolog b,16.0,,Q7KZI7,1|2|3|4|5|6|7|8|9|10|11|12|13|14|15|16,Q7KZI7-1|Q7KZI7-2|Q7KZI7-3|Q7KZI7-4|Q7KZI7-5|Q7KZI7-6|Q7KZI7-7|Q7KZI7-8|Q7KZI7-9|Q7KZI7-10|Q7KZI7-11|Q7KZI7-12|Q7KZI7-13|Q7KZI7-14|Q7KZI7-15|Q7KZI7-16
CHEMBL3829,Homo sapiens,Q13555,CAMK2G | CAMK | CaM kinase II subunit gamma | CAMKG | Calcium/calmodulin-dependent protein kinase type II subunit gamma | CaMK-II subunit gamma | CAMK-II,11.0,,Q13555,1|2|3|4|5|6|7|8|9|10|11,Q13555-1|Q13555-2|Q13555-3|Q13555-4|Q13555-5|Q13555-6|Q13555-7|Q13555-8|Q13555-9|Q13555-10|Q13555-11
CHEMBL3788,Homo sapiens,O00444,Serine/threonine-protein kinase PLK4 | PLK4 | Polo-like kinase 4 | PLK-4 | STK18 | SAK | Serine/threonine-protein kinase 18 | Serine/threonine-protein kinase Sak,3.0,,O00444,1|2|3,O00444-1|O00444-2|O00444-3
CHEMBL3938,Homo sapiens,O75716,TSF-1 | Myristoylated and palmitoylated serine/threonine-protein kinase | Tyrosine-protein kinase STK16 | PKL12 | hPSK | MPSK | MPSK1 | TGF-beta-stimulated factor 1 | Protein kinase PKL12 | TSF1 | STK16 | Serine/threonine-protein kinase 16,1.0,,O75716,,
CHEMBL3980,Homo sapiens,O94768,DAP kinase-related apoptosis-inducing protein kinase 2 | STK17B | Serine/threonine-protein kinase 17B | DRAK2,1.0,,O94768,,
CHEMBL3981,Homo sapiens,O94804,STK10 | Serine/threonine-protein kinase 10 | Lymphocyte-oriented kinase | LOK,1.0,,O94804,,
CHEMBL3982,Homo sapiens,P16591,Tyrosine kinase 3 | Tyrosine-protein kinase Fer | Fujinami poultry sarcoma/Feline sarcoma-related protein Fer | FER | Proto-oncogene c-Fer | TYK3 | Feline encephalitis virus-related kinase FER | p94-Fer,3.0,,P16591,1|2|3,P16591-1|P16591-2|P16591-3
CHEMBL2068,Homo sapiens,P29317,EPHA2 | Tyrosine-protein kinase receptor ECK | Ephrin type-A receptor 2 | ECK | Epithelial cell kinase,2.0,,P29317,1|2,P29317-1|P29317-2
CHEMBL4954,Homo sapiens,P29320,hEK4 | Eph-like tyrosine kinase 1 | TYRO4 | EPHA3 | HEK | EPH-like kinase 4 | EK4 | ETK1 | Human embryo kinase | Tyrosine-protein kinase TYRO4 | Ephrin type-A receptor 3 | Tyrosine-protein kinase receptor ETK1 | ETK,2.0,,P29320,1|2,P29320-1|P29320-2
CHEMBL4134,Homo sapiens,P29322,KIAA1459 | hEK3 | Tyrosine-protein kinase receptor EEK | EPH- and ELK-related kinase | HEK3 | EPH-like kinase 3 | EK3 | EEK | EPHA8 | Ephrin type-A receptor 8,2.0,,P29322,1|2,P29322-1|P29322-2
CHEMBL3983,Homo sapiens,P33981,PYT | MPS1 | Phosphotyrosine picked threonine-protein kinase | Dual specificity protein kinase TTK | TTK | MPS1L1,2.0,,P33981,1|2,P33981-1|P33981-2
CHEMBL4223,Homo sapiens,P42685,Nuclear tyrosine protein kinase RAK | FYN-related kinase | PTK5 | Protein-tyrosine kinase 5 | FRK | Tyrosine-protein kinase FRK | RAK,2.0,,P42685,1|2,P42685-1|P42685-2
CHEMBL4224,Homo sapiens,P49759,Dual specificity protein kinase CLK1 | CDC-like kinase 1 | CLK1 | CLK,3.0,,P49759,1|2|3,P49759-1|P49759-2|P49759-3
CHEMBL4225,Homo sapiens,P49760,CLK2 | CDC-like kinase 2 | Dual specificity protein kinase CLK2,3.0,,P49760,1|2|3,P49760-1|P49760-2|P49760-3
CHEMBL4226,Homo sapiens,P49761,Dual specificity protein kinase CLK3 | CDC-like kinase 3 | CLK3,4.0,,P49761,1|2|3,P49761-1|P49761-2|P49761-3
CHEMBL3834,Homo sapiens,P51813,NTK38 | BMX | Bone marrow tyrosine kinase gene in chromosome X protein | Epithelial and endothelial tyrosine kinase | Cytoplasmic tyrosine-protein kinase BMX | ETK,1.0,,P51813,,
CHEMBL3835,Homo sapiens,P51955,NimA-related protein kinase 2 | HSPK 21 | Serine/threonine-protein kinase Nek2 | NEK2A | NLK1 | NEK2 | Never in mitosis A-related kinase 2 | NimA-like protein kinase 1,4.0,,P51955,1|2|3|4,P51955-1|P51955-2|P51955-3|P51955-4
CHEMBL3836,Homo sapiens,P53667,LIMK-1 | LIMK | LIMK1 | LIM domain kinase 1,4.0,,P53667,1|2|3|4,P53667-1|P53667-2|P53667-3|P53667-4
CHEMBL3987,Homo sapiens,P54756,EK7 | Ephrin type-A receptor 5 | BSK | EPHA5 | hEK7 | TYRO4 | HEK7 | EHK1 | Brain-specific kinase | EHK-1 | EPH-like kinase 7 | EPH homology kinase 1,3.0,,P54756,1|2|3,P54756-1|P54756-2|P54756-3
CHEMBL5072,Homo sapiens,P54762,EK6 | Ephrin type-B receptor 1 | EPH tyrosine kinase 2 | HEK6 | NET | EPH-like kinase 6 | EPHT2 | Neuronally-expressed EPH-related tyrosine kinase | EPHB1 | Tyrosine-protein kinase receptor EPH-2 | ELK | hEK6,3.0,,P54762,1|2|3,P54762-1|P54762-5|P54762-6
CHEMBL3988,Homo sapiens,P54764,EK8 | TYRO1 | Tyrosine-protein kinase receptor SEK | EPH-like kinase 8 | SEK | hEK8 | Tyrosine-protein kinase TYRO1 | EPHA4 | HEK8 | Ephrin type-A receptor 4,2.0,,P54764,1|2,P54764-1|P54764-2
CHEMBL4599,Homo sapiens,Q07912,ACK-1 | TNK2 | ACK1 | Tyrosine kinase non-receptor protein 2 | Activated CDC42 kinase 1,3.0,,Q07912,1|2|3,Q07912-1|Q07912-2|Q07912-3
CHEMBL4598,Homo sapiens,Q13043,MST-1 | STK4 | Mammalian STE20-like protein kinase 1 | MST1 | Serine/threonine-protein kinase 4 | Serine/threonine-protein kinase Krs-2 | STE20-like kinase MST1 | KRS2,2.0,,Q13043,1|2,Q13043-1|Q13043-2
CHEMBL4600,Homo sapiens,Q13153,p65-PAK | PAK-1 | Serine/threonine-protein kinase PAK 1 | PAK1 | p21-activated kinase 1 | Alpha-PAK,2.0,,Q13153,1|2,Q13153-1|Q13153-2
CHEMBL4601,Homo sapiens,Q13882,Breast tumor kinase | Tyrosine-protein kinase BRK | PTK6 | Protein-tyrosine kinase 6 | BRK,2.0,,Q13882,1|2,Q13882-1|Q13882-2
CHEMBL4602,Homo sapiens,Q15375,EHK3 | EPHA7 | EHK-3 | hEK11 | EPH homology kinase 3 | EPH-like kinase 11 | EK11 | HEK11 | Ephrin type-A receptor 7,5.0,,Q15375,1|2|3|4|5,Q15375-1|Q15375-2|Q15375-3|Q15375-4|Q15375-5
CHEMBL5073,Homo sapiens,Q8IU85,CaMKID | Calcium/calmodulin-dependent protein kinase type 1D | CaM kinase ID | CaMKI delta | CAMKID | CaM kinase I delta | CAMK1D | CaMKI-like protein kinase | CKLiK | CaM-KI delta,2.0,,Q8IU85,1|2,Q8IU85-1|Q8IU85-2
CHEMBL5256,Homo sapiens,Q8N5S9,Calcium/calmodulin-dependent protein kinase kinase 1 | CaMKK alpha | CaM-kinase IV kinase | CAMKKA | Calcium/calmodulin-dependent protein kinase kinase alpha | CaM-KK 1 | CaM-KK alpha | CaM-kinase kinase 1 | CAMKK1 | CaM-kinase kinase alpha | CaMKK 1,2.0,,Q8N5S9,1|2,Q8N5S9-1|Q8N5S9-2
CHEMBL5257,Homo sapiens,Q8TD19,NimA-related kinase 8 | Serine/threonine-protein kinase Nek9 | NEK8 | Never in mitosis A-related kinase 9 | NEK9 | NimA-related protein kinase 9 | Nercc1 kinase | NERCC | Nek8 | KIAA1995,1.0,,Q8TD19,,
CHEMBL5258,Homo sapiens,Q96NX5,CaMKIG | CAMK1G | CLICK III | CaMK-like CREB kinase III | CLICK3 | CaM-KI gamma | Calcium/calmodulin-dependent protein kinase type 1G | CaM kinase IG | CaM kinase I gamma | VWS1 | CaMKI gamma,2.0,,Q96NX5,1|2,Q96NX5-1|Q96NX5-2
CHEMBL5284,Homo sapiens,Q96RR4,Calcium/calmodulin-dependent protein kinase kinase 2 | CaM-KK beta | CaM-kinase kinase beta | CAMKKB | CaMKK beta | CaMKK 2 | KIAA0787 | CaM-KK 2 | Calcium/calmodulin-dependent protein kinase kinase beta | CaM-kinase kinase 2 | CAMKK2,7.0,,Q96RR4,1|2|3|4|5|6|7,Q96RR4-1|Q96RR4-2|Q96RR4-3|Q96RR4-4|Q96RR4-5|Q96RR4-6|Q96RR4-7
CHEMBL3984,Homo sapiens,Q99640,MYT1 | Myt1 kinase | Membrane-associated tyrosine- and threonine-specific cdc2-inhibitory kinase | PKMYT1,4.0,,Q99640,1|2|3|4,Q99640-1|Q99640-2|Q99640-3|Q99640-4
CHEMBL5285,Homo sapiens,Q99683,MEK kinase 5 | Apoptosis signal-regulating kinase 1 | MAPKKK5 | MEKK 5 | MEKK5 | MAPK/ERK kinase kinase 5 | ASK1 | ASK-1 | Mitogen-activated protein kinase kinase kinase 5 | MAP3K5,2.0,,Q99683,1|2,Q99683-1|Q99683-2
CHEMBL4202,Homo sapiens,Q9H2G2,STE20-like kinase | STE20-related kinase | KIAA0204 | STE20-related serine/threonine-protein kinase | Serine/threonine-protein kinase 2 | SLK | STK2 | hSLK | STE20-like serine/threonine-protein kinase | CTCL tumor antigen se20-9,2.0,,Q9H2G2,1|2,Q9H2G2-1|Q9H2G2-2
CHEMBL4203,Homo sapiens,Q9HAZ1,Dual specificity protein kinase CLK4 | CDC-like kinase 4 | CLK4,1.0,,Q9HAZ1,,
CHEMBL4204,Homo sapiens,Q9HBH9,MNK2 | MKNK2 | Mnk2 | GPRK7 | MAP kinase-interacting serine/threonine-protein kinase 2 | MAPK signal-integrating kinase 2 | MAP kinase signal-integrating kinase 2,5.0,,Q9HBH9,1|2|3|4|5,Q9HBH9-1|Q9HBH9-2|Q9HBH9-3|Q9HBH9-4|Q9HBH9-5
CHEMBL4311,Homo sapiens,Q9NQU5,PAK6 | p21-activated kinase 6 | PAK-6 | PAK5 | Serine/threonine-protein kinase PAK 6 | PAK-5,2.0,,Q9NQU5,1|2,Q9NQU5-1|Q9NQU5-2
CHEMBL4523,Homo sapiens,Q9P1W9,Serine/threonine-protein kinase pim-2 | Pim-2h | PIM2,1.0,,Q9P1W9,,
CHEMBL4524,Homo sapiens,Q9P286,Serine/threonine-protein kinase PAK 5 | PAK5 | KIAA1264 | p21-activated kinase 5 | PAK7 | p21-activated kinase 7 | PAK-5 | PAK-7,1.0,,Q9P286,,
CHEMBL4525,Homo sapiens,Q9UEE5,DAP kinase-related apoptosis-inducing protein kinase 1 | Serine/threonine-protein kinase 17A | STK17A | DRAK1,1.0,,Q9UEE5,,
CHEMBL4526,Homo sapiens,Q9UF33,HEK12 | EPHA6 | Ephrin type-A receptor 6 | EHK-2 | EK12 | EPH homology kinase 2 | EHK2 | EPH-like kinase 12,3.0,,Q9UF33,1|2|3,Q9UF33-1|Q9UF33-2|Q9UF33-3
CHEMBL4527,Homo sapiens,Q9UKE5,TNIK | TRAF2 and NCK-interacting protein kinase | KIAA0551,8.0,,Q9UKE5,1|2|3|4|5|6|7|8,Q9UKE5-1|Q9UKE5-2|Q9UKE5-3|Q9UKE5-4|Q9UKE5-5|Q9UKE5-6|Q9UKE5-7|Q9UKE5-8
CHEMBL4851,Homo sapiens,Q9Y2H1,NDR2 | Nuclear Dbf2-related kinase 2 | KIAA0965 | NDR2 protein kinase | STK38L | Serine/threonine-protein kinase 38-like,2.0,,Q9Y2H1,1|2,Q9Y2H1-1|Q9Y2H1-2
CHEMBL4852,Homo sapiens,Q9Y4K4,MEKKK 5 | Mitogen-activated protein kinase kinase kinase kinase 5 | KHS | MAP4K5 | MEK kinase kinase 5 | MAPK/ERK kinase kinase kinase 5 | Kinase homologous to SPS1/STE20,1.0,,Q9Y4K4,,
CHEMBL401,Rattus norvegicus,Q00961,Glutamate [NMDA] receptor subunit epsilon-3 | NMDA 2C | GluN2C | Grin2c | Glutamate receptor ionotropic | NR2C | NMDAR2C | N-methyl D-aspartate receptor subtype 2C,1.0,,Q00961,,
CHEMBL3753,Rattus norvegicus,P19490,Glutamate receptor 1 | AMPA-selective glutamate receptor 1 | GluR-1 | Gria1 | Glutamate receptor ionotropic | Glur1 | GluR-K1 | GluR-A | AMPA 1 | GluA1,2.0,,P19490,Flop|Flip,P19490-1|P19490-2
CHEMBL5525,Cavia porcellus,Q60490,"Emopamil-binding protein | Delta(8)-Delta(7) sterol isomerase | D8-D7 sterol isomerase | 3-beta-hydroxysteroid-Delta(8),Delta(7)-isomerase | EBP | Cholestenol Delta-isomerase",1.0,,Q60490,,
CHEMBL4484,Rattus norvegicus,Q06486,Tau-protein kinase CSNK1D | Hckid | Casein kinase I isoform delta | Csnk1d | CKI-delta,2.0,,Q06486,1|2,Q06486-1|Q06486-2
CHEMBL5456,Chlorocebus aethiops,P52702,DRD2 | D(2) dopamine receptor | Dopamine D2 receptor,1.0,,P52702,,
CHEMBL5457,Mycobacterium avium,O30463,Dihydrofolate reductase | folA,1.0,,O30463,,
CHEMBL4354,Cavia porcellus,P97266,MOR-1 | M-OR-1 | Mu-type opioid receptor | OPRM1,1.0,,P97266,,
CHEMBL5455,Homo sapiens,P07332,Proto-oncogene c-Fps | FES | FPS | Feline sarcoma/Fujinami avian sarcoma oncogene homolog | p93c-fes | Proto-oncogene c-Fes | Tyrosine-protein kinase Fes/Fps,4.0,,P07332,1|2|3|4,P07332-1|P07332-2|P07332-3|P07332-4
CHEMBL4487,Homo sapiens,Q13177,Gamma-PAK | p21-activated kinase 2 | PAK2 | PAK-2 | Serine/threonine-protein kinase PAK 2 | S6/H4 kinase | PAK65 | p58,1.0,,Q13177,,
CHEMBL4267,Homo sapiens,P37173,TGF-beta receptor type II | TGFR-2 | TGFBR2 | TGF-beta receptor type-2 | TbetaR-II | Transforming growth factor-beta receptor type II | TGF-beta type II receptor,3.0,,P37173,1|2|3,P37173-1|P37173-2|P37173-3
CHEMBL5443,Homo sapiens,O00311,CDC7-related kinase | huCdc7 | HsCdc7 | CDC7L1 | CDC7 | Cell division cycle 7-related protein kinase,1.0,,O00311,1,O00311-1
CHEMBL2041,Homo sapiens,P07949,CDHF12 | Proto-oncogene tyrosine-protein kinase receptor Ret | Cadherin family member 12 | CDHR16 | RET | PTC | Proto-oncogene c-Ret | RET51,2.0,,P07949,1|2,P07949-1|P07949-2
CHEMBL4482,Homo sapiens,O96013,KIAA1142 | PAK4 | Serine/threonine-protein kinase PAK 4 | PAK-4 | p21-activated kinase 4,4.0,,O96013,1|2|3|4,O96013-1|O96013-2|O96013-3|O96013-4
CHEMBL5250,Mus musculus,Q62137,Janus kinase 3 | Jak3 | Tyrosine-protein kinase JAK3 | JAK-3,2.0,,Q62137,1|2,Q62137-1|Q62137-2
CHEMBL5251,Homo sapiens,Q06187,AGMX1 | ATK | B-cell progenitor kinase | Bruton tyrosine kinase | Agammaglobulinemia tyrosine kinase | BTK | BPK | Tyrosine-protein kinase BTK,2.0,,Q06187,BTK-A|BTK-C,Q06187-1|Q06187-2
CHEMBL5491,Homo sapiens,P30291,Wee1-like protein kinase | WEE1 | Wee1A kinase | WEE1hu,2.0,,P30291,1|2,P30291-1|P30291-2
CHEMBL4641,Homo sapiens,O43497,Voltage-gated calcium channel subunit alpha Cav3.1 | Voltage-dependent T-type calcium channel subunit alpha-1G | Cav3.1c | CACNA1G | KIAA1123 | NBR13,35.0,,O43497,5|1|2|3|4|6|7|8|9|10|11|12|13|14|15|16|17|18|19|20|21|22|23|24|25|26|27|28|29|30|31|32|33|34|35,O43497-1|O43497-2|O43497-3|O43497-4|O43497-5|O43497-6|O43497-7|O43497-8|O43497-9|O43497-10|O43497-11|O43497-12|O43497-13|O43497-15|O43497-16|O43497-17|O43497-18|O43497-19|O43497-20|O43497-21|O43497-22|O43497-23|O43497-24|O43497-25|O43497-26|O43497-27|O43497-28|O43497-29|O43497-30|O43497-31|O43497-32|O43497-33|O43497-34|O43497-35|O43497-36
CHEMBL5558,Homo sapiens,Q9P0X4,Ca(v)3.3 | Voltage-gated calcium channel subunit alpha Cav3.3 | Voltage-dependent T-type calcium channel subunit alpha-1I | KIAA1120 | CACNA1I,4.0,,Q9P0X4,1|2|3|4,Q9P0X4-1|Q9P0X4-2|Q9P0X4-3|Q9P0X4-4
CHEMBL3638,Homo sapiens,Q8IV61,Calcium and DAG-regulated guanine nucleotide exchange factor III | RASGRP3 | KIAA0846 | Ras guanyl-releasing protein 3 | Guanine nucleotide exchange factor for Rap1 | GRP3,2.0,,Q8IV61,1|2,Q8IV61-1|Q8IV61-2
CHEMBL4970,Rattus norvegicus,P15393,Cytochrome P450(11 beta)-DS | Steroid 11-beta-hydroxylase | CYP11B1 | Cytochrome P450C11 | Cyp11b-1 | Cytochrome P450 11B1 | Cyp11b1 | CYPXIB1 | mitochondrial,1.0,,P15393,,
CHEMBL5145,Homo sapiens,P15056,RAFB1 | BRAF | BRAF1 | p94 | Serine/threonine-protein kinase B-raf | Proto-oncogene B-Raf | v-Raf murine sarcoma viral oncogene homolog B1,1.0,,P15056,,
CHEMBL4454,Homo sapiens,P09769,p58-Fgr | FGR | p58c-Fgr | Proto-oncogene c-Fgr | Tyrosine-protein kinase Fgr | p55-Fgr | Gardner-Rasheed feline sarcoma viral (v-fgr) oncogene homolog | SRC2,1.0,,P09769,,
CHEMBL5147,Homo sapiens,P54760,Tyrosine-protein kinase TYRO11 | TYRO11 | Ephrin type-B receptor 4 | EPHB4 | Hepatoma transmembrane kinase | HTK | MYK1,4.0,,P54760,1|2|3|4,P54760-1|P54760-2|P54760-3|P54760-4
CHEMBL5600,Homo sapiens,P27448,Serine/threonine-protein kinase p78 | Cdc25C-associated protein kinase 1 | C-TAK1 | cTAK1 | ELKL motif kinase 2 | MAP/microtubule affinity-regulating kinase 3 | Par-1a | Protein kinase STK10 | Ser/Thr protein kinase PAR-1 | CTAK1 | EMK2 | MARK3 | EMK-2,7.0,,P27448,1|2|3|4|5|6|7,P27448-5|P27448-2|P27448-3|P27448-4|P27448-6|P27448-7|P27448-8
CHEMBL5141,Homo sapiens,O43174,Retinoic acid 4-hydroxylase | P450RAI1 | Retinoic acid-metabolizing cytochrome | CYP26A1 | Cytochrome P450 retinoic acid-inactivating 1 | Cytochrome P450 26A1 | CYP26 | hP450RAI | Cytochrome P450RAI,2.0,,O43174,1|2,O43174-1|O43174-2
CHEMBL5028,Homo sapiens,O14672, | ADAM 10 | CDw156 | ADAM10 | Mammalian disintegrin-metalloprotease | KUZ | Kuzbanian protein homolog | MADM | Disintegrin and metalloproteinase domain-containing protein 10,2.0,,O14672,1|2,O14672-1|O14672-2
CHEMBL4581,Homo sapiens,P52732,TR-interacting protein 5 | Thyroid receptor-interacting protein 5 | EG5 | TRIP-5 | KIF11 | Kinesin-like protein 1 | Kinesin-related motor protein Eg5 | TRIP5 | Kinesin-like spindle protein HKSP | KNSL1 | Kinesin-like protein KIF11,1.0,,P52732,,
CHEMBL4586,Glycine max,P08170,LOX1.1 | Seed linoleate 13S-lipoxygenase-1 | L-1 | LOX1 | Lipoxygenase-1,1.0,Inactive below pH 6.0.,P08170,,
CHEMBL4683,Homo sapiens,Q12884,Fibroblast activation protein alpha | Surface-expressed protease | Serine integral membrane protease | Integral membrane serine protease | FAP | 170 kDa melanoma membrane-bound gelatinase | Dipeptidyl peptidase FAP | Prolyl endopeptidase FAP | FAPalpha | Gelatine degradation protease FAP | SIMP | Seprase | Post-proline cleaving enzyme,2.0,Optimum pH is 6-8.4 for gelatinase activity. At pH lower than 5 inhibited gelatinase activity.,Q12884,1|2,Q12884-1|Q12884-2
CHEMBL4191,Homo sapiens,Q99685,MGL | Lysophospholipase-like | Lysophospholipase homolog | HU-K5 | Monoacylglycerol lipase | MGLL | MAGL | Monoglyceride lipase,2.0,,Q99685,1|2,Q99685-1|Q99685-2
CHEMBL4349,Homo sapiens,Q02083,ASAH-like protein | ASAHL | NAAA | Acid ceramidase-like protein | PLT | N-acylethanolamine-hydrolyzing acid amidase | Acylsphingosine deacylase NAAA | N-acylsphingosine amidohydrolase-like,3.0,Optimum pH is 4.5 with N-palmitoylethanolamine as substrate.,Q02083,1|2|3,Q02083-1|Q02083-2|Q02083-3
CHEMBL4838,Canis lupus familiaris,P50997,Sodium/potassium-transporting ATPase subunit alpha-1 | Sodium pump subunit alpha-1 | ATP1A1 | Na(+)/K(+) ATPase alpha-1 subunit,1.0,,P50997,,
CHEMBL4625,Homo sapiens,Q07817,BCLX | BCL2L | BCL2L1 | Apoptosis regulator Bcl-X | Bcl2-L-1 | Bcl-2-like protein 1,3.0,,Q07817,Bcl-X(L)|Bcl-X(S)|Bcl-X(beta),Q07817-1|Q07817-2|Q07817-3
CHEMBL4229,Homo sapiens,Q9UJM8,HAO1 | GOX | HAOX1 | 2-Hydroxyacid oxidase 1 | GOX1 | Glycolate oxidase | Glyoxylate oxidase | GO,1.0,,Q9UJM8,,
CHEMBL4755,Rattus norvegicus,Q63118,CGRP type 1 receptor | Calcrl | Cgrpr | Calcitonin gene-related peptide type 1 receptor | Calcitonin receptor-like receptor,1.0,,Q63118,,
CHEMBL4860,Homo sapiens,P10415,BCL2 | Apoptosis regulator Bcl-2,2.0,,P10415,Alpha|Beta,P10415-1|P10415-2
CHEMBL5203,Homo sapiens,P33316,dUTP pyrophosphatase | DUT | dUTPase | Deoxyuridine 5'-triphosphate nucleotidohydrolase | mitochondrial,2.0,,P33316,3|2,P33316-3|P33316-2
CHEMBL4261,Homo sapiens,Q16665,HIF-1-alpha | HIF1A | BHLHE78 | MOP1 | PASD8 | Basic-helix-loop-helix-PAS protein MOP1 | Class E basic helix-loop-helix protein 78 | HIF1-alpha | Member of PAS protein 1 | ARNT-interacting protein | Hypoxia-inducible factor 1-alpha | bHLHe78 | PAS domain-containing protein 8,3.0,,Q16665,1|2|3,Q16665-1|Q16665-2|Q16665-3
CHEMBL5445,Mus musculus,P31648,Gat-1 | GAT-1 | Gabt1 | Gat1 | Sodium- and chloride-dependent GABA transporter 1 | Solute carrier family 6 member 1 | Slc6a1,1.0,,P31648,,
CHEMBL5205,Mus musculus,P31649,Gat-3 | GAT-2 | Solute carrier family 6 member 13 | Gabt3 | GAT-3 | Gat2 | Gat3 | Sodium- and chloride-dependent GABA transporter 3 | Slc6a13 | Sodium- and chloride-dependent GABA transporter 2 | Gabt2,1.0,,P31649,,
CHEMBL3699,Mus musculus,P31650,Sodium- and chloride-dependent GABA transporter 4 | GAT-4 | Gat4 | Gabt4 | Gabt3 | GAT-3 | Gat3 | Sodium- and chloride-dependent GABA transporter 3 | Solute carrier family 6 member 11 | Slc6a11 | Gat-4,1.0,,P31650,,
CHEMBL4228,Mus musculus,P31651,Gat-2 | Slc6a12 | GAT-2 | Sodium- and chloride-dependent betaine transporter | Bgt1 | BGT-1 | Gat2 | Solute carrier family 6 member 12 | Na(+)/Cl(-) betaine/GABA transporter | Sodium- and chloride-dependent GABA transporter 2 | Gabt2,1.0,,P31651,,
CHEMBL4895,Homo sapiens,P30530,AXL oncogene | Tyrosine-protein kinase receptor UFO | UFO | AXL,2.0,,P30530,Long|Short,P30530-1|P30530-2
CHEMBL4896,Homo sapiens,Q96KB5,T-LAK cell-originated protein kinase | Nori-3 | TOPK | MAPKK-like protein kinase | Spermatogenesis-related protein kinase | PBK | Cancer/testis antigen 84 | SPK | PDZ-binding kinase | Lymphokine-activated killer T-cell-originated protein kinase | CT84,2.0,,Q96KB5,1|2,Q96KB5-1|Q96KB5-2
CHEMBL4897,Homo sapiens,Q9H4B4,Serine/threonine-protein kinase PLK3 | FNK | PLK3 | FGF-inducible kinase | PLK-3 | PRK | Proliferation-related kinase | Cytokine-inducible serine/threonine-protein kinase | Polo-like kinase 3 | CNK,1.0,,Q9H4B4,,
CHEMBL4898,Homo sapiens,Q16620,TrkB tyrosine kinase | GP145-TrkB | Trk-B | NTRK2 | Neurotrophic tyrosine kinase receptor type 2 | BDNF/NT-3 growth factors receptor | Tropomyosin-related kinase B | TRKB,7.0,,Q16620,TrkB|TrkB-T1|TrkB-T-Shc|4|5|TrkB-T-TK|TrkB-N-T1,Q16620-1|Q16620-2|Q16620-3|Q16620-4|Q16620-5|Q16620-6|Q16620-7
CHEMBL4899,Homo sapiens,P41279,Proto-oncogene c-Cot | MAP3K8 | Cancer Osaka thyroid oncogene | Tumor progression locus 2 | COT | TPL-2 | Serine/threonine-protein kinase cot | Mitogen-activated protein kinase kinase kinase 8 | ESTF,2.0,,P41279,1|2,P41279-1|P41279-2
CHEMBL4900,Homo sapiens,Q9BZL6,PKD2 | PRKD2 | Serine/threonine-protein kinase D2 | nPKC-D2,3.0,,Q9BZL6,1|2|3,Q9BZL6-1|Q9BZL6-2|Q9BZL6-3
CHEMBL4901,Homo sapiens,P54753,EPH-like kinase 2 | HEK2 | ETK2 | TYRO6 | EPHB3 | hEK2 | Tyrosine-protein kinase TYRO6 | EPH-like tyrosine kinase 2 | Embryonic kinase 2 | EK2 | Ephrin type-B receptor 3,1.0,,P54753,,
CHEMBL4247,Homo sapiens,Q9UM73, | Anaplastic lymphoma kinase | ALK | ALK tyrosine kinase receptor,1.0,,Q9UM73,,
CHEMBL4246,Homo sapiens,P42680,TEC | Tyrosine-protein kinase Tec | PSCTK4,1.0,,P42680,,
CHEMBL4367,Homo sapiens,P42681,Protein-tyrosine kinase 4 | Resting lymphocyte kinase | Tyrosine-protein kinase TXK | PTK4 | TXK | RLK,1.0,,P42681,,
CHEMBL4909,Rattus norvegicus,Q62928,PGE2 receptor EP2 subtype | Ptger2 | Prostanoid EP2 receptor | PGE receptor EP2 subtype | Prostaglandin E2 receptor EP2 subtype,1.0,,Q62928,,
CHEMBL4420,Mus musculus,Q9EP66,Gpr109 | Hcar2 | Gpr109a | G-protein coupled receptor HM74 | G-protein coupled receptor 109 | Protein PUMA-G | Nicotinic acid receptor | Pumag | Hydroxycarboxylic acid receptor 2 | Niacin receptor 1 | Gpr109b | G-protein coupled receptor 109A | Niacr1,1.0,,Q9EP66,,
CHEMBL4422,Homo sapiens,O14842,GPR40 | FFAR1 | G-protein coupled receptor 40 | Free fatty acid receptor 1,1.0,,O14842,,
CHEMBL5255,Homo sapiens,O00206, | hToll | Toll-like receptor 4 | TLR4,3.0,,O00206,1|2|3,O00206-1|O00206-2|O00206-3
CHEMBL4461,Homo sapiens,Q9NTG7,NAD-dependent protein deacetylase sirtuin-3 | Regulatory protein SIR2 homolog 3 | SIRT3 | hSIRT3 | SIR2L3 | mitochondrial | SIR2-like protein 3,2.0,,Q9NTG7,1|2,Q9NTG7-1|Q9NTG7-2
CHEMBL4462,Homo sapiens,Q8IXJ6,SIR2-like protein 2 | SIR2L2 | NAD-dependent protein deacetylase sirtuin-2 | SIRT2 | Regulatory protein SIR2 homolog 2 | NAD-dependent protein defatty-acylase sirtuin-2 | SIR2L,5.0,,Q8IXJ6,1|2|3|4|5,Q8IXJ6-1|Q8IXJ6-2|Q8IXJ6-3|Q8IXJ6-4|Q8IXJ6-5
CHEMBL4506,Homo sapiens,Q96EB6,hSIR2 | SIR2L1 | SIRT1 | NAD-dependent protein deacylase sirtuin-1 | hSIRT1 | Regulatory protein SIR2 homolog 1 | NAD-dependent protein deacetylase sirtuin-1 | SIR2-like protein 1,2.0,,Q96EB6,1|2,Q96EB6-1|Q96EB6-2
CHEMBL4507,Homo sapiens,Q9GZV3,hCHT1 | High affinity choline transporter 1 | CHT | SLC5A7 | Solute carrier family 5 member 7 | Hemicholinium-3-sensitive choline transporter | CHT1,1.0,"Optimum pH is 9.5 for choline uptake. Transport efficiency decreased at more acidic pHs and is abolished at pH 5.5, which should coincide with transporter internalization.",Q9GZV3,,
CHEMBL4508,Homo sapiens,Q16769,Glutaminyl cyclase | QC | Glutaminyl-tRNA cyclotransferase | sQC | EC | Glutamyl cyclase | QPCT | Glutaminyl-peptide cyclotransferase,2.0,,Q16769,1|2,Q16769-1|Q16769-2
CHEMBL4510,Plasmodium falciparum,Q9NBA7,,1.0,,Q9NBA7,,
CHEMBL4512,Plasmodium falciparum,Q965D7,3-hydroxyacyl-[acyl-carrier-protein] dehydratase | fabZ,1.0,,Q965D7,,
CHEMBL4153,Cavia porcellus,Q60492,Sigma non-opioid intracellular receptor 1 | Sigma 1-type opioid receptor | Sigma1-receptor | SIGMAR1 | OPRS1 | Sterol isomerase-like protein | Sigma1R,1.0,,Q60492,,
CHEMBL4200,Mus musculus,Q9QXX3,GX sPLA2 | Group 10 secretory phospholipase A2 | Pla2g10 | sPLA2-X | Phosphatidylcholine 2-acylhydrolase 10 | Group X secretory phospholipase A2,1.0,,Q9QXX3,,
CHEMBL4201,Mus musculus,Q9QUL3,sPLA2-IIE | GIIE sPLA2 | Phosphatidylcholine 2-acylhydrolase 2E | Group IIE secretory phospholipase A2 | Pla2g2e,1.0,,Q9QUL3,,
CHEMBL4360,Homo sapiens,P53985,MCT 1 | SLC16A1 | Solute carrier family 16 member 1 | MCT1 | Monocarboxylate transporter 1,2.0,,P53985,1|2,P53985-1|P53985-2
CHEMBL4361,Homo sapiens,Q07820,Bcl2-L-3 | Bcl-2-like protein 3 | Bcl-2-related protein EAT/mcl1 | Induced myeloid leukemia cell differentiation protein Mcl-1 | BCL2L3 | MCL1 | mcl1/EAT,2.0,,Q07820,1|2,Q07820-1|Q07820-2
CHEMBL4521,Homo sapiens,Q07973,"1,25-dihydroxyvitamin D(3) 24-hydroxylase | Cytochrome P450 24A1 | Cytochrome P450-CC24 | 24-OHase | CYP24 | mitochondrial | CYP24A1 | Vitamin D(3) 24-hydroxylase",3.0,,Q07973,1|2|3,Q07973-1|Q07973-2|Q07973-3
CHEMBL4677,Homo sapiens,Q92843,Bcl2-L-2 | BCLW | Apoptosis regulator Bcl-W | KIAA0271 | Bcl-2-like protein 2 | BCL2L2,2.0,,Q92843,1|3,Q92843-1|Q92843-2
CHEMBL4681,Homo sapiens,P42330,HSD17B5 | 3-alpha-HSD type 2 | DD3 | Testosterone 17-beta-dehydrogenase 5 | Aldo-keto reductase family 1 member C3 | Dihydrodiol dehydrogenase type I | AKR1C3 | brain | Prostaglandin F synthase | DD-3 | 17-beta-hydroxysteroid dehydrogenase type 5 | PGFS | 3-alpha-hydroxysteroid dehydrogenase type 2 | KIAA0119 | Dihydrodiol dehydrogenase 3 | Chlordecone reductase homolog HAKRb | HA1753 | 3-alpha-HSD type II | 17-beta-HSD 5 | DDH1,2.0,,P42330,1|2,P42330-1|P42330-2
CHEMBL4161,Canavalia ensiformis,P07374,Urea amidohydrolase | JBU | Urease | Jack bean urease,1.0,,P07374,,
CHEMBL4162,Homo sapiens,O75365,Protein-tyrosine phosphatase of regenerating liver 3 | PTP4A3 | PRL-3 | PRL-R | Protein-tyrosine phosphatase 4a3 | PRL3 | Protein tyrosine phosphatase type IVA 3,3.0,,O75365,1|2|3,O75365-1|O75365-2|O75365-3
CHEMBL4378,Mus musculus,Q9Z0Y2,PLA2-Ib | Phosphatidylcholine 2-acylhydrolase 1B | Group IB phospholipase A2 | Pla2 | Pla2g1b | Phospholipase A2,1.0,,Q9Z0Y2,,
CHEMBL4752,Trypanosoma cruzi,Q8WS26,,1.0,,Q8WS26,,
CHEMBL3785,Homo sapiens,Q8TDS4,GPR109A | HCAR2 | G-protein coupled receptor HM74A | Nicotinic acid receptor | Hydroxycarboxylic acid receptor 2 | HM74A | Niacin receptor 1 | HCA2 | G-protein coupled receptor 109A | NIACR1,1.0,,Q8TDS4,,
CHEMBL3486,Plasmodium falciparum,Q54A96,mitochondrial | dhod | Dihydroorotate dehydrogenase (quinone),1.0,,Q54A96,,
CHEMBL3545,Bos taurus,Q2KIM0,Tissue alpha-L-fucosidase | Alpha-L-fucosidase 1 | Alpha-L-fucoside fucohydrolase 1 | Alpha-L-fucosidase I | FUCA1,1.0,,Q2KIM0,,
CHEMBL3691,Homo sapiens,Q13822,ATX | Ectonucleotide pyrophosphatase/phosphodiesterase family member 2 | ENPP2 | PDNP2 | Extracellular lysophospholipase D | Autotaxin | E-NPP 2 | LysoPLD,3.0,"Optimum pH is 9.0 (isoform 1), 8.0 (isoform 3). Isoform 1 is less sensitive to pH. Isoform 1, isoform 2 and isoform 3 all retain some activity at pH 9.5.",Q13822,1|2|3,Q13822-1|Q13822-2|Q13822-3
CHEMBL4167,Mus musculus,P97391,PLA2-10 | Pla2g5 | Phospholipase A2 group V | Phosphatidylcholine 2-acylhydrolase 5,1.0,,P97391,,
CHEMBL4542,Mycobacterium tuberculosis,P9WIA1,ptpA | Low molecular weight protein-tyrosine phosphatase A | Low molecular weight tyrosine phosphatase PtpA | LMW-PTP | mptpA | MPtpA | PTPase,1.0,,P9WIA1,,
CHEMBL3490,Mus musculus,P51661,Hsd11k | 11-DH2 | 11-beta-HSD2 | NAD-dependent 11-beta-hydroxysteroid dehydrogenase | Hsd11b2 | Corticosteroid 11-beta-dehydrogenase isozyme 2 | 11-beta-hydroxysteroid dehydrogenase type 2,1.0,,P51661,,
CHEMBL3492,Homo sapiens,P49721,PSMB2 | Multicatalytic endopeptidase complex subunit C7-I | Proteasome component C7-I | Proteasome subunit beta type-2 | Macropain subunit C7-I,1.0,,P49721,,
CHEMBL4660,Homo sapiens,P28907, | ADP-ribosyl cyclase/cyclic ADP-ribose hydrolase 1 | 2'-phospho-ADP-ribosyl cyclase/2'-phospho-cyclic-ADP-ribose transferase | 2'-phospho-cyclic-ADP-ribose transferase | ADPRC 1 | 2'-phospho-ADP-ribosyl cyclase | Cyclic ADP-ribose hydrolase 1 | cADPR hydrolase 1 | T10 | CD38 | ADP-ribosyl cyclase 1,2.0,"Optimum pH for NAADP(+) production is 5.0 from either substrate, activity is much higher at pH 5.0 than 7.4.",P28907,1|2,P28907-1|P28907-2
CHEMBL4662,Homo sapiens,P28074,X | Proteasome subunit MB1 | Proteasome subunit beta type-5 | Macropain epsilon chain | PSMB5 | Proteasome subunit X | Proteasome epsilon chain | Multicatalytic endopeptidase complex epsilon chain | MB1 | LMPX | Proteasome chain 6,3.0,,P28074,1|2|3,P28074-1|P28074-2|P28074-3
CHEMBL4903,Homo sapiens,P24666,Adipocyte acid phosphatase | LMW-PTP | Low molecular weight phosphotyrosine protein phosphatase | Low molecular weight cytosolic acid phosphatase | LMW-PTPase | Red cell acid phosphatase 1 | ACP1,4.0,,P24666,1|2|3|4,P24666-1|P24666-2|P24667-1|P24666-3|P24666-4
CHEMBL4208,Homo sapiens,P20618,Macropain subunit C5 | Multicatalytic endopeptidase complex subunit C5 | PSC5 | PSMB1 | Proteasome gamma chain | Proteasome component C5 | Proteasome subunit beta type-1,1.0,,P20618,,
CHEMBL4372,Bacillus anthracis,P15917,Anthrax lethal toxin endopeptidase component | Lethal factor | LF | lef,1.0,,P15917,,
CHEMBL4685,Homo sapiens,P14902,"IDO1 | IDO-1 | IDO | Indoleamine 2,3-dioxygenase 1 | INDO | Indoleamine-pyrrole 2,3-dioxygenase",1.0,,P14902,,
CHEMBL4693,Oryctolagus cuniculus,P04191,ATP2A1 | Calcium-transporting ATPase sarcoplasmic reticulum type | Sarcoplasmic/endoplasmic reticulum calcium ATPase 1 | fast twitch skeletal muscle isoform | Endoplasmic reticulum class 1/2 Ca(2+) ATPase | SERCA1 | Calcium pump 1 | SR Ca(2+)-ATPase 1,2.0,,P04191,SERCA1B|SERCA1A,P04191-1|P04191-2
CHEMBL4696,Oryctolagus cuniculus,P00489,PYGM | Glycogen phosphorylase | Myophosphorylase | muscle form,1.0,,P00489,,
CHEMBL4698,Homo sapiens,O95822,MLYCD | mitochondrial | Malonyl-CoA decarboxylase | MCD,2.0,,O95822,Mitochondrial|Cytoplasmic+peroxisomal,O95822-1|O95822-2
CHEMBL3985,Sus scrofa,O77773,CACNA2D1,1.0,,O77773,,
CHEMBL3317,Solanum tuberosum,O49150,Lipoxygenase,1.0,,O49150,,
CHEMBL3318,Agaricus bisporus,O42713,Phenolase 2 | Tyrosinase 2 | PPO2 | Cresolase 2 | Polyphenol oxidase 2,1.0,,O42713,,
CHEMBL5174,Homo sapiens,O14786, | NRP | Neuropilin-1 | VEGF165R | Vascular endothelial cell growth factor 165 receptor | NRP1,3.0,,O14786,1|2|3,O14786-1|O14786-2|O14786-3
CHEMBL4328,Homo sapiens,Q93088,Betaine--homocysteine S-methyltransferase 1 | BHMT,1.0,,Q93088,,
CHEMBL4375,Homo sapiens,Q96SB4,SR-protein-specific kinase 1 | SRPK1 | SRSF protein kinase 1 | SFRS protein kinase 1 | Serine/arginine-rich protein-specific kinase 1,3.0,,Q96SB4,2|1|3,Q96SB4-2|Q96SB4-3|Q96SB4-4
CHEMBL4376,Homo sapiens,Q92630,Dual specificity tyrosine-phosphorylation-regulated kinase 2 | DYRK2,2.0,,Q92630,1|2,Q92630-1|Q92630-2
CHEMBL4699,Homo sapiens,O60725,ICMT | Prenylated protein carboxyl methyltransferase | Protein-S-isoprenylcysteine O-methyltransferase | Prenylcysteine carboxyl methyltransferase | PCCMT | Isoprenylcysteine carboxylmethyltransferase | PPMT | pcCMT,1.0,,O60725,,
CHEMBL4748,Canis lupus familiaris,P41148,GRP94 | HSP90B1 | 94 kDa glucose-regulated protein | GRP-94 | Heat shock protein 90 kDa beta member 1 | Endoplasmin | TRA1,1.0,,P41148,,
CHEMBL3321,Rattus norvegicus,Q8R431,Mgll | MGL | Monoacylglycerol lipase | Mgl2 | MAGL | Monoglyceride lipase,1.0,,Q8R431,,
CHEMBL2211,Mus musculus,P97477,Ark1 | Aurora/IPL1-related kinase 1 | Serine/threonine-protein kinase 6 | Ayk1 | Aurora-related kinase 1 | Aurora 2 | Serine/threonine-protein kinase 15 | Serine/threonine-protein kinase aurora-A | Serine/threonine-protein kinase Ayk1 | Iak1 | Stk15 | Aura | Aurora kinase A | Aik | Ipl1- and aurora-related kinase 1 | Btak | Airk1 | Stk6 | Aurka | ARK-1,2.0,,P97477,1|2,P97477-1|P97477-2
CHEMBL3542,Homo sapiens,Q8IY84,NIM1 serine/threonine-protein kinase | NIM1K | Serine/threonine-protein kinase NIM1 | NIM1,1.0,,Q8IY84,,
CHEMBL3543,Rattus norvegicus,Q63371,P2Y purinoceptor 6 | P2Y6 | P2ry6,1.0,,Q63371,,
CHEMBL5198,Homo sapiens,Q8TD08,ERK7 | ERK8 | MAPK 15 | ERK-8 | ERK-7 | Extracellular signal-regulated kinase 7 | MAPK15 | Extracellular signal-regulated kinase 8 | Mitogen-activated protein kinase 15 | MAP kinase 15,3.0,,Q8TD08,1|2|3,Q8TD08-1|Q8TD08-2|Q8TD08-3
CHEMBL4670,Homo sapiens,Q16644,MAPKAP-K3 | MAP kinase-activated protein kinase 3 | MAPKAPK3 | MAPKAP kinase 3 | MAPKAPK-3 | Chromosome 3p kinase | MAPK-activated protein kinase 3 | MK-3 | 3pK,1.0,,Q16644,,
CHEMBL4718,Homo sapiens,Q9BUB5,MAPK signal-integrating kinase 1 | MNK1 | MAP kinase signal-integrating kinase 1 | MAP kinase-interacting serine/threonine-protein kinase 1 | MKNK1 | Mnk1,3.0,,Q9BUB5,1|2|3,Q9BUB5-1|Q9BUB5-2|Q9BUB5-3
CHEMBL4516,Homo sapiens,Q5VT25,CDC42-binding protein kinase alpha | CDC42BPA | KIAA0451 | Myotonic dystrophy protein kinase-like alpha | Myotonic dystrophy kinase-related CDC42-binding kinase alpha | MRCK alpha | DMPK-like alpha | Serine/threonine-protein kinase MRCK alpha,6.0,,Q5VT25,1|2|3|4|5|6,Q5VT25-1|Q5VT25-2|Q5VT25-3|Q5VT25-4|Q5VT25-5|Q5VT25-6
CHEMBL4518,Homo sapiens,Q15391,P2Y14 | P2RY14 | KIAA0001 | GPR105 | G-protein coupled receptor 105 | P2Y purinoceptor 14 | UDP-glucose receptor,1.0,,Q15391,,
CHEMBL4574,Homo sapiens,Q8IWQ3,Brain-selective kinase 2 | BRSK2 | Serine/threonine-protein kinase SAD-A | STK29 | C11orf7 | Serine/threonine-protein kinase BRSK2 | Brain-specific serine/threonine-protein kinase 2 | Serine/threonine-protein kinase 29 | SADA | PEN11B | BR serine/threonine-protein kinase 2,6.0,,Q8IWQ3,1|2|3|4|5|6,Q8IWQ3-1|Q8IWQ3-2|Q8IWQ3-3|Q8IWQ3-4|Q8IWQ3-5|Q8IWQ3-6
CHEMBL4575,Homo sapiens,O43781,DYRK3 | REDK | Dual specificity tyrosine-phosphorylation-regulated kinase 3 | Regulatory erythroid kinase,2.0,,O43781,1|2,O43781-1|O43781-2
CHEMBL4576,Homo sapiens,Q9H2X6,Homeodomain-interacting protein kinase 2 | HIPK2 | hHIPk2,3.0,,Q9H2X6,1|2|3,Q9H2X6-1|Q9H2X6-2|Q9H2X6-3
CHEMBL4577,Homo sapiens,Q9H422,Homolog of protein kinase YAK1 | PKY | Androgen receptor-interacting nuclear protein kinase | HIPK3 | ANPK | Homeodomain-interacting protein kinase 3 | Fas-interacting serine/threonine-protein kinase | DYRK6 | FIST3 | FIST,2.0,,Q9H422,1|2,Q9H422-1|Q9H422-2
CHEMBL4578,Homo sapiens,Q14680,pEg3 kinase | hPK38 | KIAA0175 | Protein kinase PK38 | Tyrosine-protein kinase MELK | Maternal embryonic leucine zipper kinase | MELK | Protein kinase Eg3 | hMELK,8.0,,Q14680,1|2|3|4|5|6|7|8,Q14680-1|Q14680-2|Q14680-3|Q14680-4|Q14680-5|Q14680-6|Q14680-7|Q14680-8
CHEMBL5408,Homo sapiens,Q9UHD2,TBK1 | TANK-binding kinase 1 | T2K | Serine/threonine-protein kinase TBK1 | NF-kappa-B-activating kinase | NAK,1.0,,Q9UHD2,,
CHEMBL5200,Mus musculus,O88410, | C-X-C chemokine receptor type 3 | CXC-R3 | Cmkar3 | CXCR-3 | Cxcr3 | Interferon-inducible protein 10 receptor | IP-10 receptor,1.0,,O88410,,
CHEMBL5413,Homo sapiens,Q969F8,GPR54 | hOT7T175 | Metastin receptor | G-protein coupled receptor OT7T175 | Kisspeptins receptor | Hypogonadotropin-1 | G-protein coupled receptor 54 | KiSS-1 receptor | KiSS-1R | KISS1R | AXOR12,1.0,,Q969F8,,
CHEMBL5498,Cavia porcellus,Q8VH26,Muscarinic acetylcholine receptor | GPM3,1.0,,Q8VH26,,
CHEMBL3784,Homo sapiens,Q09472,E1A-associated protein p300 | Protein propionyltransferase p300 | Histone crotonyltransferase p300 | Histone acetyltransferase p300 | Protein lactyltransferas p300 | P300 | EP300 | p300 HAT | Histone butyryltransferase p300 | Protein 2-hydroxyisobutyryltransferase p300,1.0,,Q09472,,
CHEMBL5500,Homo sapiens,Q92831,P300/CBP-associated factor | Lysine acetyltransferase 2B | Histone acetyltransferase KAT2B | P/CAF | Histone acetyltransferase PCAF | Histone acetylase PCAF | Spermidine acetyltransferase KAT2B | KAT2B | PCAF,1.0,,Q92831,,
CHEMBL5501,Homo sapiens,Q92830,KAT2A | STAF97 | GCN5 | Histone glutaryltransferase KAT2A | Histone acetyltransferase GCN5 | GCN5L2 | Histone acetyltransferase KAT2A | Lysine acetyltransferase 2A | Histone succinyltransferase KAT2A | hGCN5 | General control of amino acid synthesis protein 5-like 2,2.0,,Q92830,1|2,Q92830-1|Q92830-2
CHEMBL5523,Homo sapiens,Q8WTS6,Histone-lysine N-methyltransferase SETD7 | KMT7 | SET7/9 | Histone H3-K4 methyltransferase SETD7 | SET9 | SET domain-containing protein 7 | KIAA1717 | Lysine N-methyltransferase 7 | SETD7 | SET7 | H3-K4-HMTase SETD7,1.0,,Q8WTS6,,
CHEMBL5524,Homo sapiens,Q99873,IR1B4 | PRMT1 | HRMT1L2 | Protein arginine N-methyltransferase 1 | HMT2 | Interferon receptor 1-bound protein 4 | Histone-arginine N-methyltransferase PRMT1,4.0,,Q99873,1|2|3|4,Q99873-1|Q99873-2|Q99873-3|Q99873-5
CHEMBL5275,Homo sapiens,P36894, | ALK-3 | ACVRLK3 | Bone morphogenetic protein receptor type-1A | SKR5 | BMP type-1A receptor | BMPR1A | Serine/threonine-protein kinase receptor R5 | ALK3 | Activin receptor-like kinase 3 | BMPR-1A,1.0,,P36894,,
CHEMBL5310,Homo sapiens,P36896,Serine/threonine-protein kinase receptor R2 | Activin receptor type IB | ALK-4 | ACVR1B | Activin receptor type-1B | ACTR-IB | SKR2 | ACVRLK4 | Activin receptor-like kinase 4 | ALK4,5.0,,P36896,1|2|3|4|5,P36896-1|P36896-2|P36896-3|P36896-4|P36896-5
CHEMBL5311,Homo sapiens,P37023,Serine/threonine-protein kinase receptor R3 | SKR3 | ALK-1 | ACVRLK1 | ACVRL1 | TGF-B superfamily receptor type I | TSR-I | ALK1 | Activin receptor-like kinase 1,1.0,,P37023,,
CHEMBL5314,Homo sapiens,Q06418,TYRO3 | Tyrosine-protein kinase BYK | TIF | BYK | Tyrosine-protein kinase receptor TYRO3 | Tyrosine-protein kinase SKY | Tyrosine-protein kinase DTK | RSE | Tyrosine-protein kinase RSE | SKY | DTK | Tyrosine-protein kinase TIF,1.0,,Q06418,,
CHEMBL5319,Homo sapiens,Q08345, | CAK | TRKE | Epithelial discoidin domain-containing receptor 1 | PTK3A | TRK E | DDR1 | Discoidin receptor tyrosine kinase | Epithelial discoidin domain receptor 1 | MCK-10 | HGK2 | Protein-tyrosine kinase 3A | Protein-tyrosine kinase RTK-6 | Tyrosine-protein kinase CAK | Mammary carcinoma kinase 10 | Tyrosine kinase DDR | NTRK4 | NEP | CD167 antigen-like family member A | RTK6 | EDDR1 | Cell adhesion kinase,5.0,,Q08345,1|2|3|4|5,Q08345-1|Q08345-2|Q08345-4|Q08345-5|Q08345-6
CHEMBL5320,Homo sapiens,Q09013,MDPK | Myotonin-protein kinase | Myotonic dystrophy protein kinase | DM-kinase | MT-PK | DM1PK | DM1 protein kinase | DMK | DMPK,12.0,,Q09013,1|2|3|4|5|6|7|8|9|10|11|12,Q09013-9|Q09013-11|Q09013-16|Q09013-15|Q09013-10|Q09013-12|Q09013-1|Q09013-2|Q09013-5|Q09013-6|Q09013-7|Q09013-8
CHEMBL5359,Candida albicans,Q9P8Q7,Isocitrate lyase | Methylisocitrate lyase | ICL1 | Threo-D(S)-isocitrate glyoxylate-lyase | ICL | MICA | Isocitrase | Isocitratase,1.0,,Q9P8Q7,,
CHEMBL5364,Homo sapiens,Q9UBE8,NLK | Protein LAK1 | Nemo-like kinase | Serine/threonine-protein kinase NLK | LAK1,1.0,,Q9UBE8,,
CHEMBL5366,Homo sapiens,Q9UGN5,PARP2 | ADP-ribosyltransferase diphtheria toxin-like 2 | hPARP-2 | Poly[ADP-ribose] synthase 2 | DNA ADP-ribosyltransferase PARP2 | Protein poly-ADP-ribosyltransferase PARP2 | ADPRTL2 | NAD(+) ADP-ribosyltransferase 2 | PARP-2 | ADPRT-2 | ARTD2 | ADPRT2 | pADPRT-2 | Poly [ADP-ribose] polymerase 2,2.0,,Q9UGN5,1|2,Q9UGN5-1|Q9UGN5-2
CHEMBL5331,Homo sapiens,Q12866,Tyrosine-protein kinase Mer | MER | Receptor tyrosine kinase MerTK | MERTK | Proto-oncogene c-Mer,1.0,,Q12866,,
CHEMBL5332,Homo sapiens,Q13164,BMK1 | Extracellular signal-regulated kinase 5 | ERK5 | Mitogen-activated protein kinase 7 | MAPK 7 | BMK-1 | Big MAP kinase 1 | ERK-5 | PRKM7 | MAP kinase 7 | MAPK7,4.0,,Q13164,1|2|3|4,Q13164-1|Q13164-2|Q13164-3|Q13164-4
CHEMBL5334,Homo sapiens,Q13470,TNK1 | Non-receptor tyrosine-protein kinase TNK1 | CD38 negative kinase 1,2.0,,Q13470,1|2,Q13470-1|Q13470-2
CHEMBL5335,Homo sapiens,Q13489,RNF49 | hIAP1 | API2 | Baculoviral IAP repeat-containing protein 3 | IAP homolog C | Inhibitor of apoptosis protein 1 | BIRC3 | TNFR2-TRAF-signaling complex protein 1 | RING-type E3 ubiquitin transferase BIRC3 | RING finger protein 49 | Apoptosis inhibitor 2 | Cellular inhibitor of apoptosis 2 | hIAP-1 | MIHC | C-IAP2,1.0,,Q13489,,
CHEMBL5387,Mus musculus,Q62226,Shh | Hhg1 | Sonic hedgehog protein | HHG-1 | SHH | ShhNC | Shh unprocessed N-terminal signaling and C-terminal autoprocessing domains,1.0,,Q62226,,
CHEMBL5388,Homo sapiens,Q9UKI8,Serine/threonine-protein kinase tousled-like 1 | TLK1 | Tousled-like kinase 1 | KIAA0137 | PKU-beta,5.0,,Q9UKI8,1|2|3|4|5,Q9UKI8-1|Q9UKI8-2|Q9UKI8-3|Q9UKI8-4|Q9UKI8-5
CHEMBL5393,Homo sapiens,Q9UNQ0, | BCRP | Placenta-specific ATP-binding cassette transporter | MXR | Mitoxantrone resistance-associated protein | Urate exporter | Breast cancer resistance protein | Broad substrate specificity ATP-binding cassette transporter ABCG2 | BCRP1 | CDw338 | ABCG2 | ABCP | ATP-binding cassette sub-family G member 2,2.0,,Q9UNQ0,1|2,Q9UNQ0-1|Q9UNQ0-2
CHEMBL5415,Homo sapiens,Q9UPE1,MSSK-1 | STK23 | Serine/arginine-rich protein-specific kinase 3 | SRPK3 | Serine/threonine-protein kinase 23 | MSSK1 | SRSF protein kinase 3 | Muscle-specific serine kinase 1 | SR-protein-specific kinase 3,4.0,,Q9UPE1,1|2|3|4,Q9UPE1-1|Q9UPE1-2|Q9UPE1-3|Q9UPE1-4
CHEMBL5424,Rattus norvegicus,P07308,Fatty acid desaturase 1 | Delta(9)-desaturase 1 | Acyl-CoA desaturase 1 | Delta-9 desaturase 1 | Stearoyl-CoA desaturase 1 | Scd | Scd1,1.0,,P07308,,
CHEMBL5462,Homo sapiens,Q13490,API1 | RNF48 | BIRC2 | TNFR2-TRAF-signaling complex protein 2 | Baculoviral IAP repeat-containing protein 2 | RING finger protein 48 | hIAP2 | hIAP-2 | RING-type E3 ubiquitin transferase BIRC2 | Inhibitor of apoptosis protein 2 | Cellular inhibitor of apoptosis 1 | MIHB | IAP homolog B | C-IAP1,2.0,,Q13490,1|2,Q13490-1|Q13490-2
CHEMBL5463,Homo sapiens,Q13510,ASAH1 | N-acylsphingosine amidohydrolase | Putative 32 kDa heart protein | Acylsphingosine deacylase | PHP32 | Acid CDase | N-acylethanolamine hydrolase ASAH1 | ACDase | AC | ASAH | Acid ceramidase,3.0,"Optimum pH is 3.8-5.0 for the hydrolysis of N-dodecanoylsphing-4-enine (PubMed:7744740, PubMed:12815059). Optimum pH is 5.5-6.5 for the synthesis of N-dodecanoylsphing-4-enine (PubMed:12815059).",Q13510,1|2|3,Q13510-1|Q13510-2|Q13510-3
CHEMBL5464,Homo sapiens,Q13546,Receptor-interacting serine/threonine-protein kinase 1 | Receptor-interacting protein 1 | RIP1 | RIPK1 | RIP-1 | RIP | Cell death protein RIP,2.0,,Q13546,1|2,Q13546-1|Q13546-2
CHEMBL5467,Homo sapiens,Q13873,Bone morphogenetic protein receptor type II | PPH1 | BMPR2 | BMP type-2 receptor | Bone morphogenetic protein receptor type-2 | BMPR-2 | BMPR-II | BMP type II receptor,2.0,,Q13873,1|2,Q13873-1|Q13873-2
CHEMBL5469,Homo sapiens,Q14289,Protein-tyrosine kinase 2-beta | PYK2 | Calcium-regulated non-receptor proline-rich tyrosine kinase | Focal adhesion kinase 2 | CAK-beta | Related adhesion focal tyrosine kinase | CADTK | FAK2 | Proline-rich tyrosine kinase 2 | Cell adhesion kinase beta | PTK2B | RAFTK | FADK 2 | CAKB | Calcium-dependent tyrosine kinase,2.0,,Q14289,1|2,Q14289-1|Q14289-2
CHEMBL5508,Rattus norvegicus,Q63470,Protein kinase minibrain homolog | Dual specificity YAK1-related kinase | Dyrk1a | MNBH | RP86 | Dual specificity tyrosine-phosphorylation-regulated kinase 1A | Dyrk,2.0,,Q63470,Long|Short,Q63470-1|Q63470-2
CHEMBL5538,Mus musculus,Q9WVG6,Protein arginine N-methyltransferase 4 | Carm1 | Prmt4 | Histone-arginine methyltransferase CARM1 | Coactivator-associated arginine methyltransferase 1,2.0,,Q9WVG6,1|2,Q9WVG6-1|Q9WVG6-2
CHEMBL5541,Plasmodium falciparum,Q9XYC7,Histone deacetylase | HDAC1,1.0,,Q9XYC7,,
CHEMBL5543,Homo sapiens,Q9Y463,DYRK1B | Minibrain-related kinase | Mirk protein kinase | MIRK | Dual specificity tyrosine-phosphorylation-regulated kinase 1B,3.0,,Q9Y463,1|2|3,Q9Y463-1|Q9Y463-2|Q9Y463-3
CHEMBL5545,Homo sapiens,Q9Y4D2,Neural stem cell-derived dendrite regulator | DAGL-alpha | KIAA0659 | DGL-alpha | Sn1-specific diacylglycerol lipase alpha | Diacylglycerol lipase-alpha | C11orf11 | DAGLA | NSDDR,1.0,Optimum pH is 7.0.,Q9Y4D2,,
CHEMBL5567,Photinus pyralis,P08659,Luciferase | Luciferin 4-monooxygenase,1.0,,P08659,,
CHEMBL5568,Homo sapiens,P08922,ROS1 | ROS | MCF3 | Proto-oncogene c-Ros | Proto-oncogene c-Ros-1 | Proto-oncogene tyrosine-protein kinase ROS | c-Ros receptor tyrosine kinase | Receptor tyrosine kinase c-ros oncogene 1,1.0,,P08922,,
CHEMBL5575,Homo sapiens,Q15046,Lysine--tRNA ligase | KARS1 | LysRS | KARS | KIAA0070 | Lysyl-tRNA synthetase,2.0,,Q15046,Cytoplasmic|Mitochondrial,Q15046-1|Q15046-2
CHEMBL5604,Homo sapiens,Q15569,Dual specificity testis-specific protein kinase 1 | Testicular protein kinase 1 | TESK1,1.0,,Q15569,,
CHEMBL5606,Homo sapiens,Q15831,PJS | Serine/threonine-protein kinase STK11 | hLKB1 | Renal carcinoma antigen NY-REN-19 | Liver kinase B1 | LKB1 | STK11,2.0,,Q15831,1|2,Q15831-1|Q15831-2
CHEMBL5607,Homo sapiens,Q15835,Rhodopsin kinase GRK1 | RK | RHOK | GRK1 | G protein-coupled receptor kinase 1,1.0,,Q15835,,
CHEMBL5608,Homo sapiens,Q16288,NT-3 growth factor receptor | Trk-C | TRKC | TrkC tyrosine kinase | Neurotrophic tyrosine kinase receptor type 3 | GP145-TrkC | NTRK3,5.0,,Q16288,1|2|3|4|5,Q16288-1|Q16288-2|Q16288-3|Q16288-4|Q16288-5
CHEMBL5615,Homo sapiens,Q6DT37,MRCK gamma | CDC42-binding protein kinase gamma | MRCKG | Myotonic dystrophy protein kinase-like alpha | Myotonic dystrophy kinase-related CDC42-binding kinase gamma | CDC42BPG | DMPK2 | DMPK-like gamma | Myotonic dystrophy protein kinase-like gamma | Serine/threonine-protein kinase MRCK gamma,1.0,,Q6DT37,,
CHEMBL5043,Homo sapiens,Q6P179,ERAP2 | L-RAP | LRAP | Endoplasmic reticulum aminopeptidase 2 | Leukocyte-derived arginine aminopeptidase,4.0,,Q6P179,1|2|3|4,Q6P179-1|Q6P179-2|Q6P179-3|Q6P179-4
CHEMBL5044,Homo sapiens,Q6P3R8,Serine/threonine-protein kinase Nek5 | NimA-related protein kinase 5 | NEK5 | Never in mitosis A-related kinase 5,1.0,,Q6P3R8,,
CHEMBL5047,Homo sapiens,Q6PHR2,Unc-51-like kinase 3 | ULK3 | Serine/threonine-protein kinase ULK3,4.0,,Q6PHR2,1|2|3|4,Q6PHR2-1|Q6PHR2-2|Q6PHR2-3|Q6PHR2-4
CHEMBL5052,Homo sapiens,Q9Y5S2,CDC42BP-beta | MRCK beta | KIAA1124 | CDC42-binding protein kinase beta | CDC42BPB | Serine/threonine-protein kinase MRCK beta | Myotonic dystrophy protein kinase-like beta | Myotonic dystrophy kinase-related CDC42-binding kinase beta | DMPK-like beta,1.0,,Q9Y5S2,,
CHEMBL5080,Homo sapiens,Q9Y5X9,EL | EDL | Endothelial lipase | LIPG | Endothelial cell-derived lipase | Phospholipase A1,2.0,,Q9Y5X9,1|2,Q9Y5X9-1|Q9Y5X9-2
CHEMBL5082,Homo sapiens,Q9Y6E0,Serine/threonine-protein kinase 24 | STE20-like kinase MST3 | MST-3 | STK3 | MST3 | Mammalian STE20-like protein kinase 3 | STK24,2.0,,Q9Y6E0,B|A,Q9Y6E0-1|Q9Y6E0-2
CHEMBL5083,Homo sapiens,Q9Y6F1,ADP-ribosyltransferase diphtheria toxin-like 3 | NAD(+) ADP-ribosyltransferase 3 | Poly[ADP-ribose] synthase 3 | IRT1 | ADPRT3 | PARP-3 | ADPRT-3 | ADPRTL3 | ARTD3 | DNA ADP-ribosyltransferase PARP3 | hPARP-3 | Poly [ADP-ribose] polymerase 3 | pADPRT-3 | Protein mono-ADP-ribosyltransferase PARP3 | PARP3,2.0,,Q9Y6F1,1|2,Q9Y6F1-1|Q9Y6F1-2
CHEMBL5084,Homo sapiens,Q9Y6M4,CKI-gamma 3 | CSNK1G3 | Casein kinase I isoform gamma-3,6.0,,Q9Y6M4,1|2|3|4|5|6,Q9Y6M4-1|Q9Y6M4-2|Q9Y6M4-3|Q9Y6M4-4|Q9Y6M4-5|Q9Y6M4-6
CHEMBL5094,Klebsiella pneumoniae,P0AD64,bla | shv1 | PIT-2 | Beta-lactamase SHV-1,1.0,,P0AD64,,
CHEMBL5096,Staphylococcus aureus,P0A031,ftsZ | Cell division protein FtsZ,1.0,,P0A031,,
CHEMBL5122,Homo sapiens,Q16832, | NTRKR3 | DDR2 | CD167 antigen-like family member B | receptor-related 3 | Discoidin domain-containing receptor 2 | Receptor protein-tyrosine kinase TKT | Neurotrophic tyrosine kinase | Discoidin domain receptor 2 | TKT | TYRO10 | Discoidin domain-containing receptor tyrosine kinase 2 | Tyrosine-protein kinase TYRO10,1.0,,Q16832,,
CHEMBL5125,Rattus norvegicus,Q1HEC0,acetyl-CoA carboxylase | Acacb,1.0,,Q1HEC0,,
CHEMBL5158,Mus musculus,Q6QIY3,Sns | Sensory neuron sodium channel | Voltage-gated sodium channel subunit alpha Nav1.8 | Peripheral nerve sodium channel 3 | PN3 | Sodium channel protein type 10 subunit alpha | Scn10a | Sodium channel protein type X subunit alpha,3.0,,Q6QIY3,1|2|3,Q6QIY3-1|Q6QIY3-2|Q6QIY3-3
CHEMBL5160,Rattus norvegicus,Q6RI86,Transient receptor potential cation channel subfamily A member 1 | Trpa1 | Wasabi receptor | Ankyrin-like with transmembrane domains protein 1 | Anktm1,1.0,,Q6RI86,,
CHEMBL5162,Homo sapiens,Q6W5P4,G-protein coupled receptor 154 | G-protein coupled receptor PGR14 | Neuropeptide S receptor | GPRA | G-protein coupled receptor for asthma susceptibility | GPR154 | PGR14 | NPSR1,9.0,,Q6W5P4,1|2|3|4|5|6|7|8|9,Q6W5P4-1|Q6W5P4-2|Q6W5P4-3|Q6W5P4-4|Q6W5P4-5|Q6W5P4-6|Q6W5P4-7|Q6W5P4-8|Q6W5P4-9
CHEMBL5180,Mus musculus,Q6WQJ1,Kiaa0659 | Nsddr | Dagla | Neural stem cell-derived dendrite regulator | DAGL-alpha | DGL-alpha | Sn1-specific diacylglycerol lipase alpha | Diacylglycerol lipase-alpha,1.0,,Q6WQJ1,,
CHEMBL5183,Mus musculus,Q9Z1M0,ATP receptor | Purinergic receptor | P2X purinoceptor 7 | P2X7 | P2rx7 | P2x7 | P2Z receptor,1.0,,Q9Z1M0,,
CHEMBL5189,Clostridium perfringens,P10481,nanH | Neuraminidase | Sialidase,1.0,,P10481,,
CHEMBL5192,Clostridium botulinum,P0DPI0,Bontoxilysin-A | atx | Botulinum neurotoxin type A1 | botA | BoNT/A | Botulinum neurotoxin type A | BOTOX | bonT,1.0,,P0DPI0,,
CHEMBL5221,Rattus norvegicus,Q4G017,I-1 | Nisch | Imidazoline-1 receptor | Nischarin | I1R | IR1 | Imidazoline receptor 1,1.0,,Q4G017,,
CHEMBL5260,Homo sapiens,Q59H18,Serine/threonine-protein kinase TNNI3K | TNNI3K | CARK | Cardiac ankyrin repeat kinase | Cardiac troponin I-interacting kinase | TNNI3-interacting kinase,4.0,,Q59H18,2|1|3|4,Q59H18-2|Q59H18-1|Q59H18-3|Q59H18-4
CHEMBL5261,Homo sapiens,Q7L7X3,Prostate-derived STE20-like kinase 2 | TAOK1 | Prostate-derived sterile 20-like kinase 2 | PSK-2 | hKFC-B | MARKK | hTAOK1 | KIAA1361 | Thousand and one amino acid protein kinase 1 | Serine/threonine-protein kinase TAO1 | PSK2 | Kinase from chicken homolog B | MARK Kinase | MAP3K16,3.0,,Q7L7X3,1|2|3,Q7L7X3-1|Q7L7X3-2|Q7L7X3-3
CHEMBL5346,Mus musculus,P11344,Monophenol monooxygenase | Albino locus protein | Tyrosinase | Tyr,1.0,,P11344,,
CHEMBL5347,Homo sapiens,P11413,G6PD | Glucose-6-phosphate 1-dehydrogenase,3.0,,P11413,Short|Long|3,P11413-1|P11413-2|P11413-3
CHEMBL5348,Serratia marcescens,P11797,Chitinase B | chiB,1.0,,P11797,,
CHEMBL5351,Aliivibrio fischeri,P12746,luxR | Transcriptional activator protein LuxR,1.0,,P12746,,
CHEMBL5353,Mus musculus,P13516,Fatty acid desaturase 1 | Delta(9)-desaturase 1 | Acyl-CoA desaturase 1 | Delta-9 desaturase 1 | Stearoyl-CoA desaturase 1 | Scd1,1.0,,P13516,,
CHEMBL5396,Bacillus anthracis,P40136,ATP pyrophosphate-lyase | Adenylyl cyclase | EF | Anthrax edema toxin adenylate cyclase component | Calmodulin-sensitive adenylate cyclase | cya | Edema factor,1.0,,P40136,,
CHEMBL5402,Mus musculus,P42227,Signal transducer and activator of transcription 3 | Stat3 | Aprf | Acute-phase response factor,3.0,,P42227,Stat3A|Stat3B|Del-701,P42227-1|P42227-2|P42227-3
CHEMBL5404,Homo sapiens,Q86UE8,Serine/threonine-protein kinase tousled-like 2 | Tousled-like kinase 2 | PKU-alpha | HsHPK | TLK2,3.0,,Q86UE8,1|2|3,Q86UE8-1|Q86UE8-2|Q86UE8-3
CHEMBL5405,Homo sapiens,Q86UX6,Serine/threonine-protein kinase 32C | PKE | Yet another novel kinase 3 | YANK3 | STK32C,2.0,,Q86UX6,1|2,Q86UX6-1|Q86UX6-2
CHEMBL5406,Homo sapiens,Q86X55,Protein arginine N-methyltransferase 4 | PRMT4 | CARM1 | Histone-arginine methyltransferase CARM1 | Coactivator-associated arginine methyltransferase 1,3.0,,Q86X55,3|1|2,Q86X55-3|Q86X55-1|Q86X55-2
CHEMBL5426,Homo sapiens,Q86YV6,Myosin light chain kinase family member 4 | SGK085 | MYLK4 | SgK085 | Sugen kinase 85,2.0,,Q86YV6,1|2,Q86YV6-1|Q86YV6-2
CHEMBL5427,Homo sapiens,Q86Z02,HIPK1 | Nuclear body-associated kinase 2 | Homeodomain-interacting protein kinase 1 | MYAK | KIAA0630 | NBAK2,4.0,,Q86Z02,1|2|3|4,Q86Z02-1|Q86Z02-2|Q86Z02-3|Q86Z02-4
CHEMBL5432,Homo sapiens,Q8IVH8,MAPK/ERK kinase kinase kinase 3 | MEK kinase kinase 3 | Mitogen-activated protein kinase kinase kinase kinase 3 | GLK | RAB8IPL1 | MEKKK 3 | MAP4K3 | Germinal center kinase-related protein kinase,3.0,,Q8IVH8,1|2|3,Q8IVH8-1|Q8IVH8-2|Q8IVH8-3
CHEMBL5435,Homo sapiens,Q8IYT8,KIAA0623 | Serine/threonine-protein kinase ULK2 | ULK2 | Unc-51-like kinase 2,1.0,,Q8IYT8,,
CHEMBL5476,Homo sapiens,O00238, | BMP type-1B receptor | BMPR1B | BMPR-1B | Bone morphogenetic protein receptor type-1B,2.0,,O00238,1|2,O00238-1|O00238-2
CHEMBL5483,Homo sapiens,P14616,Insulin receptor-related protein | IR-related receptor | INSRR | IRR,1.0,,P14616,,
CHEMBL5485,Homo sapiens,P14920,D-amino-acid oxidase | DAO | DAMOX | DAAO,1.0,,P14920,,
CHEMBL5516,Homo sapiens,Q8N2K0,Monoacylglycerol lipase ABHD12 | 2-arachidonoylglycerol hydrolase ABHD12 | hABHD12 | Abhydrolase domain-containing protein 12 | C20orf22 | Lysophosphatidylserine lipase ABHD12 | Oxidized phosphatidylserine lipase ABHD12 | ABHD12,3.0,Optimum pH is 7.2-9 with 2-arachidonoyglycerol as substrate.,Q8N2K0,1|2|3,Q8N2K0-1|Q8N2K0-2|Q8N2K0-3
CHEMBL5517,Homo sapiens,Q8N474,FRP1 | FRP | SARP2 | SFRP1 | Secreted frizzled-related protein 1 | FRP-1 | SARP-2 | Secreted apoptosis-related protein 2 | sFRP-1,1.0,,Q8N474,,
CHEMBL5518,Homo sapiens,Q8N4C8,MINK | MAPK/ERK kinase kinase kinase 6 | MINK1 | MEK kinase kinase 6 | ZC3 | MEKKK 6 | Mitogen-activated protein kinase kinase kinase kinase 6 | B55 | MAP4K6 | GCK family kinase MiNK | Misshapen-like kinase 1 | YSK2 | Misshapen/NIK-related kinase,5.0,,Q8N4C8,3|1|2|4|5,Q8N4C8-1|Q8N4C8-2|Q8N4C8-3|Q8N4C8-4|Q8N4C8-5
CHEMBL5519,Homo sapiens,Q8N568,DCAMKL2 | DCLK2 | CLICK-II | CLICK2 | DCK2 | Serine/threonine-protein kinase DCLK2 | CL2 | Doublecortin domain-containing protein 3B | Doublecortin-like kinase 2 | Doublecortin-like and CAM kinase-like 2 | DCDC3B | CaMK-like CREB regulatory kinase 2,3.0,,Q8N568,1|2|3,Q8N568-1|Q8N568-2|Q8N568-3
CHEMBL5520,Homo sapiens,Q8N752,CKI-alpha-like | CK1 | CSNK1A1L | Casein kinase I isoform alpha-like,1.0,,Q8N752,,
CHEMBL5521,Homo sapiens,Q8NCG7,PUFA-specific triacylglycerol lipase | DGL-beta | KCCR13L | DAGLB | Diacylglycerol lipase-beta | DAGL-beta | Sn1-specific diacylglycerol lipase beta,4.0,Optimum pH is 7.0.,Q8NCG7,1|2|3|4,Q8NCG7-1|Q8NCG7-2|Q8NCG7-3|Q8NCG7-4
CHEMBL5546,Homo sapiens,Q8NEV4,Myosin-IIIa | MYO3A,2.0,,Q8NEV4,1|2,Q8NEV4-1|Q8NEV4-2
CHEMBL5552,Homo sapiens,O00506,Serine/threonine-protein kinase 25 | STK25 | Ste20-like kinase | SOK-1 | YSK1 | Ste20/oxidant stress response kinase 1 | Sterile 20/oxidant stress-response kinase 1 | SOK1,3.0,,O00506,1|2|3,O00506-1|O00506-2|O00506-3
CHEMBL5554,Homo sapiens,O00750,C2-PI3K | Phosphatidylinositol 4-phosphate 3-kinase C2 domain-containing subunit beta | PI3K-C2-beta | PIK3C2B | PtdIns-3-kinase C2 subunit beta | Phosphoinositide 3-kinase-C2-beta,1.0,,O00750,,
CHEMBL5555,Homo sapiens,O00767,SCD | FADS5 | Delta-9 desaturase | Acyl-CoA desaturase | SCD1 | SCDOS | Fatty acid desaturase | Delta(9)-desaturase | Stearoyl-CoA desaturase | hSCD1,1.0,,O00767,,
CHEMBL5579,Homo sapiens,O14578,CRIK | STK21 | Citron Rho-interacting kinase | KIAA0949 | Serine/threonine-protein kinase 21 | CIT,4.0,,O14578,1|2|3|4,O14578-1|O14578-2|O14578-3|O14578-4
CHEMBL5000,Mus musculus,P43117,Ptgfr | Prostanoid FP receptor | Prostaglandin F2-alpha receptor | PGF receptor | PGF2-alpha receptor,1.0,,P43117,,
CHEMBL5011,Rattus norvegicus,Q8R455,Transient receptor potential cation channel subfamily M member 8 | Cold menthol receptor 1 | Trpm8 | Cmr1,1.0,,Q8R455,,
CHEMBL5647,Macaca mulatta,Q8SPZ1,GNRHR | GnRH receptor | GnRH-R | Gonadotropin-releasing hormone receptor,1.0,,Q8SPZ1,,
CHEMBL5648,Plasmodium falciparum,Q8T9Z7,S-methyl-5'-thioinosine phosphorylase | PNP | Purine nucleoside phosphorylase,1.0,,Q8T9Z7,,
CHEMBL5650,Homo sapiens,Q8TDC3,Serine/threonine-protein kinase BRSK1 | SADB | BRSK1 | Serine/threonine-protein kinase SAD-B | Brain-specific serine/threonine-protein kinase 1 | SAD1 homolog | Brain-selective kinase 1 | BR serine/threonine-protein kinase 1 | Synapses of Amphids Defective homolog 1 | hSAD1 | KIAA1811 | SAD1,3.0,,Q8TDC3,1|2|3,Q8TDC3-1|Q8TDC3-2|Q8TDC3-3
CHEMBL5654,Homo sapiens,Q8WXR4,Myosin-IIIb | MYO3B,7.0,,Q8WXR4,1|2|3|4|5|6|7,Q8WXR4-1|Q8WXR4-2|Q8WXR4-3|Q8WXR4-4|Q8WXR4-5|Q8WXR4-6|Q8WXR4-7
CHEMBL5656,Mus musculus,Q91WC9,PUFA-specific triacylglycerol lipase | DGL-beta | Daglb | DAGLbeta | Diacylglycerol lipase-beta | Sn1-specific diacylglycerol lipase beta | DAGL-beta,1.0,,Q91WC9,,
CHEMBL5657,Mus musculus,Q91ZY2,HH4R | H4R | Histamine H4 receptor | Hrh4,1.0,,Q91ZY2,,
CHEMBL5658,Homo sapiens,O14684,MPGES1 | MGST1-L1 | Prostaglandin E synthase | MPGES-1 | Glutathione transferase PTGES | PIG12 | PGES | Glutathione peroxidase PTGES | MGST1L1 | Microsomal glutathione S-transferase 1-like 1 | p53-induced gene 12 protein | PTGES | Microsomal prostaglandin E synthase 1,1.0,,O14684,,
CHEMBL5661,Homo sapiens,O14980,CRM1 | Exportin-1 | Chromosome region maintenance 1 protein homolog | XPO1 | Exp1,1.0,,O14980,,
CHEMBL5683,Homo sapiens,O15075,Serine/threonine-protein kinase DCLK1 | Doublecortin domain-containing protein 3A | Doublecortin-like kinase 1 | DCAMKL1 | Doublecortin-like and CAM kinase-like 1 | DCLK1 | DCDC3A | KIAA0369,4.0,,O15075,2|1|3|4,O15075-1|O15075-2|O15075-3|O15075-4
CHEMBL5684,Homo sapiens,O15146,Muscle-specific tyrosine-protein kinase receptor | Muscle | Muscle-specific kinase receptor | MUSK | skeletal receptor tyrosine-protein kinase | MuSK,3.0,,O15146,1|2|3,O15146-1|O15146-2|O15146-3
CHEMBL5689,Homo sapiens,P17752,TRPH | Tryptophan 5-hydroxylase 1 | TPRH | TPH1 | Tryptophan 5-monooxygenase 1 | TPH,2.0,,P17752,1|2,P17752-1|P17752-2
CHEMBL5691,Bos taurus,P18493,ADPRT 1 | Poly [ADP-ribose] polymerase 1 | ADPRT | DNA ADP-ribosyltransferase PARP1 | Poly[ADP-ribose] synthase 1 | ADP-ribosyltransferase diphtheria toxin-like 1 | ARTD1 | NAD(+) ADP-ribosyltransferase 1 | PARP1 | PARP-1 | Protein poly-ADP-ribosyltransferase PARP1,1.0,,P18493,,
CHEMBL5695,Bos taurus,P19111,ALPI | Intestinal alkaline phosphatase | Intestinal-type alkaline phosphatase | IAP,1.0,,P19111,,
CHEMBL5719,Homo sapiens,P49336,Mediator of RNA polymerase II transcription subunit CDK8 | Cell division protein kinase 8 | Mediator complex subunit CDK8 | CDK8 | Cyclin-dependent kinase 8 | Protein kinase K35,2.0,,P49336,1|2,P49336-1|P49336-2
CHEMBL5720,Meleagris gallopavo,P49652,P2Y1 | ADP receptor | Purinergic receptor | 6H1 orphan receptor | P2Y purinoceptor 1 | P2RY1,1.0,,P49652,,
CHEMBL5747,Homo sapiens,Q92793,CREBBP | Histone lysine acetyltransferase CREBBP | Protein-lysine acetyltransferase CREBBP | CREB-binding protein | CBP,2.0,,Q92793,1|2,Q92793-1|Q92793-2
CHEMBL5750,Homo sapiens,Q92993,cPLA(2)-interacting protein | KAT5 | Protein 2-hydroxyisobutyryltransferase KAT5 | TIP60 | Histone acetyltransferase KAT5 | Lysine acetyltransferase 5 | Histone acetyltransferase HTATIP | Tip60 | Protein acetyltransferase KAT5 | Protein crotonyltransferase KAT5 | HIV-1 Tat interactive protein | 60 kDa Tat-interactive protein | HTATIP,4.0,,Q92993,2|1|3|4,Q92993-1|Q92993-2|Q92993-3|Q92993-4
CHEMBL5754,Homo sapiens,Q96L34,MAP/microtubule affinity-regulating kinase 4 | MAP/microtubule affinity-regulating kinase-like 1 | KIAA1860 | MARK4 | MARKL1,2.0,,Q96L34,1|2,Q96L34-1|Q96L34-2
CHEMBL5756,Rattus norvegicus,O35078,DAAO | DAO | Dao | DAMOX | Dao1 | D-amino-acid oxidase,1.0,,O35078,,
CHEMBL5774,Mus musculus,O35678,Mgll | MGL | Monoacylglycerol lipase | MAGL | Monoglyceride lipase,2.0,,O35678,1|2,O35678-1|O35678-2
CHEMBL5776,Homo sapiens,O43318,MAP3K7 | TGF-beta-activated kinase 1 | Mitogen-activated protein kinase kinase kinase 7 | Transforming growth factor-beta-activated kinase 1 | TAK1,4.0,,O43318,1B|1A|1C|1D,O43318-1|O43318-2|O43318-3|O43318-4
CHEMBL5784,Homo sapiens,O60285,ARK5 | KIAA0537 | Omphalocele kinase 1 | NUAK family SNF1-like kinase 1 | AMPK-related protein kinase 5 | OMPHK1 | NUAK1,2.0,,O60285,1|2,O60285-1|O60285-2
CHEMBL5810,Homo sapiens,P21709,EPH | hEpha1 | EPHA1 | EPH tyrosine kinase | EPHT | Ephrin type-A receptor 1 | EPH tyrosine kinase 1 | EPHT1 | Tyrosine-protein kinase receptor EPH | Erythropoietin-producing hepatoma receptor,3.0,,P21709,1|2|3,P21709-1|P21709-2|P21709-3
CHEMBL5815,Homo sapiens,P51686, | CCR9 | CC-CKR-9 | GPR-9-6 | CCR-9 | GPR28 | C-C CKR-9 | G-protein coupled receptor 28 | C-C chemokine receptor type 9,2.0,,P51686,1|2,P51686-1|P51686-2
CHEMBL5818,Homo sapiens,P51817,Serine/threonine-protein kinase PRKX | PrKX | Protein kinase X | Protein kinase PKX1 | cAMP-dependent protein kinase catalytic subunit PRKX | Protein kinase X-linked | PRKX | PKX1,1.0,,P51817,,
CHEMBL5819,Homo sapiens,P51957,Never in mitosis A-related kinase 4 | STK2 | Serine/threonine-protein kinase Nek4 | NEK4 | Serine/threonine-protein kinase NRK2 | Serine/threonine-protein kinase 2 | NimA-related protein kinase 4,3.0,,P51957,1|2|3,P51957-1|P51957-2|P51957-3
CHEMBL5847,Homo sapiens,P52895,DDH2 | Type III 3-alpha-hydroxysteroid dehydrogenase | Chlordecone reductase homolog HAKRD | DD-2 | DD2 | AKR1C2 | Dihydrodiol dehydrogenase 2 | 3-alpha-HSD3 | Dihydrodiol dehydrogenase/bile acid-binding protein | DD/BABP | Aldo-keto reductase family 1 member C2,2.0,,P52895,1|2,P52895-1|P52895-2
CHEMBL5850,Homo sapiens,Q96LB2,SNSR4 | MRGPRX1 | Sensory neuron-specific G-protein coupled receptor 3/4 | Mas-related G-protein coupled receptor member X1 | MRGX1 | SNSR3,1.0,,Q96LB2,,
CHEMBL5853,Homo sapiens,Q96PD7,DGAT2 | Diglyceride acyltransferase 2 | Diacylglycerol O-acyltransferase 2 | ARAT | Acyl-CoA retinol O-fatty-acyltransferase | Retinol O-fatty-acyltransferase,2.0,,Q96PD7,1|2,Q96PD7-1|Q96PD7-2
CHEMBL5855,Homo sapiens,Q96PY6,Serine/threonine-protein kinase Nek1 | Renal carcinoma antigen NY-REN-55 | NEK1 | KIAA1901 | Never in mitosis A-related kinase 1 | NimA-related protein kinase 1,6.0,,Q96PY6,1|2|3|4|5|6,Q96PY6-1|Q96PY6-2|Q96PY6-3|Q96PY6-4|Q96PY6-5|Q96PY6-6
CHEMBL5888,Homo sapiens,Q99558,MAP3K14 | Mitogen-activated protein kinase kinase kinase 14 | NIK | Serine/threonine-protein kinase NIK | HsNIK | NF-kappa-beta-inducing kinase,1.0,,Q99558,,
CHEMBL5891,Homo sapiens,O60678,Protein arginine N-methyltransferase 3 | PRMT3 | HRMT1L3 | Heterogeneous nuclear ribonucleoprotein methyltransferase-like protein 3,2.0,,O60678,1|2,O60678-1|O60678-2
CHEMBL5925,Homo sapiens,P22413,Membrane component chromosome 6 surface marker 1 | Ectonucleotide pyrophosphatase/phosphodiesterase family member 1 | ENPP1 | E-NPP 1 | NPPS | PDNP1 | Phosphodiesterase I/nucleotide pyrophosphatase 1 | PC1 | Plasma-cell membrane glycoprotein PC-1 | M6S1,1.0,,P22413,,
CHEMBL5932,Homo sapiens,P53671,LIM domain kinase 2 | LIMK-2 | LIMK2,3.0,,P53671,LIMK2a|LIMK2b|3,P53671-1|P53671-2|P53671-3
CHEMBL5963,Homo sapiens,P55085,Proteinase-activated receptor 2 | PAR2 | Thrombin receptor-like 1 | F2RL1 | PAR-2 | G-protein coupled receptor 11 | Coagulation factor II receptor-like 1 | GPR11,1.0,,P55085,,
CHEMBL5970,Homo sapiens,Q99759,MAP3K3 | MEKK3 | MAPKKK3 | MAPK/ERK kinase kinase 3 | MEK kinase 3 | MEKK 3 | Mitogen-activated protein kinase kinase kinase 3,2.0,,Q99759,1|2,Q99759-1|Q99759-2
CHEMBL5971,Homo sapiens,Q99835,Protein smoothened | SMOH | Protein Gx | SMO,1.0,,Q99835,,
CHEMBL5973,Mus musculus,Q99N23,Car15 | Carbonate dehydratase XV | CA-XV | Carbonic anhydrase XV | Ca15 | Carbonic anhydrase 15,1.0,,Q99N23,,
CHEMBL6003,Homo sapiens,Q9BXA7,STK22A | Serine/threonine-protein kinase 22A | STK22D | Testis-specific kinase 1 | TSSK-1 | SPOGA1 | TSSK1B | TSK1 | TSSK1 | SPOGA4 | Testis-specific serine/threonine-protein kinase 1 | TSK-1,1.0,,Q9BXA7,,
CHEMBL6005,Homo sapiens,Q9BYT3,Serine/threonine-protein kinase 33 | STK33,2.0,,Q9BYT3,1|2,Q9BYT3-1|Q9BYT3-2
CHEMBL6006,Homo sapiens,O75385,ATG1 | hATG1 | Autophagy-related protein 1 homolog | Unc-51-like kinase 1 | KIAA0722 | ULK1 | Serine/threonine-protein kinase ULK1,1.0,,O75385,,
CHEMBL6007,Homo sapiens,O75762,Transient receptor potential cation channel subfamily A member 1 | Transformation-sensitive protein p120 | ANKTM1 | TRPA1 | Wasabi receptor | Ankyrin-like with transmembrane domains protein 1 | p120,1.0,,O75762,,
CHEMBL6009,Homo sapiens,O75907,DGAT | AGRP1 | Diacylglycerol O-acyltransferase 1 | ACAT-related gene product 1 | Acyl-CoA retinol O-fatty-acyltransferase | Retinol O-fatty-acyltransferase | Diglyceride acyltransferase | ARAT | DGAT1,1.0,,O75907,,
CHEMBL6011,Ovis aries,O78749,COI | COXI | MTCO1 | Cytochrome c oxidase subunit 1 | MT-CO1 | Cytochrome c oxidase polypeptide I,1.0,,O78749,,
CHEMBL6012,Mus musculus,O88351,Ikbkb | IKK2 | IkBKB | NFKBIKB | I-kappa-B-kinase beta | IKK-beta | Inhibitor of nuclear factor kappa-B kinase subunit beta | Ikkb | IKK-B | Nuclear factor NF-kappa-B inhibitor kinase beta | I-kappa-B kinase 2 | Serine/threonine protein kinase IKBKB,1.0,,O88351,,
CHEMBL6013,Mus musculus,O88693,GLCT-1 | Glucosylceramide synthase | Ceramide glucosyltransferase | UDP-glucose:N-acylsphingosine D-glucosyltransferase | GCS | Glycosylceramide synthase | UDP-glucose ceramide glucosyltransferase | Ugcg,1.0,,O88693,,
CHEMBL6080,Mus musculus,P56726,Protein smoothened | Smo | Smoh,1.0,,P56726,,
CHEMBL6082,Homo sapiens,P57059,SNF1LK | SIK | Serine/threonine-protein kinase SNF1-like kinase 1 | Serine/threonine-protein kinase SNF1LK | SIK1 | Salt-inducible kinase 1 | Serine/threonine-protein kinase SIK1 | SIK-1,1.0,,P57059,,
CHEMBL6084,Lymnaea stagnalis,P58154,AchBP | Acetylcholine-binding protein | ACh-binding protein,1.0,,P58154,,
CHEMBL6094,Homo sapiens,P63000,TC25 | Ras-like protein TC25 | Cell migration-inducing gene 5 protein | Ras-related C3 botulinum toxin substrate 1 | RAC1 | p21-Rac1,2.0,,P63000,A|B,P63000-1|P15154-1|P63000-2|P15154-2
CHEMBL6126,Mus musculus,Q9EPK8,Vanilloid receptor-related osmotically-activated channel | Transient receptor potential cation channel subfamily V member 4 | Vrl2 | Transient receptor potential protein 12 | Osm-9-like TRP channel 4 | TrpV4 | TRP12 | Vanilloid receptor-like channel 2 | VR-OAC | OTRPC4 | Trp12 | Vroac | Vanilloid receptor-like protein 2 | Trpv4,1.0,,Q9EPK8,,
CHEMBL6129,Rattus norvegicus,Q9ERM3,Diglyceride acyltransferase | Diacylglycerol O-acyltransferase 1 | Dgat | Acyl-CoA retinol O-fatty-acyltransferase | Retinol O-fatty-acyltransferase | Dgat1 | ARAT,1.0,,Q9ERM3,,
CHEMBL6132,Klebsiella pneumoniae,Q9F663,kpc1 | bla | kpc | Carbapenem-hydrolyzing beta-lactamase KPC | Carbapenem-hydrolyzing beta-lactamase KPC-1,1.0,,Q9F663,,
CHEMBL6164,Homo sapiens,O95271,PARPL | TNKS-1 | Poly [ADP-ribose] polymerase tankyrase-1 | TANK1 | Tankyrase-1 | Poly [ADP-ribose] polymerase 5A | TNKS | ADP-ribosyltransferase diphtheria toxin-like 5 | ARTD5 | TIN1 | TNKS1 | PARP5A | Tankyrase I | TINF1 | Protein poly-ADP-ribosyltransferase tankyrase-1 | TRF1-interacting ankyrin-related ADP-ribose polymerase,2.0,,O95271,1|2,O95271-1|O95271-2
CHEMBL6166,Homo sapiens,O95819,HGK | MAPK/ERK kinase kinase kinase 4 | MAP4K4 | HPK/GCK-like kinase HGK | NIK | KIAA0687 | Nck-interacting kinase | MEK kinase kinase 4 | MEKKK 4 | Mitogen-activated protein kinase kinase kinase kinase 4,6.0,,O95819,1|2|3|4|5|6,O95819-1|O95819-2|O95819-3|O95819-4|O95819-5|O95819-6
CHEMBL6167,Homo sapiens,O95835,Serine/threonine-protein kinase LATS1 | WARTS | WARTS protein kinase | LATS1 | h-warts | Large tumor suppressor homolog 1,2.0,,O95835,1|2,O95835-1|O95835-2
CHEMBL6172,Sus scrofa,P00371,D-amino-acid oxidase | DAO | DAMOX | DAAO,1.0,,P00371,,
CHEMBL6174,Homo sapiens,P00403,COX2 | MT-CO2 | Cytochrome c oxidase subunit 2 | COXII | MTCO2 | Cytochrome c oxidase polypeptide II | COII,1.0,,P00403,,
CHEMBL5619,Homo sapiens,P27695,APX | APEX1 | REF1 | DNA-(apurinic or apyrimidinic site) endonuclease | APEX nuclease | REF-1 | HAP1 | APE-1 | AP endonuclease 1 | APE | APEX | Redox factor-1 | APE1 | APEN | Apurinic-apyrimidinic endonuclease 1,1.0,,P27695,,
CHEMBL5620,Homo sapiens,P28062,Proteasome subunit beta type-8 | Y2 | PSMB5i | PSMB8 | LMP7 | RING10 | Really interesting new gene 10 protein | Multicatalytic endopeptidase complex subunit C13 | Proteasome subunit beta-5i | Low molecular mass protein 7 | Proteasome component C13 | Macropain subunit C13,2.0,,P28062,1|2,P28062-1|P28062-2
CHEMBL5624,Sus scrofa,P28839,Proline aminopeptidase | Cytosol aminopeptidase | LAP3 | Prolyl aminopeptidase | Leucine aminopeptidase 3 | LAP-3 | Cysteinylglycine-S-conjugate dipeptidase | Leucyl aminopeptidase,1.0,,P28839,,
CHEMBL5627,Homo sapiens,P29376,Leukocyte tyrosine kinase receptor | LTK | TYK1 | Protein tyrosine kinase 1,5.0,,P29376,Lambda P2|Lambda P1|Lambda P3|2|5,P29376-1|P29376-2|P29376-3|P29376-4|P29376-5
CHEMBL5630,Mycobacterium tuberculosis,P9WNS1,1-deoxy-D-xylulose 5-phosphate reductoisomerase | dxr | DXP reductoisomerase | 2-C-methyl-D-erythritol 4-phosphate synthase | 1-deoxyxylulose-5-phosphate reductoisomerase,1.0,,P9WNS1,,
CHEMBL5631,Mycobacterium tuberculosis,P9WPJ7,mtcA1 | Beta-CA 1 | canA | mtCA 1 | Beta-carbonic anhydrase 1 | Carbonate dehydratase 1,1.0,,P9WPJ7,,
CHEMBL5668,Homo sapiens,P78362,SFRS protein kinase 2 | SRSF protein kinase 2 | SRPK2 | SR-protein-specific kinase 2 | Serine/arginine-rich protein-specific kinase 2,2.0,,P78362,1|2,P78362-1|P78362-2
CHEMBL5671,Homo sapiens,P80370,DLK | Protein delta homolog 1 | DLK-1 | DLK1 | pG2,2.0,,P80370,Long|Short,P80370-1|P80370-2
CHEMBL5697,Homo sapiens,Q9GZT9,Egl nine homolog 1 | PHD2 | SM-20 | C1orf12 | HPH-2 | Hypoxia-inducible factor prolyl hydroxylase 2 | Prolyl hydroxylase domain-containing protein 2 | HIF-PH2 | EGLN1 | HIF-prolyl hydroxylase 2,3.0,,Q9GZT9,1|2|3,Q9GZT9-1|Q9GZT9-2|Q9GZT9-3
CHEMBL5698,Homo sapiens,Q9H093,NUAK2 | NUAK family SNF1-like kinase 2 | SNF1/AMP kinase-related kinase | OMPHK2 | SNARK | Omphalocele kinase 2,1.0,,Q9H093,,
CHEMBL5699,Homo sapiens,Q9H0K1,Serine/threonine-protein kinase SIK2 | SIK-2 | QIK | SNF1LK2 | KIAA0781 | Salt-inducible kinase 2 | Qin-induced kinase | SIK2 | Serine/threonine-protein kinase SNF1-like kinase 2,1.0,,Q9H0K1,,
CHEMBL5701,Homo sapiens,Q9H2K8,CTCL-associated antigen HD-CL-09 | DPK | Kinase from chicken homolog A | TAOK3 | MAP3K18 | hKFC-A | Jun kinase-inhibitory kinase | Cutaneous T-cell lymphoma-associated antigen HD-CL-09 | JIK | Dendritic cell-derived protein kinase | JNK/SAPK-inhibitory kinase | Thousand and one amino acid protein 3 | KDS | Serine/threonine-protein kinase TAO3,1.0,,Q9H2K8,,
CHEMBL5703,Homo sapiens,Q9H3Y6,Tyrosine-protein kinase Srms | SRMS | C20orf148,1.0,,Q9H3Y6,,
CHEMBL5705,Homo sapiens,Q9H6Z9,EGLN3 | Prolyl hydroxylase domain-containing protein 3 | HPH-1 | Egl nine homolog 3 | HIF-PH3 | PHD3 | HPH-3 | Prolyl hydroxylase EGLN3 | HIF-prolyl hydroxylase 3 | Hypoxia-inducible factor prolyl hydroxylase 3,1.0,,Q9H6Z9,,
CHEMBL5730,Sus scrofa,P00690,"PA | 1,4-alpha-D-glucan glucanohydrolase | Pancreatic alpha-amylase | AMY2",1.0,,P00690,,
CHEMBL5742,Homo sapiens,P30536,MBR | TSPO | Mitochondrial benzodiazepine receptor | BZRP | Translocator protein | PBR | Peripheral-type benzodiazepine receptor | PKBS,2.0,,P30536,1|2,P30536-1|B1AH88-1
CHEMBL5761,Mus musculus,P31482,GIIC sPLA2 | membrane associated | Phosphatidylcholine 2-acylhydrolase 2A | Group IIA phospholipase A2 | Pla2g2a | EF | Phospholipase A2 | Enhancing factor,1.0,,P31482,,
CHEMBL5763,Equus caballus,P81908,Acylcholine acylhydrolase | Choline esterase II | Cholinesterase | BCHE | Butyrylcholine esterase | Pseudocholinesterase | EQ-BCHE,1.0,,P81908,,
CHEMBL5767,Mycobacterium tuberculosis,P96878,Rv3273 | carbonic anhydrase,1.0,,P96878,,
CHEMBL5768,Mus musculus,P97287,Induced myeloid leukemia cell differentiation protein Mcl-1 homolog | Bcl-2-related protein EAT/mcl1 | Mcl1,2.0,,P97287,1|2,P97287-1|P97287-2
CHEMBL5769,Mus musculus,P97321,Fibroblast activation protein alpha | Fap | Surface-expressed protease | Serine integral membrane protease | Integral membrane serine protease | FAPalpha | Dipeptidyl peptidase FAP | Prolyl endopeptidase FAP | SIMP | Gelatine degradation protease FAP | Seprase | Post-proline cleaving enzyme,3.0,,P97321,1|2|3,P97321-1|P97321-2|P97321-3
CHEMBL5794,Homo sapiens,Q9HBY8,Serine/threonine-protein kinase Sgk2 | Serum/glucocorticoid-regulated kinase 2 | SGK2,3.0,,Q9HBY8,1|2|3,Q9HBY8-2|Q9HBY8-1|Q9HBY8-3
CHEMBL5861,Homo sapiens,P32298,GRK4 | ITI1 | G protein-coupled receptor kinase GRK4 | GPRK2L | GPRK4 | G protein-coupled receptor kinase 4,4.0,,P32298,1|2|3|4,P32298-1|P32298-2|P32298-3|P32298-4
CHEMBL5865,Agrobacterium tumefaciens,P33905,Transcriptional activator protein TraR | traR,1.0,,P33905,,
CHEMBL5868,Homo sapiens,P35398,NR1F1 | RORA | Nuclear receptor ROR-alpha | Nuclear receptor subfamily 1 group F member 1 | RZRA | Retinoid-related orphan receptor-alpha | RAR-related orphan receptor A | Nuclear receptor RZR-alpha,4.0,,P35398,1|2|3|4,P35398-2|P35398-1|P35398-3|P35398-4
CHEMBL5903,Homo sapiens,Q04771,Activin receptor type-1 | TSR-I | TGF-B superfamily receptor type I | ACTR-I | Activin receptor type I | Activin receptor-like kinase 2 | ALK-2 | ACVR1 | Serine/threonine-protein kinase receptor R1 | SKR1 | ACVRLK2,1.0,,Q04771,,
CHEMBL5905,Homo sapiens,Q04828,20-alpha-hydroxysteroid dehydrogenase | DDH | DD1 | High-affinity hepatic bile acid-binding protein | Chlordecone reductase homolog HAKRC | HBAB | AKR1C1 | Aldo-keto reductase family 1 member C1 | Dihydrodiol dehydrogenase 1 | DDH1 | 20-alpha-HSD,1.0,,Q04828,,
CHEMBL5907,Homo sapiens,Q9NRM7,Serine/threonine-protein kinase kpm | Large tumor suppressor homolog 2 | Kinase phosphorylated during mitosis protein | Serine/threonine-protein kinase LATS2 | KPM | LATS2 | Warts-like kinase,1.0,,Q9NRM7,,
CHEMBL5912,Homo sapiens,Q9NY57,Serine/threonine-protein kinase 32B | YANK2 | Yet another novel kinase 2 | STK32B,2.0,,Q9NY57,1|2,Q9NY57-1|Q9NY57-2
CHEMBL5938,Homo sapiens,Q9NYY3,Serine/threonine-protein kinase SNK | PLK2 | Serine/threonine-protein kinase PLK2 | hPlk2 | Serum-inducible kinase | hSNK | SNK | Polo-like kinase 2 | PLK-2,1.0,,Q9NYY3,,
CHEMBL5939,Homo sapiens,Q9NZ08,Type 1 tumor necrosis factor receptor shedding aminopeptidase regulator | ARTS-1 | PILS-AP | Puromycin-insensitive leucyl-specific aminopeptidase | Aminopeptidase PILS | Adipocyte-derived leucine aminopeptidase | Endoplasmic reticulum aminopeptidase 1 | ARTS1 | KIAA0525 | ERAP1 | A-LAP | APPILS,2.0,,Q9NZ08,1|2,Q9NZ08-1|Q9NZ08-2
CHEMBL5940,Homo sapiens,Q9P0L2,MAP/microtubule affinity-regulating kinase 1 | KIAA1477 | Serine/threonine-protein kinase MARK1 | MARK | Par-1c | PAR1 homolog c | MARK1 | Par1c,3.0,,Q9P0L2,1|2|3,Q9P0L2-1|Q9P0L2-2|Q9P0L2-3
CHEMBL5941,Homo sapiens,Q9P289,Serine/threonine-protein kinase 26 | Mammalian STE20-like protein kinase 4 | MST4 | STK26 | MST3 and SOK1-related kinase | MASK | Serine/threonine-protein kinase MASK | MST-4 | STE20-like kinase MST4,3.0,,Q9P289,1|2|3,Q9P289-1|Q9P289-2|Q9P289-3
CHEMBL5979,Homo sapiens,P05186,AP-TNAP | ALPL | Phosphoamidase | TNSALP | Phosphocreatine phosphatase | Alkaline phosphatase | Alkaline phosphatase liver/bone/kidney isozyme | tissue-nonspecific isozyme | TNS-ALP,3.0,,P05186,1|2|3,P05186-1|P05186-2|P05186-3
CHEMBL6014,Homo sapiens,Q96PF2,Serine/threonine-protein kinase 22B | DGSG | SPOGA2 | DGS-G | TSK2 | DiGeorge syndrome protein G | Testis-specific serine/threonine-protein kinase 2 | TSSK-2 | TSK-2 | TSSK2 | STK22B | Testis-specific kinase 2,1.0,,Q96PF2,,
CHEMBL6054,Homo sapiens,Q96RG2,PASKIN | PAS domain-containing serine/threonine-protein kinase | PASK | hPASK | PAS-kinase | KIAA0135,3.0,,Q96RG2,1|2|3,Q96RG2-1|Q96RG2-2|Q96RG2-4
CHEMBL6056,Callithrix jacchus,Q9TSZ1,Angiotensinogenase | REN | Renin,1.0,,Q9TSZ1,,
CHEMBL6095,Homo sapiens,Q9UBC3,M.HsaIIIB | DNA methyltransferase HsaIIIB | DNA MTase HsaIIIB | DNA (cytosine-5)-methyltransferase 3B | Dnmt3b | DNMT3B,8.0,,Q9UBC3,1|2|3|4|5|6|7|8,Q9UBC3-1|Q9UBC3-2|Q9UBC3-3|Q9UBC3-4|Q9UBC3-5|Q9UBC3-6|Q9UBC3-7|Q9UBC3-8
CHEMBL5645,Cavia porcellus,Q2NNR5,LTD4 receptor | CYSLTR1 | CysLTR1 | Cysteinyl leukotriene D4 receptor | Cysteinyl leukotriene receptor 1,1.0,,Q2NNR5,,
CHEMBL5678,Homo sapiens,P34947,GRK5 | G protein-coupled receptor kinase GRK5 | GPRK5 | G protein-coupled receptor kinase 5,1.0,,P34947,,
CHEMBL5679,Homo sapiens,P51956,Serine/threonine-protein kinase Nek3 | NimA-related protein kinase 3 | HSPK 36 | NEK3 | Never in mitosis A-related kinase 3,2.0,,P51956,1|2,P51956-1|P51956-2
CHEMBL6136,Homo sapiens,O60341,Lysine-specific histone demethylase 1A | KDM1A | [histone H3]-dimethyl-L-lysine(4) FAD-dependent demethylase 1A | BRAF35-HDAC complex protein BHC110 | KDM1 | Flavin-containing amine oxidase domain-containing protein 2 | LSD1 | KIAA0601 | AOF2,2.0,,O60341,1|2,O60341-1|O60341-2
CHEMBL6137,Escherichia coli,C3SWJ7,TS | TSase | thyA | Thymidylate synthase,1.0,,C3SWJ7,,
CHEMBL6138,Homo sapiens,Q6B0I6,Lysine-specific demethylase 4D | KDM4D | JHDM3D | [histone H3]-trimethyl-L-lysine(9) demethylase 4D | JmjC domain-containing histone demethylation protein 3D | JMJD2D | Jumonji domain-containing protein 2D,1.0,,Q6B0I6,,
CHEMBL6142,Homo sapiens,Q9UKK3,Protein mono-ADP-ribosyltransferase PARP4 | PARPL | ADP-ribosyltransferase diphtheria toxin-like 4 | ADPRTL1 | 193 kDa vault protein | Vault poly(ADP-ribose) polymerase | ARTD4 | PH5P | PARP4 | PARP-related/IalphaI-related H5/proline-rich | Poly [ADP-ribose] polymerase 4 | PARP-4 | KIAA0177 | VPARP,1.0,,Q9UKK3,,
CHEMBL6144,Homo sapiens,P43250,GPRK6 | G protein-coupled receptor kinase GRK6 | G protein-coupled receptor kinase 6 | GRK6,3.0,,P43250,GRK6A|GRK6B|GRK6C,P43250-1|P43250-2|P43250-3
CHEMBL6145,Cryptosporidium parvum,Q8T6T2,Inosine-5'-monophosphate dehydrogenase | 56k.02 | IMP dehydrogenase | IMPD | IMPDH,1.0,,Q8T6T2,,
CHEMBL6175,Homo sapiens,Q9H3R0,GASC1 | JMJD2C | KDM4C | Jumonji domain-containing protein 2C | Gene amplified in squamous cell carcinoma 1 protein | JmjC domain-containing histone demethylation protein 3C | [histone H3]-trimethyl-L-lysine(9) demethylase 4C | JHDM3C | KIAA0780 | Lysine-specific demethylase 4C | GASC-1 protein,4.0,,Q9H3R0,1|2|3|4,Q9H3R0-1|Q9H3R0-2|Q9H3R0-3|Q9H3R0-4
CHEMBL6186,Homo sapiens,Q96BR1,SGK3 | SGKL | Cytokine-independent survival kinase | Serine/threonine-protein kinase Sgk3 | Serum/glucocorticoid-regulated kinase 3 | Serum/glucocorticoid-regulated kinase-like | CISK,2.0,,Q96BR1,1|2,Q96BR1-1|Q96BR1-2
CHEMBL5636,Oryctolagus cuniculus,P29338,Eukaryotic translation initiation factor 4E | EIF4E | mRNA cap-binding protein | eIF4E | eIF-4F 25 kDa subunit | eIF-4E,1.0,,P29338,,
CHEMBL5638,Homo sapiens,Q8NG66,Serine/threonine-protein kinase Nek11 | Never in mitosis A-related kinase 11 | NimA-related protein kinase 11 | NEK11,4.0,,Q8NG66,1|2|3|4,Q8NG66-1|Q8NG66-2|Q8NG66-3|Q8NG66-4
CHEMBL5639,Homo sapiens,Q9Y3S1,PRKWNK2 | Protein kinase with no lysine 2 | WNK2 | Serine/threonine-protein kinase WNK2 | Serologically defined colon cancer antigen 43 | KIAA1760 | SDCCAG43 | Antigen NY-CO-43 | Protein kinase lysine-deficient 2,4.0,,Q9Y3S1,1|2|3|4,Q9Y3S1-1|Q9Y3S1-2|Q9Y3S1-3|Q9Y3S1-4
CHEMBL1075051,Bos taurus,P00376,Dihydrofolate reductase | DHFR,1.0,,P00376,,
CHEMBL5957,Homo sapiens,P21589, | 5'-NT | 5'-nucleotidase | Thymidylate 5'-phosphatase | IMP-specific 5'-nucleotidase | NT5E | 5'-deoxynucleotidase | Ecto-5'-nucleotidase | NTE | NT5,2.0,,P21589,1|2,P21589-1|P21589-2
CHEMBL5983,Homo sapiens,O60218,SI reductase | AKR1B11 | Aldo-keto reductase family 1 member B10 | hARP | Aldose reductase-like | ARL-1 | Small intestine reductase | Aldose reductase-related protein | AKR1B10 | ARP,1.0,,O60218,,
CHEMBL5993,Homo sapiens,O15528,25-hydroxyvitamin D-1 alpha hydroxylase | CYP27B1 | 25-hydroxyvitamin D(3) 1-alpha-hydroxylase | CYP1ALPHA | Cytochrome P450VD1-alpha | Cytochrome P450 subfamily XXVIIB polypeptide 1 | CYP27B | Cytochrome P450C1 alpha | Cytochrome p450 27B1 | Calcidiol 1-monooxygenase | VD3 1A hydroxylase | 25-OHD-1 alpha-hydroxylase | mitochondrial,1.0,,O15528,,
CHEMBL6031,Homo sapiens,Q9H9B1,EHMT1 | EUHMTASE1 | GLP | G9a-like protein 1 | Lysine N-methyltransferase 1D | Euchromatic histone-lysine N-methyltransferase 1 | Histone-lysine N-methyltransferase EHMT1 | KIAA1876 | GLP1 | Histone H3-K9 methyltransferase 5 | Eu-HMTase1 | KMT1D | H3-K9-HMTase 5,4.0,,Q9H9B1,1|2|3|4,Q9H9B1-1|Q9H9B1-2|Q9H9B1-3|Q9H9B1-4
CHEMBL6032,Homo sapiens,Q96KQ7,Histone-lysine N-methyltransferase EHMT2 | Histone H3-K9 methyltransferase 3 | NG36 | EHMT2 | C6orf30 | BAT8 | G9A | H3-K9-HMTase 3 | Euchromatic histone-lysine N-methyltransferase 2 | Lysine N-methyltransferase 1C | KMT1C | HLA-B-associated transcript 8 | Protein G9a,3.0,,Q96KQ7,1|2|3,Q96KQ7-1|Q96KQ7-2|Q96KQ7-3
CHEMBL5838,Homo sapiens,P21860,Receptor tyrosine-protein kinase erbB-3 | Tyrosine kinase-type cell surface receptor HER3 | ERBB3 | HER3 | Proto-oncogene-like protein c-ErbB-3,5.0,,P21860,1|2|3|4|5,P21860-1|P21860-2|P21860-3|P21860-4|P21860-5
CHEMBL5840,Homo sapiens,O60427,Acyl-CoA (8-3)-desaturase | FADSD5 | Fatty acid desaturase 1 | Delta(5) fatty acid desaturase | Delta(5) desaturase | D5D | FADS1 | Delta-5 desaturase,2.0,,O60427,1|2,O60427-1|O60427-2
CHEMBL5845,Homo sapiens,P23415,Glycine receptor 48 kDa subunit | GLRA1 | Glycine receptor subunit alpha-1 | Glycine receptor strychnine-binding subunit,2.0,,P23415,a|b,P23415-1|P23415-2
CHEMBL5872,Homo sapiens,Q99527,Lymphocyte-derived G-protein coupled receptor | GPCR-Br | FEG-1 | G protein-coupled estrogen receptor 1 | DRY12 | Chemoattractant receptor-like 2 | GPR30 | Flow-induced endothelial G-protein coupled receptor 1 | LYGPR | G-protein coupled receptor 30 | G-protein coupled estrogen receptor 1 | Membrane estrogen receptor | CMKRL2 | IL8-related receptor DRY12 | GPER1 | mER | GPER | CEPR,1.0,,Q99527,,
CHEMBL5877,Homo sapiens,P07686,Cervical cancer proto-oncogene 7 protein | N-acetyl-beta-glucosaminidase subunit beta | Hexosaminidase subunit B | Beta-hexosaminidase subunit beta | HCC-7 | Beta-N-acetylhexosaminidase subunit beta | HEXB,1.0,Optimum pH is 4.,P07686,,
CHEMBL5879,Homo sapiens,O60760,Hematopoietic prostaglandin D synthase | H-PGDS | Glutathione-requiring prostaglandin D synthase | Glutathione-dependent PGD synthase | GSTS | PGDS | Prostaglandin-H2 D-isomerase | GST class-sigma | Glutathione S-transferase | PTGDS2 | HPGDS,1.0,,O60760,,
CHEMBL5914,Homo sapiens,Q9Y2U5,Mitogen-activated protein kinase kinase kinase 2 | MEK kinase 2 | MEKK 2 | MAPK/ERK kinase kinase 2 | MEKK2 | MAPKKK2 | MAP3K2,1.0,,Q9Y2U5,,
CHEMBL5917,Homo sapiens,P40926,mitochondrial | Malate dehydrogenase | MDH2,2.0,,P40926,1|2,P40926-1|P40926-2
CHEMBL5921,Homo sapiens,O60502,KIAA0679 | OGA | Protein O-GlcNAcase | MEA5 | Beta-N-acetylglucosaminidase | Beta-N-acetylhexosaminidase | Beta-hexosaminidase | N-acetyl-beta-D-glucosaminidase | NCOAT | Meningioma-expressed antigen 5 | Nuclear cytoplasmic O-GlcNAcase and acetyltransferase | HEXC | MGEA5 | N-acetyl-beta-glucosaminidase,4.0,Optimum pH is 5.7-7.,O60502,1|2|3|4,O60502-1|O60502-2|O60502-3|O60502-4
CHEMBL5951,Homo sapiens,Q9GZQ6,G-protein coupled receptor 147 | NPFFR1 | GPR147 | RFamide-related peptide receptor OT7T022 | Neuropeptide FF receptor 1 | NPFF1,1.0,,Q9GZQ6,,
CHEMBL5952,Homo sapiens,Q9Y5X5,NPFFR2 | NPFF2 | Neuropeptide G-protein coupled receptor | G-protein coupled receptor 74 | Neuropeptide FF receptor 2 | GPR74 | NPGPR | G-protein coupled receptor HLWAR77,4.0,,Q9Y5X5,1|2|3|4,Q9Y5X5-1|Q9Y5X5-2|Q9Y5X5-3|Q9Y5X5-4
CHEMBL5953,Homo sapiens,O95267,RAS guanyl-releasing protein 1 | Calcium and DAG-regulated guanine nucleotide exchange factor II | RASGRP | CalDAG-GEFII | Ras guanyl-releasing protein | RASGRP1,5.0,,O95267,1|2|3|4|5,O95267-1|O95267-2|O95267-3|O95267-4|O95267-5
CHEMBL6120,Homo sapiens,Q96S37,SLC22A12 | Solute carrier family 22 member 12 | OATL4 | URAT1 | Organic anion transporter 4-like protein | RST | Urate:anion antiporter SLC22A12 | Urate anion exchanger 1 | Renal-specific transporter,4.0,,Q96S37,1|2|3|4,Q96S37-1|Q96S37-2|Q96S37-3|Q96S37-4
CHEMBL6149,Homo sapiens,Q9Y2K2,Salt-inducible kinase 3 | KIAA0999 | SIK-3 | QSK | SIK3 | Serine/threonine-protein kinase SIK3 | Serine/threonine-protein kinase QSK,4.0,,Q9Y2K2,1|2|3|4,Q9Y2K2-5|Q9Y2K2-6|Q9Y2K2-7|Q9Y2K2-8
CHEMBL6154,Homo sapiens,Q9H2K2,TANK2 | Poly [ADP-ribose] polymerase tankyrase-2 | Tankyrase-related protein | Tankyrase II | TRF1-interacting ankyrin-related ADP-ribose polymerase 2 | ARTD6 | Tankyrase-like protein | TNKL | Tankyrase-2 | Protein poly-ADP-ribosyltransferase tankyrase-2 | ADP-ribosyltransferase diphtheria toxin-like 6 | PARP5B | Poly [ADP-ribose] polymerase 5B | TNKS-2 | TNKS2,1.0,,Q9H2K2,,
CHEMBL6191,Homo sapiens,Q56UN5,MAP3K19 | SPS1/STE20-related protein kinase YSK4 | RCK | protein kinase | YSK4 | Mitogen-activated protein kinase kinase kinase 19 | Regulated in COPD,5.0,,Q56UN5,1|3|4|5|7,Q56UN5-1|Q56UN5-3|Q56UN5-4|Q56UN5-5|Q56UN5-7
CHEMBL1075269,Mus musculus,Q61618,Adora3 | A3AR | Gpcr2 | Adenosine receptor A3,1.0,,Q61618,,
CHEMBL1075275,Mus musculus,O70126,Aurora 1 | Airk2 | Aurora-related kinase 2 | Aurora kinase B | Aim1 | Aurora/IPL1-related kinase 2 | Aurora- and IPL1-like midbody-associated protein 1 | ARK-2 | Stk5 | STK-1 | Serine/threonine-protein kinase 12 | Stk1 | Serine/threonine-protein kinase aurora-B | Serine/threonine-protein kinase 5 | Ark2 | Stk12 | Aurkb | Aik2,1.0,,O70126,,
CHEMBL1075280,Mus musculus,P22518,Clk | Dual specificity protein kinase CLK1 | Protein kinase STY | Clk1 | CDC-like kinase 1 | Sty,2.0,,P22518,Long|Short,P22518-1|P22518-2
CHEMBL1075281,Mus musculus,O35491,Clk2 | CDC-like kinase 2 | Dual specificity protein kinase CLK2,1.0,,O35491,,
CHEMBL1075282,Mus musculus,O35492,Dual specificity protein kinase CLK3 | Clk3 | CDC-like kinase 3,1.0,,O35492,,
CHEMBL1075283,Mus musculus,O35493,Dual specificity protein kinase CLK4 | CDC-like kinase 4 | Clk4,2.0,,O35493,1|2,O35493-1|O35493-2
CHEMBL1075284,Mus musculus,Q9Z2A7,Diglyceride acyltransferase | Diacylglycerol O-acyltransferase 1 | Dgat | Acyl-CoA retinol O-fatty-acyltransferase | Retinol O-fatty-acyltransferase | Dgat1 | ARAT,1.0,,Q9Z2A7,,
CHEMBL1075294,Mus musculus,P28776,"IDO-1 | Indoleamine 2,3-dioxygenase 1 | Indo | Indoleamine-pyrrole 2,3-dioxygenase | Ido1 | Ido",1.0,,P28776,,
CHEMBL1075307,Mus musculus,P48776,"Tryptophan 2,3-dioxygenase | Tryptophan oxygenase | Tdo | Tryptophan pyrrolase | Tryptophanase | TRPO | Tdo2 | TO | Tryptamin 2,3-dioxygenase | TDO",1.0,,P48776,,
CHEMBL6065,Mycobacterium tuberculosis,P9WNX1,dfrA | Dihydrofolate reductase | folA,1.0,,P9WNX1,,
CHEMBL6068,Mycobacterium tuberculosis,P9WPJ9,Carbonic anhydrase 2 | canB | Beta-CA 2 | mtcA2 | cynT | mtCA 2 | Carbonate dehydratase 2,1.0,Active at pH 8.4 and inactive at pH 7.5.,P9WPJ9,,
CHEMBL1075214,Rattus norvegicus,P21588, | 5'-NT | Nt5 | 5'-nucleotidase | Thymidylate 5'-phosphatase | Nt5e | Nte | IMP-specific 5'-nucleotidase | 5'-deoxynucleotidase | Ecto-5'-nucleotidase,1.0,,P21588,,
CHEMBL1075228,Rattus norvegicus,P97639,MCHR | MCH-R1 | MCH1R | G-protein coupled receptor 24 | Melanin-concentrating hormone receptor 1 | Mchr1 | Somatostatin receptor-like protein | Slc1 | Gpr24 | MCHR-1 | MCH-1R | SLC-1 | MCH receptor 1,1.0,,P97639,,
CHEMBL1075246,Rattus norvegicus,P22985,Xdh | Xanthine dehydrogenase/oxidase,1.0,,P22985,,
CHEMBL6110,Schistosoma mansoni,Q962Y6,TGR,1.0,,Q962Y6,,
CHEMBL1075024,Streptococcus pneumoniae,Q9FBC5,fabK,1.0,,Q9FBC5,,
CHEMBL5831,Toxoplasma gondii,Q197X6,FPPS,1.0,,Q197X6,,
CHEMBL1075115,Homo sapiens,Q9NR20,Dual specificity tyrosine-phosphorylation-regulated kinase 4 | DYRK4,5.0,,Q9NR20,1|2|3|4|5,Q9NR20-1|Q9NR20-2|Q9NR20-3|Q9NR20-4|Q9NR20-5
CHEMBL1075323,Homo sapiens,P14625,GRP94 | HSP90B1 | Tumor rejection antigen 1 | 94 kDa glucose-regulated protein | gp96 homolog | GRP-94 | Heat shock protein 90 kDa beta member 1 | Endoplasmin | TRA1,1.0,,P14625,,
CHEMBL1075132,Homo sapiens,Q12931,HSP 75 | Tumor necrosis factor type 1 receptor-associated protein | TNFR-associated protein 1 | TRAP1 | HSP75 | Heat shock protein 75 kDa | TRAP-1 | mitochondrial,2.0,,Q12931,1|2,Q12931-1|Q12931-2
CHEMBL1075133,Homo sapiens,Q8WTQ7,G protein-coupled receptor kinase GRK7 | Rhodopsin kinase GRK7 | GRK7 | GPRK7 | G protein-coupled receptor kinase 7,1.0,,Q8WTQ7,,
CHEMBL1075144,Homo sapiens,Q9GZQ4,NMU2R | NMU-R2 | G-protein coupled receptor TGR-1 | TGR1 | G-protein coupled receptor FM-4 | Neuromedin-U receptor 2 | NMUR2,1.0,,Q9GZQ4,,
CHEMBL1075145,Homo sapiens,P55072,15S Mg(2+)-ATPase p97 subunit | HEL-220 | VCP | Valosin-containing protein | HEL-S-70 | TER ATPase | Transitional endoplasmic reticulum ATPase,1.0,,P55072,,
CHEMBL1075155,Homo sapiens,Q15208,NDR1 | Serine/threonine-protein kinase 38 | Nuclear Dbf2-related kinase 1 | NDR1 protein kinase | STK38,1.0,,Q15208,,
CHEMBL1075162,Homo sapiens,Q13304,G-protein coupled receptor 17 | GPR17 | P2Y-like receptor | Uracil nucleotide/cysteinyl leukotriene receptor | R12 | UDP/CysLT receptor,2.0,,Q13304,1|2,Q13304-1|Q13304-2
CHEMBL1075163,Homo sapiens,Q8TF76,Serine/threonine-protein kinase haspin | GSG2 | H-haspin | Germ cell-specific gene 2 protein | Haploid germ cell-specific nuclear protein kinase | HASPIN,2.0,,Q8TF76,1|2,Q8TF76-1|Q8TF76-2
CHEMBL1075165,Homo sapiens,Q8NEB9,Phosphatidylinositol 3-kinase p100 subunit | PtdIns-3-kinase type 3 | VPS34 | PI3K type 3 | Phosphoinositide-3-kinase class 3 | Phosphatidylinositol 3-kinase catalytic subunit type 3 | PI3-kinase type 3 | PIK3C3 | hVps34,1.0,,Q8NEB9,,
CHEMBL1075166,Homo sapiens,P35626,ADRBK2 | G-protein-coupled receptor kinase 3 | BARK2 | Beta-ARK-2 | GRK3 | Beta-adrenergic receptor kinase 2,1.0,,P35626,,
CHEMBL1075167,Homo sapiens,Q8NE63,HIPK4 | Homeodomain-interacting protein kinase 4,1.0,,Q8NE63,,
CHEMBL1075169,Homo sapiens,Q93096,Protein-tyrosine phosphatase of regenerating liver 1 | PTP4A1 | Protein tyrosine phosphatase type IVA 1 | PRL1 | PTPCAAX1 | Protein-tyrosine phosphatase 4a1 | PRL-1 | PTP(CAAXI),1.0,,Q93096,,
CHEMBL1075173,Homo sapiens,Q9H4A3,Kinase deficient protein | KIAA0344 | PRKWNK1 | hWNK1 | Serine/threonine-protein kinase WNK1 | WNK1 | Protein kinase lysine-deficient 1 | Protein kinase with no lysine 1 | HSN2 | KDP | p65 | Erythrocyte 65 kDa protein,6.0,,Q9H4A3,1|2|3|4|5|6,Q9H4A3-1|Q9H4A3-2|Q9H4A3-4|Q9H4A3-5|Q9H4A3-6|Q9H4A3-7
CHEMBL1075178,Homo sapiens,Q9HB89,G-protein coupled receptor 66 | Neuromedin-U receptor 1 | NMU-R1 | G-protein coupled receptor FM-3 | GPR66 | NMUR1,1.0,,Q9HB89,,
CHEMBL1075189,Homo sapiens,P14618,Cytosolic thyroid hormone-binding protein | Threonine-protein kinase PKM2 | PKM | PKM2 | Pyruvate kinase 2/3 | THBP1 | CTHBP | OIP3 | OIP-3 | Opa-interacting protein 3 | Pyruvate kinase muscle isozyme | Tumor M2-PK | Thyroid hormone-binding protein 1 | Tyrosine-protein kinase PKM2 | Pyruvate kinase PKM | p58 | PK2 | PK3,3.0,"Optimum pH for T3 binding is 6.0-6.5. Increase in pH causes T3 binding to drop, does not bind T3 above pH 9.0 or below pH 5.0.",P14618,M2|M1|3,P14618-1|P14618-2|P14786-1|P14618-3
CHEMBL1075195,Homo sapiens,Q9UL54,Serine/threonine-protein kinase TAO2 | MAP3K17 | Kinase from chicken homolog C | PSK1 | Thousand and one amino acid protein kinase 2 | Prostate-derived sterile 20-like kinase 1 | Prostate-derived STE20-like kinase 1 | PSK-1 | PSK | KIAA0881 | TAOK2 | hKFC-C,4.0,,Q9UL54,1|2|3|4,Q9UL54-1|Q9UL54-2|Q9UL54-3|Q9UL54-4
CHEMBL1075097,Homo sapiens,P05089,Liver-type arginase | Arginase-1 | ARG1 | Type I arginase,3.0,,P05089,1|2|3,P05089-1|P05089-2|P05089-3
CHEMBL1075102,Homo sapiens,O00443,PI3K-C2-alpha | PIK3C2A | Phosphoinositide 3-kinase-C2-alpha | PtdIns-3-kinase C2 subunit alpha | Phosphatidylinositol 4-phosphate 3-kinase C2 domain-containing subunit alpha,2.0,,O00443,1|2,O00443-1|O00443-2
CHEMBL1075104,Homo sapiens,Q5S007,PARK8 | Dardarin | Leucine-rich repeat serine/threonine-protein kinase 2 | LRRK2,1.0,,Q5S007,,
CHEMBL1075105,Homo sapiens,Q12974,Protein-tyrosine phosphatase of regenerating liver 2 | PTP4A2 | HU-PP-1 | PTP(CAAXII) | PTPCAAX2 | Protein tyrosine phosphatase type IVA 2 | Protein-tyrosine phosphatase 4a2 | OV-1 | PRL2 | PRL-2,4.0,,Q12974,1|2|3|4,Q12974-1|Q12974-2|Q12974-3|Q12974-4
CHEMBL1075108,Rattus norvegicus,Q63633,Slc12a5 | Kcc2 | K-Cl cotransporter 2 | Solute carrier family 12 member 5 | Neuronal K-Cl cotransporter | Furosemide-sensitive K-Cl cotransporter | rKCC2 | Electroneutral potassium-chloride cotransporter 2,2.0,,Q63633,1|2,Q63633-1|Q63633-2
CHEMBL1075317,Homo sapiens,P61964,WDR5 | BIG3 | WD repeat-containing protein 5 | BMP2-induced 3-kb gene protein,1.0,,P61964,,
CHEMBL1075319,Homo sapiens,Q7Z2W7,Transient receptor potential cation channel subfamily M member 8 | LTRPC6 | TRPM8 | Long transient receptor potential channel 6 | LTrpC6 | TRPP8 | Transient receptor potential p8 | LTrpC-6 | Trp-p8,4.0,,Q7Z2W7,1|2|3|4,Q7Z2W7-1|Q7Z2W7-2|Q7Z2W7-3|Q7Z2W7-4
CHEMBL1163101,Homo sapiens,O75460,Endoplasmic reticulum-to-nucleus signaling 1 | Ire1-alpha | Inositol-requiring protein 1 | ERN1 | Serine/threonine-protein kinase/endoribonuclease IRE1 | IRE1 | hIRE1p | IRE1a,2.0,,O75460,1|2,O75460-1|O75460-2
CHEMBL1163106,Homo sapiens,P20794,Male germ cell-associated kinase | MAK | Serine/threonine-protein kinase MAK,3.0,,P20794,1|2|3,P20794-1|P20794-2|P20794-3
CHEMBL1163108,Homo sapiens,Q9UEW8,STE20/SPS1-related proline-alanine-rich protein kinase | PASK | STK39 | Serine/threonine-protein kinase 39 | SPAK | DCHT | Ste-20-related kinase,2.0,,Q9UEW8,1|2,Q9UEW8-1|Q9UEW8-2
CHEMBL1163111,Mus musculus,P04401,BCGF-II | IL-5 | Il-5 | Cytotoxic T-lymphocyte inducer | T-cell replacing factor | Il5 | B-cell growth factor II | TRF | Interleukin-5 | Eosinophil differentiation factor,1.0,,P04401,1|2,P04401-1|P04401-2
CHEMBL1163122,Sus scrofa,Q2XUH7,Type-2 angiotensin II receptor | Angiotensin II type-2 receptor,1.0,,Q2XUH7,,
CHEMBL1163123,Homo sapiens,O95382,MEKK6 | Mitogen-activated protein kinase kinase kinase 6 | MAP3K6 | ASK2 | MAPKKK6 | Apoptosis signal-regulating kinase 2,3.0,,O95382,1|2|3,O95382-1|O95382-2|O95382-3
CHEMBL1163125,Homo sapiens,O60885,Protein HUNK1 | HUNK1 | BRD4 | Bromodomain-containing protein 4,3.0,,O60885,A|C|B,O60885-1|O60885-2|O60885-3
CHEMBL1163126,Homo sapiens,Q9UPZ9,CILK1 | MRK | hICK | KIAA0936 | Laryngeal cancer kinase 2 | Serine/threonine-protein kinase ICK | LCK2 | MAK-related kinase | Intestinal cell kinase | ICK | Ciliogenesis associated kinase 1,2.0,,Q9UPZ9,1|2,Q9UPZ9-1|Q9UPZ9-2
CHEMBL1163129,Homo sapiens,Q52WX2,SH3-binding kinase 1 | SBK1 | Serine/threonine-protein kinase SBK1,1.0,,Q52WX2,,
CHEMBL1169596,Homo sapiens,P10398,Proto-oncogene Pks | PKS | Proto-oncogene A-Raf-1 | ARAF | Serine/threonine-protein kinase A-Raf | ARAF1 | PKS2 | Proto-oncogene A-Raf,2.0,,P10398,1|2,P10398-1|P10398-2
CHEMBL1169597,Ovis aries,P00349,decarboxylating | PGD | 6-phosphogluconate dehydrogenase,1.0,,P00349,,
CHEMBL1169598,Influenza A virus (A/Puerto Rico/8/1934(H1N1)),P03433,Polymerase acidic protein | PA | RNA-directed RNA polymerase subunit P2,2.0,,P03433,PA|PA-X,P03433-1|P0CK64-1
CHEMBL1250368,Toxoplasma gondii,Q6UCJ9,ENR,1.0,,Q6UCJ9,,
CHEMBL1250402,Homo sapiens,O94759,Estrogen-responsive element-associated gene 1 protein | EREG1 | Transient receptor potential melastatin 2 | KNP3 | Long transient receptor potential channel 2 | TRPM2 | LTRPC2 | LTrpC-2 | TrpC7 | Transient receptor potential cation channel subfamily M member 2 | TRPC7 | LTrpC2 | Transient receptor potential channel 7,3.0,,O94759,1|2|3,O94759-1|O94759-2|O94759-3
CHEMBL1255149,Mus musculus,Q7TMR0,Prcp | Proline carboxypeptidase | Prolylcarboxypeptidase | Lysosomal Pro-X carboxypeptidase | PRCP,2.0,,Q7TMR0,1|2,Q7TMR0-1|Q7TMR0-2
CHEMBL1255160,Cavia porcellus,Q91ZY3,HRH4,1.0,,Q91ZY3,,
CHEMBL1255163,Homo sapiens,Q9H237,MG61 | PORC | PORCN | Protein-serine O-palmitoleoyltransferase porcupine | PPN | Protein MG61,5.0,,Q9H237,1|2|3|4|5,Q9H237-1|Q9H237-2|Q9H237-3|Q9H237-4|Q9H237-5
CHEMBL1255164,Mus musculus,Q9JJJ7,Ppn | mPORC | Protein-serine O-palmitoleoyltransferase porcupine | Porcn | Porc,5.0,,Q9JJJ7,1|2|3|4|5,Q9JJJ7-1|Q9JJJ7-2|Q9JJJ7-3|Q9JJJ7-4|Q9JJJ7-5
CHEMBL1275221,Homo sapiens,Q96LA8,PRMT6 | HRMT1L6 | Heterogeneous nuclear ribonucleoprotein methyltransferase-like protein 6 | Histone-arginine N-methyltransferase PRMT6 | Protein arginine N-methyltransferase 6,2.0,,Q96LA8,1|2,Q96LA8-1|Q96LA8-2
CHEMBL1275212,Homo sapiens,P50053,KHK | Ketohexokinase | Hepatic fructokinase,2.0,,P50053,C|A,P50053-1|P50053-2
CHEMBL1287622,Homo sapiens,Q9Y468,L3MBTL | L3MBT | L(3)mbt-like | Lethal(3)malignant brain tumor-like protein 1 | L3MBTL1 | KIAA0681 | H-l(3)mbt | L(3)mbt protein homolog | H-l(3)mbt protein,5.0,,Q9Y468,5|1|2|3|4,Q9Y468-5|Q9Y468-1|Q9Y468-2|Q9Y468-3|Q9Y468-4
CHEMBL1287623,Homo sapiens,Q96JM7,Lethal(3)malignant brain tumor-like protein 3 | KIAA1798 | MBT1 | L3mbt-like 3 | H-l(3)mbt-like protein 3 | L(3)mbt-like protein 3 | MBT-1 | L3MBTL3,2.0,,Q96JM7,1|2,Q96JM7-1|Q96JM7-2
CHEMBL1293197,Homo sapiens,Q9BZP6,Lung-specific protein TSA1902 | AMCase | Acidic mammalian chitinase | CHIA,3.0,,Q9BZP6,1|2|3,Q9BZP6-1|Q9BZP6-2|Q9BZP6-3
CHEMBL1293222,Homo sapiens,Q9Y239,Caspase recruitment domain-containing protein 4 | CARD4 | Nucleotide-binding oligomerization domain-containing protein 1 | hNod1 | NOD1,3.0,,Q9Y239,1|2|3,Q9Y239-1|Q9Y239-2|Q9Y239-3
CHEMBL1293224,Homo sapiens,P10636,Microtubule-associated protein tau | TAU | Paired helical filament-tau | MAPTL | MTBT1 | PHF-tau | Neurofibrillary tangle protein | MAPT,9.0,,P10636,PNS-tau|Fetal-tau|Tau-A|Tau-B|Tau-C|Tau-D|Tau-E|Tau-F|Tau-G,P10636-1|P10636-2|P10636-3|P10636-4|P10636-5|P10636-6|P10636-7|P10636-8|P10636-9
CHEMBL1293226,Homo sapiens,B2RXH2,Lysine-specific demethylase 4E | KDM4DL | [histone H3]-trimethyl-L-lysine(9) demethylase 4E | Lysine-specific demethylase 4D-like | KDM4E | KDM4D-like protein,1.0,,B2RXH2,,
CHEMBL1293237,Homo sapiens,P54132,RecQ protein-like 3 | BLM | RecQ-like DNA helicase BLM | RECQ2 | Bloom syndrome protein | DNA helicase | RecQ-like type 2 | RECQL3 | RecQ2,1.0,,P54132,,
CHEMBL1293255,Homo sapiens,P15428,PGDH1 | Prostaglandin dehydrogenase 1 | 15-PGDH | 15-hydroxyprostaglandin dehydrogenase [NAD(+)] | Short chain dehydrogenase/reductase family 36C member 1 | Eicosanoid/docosanoid dehydrogenase [NAD(+)] | SDR36C1 | HPGD,5.0,,P15428,1|2|3|4|5,P15428-1|P15428-2|P15428-3|P15428-4|P15428-5
CHEMBL1293266,Homo sapiens,Q9HC29,Caspase recruitment domain-containing protein 15 | Inflammatory bowel disease protein 1 | Nucleotide-binding oligomerization domain-containing protein 2 | NOD2 | CARD15,3.0,,Q9HC29,1|2|3,Q9HC29-1|Q9HC29-2|Q9HC29-3
CHEMBL1293267,Homo sapiens,Q9HC97,G-protein coupled receptor 35 | GPR35 | KYNA receptor | Kynurenic acid receptor,2.0,,Q9HC97,1|2,Q9HC97-1|Q9HC97-2
CHEMBL1293287,Homo sapiens,P14735,Insulysin | Insulin protease | IDE | Abeta-degrading protease | Insulinase | Insulin-degrading enzyme,2.0,,P14735,1|2,P14735-1|P14735-2
CHEMBL1293289,Homo sapiens,P25440,RING3 | O27.1.1 | BRD2 | Bromodomain-containing protein 2 | KIAA9001 | Really interesting new gene 3 protein,4.0,,P25440,1|2|3|4,P25440-1|P25440-2|P25440-3|P25440-4
CHEMBL1293292,Homo sapiens,P48048,KCNJ1 | ATP-sensitive inward rectifier potassium channel 1 | Inward rectifier K(+) channel Kir1.1 | inwardly rectifying subfamily J member 1 | ATP-regulated potassium channel ROM-K | ROMK1 | Potassium channel,3.0,,P48048,1|2|3,P48048-1|P48048-2|P48048-3
CHEMBL1293293,Homo sapiens,P48145,G-protein coupled receptor 7 | NPBWR1 | Neuropeptides B/W receptor type 1 | GPR7,1.0,,P48145,,
CHEMBL1293295,Homo sapiens,P54578,TGT | Ubiquitin carboxyl-terminal hydrolase 14 | USP14 | Deubiquitinating enzyme 14 | Ubiquitin thioesterase 14 | Ubiquitin-specific-processing protease 14,3.0,,P54578,1|2|3,P54578-1|P54578-2|P54578-3
CHEMBL1293299,Homo sapiens,Q03164,ALL-1 | HRX | Cysteine methyltransferase KMT2A | CXXC7 | MLL | HTRX | Myeloid/lymphoid or mixed-lineage leukemia protein 1 | MLL1 | TRX1 | Trithorax-like protein | Myeloid/lymphoid or mixed-lineage leukemia | Lysine N-methyltransferase 2A | ALL1 | Zinc finger protein HRX | CXXC-type zinc finger protein 7 | Histone-lysine N-methyltransferase 2A | KMT2A,3.0,,Q03164,1|2|3,Q03164-1|Q03164-2|Q03164-3
CHEMBL1615381,Homo sapiens,O00255,MEN1 | SCG2 | Menin,3.0,,O00255,1|2|3,O00255-2|O00255-1|O00255-3
CHEMBL1628461,Homo sapiens,Q8TDS5,Oxoeicosanoid receptor 1 | 5-oxo-ETE G-protein coupled receptor | GPR170 | TG1019 | G-protein coupled receptor R527 | G-protein coupled receptor TG1019 | OXER1 | G-protein coupled receptor 170,1.0,,Q8TDS5,,
CHEMBL1628481,Homo sapiens,P35414,G-protein coupled receptor APJ | AGTRL1 | Angiotensin receptor-like 1 | APLNR | APJ | G-protein coupled receptor HG11 | Apelin receptor,1.0,,P35414,,
CHEMBL1641359,Glycine max,Q39829,,1.0,,Q39829,,
CHEMBL1649048,Homo sapiens,Q13609,LS-DNase | LSD | DNase I homolog protein DHP2 | DNAS1L3 | DNASE1L3 | DHP2 | DNase I-like 3 | Liver and spleen DNase | DNase gamma | Deoxyribonuclease I-like 3 | Deoxyribonuclease gamma,2.0,Optimum pH is about 7.2.,Q13609,1|2,Q13609-1|Q13609-2
CHEMBL1671613,Cavia porcellus,Q9WV26,Type-1 angiotensin II receptor | AGTR1 | Angiotensin II type-1 receptor | AT1 receptor,1.0,,Q9WV26,,
CHEMBL1681620,Staphylococcus aureus,P0A017,Dihydrofolate reductase | folA | DHFR,1.0,,P0A017,,
CHEMBL1687677,Sus scrofa,P00591,PNLIP | PTL | PL | Pancreatic lipase | Pancreatic triacylglycerol lipase,1.0,,P00591,,
CHEMBL1697662,Clostridium botulinum,Q00496,BoNT/E | Botulinum neurotoxin type E | Bontoxilysin-E | botE,1.0,,Q00496,,
CHEMBL1741162,Homo sapiens,O15305,Phosphomannomutase 2 | PMM2 | PMM 2,2.0,,O15305,1|2,O15305-1|O15305-2
CHEMBL1741186,Homo sapiens,P51449,Nuclear receptor ROR-gamma | Nuclear receptor RZR-gamma | Retinoid-related orphan receptor-gamma | NR1F3 | Nuclear receptor subfamily 1 group F member 3 | RORG | RZRG | RORC | RAR-related orphan receptor C,2.0,,P51449,1|2,P51449-1|P51449-2
CHEMBL1741203,Mus musculus,Q61009,Scarb1 | SR-BI | Srb1 | Scavenger receptor class B member 1 | SRB1,2.0,,Q61009,1|2,Q61009-1|Q61009-2
CHEMBL1741208,Homo sapiens,Q96P20,LRR and PYD domains-containing protein 3 | Caterpiller protein 1.1 | Angiotensin/vasopressin receptor AII/AVP-like | NACHT | C1orf7 | PYPAF1 | CIAS1 | NLRP3 | NALP3 | CLR1.1 | Cryopyrin | PYRIN-containing APAF1-like protein 1 | Cold-induced autoinflammatory syndrome 1 protein,6.0,,Q96P20,2|1|3|4|5|6,Q96P20-1|Q96P20-2|Q96P20-3|Q96P20-4|Q96P20-5|Q96P20-6
CHEMBL1741220,Homo sapiens,Q9UIF8,KIAA1476 | BAZ2B | hWALp4 | Bromodomain adjacent to zinc finger domain protein 2B,5.0,,Q9UIF8,1|2|3|4|5,Q9UIF8-1|Q9UIF8-2|Q9UIF8-3|Q9UIF8-4|Q9UIF8-5
CHEMBL1741221,Homo sapiens,Q9Y4P1,Autophagy-related protein 4 homolog B | hAPG4B | Cysteine protease ATG4B | ATG4B | AUT-like 1 cysteine endopeptidase | Autophagy-related cysteine endopeptidase 1 | APG4B | HsAPG4B | KIAA0943 | AUTL1 | Autophagin-1,5.0,,Q9Y4P1,1|2|3|4|6,Q9Y4P1-1|Q9Y4P1-2|Q9Y4P1-3|Q9Y4P1-4|Q9Y4P1-6
CHEMBL1744522,Homo sapiens,Q99814,MOP2 | HIF2A | Hypoxia-inducible factor 2-alpha | Member of PAS protein 2 | Endothelial PAS domain-containing protein 1 | HIF-2-alpha | BHLHE73 | HLF | PAS domain-containing protein 2 | EPAS-1 | PASD2 | Basic-helix-loop-helix-PAS protein MOP2 | bHLHe73 | EPAS1 | Class E basic helix-loop-helix protein 73 | HIF2-alpha | HIF-1-alpha-like factor,1.0,,Q99814,,
CHEMBL1744525,Homo sapiens,P43490,NAMPT | Nicotinamide phosphoribosyltransferase | PBEF | NAmPRTase | PBEF1 | Pre-B cell-enhancing factor | Pre-B-cell colony-enhancing factor 1 | Nampt | Visfatin,1.0,,P43490,,
CHEMBL1764946,Homo sapiens,O95931,CBX7 | Chromobox protein homolog 7,1.0,,O95931,,
CHEMBL1770034,Homo sapiens,Q8TBX8,PIP4K2C | PIP4KII-gamma | Phosphatidylinositol 5-phosphate 4-kinase type II gamma | Phosphatidylinositol 5-phosphate 4-kinase type-2 gamma | PI(5)P 4-kinase type II gamma | PIP5K2C,3.0,,Q8TBX8,1|2|3,Q8TBX8-1|Q8TBX8-2|Q8TBX8-3
CHEMBL1770046,Mus musculus,Q9ESG6,P2ry14 | P2Y14 | Gpr105 | G-protein coupled receptor 105 | P2Y purinoceptor 14 | UDP-glucose receptor,1.0,,Q9ESG6,,
CHEMBL1781862,Toxoplasma gondii,Q9BJF5,CDPK1,1.0,,Q9BJF5,,
CHEMBL1795101,Escherichia coli,Q9JN24,def | PDF | Peptide deformylase | Polypeptide deformylase,1.0,,Q9JN24,,
CHEMBL1795116,Homo sapiens,O14744,IBP72 | HRMT1L5 | Histone-arginine N-methyltransferase PRMT5 | JBP1 | Jak-binding protein 1 | 72 kDa ICln-binding protein | SKB1 | Shk1 kinase-binding protein 1 homolog | SKB1 homolog | SKB1Hs | PRMT5 | Protein arginine N-methyltransferase 5,5.0,,O14744,1|2|4|5|3,O14744-1|O14744-2|O14744-4|O14744-5|O14744-3
CHEMBL1795117,Homo sapiens,Q8TEK3,DOT1-like protein | Histone-lysine N-methyltransferase | KIAA1814 | KMT4 | H3-K79-HMTase | H3 lysine-79 specific | Histone H3-K79 methyltransferase | DOT1L | Lysine N-methyltransferase 4,2.0,,Q8TEK3,1|2,Q8TEK3-2|Q8TEK3-1
CHEMBL1795118,Homo sapiens,O43463,SUV39H | Suppressor of variegation 3-9 homolog 1 | SUV39H1 | KMT1A | Su(var)3-9 homolog 1 | Lysine N-methyltransferase 1A | H3-K9-HMTase 1 | Histone H3-K9 methyltransferase 1 | Histone-lysine N-methyltransferase SUV39H1 | Position-effect variegation 3-9 homolog,2.0,,O43463,1|2,O43463-1|O43463-2
CHEMBL1795119,Onchocerca volvulus,Q25615,,1.0,,Q25615,,
CHEMBL1795148,Homo sapiens,P78540,Type II arginase | Arginase II | Arginase-2 | Non-hepatic arginase | ARG2 | mitochondrial | Kidney-type arginase,1.0,,P78540,,
CHEMBL1795176,Homo sapiens,Q9NQR1,Lysine N-methyltransferase 5A | N-lysine methyltransferase KMT5A | SET8 | SET07 | PR/SET domain-containing protein 07 | PRSET7 | Histone-lysine N-methyltransferase KMT5A | SET domain-containing protein 8 | H4-K20-HMTase KMT5A | SETD8 | KMT5A | Lysine-specific methylase 5A | PR-Set7 | PR/SET07,2.0,,Q9NQR1,1|2,Q9NQR1-1|Q9NQR1-2
CHEMBL1795177,Homo sapiens,Q9H5I1,Suppressor of variegation 3-9 homolog 2 | Histone H3-K9 methyltransferase 2 | Histone-lysine N-methyltransferase SUV39H2 | Su(var)3-9 homolog 2 | Lysine N-methyltransferase 1B | KMT1B | H3-K9-HMTase 2 | SUV39H2,3.0,,Q9H5I1,3|1|2,Q9H5I1-1|Q9H5I1-2|Q9H5I1-3
CHEMBL1795180,Rattus norvegicus,Q8K3T4,Gpr40 | Ffar1 | G-protein coupled receptor 40 | Free fatty acid receptor 1,1.0,,Q8K3T4,,
CHEMBL1795185,Homo sapiens,Q58F21,Cancer/testis antigen 9 | CT9 | BRDT | RING3-like protein | Bromodomain testis-specific protein,5.0,,Q58F21,1|2|3|4|5,Q58F21-1|Q58F21-2|Q58F21-3|Q58F21-4|Q58F21-5
CHEMBL1795186,Homo sapiens,Q15059,RING3-like protein | RING3L | KIAA0043 | Bromodomain-containing protein 3 | BRD3,2.0,,Q15059,1|2,Q15059-1|Q15059-2
CHEMBL1795188,Homo sapiens,Q96NT5,hPCFT | PCFT | SLC46A1 | Heme carrier protein 1 | HCP1 | Solute carrier family 46 member 1 | Proton-coupled folate transporter | HsPCFT | G21 | PCFT/HCP1,2.0,Optimum pH is 4.0-5.5. Activity decreases above pH 5.5 and reaches negligible levels at neutral pH and above.,Q96NT5,1|2,Q96NT5-1|Q96NT5-2
CHEMBL1795192,Homo sapiens,Q14004,CDC2L | CDC2-related protein kinase 5 | hCDK13 | KIAA1791 | Cyclin-dependent kinase 13 | Cell division cycle 2-like protein kinase 5 | Cell division protein kinase 13 | CDC2L5 | CDK13 | Cholinesterase-related cell division controller | CHED,2.0,,Q14004,1|2,Q14004-1|Q14004-2
CHEMBL1908384,Homo sapiens,Q9NRH2,KIAA0096 | SNRK | SNF1-related kinase | SNFRK | SNF-related serine/threonine-protein kinase,2.0,,Q9NRH2,1|2,Q9NRH2-1|Q9NRH2-2
CHEMBL1908386,Homo sapiens,Q6XUX3,Dual serine/threonine and tyrosine protein kinase | SgK496 | RIP5 | Dusty PK | KIAA0472 | RIPK5 | Sugen kinase 496 | RIP-homologous kinase | Dusty protein kinase | Receptor-interacting serine/threonine-protein kinase 5 | DSTYK | SGK496,4.0,,Q6XUX3,1|2|3|4,Q6XUX3-1|Q6XUX3-2|Q6XUX3-3|Q6XUX3-4
CHEMBL1908389,Homo sapiens,Q12852,Leucine-zipper protein kinase | MAPK-upstream kinase | DLK | Mixed lineage kinase | Dual leucine zipper bearing kinase | ZPK | Mitogen-activated protein kinase kinase kinase 12 | MAP3K12 | MUK,2.0,,Q12852,1|2,Q12852-1|Q12852-2
CHEMBL1909484,Homo sapiens,Q9P0U3,Sentrin-specific protease 1 | SENP1 | Sentrin/SUMO-specific protease SENP1,2.0,,Q9P0U3,1|2,Q9P0U3-1|Q9P0U3-2
CHEMBL1914270,Mus musculus,P51658,Testosterone 17-beta-dehydrogenase | 17-beta-HSD 2 | Edh17b2 | Hsd17b2 | Estradiol 17-beta-dehydrogenase 2 | 17-beta-hydroxysteroid dehydrogenase type 2,1.0,,P51658,,
CHEMBL1921666,Staphylococcus aureus,P0A0K8,DNA gyrase subunit B | gyrB,1.0,,P0A0K8,,
CHEMBL1932912,Homo sapiens,Q9H7Z6,MOF | MOZ | MYST1 | hMOF | MYST-1 | YBF2/SAS3 | KAT8 | SAS2 and TIP60 protein 1 | Lysine acetyltransferase 8 | Histone acetyltransferase KAT8,2.0,,Q9H7Z6,1|2,Q9H7Z6-1|Q9H7Z6-2
CHEMBL1938208,Homo sapiens,Q8NB78,Flavin-containing amine oxidase domain-containing protein 1 | AOF1 | LSD2 | KDM1B | C6orf193 | Lysine-specific histone demethylase 1B | Lysine-specific histone demethylase 2,3.0,,Q8NB78,1|2|4,Q8NB78-1|Q8NB78-2|Q8NB78-4
CHEMBL1938209,Homo sapiens,Q9Y4C1,KDM3A | JMJD1A | JmjC domain-containing histone demethylation protein 2A | KIAA0742 | TSGA | Jumonji domain-containing protein 1A | JMJD1 | Lysine-specific demethylase 3A | JHDM2A | [histone H3]-dimethyl-L-lysine(9) demethylase 3A,1.0,,Q9Y4C1,,
CHEMBL1938210,Homo sapiens,Q9Y2K7,JHDM1A | CXXC8 | Lysine-specific demethylase 2A | FBL7 | KIAA1004 | FBXL11 | F-box/LRR-repeat protein 11 | F-box protein Lilina | JmjC domain-containing histone demethylation protein 1A | F-box protein FBL7 | [Histone-H3]-lysine-36 demethylase 1A | F-box and leucine-rich repeat protein 11 | FBL11 | KDM2A | CXXC-type zinc finger protein 8,5.0,,Q9Y2K7,1|2|4|5|3,Q9Y2K7-1|Q9Y2K7-2|Q9Y2K7-4|Q9Y2K7-5|Q9Y2K7-3
CHEMBL1938211,Homo sapiens,O15054,JmjC domain-containing protein 3 | Jumonji domain-containing protein 3 | Lysine demethylase 6B | JMJD3 | [histone H3]-trimethyl-L-lysine(27) demethylase 6B | KIAA0346 | KDM6B | Lysine-specific demethylase 6B,2.0,,O15054,2|1,O15054-2|O15054-1
CHEMBL1938215,Homo sapiens,Q8IVT5,KSR | Kinase suppressor of Ras 1 | KSR1,4.0,,Q8IVT5,1|2|3|4,Q8IVT5-1|Q8IVT5-2|Q8IVT5-3|Q8IVT5-4
CHEMBL1938224,Homo sapiens,O15297,PP2C-delta | WIP1 | PPM1D | Protein phosphatase 2C isoform delta | p53-induced protein phosphatase 1 | Protein phosphatase 1D | Protein phosphatase magnesium-dependent 1 delta,2.0,,O15297,1|2,O15297-1|O15297-2
CHEMBL1944495,Homo sapiens,P28065,Low molecular mass protein 2 | LMP2 | PSMB6i | Proteasome subunit beta-1i | Proteasome chain 7 | Multicatalytic endopeptidase complex chain 7 | Proteasome subunit beta type-9 | PSMB9 | RING12 | Macropain chain 7 | Really interesting new gene 12 protein,2.0,,P28065,LMP2.L|LMP2.S,P28065-1|P28065-2
CHEMBL1944497,Aplysia californica,Q8WSF8,,1.0,,Q8WSF8,,
CHEMBL1949488,Homo sapiens,Q96C86,HINT5 | m7GpppX diphosphatase | DCS1 | DCPS | Scavenger mRNA-decapping enzyme DcpS | Decapping scavenger enzyme | Hint-related 7meGMP-directed hydrolase | Histidine triad nucleotide-binding protein 5 | HINT-5 | Histidine triad protein member 5 | DCS-1,1.0,,Q96C86,,
CHEMBL2007625,Homo sapiens,O75874,IDH1 | Isocitrate dehydrogenase [NADP] cytoplasmic | PICD | Oxalosuccinate decarboxylase | IDH | Cytosolic NADP-isocitrate dehydrogenase | NADP(+)-specific ICDH | IDPc,1.0,,O75874,,
CHEMBL2007628,Homo sapiens,P54829,Tyrosine-protein phosphatase non-receptor type 5 | Neural-specific protein-tyrosine phosphatase | Striatum-enriched protein-tyrosine phosphatase | STEP | PTPN5,3.0,,P54829,1|2|3,P54829-1|P54829-2|P54829-3
CHEMBL2010631,Homo sapiens,P25106,G-protein coupled receptor RDC1 homolog | RDC-1 | G-protein coupled receptor 159 | C-X-C chemokine receptor type 7 | GPR159 | Atypical chemokine receptor 3 | RDC1 | CXCR-7 | ACKR3 | CXCR7 | CXC-R7 | CMKOR1 | Chemokine orphan receptor 1,1.0,,P25106,,
CHEMBL2010636,Trypanosoma brucei,Q8WQX9,Phosphodiesterase | PDEB1,1.0,,Q8WQX9,,
CHEMBL2021745,Rattus norvegicus,Q07523,2-Hydroxyacid oxidase 2 | LCHAO | HAOX2 | Long-chain L-2-hydroxy acid oxidase | Haox2 | (S)-2-hydroxy-acid oxidase | Hao3 | peroxisomal | Hao2 | Long chain alpha-hydroxy acid oxidase,1.0,,Q07523,,
CHEMBL2029197,Homo sapiens,O95398,Exchange factor directly activated by cAMP 1 | RAPGEF3 | EPAC 1 | cAMP-GEFI | EPAC1 | Rap guanine nucleotide exchange factor 3 | EPAC | Exchange protein directly activated by cAMP 1 | Rap1 guanine-nucleotide-exchange factor directly activated by cAMP | cAMP-regulated guanine nucleotide exchange factor I | CGEF1,3.0,,O95398,1|2|3,O95398-1|O95398-2|O95398-3
CHEMBL2029198,Homo sapiens,Q8WZA2,Exchange factor directly activated by cAMP 2 | cAMP-regulated guanine nucleotide exchange factor II | cAMP-GEFII | RAPGEF4 | EPAC2 | Exchange protein directly activated by cAMP 2 | Rap guanine nucleotide exchange factor 4 | CGEF2 | EPAC 2,5.0,,Q8WZA2,1|2|3|4|5,Q8WZA2-1|Q8WZA2-2|Q8WZA2-3|Q8WZA2-4|Q8WZA2-5
CHEMBL2034805,Rattus norvegicus,Q5KTC7,Naaa | ASAH-like protein | Asahl | N-acylethanolamine-hydrolyzing acid amidase | Acylsphingosine deacylase NAAA | N-acylsphingosine amidohydrolase-like,1.0,Optimum pH is 5 with N-palmitoylethanolamine as substrate.,Q5KTC7,,
CHEMBL2034807,Homo sapiens,Q06609,hRAD51 | RAD51 homolog A | DNA repair protein RAD51 homolog 1 | RECA | RAD51 | RAD51A | HsRAD51,4.0,,Q06609,1|2|3|4,Q06609-1|Q06609-2|Q06609-3|Q06609-4
CHEMBL2046259,Homo sapiens,Q8N5Z0,Glycine transaminase AADAT | Kynurenine aminotransferase II | AADAT | KAT2 | Kynurenine--oxoglutarate aminotransferase II | Methionine--glyoxylate transaminase AADAT | Alpha-aminoadipate aminotransferase | AadAT | KAT/AadAT | KYAT2 | Kynurenine/alpha-aminoadipate aminotransferase | 2-aminoadipate aminotransferase | Kynurenine--oxoglutarate transaminase 2 | Kynurenine--oxoglutarate transaminase II | mitochondrial | 2-aminoadipate transaminase | Kynurenine--glyoxylate transaminase AADAT,2.0,Optimum pH is 7-9.,Q8N5Z0,1|2,Q8N5Z0-1|Q8N5Z0-2
CHEMBL2046260,Homo sapiens,Q6YP21,Kynurenine--glyoxylate transaminase | KYAT3 | KAT3 | Kynurenine--oxoglutarate transaminase III | Kynurenine aminotransferase 3 | KATIII | Kynurenine--oxoglutarate transaminase 3 | Cysteine-S-conjugate beta-lyase 2 | CCBL2 | Kynurenine aminotransferase III,3.0,,Q6YP21,1|2|3,Q6YP21-1|Q6YP21-2|Q6YP21-3
CHEMBL2046264,Macaca fascicularis,Q6DLS0,Angiotensinogenase | REN | Renin,1.0,,Q6DLS0,,
CHEMBL2046267,Homo sapiens,Q5XXA6,Tumor-amplified and overexpressed sequence 2 | DOG1 | ANO1 | TMEM16A | Transmembrane protein 16A | TAOS2 | Discovered on gastrointestinal stromal tumors protein 1 | ORAOV2 | Oral cancer overexpressed protein 2 | Anoctamin-1,5.0,,Q5XXA6,1|2|3|4|5,Q5XXA6-1|Q5XXA6-2|Q5XXA6-3|Q5XXA6-4|Q5XXA6-5
CHEMBL2052027,Mus musculus,Q91XA9,YNL | Acidic mammalian chitinase | Chia | Chia1 | AMCase,1.0,Optimum pH is below 2.5.,Q91XA9,,
CHEMBL2052028,Homo sapiens,P60842,Eukaryotic initiation factor 4A-I | EIF4A | eIF-4A-I | eIF4A-I | EIF4A1 | DDX2A | ATP-dependent RNA helicase eIF4A-1,2.0,,P60842,1|2,P60842-1|P60842-2
CHEMBL2052031,Homo sapiens,Q13451,PPIase FKBP5 | FK506-binding protein 5 | Peptidyl-prolyl cis-trans isomerase FKBP5 | Androgen-regulated protein 6 | HSP90-binding immunophilin | 54 kDa progesterone receptor-associated immunophilin | FKBP-5 | FF1 antigen | FKBP51 | FKBP5 | FKBP-51 | FKBP54 | Rotamase | 51 kDa FK506-binding protein | p54 | 51 kDa FKBP | AIG6,2.0,,Q13451,1|2,Q13451-1|Q13451-2
CHEMBL2052038,Homo sapiens,Q6PCB7,FATP1 | Very long-chain acyl-CoA synthetase | FATP-1 | Solute carrier family 27 member 1 | SLC27A1 | Long-chain fatty acid transport protein 1 | Arachidonate--CoA ligase | Fatty acid transport protein 1 | ACSVL5 | Long-chain-fatty-acid--CoA ligase,2.0,,Q6PCB7,1|2,Q6PCB7-1|Q6PCB7-2
CHEMBL2052039,Mus musculus,Q60714,Very long-chain acyl-CoA synthetase | Fatty acid transport protein | FATP-1 | Solute carrier family 27 member 1 | Fatp1 | Long-chain fatty acid transport protein 1 | Arachidonate--CoA ligase | Fatty acid transport protein 1 | Slc27a1 | Fatp | Long-chain-fatty-acid--CoA ligase | Vlc27a1,1.0,,Q60714,,
CHEMBL2069156,Homo sapiens,Q14145,INRF2 | KIAA0132 | KEAP1 | Cytosolic inhibitor of Nrf2 | Kelch-like protein 19 | KLHL19 | INrf2 | Kelch-like ECH-associated protein 1,1.0,,Q14145,,
CHEMBL2073677,Homo sapiens,Q9NSA0,SLC22A11 | Solute carrier family 22 member 11 | Organic anion:dicarboxylate exchanger OAT4 | Organic anion transporter 4 | OAT4,2.0,,Q9NSA0,1|2,Q9NSA0-1|Q9NSA0-2
CHEMBL2079849,Homo sapiens,P05981,Transmembrane protease serine 1 | TMPRSS1 | HPN | Serine protease hepsin,1.0,,P05981,,
CHEMBL2146302,Homo sapiens,O94925,GLS | Glutaminase kidney isoform | L-glutamine amidohydrolase | GLS1 | mitochondrial | KIAA0838 | K-glutaminase,3.0,,O94925,1|2|3,O94925-1|O94925-2|O94925-3
CHEMBL2146312,Homo sapiens,Q14191,Bifunctional 3'-5' exonuclease/ATP-dependent helicase WRN | RECQ3 | DNA helicase | RecQ protein-like 2 | RecQ-like type 3 | Werner syndrome protein | RECQL2 | WRN,1.0,,Q14191,,
CHEMBL2146350,Rattus norvegicus,P35560,Romk1 | ATP-sensitive inward rectifier potassium channel 1 | Inward rectifier K(+) channel Kir1.1 | inwardly rectifying subfamily J member 1 | KAB-1 | ATP-regulated potassium channel ROM-K | Potassium channel | Kcnj1,6.0,,P35560,A|B|C|D|E|F,P35560-1|P35560-2|P35560-3|P35560-4|P35560-5|P35560-6
CHEMBL2150837,Homo sapiens,Q6PL18,ATAD2 | ATPase family AAA domain-containing protein 2 | ANCCA | AAA nuclear coregulator cancer-associated protein,2.0,,Q6PL18,1|2,Q6PL18-1|Q6PL18-2
CHEMBL2157850,Homo sapiens,Q93009,Ubiquitin-specific-processing protease 7 | HAUSP | Herpesvirus-associated ubiquitin-specific protease | Ubiquitin carboxyl-terminal hydrolase 7 | Ubiquitin thioesterase 7 | Deubiquitinating enzyme 7 | USP7,3.0,Active from pH 7.0 to 9.5.,Q93009,1|2|3,Q93009-1|Q93009-2|Q93009-3
CHEMBL2163171,Mus musculus,Q8VHL0,Slc14a1 | Urea transporter 1 | erythrocyte | UT-B | Urea transporter | Urea transporter B | Solute carrier family 14 member 1,2.0,,Q8VHL0,1|2,Q8VHL0-1|Q8VHL0-2
CHEMBL2163176,Homo sapiens,P41229,Lysine-specific demethylase 5C | JARID1C | DXS1272E | Protein SmcX | Jumonji/ARID domain-containing protein 1C | Protein Xe169 | Histone demethylase JARID1C | KDM5C | XE169 | [histone H3]-trimethyl-L-lysine(4) demethylase 5C | SMCX,5.0,,P41229,1|2|3|4|5,P41229-1|P41229-2|P41229-3|P41229-4|P41229-5
CHEMBL2163182,Homo sapiens,Q8N6T7,Protein mono-ADP-ribosyltransferase sirtuin-6 | SIR2-like protein 6 | NAD-dependent protein deacylase sirtuin-6 | SIR2L6 | NAD-dependent protein deacetylase sirtuin-6 | Regulatory protein SIR2 homolog 6 | hSIRT6 | SIRT6,2.0,,Q8N6T7,1|2,Q8N6T7-1|Q8N6T7-2
CHEMBL2163183,Homo sapiens,Q9NXA8,SIR2-like protein 5 | NAD-dependent protein deacylase sirtuin-5 | SIRT5 | SIR2L5 | mitochondrial | Regulatory protein SIR2 homolog 5,4.0,,Q9NXA8,1|2|3|4,Q9NXA8-1|Q9NXA8-2|Q9NXA8-3|Q9NXA8-4
CHEMBL2169716,Homo sapiens,Q9NRG4,SMYD2 | N-lysine methyltransferase SMYD2 | Histone methyltransferase SMYD2 | Lysine N-methyltransferase 3C | SET and MYND domain-containing protein 2 | HSKM-B | KMT3C,2.0,,Q9NRG4,1|2,Q9NRG4-1|Q9NRG4-2
CHEMBL2169718,Mus musculus,Q9Z148,Histone-lysine N-methyltransferase EHMT2 | Histone H3-K9 methyltransferase 3 | Ehmt2 | Bat8 | G9a | Euchromatic histone-lysine N-methyltransferase 2 | H3-K9-HMTase 3 | HLA-B-associated transcript 8 | Ng36 | Protein G9a,3.0,,Q9Z148,1|2|3,Q9Z148-1|Q9Z148-2|Q9Z148-3
CHEMBL2169720,Drosophila melanogaster,P45975,KMT1 | H3-K9-HMTase | Histone H3-K9 methyltransferase | Lysine N-methyltransferase 1 | Protein suppressor of variegation 3-9 | Su(var)3-9 | Histone-lysine N-methyltransferase Su(var)3-9,1.0,,P45975,,
CHEMBL2169724,Plasmodium falciparum,W7JX98,PKG | cGMP-dependent protein kinase,1.0,,W7JX98,,
CHEMBL2169736,Homo sapiens,O95551,ETS1-associated protein II | TRAF and TNF receptor-associated protein | Tyrosyl-DNA phosphodiesterase 2 | TTRAP | Tyrosyl-RNA phosphodiesterase | EAP2 | VPg unlinkase | Tyr-DNA phosphodiesterase 2 | 5'-Tyr-DNA phosphodiesterase | ETS1-associated protein 2 | EAPII | hTDP2 | TDP2 | 5'-tyrosyl-DNA phosphodiesterase,3.0,,O95551,1|2|3,O95551-1|O95551-2|O95551-3
CHEMBL2176771,Homo sapiens,P00746,Properdin factor D | DF | Complement factor D | C3 convertase activator | Adipsin | PFD | CFD,1.0,,P00746,,
CHEMBL2176774,Homo sapiens,O95696,Bromodomain-containing protein 1 | BRPF2 | BR140-like protein | BRL | BRD1 | Bromodomain and PHD finger-containing protein 2,2.0,,O95696,1|2,O95696-1|O95696-2
CHEMBL2176777,Homo sapiens,Q460N5,KIAA1268 | ARTD8 | Protein mono-ADP-ribosyltransferase PARP14 | B aggressive lymphoma protein 2 | Poly [ADP-ribose] polymerase 14 | PARP14 | BAL2 | PARP-14 | ADP-ribosyltransferase diphtheria toxin-like 8,5.0,,Q460N5,6|1|3|4|5,Q460N5-6|Q460N5-1|Q460N5-3|Q460N5-4|Q460N5-5
CHEMBL2176846,Homo sapiens,Q15109,AGER | Receptor for advanced glycosylation end products | Advanced glycosylation end product-specific receptor | RAGE,10.0,,Q15109,1|2|3|4|5|6|7|8|9|10,Q15109-1|Q15109-2|Q15109-3|Q15109-4|Q15109-5|Q15109-6|Q15109-7|Q15109-8|Q15109-9|Q15109-10
CHEMBL2189110,Homo sapiens,Q15910,Lysine N-methyltransferase 6 | ENX-1 | Histone-lysine N-methyltransferase EZH2 | Enhancer of zeste homolog 2 | KMT6 | EZH2,5.0,,Q15910,1|2|3|4|5,Q15910-1|Q15910-2|Q15910-3|Q15910-4|Q15910-5
CHEMBL2189117,Homo sapiens,O75530,WAIT-1 | hEED | Polycomb protein EED | WD protein associating with integrin cytoplasmic tails 1 | EED | Embryonic ectoderm development protein,3.0,,O75530,1|2|3,O75530-1|O75530-2|O75530-3
CHEMBL2189121,Homo sapiens,P01116,KRAS2 | c-K-ras | RASK2 | K-Ras 2 | c-Ki-ras | GTPase KRas | KRAS | Ki-Ras,2.0,,P01116,2A|2B,P01116-1|P01116-2|P01118-1
CHEMBL2189127,Homo sapiens,Q9BV23,2-arachidonoylglycerol hydrolase | ABHD6 | Abhydrolase domain-containing protein 6 | Monoacylglycerol lipase ABHD6,1.0,Optimum pH is 7.2-9 with 2-arachidonoyglycerol as substrate.,Q9BV23,,
CHEMBL2189158,Mus musculus,Q9JHG7,"PI3Kgamma | PtdIns-3-kinase subunit gamma | PI3K-gamma | Phosphatidylinositol 4,5-bisphosphate 3-kinase 110 kDa catalytic subunit gamma | Pi3kg1 | Phosphoinositide-3-kinase catalytic gamma polypeptide | Serine/threonine protein kinase PIK3CG | p120-PI3K | PtdIns-3-kinase subunit p110-gamma | Phosphatidylinositol 4,5-bisphosphate 3-kinase catalytic subunit gamma isoform | p110gamma | PI3-kinase subunit gamma | Pik3cg",1.0,,Q9JHG7,,
CHEMBL2242740,Arabidopsis thaliana,P93836,4-hydroxyphenylpyruvic acid oxidase | PDS1 | 4HPPD | HPD | 4-hydroxyphenylpyruvate dioxygenase | HPPDase,1.0,,P93836,1,P93836-1
CHEMBL2304402,Canis lupus familiaris,O77746,"PDE5A | cGMP-specific 3',5'-cyclic phosphodiesterase | CGB-PDE | PDE5 | cGMP-binding cGMP-specific phosphodiesterase",2.0,,O77746,PDE5A1|PDE5A2,O77746-1|O77746-2
CHEMBL2311243,Homo sapiens,O43175,D-3-phosphoglycerate dehydrogenase | PHGDH | 3-PGDH | PGDH3 | Malate dehydrogenase | 2-oxoglutarate reductase,1.0,,O43175,,
CHEMBL2321613,Homo sapiens,O14649,TASK1 | TASK | Potassium channel subfamily K member 3 | Two pore potassium channel KT3.1 | Acid-sensitive potassium channel protein TASK-1 | Two pore K(+) channel KT3.1 | TWIK-related acid-sensitive K(+) channel 1 | KCNK3,1.0,,O14649,,
CHEMBL2321614,Homo sapiens,Q9NPC2,Potassium channel subfamily K member 9 | Two pore K(+) channel KT3.2 | Acid-sensitive potassium channel protein TASK-3 | TWIK-related acid-sensitive K(+) channel 3 | Two pore potassium channel KT3.2 | KCNK9 | TASK3,1.0,,Q9NPC2,,
CHEMBL2321630,Homo sapiens,Q10469,"GlcNAc-T II | Alpha-1,6-mannosyl-glycoprotein 2-beta-N-acetylglucosaminyltransferase | MGAT2 | Mannoside acetylglucosaminyltransferase 2 | Beta-1,2-N-acetylglucosaminyltransferase II | GNT-II | N-glycosyl-oligosaccharide-glycoprotein N-acetylglucosaminyltransferase II",1.0,,Q10469,,
CHEMBL2331053,Homo sapiens,Q16875,"PFKFB3 | 6PF-2-K/Fru-2,6-P2ase 3 | iPFK-2 | Renal carcinoma antigen NY-REN-56 | 6PF-2-K/Fru-2,6-P2ase brain/placenta-type isozyme | PFK/FBPase 3 | 6-phosphofructo-2-kinase/fructose-2,6-bisphosphatase 3",4.0,,Q16875,1|2|3|4,Q16875-1|Q16875-2|Q16875-3|Q16875-4
CHEMBL2331061,Mus musculus,P28028,Braf | Serine/threonine-protein kinase B-raf | Proto-oncogene B-Raf | B-raf,2.0,,P28028,3|1,P28028-3|P28028-1
CHEMBL2331064,Homo sapiens,O15357,"INPPL-1 | SHIP2 | SHIP-2 | SH2 domain-containing inositol phosphatase 2 | SH2 domain-containing inositol 5'-phosphatase 2 | Phosphatidylinositol 3,4,5-trisphosphate 5-phosphatase 2 | Protein 51C | Inositol polyphosphate phosphatase-like protein 1 | INPPL1",2.0,,O15357,1|2,O15357-1|O15357-2
CHEMBL2331066,Rattus norvegicus,Q6IE75,Theta-secretase | Membrane-associated aspartic protease 1 | Bace2 | Memapsin-1 | Beta-site APP cleaving enzyme 2 | Beta-secretase 2 | Beta-site amyloid precursor protein cleaving enzyme 2,1.0,,Q6IE75,,
CHEMBL2331070,Rattus norvegicus,Q6P7S1,N-acylsphingosine amidohydrolase | Acid CDase | Acylsphingosine deacylase | N-acylethanolamine hydrolase ASAH1 | ACDase | Asah1 | AC | Acid ceramidase,1.0,,Q6P7S1,,
CHEMBL2346486,Homo sapiens,P40261,NNMT | Nicotinamide N-methyltransferase,1.0,,P40261,,
CHEMBL2346488,Homo sapiens,P12004,PCNA | Cyclin | Proliferating cell nuclear antigen,1.0,,P12004,,
CHEMBL2366456,Cavia porcellus,O35505,Calcium channel | CACNA1C | isoform 1 | cardiac muscle | Voltage-dependent L-type calcium channel subunit alpha-1C | CACH2 | CACN2 | CACNL1A1 | alpha-1 polypeptide | CCHL1A1 | L type | Voltage-gated calcium channel subunit alpha Cav1.2,2.0,,O35505,1|2,O35505-1|O35505-2
CHEMBL2366470,Drosophila melanogaster,P25162,AcrF | nAChRbeta2 | Acr96Ac | Nicotinic acetylcholine receptor beta 2 | SBD | Acetylcholine receptor subunit beta-like 2 | nAcRbeta-96,2.0,,P25162,A|B,P25162-1|P25162-2
CHEMBL2380190,Mus musculus,Q9WVG5,EDL | Endothelial lipase | Lipg | Endothelial cell-derived lipase | Phospholipase A1,1.0,,Q9WVG5,,
CHEMBL2401609,Flaveria bidentis,P46510,Carbonic anhydrase | Carbonate dehydratase,1.0,,P46510,,
CHEMBL2406899,Homo sapiens,Q93008,FAM | X-linked | Probable ubiquitin carboxyl-terminal hydrolase FAF-X | Ubiquitin-specific protease 9 | DFFRX | hFAM | USP9X | Ubiquitin-specific-processing protease FAF-X | Fat facets protein-related | Ubiquitin thioesterase FAF-X | Fat facets in mammals | X chromosome | Deubiquitinating enzyme FAF-X | USP9,2.0,,Q93008,1|2,Q93008-1|Q93008-3
CHEMBL2417347,Homo sapiens,Q9Y210,Short transient receptor potential channel 6 | TRPC6 | TRP6 | TRP-6 | TrpC6 | Transient receptor protein 6,3.0,,Q9Y210,1|2|3,Q9Y210-1|Q9Y210-2|Q9Y210-3
CHEMBL2417348,Homo sapiens,Q13507,TRPC3 | Short transient receptor potential channel 3 | TRP3 | TRP-3 | hTrp-3 | hTrp3 | TrpC3 | Transient receptor protein 3,2.0,,Q13507,1|2,Q13507-2|Q13507-3
CHEMBL2417353,Homo sapiens,Q86SG6,Serine/threonine-protein kinase Nek8 | NEK8 | Nima-related protein kinase 12a | NimA-related protein kinase 8 | NEK12A | Never in mitosis A-related kinase 8 | JCK,1.0,,Q86SG6,,
CHEMBL2424504,Homo sapiens,P29375,Lysine-specific demethylase 5A | JARID1A | RBBP2 | Jumonji/ARID domain-containing protein 1A | [histone H3]-trimethyl-L-lysine(4) demethylase 5A | RBP2 | Histone demethylase JARID1A | RBBP-2 | KDM5A | Retinoblastoma-binding protein 2,2.0,,P29375,1|2,P29375-1|P29375-2
CHEMBL2429708,Homo sapiens,Q53GL7,Poly [ADP-ribose] polymerase 10 | PARP10 | ADP-ribosyltransferase diphtheria toxin-like 10 | Protein mono-ADP-ribosyltransferase PARP10 | ARTD10 | PARP-10,1.0,,Q53GL7,,
CHEMBL3085613,Mycobacterium smegmatis,P0C559,DNA gyrase subunit B | gyrB,1.0,,P0C559,,
CHEMBL3091268,Homo sapiens,Q92753,RORB | Nuclear receptor RZR-beta | Retinoid-related orphan receptor-beta | RZRB | Nuclear receptor ROR-beta | Nuclear receptor subfamily 1 group F member 2 | NR1F2,2.0,,Q92753,2|1,Q92753-2|Q92753-1
CHEMBL3108639,Homo sapiens,Q9BXF3,Cat eye syndrome critical region protein 2 | Chromatin remodeling regulator CECR2 | CECR2 | KIAA1740,3.0,,Q9BXF3,A|B|C,Q9BXF3-1|Q9BXF3-2|Q9BXF3-3
CHEMBL3108640,Homo sapiens,Q9H8M2,Rhabdomyosarcoma antigen MU-RMS-40.8 | Bromodomain-containing protein 9 | BRD9,6.0,,Q9H8M2,1|2|3|4|5|6,Q9H8M2-5|Q9H8M2-2|Q9H8M2-3|Q9H8M2-4|Q9H8M2-1|Q9H8M2-6
CHEMBL3108642,Homo sapiens,Q9UIF9,BAZ2A | Bromodomain adjacent to zinc finger domain protein 2A | hWALp3 | TIP5 | KIAA0314 | TTF-I-interacting protein 5 | Tip5 | Transcription termination factor I-interacting protein 5,3.0,,Q9UIF9,2|1|3,Q9UIF9-1|Q9UIF9-2|Q9UIF9-3
CHEMBL3108644,Homo sapiens,Q9ULD4,KIAA1286 | BRPF3 | Bromodomain and PHD finger-containing protein 3,3.0,,Q9ULD4,1|2|3,Q9ULD4-1|Q9ULD4-2|Q9ULD4-3
CHEMBL3108648,Homo sapiens,Q9NR22,Heterogeneous nuclear ribonucleoprotein methyltransferase-like protein 4 | PRMT8 | Protein arginine N-methyltransferase 8 | HRMT1L3 | HRMT1L4,2.0,,Q9NR22,1|2,Q9NR22-1|Q9NR22-2
CHEMBL3112379,Homo sapiens,Q8NHU3,SGMS2 | Phosphatidylcholine:ceramide cholinephosphotransferase 2 | Sphingomyelin synthase 2 | SMS2,1.0,,Q8NHU3,,
CHEMBL3112384,Homo sapiens,O94788,Retinaldehyde-specific dehydrogenase type 2 | Aldehyde dehydrogenase family 1 member A2 | Retinal dehydrogenase 2 | ALDH1A2 | RALDH(II) | RALDH2 | RALDH 2 | RalDH2,4.0,,O94788,1|2|3|4,O94788-1|O94788-2|O94788-3|O94788-4
CHEMBL3132741,Homo sapiens,P55201,BR140 | Bromodomain and PHD finger-containing protein 1 | Protein Br140 | Peregrin | BRPF1,4.0,,P55201,1|2|3|4,P55201-1|P55201-2|P55201-3|P55201-4
CHEMBL3217390,Homo sapiens,P21675,TAF1 | TAF(II)250 | Transcription initiation factor TFIID 250 kDa subunit | TAFII250 | Cell cycle gene 1 protein | Transcription initiation factor TFIID subunit 1 | TBP-associated factor 250 kDa | p250 | BA2R | CCG1 | CCGS | TAFII-250 | TAF2A,12.0,,P21675,2|1|13|14|15|16|N-TAF1|2a|2c|2d|2e|2g|2h|2i|4,P21675-2|P21675-1|P21675-13|P21675-14|P21675-15|P21675-16|P21675-17|P21675-18|P21675-19|P21675-20|P21675-21|P21675-22|P21675-23|P21675-24|P21675-25
CHEMBL3232699,Rattus norvegicus,P07824,Liver-type arginase | Arginase-1 | Arg1 | Type I arginase,1.0,,P07824,,
CHEMBL3259465,Homo sapiens,Q9Y6I3,EPN1 | Epsin-1 | EPS-15-interacting protein 1 | EH domain-binding mitotic phosphoprotein,3.0,,Q9Y6I3,1|2|3,Q9Y6I3-2|Q9Y6I3-1|Q9Y6I3-3
CHEMBL3259474,Mus musculus,Q99KQ4,Nicotinamide phosphoribosyltransferase | PBEF | Pbef1 | NAmPRTase | Pre-B-cell colony-enhancing factor 1 homolog | Visfatin | Nampt,1.0,,Q99KQ4,,
CHEMBL3259478,Mus musculus,P35991,Bpk | Btk | Bruton tyrosine kinase | ATK | B-cell progenitor kinase | Agammaglobulinemia tyrosine kinase | BPK | Kinase EMB | Tyrosine-protein kinase BTK,1.0,,P35991,,
CHEMBL3286067,Homo sapiens,O95602,DNA-directed RNA polymerase I largest subunit | DNA-directed RNA polymerase I subunit A | A190 | RNA polymerase I 194 kDa subunit | DNA-directed RNA polymerase I subunit RPA1 | RNA polymerase I subunit A1 | POLR1A | RPA194,1.0,,O95602,,
CHEMBL3308912,Homo sapiens,Q9HCN6,Glycoprotein 6 | GPVI | GP6 | Platelet glycoprotein VI,3.0,,Q9HCN6,1|2|3,Q9HCN6-1|Q9HCN6-2|Q9HCN6-3
CHEMBL3308948,Rattus norvegicus,P27471, | Killer cell lectin-like receptor subfamily B member 1A | CD161 antigen-like family member A | Nkrp1a | NKR-P1 3.2.3 | Natural killer cell surface protein P1-3.2.3 | Antigen 3.2.3 | Klrb1a | NKR-P1A,1.0,,P27471,,
CHEMBL3317334,Homo sapiens,P40306,Multicatalytic endopeptidase complex subunit MECl-1 | Low molecular mass protein 10 | Proteasome subunit beta type-10 | MECL1 | Proteasome subunit beta-2i | LMP10 | Proteasome MECl-1 | PSMB10 | Macropain subunit MECl-1,1.0,,P40306,,
CHEMBL3329080,Mus musculus,O35084,25-hydroxyvitamin D-1 alpha hydroxylase | 25-hydroxyvitamin D(3) 1-alpha-hydroxylase | Cyp40 | Cytochrome P450VD1-alpha | Cytochrome P450 subfamily XXVIIB polypeptide 1 | Cytochrome P450C1 alpha | Cytochrome p450 27B1 | Calcidiol 1-monooxygenase | VD3 1A hydroxylase | 25-OHD-1 alpha-hydroxylase | Cyp27b1 | mitochondrial | Cyp27b,1.0,,O35084,,
CHEMBL3334418,Homo sapiens,P18669,PGAM1 | PGAMA | Phosphoglycerate mutase 1 | Phosphoglycerate mutase isozyme B | PGAM-B | BPG-dependent PGAM 1,1.0,,P18669,,
CHEMBL3351190,Homo sapiens,Q04756,HGF activator | HGFAC | Hepatocyte growth factor activator | HGFA,1.0,,Q04756,,
CHEMBL3396943,Homo sapiens,P29372,MPG | MID1 | AAG | DNA-3-methyladenine glycosylase | 3-alkyladenine DNA glycosylase | ANPG | N-methylpurine-DNA glycosylase | ADPG | 3-methyladenine DNA glycosidase,4.0,,P29372,1|2|3|4,P29372-1|P29372-2|P29372-4|P29372-5
CHEMBL3399911,Homo sapiens,P35520,Serine sulfhydrase | CBS | Beta-thionase | Cystathionine beta-synthase,2.0,,P35520,1|2,P35520-1|P35520-2
CHEMBL3407325,Homo sapiens,O14793,MSTN | GDF-8 | GDF8 | Myostatin | Growth/differentiation factor 8,1.0,,O14793,,
CHEMBL3414411,Mus musculus,Q62205,Voltage-gated sodium channel subunit alpha Nav1.7 | Scn9a | Sodium channel protein type 9 subunit alpha | PN1 | Kiaa4197 | Peripheral sodium channel 1 | Sodium channel protein type IX subunit alpha,1.0,,Q62205,,
CHEMBL3414416,Homo sapiens,Q96PN8,TSSK-3 | TSSK3 | Serine/threonine-protein kinase 22C | SPOGA3 | STK22C | Testis-specific kinase 3 | Testis-specific serine/threonine-protein kinase 3 | TSK-3,1.0,,Q96PN8,,
CHEMBL3559673,Pseudomonas aeruginosa,A0A0C7ACN7,pqsD,1.0,,A0A0C7ACN7,,
CHEMBL3559692,Homo sapiens,Q9NYV4,arginine/serine-rich | KIAA0904 | Cell division cycle 2-related protein kinase 7 | CDC2-related protein kinase 7 | CDK12 | hCDK12 | Cyclin-dependent kinase 12 | Cell division protein kinase 12 | CRK7 | CrkRS | CRKRS | Cdc2-related kinase,3.0,,Q9NYV4,1|2|3,Q9NYV4-1|Q9NYV4-2|Q9NYV4-3
CHEMBL3580522,Homo sapiens,Q9NZQ7, | PDCD1LG1 | hPD-L1 | PDCD1 ligand 1 | Programmed death ligand 1 | Programmed cell death 1 ligand 1 | CD274 | PDCD1L1 | B7 homolog 1 | B7H1 | PD-L1 | B7-H1 | PDL1,4.0,,Q9NZQ7,1|2|3|4,Q9NZQ7-1|Q9NZQ7-2|Q9NZQ7-3|Q9NZQ7-4
CHEMBL3593151,Mus musculus,Q9EQZ6,Epac2 | Exchange factor directly activated by cAMP 2 | cAMP-regulated guanine nucleotide exchange factor II | cAMP-GEFII | cAMP-dependent Rap1 guanine-nucleotide exchange factor | Cgef2 | Exchange protein directly activated by cAMP 2 | Rapgef4 | Rap guanine nucleotide exchange factor 4 | EPAC 2,3.0,,Q9EQZ6,1|2|3,Q9EQZ6-1|Q9EQZ6-2|Q9EQZ6-3
CHEMBL3593154,Sus scrofa,Q1W675,HMG-CoA reductase | HMGR | 3-hydroxy-3-methylglutaryl-coenzyme A reductase | HMGCR,1.0,,Q1W675,,
CHEMBL3596075,Homo sapiens,P15907,"B-cell antigen CD75 | ST6Gal I | Sialyltransferase 1 | CMP-N-acetylneuraminate-beta-galactosamide-alpha-2,6-sialyltransferase 1 | SIAT1 | Alpha 2,6-ST 1 | Beta-galactoside alpha-2,6-sialyltransferase 1 | ST6GalI | ST6GAL1",2.0,,P15907,1|2,P15907-1|P15907-2
CHEMBL3611961,Danio rerio,,,,,,,
CHEMBL3616354,Homo sapiens,O15382,PP18 | BCT2 | Placental protein 18 | BCATM | ECA40 | BCAT2 | mitochondrial | Branched-chain-amino-acid aminotransferase | BCAT(m),2.0,,O15382,A|B,O15382-1|O15382-2
CHEMBL3627581,Homo sapiens,Q6P5Z2,Protein kinase PKN-beta | PKNBETA | PKN3 | Serine/threonine-protein kinase N3 | Protein-kinase C-related kinase 3,1.0,,Q6P5Z2,,
CHEMBL3627582,Homo sapiens,Q9BXA6,TSSK-6 | TSK-6 | Serine/threonine-protein kinase SSTK | Testis-specific kinase 6 | Cancer/testis antigen 72 | Small serine/threonine kinase | TSSK6 | SSTK | Testis-specific serine/threonine-protein kinase 6 | CT72,1.0,,Q9BXA6,,
CHEMBL3627583,Homo sapiens,Q6VAB6,KSR2 | hKSR2 | Kinase suppressor of Ras 2,2.0,,Q6VAB6,1|2,Q6VAB6-1|Q6VAB6-2
CHEMBL3627584,Homo sapiens,Q5TCX8,MLK4 | Mitogen-activated protein kinase kinase kinase 21 | MAP3K21 | KIAA1804 | Mixed lineage kinase 4 | Mitogen-activated protein kinase kinase kinase MLK4,3.0,,Q5TCX8,1|2|3,Q5TCX8-1|Q5TCX8-2|Q5TCX8-3
CHEMBL3627585,Homo sapiens,Q9H792,Inactive tyrosine-protein kinase PEAK1 | PEAK1 | Tyrosine-protein kinase SgK269 | KIAA2002 | Sugen kinase 269 | Pseudopodium-enriched atypical kinase 1,1.0,,Q9H792,,
CHEMBL3627587,Homo sapiens,Q6ZQW0,"Indoleamine 2,3-dioxygenase-like protein 1 | IDO-2 | Indoleamine-pyrrole 2,3-dioxygenase-like protein 1 | IDO2 | Indoleamine 2,3-dioxygenase 2 | INDOL1",2.0,,Q6ZQW0,1|2,Q6ZQW0-1|Q6ZQW0-2
CHEMBL3627592,Homo sapiens,Q6P2M8,Pregnancy up-regulated non-ubiquitously-expressed CaM kinase | CaM-KI beta | CaMKI-beta | CaM kinase IB | CaM kinase I beta | Calcium/calmodulin-dependent protein kinase type 1B | PNCK,5.0,,Q6P2M8,1|2|3|4|5,Q6P2M8-1|Q6P2M8-2|Q6P2M8-3|Q6P2M8-5|Q6P2M8-6
CHEMBL3632452,Homo sapiens,Q9UDY8,MLT | Paracaspase | MALT1 | MALT lymphoma-associated translocation | Mucosa-associated lymphoid tissue lymphoma translocation protein 1,2.0,,Q9UDY8,1|2,Q9UDY8-1|Q9UDY8-2
CHEMBL3638324,Homo sapiens,P46093,G-protein coupled receptor 4 | GPR6C.l | GPR4 | G-protein coupled receptor 6C.l,1.0,,P46093,,
CHEMBL3708265,Homo sapiens,P36639,"8-oxo-dGTPase | Nucleoside diphosphate-linked moiety X motif 1 | NUDT1 | 2-hydroxy-dATP diphosphatase | Methylated purine nucleoside triphosphate hydrolase | MTH1 | Oxidized purine nucleoside triphosphate hydrolase | 7,8-dihydro-8-oxoguanine triphosphatase | Nudix motif 1",4.0,"Optimum pH is 7.8-8.2 with 8-oxo-dGTP as substrate, and 8.0-8.5 with 2-oxo-dATP as substrate.",P36639,p18|p26|p22|p21,P36639-4|P36639-1|P36639-2|P36639-3
CHEMBL3711550,Bos taurus,P21146,GRK2 | ADRBK1 | Beta-adrenergic receptor kinase 1 | G-protein-coupled receptor kinase 2 | Beta-ARK-1,1.0,,P21146,,
CHEMBL3712868,Homo sapiens,Q9BPX1,HSD17B14 | 17-beta-hydroxysteroid dehydrogenase DHRS10 | SDR47C1 | Short chain dehydrogenase/reductase family 47C member 1 | Retinal short-chain dehydrogenase/reductase retSDR3 | Dehydrogenase/reductase SDR family member 10 | 17-beta-hydroxysteroid dehydrogenase 14 | SDR3 | 17-beta-HSD 14 | DHRS10,1.0,,Q9BPX1,,
CHEMBL3714029,Homo sapiens,Q9Y4K0,Lysyl oxidase-related protein WS9-14 | Lysyl oxidase homolog 2 | LOXL2 | Lysyl oxidase-like protein 2 | Lysyl oxidase-related protein 2,1.0,,Q9Y4K0,,
CHEMBL3763007,Magnetospirillum gryphiswaldense,A4TVL0,MGR_0879,1.0,,A4TVL0,,
CHEMBL3769292,Homo sapiens,Q9H773,DCTPP1 | Deoxycytidine-triphosphatase 1 | XTP3TPA | RS21C6 | XTP3-transactivated gene A protein | dCTP pyrophosphatase 1 | dCTPase 1,1.0,,Q9H773,,
CHEMBL3774295,Homo sapiens,Q9UGL1,JARID1B | PLU1 | RBBP2H1 | Cancer/testis antigen 31 | CT31 | Histone demethylase JARID1B | PLU-1 | Lysine-specific demethylase 5B | Jumonji/ARID domain-containing protein 1B | KDM5B | RBP2-H1 | Retinoblastoma-binding protein 2 homolog 1 | [histone H3]-trimethyl-L-lysine(4) demethylase 5B,2.0,,Q9UGL1,1|2,Q9UGL1-1|Q9UGL1-2
CHEMBL3779755,Mus musculus,Q8R4B8,LRR and PYD domains-containing protein 3 | NACHT | Cold autoinflammatory syndrome 1 protein homolog | Pypaf1 | Mast cell maturation-associated-inducible protein 1 | Nalp3 | Nlrp3 | Cias1 | Cryopyrin | PYRIN-containing APAF1-like protein 1 | Mmig1,4.0,,Q8R4B8,1|2|3|4,Q8R4B8-1|Q8R4B8-2|Q8R4B8-3|Q8R4B8-4
CHEMBL3797017,Schistosoma mansoni,A5H660,HDAC8,1.0,,A5H660,,
CHEMBL3813586,Staphylococcus aureus (strain Newman),O07855,"Dehydrosqualene desaturase | 4,4'-diapophytoene desaturase (4,4'-diaponeurosporene-forming) | crtN",1.0,Optimum pH is 6.5.,O07855,,
CHEMBL3826870,Rattus norvegicus,Q64610,Atx | Ectonucleotide pyrophosphatase/phosphodiesterase family member 2 | Npps2 | Extracellular lysophospholipase D | Enpp2 | Autotaxin | E-NPP 2 | LysoPLD,2.0,,Q64610,1|2,Q64610-1|Q64610-2
CHEMBL3826871,Mus musculus,Q9R1E6,Pdnp2 | Ectonucleotide pyrophosphatase/phosphodiesterase family member 2 | E-NPP 2 | Extracellular lysophospholipase D | Enpp2 | Autotaxin | Npps2 | LysoPLD,3.0,"Optimum pH is 8.0 for isoforms 1, 2 and 3.",Q9R1E6,1|2|3,Q9R1E6-1|Q9R1E6-2|Q9R1E6-3
CHEMBL3988607,Plasmodium falciparum,Q17SB2,,1.0,,Q17SB2,,
CHEMBL3991501,Homo sapiens,P48735,IDP | NADP(+)-specific ICDH | IDH2 | ICD-M | Oxalosuccinate decarboxylase | IDH | mitochondrial | Isocitrate dehydrogenase [NADP],2.0,,P48735,1|2,P48735-1|P48735-2
CHEMBL4105786,Homo sapiens,P41182,B-cell lymphoma 6 protein | Zinc finger protein 51 | BCL-5 | BCL5 | Zinc finger and BTB domain-containing protein 27 | BCL-6 | ZNF51 | B-cell lymphoma 5 protein | Protein LAZ-3 | BCL6 | LAZ3 | ZBTB27,2.0,,P41182,1|2,P41182-1|P41182-2
CHEMBL4105832,Homo sapiens,P38919,DEAD box protein 48 | Eukaryotic translation initiation factor 4A isoform 3 | NMP 265 | KIAA0111 | ATP-dependent RNA helicase DDX48 | EIF4A3 | DDX48 | eIF4A-III | eIF-4A-III | Eukaryotic initiation factor 4A-like NUK-34 | hNMP 265 | ATP-dependent RNA helicase eIF4A-3 | Eukaryotic initiation factor 4A-III | Nuclear matrix protein 265,1.0,,P38919,,
CHEMBL4105838,Homo sapiens,Q96GG9,DCUN1L1 | DCUN1 domain-containing protein 1 | Squamous cell carcinoma-related oncogene | SCCRO | RP42 | DCN1-like protein 1 | DCNL1 | DCUN1D1 | Defective in cullin neddylation protein 1-like protein 1 | DCN1,1.0,,Q96GG9,,
CHEMBL4105845,Mus musculus,Q9D7Q1,Chitinase-1 | Chit1 | Chitotriosidase-1,2.0,,Q9D7Q1,1|2,Q9D7Q1-1|Q9D7Q1-2
CHEMBL4105859,Mus musculus,Q03145,Tyrosine-protein kinase receptor SEK-2 | Eck | Tyrosine-protein kinase receptor MPK-5 | Myk2 | Tyrosine-protein kinase receptor ECK | Epha2 | Ephrin type-A receptor 2 | Sek2 | Epithelial cell kinase,1.0,,Q03145,,
CHEMBL4105864,Rattus norvegicus,Q5U3Y7,Transmembrane protein 97 | Sigma-2 receptor | Sigma intracellular receptor 2 | Tmem97 | Sigma2 receptor | S2r,1.0,,Q5U3Y7,,
CHEMBL4105879,Homo sapiens,Q16820,N-benzoyl-L-tyrosyl-P-amino-benzoic acid hydrolase subunit beta | Endopeptidase-2 | PPH beta | Meprin A subunit beta | PABA peptide hydrolase | Meprin B | MEP1B,1.0,,Q16820,,
CHEMBL4105899,Homo sapiens,P63104,YWHAZ | KCIP-1 | 14-3-3 protein zeta/delta | Protein kinase C inhibitor protein 1,2.0,,P63104,1|2,P63104-1|P63104-2
CHEMBL4105905,Staphylococcus aureus (strain Mu50 / ATCC 700699),Q99R76,"Dehydrosqualene desaturase | 4,4'-diapophytoene desaturase (4,4'-diaponeurosporene-forming) | crtN",1.0,,Q99R76,,
CHEMBL4105907,Homo sapiens,Q5BJF2,Transmembrane protein 97 | Sigma-2 receptor | Sigma intracellular receptor 2 | S2R | Sigma2 receptor | Meningioma-associated protein 30 | TMEM97 | MAC30,1.0,,Q5BJF2,,
CHEMBL4105923,Rattus norvegicus,Q02974,Ketohexokinase | Khk | Hepatic fructokinase,2.0,,Q02974,C|A,Q02974-1|Q02974-2
CHEMBL4105932,Homo sapiens,Q76MJ5,IRE2 | hIRE2p | Inositol-requiring protein 2 | Endoplasmic reticulum-to-nucleus signaling 2 | ERN2 | IRE1b | Serine/threonine-protein kinase/endoribonuclease IRE2 | Ire1-beta,1.0,,Q76MJ5,,
CHEMBL4105989,Homo sapiens,P58215,LOXL3 | Lysyl oxidase-like protein 3 | LOXL | Lysyl oxidase homolog 3,3.0,,P58215,1|2|3,P58215-1|P58215-2|P58215-3
CHEMBL4295738,Homo sapiens,P29033,Connexin-26 | Gap junction beta-2 protein | Cx26 | GJB2,1.0,,P29033,,
CHEMBL4295985,Mus musculus,Q9WU19,Hao1 | GOX | HAOX1 | 2-Hydroxyacid oxidase 1 | Glycolate oxidase | Glyoxylate oxidase,1.0,,Q9WU19,,
CHEMBL4296326,Homo sapiens,P58335,Capillary morphogenesis gene 2 protein | CMG2 | ANTXR2 | CMG-2 | Anthrax toxin receptor 2,4.0,,P58335,1|2|3|4,P58335-1|P58335-2|P58335-3|P58335-4
CHEMBL4523191,Homo sapiens,P18510, | IL1RN | IL1F3 | IL1RA | IL1 inhibitor | ICIL-1RA | Interleukin-1 receptor antagonist protein | IL-1ra | IL-1RN | IRAP,4.0,,P18510,1|2|3|4,P18510-1|P18510-2|P18510-3|P18510-4
CHEMBL4523406,Homo sapiens,Q8TAX0,ODD | OSR1 | Protein odd-skipped-related 1,1.0,,Q8TAX0,,
CHEMBL4523470,Homo sapiens,Q9NY59,SMPD3 | nSMase-2 | nSMase2 | Neutral sphingomyelinase II | Neutral sphingomyelinase 2 | Sphingomyelin phosphodiesterase 3,2.0,Optimum pH is 7.5.,Q9NY59,1|2,Q9NY59-1|Q9NY59-2
CHEMBL4523509,Homo sapiens,Q9Y657,SPIN | SPIN1 | Spindlin1 | Spindlin-1 | Ovarian cancer-related protein | OCR,1.0,,Q9Y657,,
