uniprot_id,id,uniprot_id_primary,target_chembl_id,name,index
B1AH88,B1AH88-1,TSPO,CHEMBL5742,2,4348
B1AH88,B1AH88-1,TSPO,CHEMBL5742,pbr-s,4349
O00141,O00141-1,SGK1,CHEMBL2343,1,3960
O00141,O00141-2,SGK1,CHEMBL2343,2,3961
O00141,O00141-2,SGK1,CHEMBL2343,sgk1.1,3962
O00141,O00141-2,SGK1,CHEMBL2343,sgk1_v2,3963
O00141,O00141-3,SGK1,CHEMBL2343,3,3964
O00141,O00141-3,SGK1,CHEMBL2343,sgk1.2,3965
O00141,O00141-4,SGK1,CHEMBL2343,4,3966
O00141,O00141-5,SGK1,CHEMBL2343,5,3967
O00142,O00142-1,KITM,CHEMBL4580,1,2147
O00142,O00142-2,KITM,CHEMBL4580,2,2148
O00142,O00142-3,KITM,CHEMBL4580,3,2149
O00142,O00142-4,KITM,CHEMBL4580,4,2150
O00142,O00142-5,KITM,CHEMBL4580,5,2151
O00142,O00142-6,KITM,CHEMBL4580,6,2152
O00206,O00206-1,TLR4,CHEMBL5255,1,4218
O00206,O00206-2,TLR4,CHEMBL5255,2,4219
O00206,O00206-3,TLR4,CHEMBL5255,3,4220
O00238,O00238-1,BMR1B,CHEMBL5476,1,437
O00238,O00238-2,BMR1B,CHEMBL5476,2,438
O00255,O00255-1,MEN1,CHEMBL1615381,2,2485
O00255,O00255-1,MEN1,CHEMBL1615381,long,2486
O00255,O00255-2,MEN1,CHEMBL1615381,1,2487
O00255,O00255-2,MEN1,CHEMBL1615381,short,2488
O00255,O00255-3,MEN1,CHEMBL1615381,3,2489
O00311,O00311-1,CDC7,CHEMBL5443,1,766
O00329,O00329-1,PK3CD,CHEMBL3130,1,3492
O00329,O00329-1,PK3CD,CHEMBL3130,p110-delta,3493
O00329,O00329-2,PK3CD,CHEMBL3130,2,3494
O00329,O00329-2,PK3CD,CHEMBL3130,p37-delta,3495
O00408,O00408-1,PDE2A,CHEMBL2652,pde2a3,3270
O00408,O00408-2,PDE2A,CHEMBL2652,pde2a1,3271
O00408,O00408-3,PDE2A,CHEMBL2652,pde2a2,3272
O00408,O00408-4,PDE2A,CHEMBL2652,pde2a4,3273
O00408,O00408-5,PDE2A,CHEMBL2652,5,3274
O00408,O00408-6,PDE2A,CHEMBL2652,6,3275
O00443,O00443-1,P3C2A,CHEMBL1075102,1,3107
O00443,O00443-2,P3C2A,CHEMBL1075102,2,3108
O00444,O00444-1,PLK4,CHEMBL3788,1,3524
O00444,O00444-2,PLK4,CHEMBL3788,2,3525
O00444,O00444-3,PLK4,CHEMBL3788,3,3526
O00481,O00481-1,BT3A1,CHEMBL4105758,1,494
O00481,O00481-2,BT3A1,CHEMBL4105758,2,495
O00481,O00481-3,BT3A1,CHEMBL4105758,3,496
O00481,O00481-4,BT3A1,CHEMBL4105758,4,497
O00506,O00506-1,STK25,CHEMBL5552,1,4081
O00506,O00506-2,STK25,CHEMBL5552,2,4082
O00506,O00506-3,STK25,CHEMBL5552,3,4083
O00571,O00571-1,DDX3X,CHEMBL5553,1,977
O00571,O00571-2,DDX3X,CHEMBL5553,2,978
O00748,O00748-1,EST2,CHEMBL3180,1,1305
O00748,O00748-2,EST2,CHEMBL3180,2,1306
O00748,O00748-4,EST2,CHEMBL3180,3,1307
O00748,O00748-5,EST2,CHEMBL3180,4,1308
O00763,O00763-1,ACACB,CHEMBL4829,1,122
O00763,O00763-1,ACACB,CHEMBL4829,long,123
O00763,O00763-2,ACACB,CHEMBL4829,2,124
O00763,O00763-2,ACACB,CHEMBL4829,short,125
O00763,O00763-3,ACACB,CHEMBL4829,3,126
O00763,O00763-3,ACACB,CHEMBL4829,acc2.v2,127
O08532,O08532-1,CA2D1,CHEMBL4676,2a,502
O08532,O08532-2,CA2D1,CHEMBL4676,2b,503
O08532,O08532-3,CA2D1,CHEMBL4676,2c,504
O08532,O08532-4,CA2D1,CHEMBL4676,2d,505
O08532,O08532-5,CA2D1,CHEMBL4676,2e,506
O14578,O14578-1,CTRO,CHEMBL5579,1,922
O14578,O14578-1,CTRO,CHEMBL5579,long,923
O14578,O14578-2,CTRO,CHEMBL5579,2,924
O14578,O14578-2,CTRO,CHEMBL5579,short,925
O14578,O14578-2,CTRO,CHEMBL5579,crik-sk,926
O14578,O14578-3,CTRO,CHEMBL5579,3,927
O14578,O14578-4,CTRO,CHEMBL5579,4,928
O14672,O14672-1,ADA10,CHEMBL5028,1,197
O14672,O14672-2,ADA10,CHEMBL5028,2,198
O14733,O14733-1,MP2K7,CHEMBL3530,1,2603
O14733,O14733-1,MP2K7,CHEMBL3530,a,2604
O14733,O14733-2,MP2K7,CHEMBL3530,2,2605
O14733,O14733-2,MP2K7,CHEMBL3530,b,2606
O14733,O14733-3,MP2K7,CHEMBL3530,3,2607
O14733,O14733-3,MP2K7,CHEMBL3530,gamma1,2608
O14733,O14733-4,MP2K7,CHEMBL3530,4,2609
O14744,O14744-1,ANM5,CHEMBL1795116,1,266
O14744,O14744-2,ANM5,CHEMBL1795116,2,267
O14744,O14744-3,ANM5,CHEMBL1795116,3,268
O14744,O14744-4,ANM5,CHEMBL1795116,4,269
O14744,O14744-5,ANM5,CHEMBL1795116,5,270
O14745,O14745-1,NHRF1,CHEMBL4523125,1,2755
O14745,O14745-2,NHRF1,CHEMBL4523125,2,2756
O14746,O14746-1,TERT,CHEMBL2916,1,4169
O14746,O14746-2,TERT,CHEMBL2916,2,4170
O14746,O14746-3,TERT,CHEMBL2916,3,4171
O14746,O14746-4,TERT,CHEMBL2916,4,4172
O14757,O14757-1,CHK1,CHEMBL4630,1,814
O14757,O14757-2,CHK1,CHEMBL4630,2,815
O14757,O14757-2,CHK1,CHEMBL4630,chk1-short,816
O14757,O14757-2,CHK1,CHEMBL4630,chk1-s,817
O14757,O14757-3,CHK1,CHEMBL4630,3,818
O14786,O14786-1,NRP1,CHEMBL5174,1,2919
O14786,O14786-1,NRP1,CHEMBL5174,membrane-bound,2920
O14786,O14786-2,NRP1,CHEMBL5174,2,2921
O14786,O14786-2,NRP1,CHEMBL5174,soluble,2922
O14786,O14786-2,NRP1,CHEMBL5174,snrp1,2923
O14786,O14786-3,NRP1,CHEMBL5174,3,2924
O14920,O14920-1,IKKB,CHEMBL1991,1,1867
O14920,O14920-2,IKKB,CHEMBL1991,2,1868
O14920,O14920-3,IKKB,CHEMBL1991,3,1869
O14920,O14920-4,IKKB,CHEMBL1991,4,1870
O14939,O14939-1,PLD2,CHEMBL2734,pld2a,3513
O14939,O14939-3,PLD2,CHEMBL2734,pld2c,3514
O14939,O14939-4,PLD2,CHEMBL2734,pld2b,3515
O14976,O14976-1,GAK,CHEMBL4355,1,1493
O14976,O14976-2,GAK,CHEMBL4355,2,1494
O15054,O15054-1,KDM6B,CHEMBL1938211,1,2103
O15054,O15054-2,KDM6B,CHEMBL1938211,2,2104
O15075,O15075-1,DCLK1,CHEMBL5683,2,953
O15075,O15075-1,DCLK1,CHEMBL5683,al,954
O15075,O15075-2,DCLK1,CHEMBL5683,1,955
O15075,O15075-2,DCLK1,CHEMBL5683,as,956
O15075,O15075-3,DCLK1,CHEMBL5683,3,957
O15075,O15075-3,DCLK1,CHEMBL5683,bs,958
O15075,O15075-4,DCLK1,CHEMBL5683,4,959
O15075,O15075-4,DCLK1,CHEMBL5683,bl,960
O15120,O15120-1,PLCB,CHEMBL4772,1,3507
O15120,O15120-2,PLCB,CHEMBL4772,2,3508
O15146,O15146-1,MUSK,CHEMBL5684,1,2679
O15146,O15146-2,MUSK,CHEMBL5684,2,2680
O15146,O15146-3,MUSK,CHEMBL5684,3,2681
O15151,O15151-1,MDM4,CHEMBL1255126,1,2468
O15151,O15151-2,MDM4,CHEMBL1255126,2,2469
O15151,O15151-2,MDM4,CHEMBL1255126,mdmx-s,2470
O15151,O15151-3,MDM4,CHEMBL1255126,3,2471
O15151,O15151-3,MDM4,CHEMBL1255126,mdmx,2472
O15151,O15151-4,MDM4,CHEMBL1255126,hdmx211,2473
O15151,O15151-5,MDM4,CHEMBL1255126,5,2474
O15164,O15164-1,TIF1A,CHEMBL3108638,long,4206
O15164,O15164-2,TIF1A,CHEMBL3108638,short,4207
O15229,O15229-1,KMO,CHEMBL2145,1,2184
O15229,O15229-2,KMO,CHEMBL2145,2,2185
O15229,O15229-3,KMO,CHEMBL2145,3,2186
O15264,O15264-1,MK13,CHEMBL2939,1,2545
O15264,O15264-2,MK13,CHEMBL2939,2,2546
O15297,O15297-1,PPM1D,CHEMBL1938224,1,3598
O15297,O15297-2,PPM1D,CHEMBL1938224,2,3599
O15305,O15305-1,PMM2,CHEMBL1741162,1,3531
O15305,O15305-2,PMM2,CHEMBL1741162,2,3532
O15357,O15357-1,SHIP2,CHEMBL2331064,1,3983
O15357,O15357-2,SHIP2,CHEMBL2331064,2,3984
O15379,O15379-1,HDAC3,CHEMBL1829,1,1734
O15379,O15379-1,HDAC3,CHEMBL1829,rpd3-2b,1735
O15379,O15379-2,HDAC3,CHEMBL1829,2,1736
O15379,O15379-2,HDAC3,CHEMBL1829,rpd3-2a,1737
O15382,O15382-1,BCAT2,CHEMBL3616354,a,405
O15382,O15382-2,BCAT2,CHEMBL3616354,b,406
O15530,O15530-1,PDPK1,CHEMBL2534,1,3397
O15530,O15530-2,PDPK1,CHEMBL2534,2,3398
O15530,O15530-3,PDPK1,CHEMBL2534,3,3399
O15530,O15530-4,PDPK1,CHEMBL2534,4,3400
O15530,O15530-5,PDPK1,CHEMBL2534,5,3401
O15540,O15540-1,FABP7,CHEMBL3826863,1,1325
O15540,O15540-2,FABP7,CHEMBL3826863,2,1326
O35433,O35433-1,TRPV1,CHEMBL5102,1,4300
O35433,O35433-1,TRPV1,CHEMBL5102,vr1l1,4301
O35433,O35433-2,TRPV1,CHEMBL5102,2,4302
O35433,O35433-2,TRPV1,CHEMBL5102,vr1l2,4303
O35433,O35433-3,TRPV1,CHEMBL5102,3,4304
O35433,O35433-3,TRPV1,CHEMBL5102,vr.5'sv,4305
O35493,O35493-1,CLK4,CHEMBL1075283,1,869
O35493,O35493-2,CLK4,CHEMBL1075283,2,870
O35505,O35505-1,CAC1C,CHEMBL2366456,1,520
O35505,O35505-2,CAC1C,CHEMBL2366456,2,521
O35678,O35678-1,MGLL,CHEMBL5774,1,2496
O35678,O35678-2,MGLL,CHEMBL5774,2,2497
O35795,O35795-1,ENTP2,CHEMBL3300,1,1185
O35795,O35795-2,ENTP2,CHEMBL3300,2,1186
O35904,O35904-1,PK3CD,CHEMBL2216745,1,3496
O35904,O35904-1,PK3CD,CHEMBL2216745,p110-delta,3497
O35904,O35904-2,PK3CD,CHEMBL2216745,2,3498
O43174,O43174-1,CP26A,CHEMBL5141,1,906
O43174,O43174-2,CP26A,CHEMBL5141,2,907
O43293,O43293-1,DAPK3,CHEMBL2468,1,949
O43293,O43293-1,DAPK3,CHEMBL2468,zipk-l,950
O43293,O43293-2,DAPK3,CHEMBL2468,2,951
O43293,O43293-2,DAPK3,CHEMBL2468,zipk-s,952
O43318,O43318-1,M3K7,CHEMBL5776,1b,2362
O43318,O43318-2,M3K7,CHEMBL5776,1a,2363
O43318,O43318-3,M3K7,CHEMBL5776,1c,2364
O43318,O43318-4,M3K7,CHEMBL5776,1d,2365
O43353,O43353-1,RIPK2,CHEMBL5014,1,3772
O43353,O43353-2,RIPK2,CHEMBL5014,2,3773
O43451,O43451-1,MGA,CHEMBL2074,1,2494
O43451,O43451-2,MGA,CHEMBL2074,2,2495
O43463,O43463-1,SUV91,CHEMBL1795118,1,4097
O43463,O43463-2,SUV91,CHEMBL1795118,2,4098
O43497,O43497-1,CAC1G,CHEMBL4641,5,592
O43497,O43497-10,CAC1G,CHEMBL4641,10,593
O43497,O43497-11,CAC1G,CHEMBL4641,11,594
O43497,O43497-11,CAC1G,CHEMBL4641,variant 185,595
O43497,O43497-12,CAC1G,CHEMBL4641,12,596
O43497,O43497-12,CAC1G,CHEMBL4641,variant 189,597
O43497,O43497-13,CAC1G,CHEMBL4641,13,598
O43497,O43497-13,CAC1G,CHEMBL4641,variant 153,599
O43497,O43497-15,CAC1G,CHEMBL4641,14,600
O43497,O43497-15,CAC1G,CHEMBL4641,variant 137,601
O43497,O43497-16,CAC1G,CHEMBL4641,15,602
O43497,O43497-16,CAC1G,CHEMBL4641,variant 157,603
O43497,O43497-17,CAC1G,CHEMBL4641,16,604
O43497,O43497-17,CAC1G,CHEMBL4641,variant 169,605
O43497,O43497-18,CAC1G,CHEMBL4641,17,606
O43497,O43497-18,CAC1G,CHEMBL4641,variant 184,607
O43497,O43497-19,CAC1G,CHEMBL4641,18,608
O43497,O43497-19,CAC1G,CHEMBL4641,variant 216,609
O43497,O43497-2,CAC1G,CHEMBL4641,1,610
O43497,O43497-2,CAC1G,CHEMBL4641,variant 89,611
O43497,O43497-20,CAC1G,CHEMBL4641,19,612
O43497,O43497-20,CAC1G,CHEMBL4641,variant 223,613
O43497,O43497-21,CAC1G,CHEMBL4641,20,614
O43497,O43497-21,CAC1G,CHEMBL4641,variant 249,615
O43497,O43497-22,CAC1G,CHEMBL4641,21,616
O43497,O43497-22,CAC1G,CHEMBL4641,variant 313,617
O43497,O43497-23,CAC1G,CHEMBL4641,22,618
O43497,O43497-23,CAC1G,CHEMBL4641,variant 409,619
O43497,O43497-24,CAC1G,CHEMBL4641,23,620
O43497,O43497-24,CAC1G,CHEMBL4641,variant 441,621
O43497,O43497-25,CAC1G,CHEMBL4641,24,622
O43497,O43497-25,CAC1G,CHEMBL4641,variant 477,623
O43497,O43497-26,CAC1G,CHEMBL4641,25,624
O43497,O43497-26,CAC1G,CHEMBL4641,variant 473,625
O43497,O43497-27,CAC1G,CHEMBL4641,26,626
O43497,O43497-27,CAC1G,CHEMBL4641,variant 17,627
O43497,O43497-28,CAC1G,CHEMBL4641,27,628
O43497,O43497-28,CAC1G,CHEMBL4641,variant 33,629
O43497,O43497-29,CAC1G,CHEMBL4641,28,630
O43497,O43497-29,CAC1G,CHEMBL4641,variant 49,631
O43497,O43497-3,CAC1G,CHEMBL4641,2,632
O43497,O43497-3,CAC1G,CHEMBL4641,variant 25,633
O43497,O43497-3,CAC1G,CHEMBL4641,alpha-1g-b,634
O43497,O43497-30,CAC1G,CHEMBL4641,29,635
O43497,O43497-30,CAC1G,CHEMBL4641,variant 145,636
O43497,O43497-31,CAC1G,CHEMBL4641,30,637
O43497,O43497-31,CAC1G,CHEMBL4641,variant 177,638
O43497,O43497-32,CAC1G,CHEMBL4641,31,639
O43497,O43497-32,CAC1G,CHEMBL4641,variant 209,640
O43497,O43497-33,CAC1G,CHEMBL4641,32,641
O43497,O43497-34,CAC1G,CHEMBL4641,33,642
O43497,O43497-34,CAC1G,CHEMBL4641,variant 441-d81,643
O43497,O43497-35,CAC1G,CHEMBL4641,34,644
O43497,O43497-35,CAC1G,CHEMBL4641,variant 473-d75,645
O43497,O43497-36,CAC1G,CHEMBL4641,35,646
O43497,O43497-36,CAC1G,CHEMBL4641,variant 473-d81,647
O43497,O43497-4,CAC1G,CHEMBL4641,3,648
O43497,O43497-5,CAC1G,CHEMBL4641,4,649
O43497,O43497-5,CAC1G,CHEMBL4641,variant 88,650
O43497,O43497-6,CAC1G,CHEMBL4641,6,651
O43497,O43497-6,CAC1G,CHEMBL4641,variant 217,652
O43497,O43497-7,CAC1G,CHEMBL4641,7,653
O43497,O43497-7,CAC1G,CHEMBL4641,variant 221,654
O43497,O43497-8,CAC1G,CHEMBL4641,8,655
O43497,O43497-8,CAC1G,CHEMBL4641,variant 93,656
O43497,O43497-9,CAC1G,CHEMBL4641,9,657
O43497,O43497-9,CAC1G,CHEMBL4641,variant 57,658
O43570,O43570-1,CAH12,CHEMBL3242,1,671
O43570,O43570-2,CAH12,CHEMBL3242,2,672
O43781,O43781-1,DYRK3,CHEMBL4575,1,1098
O43781,O43781-1,DYRK3,CHEMBL4575,long,1099
O43781,O43781-2,DYRK3,CHEMBL4575,2,1100
O43781,O43781-2,DYRK3,CHEMBL4575,short,1101
O54735,O54735-1,PDE5A,CHEMBL4567,pde5a2,3354
O54735,O54735-2,PDE5A,CHEMBL4567,pde5a1,3355
O60285,O60285-1,NUAK1,CHEMBL5784,1,2954
O60285,O60285-2,NUAK1,CHEMBL5784,2,2955
O60341,O60341-1,KDM1A,CHEMBL6136,1,2077
O60341,O60341-2,KDM1A,CHEMBL6136,2,2078
O60427,O60427-1,FADS1,CHEMBL5840,1,1327
O60427,O60427-1,FADS1,CHEMBL5840,fads1cs,1328
O60427,O60427-2,FADS1,CHEMBL5840,2,1329
O60427,O60427-2,FADS1,CHEMBL5840,fads1at1,1330
O60502,O60502-1,OGA,CHEMBL5921,1,2956
O60502,O60502-2,OGA,CHEMBL5921,2,2957
O60502,O60502-3,OGA,CHEMBL5921,3,2958
O60502,O60502-3,OGA,CHEMBL5921,mgea5s,2959
O60502,O60502-4,OGA,CHEMBL5921,4,2960
O60678,O60678-1,ANM3,CHEMBL5891,1,264
O60678,O60678-2,ANM3,CHEMBL5891,2,265
O60733,O60733-1,PLPL9,CHEMBL3213,lh-ipla2,3527
O60733,O60733-2,PLPL9,CHEMBL3213,sh-ipla2,3528
O60733,O60733-3,PLPL9,CHEMBL3213,ankyrin-ipla2-1,3529
O60733,O60733-4,PLPL9,CHEMBL3213,ankyrin-ipla2-2,3530
O60885,O60885-1,BRD4,CHEMBL1163125,a,449
O60885,O60885-1,BRD4,CHEMBL1163125,brd4l,450
O60885,O60885-1,BRD4,CHEMBL1163125,long,451
O60885,O60885-2,BRD4,CHEMBL1163125,c,452
O60885,O60885-2,BRD4,CHEMBL1163125,brd4s,453
O60885,O60885-2,BRD4,CHEMBL1163125,short,454
O60885,O60885-3,BRD4,CHEMBL1163125,b,455
O70212,O70212-1,5HT3A,CHEMBL3666,1,10
O70212,O70212-1,5HT3A,CHEMBL3666,5-ht3r-l,11
O70212,O70212-2,5HT3A,CHEMBL3666,2,12
O70212,O70212-2,5HT3A,CHEMBL3666,5-ht3r-s,13
O70528,O70528-1,5HT4R,CHEMBL5017,1,21
O75164,O75164-1,KDM4A,CHEMBL5896,1,2087
O75164,O75164-2,KDM4A,CHEMBL5896,2,2088
O75164,O75164-2,KDM4A,CHEMBL5896,deltan-jmjd2a,2089
O75173,O75173-1,ATS4,CHEMBL2318,1,351
O75173,O75173-2,ATS4,CHEMBL2318,2,352
O75173,O75173-2,ATS4,CHEMBL2318,adamts4_v1,353
O75365,O75365-1,TP4A3,CHEMBL4162,1,4265
O75365,O75365-2,TP4A3,CHEMBL4162,2,4266
O75365,O75365-3,TP4A3,CHEMBL4162,3,4267
O75365,O75365-3,TP4A3,CHEMBL4162,short,4268
O75460,O75460-1,ERN1,CHEMBL1163101,1,1255
O75460,O75460-2,ERN1,CHEMBL1163101,2,1256
O75530,O75530-1,EED,CHEMBL2189117,1,1132
O75530,O75530-2,EED,CHEMBL2189117,2,1133
O75530,O75530-3,EED,CHEMBL2189117,3,1134
O75582,O75582-1,KS6A5,CHEMBL4237,1,2240
O75582,O75582-2,KS6A5,CHEMBL4237,2,2241
O75582,O75582-3,KS6A5,CHEMBL4237,3,2242
O75643,O75643-1,U520,CHEMBL4105972,1,4367
O75643,O75643-2,U520,CHEMBL4105972,2,4368
O75676,O75676-1,KS6A4,CHEMBL3125,1,2238
O75676,O75676-2,KS6A4,CHEMBL3125,2,2239
O75914,O75914-1,PAK3,CHEMBL2999,1,3144
O75914,O75914-1,PAK3,CHEMBL2999,pak3b,3145
O75914,O75914-2,PAK3,CHEMBL2999,2,3146
O75914,O75914-3,PAK3,CHEMBL2999,3,3147
O75914,O75914-3,PAK3,CHEMBL2999,pak3cb,3148
O75914,O75914-4,PAK3,CHEMBL2999,4,3149
O75914,O75914-4,PAK3,CHEMBL2999,pak3c,3150
O76074,O76074-1,PDE5A,CHEMBL1827,pde5a1,3356
O76074,O76074-2,PDE5A,CHEMBL1827,pde5a2,3357
O76083,O76083-1,PDE9A,CHEMBL3535,pde9a1,3363
O76083,O76083-10,PDE9A,CHEMBL3535,pde9a11,3364
O76083,O76083-10,PDE9A,CHEMBL3535,pde9a15,3365
O76083,O76083-10,PDE9A,CHEMBL3535,9a15,3366
O76083,O76083-11,PDE9A,CHEMBL3535,pde9a12,3367
O76083,O76083-12,PDE9A,CHEMBL3535,pde9a13,3368
O76083,O76083-13,PDE9A,CHEMBL3535,pde9a16,3369
O76083,O76083-14,PDE9A,CHEMBL3535,pde9a17,3370
O76083,O76083-15,PDE9A,CHEMBL3535,pde9a18,3371
O76083,O76083-16,PDE9A,CHEMBL3535,pde9a21,3372
O76083,O76083-2,PDE9A,CHEMBL3535,pde9a2,3373
O76083,O76083-3,PDE9A,CHEMBL3535,pde9a3,3374
O76083,O76083-4,PDE9A,CHEMBL3535,pde9a4,3375
O76083,O76083-5,PDE9A,CHEMBL3535,pde9a5,3376
O76083,O76083-6,PDE9A,CHEMBL3535,pde9a6,3377
O76083,O76083-6,PDE9A,CHEMBL3535,pde9a5,3378
O76083,O76083-6,PDE9A,CHEMBL3535,9a5,3379
O76083,O76083-7,PDE9A,CHEMBL3535,pde9a7,3380
O76083,O76083-7,PDE9A,CHEMBL3535,pde9a8,3381
O76083,O76083-7,PDE9A,CHEMBL3535,9a8,3382
O76083,O76083-7,PDE9A,CHEMBL3535,pde9a14,3383
O76083,O76083-7,PDE9A,CHEMBL3535,9a14,3384
O76083,O76083-7,PDE9A,CHEMBL3535,pde9a19,3385
O76083,O76083-7,PDE9A,CHEMBL3535,9a19,3386
O76083,O76083-7,PDE9A,CHEMBL3535,pde9a20,3387
O76083,O76083-7,PDE9A,CHEMBL3535,9a20,3388
O76083,O76083-8,PDE9A,CHEMBL3535,pde9a9,3389
O76083,O76083-9,PDE9A,CHEMBL3535,pde9a10,3390
O77746,O77746-1,PDE5A,CHEMBL2304402,pde5a1,3358
O77746,O77746-2,PDE5A,CHEMBL2304402,pde5a2,3359
O88587,O88587-1,COMT,CHEMBL3286068,membrane-bound,885
O88587,O88587-1,COMT,CHEMBL3286068,mb-comt,886
O88587,O88587-2,COMT,CHEMBL3286068,soluble,887
O88587,O88587-2,COMT,CHEMBL3286068,s-comt,888
O94759,O94759-1,TRPM2,CHEMBL1250402,1,4287
O94759,O94759-1,TRPM2,CHEMBL1250402,trpm2-l,4288
O94759,O94759-2,TRPM2,CHEMBL1250402,2,4289
O94759,O94759-3,TRPM2,CHEMBL1250402,3,4290
O94759,O94759-3,TRPM2,CHEMBL1250402,trpm2-s,4291
O94788,O94788-1,AL1A2,CHEMBL3112384,1,242
O94788,O94788-2,AL1A2,CHEMBL3112384,2,243
O94788,O94788-3,AL1A2,CHEMBL3112384,3,244
O94788,O94788-4,AL1A2,CHEMBL3112384,4,245
O94806,O94806-1,KPCD3,CHEMBL2595,1,2207
O94806,O94806-2,KPCD3,CHEMBL2595,2,2208
O94925,O94925-1,GLSK,CHEMBL2146302,1,1558
O94925,O94925-1,GLSK,CHEMBL2146302,kga,1559
O94925,O94925-2,GLSK,CHEMBL2146302,2,1560
O94925,O94925-2,GLSK,CHEMBL2146302,gam,1561
O94925,O94925-3,GLSK,CHEMBL2146302,3,1562
O94925,O94925-3,GLSK,CHEMBL2146302,glutaminase c,1563
O94925,O94925-3,GLSK,CHEMBL2146302,gac,1564
O95180,O95180-1,CAC1H,CHEMBL1859,1,659
O95180,O95180-1,CAC1H,CHEMBL1859,a1h-a,660
O95180,O95180-2,CAC1H,CHEMBL1859,2,661
O95180,O95180-2,CAC1H,CHEMBL1859,a1h-b,662
O95235,O95235-1,KI20A,CHEMBL2021753,1,2126
O95235,O95235-2,KI20A,CHEMBL2021753,2,2127
O95267,O95267-1,GRP1,CHEMBL5953,1,1677
O95267,O95267-2,GRP1,CHEMBL5953,2,1678
O95267,O95267-2,GRP1,CHEMBL5953,a,1679
O95267,O95267-3,GRP1,CHEMBL5953,3,1680
O95267,O95267-3,GRP1,CHEMBL5953,b,1681
O95267,O95267-4,GRP1,CHEMBL5953,4,1682
O95267,O95267-4,GRP1,CHEMBL5953,c,1683
O95267,O95267-5,GRP1,CHEMBL5953,5,1684
O95267,O95267-5,GRP1,CHEMBL5953,d,1685
O95271,O95271-1,TNKS1,CHEMBL6164,1,4248
O95271,O95271-2,TNKS1,CHEMBL6164,2,4249
O95382,O95382-1,M3K6,CHEMBL1163123,1,2359
O95382,O95382-2,M3K6,CHEMBL1163123,2,2360
O95382,O95382-3,M3K6,CHEMBL1163123,3,2361
O95398,O95398-1,RPGF3,CHEMBL2029197,1,3802
O95398,O95398-2,RPGF3,CHEMBL2029197,2,3803
O95398,O95398-3,RPGF3,CHEMBL2029197,3,3804
O95551,O95551-1,TYDP2,CHEMBL2169736,1,4355
O95551,O95551-2,TYDP2,CHEMBL2169736,2,4356
O95551,O95551-3,TYDP2,CHEMBL2169736,3,4357
O95696,O95696-1,BRD1,CHEMBL2176774,1,441
O95696,O95696-2,BRD1,CHEMBL2176774,2,442
O95718,O95718-1,ERR2,CHEMBL3751,1,1259
O95718,O95718-1,ERR2,CHEMBL3751,errbeta2-delta10,1260
O95718,O95718-2,ERR2,CHEMBL3751,2,1261
O95718,O95718-2,ERR2,CHEMBL3751,errbeta2,1262
O95718,O95718-3,ERR2,CHEMBL3751,3,1263
O95718,O95718-3,ERR2,CHEMBL3751,errbeta-short-form,1264
O95718,O95718-3,ERR2,CHEMBL3751,errbeta-s-form,4502
O95749,O95749-1,GGPPS,CHEMBL4769,1,1546
O95749,O95749-2,GGPPS,CHEMBL4769,2,1547
O95819,O95819-1,M4K4,CHEMBL6166,1,2375
O95819,O95819-1,M4K4,CHEMBL6166,tumor-associated,2376
O95819,O95819-2,M4K4,CHEMBL6166,2,2377
O95819,O95819-3,M4K4,CHEMBL6166,3,2378
O95819,O95819-4,M4K4,CHEMBL6166,4,2379
O95819,O95819-4,M4K4,CHEMBL6166,hgk-s,2380
O95819,O95819-5,M4K4,CHEMBL6166,5,2381
O95819,O95819-5,M4K4,CHEMBL6166,hgk-l,2382
O95819,O95819-6,M4K4,CHEMBL6166,6,2383
O95822,O95822-1,DCMC,CHEMBL4698,mitochondrial,964
O95822,O95822-2,DCMC,CHEMBL4698,cytoplasmic+peroxisomal,965
O95835,O95835-1,LATS1,CHEMBL6167,1,2261
O95835,O95835-2,LATS1,CHEMBL6167,2,2262
O95870,O95870-1,ABHGA,CHEMBL6168,1,86
O95870,O95870-2,ABHGA,CHEMBL6168,2,87
O96013,O96013-1,PAK4,CHEMBL4482,1,3151
O96013,O96013-2,PAK4,CHEMBL4482,2,3152
O96013,O96013-3,PAK4,CHEMBL4482,3,3153
O96013,O96013-4,PAK4,CHEMBL4482,4,3154
O96017,O96017-1,CHK2,CHEMBL2527,1,819
O96017,O96017-10,CHK2,CHEMBL2527,10,820
O96017,O96017-10,CHK2,CHEMBL2527,iso2,821
O96017,O96017-11,CHK2,CHEMBL2527,11,822
O96017,O96017-11,CHK2,CHEMBL2527,iso1,823
O96017,O96017-12,CHK2,CHEMBL2527,12,824
O96017,O96017-12,CHK2,CHEMBL2527,del9,825
O96017,O96017-13,CHK2,CHEMBL2527,13,826
O96017,O96017-2,CHK2,CHEMBL2527,2,827
O96017,O96017-2,CHK2,CHEMBL2527,ins2,828
O96017,O96017-3,CHK2,CHEMBL2527,3,829
O96017,O96017-3,CHK2,CHEMBL2527,del2-12,830
O96017,O96017-4,CHK2,CHEMBL2527,4,831
O96017,O96017-4,CHK2,CHEMBL2527,del2-3,832
O96017,O96017-5,CHK2,CHEMBL2527,5,833
O96017,O96017-5,CHK2,CHEMBL2527,del4,834
O96017,O96017-6,CHK2,CHEMBL2527,6,835
O96017,O96017-6,CHK2,CHEMBL2527,sub3,836
O96017,O96017-7,CHK2,CHEMBL2527,7,837
O96017,O96017-7,CHK2,CHEMBL2527,del9-12,838
O96017,O96017-8,CHK2,CHEMBL2527,8,839
O96017,O96017-8,CHK2,CHEMBL2527,del7,840
O96017,O96017-9,CHK2,CHEMBL2527,9,841
O96017,O96017-9,CHK2,CHEMBL2527,insx,842
P00338,P00338-1,LDHA,CHEMBL4835,1,2269
P00338,P00338-2,LDHA,CHEMBL4835,2,2270
P00338,P00338-3,LDHA,CHEMBL4835,3,2271
P00338,P00338-4,LDHA,CHEMBL4835,4,2272
P00338,P00338-5,LDHA,CHEMBL4835,5,2273
P00374,P00374-1,DYR,CHEMBL202,1,1084
P00374,P00374-2,DYR,CHEMBL202,2,1085
P00390,P00390-1,GSHR,CHEMBL2755,mitochondrial,1688
P00390,P00390-2,GSHR,CHEMBL2755,cytoplasmic,1689
P00390,P00390-3,GSHR,CHEMBL2755,2,1690
P00390,P00390-3,GSHR,CHEMBL2755,delta8,1691
P00390,P00390-4,GSHR,CHEMBL2755,3,1692
P00390,P00390-4,GSHR,CHEMBL2755,delta9,1693
P00390,P00390-5,GSHR,CHEMBL2755,4,1694
P00390,P00390-5,GSHR,CHEMBL2755,delta8+9,1695
P00519,P00519-1,ABL1,CHEMBL1862,ia,88
P00519,P00519-2,ABL1,CHEMBL1862,ib,89
P00520,P00520-1,ABL1,CHEMBL3099,i,90
P00520,P00520-2,ABL1,CHEMBL3099,ii,91
P00520,P00520-3,ABL1,CHEMBL3099,iii,92
P00520,P00520-4,ABL1,CHEMBL3099,iv,93
P00523,P00523-1,SRC,CHEMBL3655,1,4037
P00523,P00523-2,SRC,CHEMBL3655,2,4038
P00533,P00533-1,EGFR,CHEMBL203,1,1135
P00533,P00533-1,EGFR,CHEMBL203,p170,1136
P00533,P00533-2,EGFR,CHEMBL203,2,1137
P00533,P00533-2,EGFR,CHEMBL203,p60,1138
P00533,P00533-2,EGFR,CHEMBL203,truncated,1139
P00533,P00533-2,EGFR,CHEMBL203,tegfr,1140
P00533,P00533-3,EGFR,CHEMBL203,3,1141
P00533,P00533-3,EGFR,CHEMBL203,p110,1142
P00533,P00533-4,EGFR,CHEMBL203,4,1143
P00740,P00740-1,FA9,CHEMBL2016,1,1323
P00740,P00740-2,FA9,CHEMBL2016,2,1324
P00749,P00749-1,UROK,CHEMBL3286,1,4390
P00749,P00749-2,UROK,CHEMBL3286,2,4391
P00750,P00750-1,TPA,CHEMBL1873,1,4269
P00750,P00750-1,TPA,CHEMBL1873,long,4270
P00750,P00750-2,TPA,CHEMBL1873,2,4271
P00750,P00750-2,TPA,CHEMBL1873,short,4272
P00750,P00750-3,TPA,CHEMBL1873,3,4273
P00750,P00750-4,TPA,CHEMBL1873,4,4274
P00750,P00750-4,TPA,CHEMBL1873,neonatal,4275
P00751,P00751-1,CFAB,CHEMBL5731,1,795
P00751,P00751-2,CFAB,CHEMBL5731,2,796
P00797,P00797-1,RENI,CHEMBL286,1,3764
P00797,P00797-2,RENI,CHEMBL286,2,3765
P01103,P01103-1,MYB,CHEMBL2380186,1,2682
P01103,P01103-2,MYB,CHEMBL2380186,2,2683
P01116,P01116-1,RASK,CHEMBL2189121,2a,3760
P01116,P01116-1,RASK,CHEMBL2189121,k-ras4a,3761
P01116,P01116-2:P01118-1,RASK,CHEMBL2189121,2b,3762
P01116,P01116-2:P01118-1,RASK,CHEMBL2189121,k-ras4b,3763
P01258,P01258-1,CALCA,CHEMBL5293,1,680
P01258,P01258-2,CALCA,CHEMBL5293,2,681
P03345,P03345-1,PRO,CHEMBL3346,gag polyprotein,3617
P03362,P03362-1,PRO,CHEMBL3346,gag-pro-pol polyprotein,3618
P03372,P03372-1,ESR1,CHEMBL206,1,1272
P03372,P03372-1,ESR1,CHEMBL206,long,1273
P03372,P03372-1,ESR1,CHEMBL206,her-alpha66,1274
P03372,P03372-1,ESR1,CHEMBL206,er66,1275
P03372,P03372-2,ESR1,CHEMBL206,2,1276
P03372,P03372-2,ESR1,CHEMBL206,short,1277
P03372,P03372-3,ESR1,CHEMBL206,3,1278
P03372,P03372-3,ESR1,CHEMBL206,her-alpha46,1279
P03372,P03372-3,ESR1,CHEMBL206,er46,1280
P03372,P03372-4,ESR1,CHEMBL206,4,1281
P03372,P03372-4,ESR1,CHEMBL206,her-alpha36,1282
P03372,P03372-4,ESR1,CHEMBL206,er36,1283
P03433,P03433-1,PA,CHEMBL1169598,pa,3132
P03951,P03951-1,FA11,CHEMBL2820,1,1318
P03951,P03951-2,FA11,CHEMBL2820,2,1319
P03951,P03951-2,FA11,CHEMBL2820,platelet,1320
P04035,P04035-1,HMDH,CHEMBL402,1,1804
P04035,P04035-1,HMDH,CHEMBL402,hmgcr-1a,1805
P04035,P04035-2,HMDH,CHEMBL402,2,1806
P04035,P04035-2,HMDH,CHEMBL402,hmgcr-1c,1807
P04035,P04035-3,HMDH,CHEMBL402,3,1808
P04035,P04035-3,HMDH,CHEMBL402,hmgcr-1b,1809
P04049,P04049-1,RAF1,CHEMBL1906,1,3725
P04049,P04049-1,RAF1,CHEMBL1906,6c,3726
P04049,P04049-2,RAF1,CHEMBL1906,2,3727
P04049,P04049-2,RAF1,CHEMBL1906,1a,3728
P04053,P04053-1,TDT,CHEMBL4810,1,4164
P04053,P04053-2,TDT,CHEMBL4810,2,4165
P04058,P04058-1,ACES,CHEMBL4780,h,149
P04058,P04058-1,ACES,CHEMBL4780,globular,150
P04058,P04058-2,ACES,CHEMBL4780,t,151
P04062,P04062-1,GBA1,CHEMBL2179,long,1503
P04062,P04062-2,GBA1,CHEMBL2179,short,1504
P04062,P04062-3,GBA1,CHEMBL2179,3,1505
P04062,P04062-4,GBA1,CHEMBL2179,4,1506
P04062,P04062-5,GBA1,CHEMBL2179,5,1507
P04070,P04070-1,PROC,CHEMBL4444,1,3620
P04070,P04070-2,PROC,CHEMBL4444,2,3621
P04150,P04150-1,GCR,CHEMBL2034,alpha,1516
P04150,P04150-1,GCR,CHEMBL2034,alpha-a,1517
P04150,P04150-1,GCR,CHEMBL2034,gr-alphaa,1518
P04150,P04150-10,GCR,CHEMBL2034,10,1519
P04150,P04150-10,GCR,CHEMBL2034,hgrdelta313-338,1520
P04150,P04150-11,GCR,CHEMBL2034,alpha-c1,1521
P04150,P04150-11,GCR,CHEMBL2034,gr-alphac1,1522
P04150,P04150-12,GCR,CHEMBL2034,alpha-c2,1523
P04150,P04150-12,GCR,CHEMBL2034,gr-alphac2,1524
P04150,P04150-13,GCR,CHEMBL2034,alpha-c3,1525
P04150,P04150-13,GCR,CHEMBL2034,gr-alphac3,1526
P04150,P04150-14,GCR,CHEMBL2034,alpha-d1,1527
P04150,P04150-14,GCR,CHEMBL2034,gr-alphad1,1528
P04150,P04150-15,GCR,CHEMBL2034,alpha-d2,1529
P04150,P04150-15,GCR,CHEMBL2034,gr-alphad2,1530
P04150,P04150-16,GCR,CHEMBL2034,alpha-d3,1531
P04150,P04150-16,GCR,CHEMBL2034,gr-alphad3,1532
P04150,P04150-2,GCR,CHEMBL2034,beta,1533
P04150,P04150-2,GCR,CHEMBL2034,beta-a,1534
P04150,P04150-3,GCR,CHEMBL2034,alpha-2,1535
P04150,P04150-3,GCR,CHEMBL2034,gamma,1536
P04150,P04150-4,GCR,CHEMBL2034,gr-p,1537
P04150,P04150-5,GCR,CHEMBL2034,gr-a alpha,1538
P04150,P04150-6,GCR,CHEMBL2034,beta-2,1539
P04150,P04150-7,GCR,CHEMBL2034,gr-a beta,1540
P04150,P04150-8,GCR,CHEMBL2034,alpha-b,1541
P04150,P04150-8,GCR,CHEMBL2034,gr-alphab,1542
P04150,P04150-9,GCR,CHEMBL2034,beta-b,1543
P04184,P04184-1,KITH,CHEMBL2618,1,2145
P04184,P04184-2,KITH,CHEMBL2618,2,2146
P04191,P04191-1,AT2A1,CHEMBL4693,serca1b,337
P04191,P04191-1,AT2A1,CHEMBL4693,neonatal,338
P04191,P04191-2,AT2A1,CHEMBL4693,serca1a,339
P04191,P04191-2,AT2A1,CHEMBL4693,adult,340
P04401,P04401-1,IL5,CHEMBL1163111,1,1879
P04401,P04401-2,IL5,CHEMBL1163111,2,1880
P04401,P04401-2,IL5,CHEMBL1163111,delta2,1881
P04401,P04401-2,IL5,CHEMBL1163111,mil-5delta2,1882
P04626,P04626-1,ERBB2,CHEMBL1824,1,1233
P04626,P04626-1,ERBB2,CHEMBL1824,erbb2,1234
P04626,P04626-1,ERBB2,CHEMBL1824,her2,1235
P04626,P04626-2,ERBB2,CHEMBL1824,2,1236
P04626,P04626-2,ERBB2,CHEMBL1824,ctf-611,1237
P04626,P04626-3,ERBB2,CHEMBL1824,3,1238
P04626,P04626-3,ERBB2,CHEMBL1824,ctf-687,1239
P04626,P04626-4,ERBB2,CHEMBL1824,4,1240
P04626,P04626-5,ERBB2,CHEMBL1824,5,1241
P04626,P04626-6,ERBB2,CHEMBL1824,6,1242
P04626,P04626-6,ERBB2,CHEMBL1824,b,1243
P04629,P04629-1,NTRK1,CHEMBL2815,trka-ii,2927
P04629,P04629-1,NTRK1,CHEMBL2815,trkaii,2928
P04629,P04629-2,NTRK1,CHEMBL2815,trka-i,2929
P04629,P04629-2,NTRK1,CHEMBL2815,trkai,2930
P04629,P04629-3,NTRK1,CHEMBL2815,3,2931
P04629,P04629-4,NTRK1,CHEMBL2815,trka-iii,2932
P04629,P04629-4,NTRK1,CHEMBL2815,trkaiii,2933
P04637,P04637-1,P53,CHEMBL4096,1,3109
P04637,P04637-1,P53,CHEMBL4096,p53,3110
P04637,P04637-1,P53,CHEMBL4096,p53alpha,3111
P04637,P04637-2,P53,CHEMBL4096,2,3112
P04637,P04637-2,P53,CHEMBL4096,i9ret,3113
P04637,P04637-2,P53,CHEMBL4096,p53beta,3114
P04637,P04637-3,P53,CHEMBL4096,3,3115
P04637,P04637-3,P53,CHEMBL4096,p53gamma,3116
P04637,P04637-4,P53,CHEMBL4096,4,3117
P04637,P04637-4,P53,CHEMBL4096,del40-p53,3118
P04637,P04637-4,P53,CHEMBL4096,del40-p53alpha,3119
P04637,P04637-4,P53,CHEMBL4096,p47,3120
P04637,P04637-5,P53,CHEMBL4096,5,3121
P04637,P04637-5,P53,CHEMBL4096,del40-p53beta,3122
P04637,P04637-6,P53,CHEMBL4096,6,3123
P04637,P04637-6,P53,CHEMBL4096,del40-p53gamma,3124
P04637,P04637-7,P53,CHEMBL4096,7,3125
P04637,P04637-7,P53,CHEMBL4096,del133-p53,3126
P04637,P04637-7,P53,CHEMBL4096,del133-p53alpha,3127
P04637,P04637-8,P53,CHEMBL4096,8,3128
P04637,P04637-8,P53,CHEMBL4096,del133-p53beta,3129
P04637,P04637-9,P53,CHEMBL4096,9,3130
P04637,P04637-9,P53,CHEMBL4096,del133-p53gamma,3131
P04798,P04798-1,CP1A1,CHEMBL2231,1,899
P04798,P04798-2,CP1A1,CHEMBL2231,2,900
P04798,P04798-3,CP1A1,CHEMBL2231,3,901
P04818,P04818-1,TYSY,CHEMBL1952,1,4362
P04818,P04818-2,TYSY,CHEMBL1952,2,4363
P04818,P04818-2,TYSY,CHEMBL1952,delta4,4364
P04818,P04818-3,TYSY,CHEMBL1952,3,4365
P04818,P04818-3,TYSY,CHEMBL1952,delta2+3,4366
P05067,P05067-1,A4,CHEMBL2487,app770,44
P05067,P05067-1,A4,CHEMBL2487,prea4 770,45
P05067,P05067-10,A4,CHEMBL2487,app639,46
P05067,P05067-11,A4,CHEMBL2487,11,47
P05067,P05067-2,A4,CHEMBL2487,app305,48
P05067,P05067-3,A4,CHEMBL2487,l-app677,49
P05067,P05067-4,A4,CHEMBL2487,app695,50
P05067,P05067-4,A4,CHEMBL2487,prea4 695,51
P05067,P05067-5,A4,CHEMBL2487,l-app696,52
P05067,P05067-6,A4,CHEMBL2487,app714,53
P05067,P05067-7,A4,CHEMBL2487,l-app733,54
P05067,P05067-8,A4,CHEMBL2487,app751,55
P05067,P05067-8,A4,CHEMBL2487,prea4 751,56
P05067,P05067-9,A4,CHEMBL2487,l-app752,57
P05089,P05089-1,ARGI1,CHEMBL1075097,1,298
P05089,P05089-2,ARGI1,CHEMBL1075097,2,299
P05089,P05089-2,ARGI1,CHEMBL1075097,erythroid variant,300
P05089,P05089-3,ARGI1,CHEMBL1075097,3,301
P05091,P05091-1,ALDH2,CHEMBL1935,1,246
P05091,P05091-2,ALDH2,CHEMBL1935,2,247
P05121,P05121-1,PAI1,CHEMBL3475,1,3139
P05121,P05121-2,PAI1,CHEMBL3475,2,3140
P05129,P05129-1,KPCG,CHEMBL2938,1,2209
P05129,P05129-2,KPCG,CHEMBL2938,2,2210
P05164,P05164-1,PERM,CHEMBL2439,h17,3428
P05164,P05164-1,PERM,CHEMBL2439,b,3429
P05164,P05164-2,PERM,CHEMBL2439,h14,3430
P05164,P05164-3,PERM,CHEMBL2439,h7,3431
P05164,P05164-3,PERM,CHEMBL2439,a,3432
P05186,P05186-1,PPBT,CHEMBL5979,1,3595
P05186,P05186-2,PPBT,CHEMBL5979,2,3596
P05186,P05186-3,PPBT,CHEMBL5979,3,3597
P05622,P05622-1,PGFRB,CHEMBL2749,1,3456
P05622,P05622-2,PGFRB,CHEMBL2749,2,3457
P05771,P05771-1,KPCB,CHEMBL3045,beta-i,2193
P05771,P05771-1,KPCB,CHEMBL3045,prkcb1,2194
P05771,P05771-2,KPCB,CHEMBL3045,beta-ii,2195
P05771,P05771-2,KPCB,CHEMBL3045,prkcb2,2196
P06213,P06213-1,INSR,CHEMBL1981,long,1890
P06213,P06213-1,INSR,CHEMBL1981,hir-b,1891
P06213,P06213-2,INSR,CHEMBL1981,short,1892
P06213,P06213-2,INSR,CHEMBL1981,hir-a,1893
P06239,P06239-1,LCK,CHEMBL258,long,2266
P06239,P06239-2,LCK,CHEMBL258,short,2267
P06239,P06239-3,LCK,CHEMBL258,3,2268
P06241,P06241-1,FYN,CHEMBL1841,1,1485
P06241,P06241-1,FYN,CHEMBL1841,b,1486
P06241,P06241-2,FYN,CHEMBL1841,2,1487
P06241,P06241-2,FYN,CHEMBL1841,t,1488
P06241,P06241-3,FYN,CHEMBL1841,3,1489
P06401,P06401-1,PRGR,CHEMBL208,b,3604
P06401,P06401-1,PRGR,CHEMBL208,prb,3605
P06401,P06401-1,PRGR,CHEMBL208,pr-b,3606
P06401,P06401-2,PRGR,CHEMBL208,a,3607
P06401,P06401-2,PRGR,CHEMBL208,pra,3608
P06401,P06401-2,PRGR,CHEMBL208,pr-a,3609
P06401,P06401-3,PRGR,CHEMBL208,3,3610
P06401,P06401-4,PRGR,CHEMBL208,4,3611
P06401,P06401-4,PRGR,CHEMBL208,pr-m,3612
P06401,P06401-5,PRGR,CHEMBL208,5,3613
P06401,P06401-5,PRGR,CHEMBL208,delta4,3614
P06493,P06493-1,CDK1,CHEMBL308,1,767
P06493,P06493-2,CDK1,CHEMBL308,2,768
P06493,P06493-2,CDK1,CHEMBL308,cdc2deltat,769
P06536,P06536-1,GCR,CHEMBL3368,a,1544
P06536,P06536-2,GCR,CHEMBL3368,b,1545
P06681,P06681-1,CO2,CHEMBL4295701,1,882
P06681,P06681-2,CO2,CHEMBL4295701,2,883
P06681,P06681-3,CO2,CHEMBL4295701,3,884
P06733,P06733-1,ENOA,CHEMBL3298,alpha-enolase,1167
P06733,P06733-2,ENOA,CHEMBL3298,mbp-1,1168
P06737,P06737-1,PYGL,CHEMBL2568,1,3703
P06737,P06737-2,PYGL,CHEMBL2568,2,3704
P06881,P06881-1,CALCA,CHEMBL5293,3,682
P07288,P07288-1,KLK3,CHEMBL2099,1,2175
P07288,P07288-2,KLK3,CHEMBL2099,2,2176
P07288,P07288-3,KLK3,CHEMBL2099,3,2177
P07288,P07288-4,KLK3,CHEMBL2099,4,2178
P07288,P07288-5,KLK3,CHEMBL2099,5,2179
P07332,P07332-1,FES,CHEMBL5455,1,1355
P07332,P07332-2,FES,CHEMBL5455,2,1356
P07332,P07332-2,FES,CHEMBL5455,variant 1,1357
P07332,P07332-3,FES,CHEMBL5455,3,1358
P07332,P07332-3,FES,CHEMBL5455,variant 3,1359
P07332,P07332-4,FES,CHEMBL5455,4,1360
P07332,P07332-4,FES,CHEMBL5455,variant 4,1361
P07333,P07333-1,CSF1R,CHEMBL1844,1,918
P07333,P07333-2,CSF1R,CHEMBL1844,2,919
P07711,P07711-1,CATL1,CHEMBL3837,1,740
P07711,P07711-3,CATL1,CHEMBL3837,2,741
P07872,P07872-1,ACOX1,CHEMBL4632,1,185
P07872,P07872-1,ACOX1,CHEMBL4632,aco-i,186
P07872,P07872-2,ACOX1,CHEMBL4632,2,187
P07872,P07872-2,ACOX1,CHEMBL4632,aco-ii,188
P07900,P07900-1,HS90A,CHEMBL3880,1,1841
P07900,P07900-1,HS90A,CHEMBL3880,hsp90aa1-1,1842
P07900,P07900-1,HS90A,CHEMBL3880,hsp90-alpha 2,1843
P07900,P07900-2,HS90A,CHEMBL3880,2,1844
P07900,P07900-2,HS90A,CHEMBL3880,hsp90aa1-2,1845
P07948,P07948-1,LYN,CHEMBL3905,1,2328
P07948,P07948-1,LYN,CHEMBL3905,lyn a,2329
P07948,P07948-1,LYN,CHEMBL3905,p56lyn,2330
P07948,P07948-2,LYN,CHEMBL3905,2,2331
P07948,P07948-2,LYN,CHEMBL3905,lyn b,2332
P07948,P07948-2,LYN,CHEMBL3905,p53lyn,2333
P07949,P07949-1,RET,CHEMBL2041,1,3766
P07949,P07949-1,RET,CHEMBL2041,ret51,3767
P07949,P07949-2,RET,CHEMBL2041,2,3768
P07949,P07949-2,RET,CHEMBL2041,ret9,3769
P08183,P08183-1,MDR1,CHEMBL4302,1,2475
P08183,P08183-2,MDR1,CHEMBL4302,2,2476
P08235,P08235-1,MCR,CHEMBL1994,1,2447
P08235,P08235-2,MCR,CHEMBL1994,2,2448
P08235,P08235-3,MCR,CHEMBL1994,3,2449
P08235,P08235-4,MCR,CHEMBL1994,4,2450
P08235,P08235-4,MCR,CHEMBL1994,delta,2451
P08236,P08236-1,BGLR,CHEMBL2728,1,419
P08236,P08236-1,BGLR,CHEMBL2728,long,420
P08236,P08236-2,BGLR,CHEMBL2728,2,421
P08236,P08236-2,BGLR,CHEMBL2728,short,422
P08236,P08236-3,BGLR,CHEMBL2728,3,423
P08243,P08243-1,ASNS,CHEMBL3120,1,318
P08243,P08243-2,ASNS,CHEMBL3120,2,319
P08243,P08243-3,ASNS,CHEMBL3120,3,320
P08253,P08253-1,MMP2,CHEMBL333,1,2574
P08253,P08253-2,MMP2,CHEMBL333,2,2575
P08253,P08253-3,MMP2,CHEMBL333,3,2576
P08581,P08581-1,MET,CHEMBL3717,1,2490
P08581,P08581-2,MET,CHEMBL3717,2,2491
P08581,P08581-3,MET,CHEMBL3717,3,2492
P08581,P08581-3,MET,CHEMBL3717,soluble met variant 4,2493
P08631,P08631-1,HCK,CHEMBL3234,1,1712
P08631,P08631-1,HCK,CHEMBL3234,p60-hck,1713
P08631,P08631-1,HCK,CHEMBL3234,p61hck,1714
P08631,P08631-2,HCK,CHEMBL3234,2,1715
P08631,P08631-2,HCK,CHEMBL3234,p59-hck,1716
P08631,P08631-2,HCK,CHEMBL3234,p59hck,1717
P08631,P08631-3,HCK,CHEMBL3234,3,1718
P08631,P08631-4,HCK,CHEMBL3234,4,1719
P08709,P08709-1,FA7,CHEMBL3991,a,1321
P08709,P08709-2,FA7,CHEMBL3991,b,1322
P09488,P09488-1,GSTM1,CHEMBL2081,1,1701
P09488,P09488-2,GSTM1,CHEMBL2081,2,1702
P09619,P09619-1,PGFRB,CHEMBL1913,1,3458
P09619,P09619-2,PGFRB,CHEMBL1913,2,3459
P09917,P09917-1,LOX5,CHEMBL215,1,2305
P09917,P09917-2,LOX5,CHEMBL215,2,2306
P09917,P09917-2,LOX5,CHEMBL215,delta-13,2307
P09917,P09917-3,LOX5,CHEMBL215,3,2308
P09917,P09917-3,LOX5,CHEMBL215,delta-p10,2309
P09917,P09917-4,LOX5,CHEMBL215,4,2310
P09917,P09917-4,LOX5,CHEMBL215,delta-10-13,2311
P09917,P09917-5,LOX5,CHEMBL215,5,2312
P09917,P09917-5,LOX5,CHEMBL215,alpha-10,2313
P09960,P09960-1,LKHA4,CHEMBL4618,1,2288
P09960,P09960-1,LKHA4,CHEMBL4618,l-lta4,2289
P09960,P09960-2,LKHA4,CHEMBL4618,2,2290
P09960,P09960-2,LKHA4,CHEMBL4618,s-lta4,2291
P09960,P09960-3,LKHA4,CHEMBL4618,3,2292
P09960,P09960-4,LKHA4,CHEMBL4618,4,2293
P0C6U8,P0C6U8-1,R1A,CHEMBL3927,replicase polyprotein 1a,3709
P0C6U8,P0C6U8-1,R1A,CHEMBL3927,pp1a,3710
P0C6U8,P0C6U8-1,R1A,CHEMBL3927,orf1a polyprotein,3711
P0C6X7,P0C6X7-1,R1A,CHEMBL3927,replicase polyprotein 1ab,3712
P0C6X7,P0C6X7-1,R1A,CHEMBL3927,pp1ab,3713
P0CK64,P0CK64-1,PA,CHEMBL1169598,pa-x,3133
P0DMS8,P0DMS8-1,AA3R,CHEMBL256,2,60
P0DMS8,P0DMS8-1,AA3R,CHEMBL256,a3ar i2,61
P0DMS8,P0DMS8-1,AA3R,CHEMBL256,a3ar,62
P0DMS9,P0DMS9-1,AA3R,CHEMBL256,3,63
P0DMS9,P0DMS9-1,AA3R,CHEMBL256,tmigd3 i3,64
P0DMS9,P0DMS9-1,AA3R,CHEMBL256,a3ar i3,65
P0DMS9,P0DMS9-2,AA3R,CHEMBL256,1,66
P0DMS9,P0DMS9-2,AA3R,CHEMBL256,tmigd3 i1,67
P0DMS9,P0DMS9-2,AA3R,CHEMBL256,a3ar i1,68
P0DTC1,P0DTC1-1,R1AB,CHEMBL4523582,replicase polyprotein 1a,3714
P0DTD1,P0DTD1-1,R1AB,CHEMBL4523582,replicase polyprotein 1ab,3715
P10274,P10274-1,PRO,CHEMBL3346,gag-pro polyprotein,3619
P10275,P10275-1,ANDR,CHEMBL1871,1,248
P10275,P10275-1,ANDR,CHEMBL1871,ar-b,249
P10275,P10275-2,ANDR,CHEMBL1871,2,250
P10275,P10275-2,ANDR,CHEMBL1871,ar-a,251
P10275,P10275-2,ANDR,CHEMBL1871,variant ar45,252
P10275,P10275-3,ANDR,CHEMBL1871,3,253
P10275,P10275-3,ANDR,CHEMBL1871,ar3,254
P10275,P10275-4,ANDR,CHEMBL1871,4,255
P10275,P10275-4,ANDR,CHEMBL1871,ar4,256
P10398,P10398-1,ARAF,CHEMBL1169596,1,295
P10398,P10398-2,ARAF,CHEMBL1169596,2,296
P10398,P10398-2,ARAF,CHEMBL1169596,da-raf1,297
P10415,P10415-1,BCL2,CHEMBL4860,alpha,407
P10415,P10415-2,BCL2,CHEMBL4860,beta,408
P10586,P10586-1,PTPRF,CHEMBL3521,1,3699
P10586,P10586-2,PTPRF,CHEMBL3521,2,3700
P10636,P10636-1,TAU,CHEMBL1293224,pns-tau,4145
P10636,P10636-2,TAU,CHEMBL1293224,fetal-tau,4146
P10636,P10636-2,TAU,CHEMBL1293224,0n3r,4147
P10636,P10636-3,TAU,CHEMBL1293224,tau-a,4148
P10636,P10636-4,TAU,CHEMBL1293224,tau-b,4149
P10636,P10636-4,TAU,CHEMBL1293224,1n3r,4150
P10636,P10636-5,TAU,CHEMBL1293224,tau-c,4151
P10636,P10636-5,TAU,CHEMBL1293224,tau-3,4152
P10636,P10636-5,TAU,CHEMBL1293224,2n3r,4153
P10636,P10636-6,TAU,CHEMBL1293224,tau-d,4154
P10636,P10636-6,TAU,CHEMBL1293224,0n4r,4155
P10636,P10636-7,TAU,CHEMBL1293224,tau-e,4156
P10636,P10636-7,TAU,CHEMBL1293224,1n4r,4157
P10636,P10636-8,TAU,CHEMBL1293224,tau-f,4158
P10636,P10636-8,TAU,CHEMBL1293224,tau-4,4159
P10636,P10636-8,TAU,CHEMBL1293224,2n4r,4160
P10636,P10636-9,TAU,CHEMBL1293224,tau-g,4161
P10721,P10721-1,KIT,CHEMBL1936,1,2137
P10721,P10721-1,KIT,CHEMBL1936,gnnk(+),2138
P10721,P10721-1,KIT,CHEMBL1936,kita(+),2139
P10721,P10721-2,KIT,CHEMBL1936,2,2140
P10721,P10721-2,KIT,CHEMBL1936,gnnk(-),2141
P10721,P10721-2,KIT,CHEMBL1936,kit(+),2142
P10721,P10721-4,KIT,CHEMBL1936,3,2143
P10721,P10721-4,KIT,CHEMBL1936,tr-kit,2144
P10721,P10721-1,KIT,CHEMBL1936,gnnk+,4483
P10721,P10721-1,KIT,CHEMBL1936,kita+,4484
P10721,P10721-2,KIT,CHEMBL1936,gnnk-,4485
P10721,P10721-2,KIT,CHEMBL1936,kit+,4486
P10827,P10827-1,THA,CHEMBL1860,alpha-2,4192
P10827,P10827-2,THA,CHEMBL1860,alpha-1,4193
P10827,P10827-3,THA,CHEMBL1860,alpha-3,4194
P10827,P10827-4,THA,CHEMBL1860,alpha-4,4195
P10827,P10827-4,THA,CHEMBL1860,alpha3,4196
P10828,P10828-1,THB,CHEMBL1947,beta-1,4201
P10828,P10828-2:P37243-1,THB,CHEMBL1947,beta-2,4202
P11168,P11168-1,GTR2,CHEMBL5873,1,1708
P11168,P11168-2,GTR2,CHEMBL5873,2,1709
P11229,P11229-1,ACM1,CHEMBL216,1,183
P11229,P11229-2,ACM1,CHEMBL216,2,184
P11309,P11309-1,PIM1,CHEMBL2147,1,3488
P11309,P11309-1,PIM1,CHEMBL2147,pim-1,3489
P11309,P11309-2,PIM1,CHEMBL2147,2,3490
P11309,P11309-2,PIM1,CHEMBL2147,pim-1l,3491
P11362,P11362-1,FGFR1,CHEMBL3650,1,1362
P11362,P11362-1,FGFR1,CHEMBL3650,alpha a1,1363
P11362,P11362-1,FGFR1,CHEMBL3650,iv,1364
P11362,P11362-10,FGFR1,CHEMBL3650,7,1365
P11362,P11362-10,FGFR1,CHEMBL3650,beta a2,1366
P11362,P11362-11,FGFR1,CHEMBL3650,9,1367
P11362,P11362-11,FGFR1,CHEMBL3650,beta b2,1368
P11362,P11362-12,FGFR1,CHEMBL3650,11,1369
P11362,P11362-12,FGFR1,CHEMBL3650,gamma a2,1370
P11362,P11362-13,FGFR1,CHEMBL3650,13,1371
P11362,P11362-13,FGFR1,CHEMBL3650,gamma b2,1372
P11362,P11362-14,FGFR1,CHEMBL3650,15,1373
P11362,P11362-14,FGFR1,CHEMBL3650,i,1374
P11362,P11362-14,FGFR1,CHEMBL3650,h3,1375
P11362,P11362-15,FGFR1,CHEMBL3650,16,1376
P11362,P11362-15,FGFR1,CHEMBL3650,v,1377
P11362,P11362-16,FGFR1,CHEMBL3650,17,1378
P11362,P11362-16,FGFR1,CHEMBL3650,h4,1379
P11362,P11362-17,FGFR1,CHEMBL3650,3,1380
P11362,P11362-17,FGFR1,CHEMBL3650,alpha a3,1381
P11362,P11362-18,FGFR1,CHEMBL3650,18,1382
P11362,P11362-18,FGFR1,CHEMBL3650,h5,1383
P11362,P11362-19,FGFR1,CHEMBL3650,19,1384
P11362,P11362-2,FGFR1,CHEMBL3650,4,1385
P11362,P11362-2,FGFR1,CHEMBL3650,alpha b1,1386
P11362,P11362-20,FGFR1,CHEMBL3650,20,1387
P11362,P11362-21,FGFR1,CHEMBL3650,21,1388
P11362,P11362-3,FGFR1,CHEMBL3650,6,1389
P11362,P11362-3,FGFR1,CHEMBL3650,beta a1,1390
P11362,P11362-3,FGFR1,CHEMBL3650,ii,1391
P11362,P11362-3,FGFR1,CHEMBL3650,h2,1392
P11362,P11362-4,FGFR1,CHEMBL3650,8,1393
P11362,P11362-4,FGFR1,CHEMBL3650,beta b1,1394
P11362,P11362-5,FGFR1,CHEMBL3650,10,1395
P11362,P11362-5,FGFR1,CHEMBL3650,gamma a1,1396
P11362,P11362-6,FGFR1,CHEMBL3650,12,1397
P11362,P11362-6,FGFR1,CHEMBL3650,gamma b1,1398
P11362,P11362-7,FGFR1,CHEMBL3650,14,1399
P11362,P11362-7,FGFR1,CHEMBL3650,a,1400
P11362,P11362-7,FGFR1,CHEMBL3650,iii,1401
P11362,P11362-8,FGFR1,CHEMBL3650,2,1402
P11362,P11362-8,FGFR1,CHEMBL3650,alpha a2,1403
P11362,P11362-9,FGFR1,CHEMBL3650,5,1404
P11362,P11362-9,FGFR1,CHEMBL3650,alpha b2,1405
P11388,P11388-1,TOP2A,CHEMBL1806,1,4250
P11388,P11388-2,TOP2A,CHEMBL1806,2,4251
P11388,P11388-3,TOP2A,CHEMBL1806,3,4252
P11388,P11388-4,TOP2A,CHEMBL1806,4,4253
P11413,P11413-1,G6PD,CHEMBL5347,short,1490
P11413,P11413-2,G6PD,CHEMBL5347,long,1491
P11413,P11413-3,G6PD,CHEMBL5347,3,1492
P11416,P11416-1,RARA,CHEMBL2792,alpha-1,3745
P11416,P11416-2,RARA,CHEMBL2792,alpha-2,3746
P11473,P11473-1,VDR,CHEMBL1977,1,4403
P11473,P11473-2,VDR,CHEMBL1977,2,4404
P11474,P11474-1,ERR1,CHEMBL3429,1,1257
P11474,P11474-2,ERR1,CHEMBL3429,2,1258
P11497,P11497-1,ACACA,CHEMBL2397,1,114
P11497,P11497-2,ACACA,CHEMBL2397,2,115
P11511,P11511-1,CP19A,CHEMBL1978,1,897
P11511,P11511-2,CP19A,CHEMBL1978,2,898
P11597,P11597-1,CETP,CHEMBL3572,1,793
P11597,P11597-2,CETP,CHEMBL3572,2,794
P11802,P11802-1,CDK4,CHEMBL331,1,778
P11802,P11802-2,CDK4,CHEMBL331,2,779
P12276,P12276-1,FAS,CHEMBL1795136,2,1342
P12276,P12276-2,FAS,CHEMBL1795136,1,1343
P12821,P12821-1,ACE,CHEMBL1808,somatic-1,128
P12821,P12821-2,ACE,CHEMBL1808,somatic-2,129
P12821,P12821-2,ACE,CHEMBL1808,soluble,130
P12821,P12821-3:P22966-1,ACE,CHEMBL1808,testis-specific,131
P12821,P12821-3:P22966-1,ACE,CHEMBL1808,ace-t,132
P12821,P12821-3:P22966-1,ACE,CHEMBL1808,acet,133
P12821,P12821-3:P22966-1,ACE,CHEMBL1808,tace,134
P12821,P12821-3:P22966-1,ACE,CHEMBL1808,htace,135
P12821,P12821-4,ACE,CHEMBL1808,4,136
P12822,P12822-1,ACE,CHEMBL4074,somatic,137
P12822,P12822-2:P22968-1,ACE,CHEMBL4074,testis-specific,138
P12822,P12822-2:P22968-1,ACE,CHEMBL4074,ace-t,139
P12931,P12931-1,SRC,CHEMBL267,1,4039
P12931,P12931-1,SRC,CHEMBL267,c-src,4040
P12931,P12931-2,SRC,CHEMBL267,2,4041
P12931,P12931-2,SRC,CHEMBL267,c-srcn1,4042
P12931,P12931-2,SRC,CHEMBL267,n1-src,4043
P12931,P12931-3,SRC,CHEMBL267,3,4044
P12931,P12931-3,SRC,CHEMBL267,c-srcn2,4045
P12931,P12931-3,SRC,CHEMBL267,n2-src,4046
P13497,P13497-1,BMP1,CHEMBL3898,bmp1-3,428
P13497,P13497-2,BMP1,CHEMBL3898,bmp1-1,429
P13497,P13497-3,BMP1,CHEMBL3898,bmp1-4,430
P13497,P13497-4,BMP1,CHEMBL3898,bmp1-5,431
P13497,P13497-5,BMP1,CHEMBL3898,bmp1-6,432
P13497,P13497-6,BMP1,CHEMBL3898,bmp1-7,433
P13497,P13497-7,BMP1,CHEMBL3898,bmp1-2,434
P13569,P13569-1,CFTR,CHEMBL4051,1,797
P13569,P13569-2,CFTR,CHEMBL4051,2,798
P13569,P13569-3,CFTR,CHEMBL4051,3,799
P13612,P13612-1,ITA4,CHEMBL278,1,1902
P13612,P13612-2,ITA4,CHEMBL278,2,1903
P13631,P13631-1,RARG,CHEMBL2003,1,3751
P13631,P13631-2,RARG,CHEMBL2003,2,3752
P13631,P13631-3,RARG,CHEMBL2003,3,3753
P13631,P13631-4,RARG,CHEMBL2003,4,3754
P13726,P13726-1,TF,CHEMBL4081,1,4173
P13726,P13726-1,TF,CHEMBL4081,fltf,4174
P13726,P13726-2,TF,CHEMBL4081,2,4175
P13726,P13726-2,TF,CHEMBL4081,ashtf,4176
P13866,P13866-1,SC5A1,CHEMBL4979,1,3853
P13866,P13866-2,SC5A1,CHEMBL4979,2,3854
P14091,P14091-1,CATE,CHEMBL3092,1,737
P14091,P14091-2,CATE,CHEMBL3092,2,738
P14091,P14091-3,CATE,CHEMBL3092,3,739
P14099,P14099-1,PDE2A,CHEMBL3477,pde2a1,3276
P14099,P14099-2,PDE2A,CHEMBL3477,pde2a3,3277
P14099,P14099-3,PDE2A,CHEMBL3477,pde2a2,3278
P14210,P14210-1,HGF,CHEMBL5479,1,1779
P14210,P14210-2,HGF,CHEMBL5479,2,1780
P14210,P14210-3,HGF,CHEMBL5479,3,1781
P14210,P14210-4,HGF,CHEMBL5479,4,1782
P14210,P14210-4,HGF,CHEMBL5479,hgf/nk2,1783
P14210,P14210-5,HGF,CHEMBL5479,5,1784
P14210,P14210-6,HGF,CHEMBL5479,6,1785
P14210,P14210-6,HGF,CHEMBL5479,hgf/nk1,1786
P14324,P14324-1,FPPS,CHEMBL1782,1,1481
P14324,P14324-2,FPPS,CHEMBL1782,2,1482
P14416,P14416-1,DRD2,CHEMBL217,1,1049
P14416,P14416-1,DRD2,CHEMBL217,d2(long),1050
P14416,P14416-1,DRD2,CHEMBL217,d2a,1051
P14416,P14416-2,DRD2,CHEMBL217,2,1052
P14416,P14416-2,DRD2,CHEMBL217,d2(short),1053
P14416,P14416-2,DRD2,CHEMBL217,d2b,1054
P14416,P14416-3,DRD2,CHEMBL217,3,1055
P14416,P14416-3,DRD2,CHEMBL217,d2(longer),1056
P14416,P14416-1,DRD2,CHEMBL217,d2long,4476
P14416,P14416-2,DRD2,CHEMBL217,d2short,4477
P14416,P14416-3,DRD2,CHEMBL217,d2longer,4478
P14416,P14416-2,DRD2,CHEMBL217,d2s,4497
P14416,P14416-1,DRD2,CHEMBL217,d2l,4498
P14416,P14416-2,DRD2,CHEMBL217,d2(s),4500
P14416,P14416-1,DRD2,CHEMBL217,d2(l),4507
P14598,P14598-1,NCF1,CHEMBL1613743,1,2723
P14598,P14598-2,NCF1,CHEMBL1613743,2,2724
P14618,P14618-1,KPYM,CHEMBL1075189,m2,2220
P14618,P14618-1,KPYM,CHEMBL1075189,m2-pk,2221
P14618,P14618-1,KPYM,CHEMBL1075189,pkm2,2222
P14618,P14618-2:P14786-1,KPYM,CHEMBL1075189,m1,2223
P14618,P14618-2:P14786-1,KPYM,CHEMBL1075189,m1-pk,2224
P14618,P14618-2:P14786-1,KPYM,CHEMBL1075189,pkm1,2225
P14618,P14618-3,KPYM,CHEMBL1075189,3,2226
P14679,P14679-1,TYRO,CHEMBL1973,1,4360
P14679,P14679-2,TYRO,CHEMBL1973,2,4361
P14735,P14735-1,IDE,CHEMBL1293287,1,1860
P14735,P14735-2,IDE,CHEMBL1293287,2,1861
P14927,P14927-1,QCR7,CHEMBL1671612,1,3705
P14927,P14927-2,QCR7,CHEMBL1671612,2,3706
P15428,P15428-1,PGDH,CHEMBL1293255,1,3448
P15428,P15428-2,PGDH,CHEMBL1293255,2,3449
P15428,P15428-3,PGDH,CHEMBL1293255,3,3450
P15428,P15428-4,PGDH,CHEMBL1293255,4,3451
P15428,P15428-5,PGDH,CHEMBL1293255,5,3452
P15538,P15538-1,C11B1,CHEMBL1908,1,500
P15538,P15538-2,C11B1,CHEMBL1908,2,501
P15559,P15559-1,NQO1,CHEMBL3623,1,2870
P15559,P15559-2,NQO1,CHEMBL3623,2,2871
P15559,P15559-3,NQO1,CHEMBL3623,3,2872
P15735,P15735-1,PHKG2,CHEMBL2349,1,3472
P15735,P15735-2,PHKG2,CHEMBL2349,2,3473
P15907,P15907-1,SIAT1,CHEMBL3596075,1,3985
P15907,P15907-2,SIAT1,CHEMBL3596075,2,3986
P16050,P16050-1,LOX15,CHEMBL2903,1,2303
P16050,P16050-2,LOX15,CHEMBL2903,2,2304
P16092,P16092-1,FGFR1,CHEMBL3960,1,1406
P16092,P16092-1,FGFR1,CHEMBL3960,fgfr1-iiic,1407
P16092,P16092-1,FGFR1,CHEMBL3960,long,1408
P16092,P16092-2,FGFR1,CHEMBL3960,2,1409
P16092,P16092-2,FGFR1,CHEMBL3960,short,1410
P16092,P16092-3,FGFR1,CHEMBL3960,3,1411
P16092,P16092-3,FGFR1,CHEMBL3960,variant,1412
P16092,P16092-4,FGFR1,CHEMBL3960,4,1413
P16092,P16092-5,FGFR1,CHEMBL3960,5,1414
P16092,P16092-5,FGFR1,CHEMBL3960,fgfr1-iiib,1415
P16092,P16092-6,FGFR1,CHEMBL3960,6,1416
P16152,P16152-1,CBR1,CHEMBL5586,1,748
P16152,P16152-2,CBR1,CHEMBL5586,2,749
P16232,P16232-1,DHI1,CHEMBL2391,11-hsd1a,990
P16232,P16232-2,DHI1,CHEMBL2391,11-hsd1b,991
P16234,P16234-1,PGFRA,CHEMBL2007,1,3453
P16234,P16234-2,PGFRA,CHEMBL2007,2,3454
P16234,P16234-3,PGFRA,CHEMBL2007,3,3455
P16278,P16278-1,BGAL,CHEMBL2522,1,411
P16278,P16278-2:P16279-1,BGAL,CHEMBL2522,2,412
P16278,P16278-2:P16279-1,BGAL,CHEMBL2522,beta-galactosidase-related protein,413
P16278,P16278-2:P16279-1,BGAL,CHEMBL2522,beta-galactosidase-like protein,414
P16278,P16278-2:P16279-1,BGAL,CHEMBL2522,s-gal,415
P16278,P16278-2:P16279-1,BGAL,CHEMBL2522,elastin-binding protein,416
P16278,P16278-2:P16279-1,BGAL,CHEMBL2522,ebp,417
P16278,P16278-3,BGAL,CHEMBL2522,3,418
P16591,P16591-1,FER,CHEMBL3982,1,1349
P16591,P16591-1,FER,CHEMBL3982,p94,1350
P16591,P16591-2,FER,CHEMBL3982,2,1351
P16591,P16591-3,FER,CHEMBL3982,3,1352
P16591,P16591-3,FER,CHEMBL3982,fert,1353
P16591,P16591-3,FER,CHEMBL3982,p47,1354
P16638,P16638-1,ACLY,CHEMBL2745,1,178
P16638,P16638-2,ACLY,CHEMBL2745,2,179
P17405,P17405-1,ASM,CHEMBL2760,1,311
P17405,P17405-1,ASM,CHEMBL2760,asm-1,312
P17405,P17405-2,ASM,CHEMBL2760,2,313
P17405,P17405-2,ASM,CHEMBL2760,asm-2,314
P17405,P17405-3,ASM,CHEMBL2760,3,315
P17405,P17405-3,ASM,CHEMBL2760,asm-3,316
P17405,P17405-4,ASM,CHEMBL2760,4,317
P17612,P17612-1,KAPCA,CHEMBL4101,1,1916
P17612,P17612-1,KAPCA,CHEMBL4101,c-alpha-1,1917
P17612,P17612-2,KAPCA,CHEMBL4101,2,1918
P17612,P17612-2,KAPCA,CHEMBL4101,c-alpha-2,1919
P17612,P17612-2,KAPCA,CHEMBL4101,c-alpha-s,1920
P17612,P17612-2,KAPCA,CHEMBL4101,c(s),1921
P17612,P17612-2,KAPCA,CHEMBL4101,cs,4482
P17706,P17706-1,PTN2,CHEMBL3807,1,3658
P17706,P17706-1,PTN2,CHEMBL3807,ptpb,3659
P17706,P17706-1,PTN2,CHEMBL3807,p48tc,3660
P17706,P17706-1,PTN2,CHEMBL3807,tc48,3661
P17706,P17706-1,PTN2,CHEMBL3807,tc-ptpb,3662
P17706,P17706-2,PTN2,CHEMBL3807,2,3663
P17706,P17706-2,PTN2,CHEMBL3807,ptpa,3664
P17706,P17706-2,PTN2,CHEMBL3807,p45tc,3665
P17706,P17706-2,PTN2,CHEMBL3807,tc45,3666
P17706,P17706-2,PTN2,CHEMBL3807,tc-ptpa,3667
P17706,P17706-3,PTN2,CHEMBL3807,3,3668
P17706,P17706-4,PTN2,CHEMBL3807,4,3669
P17752,P17752-1,TPH1,CHEMBL5689,1,4276
P17752,P17752-2,TPH1,CHEMBL5689,2,4277
P17948,P17948-1,VGFR1,CHEMBL1868,1,4405
P17948,P17948-1,VGFR1,CHEMBL1868,flt1,4406
P17948,P17948-2,VGFR1,CHEMBL1868,2,4407
P17948,P17948-2,VGFR1,CHEMBL1868,sflt1,4408
P17948,P17948-3,VGFR1,CHEMBL1868,3,4409
P17948,P17948-3,VGFR1,CHEMBL1868,sflt1-14,4410
P17948,P17948-4,VGFR1,CHEMBL1868,4,4411
P17948,P17948-5,VGFR1,CHEMBL1868,5,4412
P17948,P17948-5,VGFR1,CHEMBL1868,i15,4413
P17948,P17948-6,VGFR1,CHEMBL1868,6,4414
P17948,P17948-6,VGFR1,CHEMBL1868,i18,4415
P17948,P17948-7,VGFR1,CHEMBL1868,7,4416
P17948,P17948-7,VGFR1,CHEMBL1868,i21,4417
P17948,P17948-8,VGFR1,CHEMBL1868,8,4418
P18510,P18510-1,IL1RA,CHEMBL4523191,1,1873
P18510,P18510-2,IL1RA,CHEMBL4523191,2,1874
P18510,P18510-2,IL1RA,CHEMBL4523191,icil-1ra,1875
P18510,P18510-3,IL1RA,CHEMBL4523191,3,1876
P18510,P18510-3,IL1RA,CHEMBL4523191,icil-1ra type ii,1877
P18510,P18510-4,IL1RA,CHEMBL4523191,4,1878
P18911,P18911-1,RARG,CHEMBL4177,1,3755
P18911,P18911-1,RARG,CHEMBL4177,a,3756
P18911,P18911-2:P20787-1,RARG,CHEMBL4177,2,3757
P18911,P18911-2:P20787-1,RARG,CHEMBL4177,b,3758
P18911,P18911-3,RARG,CHEMBL4177,3,3759
P19020,P19020-1,DRD3,CHEMBL3138,1,1065
P19020,P19020-2,DRD3,CHEMBL3138,d3(tm3-del),1066
P19020,P19020-3,DRD3,CHEMBL3138,d3(o2-del),1067
P19020,P19020-2,DRD3,CHEMBL3138,d3tm3-del,4479
P19020,P19020-3,DRD3,CHEMBL3138,d3o2-del,4480
P19490,P19490-1,GRIA1,CHEMBL3753,flop,1586
P19490,P19490-2,GRIA1,CHEMBL3753,flip,1587
P19491,P19491-1,GRIA2,CHEMBL3503,flop,1594
P19491,P19491-2,GRIA2,CHEMBL3503,flip,1595
P19491,P19491-3,GRIA2,CHEMBL3503,3,1596
P19491,P19491-3,GRIA2,CHEMBL3503,long,1597
P19492,P19492-1,GRIA3,CHEMBL3504,flop,1603
P19492,P19492-2,GRIA3,CHEMBL3504,flip,1604
P19493,P19493-1,GRIA4,CHEMBL3505,1,1607
P19493,P19493-1,GRIA4,CHEMBL3505,flop,1608
P19493,P19493-2,GRIA4,CHEMBL3505,2,1609
P19493,P19493-2,GRIA4,CHEMBL3505,flip,1610
P19493,P19493-3,GRIA4,CHEMBL3505,3,1611
P19493,P19493-3,GRIA4,CHEMBL3505,4c flop,1612
P19634,P19634-1,SL9A1,CHEMBL2781,1,4007
P19634,P19634-2,SL9A1,CHEMBL2781,2,4008
P19793,P19793-1,RXRA,CHEMBL2061,1,3813
P19793,P19793-2,RXRA,CHEMBL2061,2,3814
P19971,P19971-1,TYPH,CHEMBL3106,1,4358
P19971,P19971-2,TYPH,CHEMBL3106,2,4359
P20142,P20142-1,PEPC,CHEMBL2136,1,3426
P20142,P20142-2,PEPC,CHEMBL2136,2,3427
P20288,P20288-1,DRD2,CHEMBL3998,long,1057
P20288,P20288-2,DRD2,CHEMBL3998,short,1058
P20701,P20701-1,ITAL,CHEMBL1803,1,1904
P20701,P20701-2,ITAL,CHEMBL1803,2,1905
P20701,P20701-3,ITAL,CHEMBL1803,3,1906
P20794,P20794-1,MAK,CHEMBL1163106,1,2384
P20794,P20794-2,MAK,CHEMBL1163106,2,2385
P20794,P20794-3,MAK,CHEMBL1163106,3,2386
P20815,P20815-1,CP3A5,CHEMBL3019,1,908
P20815,P20815-2,CP3A5,CHEMBL3019,2,909
P20839,P20839-1,IMDH1,CHEMBL1822,1,1883
P20839,P20839-2,IMDH1,CHEMBL1822,2,1884
P20839,P20839-3,IMDH1,CHEMBL1822,3,1885
P20839,P20839-4,IMDH1,CHEMBL1822,4,1886
P20839,P20839-5,IMDH1,CHEMBL1822,5,1887
P20839,P20839-6,IMDH1,CHEMBL1822,6,1888
P20839,P20839-7,IMDH1,CHEMBL1822,7,1889
P21397,P21397-1,AOFA,CHEMBL1951,1,291
P21397,P21397-2,AOFA,CHEMBL1951,2,292
P21554,P21554-1,CNR1,CHEMBL218,1,873
P21554,P21554-1,CNR1,CHEMBL218,long,874
P21554,P21554-2,CNR1,CHEMBL218,2,875
P21554,P21554-2,CNR1,CHEMBL218,cb1a,876
P21554,P21554-2,CNR1,CHEMBL218,short,877
P21554,P21554-3,CNR1,CHEMBL218,3,878
P21554,P21554-3,CNR1,CHEMBL218,cb1b,879
P21589,P21589-1,5NTD,CHEMBL5957,1,38
P21589,P21589-2,5NTD,CHEMBL5957,2,39
P21675,P21675-1,TAF1,CHEMBL3217390,1,4115
P21675,P21675-13,TAF1,CHEMBL3217390,13,4116
P21675,P21675-14,TAF1,CHEMBL3217390,14,4117
P21675,P21675-15,TAF1,CHEMBL3217390,15,4118
P21675,P21675-16,TAF1,CHEMBL3217390,16,4119
P21675,P21675-17,TAF1,CHEMBL3217390,n-taf1,4120
P21675,P21675-17,TAF1,CHEMBL3217390,ta14-391,4121
P21675,P21675-18,TAF1,CHEMBL3217390,2a,4122
P21675,P21675-19,TAF1,CHEMBL3217390,2c,4123
P21675,P21675-2,TAF1,CHEMBL3217390,2,4124
P21675,P21675-20,TAF1,CHEMBL3217390,2d,4125
P21675,P21675-21,TAF1,CHEMBL3217390,2e,4126
P21675,P21675-22,TAF1,CHEMBL3217390,2g,4127
P21675,P21675-23,TAF1,CHEMBL3217390,2h,4128
P21675,P21675-24,TAF1,CHEMBL3217390,2i,4129
P21675,P21675-25,TAF1,CHEMBL3217390,4,4130
P21709,P21709-1,EPHA1,CHEMBL5810,1,1187
P21709,P21709-2,EPHA1,CHEMBL5810,2,1188
P21709,P21709-3,EPHA1,CHEMBL5810,3,1189
P21731,P21731-2,TA2R,CHEMBL2069,2,4109
P21731,P21731-2,TA2R,CHEMBL2069,beta,4110
P21731,P21731-2,TA2R,CHEMBL2069,endothelial receptor,4111
P21731,P21731-3,TA2R,CHEMBL2069,1,4112
P21731,P21731-3,TA2R,CHEMBL2069,alpha,4113
P21731,P21731-3,TA2R,CHEMBL2069,placenta receptor,4114
P21802,P21802-1,FGFR2,CHEMBL4142,1,1417
P21802,P21802-1,FGFR2,CHEMBL4142,bek,1418
P21802,P21802-1,FGFR2,CHEMBL4142,fgfr2iiic,1419
P21802,P21802-14,FGFR2,CHEMBL4142,8,1420
P21802,P21802-14,FGFR2,CHEMBL4142,k-sam-iv,1421
P21802,P21802-14,FGFR2,CHEMBL4142,soluble kgfr,1422
P21802,P21802-15,FGFR2,CHEMBL4142,9,1423
P21802,P21802-15,FGFR2,CHEMBL4142,k-sam-iii,1424
P21802,P21802-16,FGFR2,CHEMBL4142,10,1425
P21802,P21802-16,FGFR2,CHEMBL4142,tk14,1426
P21802,P21802-17,FGFR2,CHEMBL4142,11,1427
P21802,P21802-18,FGFR2,CHEMBL4142,12,1428
P21802,P21802-18,FGFR2,CHEMBL4142,k-sam-iic1,1429
P21802,P21802-18,FGFR2,CHEMBL4142,kgfr,1430
P21802,P21802-18,FGFR2,CHEMBL4142,igiiib,1431
P21802,P21802-19,FGFR2,CHEMBL4142,13,1432
P21802,P21802-19,FGFR2,CHEMBL4142,soluble kgfr,1433
P21802,P21802-2,FGFR2,CHEMBL4142,2,1434
P21802,P21802-2,FGFR2,CHEMBL4142,short,1435
P21802,P21802-20,FGFR2,CHEMBL4142,14,1436
P21802,P21802-21,FGFR2,CHEMBL4142,15,1437
P21802,P21802-22,FGFR2,CHEMBL4142,16,1438
P21802,P21802-23,FGFR2,CHEMBL4142,17,1439
P21802,P21802-3,FGFR2,CHEMBL4142,3,1440
P21802,P21802-3,FGFR2,CHEMBL4142,bfr-1,1441
P21802,P21802-3,FGFR2,CHEMBL4142,fgfr2iiib,1442
P21802,P21802-3,FGFR2,CHEMBL4142,kgfr,1443
P21802,P21802-4,FGFR2,CHEMBL4142,4,1444
P21802,P21802-4,FGFR2,CHEMBL4142,k-sam,1445
P21802,P21802-5,FGFR2,CHEMBL4142,5,1446
P21802,P21802-5,FGFR2,CHEMBL4142,k-sam-i,1447
P21802,P21802-5,FGFR2,CHEMBL4142,bek,1448
P21802,P21802-5,FGFR2,CHEMBL4142,igiiic,1449
P21802,P21802-6,FGFR2,CHEMBL4142,6,1450
P21802,P21802-6,FGFR2,CHEMBL4142,k-sam-iic2,1451
P21802,P21802-8,FGFR2,CHEMBL4142,7,1452
P21802,P21802-8,FGFR2,CHEMBL4142,k-sam-iic3,1453
P21836,P21836-1,ACES,CHEMBL3198,t,152
P21836,P21836-2,ACES,CHEMBL3198,h,153
P21860,P21860-1,ERBB3,CHEMBL5838,1,1244
P21860,P21860-1,ERBB3,CHEMBL5838,long form,1245
P21860,P21860-2,ERBB3,CHEMBL5838,2,1246
P21860,P21860-2,ERBB3,CHEMBL5838,short form,1247
P21860,P21860-3,ERBB3,CHEMBL5838,3,1248
P21860,P21860-4,ERBB3,CHEMBL5838,4,1249
P21860,P21860-5,ERBB3,CHEMBL5838,5,1250
P21860,P21860-2,ERBB3,CHEMBL5838,s form,4501
P21860,P21860-1,ERBB3,CHEMBL5838,l form,4508
P21964,P21964-1,COMT,CHEMBL2023,membrane-bound,889
P21964,P21964-1,COMT,CHEMBL2023,mb-comt,890
P21964,P21964-2,COMT,CHEMBL2023,soluble,891
P21964,P21964-2,COMT,CHEMBL2023,s-comt,892
P21980,P21980-1,TGM2,CHEMBL2730,1,4187
P21980,P21980-2,TGM2,CHEMBL2730,2,4188
P21980,P21980-2,TGM2,CHEMBL2730,tgase-s,4189
P21980,P21980-3,TGM2,CHEMBL2730,3,4190
P21980,P21980-3,TGM2,CHEMBL2730,tgh2,4191
P22001,P22001-1,KCNA3,CHEMBL4633,1,2030
P22001,P22001-4,KCNA3,CHEMBL4633,2,2031
P22001,P22001-5,KCNA3,CHEMBL4633,3,2032
P22002,P22002-1,CAC1C,CHEMBL3762,2,522
P22002,P22002-1,CAC1C,CHEMBL3762,s3b,523
P22002,P22002-2,CAC1C,CHEMBL3762,1,524
P22002,P22002-2,CAC1C,CHEMBL3762,s3a,525
P22002,P22002-3,CAC1C,CHEMBL3762,3,526
P22002,P22002-3,CAC1C,CHEMBL3762,d1,527
P22002,P22002-3,CAC1C,CHEMBL3762,rob2,528
P22002,P22002-4,CAC1C,CHEMBL3762,4,529
P22002,P22002-4,CAC1C,CHEMBL3762,rbc-i,530
P22002,P22002-5,CAC1C,CHEMBL3762,5,531
P22002,P22002-5,CAC1C,CHEMBL3762,rbc-ii,532
P22102,P22102-1,PUR2,CHEMBL3972,long,3701
P22102,P22102-2,PUR2,CHEMBL3972,short,3702
P22199,P22199-1,MCR,CHEMBL3507,1,2452
P22199,P22199-2,MCR,CHEMBL3507,2,2453
P22199,P22199-3,MCR,CHEMBL3507,3,2454
P22303,P22303-1,ACES,CHEMBL220,t,154
P22303,P22303-1,ACES,CHEMBL220,ache-s,155
P22303,P22303-1,ACES,CHEMBL220,synaptic,156
P22303,P22303-2,ACES,CHEMBL220,h,157
P22303,P22303-2,ACES,CHEMBL220,ache-e,158
P22303,P22303-2,ACES,CHEMBL220,erythrocytic,159
P22303,P22303-2,ACES,CHEMBL220,e4-e5,160
P22303,P22303-3,ACES,CHEMBL220,4,161
P22303,P22303-4,ACES,CHEMBL220,r,162
P22303,P22303-4,ACES,CHEMBL220,ache-r,163
P22303,P22303-4,ACES,CHEMBL220,readthrough,164
P22455,P22455-1,FGFR4,CHEMBL3973,1,1461
P22455,P22455-2,FGFR4,CHEMBL3973,2,1462
P22455,P22455-2,FGFR4,CHEMBL3973,soluble-form,1463
P22460,P22460-1,KCNA5,CHEMBL4306,1,2033
P22460,P22460-2,KCNA5,CHEMBL4306,2,2034
P22460,P22460-2,KCNA5,CHEMBL4306,short,2035
P22518,P22518-1,CLK1,CHEMBL1075280,long,851
P22518,P22518-2,CLK1,CHEMBL1075280,short,852
P22518,P22518-2,CLK1,CHEMBL1075280,clk1t,853
P22605,P22605-1,RARB,CHEMBL3266,beta-3,3747
P22605,P22605-2,RARB,CHEMBL3266,beta-1,3748
P22605,P22605-3,RARB,CHEMBL3266,beta-2,3749
P22605,P22605-4,RARB,CHEMBL3266,beta-4,3750
P22607,P22607-1,FGFR3,CHEMBL2742,1,1454
P22607,P22607-1,FGFR3,CHEMBL2742,iiic,1455
P22607,P22607-2,FGFR3,CHEMBL2742,2,1456
P22607,P22607-2,FGFR3,CHEMBL2742,iiib,1457
P22607,P22607-3,FGFR3,CHEMBL2742,3,1458
P22607,P22607-3,FGFR3,CHEMBL2742,fgfr3deltatm,1459
P22607,P22607-4,FGFR3,CHEMBL2742,4,1460
P22694,P22694-1,KAPCB,CHEMBL2918,1,1926
P22694,P22694-1,KAPCB,CHEMBL2918,beta1,1927
P22694,P22694-10,KAPCB,CHEMBL2918,10,1928
P22694,P22694-2,KAPCB,CHEMBL2918,2,1929
P22694,P22694-2,KAPCB,CHEMBL2918,beta2,1930
P22694,P22694-3,KAPCB,CHEMBL2918,3,1931
P22694,P22694-3,KAPCB,CHEMBL2918,beta3,1932
P22694,P22694-4,KAPCB,CHEMBL2918,4,1933
P22694,P22694-4,KAPCB,CHEMBL2918,beta4,1934
P22694,P22694-5,KAPCB,CHEMBL2918,5,1935
P22694,P22694-5,KAPCB,CHEMBL2918,beta4ab,1936
P22694,P22694-6,KAPCB,CHEMBL2918,6,1937
P22694,P22694-6,KAPCB,CHEMBL2918,beta4abc,1938
P22694,P22694-7,KAPCB,CHEMBL2918,7,1939
P22694,P22694-8,KAPCB,CHEMBL2918,8,1940
P22694,P22694-9,KAPCB,CHEMBL2918,9,1941
P22734,P22734-1,COMT,CHEMBL2372,membrane-bound,893
P22734,P22734-1,COMT,CHEMBL2372,mb-comt,894
P22734,P22734-2,COMT,CHEMBL2372,soluble,895
P22734,P22734-2,COMT,CHEMBL2372,s-comt,896
P22748,P22748-1,CAH4,CHEMBL3729,1,673
P22748,P22748-2,CAH4,CHEMBL3729,2,674
P22756,P22756-1,GRIK1,CHEMBL2919,glur5-2c,1615
P22756,P22756-2,GRIK1,CHEMBL2919,glur5-2,1616
P22756,P22756-3,GRIK1,CHEMBL2919,glur5-2a,1617
P22756,P22756-4,GRIK1,CHEMBL2919,glur5-2b,1618
P22756,P22756-4,GRIK1,CHEMBL2919,glur5-1,1619
P23141,P23141-1,EST1,CHEMBL2265,1,1302
P23141,P23141-2,EST1,CHEMBL2265,2,1303
P23141,P23141-3,EST1,CHEMBL2265,3,1304
P23219,P23219-1,PGH1,CHEMBL221,1,3460
P23219,P23219-1,PGH1,CHEMBL221,long,3461
P23219,P23219-2,PGH1,CHEMBL221,2,3462
P23219,P23219-2,PGH1,CHEMBL221,short,3463
P23219,P23219-3,PGH1,CHEMBL221,3,3464
P23219,P23219-4,PGH1,CHEMBL221,4,3465
P23219,P23219-5,PGH1,CHEMBL221,5,3466
P23219,P23219-5,PGH1,CHEMBL221,1b3,3467
P23219,P23219-6,PGH1,CHEMBL221,6,3468
P23219,P23219-6,PGH1,CHEMBL221,1b2,3469
P23280,P23280-1,CAH6,CHEMBL3025,1,675
P23280,P23280-2,CAH6,CHEMBL3025,2,676
P23280,P23280-3,CAH6,CHEMBL3025,3,677
P23385,P23385-1,GRM1,CHEMBL4477,1a,1653
P23385,P23385-2,GRM1,CHEMBL4477,1b,1654
P23385,P23385-3,GRM1,CHEMBL4477,1c,1655
P23415,P23415-1,GLRA1,CHEMBL5845,a,1553
P23415,P23415-2,GLRA1,CHEMBL5845,b,1554
P23416,P23416-1,GLRA2,CHEMBL5871,alpha-2*,1555
P23416,P23416-2,GLRA2,CHEMBL5871,alpha-2b,1556
P23416,P23416-3,GLRA2,CHEMBL5871,3,1557
P23443,P23443-1,KS6B1,CHEMBL4501,alpha i,2245
P23443,P23443-1,KS6B1,CHEMBL4501,p80-s6k 1,2246
P23443,P23443-2,KS6B1,CHEMBL4501,alpha ii,2247
P23443,P23443-3,KS6B1,CHEMBL4501,2,2248
P23443,P23443-4,KS6B1,CHEMBL4501,3,2249
P23443,P23443-5,KS6B1,CHEMBL4501,4,2250
P23467,P23467-1,PTPRB,CHEMBL2706,1,3695
P23467,P23467-2,PTPRB,CHEMBL2706,2,3696
P23467,P23467-3,PTPRB,CHEMBL2706,3,3697
P23467,P23467-4,PTPRB,CHEMBL2706,4,3698
P23526,P23526-1,SAHH,CHEMBL2664,1,3851
P23526,P23526-2,SAHH,CHEMBL2664,2,3852
P23743,P23743-1,DGKA,CHEMBL4105787,1,981
P23743,P23743-2,DGKA,CHEMBL4105787,2,982
P23743,P23743-3,DGKA,CHEMBL4105787,3,983
P23795,P23795-1,ACES,CHEMBL4768,t,165
P23795,P23795-2,ACES,CHEMBL4768,h,166
P23946,P23946-1,CMA1,CHEMBL4068,1,871
P23946,P23946-2,CMA1,CHEMBL4068,2,872
P23975,P23975-1,SC6A2,CHEMBL222,1,3857
P23975,P23975-2,SC6A2,CHEMBL222,2,3858
P23975,P23975-3,SC6A2,CHEMBL222,3,3859
P24008,P24008-1,S5A1,CHEMBL3422,long,3847
P24008,P24008-2,S5A1,CHEMBL3422,short,3848
P24046,P24046-1,GBRR1,CHEMBL3561,1,1513
P24046,P24046-2,GBRR1,CHEMBL3561,2,1514
P24046,P24046-3,GBRR1,CHEMBL3561,3,1515
P24530,P24530-1,EDNRB,CHEMBL1785,a,1128
P24530,P24530-2,EDNRB,CHEMBL1785,b,1129
P24530,P24530-3,EDNRB,CHEMBL1785,c,1130
P24530,P24530-3,EDNRB,CHEMBL1785,delta-3,1131
P24557,P24557-1,THAS,CHEMBL1835,1,4197
P24557,P24557-2,THAS,CHEMBL1835,2,4198
P24557,P24557-3,THAS,CHEMBL1835,3,4199
P24557,P24557-4,THAS,CHEMBL1835,4,4200
P24666,P24666-1,PPAC,CHEMBL4903,1,3568
P24666,P24666-1,PPAC,CHEMBL4903,f,3569
P24666,P24666-1,PPAC,CHEMBL4903,a,3570
P24666,P24666-1,PPAC,CHEMBL4903,alpha,3571
P24666,P24666-1,PPAC,CHEMBL4903,lmptp-a,3572
P24666,P24666-1,PPAC,CHEMBL4903,hcptp-a,3573
P24666,P24666-2:P24667-1,PPAC,CHEMBL4903,2,3574
P24666,P24666-2:P24667-1,PPAC,CHEMBL4903,s,3575
P24666,P24666-2:P24667-1,PPAC,CHEMBL4903,b,3576
P24666,P24666-2:P24667-1,PPAC,CHEMBL4903,beta,3577
P24666,P24666-2:P24667-1,PPAC,CHEMBL4903,lmptp-b,3578
P24666,P24666-2:P24667-1,PPAC,CHEMBL4903,hcptp-b,3579
P24666,P24666-3,PPAC,CHEMBL4903,3,3580
P24666,P24666-3,PPAC,CHEMBL4903,c,3581
P24666,P24666-3,PPAC,CHEMBL4903,lmptp-c,3582
P24666,P24666-4,PPAC,CHEMBL4903,4,3583
P24723,P24723-1,KPCL,CHEMBL3616,1,2211
P24723,P24723-2,KPCL,CHEMBL3616,2,2212
P24941,P24941-1,CDK2,CHEMBL301,1,775
P24941,P24941-2,CDK2,CHEMBL301,2,776
P24941,P24941-2,CDK2,CHEMBL301,cdk2deltat,777
P24942,P24942-1,EAA1,CHEMBL4190,glast-1,1108
P24942,P24942-2,EAA1,CHEMBL4190,glast-1a,1109
P25021,P25021-1,HRH2,CHEMBL1941,1,1819
P25021,P25021-2,HRH2,CHEMBL1941,2,1820
P25101,P25101-1,EDNRA,CHEMBL252,1,1121
P25101,P25101-2,EDNRA,CHEMBL252,2,1122
P25101,P25101-2,EDNRA,CHEMBL252,delta-3,1123
P25101,P25101-3,EDNRA,CHEMBL252,3,1124
P25101,P25101-3,EDNRA,CHEMBL252,delta-4,1125
P25101,P25101-4,EDNRA,CHEMBL252,4,1126
P25101,P25101-4,EDNRA,CHEMBL252,"delta-3,4
P25101-5",1127
P25103,P25103-1,NK1R,CHEMBL249,1,2765
P25103,P25103-3,NK1R,CHEMBL249,2,2766
P25162,P25162-1,ACH4,CHEMBL2366470,a,170
P25162,P25162-2,ACH4,CHEMBL2366470,b,171
P25440,P25440-1,BRD2,CHEMBL1293289,1,443
P25440,P25440-2,BRD2,CHEMBL1293289,2,444
P25440,P25440-3,BRD2,CHEMBL1293289,3,445
P25440,P25440-4,BRD2,CHEMBL1293289,4,446
P25774,P25774-1,CATS,CHEMBL2954,1,742
P25774,P25774-2,CATS,CHEMBL2954,2,743
P26358,P26358-1,DNMT1,CHEMBL1993,1,1026
P26358,P26358-2,DNMT1,CHEMBL1993,2,1027
P26358,P26358-2,DNMT1,CHEMBL1993,dnmt1b,1028
P26358,P26358-3,DNMT1,CHEMBL1993,3,1029
P27338,P27338-1,AOFB,CHEMBL2039,1,293
P27338,P27338-2,AOFB,CHEMBL2039,2,294
P27361,P27361-1,MK03,CHEMBL3385,1,2514
P27361,P27361-2,MK03,CHEMBL3385,2,2515
P27361,P27361-3,MK03,CHEMBL3385,3,2516
P27361,P27361-3,MK03,CHEMBL3385,erk1b,2517
P27448,P27448-2,MARK3,CHEMBL5600,2,2418
P27448,P27448-2,MARK3,CHEMBL5600,ctak75a,2419
P27448,P27448-3,MARK3,CHEMBL5600,3,2420
P27448,P27448-4,MARK3,CHEMBL5600,4,2421
P27448,P27448-5,MARK3,CHEMBL5600,1,2422
P27448,P27448-6,MARK3,CHEMBL5600,5,2423
P27448,P27448-6,MARK3,CHEMBL5600,p58,2424
P27448,P27448-7,MARK3,CHEMBL5600,6,2425
P27448,P27448-8,MARK3,CHEMBL5600,7,2426
P27791,P27791-1,KAPCA,CHEMBL3390,1,1922
P27791,P27791-1,KAPCA,CHEMBL3390,c-alpha-1,1923
P27791,P27791-2,KAPCA,CHEMBL3390,2,1924
P27791,P27791-2,KAPCA,CHEMBL3390,cs,1925
P27815,P27815-1,PDE4A,CHEMBL254,1,3281
P27815,P27815-1,PDE4A,CHEMBL254,pde4a4,3282
P27815,P27815-1,PDE4A,CHEMBL254,4a4,3283
P27815,P27815-1,PDE4A,CHEMBL254,pde4a4b,3284
P27815,P27815-1,PDE4A,CHEMBL254,4a4b,3285
P27815,P27815-1,PDE4A,CHEMBL254,pde46,3286
P27815,P27815-1,PDE4A,CHEMBL254,46,3287
P27815,P27815-2,PDE4A,CHEMBL254,2,3288
P27815,P27815-2,PDE4A,CHEMBL254,tm3,3289
P27815,P27815-2,PDE4A,CHEMBL254,pde4a11,3290
P27815,P27815-2,PDE4A,CHEMBL254,4a11,3291
P27815,P27815-3,PDE4A,CHEMBL254,3,3292
P27815,P27815-3,PDE4A,CHEMBL254,pde4a7,3293
P27815,P27815-3,PDE4A,CHEMBL254,4a7,3294
P27815,P27815-3,PDE4A,CHEMBL254,pde4a6,3295
P27815,P27815-3,PDE4A,CHEMBL254,4a6,3296
P27815,P27815-4,PDE4A,CHEMBL254,4,3297
P27815,P27815-4,PDE4A,CHEMBL254,pde4a1,3298
P27815,P27815-4,PDE4A,CHEMBL254,4a1,3299
P27815,P27815-4,PDE4A,CHEMBL254,rd1,3300
P27815,P27815-5,PDE4A,CHEMBL254,5,3301
P27815,P27815-5,PDE4A,CHEMBL254,pde4a8a,3302
P27815,P27815-5,PDE4A,CHEMBL254,4a8a,3303
P27815,P27815-5,PDE4A,CHEMBL254,2el,3304
P27815,P27815-6,PDE4A,CHEMBL254,6,3305
P27815,P27815-6,PDE4A,CHEMBL254,pde4a10,3306
P27815,P27815-6,PDE4A,CHEMBL254,4a10,3307
P27815,P27815-7,PDE4A,CHEMBL254,7,3308
P27815,P27815-7,PDE4A,CHEMBL254,pde4a8,3309
P27815,P27815-7,PDE4A,CHEMBL254,4a8,3310
P28028,P28028-1,BRAF,CHEMBL2331061,1,439
P28028,P28028-3,BRAF,CHEMBL2331061,3,440
P28062,P28062-1,PSB8,CHEMBL5620,1,3627
P28062,P28062-1,PSB8,CHEMBL5620,lmp7b,3628
P28062,P28062-1,PSB8,CHEMBL5620,lmp7-e2,3629
P28062,P28062-2,PSB8,CHEMBL5620,2,3630
P28062,P28062-2,PSB8,CHEMBL5620,lmp7a,3631
P28062,P28062-2,PSB8,CHEMBL5620,lmp7-e1,3632
P28065,P28065-1,PSB9,CHEMBL1944495,lmp2.l,3633
P28065,P28065-2,PSB9,CHEMBL1944495,lmp2.s,3634
P28074,P28074-1,PSB5,CHEMBL4662,1,3624
P28074,P28074-2,PSB5,CHEMBL4662,2,3625
P28074,P28074-3,PSB5,CHEMBL4662,3,3626
P28161,P28161-1,GSTM2,CHEMBL4589,1,1703
P28161,P28161-2,GSTM2,CHEMBL4589,2,1704
P28223,P28223-1,5HT2A,CHEMBL224,1,6
P28223,P28223-2,5HT2A,CHEMBL224,2,7
P28335,P28335-1,5HT2C,CHEMBL225,1,8
P28335,P28335-2,5HT2C,CHEMBL225,2,9
P28482,P28482-1,MK01,CHEMBL4040,1,2512
P28482,P28482-2,MK01,CHEMBL4040,2,2513
P28572,P28572-1,SC6A9,CHEMBL4556,2,3867
P28572,P28572-1,SC6A9,CHEMBL4556,glyt-1a,3868
P28572,P28572-1,SC6A9,CHEMBL4556,glyt-2,3869
P28572,P28572-2,SC6A9,CHEMBL4556,1,3870
P28572,P28572-2,SC6A9,CHEMBL4556,glyt-1b,3871
P28572,P28572-2,SC6A9,CHEMBL4556,glyt-1,3872
P28647,P28647-1,AA3R,CHEMBL3360,a,69
P28647,P28647-2,AA3R,CHEMBL3360,b,70
P28647,P28647-2,AA3R,CHEMBL3360,a3i,71
P28702,P28702-1,RXRB,CHEMBL1870,1,3815
P28702,P28702-3,RXRB,CHEMBL1870,2,3816
P28867,P28867-1,KPCD,CHEMBL2560,1,2197
P28867,P28867-1,KPCD,CHEMBL2560,pkc-delta-i,2198
P28867,P28867-2,KPCD,CHEMBL2560,2,2199
P28867,P28867-2,KPCD,CHEMBL2560,pkc-delta-ii,2200
P28907,P28907-1,CD38,CHEMBL4660,1,764
P28907,P28907-2,CD38,CHEMBL4660,2,765
P29122,P29122-1,PCSK6,CHEMBL2951,pace4a-i,3201
P29122,P29122-1,PCSK6,CHEMBL2951,pace4,3202
P29122,P29122-2,PCSK6,CHEMBL2951,pace4a-ii,3203
P29122,P29122-3,PCSK6,CHEMBL2951,pace4b,3204
P29122,P29122-3,PCSK6,CHEMBL2951,pace4.1,3205
P29122,P29122-4,PCSK6,CHEMBL2951,pace4c,3206
P29122,P29122-5,PCSK6,CHEMBL2951,pace4cs,3207
P29122,P29122-6,PCSK6,CHEMBL2951,pace4d,3208
P29122,P29122-7,PCSK6,CHEMBL2951,pace4e-i,3209
P29122,P29122-8,PCSK6,CHEMBL2951,pace4e-ii,3210
P29317,P29317-1,EPHA2,CHEMBL2068,1,1190
P29317,P29317-2,EPHA2,CHEMBL2068,2,1191
P29320,P29320-1,EPHA3,CHEMBL4954,1,1192
P29320,P29320-2,EPHA3,CHEMBL4954,2,1193
P29322,P29322-1,EPHA8,CHEMBL4134,1,1209
P29322,P29322-2,EPHA8,CHEMBL4134,2,1210
P29323,P29323-1,EPHB2,CHEMBL3290,1,1214
P29323,P29323-1,EPHB2,CHEMBL3290,ephb2v,1215
P29323,P29323-1,EPHB2,CHEMBL3290,long,1216
P29323,P29323-2,EPHB2,CHEMBL3290,2,1217
P29323,P29323-2,EPHB2,CHEMBL3290,short,1218
P29323,P29323-3,EPHB2,CHEMBL3290,3,1219
P29350,P29350-1,PTN6,CHEMBL3166,1,3684
P29350,P29350-1,PTN6,CHEMBL3166,long,3685
P29350,P29350-2,PTN6,CHEMBL3166,3,3686
P29350,P29350-2,PTN6,CHEMBL3166,short,3687
P29350,P29350-3,PTN6,CHEMBL3166,2,3688
P29350,P29350-4,PTN6,CHEMBL3166,4,3689
P29350,P29350-4,PTN6,CHEMBL3166,70-kda,3690
P29350,P29350-4,PTN6,CHEMBL3166,shp-1l,3691
P29372,P29372-1,3MG,CHEMBL3396943,1,2
P29372,P29372-2,3MG,CHEMBL3396943,2,3
P29372,P29372-4,3MG,CHEMBL3396943,3,4
P29372,P29372-5,3MG,CHEMBL3396943,4,5
P29375,P29375-1,KDM5A,CHEMBL2424504,1,2094
P29375,P29375-2,KDM5A,CHEMBL2424504,2,2095
P29376,P29376-1,LTK,CHEMBL5627,lambda p2,2323
P29376,P29376-2,LTK,CHEMBL5627,lambda p1,2324
P29376,P29376-3,LTK,CHEMBL5627,lambda p3,2325
P29376,P29376-4,LTK,CHEMBL5627,2,2326
P29376,P29376-5,LTK,CHEMBL5627,5,2327
P29466,P29466-1,CASP1,CHEMBL4801,alpha,688
P29466,P29466-2,CASP1,CHEMBL4801,beta,689
P29466,P29466-3,CASP1,CHEMBL4801,gamma,690
P29466,P29466-4,CASP1,CHEMBL4801,delta,691
P29466,P29466-5,CASP1,CHEMBL4801,epsilon,692
P29474,P29474-1,NOS3,CHEMBL4803,1,2838
P29474,P29474-2,NOS3,CHEMBL4803,enos13c,2839
P29474,P29474-3,NOS3,CHEMBL4803,enos13b,2840
P29475,P29475-1,NOS1,CHEMBL3568,1,2822
P29475,P29475-1,NOS1,CHEMBL3568,n-nos-1,2823
P29475,P29475-2,NOS1,CHEMBL3568,2,2824
P29475,P29475-2,NOS1,CHEMBL3568,n-nos-2,2825
P29475,P29475-3,NOS1,CHEMBL3568,3,2826
P29475,P29475-3,NOS1,CHEMBL3568,tn-nos,2827
P29475,P29475-3,NOS1,CHEMBL3568,tn-nosb,2828
P29475,P29475-4,NOS1,CHEMBL3568,4,2829
P29475,P29475-4,NOS1,CHEMBL3568,tex2-insertion,2830
P29475,P29475-5,NOS1,CHEMBL3568,5,2831
P29475,P29475-5,NOS1,CHEMBL3568,nnosmu,2832
P29476,P29476-1,NOS1,CHEMBL3048,n-nos-1,2833
P29476,P29476-2,NOS1,CHEMBL3048,n-nos-2,2834
P29476,P29476-3,NOS1,CHEMBL3048,pnnos,2835
P30291,P30291-1,WEE1,CHEMBL5491,1,4437
P30291,P30291-2,WEE1,CHEMBL5491,2,4438
P30304,P30304-1,MPIP1,CHEMBL3775,1,2616
P30304,P30304-1,MPIP1,CHEMBL3775,cdc25a1,2617
P30304,P30304-2,MPIP1,CHEMBL3775,2,2618
P30304,P30304-2,MPIP1,CHEMBL3775,cdc25a2,2619
P30305,P30305-1,MPIP2,CHEMBL4804,3,2620
P30305,P30305-1,MPIP2,CHEMBL4804,cdc25b3,2621
P30305,P30305-2,MPIP2,CHEMBL4804,1,2622
P30305,P30305-2,MPIP2,CHEMBL4804,cdc25b1,2623
P30305,P30305-3,MPIP2,CHEMBL4804,2,2624
P30305,P30305-3,MPIP2,CHEMBL4804,cdc25b2,2625
P30305,P30305-4,MPIP2,CHEMBL4804,4,2626
P30307,P30307-1,MPIP3,CHEMBL2378,1,2627
P30307,P30307-1,MPIP3,CHEMBL2378,cdc25c1,2628
P30307,P30307-2,MPIP3,CHEMBL2378,2,2629
P30307,P30307-2,MPIP3,CHEMBL2378,cdc25c2,2630
P30307,P30307-3,MPIP3,CHEMBL2378,4,2631
P30307,P30307-3,MPIP3,CHEMBL2378,cdc25c4,2632
P30307,P30307-4,MPIP3,CHEMBL2378,5,2633
P30307,P30307-4,MPIP3,CHEMBL2378,cdc25c5,2634
P30307,P30307-4,MPIP3,CHEMBL2378,cdc25cdm,2635
P30307,P30307-5,MPIP3,CHEMBL2378,3,2636
P30307,P30307-5,MPIP3,CHEMBL2378,cdc25c3,2637
P30411,P30411-1,BKRB2,CHEMBL3157,long,426
P30411,P30411-2,BKRB2,CHEMBL3157,short,427
P30419,P30419-1,NMT1,CHEMBL2593,long,2806
P30419,P30419-2,NMT1,CHEMBL2593,short,2807
P30518,P30518-1,V2R,CHEMBL1790,1,4398
P30518,P30518-2,V2R,CHEMBL1790,2,4399
P30530,P30530-1,UFO,CHEMBL4895,long,4380
P30530,P30530-2,UFO,CHEMBL4895,short,4381
P30536,P30536-1,TSPO,CHEMBL5742,1,4350
P30542,P30542-1,AA1R,CHEMBL226,1,58
P30542,P30542-2,AA1R,CHEMBL226,2,59
P30557,P30557-1,PE2R3,CHEMBL4336,alpha,3404
P30557,P30557-2,PE2R3,CHEMBL4336,beta,3405
P30557,P30557-3,PE2R3,CHEMBL4336,gamma,3406
P30613,P30613-1,KPYR,CHEMBL1075126,r-type,2227
P30613,P30613-1,KPYR,CHEMBL1075126,pkr,2228
P30613,P30613-2,KPYR,CHEMBL1075126,l-type,2229
P30613,P30613-2,KPYR,CHEMBL1075126,pkl,2230
P30874,P30874-1,SSR2,CHEMBL1804,a,4057
P30874,P30874-1,SSR2,CHEMBL1804,sstr2a,4058
P30874,P30874-2,SSR2,CHEMBL1804,b,4059
P30874,P30874-2,SSR2,CHEMBL1804,sstr2b,4060
P30968,P30968-1,GNRHR,CHEMBL1855,1,1569
P30968,P30968-2,GNRHR,CHEMBL1855,2,1570
P30968,P30968-2,GNRHR,CHEMBL1855,truncated,1571
P31424,P31424-1,GRM5,CHEMBL2564,2,1667
P31424,P31424-1,GRM5,CHEMBL2564,5b,1668
P31424,P31424-2,GRM5,CHEMBL2564,1,1669
P31424,P31424-2,GRM5,CHEMBL2564,5a,1670
P31639,P31639-1,SC5A2,CHEMBL3884,1,3855
P31639,P31639-2,SC5A2,CHEMBL3884,2,3856
P31645,P31645-1,SC6A4,CHEMBL228,1,3860
P31645,P31645-2,SC6A4,CHEMBL228,2,3861
P31749,P31749-1,AKT1,CHEMBL4282,1,234
P31749,P31749-2,AKT1,CHEMBL4282,2,235
P31751,P31751-1,AKT2,CHEMBL2431,1,236
P31751,P31751-2,AKT2,CHEMBL2431,2,237
P31941,P31941-1,ABC3A,CHEMBL1741179,1,74
P31941,P31941-1,ABC3A,CHEMBL1741179,phorbolin-1,75
P31941,P31941-2,ABC3A,CHEMBL1741179,2,76
P32239,P32239-1,GASR,CHEMBL298,1,1497
P32239,P32239-2,GASR,CHEMBL298,2,1498
P32239,P32239-2,GASR,CHEMBL298,cck-c,1499
P32239,P32239-2,GASR,CHEMBL298,cck-bri4sv,1500
P32239,P32239-3,GASR,CHEMBL298,3,1501
P32239,P32239-3,GASR,CHEMBL298,deltacck-b,1502
P32298,P32298-1,GRK4,CHEMBL5861,1,1638
P32298,P32298-1,GRK4,CHEMBL5861,grk4-alpha,1639
P32298,P32298-1,GRK4,CHEMBL5861,grk4d,1640
P32298,P32298-2,GRK4,CHEMBL5861,2,1641
P32298,P32298-2,GRK4,CHEMBL5861,grk4-beta,1642
P32298,P32298-2,GRK4,CHEMBL5861,grk4c,1643
P32298,P32298-3,GRK4,CHEMBL5861,3,1644
P32298,P32298-3,GRK4,CHEMBL5861,grk4-delta,1645
P32298,P32298-3,GRK4,CHEMBL5861,grk4a,1646
P32298,P32298-4,GRK4,CHEMBL5861,4,1647
P32298,P32298-4,GRK4,CHEMBL5861,grk4-gamma,1648
P32298,P32298-4,GRK4,CHEMBL5861,grk4b,1649
P32305,P32305-1,5HT7R,CHEMBL3223,a,33
P32305,P32305-2,5HT7R,CHEMBL3223,b,34
P32929,P32929-1,CGL,CHEMBL4295745,1,800
P32929,P32929-2,CGL,CHEMBL4295745,2,801
P32929,P32929-3,CGL,CHEMBL4295745,3,802
P33316,P33316-2,DUT,CHEMBL5203,2,1075
P33316,P33316-2,DUT,CHEMBL5203,dut-n,1076
P33316,P33316-3,DUT,CHEMBL5203,3,1077
P33316,P33316-3,DUT,CHEMBL5203,dut-m,1078
P33527,P33527-1,MRP1,CHEMBL3004,1,2647
P33527,P33527-1,MRP1,CHEMBL3004,allexons,2648
P33527,P33527-2,MRP1,CHEMBL3004,2,2649
P33527,P33527-2,MRP1,CHEMBL3004,delexon-17,2650
P33527,P33527-3,MRP1,CHEMBL3004,3,2651
P33527,P33527-3,MRP1,CHEMBL3004,delexon-18,2652
P33527,P33527-4,MRP1,CHEMBL3004,4,2653
P33527,P33527-4,MRP1,CHEMBL3004,delexon-30,2654
P33527,P33527-5,MRP1,CHEMBL3004,5,2655
P33527,P33527-5,MRP1,CHEMBL3004,delexon-17-18,2656
P33527,P33527-6,MRP1,CHEMBL3004,6,2657
P33527,P33527-6,MRP1,CHEMBL3004,delexon-17-30,2658
P33527,P33527-7,MRP1,CHEMBL3004,7,2659
P33527,P33527-7,MRP1,CHEMBL3004,delexon-18-30,2660
P33527,P33527-8,MRP1,CHEMBL3004,8,2661
P33527,P33527-8,MRP1,CHEMBL3004,delexon-17-18-30,2662
P33527,P33527-9,MRP1,CHEMBL3004,9,2663
P33535,P33535-1,OPRM,CHEMBL270,1,2963
P33535,P33535-2,OPRM,CHEMBL270,2,2964
P33535,P33535-2,OPRM,CHEMBL270,mor1a,2965
P33535,P33535-3,OPRM,CHEMBL270,3,2966
P33535,P33535-3,OPRM,CHEMBL270,mor1r,2967
P33535,P33535-4,OPRM,CHEMBL270,4,2968
P33535,P33535-4,OPRM,CHEMBL270,mor1b,2969
P33535,P33535-5,OPRM,CHEMBL270,5,2970
P33535,P33535-5,OPRM,CHEMBL270,mor1b2,2971
P33535,P33535-6,OPRM,CHEMBL270,6,2972
P33535,P33535-6,OPRM,CHEMBL270,mor1c1,2973
P33535,P33535-7,OPRM,CHEMBL270,7,2974
P33535,P33535-7,OPRM,CHEMBL270,mor-1c2,2975
P33535,P33535-8,OPRM,CHEMBL270,8,2976
P33535,P33535-8,OPRM,CHEMBL270,rmor-1d,2977
P33981,P33981-1,TTK,CHEMBL3983,1,4351
P33981,P33981-2,TTK,CHEMBL3983,2,4352
P34896,P34896-1,GLYC,CHEMBL1772927,1,1565
P34896,P34896-2,GLYC,CHEMBL1772927,2,1566
P34896,P34896-3,GLYC,CHEMBL1772927,3,1567
P34896,P34896-4,GLYC,CHEMBL1772927,4,1568
P34913,P34913-1,HYES,CHEMBL2409,1,1851
P34913,P34913-2,HYES,CHEMBL2409,2,1852
P34913,P34913-3,HYES,CHEMBL2409,3,1853
P34914,P34914-1,HYES,CHEMBL4140,1,1854
P34914,P34914-1,HYES,CHEMBL4140,ephx2a,1855
P34914,P34914-2,HYES,CHEMBL4140,2,1856
P34914,P34914-2,HYES,CHEMBL4140,ephx2b,1857
P34949,P34949-1,MPI,CHEMBL2758,1,2614
P34949,P34949-2,MPI,CHEMBL2758,2,2615
P34969,P34969-1,5HT7R,CHEMBL3155,d,35
P34969,P34969-2,5HT7R,CHEMBL3155,a,36
P34969,P34969-3,5HT7R,CHEMBL3155,b,37
P34998,P34998-1,CRFR1,CHEMBL1800,crf-r1,910
P34998,P34998-2,CRFR1,CHEMBL1800,crf-r2,911
P34998,P34998-3,CRFR1,CHEMBL1800,crf-r3,912
P34998,P34998-4,CRFR1,CHEMBL1800,crf-r4,913
P34998,P34998-4,CRFR1,CHEMBL1800,1d,914
P34998,P34998-5,CRFR1,CHEMBL1800,5,915
P35228,P35228-1,NOS2,CHEMBL4481,1,2836
P35228,P35228-2,NOS2,CHEMBL4481,2,2837
P35236,P35236-1,PTN7,CHEMBL2219,1,3692
P35236,P35236-2,PTN7,CHEMBL2219,2,3693
P35236,P35236-3,PTN7,CHEMBL2219,3,3694
P35348,P35348-1,ADA1A,CHEMBL229,1,203
P35348,P35348-1,ADA1A,CHEMBL229,alpha 1c-1,204
P35348,P35348-1,ADA1A,CHEMBL229,alpha(1a-1),205
P35348,P35348-2,ADA1A,CHEMBL229,2,206
P35348,P35348-2,ADA1A,CHEMBL229,alpha 1c-2,207
P35348,P35348-2,ADA1A,CHEMBL229,alpha(1a-2),208
P35348,P35348-3,ADA1A,CHEMBL229,3,209
P35348,P35348-3,ADA1A,CHEMBL229,alpha 1c-3,210
P35348,P35348-3,ADA1A,CHEMBL229,alpha(1a-3),211
P35348,P35348-4,ADA1A,CHEMBL229,4,212
P35348,P35348-4,ADA1A,CHEMBL229,alpha(1a-4),213
P35348,P35348-5,ADA1A,CHEMBL229,5,214
P35348,P35348-6,ADA1A,CHEMBL229,6,215
P35348,P35348-7,ADA1A,CHEMBL229,7,216
P35348,P35348-7,ADA1A,CHEMBL229,2b/3b,217
P35348,P35348-8,ADA1A,CHEMBL229,8,218
P35348,P35348-8,ADA1A,CHEMBL229,2c,219
P35348,P35348-9,ADA1A,CHEMBL229,9,220
P35348,P35348-9,ADA1A,CHEMBL229,3c,221
P35348,P35348-1,ADA1A,CHEMBL229,alpha1a-1,4468
P35348,P35348-2,ADA1A,CHEMBL229,alpha1a-2,4469
P35348,P35348-3,ADA1A,CHEMBL229,alpha1a-3,4470
P35348,P35348-4,ADA1A,CHEMBL229,alpha1a-4,4471
P35372,P35372-1,OPRM,CHEMBL233,1,2978
P35372,P35372-10,OPRM,CHEMBL233,10,2979
P35372,P35372-10,OPRM,CHEMBL233,mor-1i,2980
P35372,P35372-11,OPRM,CHEMBL233,11,2981
P35372,P35372-11,OPRM,CHEMBL233,mor-1b4,2982
P35372,P35372-12,OPRM,CHEMBL233,12,2983
P35372,P35372-12,OPRM,CHEMBL233,mor-1g1,2984
P35372,P35372-12,OPRM,CHEMBL233,mor-1k,2985
P35372,P35372-13,OPRM,CHEMBL233,13,2986
P35372,P35372-13,OPRM,CHEMBL233,mor-1g2,2987
P35372,P35372-14,OPRM,CHEMBL233,14,2988
P35372,P35372-14,OPRM,CHEMBL233,mu3,2989
P35372,P35372-15,OPRM,CHEMBL233,15,2990
P35372,P35372-15,OPRM,CHEMBL233,mor-1w,2991
P35372,P35372-16,OPRM,CHEMBL233,16,2992
P35372,P35372-16,OPRM,CHEMBL233,sv1,2993
P35372,P35372-17,OPRM,CHEMBL233,17,2994
P35372,P35372-17,OPRM,CHEMBL233,sv2,2995
P35372,P35372-18,OPRM,CHEMBL233,18,2996
P35372,P35372-18,OPRM,CHEMBL233,hmor-1z,2997
P35372,P35372-2,OPRM,CHEMBL233,2,2998
P35372,P35372-2,OPRM,CHEMBL233,mor1a,2999
P35372,P35372-2,OPRM,CHEMBL233,mor-1a,3000
P35372,P35372-3,OPRM,CHEMBL233,3,3001
P35372,P35372-3,OPRM,CHEMBL233,mor-1r,3002
P35372,P35372-3,OPRM,CHEMBL233,mor-1x,3003
P35372,P35372-4,OPRM,CHEMBL233,4,3004
P35372,P35372-4,OPRM,CHEMBL233,mor-1b3,3005
P35372,P35372-5,OPRM,CHEMBL233,5,3006
P35372,P35372-5,OPRM,CHEMBL233,mor-1c,3007
P35372,P35372-5,OPRM,CHEMBL233,mor-1o,3008
P35372,P35372-6,OPRM,CHEMBL233,6,3009
P35372,P35372-6,OPRM,CHEMBL233,mor-1v,3010
P35372,P35372-6,OPRM,CHEMBL233,mor-1y,3011
P35372,P35372-6,OPRM,CHEMBL233,mor-1y2,3012
P35372,P35372-6,OPRM,CHEMBL233,mor-1y3,3013
P35372,P35372-7,OPRM,CHEMBL233,7,3014
P35372,P35372-7,OPRM,CHEMBL233,mor-1b1,3015
P35372,P35372-8,OPRM,CHEMBL233,8,3016
P35372,P35372-8,OPRM,CHEMBL233,mor-1b2,3017
P35372,P35372-9,OPRM,CHEMBL233,9,3018
P35372,P35372-9,OPRM,CHEMBL233,mor-1b5,3019
P35377,P35377-1,OPRX,CHEMBL3621,kor3,3067
P35377,P35377-2,OPRX,CHEMBL3621,kor3a,3068
P35377,P35377-3,OPRX,CHEMBL3621,kor3b,3069
P35377,P35377-4,OPRX,CHEMBL3621,kor3c,3070
P35377,P35377-5,OPRX,CHEMBL3621,kor3d,3071
P35377,P35377-6,OPRX,CHEMBL3621,kor3e,3072
P35398,P35398-1,RORA,CHEMBL5868,2,3789
P35398,P35398-1,RORA,CHEMBL5868,alpha-2,3790
P35398,P35398-2,RORA,CHEMBL5868,1,3791
P35398,P35398-2,RORA,CHEMBL5868,alpha-1,3792
P35398,P35398-3,RORA,CHEMBL5868,3,3793
P35398,P35398-3,RORA,CHEMBL5868,alpha-3,3794
P35398,P35398-4,RORA,CHEMBL5868,4,3795
P35398,P35398-4,RORA,CHEMBL5868,alpha-4,3796
P35439,P35439-1,NMDZ1,CHEMBL330,a,2783
P35439,P35439-2,NMDZ1,CHEMBL330,b,2784
P35439,P35439-3,NMDZ1,CHEMBL330,c,2785
P35439,P35439-3,NMDZ1,CHEMBL330,nmdar1-2a subunit,2786
P35439,P35439-4,NMDZ1,CHEMBL330,d,2787
P35439,P35439-5,NMDZ1,CHEMBL330,e,2788
P35439,P35439-6,NMDZ1,CHEMBL330,f,2789
P35439,P35439-6,NMDZ1,CHEMBL330,nmdar1-2b subunit,2790
P35439,P35439-7,NMDZ1,CHEMBL330,g,2791
P35439,P35439-7,NMDZ1,CHEMBL330,nmdar1-4b subunit,2792
P35462,P35462-1,DRD3,CHEMBL234,1,1068
P35462,P35462-1,DRD3,CHEMBL234,d3,1069
P35462,P35462-3,DRD3,CHEMBL234,3,1070
P35498,P35498-1,SCN1A,CHEMBL1845,1,3876
P35498,P35498-2,SCN1A,CHEMBL1845,2,3877
P35498,P35498-3,SCN1A,CHEMBL1845,3,3878
P35520,P35520-1,CBS,CHEMBL3399911,1,750
P35520,P35520-1,CBS,CHEMBL3399911,major,751
P35520,P35520-2,CBS,CHEMBL3399911,2,752
P35520,P35520-2,CBS,CHEMBL3399911,minor,753
P35557,P35557-1,HXK4,CHEMBL3820,1,1848
P35557,P35557-2,HXK4,CHEMBL3820,2,1849
P35557,P35557-3,HXK4,CHEMBL3820,3,1850
P35560,P35560-1,KCNJ1,CHEMBL2146350,a,2047
P35560,P35560-2,KCNJ1,CHEMBL2146350,b,2048
P35560,P35560-2,KCNJ1,CHEMBL2146350,romk2,2049
P35560,P35560-3,KCNJ1,CHEMBL2146350,c,2050
P35560,P35560-3,KCNJ1,CHEMBL2146350,romk3,2051
P35560,P35560-4,KCNJ1,CHEMBL2146350,d,2052
P35560,P35560-4,KCNJ1,CHEMBL2146350,1.1,2053
P35560,P35560-4,KCNJ1,CHEMBL2146350,romk1.1,2054
P35560,P35560-5,KCNJ1,CHEMBL2146350,e,2055
P35560,P35560-5,KCNJ1,CHEMBL2146350,3.1,2056
P35560,P35560-5,KCNJ1,CHEMBL2146350,romk3.1,2057
P35560,P35560-6,KCNJ1,CHEMBL2146350,f,2058
P35560,P35560-6,KCNJ1,CHEMBL2146350,6.1,2059
P35560,P35560-6,KCNJ1,CHEMBL2146350,romk6.1,2060
P35610,P35610-1,SOAT1,CHEMBL2782,1,4022
P35610,P35610-2,SOAT1,CHEMBL2782,2,4023
P35610,P35610-3,SOAT1,CHEMBL2782,3,4024
P35739,P35739-1,NTRK1,CHEMBL4220,trka-ii,2934
P35739,P35739-2,NTRK1,CHEMBL4220,trka-i,2935
P35790,P35790-1,CHKA,CHEMBL3117,1,843
P35790,P35790-1,CHKA,CHEMBL3117,chkalpha2,844
P35790,P35790-1,CHKA,CHEMBL3117,alpha-2,845
P35790,P35790-2,CHKA,CHEMBL3117,2,846
P35790,P35790-2,CHKA,CHEMBL3117,chkalpha1,847
P35790,P35790-2,CHKA,CHEMBL3117,alpha-1,848
P35916,P35916-1,VGFR3,CHEMBL1955,2,4429
P35916,P35916-1,VGFR3,CHEMBL1955,short,4430
P35916,P35916-2,VGFR3,CHEMBL1955,1,4431
P35916,P35916-2,VGFR3,CHEMBL1955,long,4432
P35916,P35916-3,VGFR3,CHEMBL1955,3,4433
P35916,P35916-3,VGFR3,CHEMBL1955,svegfr3,4434
P35918,P35918-1,VGFR2,CHEMBL3337,1,4419
P35918,P35918-1,VGFR2,CHEMBL3337,mbvegfr-2,4420
P35918,P35918-2,VGFR2,CHEMBL3337,2,4421
P35918,P35918-2,VGFR2,CHEMBL3337,svegfr-2,4422
P35968,P35968-1,VGFR2,CHEMBL279,1,4423
P35968,P35968-1,VGFR2,CHEMBL279,mbvegfr-2,4424
P35968,P35968-2,VGFR2,CHEMBL279,2,4425
P35968,P35968-2,VGFR2,CHEMBL279,svegfr-2,4426
P35968,P35968-3,VGFR2,CHEMBL279,3,4427
P35968,P35968-3,VGFR2,CHEMBL279,vegfr2-712,4428
P36544,P36544-1,ACHA7,CHEMBL2492,1,172
P36544,P36544-2,ACHA7,CHEMBL2492,2,173
P36544,P36544-3,ACHA7,CHEMBL2492,3,174
P36639,P36639-1,8ODP,CHEMBL3708265,p26,40
P36639,P36639-2,8ODP,CHEMBL3708265,p22,41
P36639,P36639-3,8ODP,CHEMBL3708265,p21,42
P36639,P36639-4,8ODP,CHEMBL3708265,p18,43
P36888,P36888-1,FLT3,CHEMBL1974,1,1470
P36888,P36888-2,FLT3,CHEMBL1974,2,1471
P36896,P36896-1,ACV1B,CHEMBL5310,1,189
P36896,P36896-1,ACV1B,CHEMBL5310,skr2-1,190
P36896,P36896-2,ACV1B,CHEMBL5310,2,191
P36896,P36896-2,ACV1B,CHEMBL5310,skr2-2,192
P36896,P36896-3,ACV1B,CHEMBL5310,3,193
P36896,P36896-3,ACV1B,CHEMBL5310,skr2-3,194
P36896,P36896-4,ACV1B,CHEMBL5310,4,195
P36896,P36896-5,ACV1B,CHEMBL5310,5,196
P36897,P36897-1,TGFR1,CHEMBL4439,1,4177
P36897,P36897-2,TGFR1,CHEMBL4439,2,4178
P36897,P36897-2,TGFR1,CHEMBL4439,b,4179
P36897,P36897-3,TGFR1,CHEMBL4439,3,4180
P37058,P37058-1,DHB3,CHEMBL4234,1,988
P37058,P37058-2,DHB3,CHEMBL4234,2,989
P37136,P37136-1,ACES,CHEMBL3199,t,167
P37136,P37136-2,ACES,CHEMBL3199,h,168
P37136,P37136-3,ACES,CHEMBL3199,r,169
P37173,P37173-1,TGFR2,CHEMBL4267,1,4181
P37173,P37173-1,TGFR2,CHEMBL4267,betar-ii,4182
P37173,P37173-2,TGFR2,CHEMBL4267,2,4183
P37173,P37173-2,TGFR2,CHEMBL4267,betar-iib,4184
P37173,P37173-3,TGFR2,CHEMBL4267,3,4185
P37173,P37173-3,TGFR2,CHEMBL4267,tbetarii-se,4186
P37231,P37231-1,PPARG,CHEMBL235,2,3590
P37231,P37231-2,PPARG,CHEMBL235,1,3591
P37231,P37231-2,PPARG,CHEMBL235,ppargamma1(wt),3592
P37231,P37231-3,PPARG,CHEMBL235,3,3593
P37231,P37231-3,PPARG,CHEMBL235,ppargamma1(tr),3594
P37231,P37231-2,PPARG,CHEMBL235,ppargamma1wt,4493
P37231,P37231-3,PPARG,CHEMBL235,ppargamma1tr,4494
P37268,P37268-1,FDFT,CHEMBL3338,1,1344
P37268,P37268-2,FDFT,CHEMBL3338,2,1345
P37268,P37268-3,FDFT,CHEMBL3338,3,1346
P37268,P37268-4,FDFT,CHEMBL3338,4,1347
P37268,P37268-5,FDFT,CHEMBL3338,5,1348
P37840,P37840-1,SYUA,CHEMBL6152,1,4104
P37840,P37840-1,SYUA,CHEMBL6152,nacp140,4105
P37840,P37840-2,SYUA,CHEMBL6152,2-4,4106
P37840,P37840-2,SYUA,CHEMBL6152,nacp112,4107
P37840,P37840-3,SYUA,CHEMBL6152,2-5,4108
P39086,P39086-1,GRIK1,CHEMBL1918,1,1620
P39086,P39086-1,GRIK1,CHEMBL1918,glur5-1d,1621
P39086,P39086-2,GRIK1,CHEMBL1918,2,1622
P39086,P39086-2,GRIK1,CHEMBL1918,eaa3a,1623
P40763,P40763-1,STAT3,CHEMBL4026,1,4069
P40763,P40763-2,STAT3,CHEMBL4026,del-701,4070
P40763,P40763-3,STAT3,CHEMBL4026,3,4071
P40926,P40926-1,MDHM,CHEMBL5917,1,2455
P40926,P40926-2,MDHM,CHEMBL5917,2,2456
P41145,P41145-1,OPRK,CHEMBL237,1,2961
P41145,P41145-2,OPRK,CHEMBL237,2,2962
P41146,P41146-1,OPRX,CHEMBL2014,1,3073
P41146,P41146-2,OPRX,CHEMBL2014,2,3074
P41146,P41146-2,OPRX,CHEMBL2014,kor-3d,3075
P41180,P41180-1,CASR,CHEMBL1878,1,732
P41180,P41180-2,CASR,CHEMBL1878,2,733
P41182,P41182-1,BCL6,CHEMBL4105786,1,409
P41182,P41182-2,BCL6,CHEMBL4105786,2,410
P41229,P41229-1,KDM5C,CHEMBL2163176,1,2098
P41229,P41229-2,KDM5C,CHEMBL2163176,2,2099
P41229,P41229-3,KDM5C,CHEMBL2163176,3,2100
P41229,P41229-4,KDM5C,CHEMBL2163176,4,2101
P41229,P41229-5,KDM5C,CHEMBL2163176,5,2102
P41279,P41279-1,M3K8,CHEMBL4899,1,2366
P41279,P41279-1,M3K8,CHEMBL4899,58 kda,2367
P41279,P41279-2,M3K8,CHEMBL4899,2,2368
P41279,P41279-2,M3K8,CHEMBL4899,52 kda,2369
P41440,P41440-1,S19A1,CHEMBL4833,1,3829
P41440,P41440-2,S19A1,CHEMBL4833,2,3830
P41440,P41440-3,S19A1,CHEMBL4833,3,3831
P41586,P41586-1,PACR,CHEMBL5399,n,3134
P41586,P41586-2,PACR,CHEMBL5399,n-hop1,3135
P41586,P41586-3,PACR,CHEMBL5399,s,3136
P41586,P41586-4,PACR,CHEMBL5399,s-hop1,3137
P41586,P41586-5,PACR,CHEMBL5399,vs,3138
P41594,P41594-1,GRM5,CHEMBL3227,2,1671
P41594,P41594-1,GRM5,CHEMBL3227,5b,1672
P41594,P41594-2,GRM5,CHEMBL3227,1,1673
P41594,P41594-2,GRM5,CHEMBL3227,5a,1674
P41594,P41594-3,GRM5,CHEMBL3227,3,1675
P41594,P41594-3,GRM5,CHEMBL3227,5d,1676
P41597,P41597-1,CCR2,CHEMBL4015,a,754
P41597,P41597-2,CCR2,CHEMBL4015,b,755
P42227,P42227-1,STAT3,CHEMBL5402,stat3a,4072
P42227,P42227-2,STAT3,CHEMBL5402,stat3b,4073
P42227,P42227-3,STAT3,CHEMBL5402,del-701,4074
P42229,P42229-1,STA5A,CHEMBL5403,1,4067
P42229,P42229-2,STA5A,CHEMBL5403,2,4068
P42261,P42261-1,GRIA1,CHEMBL2009,flop,1588
P42261,P42261-2,GRIA1,CHEMBL2009,flip,1589
P42261,P42261-3,GRIA1,CHEMBL2009,3,1590
P42261,P42261-4,GRIA1,CHEMBL2009,4,1591
P42261,P42261-5,GRIA1,CHEMBL2009,5,1592
P42261,P42261-6,GRIA1,CHEMBL2009,6,1593
P42262,P42262-1,GRIA2,CHEMBL4016,flop,1598
P42262,P42262-2,GRIA2,CHEMBL4016,flip,1599
P42262,P42262-3,GRIA2,CHEMBL4016,3,1600
P42262,P42262-3,GRIA2,CHEMBL4016,long,1601
P42262,P42262-4,GRIA2,CHEMBL4016,4,1602
P42263,P42263-1,GRIA3,CHEMBL3595,flop,1605
P42263,P42263-2,GRIA3,CHEMBL3595,flip,1606
P42264,P42264-1,GRIK3,CHEMBL3744,glur7a,1636
P42264,P42264-2,GRIK3,CHEMBL3744,glur7b,1637
P42330,P42330-1,AK1C3,CHEMBL4681,1,232
P42330,P42330-2,AK1C3,CHEMBL4681,2,233
P42356,P42356-1,PI4KA,CHEMBL3667,1,3479
P42356,P42356-1,PI4KA,CHEMBL3667,pi4k230,3480
P42356,P42356-2,PI4KA,CHEMBL3667,2,3481
P42356,P42356-2,PI4KA,CHEMBL3667,pi4k97,3482
P42679,P42679-1,MATK,CHEMBL4175,1,2432
P42679,P42679-2,MATK,CHEMBL4175,2,2433
P42679,P42679-3,MATK,CHEMBL4175,3,2434
P42684,P42684-1,ABL2,CHEMBL4014,1,94
P42684,P42684-1,ABL2,CHEMBL4014,ib,95
P42684,P42684-1,ABL2,CHEMBL4014,1blctl,96
P42684,P42684-10,ABL2,CHEMBL4014,10,97
P42684,P42684-10,ABL2,CHEMBL4014,1alcts,98
P42684,P42684-2,ABL2,CHEMBL4014,2,99
P42684,P42684-2,ABL2,CHEMBL4014,ia,100
P42684,P42684-2,ABL2,CHEMBL4014,1asctl,101
P42684,P42684-3,ABL2,CHEMBL4014,3,102
P42684,P42684-3,ABL2,CHEMBL4014,ic,103
P42684,P42684-3,ABL2,CHEMBL4014,1alctl,104
P42684,P42684-4,ABL2,CHEMBL4014,4,105
P42684,P42684-4,ABL2,CHEMBL4014,1ascts,106
P42684,P42684-5,ABL2,CHEMBL4014,5,107
P42684,P42684-5,ABL2,CHEMBL4014,1blcts,108
P42684,P42684-6,ABL2,CHEMBL4014,6,109
P42684,P42684-6,ABL2,CHEMBL4014,1bsctl,110
P42684,P42684-7,ABL2,CHEMBL4014,7,111
P42684,P42684-7,ABL2,CHEMBL4014,1bscts,112
P42684,P42684-8,ABL2,CHEMBL4014,8,113
P42685,P42685-1,FRK,CHEMBL4223,1,1483
P42685,P42685-2,FRK,CHEMBL4223,2,1484
P42785,P42785-1,PCP,CHEMBL2335,1,3197
P42785,P42785-2,PCP,CHEMBL2335,2,3198
P42866,P42866-1,OPRM,CHEMBL2858,1,3020
P42866,P42866-1,OPRM,CHEMBL2858,mor-1,3021
P42866,P42866-1,OPRM,CHEMBL2858,mor-h,3022
P42866,P42866-1,OPRM,CHEMBL2858,mor-1j,3023
P42866,P42866-1,OPRM,CHEMBL2858,mor-1t,3024
P42866,P42866-10,OPRM,CHEMBL2858,10,3025
P42866,P42866-10,OPRM,CHEMBL2858,mor-1e,3026
P42866,P42866-10,OPRM,CHEMBL2858,mor-1eiii,3027
P42866,P42866-10,OPRM,CHEMBL2858,mor-1eiv,3028
P42866,P42866-11,OPRM,CHEMBL2858,11,3029
P42866,P42866-11,OPRM,CHEMBL2858,mor-1f,3030
P42866,P42866-12,OPRM,CHEMBL2858,12,3031
P42866,P42866-12,OPRM,CHEMBL2858,mor-1o,3032
P42866,P42866-13,OPRM,CHEMBL2858,13,3033
P42866,P42866-13,OPRM,CHEMBL2858,mor-1p,3034
P42866,P42866-13,OPRM,CHEMBL2858,mor-1r,3035
P42866,P42866-14,OPRM,CHEMBL2858,14,3036
P42866,P42866-14,OPRM,CHEMBL2858,mor-1g,3037
P42866,P42866-15,OPRM,CHEMBL2858,15,3038
P42866,P42866-15,OPRM,CHEMBL2858,mor-1m,3039
P42866,P42866-16,OPRM,CHEMBL2858,16,3040
P42866,P42866-16,OPRM,CHEMBL2858,mor-1n,3041
P42866,P42866-17,OPRM,CHEMBL2858,17,3042
P42866,P42866-17,OPRM,CHEMBL2858,mor-1u,3043
P42866,P42866-18,OPRM,CHEMBL2858,18,3044
P42866,P42866-18,OPRM,CHEMBL2858,mor-1v,3045
P42866,P42866-19,OPRM,CHEMBL2858,19,3046
P42866,P42866-19,OPRM,CHEMBL2858,mor-1w,3047
P42866,P42866-2,OPRM,CHEMBL2858,2,3048
P42866,P42866-2,OPRM,CHEMBL2858,mor-1a,3049
P42866,P42866-3,OPRM,CHEMBL2858,3,3050
P42866,P42866-3,OPRM,CHEMBL2858,mor-1b1,3051
P42866,P42866-4,OPRM,CHEMBL2858,4,3052
P42866,P42866-4,OPRM,CHEMBL2858,mor-1b2,3053
P42866,P42866-5,OPRM,CHEMBL2858,5,3054
P42866,P42866-5,OPRM,CHEMBL2858,mor-1b3,3055
P42866,P42866-5,OPRM,CHEMBL2858,mor-1q,3056
P42866,P42866-6,OPRM,CHEMBL2858,6,3057
P42866,P42866-6,OPRM,CHEMBL2858,mor-1b4,3058
P42866,P42866-6,OPRM,CHEMBL2858,mor-1r,3059
P42866,P42866-7,OPRM,CHEMBL2858,7,3060
P42866,P42866-7,OPRM,CHEMBL2858,mor-1b5,3061
P42866,P42866-7,OPRM,CHEMBL2858,mor-1p,3062
P42866,P42866-8,OPRM,CHEMBL2858,8,3063
P42866,P42866-8,OPRM,CHEMBL2858,mor-1c,3064
P42866,P42866-9,OPRM,CHEMBL2858,9,3065
P42866,P42866-9,OPRM,CHEMBL2858,mor-1d,3066
P42892,P42892-1,ECE1,CHEMBL4791,b,1117
P42892,P42892-2,ECE1,CHEMBL4791,a,1118
P42892,P42892-3,ECE1,CHEMBL4791,c,1119
P42892,P42892-4,ECE1,CHEMBL4791,d,1120
P43003,P43003-1,EAA1,CHEMBL3085,1,1110
P43003,P43003-2,EAA1,CHEMBL3085,2,1111
P43003,P43003-2,EAA1,CHEMBL3085,eaat1ex9skip,1112
P43004,P43004-1,EAA2,CHEMBL4973,1,1113
P43004,P43004-2,EAA2,CHEMBL4973,2,1114
P43004,P43004-3,EAA2,CHEMBL4973,3,1115
P43004,P43004-3,EAA2,CHEMBL4973,eeat2b,1116
P43088,P43088-1,PF2R,CHEMBL1987,1,3433
P43088,P43088-2,PF2R,CHEMBL1987,2,3434
P43088,P43088-2,PF2R,CHEMBL1987,fp(s),3435
P43088,P43088-2,PF2R,CHEMBL1987,var-1,3436
P43088,P43088-3,PF2R,CHEMBL1987,3,3437
P43088,P43088-3,PF2R,CHEMBL1987,var-2,3438
P43088,P43088-4,PF2R,CHEMBL1987,4,3439
P43088,P43088-4,PF2R,CHEMBL1987,var-3,3440
P43088,P43088-5,PF2R,CHEMBL1987,5,3441
P43088,P43088-5,PF2R,CHEMBL1987,altfp4,3442
P43088,P43088-5,PF2R,CHEMBL1987,var-4,3443
P43088,P43088-6,PF2R,CHEMBL1987,6,3444
P43088,P43088-6,PF2R,CHEMBL1987,var-5,3445
P43088,P43088-7,PF2R,CHEMBL1987,7,3446
P43088,P43088-7,PF2R,CHEMBL1987,var-6,3447
P43088,P43088-2,PF2R,CHEMBL1987,fps,4492
P43115,P43115-1,PE2R3,CHEMBL3710,ep3a,3407
P43115,P43115-1,PE2R3,CHEMBL3710,ep3-i,3408
P43115,P43115-1,PE2R3,CHEMBL3710,ep3a1,3409
P43115,P43115-1,PE2R3,CHEMBL3710,ep3a2,3410
P43115,P43115-1,PE2R3,CHEMBL3710,ep(3-ic),3411
P43115,P43115-10,PE2R3,CHEMBL3710,ep3-v,3412
P43115,P43115-11,PE2R3,CHEMBL3710,ep3e2,3413
P43115,P43115-12,PE2R3,CHEMBL3710,12,3414
P43115,P43115-2,PE2R3,CHEMBL3710,ep3c,3415
P43115,P43115-2,PE2R3,CHEMBL3710,ep3-ii,3416
P43115,P43115-3,PE2R3,CHEMBL3710,ep3b,3417
P43115,P43115-3,PE2R3,CHEMBL3710,ep3-iii,3418
P43115,P43115-4,PE2R3,CHEMBL3710,ep3d,3419
P43115,P43115-4,PE2R3,CHEMBL3710,ep3-iv,3420
P43115,P43115-5,PE2R3,CHEMBL3710,ep3e,3421
P43115,P43115-6,PE2R3,CHEMBL3710,ep3f,3422
P43115,P43115-7,PE2R3,CHEMBL3710,ep3g,3423
P43115,P43115-8,PE2R3,CHEMBL3710,ep3-iii,3424
P43115,P43115-9,PE2R3,CHEMBL3710,ep3-iv,3425
P43115,P43115-1,PE2R3,CHEMBL3710,ep3-ic,4491
P43166,P43166-1,CAH7,CHEMBL2326,1,678
P43166,P43166-2,CAH7,CHEMBL2326,2,679
P43250,P43250-1,GRK6,CHEMBL6144,grk6a,1650
P43250,P43250-2,GRK6,CHEMBL6144,grk6b,1651
P43250,P43250-3,GRK6,CHEMBL6144,grk6c,1652
P43403,P43403-1,ZAP70,CHEMBL2803,1,4455
P43403,P43403-2,ZAP70,CHEMBL2803,2,4456
P43403,P43403-2,ZAP70,CHEMBL2803,tzk,4457
P43403,P43403-3,ZAP70,CHEMBL2803,3,4458
P43405,P43405-1,KSYK,CHEMBL2599,long,2259
P43405,P43405-2,KSYK,CHEMBL2599,short,2260
P45974,P45974-1,UBP5,CHEMBL6158,long,4372
P45974,P45974-2,UBP5,CHEMBL6158,short,4373
P45983,P45983-1,MK08,CHEMBL2276,2,2522
P45983,P45983-1,MK08,CHEMBL2276,jnk1-alpha-2,2523
P45983,P45983-2,MK08,CHEMBL2276,1,2524
P45983,P45983-2,MK08,CHEMBL2276,jnk1-alpha-1,2525
P45983,P45983-3,MK08,CHEMBL2276,3,2526
P45983,P45983-3,MK08,CHEMBL2276,jnk1-beta-1,2527
P45983,P45983-4,MK08,CHEMBL2276,4,2528
P45983,P45983-4,MK08,CHEMBL2276,jnk1-beta-2,2529
P45983,P45983-5,MK08,CHEMBL2276,5,2530
P45984,P45984-1,MK09,CHEMBL4179,alpha-2,2531
P45984,P45984-2,MK09,CHEMBL4179,alpha-1,2532
P45984,P45984-3,MK09,CHEMBL4179,beta-1,2533
P45984,P45984-4,MK09,CHEMBL4179,beta-2,2534
P45984,P45984-5,MK09,CHEMBL4179,5,2535
P45985,P45985-1,MP2K4,CHEMBL2897,1,2593
P45985,P45985-2,MP2K4,CHEMBL2897,2,2594
P46098,P46098-1,5HT3A,CHEMBL1899,1,14
P46098,P46098-1,5HT3A,CHEMBL1899,5-ht3r-as,15
P46098,P46098-2,5HT3A,CHEMBL1899,2,16
P46098,P46098-2,5HT3A,CHEMBL1899,5-ht3r-al,17
P46098,P46098-3,5HT3A,CHEMBL1899,3,18
P46098,P46098-4,5HT3A,CHEMBL1899,4,19
P46098,P46098-5,5HT3A,CHEMBL1899,5,20
P46734,P46734-1,MP2K3,CHEMBL2109,3,2588
P46734,P46734-1,MP2K3,CHEMBL2109,3b,2589
P46734,P46734-2,MP2K3,CHEMBL2109,1,2590
P46734,P46734-3,MP2K3,CHEMBL2109,2,2591
P46734,P46734-3,MP2K3,CHEMBL2109,3c,2592
P47811,P47811-1,MK14,CHEMBL2336,1,2547
P47811,P47811-2,MK14,CHEMBL2336,2,2548
P47811,P47811-2,MK14,CHEMBL2336,piccolo,2549
P47811,P47811-3,MK14,CHEMBL2336,3,2550
P47811,P47811-4,MK14,CHEMBL2336,4,2551
P47820,P47820-1,ACE,CHEMBL2625,somatic,140
P47820,P47820-2:Q8CFN1-1,ACE,CHEMBL2625,testis-specific,141
P47820,P47820-2:Q8CFN1-1,ACE,CHEMBL2625,ace-t,142
P47869,P47869-1,GBRA2,CHEMBL4956,1,1511
P47869,P47869-2,GBRA2,CHEMBL4956,2,1512
P48048,P48048-1,KCNJ1,CHEMBL1293292,1,2061
P48048,P48048-1,KCNJ1,CHEMBL1293292,rom-k1,2062
P48048,P48048-2,KCNJ1,CHEMBL1293292,2,2063
P48048,P48048-2,KCNJ1,CHEMBL1293292,2-4-5,2064
P48048,P48048-2,KCNJ1,CHEMBL1293292,rom-k2,2065
P48048,P48048-2,KCNJ1,CHEMBL1293292,rom-k4,2066
P48048,P48048-2,KCNJ1,CHEMBL1293292,rom-k5,2067
P48048,P48048-2,KCNJ1,CHEMBL1293292,rom-k6,2068
P48048,P48048-3,KCNJ1,CHEMBL1293292,3,2069
P48048,P48048-3,KCNJ1,CHEMBL1293292,rom-k3,2070
P48058,P48058-1,GRIA4,CHEMBL3190,1,1613
P48058,P48058-2,GRIA4,CHEMBL3190,2,1614
P48066,P48066-1,S6A11,CHEMBL5208,1,3849
P48066,P48066-2,S6A11,CHEMBL5208,2,3850
P48067,P48067-1,SC6A9,CHEMBL2337,glyt-1c,3873
P48067,P48067-2,SC6A9,CHEMBL2337,glyt-1a,3874
P48067,P48067-3,SC6A9,CHEMBL2337,glyt-1b,3875
P48426,P48426-1,PI42A,CHEMBL1795194,1,3474
P48426,P48426-2,PI42A,CHEMBL1795194,2,3475
P48449,P48449-1,LSS,CHEMBL3593,1,2320
P48449,P48449-2,LSS,CHEMBL3593,2,2321
P48449,P48449-3,LSS,CHEMBL3593,3,2322
P48546,P48546-1,GIPR,CHEMBL4383,1,1550
P48546,P48546-2,GIPR,CHEMBL4383,2,1551
P48546,P48546-3,GIPR,CHEMBL4383,3,1552
P48729,P48729-1,KC1A,CHEMBL2793,1,1959
P48729,P48729-2,KC1A,CHEMBL2793,2,1960
P48729,P48729-3,KC1A,CHEMBL2793,3,1961
P48730,P48730-1,KC1D,CHEMBL2828,1,1962
P48730,P48730-2,KC1D,CHEMBL2828,2,1963
P48735,P48735-1,IDHP,CHEMBL3991501,1,1862
P48735,P48735-2,IDHP,CHEMBL3991501,2,1863
P49137,P49137-1,MAPK2,CHEMBL2208,1,2392
P49137,P49137-2,MAPK2,CHEMBL2208,2,2393
P49187,P49187-1,MK10,CHEMBL4092,1,2536
P49187,P49187-2,MK10,CHEMBL4092,2,2537
P49281,P49281-1,NRAM2,CHEMBL1932895,2,2908
P49281,P49281-1,NRAM2,CHEMBL1932895,1b-non-ire,2909
P49281,P49281-1,NRAM2,CHEMBL1932895,dmt1b,2910
P49281,P49281-2,NRAM2,CHEMBL1932895,1,2911
P49281,P49281-2,NRAM2,CHEMBL1932895,ib-ire,2912
P49281,P49281-2,NRAM2,CHEMBL1932895,dmt1a,2913
P49281,P49281-3,NRAM2,CHEMBL1932895,3,2914
P49281,P49281-3,NRAM2,CHEMBL1932895,1a-ire,2915
P49281,P49281-4,NRAM2,CHEMBL1932895,4,2916
P49281,P49281-4,NRAM2,CHEMBL1932895,1a-non-ire,2917
P49281,P49281-5,NRAM2,CHEMBL1932895,5,2918
P49336,P49336-1,CDK8,CHEMBL5719,1,783
P49336,P49336-2,CDK8,CHEMBL5719,2,784
P49366,P49366-1,DHYS,CHEMBL4415,long,992
P49366,P49366-2,DHYS,CHEMBL4415,short,993
P49366,P49366-3,DHYS,CHEMBL4415,3,994
P49653,P49653-1,P2RX2,CHEMBL2135,p2rx2-1,3078
P49653,P49653-2,P2RX2,CHEMBL2135,p2rx2-2,3079
P49653,P49653-3,P2RX2,CHEMBL2135,p2rx2-3,3080
P49682,P49682-1,CXCR3,CHEMBL4441,1,929
P49682,P49682-1,CXCR3,CHEMBL4441,cxcr3-a,930
P49682,P49682-2,CXCR3,CHEMBL4441,2,931
P49682,P49682-2,CXCR3,CHEMBL4441,cxcr3-b,932
P49682,P49682-3,CXCR3,CHEMBL4441,3,933
P49682,P49682-3,CXCR3,CHEMBL4441,cxcr3-alt,934
P49759,P49759-1,CLK1,CHEMBL4224,1,854
P49759,P49759-1,CLK1,CHEMBL4224,long,855
P49759,P49759-2,CLK1,CHEMBL4224,2,856
P49759,P49759-2,CLK1,CHEMBL4224,short,857
P49759,P49759-3,CLK1,CHEMBL4224,3,858
P49760,P49760-1,CLK2,CHEMBL4225,1,859
P49760,P49760-1,CLK2,CHEMBL4225,long,860
P49760,P49760-2,CLK2,CHEMBL4225,2,861
P49760,P49760-2,CLK2,CHEMBL4225,short,862
P49760,P49760-3,CLK2,CHEMBL4225,3,863
P49761,P49761-1,CLK3,CHEMBL4226,1,864
P49761,P49761-1,CLK3,CHEMBL4226,long,865
P49761,P49761-2,CLK3,CHEMBL4226,2,866
P49761,P49761-2,CLK3,CHEMBL4226,short,867
P49761,P49761-3,CLK3,CHEMBL4226,3,868
P49763,P49763-1,PLGF,CHEMBL1697671,plgf-3,3516
P49763,P49763-1,PLGF,CHEMBL1697671,plgf-203,3517
P49763,P49763-2,PLGF,CHEMBL1697671,plgf-1,3518
P49763,P49763-2,PLGF,CHEMBL1697671,plgf-131,3519
P49763,P49763-3,PLGF,CHEMBL1697671,plgf-2,3520
P49763,P49763-3,PLGF,CHEMBL1697671,plgf-152,3521
P49763,P49763-4,PLGF,CHEMBL1697671,plgf-4,3522
P49763,P49763-4,PLGF,CHEMBL1697671,plgf-224,3523
P49768,P49768-1,PSN1,CHEMBL2473,1,3635
P49768,P49768-1,PSN1,CHEMBL2473,i-467,3636
P49768,P49768-2,PSN1,CHEMBL2473,2,3637
P49768,P49768-2,PSN1,CHEMBL2473,i-463,3638
P49768,P49768-3,PSN1,CHEMBL2473,3,3639
P49768,P49768-3,PSN1,CHEMBL2473,i-374,3640
P49768,P49768-4,PSN1,CHEMBL2473,4,3641
P49768,P49768-4,PSN1,CHEMBL2473,minilin,3642
P49768,P49768-5,PSN1,CHEMBL2473,5,3643
P49768,P49768-6,PSN1,CHEMBL2473,6,3644
P49768,P49768-7,PSN1,CHEMBL2473,7,3645
P49810,P49810-1,PSN2,CHEMBL3708,1,3646
P49810,P49810-2,PSN2,CHEMBL3708,2,3647
P49810,P49810-3,PSN2,CHEMBL3708,3,3648
P49841,P49841-1,GSK3B,CHEMBL262,1,1696
P49841,P49841-1,GSK3B,CHEMBL262,gsk-3beta1,1697
P49841,P49841-2,GSK3B,CHEMBL262,2,1698
P49841,P49841-2,GSK3B,CHEMBL262,gsk-3beta2,1699
P49841,P49841-2,GSK3B,CHEMBL262,neuron-specific,1700
P49862,P49862-1,KLK7,CHEMBL2443,1,2180
P49862,P49862-1,KLK7,CHEMBL2443,long,2181
P49862,P49862-2,KLK7,CHEMBL2443,2,2182
P49862,P49862-2,KLK7,CHEMBL2443,short,2183
P49959,P49959-1,MRE11,CHEMBL3308929,1,2644
P49959,P49959-2,MRE11,CHEMBL3308929,2,2645
P49959,P49959-3,MRE11,CHEMBL3308929,3,2646
P50053,P50053-1,KHK,CHEMBL1275212,c,2116
P50053,P50053-1,KHK,CHEMBL1275212,central,2117
P50053,P50053-1,KHK,CHEMBL1275212,hepatic/renal/intestinal,2118
P50053,P50053-2,KHK,CHEMBL1275212,a,2119
P50053,P50053-2,KHK,CHEMBL1275212,peripheral,2120
P50570,P50570-1,DYN2,CHEMBL5812,1,1079
P50570,P50570-2,DYN2,CHEMBL5812,2,1080
P50570,P50570-3,DYN2,CHEMBL5812,3,1081
P50570,P50570-4,DYN2,CHEMBL5812,4,1082
P50570,P50570-5,DYN2,CHEMBL5812,5,1083
P50579,P50579-1,MAP2,CHEMBL3922,1,2389
P50579,P50579-2,MAP2,CHEMBL3922,2,2390
P50579,P50579-3,MAP2,CHEMBL3922,3,2391
P50750,P50750-1,CDK9,CHEMBL3116,1,785
P50750,P50750-2,CDK9,CHEMBL3116,2,786
P51449,P51449-1,RORG,CHEMBL1741186,1,3799
P51449,P51449-2,RORG,CHEMBL1741186,2,3800
P51449,P51449-2,RORG,CHEMBL1741186,rorgt,3801
P51531,P51531-1,SMCA2,CHEMBL2362979,long,4011
P51531,P51531-2,SMCA2,CHEMBL2362979,short,4012
P51617,P51617-1,IRAK1,CHEMBL3357,1,1894
P51617,P51617-1,IRAK1,CHEMBL3357,a,1895
P51617,P51617-2,IRAK1,CHEMBL3357,2,1896
P51617,P51617-2,IRAK1,CHEMBL3357,b,1897
P51617,P51617-3,IRAK1,CHEMBL3357,3,1898
P51617,P51617-4,IRAK1,CHEMBL3357,4,1899
P51677,P51677-1,CCR3,CHEMBL3473,1,756
P51677,P51677-2,CCR3,CHEMBL3473,2,757
P51685,P51685-1,CCR8,CHEMBL4596,1,758
P51685,P51685-2,CCR8,CHEMBL4596,2,759
P51686,P51686-1,CCR9,CHEMBL5815,1,760
P51686,P51686-1,CCR9,CHEMBL5815,ccr9a,761
P51686,P51686-2,CCR9,CHEMBL5815,2,762
P51686,P51686-2,CCR9,CHEMBL5815,ccr9b,763
P51878,P51878-1,CASP5,CHEMBL3131,1,693
P51878,P51878-1,CASP5,CHEMBL3131,caspase-5/a,694
P51878,P51878-2,CASP5,CHEMBL3131,2,695
P51878,P51878-2,CASP5,CHEMBL3131,caspase-5/b,696
P51878,P51878-3,CASP5,CHEMBL3131,3,697
P51878,P51878-3,CASP5,CHEMBL3131,caspase-5/c,698
P51878,P51878-4,CASP5,CHEMBL3131,4,699
P51878,P51878-4,CASP5,CHEMBL3131,caspase-5/e,700
P51878,P51878-5,CASP5,CHEMBL3131,5,701
P51878,P51878-5,CASP5,CHEMBL3131,caspase-5/f,702
P51878,P51878-6,CASP5,CHEMBL3131,6,703
P51878,P51878-6,CASP5,CHEMBL3131,caspase-5-s,704
P51955,P51955-1,NEK2,CHEMBL3835,1,2737
P51955,P51955-1,NEK2,CHEMBL3835,nek2a,2738
P51955,P51955-2,NEK2,CHEMBL3835,2,2739
P51955,P51955-2,NEK2,CHEMBL3835,nek2b,2740
P51955,P51955-3,NEK2,CHEMBL3835,3,2741
P51955,P51955-4,NEK2,CHEMBL3835,4,2742
P51955,P51955-4,NEK2,CHEMBL3835,nek2c,2743
P51955,P51955-4,NEK2,CHEMBL3835,nek2a-t,2744
P51956,P51956-1,NEK3,CHEMBL5679,1,2745
P51956,P51956-2,NEK3,CHEMBL5679,2,2746
P51957,P51957-1,NEK4,CHEMBL5819,1,2747
P51957,P51957-2,NEK4,CHEMBL5819,2,2748
P51957,P51957-3,NEK4,CHEMBL5819,3,2749
P52333,P52333-1,JAK3,CHEMBL2148,2,1907
P52333,P52333-1,JAK3,CHEMBL2148,jak3s,1908
P52333,P52333-1,JAK3,CHEMBL2148,spleen-jak3,1909
P52333,P52333-2,JAK3,CHEMBL2148,1,1910
P52333,P52333-2,JAK3,CHEMBL2148,jak3b,1911
P52333,P52333-2,JAK3,CHEMBL2148,breast-jak3,1912
P52333,P52333-4,JAK3,CHEMBL2148,3,1913
P52564,P52564-1,MP2K6,CHEMBL2171,1,2599
P52564,P52564-1,MP2K6,CHEMBL2171,mkk6b,2600
P52564,P52564-2,MP2K6,CHEMBL2171,2,2601
P52564,P52564-2,MP2K6,CHEMBL2171,mkk6,2602
P52895,P52895-1,AK1C2,CHEMBL5847,1,230
P52895,P52895-2,AK1C2,CHEMBL5847,2,231
P53355,P53355-1,DAPK1,CHEMBL2558,1,938
P53355,P53355-1,DAPK1,CHEMBL2558,alpha,939
P53355,P53355-2,DAPK1,CHEMBL2558,2,940
P53355,P53355-2,DAPK1,CHEMBL2558,s-dapk-1,941
P53355,P53355-3,DAPK1,CHEMBL2558,3,942
P53355,P53355-3,DAPK1,CHEMBL2558,beta,943
P53355,P53355-4,DAPK1,CHEMBL2558,4,944
P53396,P53396-1,ACLY,CHEMBL3720,1,180
P53396,P53396-2,ACLY,CHEMBL3720,2,181
P53396,P53396-3,ACLY,CHEMBL3720,3,182
P53634,P53634-1,CATC,CHEMBL2252,1,734
P53634,P53634-2,CATC,CHEMBL2252,2,735
P53634,P53634-3,CATC,CHEMBL2252,3,736
P53667,P53667-1,LIMK1,CHEMBL3836,1,2276
P53667,P53667-2,LIMK1,CHEMBL3836,2,2277
P53667,P53667-3,LIMK1,CHEMBL3836,3,2278
P53667,P53667-4,LIMK1,CHEMBL3836,4,2279
P53671,P53671-1,LIMK2,CHEMBL5932,limk2a,2280
P53671,P53671-2,LIMK2,CHEMBL5932,limk2b,2281
P53671,P53671-3,LIMK2,CHEMBL5932,3,2282
P53778,P53778-1,MK12,CHEMBL4674,1,2543
P53778,P53778-2,MK12,CHEMBL4674,2,2544
P53779,P53779-1,MK10,CHEMBL2637,alpha-2,2538
P53779,P53779-2,MK10,CHEMBL2637,alpha-1,2539
P53779,P53779-3,MK10,CHEMBL2637,3,2540
P53985,P53985-1,MOT1,CHEMBL4360,1,2582
P53985,P53985-2,MOT1,CHEMBL4360,2,2583
P54289,P54289-1,CA2D1,CHEMBL1919,1,507
P54289,P54289-1,CA2D1,CHEMBL1919,alpha-2a,508
P54289,P54289-2,CA2D1,CHEMBL1919,2,509
P54289,P54289-2,CA2D1,CHEMBL1919,alpha-2b,510
P54289,P54289-3,CA2D1,CHEMBL1919,3,511
P54289,P54289-3,CA2D1,CHEMBL1919,alpha-2c,512
P54289,P54289-4,CA2D1,CHEMBL1919,4,513
P54289,P54289-4,CA2D1,CHEMBL1919,alpha-2d,514
P54289,P54289-5,CA2D1,CHEMBL1919,5,515
P54289,P54289-5,CA2D1,CHEMBL1919,alpha-2e,516
P54578,P54578-1,UBP14,CHEMBL1293295,1,4369
P54578,P54578-2,UBP14,CHEMBL1293295,2,4370
P54578,P54578-3,UBP14,CHEMBL1293295,3,4371
P54756,P54756-1,EPHA5,CHEMBL3987,1,1196
P54756,P54756-2,EPHA5,CHEMBL3987,2,1197
P54756,P54756-3,EPHA5,CHEMBL3987,3,1198
P54760,P54760-1,EPHB4,CHEMBL5147,1,1220
P54760,P54760-2,EPHB4,CHEMBL5147,2,1221
P54760,P54760-3,EPHB4,CHEMBL5147,3,1222
P54760,P54760-4,EPHB4,CHEMBL5147,4,1223
P54762,P54762-1,EPHB1,CHEMBL5072,1,1211
P54762,P54762-5,EPHB1,CHEMBL5072,2,1212
P54762,P54762-6,EPHB1,CHEMBL5072,3,1213
P54764,P54764-1,EPHA4,CHEMBL3988,1,1194
P54764,P54764-2,EPHA4,CHEMBL3988,2,1195
P54829,P54829-1,PTN5,CHEMBL2007628,1,3680
P54829,P54829-1,PTN5,CHEMBL2007628,step61,3681
P54829,P54829-2,PTN5,CHEMBL2007628,2,3682
P54829,P54829-3,PTN5,CHEMBL2007628,3,3683
P55055,P55055-1,NR1H2,CHEMBL4093,1,2873
P55055,P55055-2,NR1H2,CHEMBL4093,2,2874
P55157,P55157-1,MTP,CHEMBL2569,1,2677
P55157,P55157-2,MTP,CHEMBL2569,2,2678
P55201,P55201-1,BRPF1,CHEMBL3132741,1,474
P55201,P55201-2,BRPF1,CHEMBL3132741,2,475
P55201,P55201-3,BRPF1,CHEMBL3132741,3,476
P55201,P55201-4,BRPF1,CHEMBL3132741,4,477
P55210,P55210-1,CASP7,CHEMBL3468,alpha,707
P55210,P55210-2,CASP7,CHEMBL3468,beta,708
P55210,P55210-3,CASP7,CHEMBL3468,alpha',709
P55210,P55210-3,CASP7,CHEMBL3468,beta,710
P55210,P55210-4,CASP7,CHEMBL3468,4,711
P55212,P55212-1,CASP6,CHEMBL3308,alpha,705
P55212,P55212-2,CASP6,CHEMBL3308,beta,706
P55263,P55263-1,ADK,CHEMBL3589,1,222
P55263,P55263-1,ADK,CHEMBL3589,ak-l,223
P55263,P55263-1,ADK,CHEMBL3589,long,224
P55263,P55263-2,ADK,CHEMBL3589,2,225
P55263,P55263-2,ADK,CHEMBL3589,ak-s,226
P55263,P55263-2,ADK,CHEMBL3589,short,227
P55263,P55263-3,ADK,CHEMBL3589,3,228
P55263,P55263-4,ADK,CHEMBL3589,4,229
P55786,P55786-1,PSA,CHEMBL2264,1,3622
P55786,P55786-2,PSA,CHEMBL2264,2,3623
P56524,P56524-1,HDAC4,CHEMBL3524,1,1738
P56524,P56524-2,HDAC4,CHEMBL3524,2,1739
P56817,P56817-1,BACE1,CHEMBL4822,a,375
P56817,P56817-1,BACE1,CHEMBL4822,bace-1a,376
P56817,P56817-1,BACE1,CHEMBL4822,bac-501,377
P56817,P56817-2,BACE1,CHEMBL4822,b,378
P56817,P56817-2,BACE1,CHEMBL4822,bace-1b,379
P56817,P56817-2,BACE1,CHEMBL4822,bace-i-476,380
P56817,P56817-3,BACE1,CHEMBL4822,c,381
P56817,P56817-3,BACE1,CHEMBL4822,bace-1c,382
P56817,P56817-3,BACE1,CHEMBL4822,bace-i-457,383
P56817,P56817-4,BACE1,CHEMBL4822,d,384
P56817,P56817-4,BACE1,CHEMBL4822,bace-1d,385
P56817,P56817-4,BACE1,CHEMBL4822,bace-i-432,386
P56817,P56817-5,BACE1,CHEMBL4822,5,387
P56817,P56817-6,BACE1,CHEMBL4822,6,388
P57789,P57789-1,KCNKA,CHEMBL2331041,a,2071
P57789,P57789-1,KCNKA,CHEMBL2331041,trek-2a,2072
P57789,P57789-3,KCNKA,CHEMBL2331041,c,2073
P57789,P57789-3,KCNKA,CHEMBL2331041,trek-2c,2074
P57789,P57789-4,KCNKA,CHEMBL2331041,b,2075
P57789,P57789-4,KCNKA,CHEMBL2331041,trek-2b,2076
P58215,P58215-1,LOXL3,CHEMBL4105989,1,2314
P58215,P58215-2,LOXL3,CHEMBL4105989,2,2315
P58215,P58215-2,LOXL3,CHEMBL4105989,loxl3-sv1,2316
P58215,P58215-3,LOXL3,CHEMBL4105989,3,2317
P58295,P58295-1,SC6A5,CHEMBL3195,a,3862
P58295,P58295-2,SC6A5,CHEMBL3195,b,3863
P58335,P58335-1,ANTR2,CHEMBL4296326,1,283
P58335,P58335-2,ANTR2,CHEMBL4296326,2,284
P58335,P58335-3,ANTR2,CHEMBL4296326,3,285
P58335,P58335-4,ANTR2,CHEMBL4296326,4,286
P60842,P60842-1,IF4A1,CHEMBL2052028,1,1864
P60842,P60842-2,IF4A1,CHEMBL2052028,2,1865
P60842,P60842-3,IF4A1,CHEMBL2052028,3,1866
P61073,P61073-1:P30991-1,CXCR4,CHEMBL2107,1,935
P61073,P61073-2:P30991-2,CXCR4,CHEMBL2107,2,936
P61073,P61073-2:P30991-2,CXCR4,CHEMBL2107,cxcr4-lo,937
P61169,P61169-1:P13953-1,DRD2,CHEMBL339,long,1059
P61169,P61169-1:P13953-1,DRD2,CHEMBL339,d2a,1060
P61169,P61169-1:P13953-1,DRD2,CHEMBL339,d2in,1061
P61169,P61169-2:P13953-2,DRD2,CHEMBL339,short,1062
P61169,P61169-2:P13953-2,DRD2,CHEMBL339,d2b,1063
P61169,P61169-2:P13953-2,DRD2,CHEMBL339,d2o,1064
P62508,P62508-1:O75454-1,ERR3,CHEMBL4245,1,1265
P62508,P62508-1:O75454-1,ERR3,CHEMBL4245,long,1266
P62508,P62508-2:O75454-2,ERR3,CHEMBL4245,2,1267
P62508,P62508-2:O75454-2,ERR3,CHEMBL4245,short,1268
P62508,P62508-3,ERR3,CHEMBL4245,3,1269
P62508,P62508-4,ERR3,CHEMBL4245,4,1270
P62508,P62508-5,ERR3,CHEMBL4245,5,1271
P62993,P62993-1:P29354-1,GRB2,CHEMBL3663,1,1582
P62993,P62993-1:P29354-1,GRB2,CHEMBL3663,ash-l,1583
P62993,P62993-2:P29354-2,GRB2,CHEMBL3663,2,1584
P62993,P62993-2:P29354-2,GRB2,CHEMBL3663,grb3-3,1585
P63000,P63000-1:P15154-1,RAC1,CHEMBL6094,a,3716
P63000,P63000-1:P15154-1,RAC1,CHEMBL6094,rac1a,3717
P63000,P63000-2:P15154-2,RAC1,CHEMBL6094,b,3718
P63000,P63000-2:P15154-2,RAC1,CHEMBL6094,rac1b,3719
P63000,P63000-2:P15154-2,RAC1,CHEMBL6094,rac1ins,3720
P63104,P63104-1,1433Z,CHEMBL4105899,1,0
P63104,P63104-2,1433Z,CHEMBL4105899,2,1
P68400,P68400-1,CSK21,CHEMBL3629,1,920
P68400,P68400-2,CSK21,CHEMBL3629,2,921
P70597,P70597-1,PE2R1,CHEMBL5068,1,3402
P70597,P70597-2,PE2R1,CHEMBL5068,2,3403
P78348,P78348-1,ASIC1,CHEMBL1628477,1,305
P78348,P78348-1,ASIC1,CHEMBL1628477,hvariant 1,306
P78348,P78348-2,ASIC1,CHEMBL1628477,asic1a,307
P78348,P78348-2,ASIC1,CHEMBL1628477,hvariant 2,308
P78348,P78348-3,ASIC1,CHEMBL1628477,asic1b,309
P78348,P78348-3,ASIC1,CHEMBL1628477,hvariant 3,310
P78362,P78362-1,SRPK2,CHEMBL5668,1,4051
P78362,P78362-2,SRPK2,CHEMBL5668,2,4052
P78417,P78417-1,GSTO1,CHEMBL3174,1,1705
P78417,P78417-2,GSTO1,CHEMBL3174,2,1706
P78417,P78417-3,GSTO1,CHEMBL3174,3,1707
P78527,P78527-1,PRKDC,CHEMBL3142,1,3615
P78527,P78527-2,PRKDC,CHEMBL3142,2,3616
P78536,P78536-1,ADA17,CHEMBL3706,a,199
P78536,P78536-2,ADA17,CHEMBL3706,b,200
P80192,P80192-1,M3K9,CHEMBL2872,1,2370
P80192,P80192-4,M3K9,CHEMBL2872,2,2371
P80370,P80370-1,DLK1,CHEMBL5671,long,995
P80370,P80370-2,DLK1,CHEMBL5671,short,996
P93836,P93836-1,HPPD,CHEMBL2242740,1,1810
P97287,P97287-1,MCL1,CHEMBL5768,1,2437
P97287,P97287-2,MCL1,CHEMBL5768,2,2438
P97287,P97287-2,MCL1,CHEMBL5768,mck-1v,2439
P97321,P97321-1,SEPR,CHEMBL5769,1,3947
P97321,P97321-2,SEPR,CHEMBL5769,2,3948
P97321,P97321-3,SEPR,CHEMBL5769,3,3949
P97477,P97477-1,AURKA,CHEMBL2211,1,354
P97477,P97477-2,AURKA,CHEMBL2211,2,355
Q00535,Q00535-1,CDK5,CHEMBL4036,1,780
Q00535,Q00535-2,CDK5,CHEMBL4036,2,781
Q00535,Q00535-2,CDK5,CHEMBL4036,cdk5-sv,782
Q00613,Q00613-1,HSF1,CHEMBL5869,long,1846
Q00613,Q00613-2,HSF1,CHEMBL5869,short,1847
Q00975,Q00975-1,CAC1B,CHEMBL4478,alpha-1b-1,517
Q00975,Q00975-2,CAC1B,CHEMBL4478,alpha-1b-2,518
Q00987,Q00987-1,MDM2,CHEMBL5023,mdm2,2457
Q00987,Q00987-10,MDM2,CHEMBL5023,mdm2-g,2458
Q00987,Q00987-11,MDM2,CHEMBL5023,11,2459
Q00987,Q00987-2,MDM2,CHEMBL5023,mdm2-a,2460
Q00987,Q00987-3,MDM2,CHEMBL5023,mdm2-a1,2461
Q00987,Q00987-4,MDM2,CHEMBL5023,mdm2-b,2462
Q00987,Q00987-5,MDM2,CHEMBL5023,mdm2-c,2463
Q00987,Q00987-6,MDM2,CHEMBL5023,mdm2-d,2464
Q00987,Q00987-7,MDM2,CHEMBL5023,mdm2-e,2465
Q00987,Q00987-8,MDM2,CHEMBL5023,mdm2-alpha,2466
Q00987,Q00987-9,MDM2,CHEMBL5023,mdm2-f,2467
Q02083,Q02083-1,NAAA,CHEMBL4349,1,2717
Q02083,Q02083-2,NAAA,CHEMBL4349,2,2718
Q02083,Q02083-3,NAAA,CHEMBL4349,3,2719
Q02224,Q02224-1,CENPE,CHEMBL5870,1,791
Q02224,Q02224-3,CENPE,CHEMBL5870,3,792
Q02294,Q02294-1,CAC1B,CHEMBL5107,1,519
Q02485,Q02485-1,CAC1S,CHEMBL4108,1,669
Q02485,Q02485-2,CAC1S,CHEMBL4108,rob1,670
Q02750,Q02750-1,MP2K1,CHEMBL3587,1,2584
Q02750,Q02750-1,MP2K1,CHEMBL3587,mkk1a,2585
Q02750,Q02750-2,MP2K1,CHEMBL3587,2,2586
Q02750,Q02750-2,MP2K1,CHEMBL3587,mkk1b,2587
Q02763,Q02763-1,TIE2,CHEMBL4128,1,4203
Q02763,Q02763-2,TIE2,CHEMBL4128,2,4204
Q02763,Q02763-3,TIE2,CHEMBL4128,3,4205
Q02880,Q02880-1,TOP2B,CHEMBL3396,beta-2,4254
Q02880,Q02880-2,TOP2B,CHEMBL3396,beta-1,4255
Q02974,Q02974-1,KHK,CHEMBL4105923,c,2121
Q02974,Q02974-1,KHK,CHEMBL4105923,central,2122
Q02974,Q02974-1,KHK,CHEMBL4105923,hepatic/renal/intestinal,2123
Q02974,Q02974-2,KHK,CHEMBL4105923,a,2124
Q02974,Q02974-2,KHK,CHEMBL4105923,peripheral,2125
Q03142,Q03142-1,FGFR4,CHEMBL3839,1,1464
Q03142,Q03142-2,FGFR4,CHEMBL3839,2,1465
Q03142,Q03142-2,FGFR4,CHEMBL3839,fgfr4 lacking exon 16,1466
Q03142,Q03142-2,FGFR4,CHEMBL3839,fgfr4(-16),1467
Q03142,Q03142-2,FGFR4,CHEMBL3839,fgfr4-16,4481
Q03164,Q03164-1,KMT2A,CHEMBL1293299,1,2187
Q03164,Q03164-2,KMT2A,CHEMBL1293299,2,2188
Q03164,Q03164-2,KMT2A,CHEMBL1293299,14p-18b,2189
Q03164,Q03164-3,KMT2A,CHEMBL1293299,3,2190
Q03181,Q03181-1,PPARD,CHEMBL3979,1,3586
Q03181,Q03181-2,PPARD,CHEMBL3979,2,3587
Q03181,Q03181-3,PPARD,CHEMBL3979,3,3588
Q03181,Q03181-4,PPARD,CHEMBL3979,4,3589
Q04609,Q04609-1,FOLH1,CHEMBL1892,psma-1,1472
Q04609,Q04609-10,FOLH1,CHEMBL1892,10,1473
Q04609,Q04609-3,FOLH1,CHEMBL1892,psma-3,1474
Q04609,Q04609-4,FOLH1,CHEMBL1892,psma-4,1475
Q04609,Q04609-6,FOLH1,CHEMBL1892,psma',1476
Q04609,Q04609-7,FOLH1,CHEMBL1892,psma-7,1477
Q04609,Q04609-8,FOLH1,CHEMBL1892,psma-8,1478
Q04609,Q04609-9,FOLH1,CHEMBL1892,psma-9,1479
Q04609,Q04609-9,FOLH1,CHEMBL1892,psm-e,1480
Q04759,Q04759-1,KPCT,CHEMBL3920,1,2213
Q04759,Q04759-2,KPCT,CHEMBL3920,2,2214
Q04759,Q04759-3,KPCT,CHEMBL3920,3,2215
Q04760,Q04760-1,LGUL,CHEMBL2424,1,2274
Q04760,Q04760-2,LGUL,CHEMBL2424,2,2275
Q04912,Q04912-1,RON,CHEMBL2689,ron,3781
Q04912,Q04912-2,RON,CHEMBL2689,delta-ron,3782
Q04912,Q04912-2,RON,CHEMBL2689,sf-ron,3783
Q04912,Q04912-3,RON,CHEMBL2689,ron-1,3784
Q04912,Q04912-4,RON,CHEMBL2689,ron-2,3785
Q04912,Q04912-5,RON,CHEMBL2689,ron-3,3786
Q04912,Q04912-6,RON,CHEMBL2689,ron-4,3787
Q04912,Q04912-7,RON,CHEMBL2689,ron-5,3788
Q05397,Q05397-1,FAK1,CHEMBL2695,1,1331
Q05397,Q05397-2,FAK1,CHEMBL2695,2,1332
Q05397,Q05397-3,FAK1,CHEMBL2695,3,1333
Q05397,Q05397-4,FAK1,CHEMBL2695,4,1334
Q05397,Q05397-5,FAK1,CHEMBL2695,5,1335
Q05397,Q05397-6,FAK1,CHEMBL2695,6,1336
Q05397,Q05397-6,FAK1,CHEMBL2695,frnk,1337
Q05397,Q05397-7,FAK1,CHEMBL2695,7,1338
Q05469,Q05469-1,LIPS,CHEMBL3590,1,2285
Q05469,Q05469-1,LIPS,CHEMBL3590,testicular,2286
Q05469,Q05469-2,LIPS,CHEMBL3590,2,2287
Q05513,Q05513-1,KPCZ,CHEMBL3438,1,2216
Q05513,Q05513-2,KPCZ,CHEMBL3438,2,2217
Q05513,Q05513-2,KPCZ,CHEMBL3438,pkmzeta,2218
Q05513,Q05513-3,KPCZ,CHEMBL3438,3,2219
Q05586,Q05586-1,NMDZ1,CHEMBL2015,3,2793
Q05586,Q05586-1,NMDZ1,CHEMBL2015,long,2794
Q05586,Q05586-1,NMDZ1,CHEMBL2015,nr1-3,2795
Q05586,Q05586-2,NMDZ1,CHEMBL2015,1,2796
Q05586,Q05586-2,NMDZ1,CHEMBL2015,short,2797
Q05586,Q05586-2,NMDZ1,CHEMBL2015,nr1-1,2798
Q05586,Q05586-3,NMDZ1,CHEMBL2015,2,2799
Q05586,Q05586-3,NMDZ1,CHEMBL2015,medium,2800
Q05586,Q05586-3,NMDZ1,CHEMBL2015,nr1-2,2801
Q05586,Q05586-4,NMDZ1,CHEMBL2015,4,2802
Q05586,Q05586-5,NMDZ1,CHEMBL2015,5,2803
Q05586,Q05586-6,NMDZ1,CHEMBL2015,6,2804
Q05586,Q05586-7,NMDZ1,CHEMBL2015,7,2805
Q05655,Q05655-1,KPCD,CHEMBL2996,1,2201
Q05655,Q05655-2,KPCD,CHEMBL2996,2,2202
Q05655,Q05655-2,KPCD,CHEMBL2996,pkcdeltaviii,2203
Q05823,Q05823-1,RN5A,CHEMBL3575,1,3779
Q05823,Q05823-2,RN5A,CHEMBL3575,2,3780
Q05940,Q05940-1,VMAT2,CHEMBL1893,1,4435
Q05940,Q05940-2,VMAT2,CHEMBL1893,2,4436
Q06124,Q06124-1,PTN11,CHEMBL3864,2,3653
Q06124,Q06124-1,PTN11,CHEMBL3864,ptp2ci,3654
Q06124,Q06124-2,PTN11,CHEMBL3864,1,3655
Q06124,Q06124-2,PTN11,CHEMBL3864,ptp2c,3656
Q06124,Q06124-3,PTN11,CHEMBL3864,3,3657
Q06187,Q06187-1,BTK,CHEMBL5251,btk-a,498
Q06187,Q06187-2,BTK,CHEMBL5251,btk-c,499
Q06486,Q06486-1,KC1D,CHEMBL4484,1,1964
Q06486,Q06486-2,KC1D,CHEMBL4484,2,1965
Q06609,Q06609-1,RAD51,CHEMBL2034807,1,3721
Q06609,Q06609-2,RAD51,CHEMBL2034807,2,3722
Q06609,Q06609-3,RAD51,CHEMBL2034807,3,3723
Q06609,Q06609-4,RAD51,CHEMBL2034807,4,3724
Q07343,Q07343-1,PDE4B,CHEMBL275,pde4b1,3311
Q07343,Q07343-2,PDE4B,CHEMBL275,pde4b2,3312
Q07343,Q07343-3,PDE4B,CHEMBL275,pde4b3,3313
Q07343,Q07343-4,PDE4B,CHEMBL275,pde4b5,3314
Q07817,Q07817-1,B2CL1,CHEMBL4625,bcl-x(l),367
Q07817,Q07817-1,B2CL1,CHEMBL4625,bcl-xl,368
Q07817,Q07817-2,B2CL1,CHEMBL4625,bcl-x(s),369
Q07817,Q07817-2,B2CL1,CHEMBL4625,bcl-xs,370
Q07817,Q07817-3,B2CL1,CHEMBL4625,bcl-x(beta),371
Q07817,Q07817-3,B2CL1,CHEMBL4625,bcl-xbeta,4475
Q07820,Q07820-1,MCL1,CHEMBL4361,1,2440
Q07820,Q07820-1,MCL1,CHEMBL4361,mcl1l,2441
Q07820,Q07820-1,MCL1,CHEMBL4361,mcl-1l,2442
Q07820,Q07820-2,MCL1,CHEMBL4361,2,2443
Q07820,Q07820-2,MCL1,CHEMBL4361,delta s,2444
Q07820,Q07820-2,MCL1,CHEMBL4361,mcl-1s,2445
Q07820,Q07820-2,MCL1,CHEMBL4361,tm,2446
Q07869,Q07869-1,PPARA,CHEMBL239,1,3584
Q07869,Q07869-2,PPARA,CHEMBL239,2,3585
Q07912,Q07912-1,ACK1,CHEMBL4599,1,175
Q07912,Q07912-2,ACK1,CHEMBL4599,2,176
Q07912,Q07912-3,ACK1,CHEMBL4599,3,177
Q07973,Q07973-1,CP24A,CHEMBL4521,1,902
Q07973,Q07973-2,CP24A,CHEMBL4521,2,903
Q07973,Q07973-3,CP24A,CHEMBL4521,3,904
Q07973,Q07973-3,CP24A,CHEMBL4521,cyp24-sv,905
Q08209,Q08209-1,PP2BA,CHEMBL4445,1,3563
Q08209,Q08209-2,PP2BA,CHEMBL4445,2,3564
Q08209,Q08209-3,PP2BA,CHEMBL4445,3,3565
Q08209,Q08209-4,PP2BA,CHEMBL4445,4,3566
Q08209,Q08209-5,PP2BA,CHEMBL4445,5,3567
Q08345,Q08345-1,DDR1,CHEMBL5319,1,966
Q08345,Q08345-1,DDR1,CHEMBL5319,cak i,967
Q08345,Q08345-1,DDR1,CHEMBL5319,ddr1b,968
Q08345,Q08345-2,DDR1,CHEMBL5319,2,969
Q08345,Q08345-2,DDR1,CHEMBL5319,cak ii,970
Q08345,Q08345-2,DDR1,CHEMBL5319,ddr1a,971
Q08345,Q08345-2,DDR1,CHEMBL5319,short,972
Q08345,Q08345-4,DDR1,CHEMBL5319,3,973
Q08345,Q08345-4,DDR1,CHEMBL5319,ddr1d,974
Q08345,Q08345-5,DDR1,CHEMBL5319,4,975
Q08345,Q08345-6,DDR1,CHEMBL5319,5,976
Q08493,Q08493-1,PDE4C,CHEMBL291,pde4c1,3315
Q08493,Q08493-2,PDE4C,CHEMBL291,pde4c2,3316
Q08493,Q08493-3,PDE4C,CHEMBL291,pde4c3,3317
Q08493,Q08493-4,PDE4C,CHEMBL291,pde4c4,3318
Q08493,Q08493-5,PDE4C,CHEMBL291,pde4c5,3319
Q08493,Q08493-6,PDE4C,CHEMBL291,pde4c6,3320
Q08493,Q08493-7,PDE4C,CHEMBL291,pde4c7,3321
Q08499,Q08499-1,PDE4D,CHEMBL288,4,3322
Q08499,Q08499-1,PDE4D,CHEMBL288,hpde4d4,3323
Q08499,Q08499-1,PDE4D,CHEMBL288,h4d4,3324
Q08499,Q08499-10,PDE4D,CHEMBL288,9,3325
Q08499,Q08499-10,PDE4D,CHEMBL288,pde4d9,3326
Q08499,Q08499-10,PDE4D,CHEMBL288,4d9,3327
Q08499,Q08499-11,PDE4D,CHEMBL288,7,3328
Q08499,Q08499-11,PDE4D,CHEMBL288,pde4d7,3329
Q08499,Q08499-11,PDE4D,CHEMBL288,4d7,3330
Q08499,Q08499-12,PDE4D,CHEMBL288,12,3331
Q08499,Q08499-2,PDE4D,CHEMBL288,3,3332
Q08499,Q08499-2,PDE4D,CHEMBL288,hpde4d3,3333
Q08499,Q08499-2,PDE4D,CHEMBL288,h4d3,3334
Q08499,Q08499-3,PDE4D,CHEMBL288,10,3335
Q08499,Q08499-4,PDE4D,CHEMBL288,1,3336
Q08499,Q08499-4,PDE4D,CHEMBL288,hpde4d1,3337
Q08499,Q08499-4,PDE4D,CHEMBL288,h4d1,3338
Q08499,Q08499-5,PDE4D,CHEMBL288,2,3339
Q08499,Q08499-5,PDE4D,CHEMBL288,hpde4d2,3340
Q08499,Q08499-5,PDE4D,CHEMBL288,h4d2,3341
Q08499,Q08499-6,PDE4D,CHEMBL288,5,3342
Q08499,Q08499-6,PDE4D,CHEMBL288,hpde4d5,3343
Q08499,Q08499-6,PDE4D,CHEMBL288,h4d5,3344
Q08499,Q08499-7,PDE4D,CHEMBL288,n3,3345
Q08499,Q08499-7,PDE4D,CHEMBL288,pde4dn3,3346
Q08499,Q08499-7,PDE4D,CHEMBL288,4dn3,3347
Q08499,Q08499-8,PDE4D,CHEMBL288,6,3348
Q08499,Q08499-8,PDE4D,CHEMBL288,pde4d6,3349
Q08499,Q08499-8,PDE4D,CHEMBL288,4d6,3350
Q08499,Q08499-9,PDE4D,CHEMBL288,8,3351
Q08499,Q08499-9,PDE4D,CHEMBL288,pde4d8,3352
Q08499,Q08499-9,PDE4D,CHEMBL288,4d8,3353
Q09013,Q09013-1,DMPK,CHEMBL5320,7,997
Q09013,Q09013-10,DMPK,CHEMBL5320,5,998
Q09013,Q09013-10,DMPK,CHEMBL5320,dmpk e,999
Q09013,Q09013-11,DMPK,CHEMBL5320,2,1000
Q09013,Q09013-11,DMPK,CHEMBL5320,dmpk b,1001
Q09013,Q09013-12,DMPK,CHEMBL5320,6,1002
Q09013,Q09013-12,DMPK,CHEMBL5320,dmpk f,1003
Q09013,Q09013-15,DMPK,CHEMBL5320,4,1004
Q09013,Q09013-15,DMPK,CHEMBL5320,dmpk d,1005
Q09013,Q09013-16,DMPK,CHEMBL5320,3,1006
Q09013,Q09013-16,DMPK,CHEMBL5320,dmpk c,1007
Q09013,Q09013-2,DMPK,CHEMBL5320,8,1008
Q09013,Q09013-5,DMPK,CHEMBL5320,9,1009
Q09013,Q09013-6,DMPK,CHEMBL5320,10,1010
Q09013,Q09013-7,DMPK,CHEMBL5320,11,1011
Q09013,Q09013-8,DMPK,CHEMBL5320,12,1012
Q09013,Q09013-9,DMPK,CHEMBL5320,1,1013
Q09013,Q09013-9,DMPK,CHEMBL5320,dmpk a,1014
Q10471,Q10471-1,GALT2,CHEMBL3713355,1,1495
Q10471,Q10471-2,GALT2,CHEMBL3713355,2,1496
Q12797,Q12797-1,ASPH,CHEMBL4680030,1,321
Q12797,Q12797-10,ASPH,CHEMBL4680030,10,322
Q12797,Q12797-11,ASPH,CHEMBL4680030,11,323
Q12797,Q12797-2,ASPH,CHEMBL4680030,2,324
Q12797,Q12797-3,ASPH,CHEMBL4680030,3,325
Q12797,Q12797-3,ASPH,CHEMBL4680030,junctin-1,326
Q12797,Q12797-3,ASPH,CHEMBL4680030,cardiac junctin,327
Q12797,Q12797-4,ASPH,CHEMBL4680030,4,328
Q12797,Q12797-4,ASPH,CHEMBL4680030,junctin-2,329
Q12797,Q12797-4,ASPH,CHEMBL4680030,junctin,330
Q12797,Q12797-5,ASPH,CHEMBL4680030,5,331
Q12797,Q12797-6,ASPH,CHEMBL4680030,6,332
Q12797,Q12797-7,ASPH,CHEMBL4680030,7,333
Q12797,Q12797-8,ASPH,CHEMBL4680030,8,334
Q12797,Q12797-8,ASPH,CHEMBL4680030,junctate,335
Q12797,Q12797-9,ASPH,CHEMBL4680030,9,336
Q12809,Q12809-1,KCNH2,CHEMBL240,a,2036
Q12809,Q12809-1,KCNH2,CHEMBL240,kcnh2-1a,2037
Q12809,Q12809-2,KCNH2,CHEMBL240,b,2038
Q12809,Q12809-2,KCNH2,CHEMBL240,herg1b,2039
Q12809,Q12809-4,KCNH2,CHEMBL240,4,2040
Q12809,Q12809-5,KCNH2,CHEMBL240,a-uso,2041
Q12809,Q12809-5,KCNH2,CHEMBL240,herg1uso,2042
Q12809,Q12809-6,KCNH2,CHEMBL240,b-uso,2043
Q12809,Q12809-6,KCNH2,CHEMBL240,herg1buso,2044
Q12809,Q12809-7,KCNH2,CHEMBL240,3.1,2045
Q12809,Q12809-7,KCNH2,CHEMBL240,kcnh2-3.1,2046
Q12852,Q12852-1,M3K12,CHEMBL1908389,1,2336
Q12852,Q12852-2,M3K12,CHEMBL1908389,2,2337
Q12879,Q12879-1,NMDE1,CHEMBL1972,1,2781
Q12879,Q12879-2,NMDE1,CHEMBL1972,2,2782
Q12884,Q12884-1,SEPR,CHEMBL4683,1,3950
Q12884,Q12884-1,SEPR,CHEMBL4683,l,3951
Q12884,Q12884-1,SEPR,CHEMBL4683,seprase-i,3952
Q12884,Q12884-2,SEPR,CHEMBL4683,2,3953
Q12884,Q12884-2,SEPR,CHEMBL4683,s,3954
Q12884,Q12884-2,SEPR,CHEMBL4683,truncated,3955
Q12884,Q12884-2,SEPR,CHEMBL4683,seprase-s,3956
Q12931,Q12931-1,TRAP1,CHEMBL1075132,1,4278
Q12931,Q12931-2,TRAP1,CHEMBL1075132,2,4279
Q12974,Q12974-1,TP4A2,CHEMBL1075105,1,4258
Q12974,Q12974-1,TP4A2,CHEMBL1075105,ptp-iv1a,4259
Q12974,Q12974-1,TP4A2,CHEMBL1075105,ptp-iv1b,4260
Q12974,Q12974-2,TP4A2,CHEMBL1075105,2,4261
Q12974,Q12974-2,TP4A2,CHEMBL1075105,ptp4ar,4262
Q12974,Q12974-3,TP4A2,CHEMBL1075105,3,4263
Q12974,Q12974-4,TP4A2,CHEMBL1075105,4,4264
Q13002,Q13002-1,GRIK2,CHEMBL3683,1,1624
Q13002,Q13002-1,GRIK2,CHEMBL3683,a,1625
Q13002,Q13002-2,GRIK2,CHEMBL3683,2,1626
Q13002,Q13002-2,GRIK2,CHEMBL3683,b,1627
Q13002,Q13002-3,GRIK2,CHEMBL3683,3,1628
Q13002,Q13002-4,GRIK2,CHEMBL3683,4,1629
Q13002,Q13002-5,GRIK2,CHEMBL3683,5,1630
Q13002,Q13002-5,GRIK2,CHEMBL3683,c,1631
Q13002,Q13002-6,GRIK2,CHEMBL3683,6,1632
Q13002,Q13002-6,GRIK2,CHEMBL3683,d,1633
Q13002,Q13002-7,GRIK2,CHEMBL3683,7,1634
Q13002,Q13002-7,GRIK2,CHEMBL3683,e,1635
Q13043,Q13043-1,STK4,CHEMBL4598,1,4095
Q13043,Q13043-2,STK4,CHEMBL4598,2,4096
Q13085,Q13085-1,ACACA,CHEMBL3351,1,116
Q13085,Q13085-2,ACACA,CHEMBL3351,2,117
Q13085,Q13085-2,ACACA,CHEMBL3351,e5a,118
Q13085,Q13085-3,ACACA,CHEMBL3351,3,119
Q13085,Q13085-3,ACACA,CHEMBL3351,e5b,120
Q13085,Q13085-4,ACACA,CHEMBL3351,4,121
Q13126,Q13126-1,MTAP,CHEMBL4941,1,2664
Q13126,Q13126-2,MTAP,CHEMBL4941,2,2665
Q13126,Q13126-2,MTAP,CHEMBL4941,mtap_v1,2666
Q13126,Q13126-3,MTAP,CHEMBL4941,3,2667
Q13126,Q13126-3,MTAP,CHEMBL4941,mtap_v2,2668
Q13126,Q13126-4,MTAP,CHEMBL4941,4,2669
Q13126,Q13126-4,MTAP,CHEMBL4941,mtap_v3,2670
Q13126,Q13126-5,MTAP,CHEMBL4941,5,2671
Q13126,Q13126-5,MTAP,CHEMBL4941,mtap_v4,2672
Q13126,Q13126-6,MTAP,CHEMBL4941,6,2673
Q13126,Q13126-6,MTAP,CHEMBL4941,mtap_v5,2674
Q13126,Q13126-7,MTAP,CHEMBL4941,7,2675
Q13126,Q13126-7,MTAP,CHEMBL4941,mtap_v6,2676
Q13133,Q13133-1,NR1H3,CHEMBL2808,1,2875
Q13133,Q13133-2,NR1H3,CHEMBL2808,2,2876
Q13133,Q13133-3,NR1H3,CHEMBL2808,3,2877
Q13153,Q13153-1,PAK1,CHEMBL4600,1,3141
Q13153,Q13153-2,PAK1,CHEMBL4600,2,3142
Q13153,Q13153-2,PAK1,CHEMBL4600,pak1b,3143
Q13163,Q13163-1,MP2K5,CHEMBL4948,b,2595
Q13163,Q13163-2,MP2K5,CHEMBL4948,a,2596
Q13163,Q13163-3,MP2K5,CHEMBL4948,c,2597
Q13163,Q13163-4,MP2K5,CHEMBL4948,4,2598
Q13164,Q13164-1,MK07,CHEMBL5332,1,2518
Q13164,Q13164-2,MK07,CHEMBL5332,2,2519
Q13164,Q13164-3,MK07,CHEMBL5332,3,2520
Q13164,Q13164-4,MK07,CHEMBL5332,4,2521
Q13188,Q13188-1,STK3,CHEMBL4708,1,4088
Q13188,Q13188-2,STK3,CHEMBL4708,2,4089
Q13231,Q13231-1,CHIT1,CHEMBL3080,1,808
Q13231,Q13231-2,CHIT1,CHEMBL3080,2,809
Q13231,Q13231-3,CHIT1,CHEMBL3080,3,810
Q13231,Q13231-4,CHIT1,CHEMBL3080,4,811
Q13237,Q13237-1,KGP2,CHEMBL2896,1,2114
Q13237,Q13237-2,KGP2,CHEMBL2896,2,2115
Q13255,Q13255-1,GRM1,CHEMBL3772,alpha,1656
Q13255,Q13255-2,GRM1,CHEMBL3772,beta,1657
Q13255,Q13255-3,GRM1,CHEMBL3772,3,1658
Q13258,Q13258-1,PD2R,CHEMBL4427,1,3218
Q13258,Q13258-2,PD2R,CHEMBL4427,2,3219
Q13304,Q13304-1,GPR17,CHEMBL1075162,1,1572
Q13304,Q13304-2,GPR17,CHEMBL1075162,2,1573
Q13370,Q13370-1,PDE3B,CHEMBL290,1,3279
Q13370,Q13370-2,PDE3B,CHEMBL290,2,3280
Q13393,Q13393-1,PLD1,CHEMBL2536,pld1a,3509
Q13393,Q13393-2,PLD1,CHEMBL2536,pld1b,3510
Q13393,Q13393-3,PLD1,CHEMBL2536,pld1c,3511
Q13393,Q13393-4,PLD1,CHEMBL2536,pld1d,3512
Q13451,Q13451-1,FKBP5,CHEMBL2052031,1,1468
Q13451,Q13451-2,FKBP5,CHEMBL2052031,2,1469
Q13470,Q13470-1,TNK1,CHEMBL5334,1,4246
Q13470,Q13470-2,TNK1,CHEMBL5334,2,4247
Q13490,Q13490-1,BIRC2,CHEMBL5462,1,424
Q13490,Q13490-2,BIRC2,CHEMBL5462,2,425
Q13507,Q13507-2,TRPC3,CHEMBL2417348,1,4280
Q13507,Q13507-3,TRPC3,CHEMBL2417348,2,4281
Q13509,Q13509-1,TBB3,CHEMBL2597,1,4162
Q13509,Q13509-2,TBB3,CHEMBL2597,2,4163
Q13510,Q13510-1,ASAH1,CHEMBL5463,1,302
Q13510,Q13510-2,ASAH1,CHEMBL5463,2,303
Q13510,Q13510-3,ASAH1,CHEMBL5463,3,304
Q13535,Q13535-1,ATR,CHEMBL5024,1,348
Q13535,Q13535-2,ATR,CHEMBL5024,2,349
Q13535,Q13535-3,ATR,CHEMBL5024,3,350
Q13546,Q13546-1,RIPK1,CHEMBL5464,1,3770
Q13546,Q13546-2,RIPK1,CHEMBL5464,2,3771
Q13554,Q13554-1,KCC2B,CHEMBL4121,4,1990
Q13554,Q13554-2,KCC2B,CHEMBL4121,1,1991
Q13554,Q13554-2,KCC2B,CHEMBL4121,beta,1992
Q13554,Q13554-3,KCC2B,CHEMBL4121,2,1993
Q13554,Q13554-3,KCC2B,CHEMBL4121,beta1,1994
Q13554,Q13554-3,KCC2B,CHEMBL4121,beta'e,1995
Q13554,Q13554-4,KCC2B,CHEMBL4121,3,1996
Q13554,Q13554-4,KCC2B,CHEMBL4121,beta2,1997
Q13554,Q13554-5,KCC2B,CHEMBL4121,5,1998
Q13554,Q13554-5,KCC2B,CHEMBL4121,beta4,1999
Q13554,Q13554-5,KCC2B,CHEMBL4121,betae,2000
Q13554,Q13554-6,KCC2B,CHEMBL4121,6,2001
Q13554,Q13554-6,KCC2B,CHEMBL4121,beta6,2002
Q13554,Q13554-7,KCC2B,CHEMBL4121,7,2003
Q13554,Q13554-7,KCC2B,CHEMBL4121,beta7,2004
Q13554,Q13554-8,KCC2B,CHEMBL4121,8,2005
Q13555,Q13555-1,KCC2G,CHEMBL3829,1,2016
Q13555,Q13555-10,KCC2G,CHEMBL3829,10,2017
Q13555,Q13555-11,KCC2G,CHEMBL3829,11,2018
Q13555,Q13555-2,KCC2G,CHEMBL3829,2,2019
Q13555,Q13555-3,KCC2G,CHEMBL3829,3,2020
Q13555,Q13555-4,KCC2G,CHEMBL3829,4,2021
Q13555,Q13555-5,KCC2G,CHEMBL3829,5,2022
Q13555,Q13555-6,KCC2G,CHEMBL3829,6,2023
Q13555,Q13555-7,KCC2G,CHEMBL3829,7,2024
Q13555,Q13555-7,KCC2G,CHEMBL3829,gamma f,2025
Q13555,Q13555-8,KCC2G,CHEMBL3829,8,2026
Q13555,Q13555-8,KCC2G,CHEMBL3829,gamma e,2027
Q13555,Q13555-9,KCC2G,CHEMBL3829,9,2028
Q13555,Q13555-9,KCC2G,CHEMBL3829,gamma d,2029
Q13557,Q13557-1,KCC2D,CHEMBL2801,delta 2,2006
Q13557,Q13557-10,KCC2D,CHEMBL2801,delta 10,2007
Q13557,Q13557-11,KCC2D,CHEMBL2801,delta 11,2008
Q13557,Q13557-12,KCC2D,CHEMBL2801,delta 12,2009
Q13557,Q13557-3,KCC2D,CHEMBL2801,delta 3,2010
Q13557,Q13557-4,KCC2D,CHEMBL2801,delta 4,2011
Q13557,Q13557-5,KCC2D,CHEMBL2801,delta 8,2012
Q13557,Q13557-6,KCC2D,CHEMBL2801,delta 9,2013
Q13557,Q13557-8,KCC2D,CHEMBL2801,delta 6,2014
Q13557,Q13557-9,KCC2D,CHEMBL2801,delta 7,2015
Q13564,Q13564-1,ULA1,CHEMBL2016431,1,4382
Q13564,Q13564-2,ULA1,CHEMBL2016431,2,4383
Q13564,Q13564-3,ULA1,CHEMBL2016431,3,4384
Q13564,Q13564-4,ULA1,CHEMBL2016431,4,4385
Q13609,Q13609-1,DNSL3,CHEMBL1649048,1,1030
Q13609,Q13609-2,DNSL3,CHEMBL1649048,2,1031
Q13627,Q13627-1,DYR1A,CHEMBL2292,long,1086
Q13627,Q13627-2,DYR1A,CHEMBL2292,1,1087
Q13627,Q13627-3,DYR1A,CHEMBL2292,2,1088
Q13627,Q13627-4,DYR1A,CHEMBL2292,3,1089
Q13627,Q13627-5,DYR1A,CHEMBL2292,4,1090
Q13639,Q13639-1,5HT4R,CHEMBL1875,5-ht4(b),22
Q13639,Q13639-2,5HT4R,CHEMBL1875,5-ht4(a),23
Q13639,Q13639-2,5HT4R,CHEMBL1875,5-ht4s,24
Q13639,Q13639-3,5HT4R,CHEMBL1875,5-ht4(c),25
Q13639,Q13639-4,5HT4R,CHEMBL1875,5-ht4(d),26
Q13639,Q13639-5,5HT4R,CHEMBL1875,5-ht4(e),27
Q13639,Q13639-5,5HT4R,CHEMBL1875,h5-ht4(g),28
Q13639,Q13639-6,5HT4R,CHEMBL1875,5-ht4(f),29
Q13639,Q13639-7,5HT4R,CHEMBL1875,5-ht4(g),30
Q13639,Q13639-8,5HT4R,CHEMBL1875,5-ht4(i),31
Q13639,Q13639-9,5HT4R,CHEMBL1875,5-ht4c1,32
Q13639,Q13639-1,5HT4R,CHEMBL1875,5-ht4b,4459
Q13639,Q13639-2,5HT4R,CHEMBL1875,5-ht4a,4460
Q13639,Q13639-3,5HT4R,CHEMBL1875,5-ht4c,4461
Q13639,Q13639-4,5HT4R,CHEMBL1875,5-ht4d,4462
Q13639,Q13639-5,5HT4R,CHEMBL1875,5-ht4e,4463
Q13639,Q13639-5,5HT4R,CHEMBL1875,h5-ht4g,4464
Q13639,Q13639-6,5HT4R,CHEMBL1875,5-ht4f,4465
Q13639,Q13639-7,5HT4R,CHEMBL1875,5-ht4g,4466
Q13639,Q13639-8,5HT4R,CHEMBL1875,5-ht4i,4467
Q13822,Q13822-1,ENPP2,CHEMBL3691,1,1169
Q13822,Q13822-1,ENPP2,CHEMBL3691,atxter,1170
Q13822,Q13822-1,ENPP2,CHEMBL3691,beta,1171
Q13822,Q13822-2,ENPP2,CHEMBL3691,2,1172
Q13822,Q13822-2,ENPP2,CHEMBL3691,atxmel,1173
Q13822,Q13822-2,ENPP2,CHEMBL3691,alpha,1174
Q13822,Q13822-3,ENPP2,CHEMBL3691,3,1175
Q13822,Q13822-3,ENPP2,CHEMBL3691,gamma,1176
Q13873,Q13873-1,BMPR2,CHEMBL5467,1,435
Q13873,Q13873-2,BMPR2,CHEMBL5467,2,436
Q13882,Q13882-1,PTK6,CHEMBL4601,1,3649
Q13882,Q13882-2,PTK6,CHEMBL4601,2,3650
Q13882,Q13882-2,PTK6,CHEMBL4601,alt-ptk6,3651
Q13882,Q13882-2,PTK6,CHEMBL4601,lambdam5,3652
Q13936,Q13936-1,CAC1C,CHEMBL1940,1,533
Q13936,Q13936-1,CAC1C,CHEMBL1940,hfcc,534
Q13936,Q13936-1,CAC1C,CHEMBL1940,fibroblast,535
Q13936,Q13936-10,CAC1C,CHEMBL1940,10,536
Q13936,Q13936-11,CAC1C,CHEMBL1940,11,537
Q13936,Q13936-11,CAC1C,CHEMBL1940,alpha-1c.90,538
Q13936,Q13936-12,CAC1C,CHEMBL1940,12,539
Q13936,Q13936-12,CAC1C,CHEMBL1940,alpha-1c.70,540
Q13936,Q13936-13,CAC1C,CHEMBL1940,13,541
Q13936,Q13936-13,CAC1C,CHEMBL1940,alpha-1c.127,542
Q13936,Q13936-14,CAC1C,CHEMBL1940,14,543
Q13936,Q13936-14,CAC1C,CHEMBL1940,alpha-1c.126,544
Q13936,Q13936-15,CAC1C,CHEMBL1940,15,545
Q13936,Q13936-15,CAC1C,CHEMBL1940,alpha-1c.125,546
Q13936,Q13936-16,CAC1C,CHEMBL1940,16,547
Q13936,Q13936-17,CAC1C,CHEMBL1940,17,548
Q13936,Q13936-18,CAC1C,CHEMBL1940,18,549
Q13936,Q13936-18,CAC1C,CHEMBL1940,hht-1,550
Q13936,Q13936-19,CAC1C,CHEMBL1940,19,551
Q13936,Q13936-19,CAC1C,CHEMBL1940,alpha-1c.76,552
Q13936,Q13936-2,CAC1C,CHEMBL1940,2,553
Q13936,Q13936-20,CAC1C,CHEMBL1940,20,554
Q13936,Q13936-20,CAC1C,CHEMBL1940,alpha-1c.77,555
Q13936,Q13936-21,CAC1C,CHEMBL1940,21,556
Q13936,Q13936-21,CAC1C,CHEMBL1940,alpha-1c.69,557
Q13936,Q13936-22,CAC1C,CHEMBL1940,22,558
Q13936,Q13936-22,CAC1C,CHEMBL1940,alpha-1c.78,559
Q13936,Q13936-23,CAC1C,CHEMBL1940,23,560
Q13936,Q13936-23,CAC1C,CHEMBL1940,alpha-1c.105,561
Q13936,Q13936-24,CAC1C,CHEMBL1940,24,562
Q13936,Q13936-24,CAC1C,CHEMBL1940,alpha-1c.71,563
Q13936,Q13936-25,CAC1C,CHEMBL1940,25,564
Q13936,Q13936-25,CAC1C,CHEMBL1940,alpha-1c.73,565
Q13936,Q13936-26,CAC1C,CHEMBL1940,26,566
Q13936,Q13936-26,CAC1C,CHEMBL1940,alpha-1c.86,567
Q13936,Q13936-27,CAC1C,CHEMBL1940,27,568
Q13936,Q13936-27,CAC1C,CHEMBL1940,alpha-1c.72,569
Q13936,Q13936-28,CAC1C,CHEMBL1940,28,570
Q13936,Q13936-29,CAC1C,CHEMBL1940,29,571
Q13936,Q13936-29,CAC1C,CHEMBL1940,alpha-1c.74,572
Q13936,Q13936-3,CAC1C,CHEMBL1940,3,573
Q13936,Q13936-30,CAC1C,CHEMBL1940,30,574
Q13936,Q13936-30,CAC1C,CHEMBL1940,alpha-1c.87,575
Q13936,Q13936-31,CAC1C,CHEMBL1940,31,576
Q13936,Q13936-31,CAC1C,CHEMBL1940,alpha-1c.88,577
Q13936,Q13936-32,CAC1C,CHEMBL1940,32,578
Q13936,Q13936-32,CAC1C,CHEMBL1940,alpha-1c.89,579
Q13936,Q13936-33,CAC1C,CHEMBL1940,33,580
Q13936,Q13936-33,CAC1C,CHEMBL1940,alpha-1c.85,581
Q13936,Q13936-34,CAC1C,CHEMBL1940,34,582
Q13936,Q13936-34,CAC1C,CHEMBL1940,"alpha-1c,long-nt
Q13936-35",583
Q13936,Q13936-36,CAC1C,CHEMBL1940,36,584
Q13936,Q13936-37,CAC1C,CHEMBL1940,37,585
Q13936,Q13936-4,CAC1C,CHEMBL1940,4,586
Q13936,Q13936-5,CAC1C,CHEMBL1940,5,587
Q13936,Q13936-6,CAC1C,CHEMBL1940,6,588
Q13936,Q13936-7,CAC1C,CHEMBL1940,7,589
Q13936,Q13936-8,CAC1C,CHEMBL1940,8,590
Q13936,Q13936-9,CAC1C,CHEMBL1940,9,591
Q13936,Q13936-34,CAC1C,CHEMBL1940,"alpha-1c,l-nt",4506
Q13946,Q13946-1,PDE7A,CHEMBL3012,pde7a1,3360
Q13946,Q13946-2,PDE7A,CHEMBL3012,pde7a2,3361
Q13946,Q13946-3,PDE7A,CHEMBL3012,pde7a3,3362
Q13976,Q13976-1,KGP1,CHEMBL4273,alpha,2109
Q13976,Q13976-1,KGP1,CHEMBL4273,cgk1-alpha,2110
Q13976,Q13976-2:P14619-1,KGP1,CHEMBL4273,beta,2111
Q13976,Q13976-2:P14619-1,KGP1,CHEMBL4273,cgk1-beta,2112
Q13976,Q13976-3,KGP1,CHEMBL4273,3,2113
Q14004,Q14004-1,CDK13,CHEMBL1795192,1,773
Q14004,Q14004-2,CDK13,CHEMBL1795192,2,774
Q14123,Q14123-1,PDE1C,CHEMBL4619,pde1c2,3257
Q14123,Q14123-1,PDE1C,CHEMBL4619,hcam3a,3258
Q14123,Q14123-1,PDE1C,CHEMBL4619,pde1c3,3259
Q14123,Q14123-1,PDE1C,CHEMBL4619,1c3,3260
Q14123,Q14123-1,PDE1C,CHEMBL4619,hspde1c3a,3261
Q14123,Q14123-1,PDE1C,CHEMBL4619,hs1c3a,3262
Q14123,Q14123-1,PDE1C,CHEMBL4619,hspde1c3,3263
Q14123,Q14123-1,PDE1C,CHEMBL4619,hs1c3,3264
Q14123,Q14123-2,PDE1C,CHEMBL4619,pde1c1,3265
Q14123,Q14123-2,PDE1C,CHEMBL4619,hcam3b,3266
Q14123,Q14123-2,PDE1C,CHEMBL4619,hspde1c1a,3267
Q14123,Q14123-2,PDE1C,CHEMBL4619,hs1c1a,3268
Q14123,Q14123-3,PDE1C,CHEMBL4619,3,3269
Q14164,Q14164-1,IKKE,CHEMBL3529,1,1871
Q14164,Q14164-2,IKKE,CHEMBL3529,2,1872
Q14289,Q14289-1,FAK2,CHEMBL5469,1,1339
Q14289,Q14289-2,FAK2,CHEMBL5469,2,1340
Q14289,Q14289-2,FAK2,CHEMBL5469,pyk2h,1341
Q14524,Q14524-1,SCN5A,CHEMBL1980,1,3893
Q14524,Q14524-1,SCN5A,CHEMBL1980,cag-inclusive variant,3894
Q14524,Q14524-1,SCN5A,CHEMBL1980,nav1.5c,3895
Q14524,Q14524-2,SCN5A,CHEMBL1980,2,3896
Q14524,Q14524-2,SCN5A,CHEMBL1980,nav1.5b,3897
Q14524,Q14524-3,SCN5A,CHEMBL1980,3,3898
Q14524,Q14524-4,SCN5A,CHEMBL1980,4,3899
Q14524,Q14524-4,SCN5A,CHEMBL1980,nav1.5e,3900
Q14524,Q14524-4,SCN5A,CHEMBL1980,neonatal,3901
Q14524,Q14524-5,SCN5A,CHEMBL1980,5,3902
Q14524,Q14524-5,SCN5A,CHEMBL1980,ex18del,3903
Q14524,Q14524-5,SCN5A,CHEMBL1980,nav1.5a,3904
Q14524,Q14524-6,SCN5A,CHEMBL1980,6,3905
Q14524,Q14524-6,SCN5A,CHEMBL1980,ex24del,3906
Q14524,Q14524-6,SCN5A,CHEMBL1980,nav1.5f,3907
Q14680,Q14680-1,MELK,CHEMBL4578,1,2477
Q14680,Q14680-2,MELK,CHEMBL4578,2,2478
Q14680,Q14680-3,MELK,CHEMBL4578,3,2479
Q14680,Q14680-4,MELK,CHEMBL4578,4,2480
Q14680,Q14680-5,MELK,CHEMBL4578,5,2481
Q14680,Q14680-6,MELK,CHEMBL4578,6,2482
Q14680,Q14680-7,MELK,CHEMBL4578,7,2483
Q14680,Q14680-8,MELK,CHEMBL4578,8,2484
Q14790,Q14790-1,CASP8,CHEMBL3776,1,712
Q14790,Q14790-1,CASP8,CHEMBL3776,alpha-1,713
Q14790,Q14790-2,CASP8,CHEMBL3776,2,714
Q14790,Q14790-2,CASP8,CHEMBL3776,alpha-2,715
Q14790,Q14790-2,CASP8,CHEMBL3776,mch5-beta,716
Q14790,Q14790-3,CASP8,CHEMBL3776,3,717
Q14790,Q14790-3,CASP8,CHEMBL3776,alpha-3,718
Q14790,Q14790-4,CASP8,CHEMBL3776,4,719
Q14790,Q14790-4,CASP8,CHEMBL3776,alpha-4,720
Q14790,Q14790-5,CASP8,CHEMBL3776,5,721
Q14790,Q14790-5,CASP8,CHEMBL3776,beta-1,722
Q14790,Q14790-6,CASP8,CHEMBL3776,6,723
Q14790,Q14790-6,CASP8,CHEMBL3776,beta-2,724
Q14790,Q14790-7,CASP8,CHEMBL3776,7,725
Q14790,Q14790-7,CASP8,CHEMBL3776,beta-3,726
Q14790,Q14790-7,CASP8,CHEMBL3776,8l,727
Q14790,Q14790-8,CASP8,CHEMBL3776,8,728
Q14790,Q14790-8,CASP8,CHEMBL3776,beta-4,729
Q14790,Q14790-9,CASP8,CHEMBL3776,9,730
Q14790,Q14790-9,CASP8,CHEMBL3776,8l,731
Q14832,Q14832-1,GRM3,CHEMBL2888,1,1659
Q14832,Q14832-2,GRM3,CHEMBL2888,2,1660
Q14832,Q14832-2,GRM3,CHEMBL2888,grm3delta4,1661
Q14833,Q14833-1,GRM4,CHEMBL2736,1,1662
Q14833,Q14833-2,GRM4,CHEMBL2736,2,1663
Q14833,Q14833-3,GRM4,CHEMBL2736,3,1664
Q14833,Q14833-4,GRM4,CHEMBL2736,4,1665
Q14833,Q14833-5,GRM4,CHEMBL2736,5,1666
Q14994,Q14994-1,NR1I3,CHEMBL5503,1,2893
Q14994,Q14994-10,NR1I3,CHEMBL5503,10,2894
Q14994,Q14994-11,NR1I3,CHEMBL5503,11,2895
Q14994,Q14994-12,NR1I3,CHEMBL5503,12,2896
Q14994,Q14994-13,NR1I3,CHEMBL5503,13,2897
Q14994,Q14994-15,NR1I3,CHEMBL5503,14,2898
Q14994,Q14994-16,NR1I3,CHEMBL5503,15,2899
Q14994,Q14994-2,NR1I3,CHEMBL5503,2,2900
Q14994,Q14994-3,NR1I3,CHEMBL5503,3,2901
Q14994,Q14994-4,NR1I3,CHEMBL5503,4,2902
Q14994,Q14994-5,NR1I3,CHEMBL5503,5,2903
Q14994,Q14994-6,NR1I3,CHEMBL5503,6,2904
Q14994,Q14994-7,NR1I3,CHEMBL5503,7,2905
Q14994,Q14994-8,NR1I3,CHEMBL5503,8,2906
Q14994,Q14994-9,NR1I3,CHEMBL5503,9,2907
Q15046,Q15046-1,SYK,CHEMBL5575,cytoplasmic,4102
Q15046,Q15046-2,SYK,CHEMBL5575,mitochondrial,4103
Q15059,Q15059-1,BRD3,CHEMBL1795186,1,447
Q15059,Q15059-2,BRD3,CHEMBL1795186,2,448
Q15109,Q15109-1,RAGE,CHEMBL2176846,1,3729
Q15109,Q15109-10,RAGE,CHEMBL2176846,10,3730
Q15109,Q15109-10,RAGE,CHEMBL2176846,delta-icd,3731
Q15109,Q15109-10,RAGE,CHEMBL2176846,variant 20,3732
Q15109,Q15109-2,RAGE,CHEMBL2176846,2,3733
Q15109,Q15109-2,RAGE,CHEMBL2176846,ragesec,3734
Q15109,Q15109-3,RAGE,CHEMBL2176846,3,3735
Q15109,Q15109-4,RAGE,CHEMBL2176846,4,3736
Q15109,Q15109-5,RAGE,CHEMBL2176846,5,3737
Q15109,Q15109-5,RAGE,CHEMBL2176846,del exon3-7,3738
Q15109,Q15109-6,RAGE,CHEMBL2176846,6,3739
Q15109,Q15109-7,RAGE,CHEMBL2176846,7,3740
Q15109,Q15109-7,RAGE,CHEMBL2176846,del exon3,3741
Q15109,Q15109-8,RAGE,CHEMBL2176846,8,3742
Q15109,Q15109-9,RAGE,CHEMBL2176846,9,3743
Q15109,Q15109-9,RAGE,CHEMBL2176846,del exon8-9,3744
Q15118,Q15118-1,PDK1,CHEMBL4766,1,3391
Q15118,Q15118-2,PDK1,CHEMBL4766,2,3392
Q15119,Q15119-1,PDK2,CHEMBL3861,1,3393
Q15119,Q15119-2,PDK2,CHEMBL3861,2,3394
Q15120,Q15120-1,PDK3,CHEMBL3893,1,3395
Q15120,Q15120-2,PDK3,CHEMBL3893,2,3396
Q15303,Q15303-1,ERBB4,CHEMBL3009,jm-a cyt-1,1251
Q15303,Q15303-2,ERBB4,CHEMBL3009,jm-b cyt-1,1252
Q15303,Q15303-3,ERBB4,CHEMBL3009,jm-a cyt-2,1253
Q15303,Q15303-4,ERBB4,CHEMBL3009,jm-b cyt-2,1254
Q15349,Q15349-1,KS6A2,CHEMBL3906,1,2235
Q15349,Q15349-2,KS6A2,CHEMBL3906,2,2236
Q15349,Q15349-3,KS6A2,CHEMBL3906,3,2237
Q15375,Q15375-1,EPHA7,CHEMBL4602,1,1202
Q15375,Q15375-1,EPHA7,CHEMBL4602,epha7-fl,1203
Q15375,Q15375-2,EPHA7,CHEMBL4602,2,1204
Q15375,Q15375-3,EPHA7,CHEMBL4602,3,1205
Q15375,Q15375-4,EPHA7,CHEMBL4602,4,1206
Q15375,Q15375-5,EPHA7,CHEMBL4602,5,1207
Q15375,Q15375-5,EPHA7,CHEMBL4602,epha7-s,1208
Q15393,Q15393-1,SF3B3,CHEMBL1250378,1,3957
Q15393,Q15393-2,SF3B3,CHEMBL1250378,2,3958
Q15393,Q15393-3,SF3B3,CHEMBL1250378,3,3959
Q15418,Q15418-1,KS6A1,CHEMBL2553,1,2231
Q15418,Q15418-2,KS6A1,CHEMBL2553,2,2232
Q15418,Q15418-3,KS6A1,CHEMBL2553,3,2233
Q15418,Q15418-4,KS6A1,CHEMBL2553,4,2234
Q15561,Q15561-1,TEAD4,CHEMBL4295828,1,4166
Q15561,Q15561-2,TEAD4,CHEMBL4295828,2,4167
Q15561,Q15561-3,TEAD4,CHEMBL4295828,3,4168
Q15661,Q15661-1,TRYB1,CHEMBL2617,1,4346
Q15661,Q15661-2,TRYB1,CHEMBL2617,2,4347
Q15717,Q15717-1,ELAV1,CHEMBL1250379,1,1165
Q15717,Q15717-2,ELAV1,CHEMBL1250379,2,1166
Q15746,Q15746-1,MYLK,CHEMBL2428,1,2684
Q15746,Q15746-1,MYLK,CHEMBL2428,non-muscle isozyme,2685
Q15746,Q15746-10,MYLK,CHEMBL2428,8,2686
Q15746,Q15746-11,MYLK,CHEMBL2428,9,2687
Q15746,Q15746-2,MYLK,CHEMBL2428,2,2688
Q15746,Q15746-3,MYLK,CHEMBL2428,3a,2689
Q15746,Q15746-4,MYLK,CHEMBL2428,3b,2690
Q15746,Q15746-5,MYLK,CHEMBL2428,4,2691
Q15746,Q15746-6,MYLK,CHEMBL2428,del-1790,2692
Q15746,Q15746-7,MYLK,CHEMBL2428,5,2693
Q15746,Q15746-7,MYLK,CHEMBL2428,smooth-muscle isozyme,2694
Q15746,Q15746-8,MYLK,CHEMBL2428,6,2695
Q15746,Q15746-8,MYLK,CHEMBL2428,telokin,2696
Q15746,Q15746-9,MYLK,CHEMBL2428,7,2697
Q15759,Q15759-1,MK11,CHEMBL3961,1,2541
Q15759,Q15759-3,MK11,CHEMBL3961,2,2542
Q15831,Q15831-1,STK11,CHEMBL5606,1,4075
Q15831,Q15831-1,STK11,CHEMBL5606,lkb1(l),4076
Q15831,Q15831-2,STK11,CHEMBL5606,2,4077
Q15831,Q15831-2,STK11,CHEMBL5606,lkb1(s),4078
Q15831,Q15831-1,STK11,CHEMBL5606,lkb1l,4495
Q15831,Q15831-2,STK11,CHEMBL5606,lkb1s,4496
Q15858,Q15858-1,SCN9A,CHEMBL4296,1,3916
Q15858,Q15858-2,SCN9A,CHEMBL4296,2,3917
Q15858,Q15858-3,SCN9A,CHEMBL4296,3,3918
Q15858,Q15858-4,SCN9A,CHEMBL4296,4,3919
Q15910,Q15910-1,EZH2,CHEMBL2189110,1,1309
Q15910,Q15910-2,EZH2,CHEMBL2189110,2,1310
Q15910,Q15910-3,EZH2,CHEMBL2189110,3,1311
Q15910,Q15910-4,EZH2,CHEMBL2189110,4,1312
Q15910,Q15910-5,EZH2,CHEMBL2189110,5,1313
Q16288,Q16288-1,NTRK3,CHEMBL5608,1,2944
Q16288,Q16288-1,NTRK3,CHEMBL5608,a,2945
Q16288,Q16288-2,NTRK3,CHEMBL5608,2,2946
Q16288,Q16288-2,NTRK3,CHEMBL5608,b,2947
Q16288,Q16288-3,NTRK3,CHEMBL5608,3,2948
Q16288,Q16288-3,NTRK3,CHEMBL5608,c,2949
Q16288,Q16288-4,NTRK3,CHEMBL5608,4,2950
Q16288,Q16288-4,NTRK3,CHEMBL5608,d,2951
Q16288,Q16288-5,NTRK3,CHEMBL5608,5,2952
Q16288,Q16288-5,NTRK3,CHEMBL5608,e,2953
Q16512,Q16512-1,PKN1,CHEMBL3384,1,3499
Q16512,Q16512-2,PKN1,CHEMBL3384,2,3500
Q16512,Q16512-3,PKN1,CHEMBL3384,3,3501
Q16513,Q16513-1,PKN2,CHEMBL3032,1,3502
Q16513,Q16513-2,PKN2,CHEMBL3032,2,3503
Q16513,Q16513-3,PKN2,CHEMBL3032,3,3504
Q16513,Q16513-4,PKN2,CHEMBL3032,4,3505
Q16513,Q16513-5,PKN2,CHEMBL3032,5,3506
Q16539,Q16539-1,MK14,CHEMBL260,csbp2,2552
Q16539,Q16539-2,MK14,CHEMBL260,csbp1,2553
Q16539,Q16539-3,MK14,CHEMBL260,mxi2,2554
Q16539,Q16539-4,MK14,CHEMBL260,exip,2555
Q16539,Q16539-4,MK14,CHEMBL260,exon skip,2556
Q16539,Q16539-5,MK14,CHEMBL260,5,2557
Q16584,Q16584-1,M3K11,CHEMBL2708,1,2334
Q16584,Q16584-2,M3K11,CHEMBL2708,2,2335
Q16620,Q16620-1,NTRK2,CHEMBL4898,trkb,2936
Q16620,Q16620-1,NTRK2,CHEMBL4898,gp145-trkb,2937
Q16620,Q16620-2,NTRK2,CHEMBL4898,trkb-t1,2938
Q16620,Q16620-3,NTRK2,CHEMBL4898,trkb-t-shc,2939
Q16620,Q16620-4,NTRK2,CHEMBL4898,4,2940
Q16620,Q16620-5,NTRK2,CHEMBL4898,5,2941
Q16620,Q16620-6,NTRK2,CHEMBL4898,trkb-t-tk,2942
Q16620,Q16620-7,NTRK2,CHEMBL4898,trkb-n-t1,2943
Q16665,Q16665-1,HIF1A,CHEMBL4261,1,1787
Q16665,Q16665-2,HIF1A,CHEMBL4261,2,1788
Q16665,Q16665-3,HIF1A,CHEMBL4261,3,1789
Q16665,Q16665-3,HIF1A,CHEMBL4261,i.3,1790
Q16769,Q16769-1,QPCT,CHEMBL4508,1,3707
Q16769,Q16769-2,QPCT,CHEMBL4508,2,3708
Q16773,Q16773-1,KAT1,CHEMBL3962,1,1942
Q16773,Q16773-2,KAT1,CHEMBL3962,2,1943
Q16773,Q16773-3,KAT1,CHEMBL3962,3,1944
Q16816,Q16816-1,PHKG1,CHEMBL4004,1,3470
Q16816,Q16816-2,PHKG1,CHEMBL4004,2,3471
Q16853,Q16853-1,AOC3,CHEMBL3437,1,287
Q16853,Q16853-2,AOC3,CHEMBL3437,2,288
Q16853,Q16853-2,AOC3,CHEMBL3437,vap-1delta3,289
Q16853,Q16853-3,AOC3,CHEMBL3437,3,290
Q16875,Q16875-1,F263,CHEMBL2331053,1,1314
Q16875,Q16875-2,F263,CHEMBL2331053,2,1315
Q16875,Q16875-3,F263,CHEMBL2331053,3,1316
Q16875,Q16875-4,F263,CHEMBL2331053,4,1317
Q16881,Q16881-1,TRXR1,CHEMBL1927,1,4326
Q16881,Q16881-1,TRXR1,CHEMBL1927,v,4327
Q16881,Q16881-1,TRXR1,CHEMBL1927,txnrd1_v3,4328
Q16881,Q16881-2,TRXR1,CHEMBL1927,2,4329
Q16881,Q16881-2,TRXR1,CHEMBL1927,ii,4330
Q16881,Q16881-2,TRXR1,CHEMBL1927,txnrd1_v4,4331
Q16881,Q16881-3,TRXR1,CHEMBL1927,3,4332
Q16881,Q16881-3,TRXR1,CHEMBL1927,iii,4333
Q16881,Q16881-3,TRXR1,CHEMBL1927,txnrd1_v5,4334
Q16881,Q16881-4,TRXR1,CHEMBL1927,4,4335
Q16881,Q16881-4,TRXR1,CHEMBL1927,iv,4336
Q16881,Q16881-4,TRXR1,CHEMBL1927,txnrd1_v2,4337
Q16881,Q16881-4,TRXR1,CHEMBL1927,trxr1b,4338
Q16881,Q16881-5,TRXR1,CHEMBL1927,5,4339
Q16881,Q16881-5,TRXR1,CHEMBL1927,i,4340
Q16881,Q16881-5,TRXR1,CHEMBL1927,txnrd1_v1,4341
Q16881,Q16881-5,TRXR1,CHEMBL1927,trxr1a,4342
Q16881,Q16881-6,TRXR1,CHEMBL1927,6,4343
Q16881,Q16881-6,TRXR1,CHEMBL1927,vi,4344
Q16881,Q16881-7,TRXR1,CHEMBL1927,7,4345
Q2M385,Q2M385-1,MPEG1,CHEMBL3414409,1,2610
Q2M385,Q2M385-1,MPEG1,CHEMBL3414409,prf2a,2611
Q2M385,Q2M385-2,MPEG1,CHEMBL3414409,2,2612
Q2M385,Q2M385-2,MPEG1,CHEMBL3414409,prf2b,2613
Q32MK0,Q32MK0-3,MYLK3,CHEMBL4627,1,2698
Q32MK0,Q32MK0-4,MYLK3,CHEMBL4627,2,2699
Q3SYC2,Q3SYC2-1,MOGT2,CHEMBL2439944,1,2577
Q3SYC2,Q3SYC2-2,MOGT2,CHEMBL2439944,2,2578
Q3SYC2,Q3SYC2-3,MOGT2,CHEMBL2439944,3,2579
Q3SYC2,Q3SYC2-3,MOGT2,CHEMBL2439944,mgat2v,2580
Q3SYC2,Q3SYC2-3,MOGT2,CHEMBL2439944,trunc,2581
Q460N3,Q460N3-1,PAR15,CHEMBL2176778,1,3174
Q460N3,Q460N3-2,PAR15,CHEMBL2176778,2,3175
Q460N5,Q460N5-1,PAR14,CHEMBL2176777,1,3167
Q460N5,Q460N5-1,PAR14,CHEMBL2176777,bal2b,3168
Q460N5,Q460N5-3,PAR14,CHEMBL2176777,3,3169
Q460N5,Q460N5-3,PAR14,CHEMBL2176777,bal2a,3170
Q460N5,Q460N5-4,PAR14,CHEMBL2176777,4,3171
Q460N5,Q460N5-5,PAR14,CHEMBL2176777,5,3172
Q460N5,Q460N5-6,PAR14,CHEMBL2176777,6,3173
Q56UN5,Q56UN5-1,M3K19,CHEMBL6191,1,2338
Q56UN5,Q56UN5-3,M3K19,CHEMBL6191,3,2339
Q56UN5,Q56UN5-4,M3K19,CHEMBL6191,4,2340
Q56UN5,Q56UN5-5,M3K19,CHEMBL6191,5,2341
Q56UN5,Q56UN5-7,M3K19,CHEMBL6191,7,2342
Q58F21,Q58F21-1,BRDT,CHEMBL1795185,1,468
Q58F21,Q58F21-2,BRDT,CHEMBL1795185,2,469
Q58F21,Q58F21-2,BRDT,CHEMBL1795185,brdt-ny,470
Q58F21,Q58F21-3,BRDT,CHEMBL1795185,3,471
Q58F21,Q58F21-4,BRDT,CHEMBL1795185,4,472
Q58F21,Q58F21-5,BRDT,CHEMBL1795185,5,473
Q59H18,Q59H18-1,TNI3K,CHEMBL5260,1,4234
Q59H18,Q59H18-2,TNI3K,CHEMBL5260,2,4235
Q59H18,Q59H18-3,TNI3K,CHEMBL5260,3,4236
Q59H18,Q59H18-4,TNI3K,CHEMBL5260,4,4237
Q5TCX8,Q5TCX8-1,M3K21,CHEMBL3627584,1,2350
Q5TCX8,Q5TCX8-1,M3K21,CHEMBL3627584,mlk4beta,2351
Q5TCX8,Q5TCX8-2,M3K21,CHEMBL3627584,2,2352
Q5TCX8,Q5TCX8-2,M3K21,CHEMBL3627584,mlk4alpha,2353
Q5TCX8,Q5TCX8-3,M3K21,CHEMBL3627584,3,2354
Q5VT25,Q5VT25-1,MRCKA,CHEMBL4516,1,2638
Q5VT25,Q5VT25-2,MRCKA,CHEMBL4516,2,2639
Q5VT25,Q5VT25-3,MRCKA,CHEMBL4516,3,2640
Q5VT25,Q5VT25-4,MRCKA,CHEMBL4516,4,2641
Q5VT25,Q5VT25-5,MRCKA,CHEMBL4516,5,2642
Q5VT25,Q5VT25-6,MRCKA,CHEMBL4516,6,2643
Q5XXA6,Q5XXA6-1,ANO1,CHEMBL2046267,1,275
Q5XXA6,Q5XXA6-1,ANO1,CHEMBL2046267,tmem16a(ac),276
Q5XXA6,Q5XXA6-2,ANO1,CHEMBL2046267,2,277
Q5XXA6,Q5XXA6-3,ANO1,CHEMBL2046267,3,278
Q5XXA6,Q5XXA6-4,ANO1,CHEMBL2046267,4,279
Q5XXA6,Q5XXA6-4,ANO1,CHEMBL2046267,tmem16a(ac-delta-e3),280
Q5XXA6,Q5XXA6-5,ANO1,CHEMBL2046267,5,281
Q5XXA6,Q5XXA6-5,ANO1,CHEMBL2046267,ano1(+0),282
Q5XXA6,Q5XXA6-1,ANO1,CHEMBL2046267,tmem16aac,4472
Q5XXA6,Q5XXA6-4,ANO1,CHEMBL2046267,tmem16aac-delta-e3,4473
Q5XXA6,Q5XXA6-5,ANO1,CHEMBL2046267,ano1+0,4474
Q60748,Q60748-1,CRFR2,CHEMBL2253,crf2-alpha,916
Q60748,Q60748-2,CRFR2,CHEMBL2253,crf2-beta,917
Q61009,Q61009-1,SCRB1,CHEMBL1741203,1,3927
Q61009,Q61009-1,SCRB1,CHEMBL1741203,sr-bi,3928
Q61009,Q61009-1,SCRB1,CHEMBL1741203,sr-bi.1,3929
Q61009,Q61009-2,SCRB1,CHEMBL1741203,2,3930
Q61009,Q61009-2,SCRB1,CHEMBL1741203,sr-bi.2,3931
Q61009,Q61009-2,SCRB1,CHEMBL1741203,sr-bii,3932
Q62137,Q62137-1,JAK3,CHEMBL5250,1,1914
Q62137,Q62137-2,JAK3,CHEMBL5250,2,1915
Q62968,Q62968-1,SCNAA,CHEMBL4017,1,3920
Q62968,Q62968-2,SCNAA,CHEMBL4017,2,3921
Q62968,Q62968-2,SCNAA,CHEMBL4017,nav1.8c,3922
Q63470,Q63470-1,DYR1A,CHEMBL5508,long,1091
Q63470,Q63470-2,DYR1A,CHEMBL5508,short,1092
Q63633,Q63633-1,S12A5,CHEMBL1075108,1,3817
Q63633,Q63633-1,S12A5,CHEMBL1075108,kcc2a,3818
Q63633,Q63633-2,S12A5,CHEMBL1075108,2,3819
Q63633,Q63633-2,S12A5,CHEMBL1075108,kcc2b,3820
Q64610,Q64610-1,ENPP2,CHEMBL3826870,1,1177
Q64610,Q64610-2,ENPP2,CHEMBL3826870,2,1178
Q64663,Q64663-1,P2RX7,CHEMBL2496,1,3091
Q64663,Q64663-2,P2RX7,CHEMBL2496,2,3092
Q64663,Q64663-2,P2RX7,CHEMBL2496,k,3093
Q6P179,Q6P179-1,ERAP2,CHEMBL5043,1,1229
Q6P179,Q6P179-2,ERAP2,CHEMBL5043,2,1230
Q6P179,Q6P179-3,ERAP2,CHEMBL5043,3,1231
Q6P179,Q6P179-4,ERAP2,CHEMBL5043,4,1232
Q6P2M8,Q6P2M8-1,KCC1B,CHEMBL3627592,1,1979
Q6P2M8,Q6P2M8-2,KCC1B,CHEMBL3627592,2,1980
Q6P2M8,Q6P2M8-3,KCC1B,CHEMBL3627592,3,1981
Q6P2M8,Q6P2M8-5,KCC1B,CHEMBL3627592,4,1982
Q6P2M8,Q6P2M8-6,KCC1B,CHEMBL3627592,5,1983
Q6PCB7,Q6PCB7-1,S27A1,CHEMBL2052038,1,3840
Q6PCB7,Q6PCB7-2,S27A1,CHEMBL2052038,2,3841
Q6PHR2,Q6PHR2-1,ULK3,CHEMBL5047,1,4386
Q6PHR2,Q6PHR2-2,ULK3,CHEMBL5047,2,4387
Q6PHR2,Q6PHR2-3,ULK3,CHEMBL5047,3,4388
Q6PHR2,Q6PHR2-4,ULK3,CHEMBL5047,4,4389
Q6PIU2,Q6PIU2-1,NCEH1,CHEMBL5048,1,2720
Q6PIU2,Q6PIU2-2,NCEH1,CHEMBL5048,2,2721
Q6PIU2,Q6PIU2-3,NCEH1,CHEMBL5048,3,2722
Q6PL18,Q6PL18-1,ATAD2,CHEMBL2150837,1,341
Q6PL18,Q6PL18-2,ATAD2,CHEMBL2150837,2,342
Q6QIY3,Q6QIY3-1,SCNAA,CHEMBL5158,1,3923
Q6QIY3,Q6QIY3-2,SCNAA,CHEMBL5158,2,3924
Q6QIY3,Q6QIY3-2,SCNAA,CHEMBL5158,nav1.8c,3925
Q6QIY3,Q6QIY3-3,SCNAA,CHEMBL5158,3,3926
Q6V1X1,Q6V1X1-1,DPP8,CHEMBL4657,1,1036
Q6V1X1,Q6V1X1-2,DPP8,CHEMBL4657,2,1037
Q6V1X1,Q6V1X1-3,DPP8,CHEMBL4657,3,1038
Q6V1X1,Q6V1X1-4,DPP8,CHEMBL4657,4,1039
Q6V1X1,Q6V1X1-5,DPP8,CHEMBL4657,5,1040
Q6V1X1,Q6V1X1-6,DPP8,CHEMBL4657,6,1041
Q6VAB6,Q6VAB6-1,KSR2,CHEMBL3627583,1,2257
Q6VAB6,Q6VAB6-2,KSR2,CHEMBL3627583,2,2258
Q6W5P4,Q6W5P4-1,NPSR1,CHEMBL5162,1,2853
Q6W5P4,Q6W5P4-1,NPSR1,CHEMBL5162,isoform a,2854
Q6W5P4,Q6W5P4-2,NPSR1,CHEMBL5162,2,2855
Q6W5P4,Q6W5P4-2,NPSR1,CHEMBL5162,isoform f,2856
Q6W5P4,Q6W5P4-3,NPSR1,CHEMBL5162,3,2857
Q6W5P4,Q6W5P4-3,NPSR1,CHEMBL5162,isoform g,2858
Q6W5P4,Q6W5P4-4,NPSR1,CHEMBL5162,4,2859
Q6W5P4,Q6W5P4-4,NPSR1,CHEMBL5162,isoform b long form,2860
Q6W5P4,Q6W5P4-5,NPSR1,CHEMBL5162,5,2861
Q6W5P4,Q6W5P4-5,NPSR1,CHEMBL5162,isoform b short form,2862
Q6W5P4,Q6W5P4-6,NPSR1,CHEMBL5162,6,2863
Q6W5P4,Q6W5P4-6,NPSR1,CHEMBL5162,isoform d,2864
Q6W5P4,Q6W5P4-7,NPSR1,CHEMBL5162,7,2865
Q6W5P4,Q6W5P4-7,NPSR1,CHEMBL5162,isoform e,2866
Q6W5P4,Q6W5P4-8,NPSR1,CHEMBL5162,8,2867
Q6W5P4,Q6W5P4-9,NPSR1,CHEMBL5162,9,2868
Q6W5P4,Q6W5P4-9,NPSR1,CHEMBL5162,isoform c,2869
Q6W5P4,Q6W5P4-5,NPSR1,CHEMBL5162,isoform b s form,4504
Q6W5P4,Q6W5P4-4,NPSR1,CHEMBL5162,isoform b l form,4510
Q6XUX3,Q6XUX3-1,DUSTY,CHEMBL1908386,1,1071
Q6XUX3,Q6XUX3-2,DUSTY,CHEMBL1908386,2,1072
Q6XUX3,Q6XUX3-3,DUSTY,CHEMBL1908386,3,1073
Q6XUX3,Q6XUX3-4,DUSTY,CHEMBL1908386,4,1074
Q6YP21,Q6YP21-1,KAT3,CHEMBL2046260,1,1949
Q6YP21,Q6YP21-2,KAT3,CHEMBL2046260,2,1950
Q6YP21,Q6YP21-3,KAT3,CHEMBL2046260,3,1951
Q6ZQW0,Q6ZQW0-1,I23O2,CHEMBL3627587,1,1858
Q6ZQW0,Q6ZQW0-2,I23O2,CHEMBL3627587,2,1859
Q7KZI7,Q7KZI7-1,MARK2,CHEMBL3831,1,2399
Q7KZI7,Q7KZI7-1,MARK2,CHEMBL3831,alpha,2400
Q7KZI7,Q7KZI7-10,MARK2,CHEMBL3831,10,2401
Q7KZI7,Q7KZI7-11,MARK2,CHEMBL3831,11,2402
Q7KZI7,Q7KZI7-12,MARK2,CHEMBL3831,12,2403
Q7KZI7,Q7KZI7-13,MARK2,CHEMBL3831,13,2404
Q7KZI7,Q7KZI7-14,MARK2,CHEMBL3831,14,2405
Q7KZI7,Q7KZI7-15,MARK2,CHEMBL3831,15,2406
Q7KZI7,Q7KZI7-16,MARK2,CHEMBL3831,16,2407
Q7KZI7,Q7KZI7-2,MARK2,CHEMBL3831,2,2408
Q7KZI7,Q7KZI7-3,MARK2,CHEMBL3831,3,2409
Q7KZI7,Q7KZI7-4,MARK2,CHEMBL3831,4,2410
Q7KZI7,Q7KZI7-4,MARK2,CHEMBL3831,par-1balpha,2411
Q7KZI7,Q7KZI7-5,MARK2,CHEMBL3831,5,2412
Q7KZI7,Q7KZI7-6,MARK2,CHEMBL3831,6,2413
Q7KZI7,Q7KZI7-6,MARK2,CHEMBL3831,beta,2414
Q7KZI7,Q7KZI7-7,MARK2,CHEMBL3831,7,2415
Q7KZI7,Q7KZI7-8,MARK2,CHEMBL3831,8,2416
Q7KZI7,Q7KZI7-9,MARK2,CHEMBL3831,9,2417
Q7L7X3,Q7L7X3-1,TAOK1,CHEMBL5261,1,4131
Q7L7X3,Q7L7X3-2,TAOK1,CHEMBL5261,2,4132
Q7L7X3,Q7L7X3-3,TAOK1,CHEMBL5261,3,4133
Q7TMR0,Q7TMR0-1,PCP,CHEMBL1255149,1,3199
Q7TMR0,Q7TMR0-2,PCP,CHEMBL1255149,2,3200
Q7Z2W7,Q7Z2W7-1,TRPM8,CHEMBL1075319,1,4292
Q7Z2W7,Q7Z2W7-2,TRPM8,CHEMBL1075319,2,4293
Q7Z2W7,Q7Z2W7-2,TRPM8,CHEMBL1075319,strpm8-18,4294
Q7Z2W7,Q7Z2W7-2,TRPM8,CHEMBL1075319,sm8-18,4295
Q7Z2W7,Q7Z2W7-3,TRPM8,CHEMBL1075319,3,4296
Q7Z2W7,Q7Z2W7-3,TRPM8,CHEMBL1075319,strpm8-6,4297
Q7Z2W7,Q7Z2W7-3,TRPM8,CHEMBL1075319,sm8-6,4298
Q7Z2W7,Q7Z2W7-4,TRPM8,CHEMBL1075319,4,4299
Q86TI2,Q86TI2-1,DPP9,CHEMBL4793,1,1042
Q86TI2,Q86TI2-1,DPP9,CHEMBL4793,dpp9-s,1043
Q86TI2,Q86TI2-1,DPP9,CHEMBL4793,short,1044
Q86TI2,Q86TI2-2,DPP9,CHEMBL4793,2,1045
Q86TI2,Q86TI2-2,DPP9,CHEMBL4793,dpp9-l,1046
Q86TI2,Q86TI2-2,DPP9,CHEMBL4793,long,1047
Q86TI2,Q86TI2-4,DPP9,CHEMBL4793,3,1048
Q86UE8,Q86UE8-1,TLK2,CHEMBL5404,1,4215
Q86UE8,Q86UE8-2,TLK2,CHEMBL5404,2,4216
Q86UE8,Q86UE8-3,TLK2,CHEMBL5404,3,4217
Q86UX6,Q86UX6-1,ST32C,CHEMBL5405,1,4063
Q86UX6,Q86UX6-2,ST32C,CHEMBL5405,2,4064
Q86VZ5,Q86VZ5-1,SMS1,CHEMBL3611965,1,4013
Q86VZ5,Q86VZ5-2,SMS1,CHEMBL3611965,2,4014
Q86W56,Q86W56-1,PARG,CHEMBL1795143,1,3176
Q86W56,Q86W56-1,PARG,CHEMBL1795143,hparg111,3177
Q86W56,Q86W56-2,PARG,CHEMBL1795143,2,3178
Q86W56,Q86W56-2,PARG,CHEMBL1795143,hparg102,3179
Q86W56,Q86W56-3,PARG,CHEMBL1795143,3,3180
Q86W56,Q86W56-3,PARG,CHEMBL1795143,hparg99,3181
Q86W56,Q86W56-4,PARG,CHEMBL1795143,4,3182
Q86W56,Q86W56-4,PARG,CHEMBL1795143,hparg60,3183
Q86W56,Q86W56-5,PARG,CHEMBL1795143,5,3184
Q86W56,Q86W56-5,PARG,CHEMBL1795143,hparg55,3185
Q86X55,Q86X55-1,CARM1,CHEMBL5406,1,683
Q86X55,Q86X55-2,CARM1,CHEMBL5406,2,684
Q86X55,Q86X55-3,CARM1,CHEMBL5406,3,685
Q86YT5,Q86YT5-1,S13A5,CHEMBL3769293,1,3825
Q86YT5,Q86YT5-2,S13A5,CHEMBL3769293,2,3826
Q86YT5,Q86YT5-3,S13A5,CHEMBL3769293,3,3827
Q86YT5,Q86YT5-4,S13A5,CHEMBL3769293,4,3828
Q86YV6,Q86YV6-1,MYLK4,CHEMBL5426,1,2700
Q86YV6,Q86YV6-2,MYLK4,CHEMBL5426,2,2701
Q86Z02,Q86Z02-1,HIPK1,CHEMBL5427,1,1791
Q86Z02,Q86Z02-1,HIPK1,CHEMBL5427,hipk1-alpha,1792
Q86Z02,Q86Z02-2,HIPK1,CHEMBL5427,2,1793
Q86Z02,Q86Z02-2,HIPK1,CHEMBL5427,hipk1-beta,1794
Q86Z02,Q86Z02-3,HIPK1,CHEMBL5427,3,1795
Q86Z02,Q86Z02-4,HIPK1,CHEMBL5427,4,1796
Q8CA95,Q8CA95-1,PDE10,CHEMBL1795126,1,3220
Q8CA95,Q8CA95-2,PDE10,CHEMBL1795126,2,3221
Q8CA95,Q8CA95-3,PDE10,CHEMBL1795126,3,3222
Q8CA95,Q8CA95-4,PDE10,CHEMBL1795126,4,3223
Q8IU80,Q8IU80-1,TMPS6,CHEMBL1795139,2,4230
Q8IU80,Q8IU80-2,TMPS6,CHEMBL1795139,3,4231
Q8IU80,Q8IU80-4,TMPS6,CHEMBL1795139,1,4232
Q8IU80,Q8IU80-5,TMPS6,CHEMBL1795139,4,4233
Q8IU85,Q8IU85-1,KCC1D,CHEMBL5073,1,1984
Q8IU85,Q8IU85-2,KCC1D,CHEMBL5073,2,1985
Q8IV61,Q8IV61-1,GRP3,CHEMBL3638,1,1686
Q8IV61,Q8IV61-2,GRP3,CHEMBL3638,2,1687
Q8IVH8,Q8IVH8-1,M4K3,CHEMBL5432,1,2372
Q8IVH8,Q8IVH8-2,M4K3,CHEMBL5432,2,2373
Q8IVH8,Q8IVH8-3,M4K3,CHEMBL5432,3,2374
Q8IVT5,Q8IVT5-1,KSR1,CHEMBL1938215,1,2253
Q8IVT5,Q8IVT5-2,KSR1,CHEMBL1938215,2,2254
Q8IVT5,Q8IVT5-3,KSR1,CHEMBL1938215,3,2255
Q8IVT5,Q8IVT5-4,KSR1,CHEMBL1938215,4,2256
Q8IW41,Q8IW41-1,MAPK5,CHEMBL3094,1,2394
Q8IW41,Q8IW41-2,MAPK5,CHEMBL3094,2,2395
Q8IWQ3,Q8IWQ3-1,BRSK2,CHEMBL4574,1,488
Q8IWQ3,Q8IWQ3-2,BRSK2,CHEMBL4574,2,489
Q8IWQ3,Q8IWQ3-3,BRSK2,CHEMBL4574,3,490
Q8IWQ3,Q8IWQ3-4,BRSK2,CHEMBL4574,4,491
Q8IWQ3,Q8IWQ3-5,BRSK2,CHEMBL4574,5,492
Q8IWQ3,Q8IWQ3-6,BRSK2,CHEMBL4574,6,493
Q8IXJ6,Q8IXJ6-1,SIR2,CHEMBL4462,1,3994
Q8IXJ6,Q8IXJ6-2,SIR2,CHEMBL4462,2,3995
Q8IXJ6,Q8IXJ6-3,SIR2,CHEMBL4462,3,3996
Q8IXJ6,Q8IXJ6-4,SIR2,CHEMBL4462,4,3997
Q8IXJ6,Q8IXJ6-5,SIR2,CHEMBL4462,5,3998
Q8JZL2,Q8JZL2-1,MCHR1,CHEMBL4730,1,2435
Q8JZL2,Q8JZL2-2,MCHR1,CHEMBL4730,2,2436
Q8MMZ8,Q8MMZ8-1,KGP,CHEMBL5036,1,2105
Q8MMZ8,Q8MMZ8-1,KGP,CHEMBL5036,isoform i,2106
Q8MMZ8,Q8MMZ8-2,KGP,CHEMBL5036,2,2107
Q8MMZ8,Q8MMZ8-2,KGP,CHEMBL5036,isoform ii,2108
Q8N2K0,Q8N2K0-1,ABD12,CHEMBL5516,1,81
Q8N2K0,Q8N2K0-2,ABD12,CHEMBL5516,2,82
Q8N2K0,Q8N2K0-3,ABD12,CHEMBL5516,3,83
Q8N4C8,Q8N4C8-1,MINK1,CHEMBL5518,3,2500
Q8N4C8,Q8N4C8-1,MINK1,CHEMBL5518,mink-alpha,2501
Q8N4C8,Q8N4C8-2,MINK1,CHEMBL5518,1,2502
Q8N4C8,Q8N4C8-2,MINK1,CHEMBL5518,mink-1,2503
Q8N4C8,Q8N4C8-2,MINK1,CHEMBL5518,mink-delta,2504
Q8N4C8,Q8N4C8-3,MINK1,CHEMBL5518,2,2505
Q8N4C8,Q8N4C8-3,MINK1,CHEMBL5518,mink-2,2506
Q8N4C8,Q8N4C8-3,MINK1,CHEMBL5518,mink-gamma,2507
Q8N4C8,Q8N4C8-4,MINK1,CHEMBL5518,4,2508
Q8N4C8,Q8N4C8-4,MINK1,CHEMBL5518,mink-beta,2509
Q8N4C8,Q8N4C8-5,MINK1,CHEMBL5518,5,2510
Q8N4C8,Q8N4C8-5,MINK1,CHEMBL5518,mink-eta,2511
Q8N568,Q8N568-1,DCLK2,CHEMBL5519,1,961
Q8N568,Q8N568-2,DCLK2,CHEMBL5519,2,962
Q8N568,Q8N568-3,DCLK2,CHEMBL5519,3,963
Q8N5S9,Q8N5S9-1,KKCC1,CHEMBL5256,1,2153
Q8N5S9,Q8N5S9-1,KKCC1,CHEMBL5256,a,2154
Q8N5S9,Q8N5S9-1,KKCC1,CHEMBL5256,variant 3,2155
Q8N5S9,Q8N5S9-2,KKCC1,CHEMBL5256,2,2156
Q8N5S9,Q8N5S9-2,KKCC1,CHEMBL5256,b,2157
Q8N5S9,Q8N5S9-2,KKCC1,CHEMBL5256,variant 1,2158
Q8N5Z0,Q8N5Z0-1,AADAT,CHEMBL2046259,1,72
Q8N5Z0,Q8N5Z0-2,AADAT,CHEMBL2046259,2,73
Q8N6T7,Q8N6T7-1,SIR6,CHEMBL2163182,1,4005
Q8N6T7,Q8N6T7-2,SIR6,CHEMBL2163182,2,4006
Q8NB78,Q8NB78-1,KDM1B,CHEMBL1938208,1,2079
Q8NB78,Q8NB78-2,KDM1B,CHEMBL1938208,2,2080
Q8NB78,Q8NB78-4,KDM1B,CHEMBL1938208,4,2081
Q8NCG7,Q8NCG7-1,DGLB,CHEMBL5521,1,984
Q8NCG7,Q8NCG7-2,DGLB,CHEMBL5521,2,985
Q8NCG7,Q8NCG7-3,DGLB,CHEMBL5521,3,986
Q8NCG7,Q8NCG7-4,DGLB,CHEMBL5521,4,987
Q8NER1,Q8NER1-1,TRPV1,CHEMBL4794,1,4306
Q8NER1,Q8NER1-3,TRPV1,CHEMBL4794,2,4307
Q8NET8,Q8NET8-1,TRPV3,CHEMBL5522,1,4308
Q8NET8,Q8NET8-2,TRPV3,CHEMBL5522,2,4309
Q8NET8,Q8NET8-2,TRPV3,CHEMBL5522,a,4310
Q8NET8,Q8NET8-3,TRPV3,CHEMBL5522,3,4311
Q8NET8,Q8NET8-3,TRPV3,CHEMBL5522,b,4312
Q8NEV4,Q8NEV4-1,MYO3A,CHEMBL5546,1,2702
Q8NEV4,Q8NEV4-2,MYO3A,CHEMBL5546,2,2703
Q8NG66,Q8NG66-1,NEK11,CHEMBL5638,1,2731
Q8NG66,Q8NG66-1,NEK11,CHEMBL5638,long,2732
Q8NG66,Q8NG66-2,NEK11,CHEMBL5638,2,2733
Q8NG66,Q8NG66-2,NEK11,CHEMBL5638,short,2734
Q8NG66,Q8NG66-3,NEK11,CHEMBL5638,3,2735
Q8NG66,Q8NG66-4,NEK11,CHEMBL5638,4,2736
Q8R2Y0,Q8R2Y0-1,ABHD6,CHEMBL5010,1,84
Q8R2Y0,Q8R2Y0-2,ABHD6,CHEMBL5010,2,85
Q8R4B8,Q8R4B8-1,NLRP3,CHEMBL3779755,1,2767
Q8R4B8,Q8R4B8-1,NLRP3,CHEMBL3779755,mmig-1a,2768
Q8R4B8,Q8R4B8-2,NLRP3,CHEMBL3779755,2,2769
Q8R4B8,Q8R4B8-2,NLRP3,CHEMBL3779755,mmig-1b,2770
Q8R4B8,Q8R4B8-3,NLRP3,CHEMBL3779755,3,2771
Q8R4B8,Q8R4B8-3,NLRP3,CHEMBL3779755,mmig-1c,2772
Q8R4B8,Q8R4B8-4,NLRP3,CHEMBL3779755,4,2773
Q8R4B8,Q8R4B8-4,NLRP3,CHEMBL3779755,mmig-1d,2774
Q8TBX8,Q8TBX8-1,PI42C,CHEMBL1770034,1,3476
Q8TBX8,Q8TBX8-2,PI42C,CHEMBL1770034,2,3477
Q8TBX8,Q8TBX8-3,PI42C,CHEMBL1770034,3,3478
Q8TD08,Q8TD08-1,MK15,CHEMBL5198,1,2558
Q8TD08,Q8TD08-2,MK15,CHEMBL5198,2,2559
Q8TD08,Q8TD08-2,MK15,CHEMBL5198,erk8 delta,2560
Q8TD08,Q8TD08-3,MK15,CHEMBL5198,3,2561
Q8TDC3,Q8TDC3-1,BRSK1,CHEMBL5650,1,481
Q8TDC3,Q8TDC3-1,BRSK1,CHEMBL5650,sadb-long,482
Q8TDC3,Q8TDC3-1,BRSK1,CHEMBL5650,l,483
Q8TDC3,Q8TDC3-2,BRSK1,CHEMBL5650,2,484
Q8TDC3,Q8TDC3-3,BRSK1,CHEMBL5650,3,485
Q8TDC3,Q8TDC3-3,BRSK1,CHEMBL5650,sadb-short,486
Q8TDC3,Q8TDC3-3,BRSK1,CHEMBL5650,s,487
Q8TDC3,Q8TDC3-3,BRSK1,CHEMBL5650,sadb-s,4499
Q8TDC3,Q8TDC3-1,BRSK1,CHEMBL5650,sadb-l,4505
Q8TE04,Q8TE04-1,PANK1,CHEMBL3407326,1,3157
Q8TE04,Q8TE04-1,PANK1,CHEMBL3407326,pank1-alpha,3158
Q8TE04,Q8TE04-1,PANK1,CHEMBL3407326,pank1a,3159
Q8TE04,Q8TE04-2,PANK1,CHEMBL3407326,2,3160
Q8TE04,Q8TE04-2,PANK1,CHEMBL3407326,pank1a,3161
Q8TE04,Q8TE04-2,PANK1,CHEMBL3407326,pank1-beta,3162
Q8TE04,Q8TE04-3,PANK1,CHEMBL3407326,3,3163
Q8TE04,Q8TE04-3,PANK1,CHEMBL3407326,pank1b,3164
Q8TE04,Q8TE04-4,PANK1,CHEMBL3407326,4,3165
Q8TE04,Q8TE04-4,PANK1,CHEMBL3407326,pank1-gamma,3166
Q8TEK3,Q8TEK3-1,DOT1L,CHEMBL1795117,2,1034
Q8TEK3,Q8TEK3-2,DOT1L,CHEMBL1795117,1,1035
Q8TF76,Q8TF76-1,HASP,CHEMBL1075163,1,1710
Q8TF76,Q8TF76-2,HASP,CHEMBL1075163,2,1711
Q8VHL0,Q8VHL0-1,UT1,CHEMBL2163171,1,4396
Q8VHL0,Q8VHL0-2,UT1,CHEMBL2163171,2,4397
Q8WTV0,Q8WTV0-1,SCRB1,CHEMBL1914272,3,3933
Q8WTV0,Q8WTV0-2,SCRB1,CHEMBL1914272,1,3934
Q8WTV0,Q8WTV0-2,SCRB1,CHEMBL1914272,sr-bi,3935
Q8WTV0,Q8WTV0-3,SCRB1,CHEMBL1914272,2,3936
Q8WTV0,Q8WTV0-3,SCRB1,CHEMBL1914272,sr-bii,3937
Q8WTV0,Q8WTV0-4,SCRB1,CHEMBL1914272,4,3938
Q8WTV0,Q8WTV0-4,SCRB1,CHEMBL1914272,sr-biii,3939
Q8WTV0,Q8WTV0-5,SCRB1,CHEMBL1914272,5,3940
Q8WTV0,Q8WTV0-5,SCRB1,CHEMBL1914272,sr-bi.2,3941
Q8WTV0,Q8WTV0-5,SCRB1,CHEMBL1914272,sr-bii,3942
Q8WUI4,Q8WUI4-1,HDAC7,CHEMBL2716,1,1747
Q8WUI4,Q8WUI4-10,HDAC7,CHEMBL2716,10,1748
Q8WUI4,Q8WUI4-2,HDAC7,CHEMBL2716,2,1749
Q8WUI4,Q8WUI4-3,HDAC7,CHEMBL2716,3,1750
Q8WUI4,Q8WUI4-4,HDAC7,CHEMBL2716,4,1751
Q8WUI4,Q8WUI4-5,HDAC7,CHEMBL2716,5,1752
Q8WUI4,Q8WUI4-6,HDAC7,CHEMBL2716,6,1753
Q8WUI4,Q8WUI4-7,HDAC7,CHEMBL2716,7,1754
Q8WUI4,Q8WUI4-8,HDAC7,CHEMBL2716,8,1755
Q8WUI4,Q8WUI4-9,HDAC7,CHEMBL2716,9,1756
Q8WWR8,Q8WWR8-1,NEUR4,CHEMBL4174,1,2752
Q8WWR8,Q8WWR8-2,NEUR4,CHEMBL4174,2,2753
Q8WWR8,Q8WWR8-3,NEUR4,CHEMBL4174,3,2754
Q8WXR4,Q8WXR4-1,MYO3B,CHEMBL5654,1,2704
Q8WXR4,Q8WXR4-1,MYO3B,CHEMBL5654,myo3b.2,2705
Q8WXR4,Q8WXR4-2,MYO3B,CHEMBL5654,2,2706
Q8WXR4,Q8WXR4-2,MYO3B,CHEMBL5654,myo3b.0,2707
Q8WXR4,Q8WXR4-3,MYO3B,CHEMBL5654,3,2708
Q8WXR4,Q8WXR4-3,MYO3B,CHEMBL5654,myo3b.1,2709
Q8WXR4,Q8WXR4-4,MYO3B,CHEMBL5654,4,2710
Q8WXR4,Q8WXR4-4,MYO3B,CHEMBL5654,myo3b.3,2711
Q8WXR4,Q8WXR4-5,MYO3B,CHEMBL5654,5,2712
Q8WXR4,Q8WXR4-5,MYO3B,CHEMBL5654,myo3b.4,2713
Q8WXR4,Q8WXR4-6,MYO3B,CHEMBL5654,6,2714
Q8WXR4,Q8WXR4-6,MYO3B,CHEMBL5654,myo3b.5,2715
Q8WXR4,Q8WXR4-7,MYO3B,CHEMBL5654,7,2716
Q8WZA2,Q8WZA2-1,RPGF4,CHEMBL2029198,1,3805
Q8WZA2,Q8WZA2-2,RPGF4,CHEMBL2029198,2,3806
Q8WZA2,Q8WZA2-3,RPGF4,CHEMBL2029198,3,3807
Q8WZA2,Q8WZA2-4,RPGF4,CHEMBL2029198,4,3808
Q8WZA2,Q8WZA2-5,RPGF4,CHEMBL2029198,5,3809
Q92608,Q92608-1,DOCK2,CHEMBL4105810,1,1032
Q92608,Q92608-2,DOCK2,CHEMBL4105810,2,1033
Q92630,Q92630-1,DYRK2,CHEMBL4376,1,1096
Q92630,Q92630-2,DYRK2,CHEMBL4376,2,1097
Q92633,Q92633-1,LPAR1,CHEMBL3819,1,2318
Q92633,Q92633-2,LPAR1,CHEMBL3819,2,2319
Q92731,Q92731-1,ESR2,CHEMBL242,1,1284
Q92731,Q92731-1,ESR2,CHEMBL242,beta-1,1285
Q92731,Q92731-2,ESR2,CHEMBL242,2,1286
Q92731,Q92731-2,ESR2,CHEMBL242,beta-2,1287
Q92731,Q92731-2,ESR2,CHEMBL242,cx,1288
Q92731,Q92731-3,ESR2,CHEMBL242,3,1289
Q92731,Q92731-3,ESR2,CHEMBL242,beta-2a,1290
Q92731,Q92731-4,ESR2,CHEMBL242,4,1291
Q92731,Q92731-4,ESR2,CHEMBL242,beta-3,1292
Q92731,Q92731-5,ESR2,CHEMBL242,5,1293
Q92731,Q92731-5,ESR2,CHEMBL242,beta-4,1294
Q92731,Q92731-6,ESR2,CHEMBL242,6,1295
Q92731,Q92731-6,ESR2,CHEMBL242,beta-5,1296
Q92731,Q92731-7,ESR2,CHEMBL242,7,1297
Q92731,Q92731-7,ESR2,CHEMBL242,beta-5a,1298
Q92731,Q92731-8,ESR2,CHEMBL242,8,1299
Q92731,Q92731-8,ESR2,CHEMBL242,beta-6,1300
Q92731,Q92731-9,ESR2,CHEMBL242,9,1301
Q92753,Q92753-1,RORB,CHEMBL3091268,1,3797
Q92753,Q92753-2,RORB,CHEMBL3091268,2,3798
Q92769,Q92769-1,HDAC2,CHEMBL1937,1,1732
Q92769,Q92769-3,HDAC2,CHEMBL1937,2,1733
Q92793,Q92793-1,CBP,CHEMBL5747,1,744
Q92793,Q92793-2,CBP,CHEMBL5747,2,745
Q92830,Q92830-1,KAT2A,CHEMBL5501,1,1945
Q92830,Q92830-1,KAT2A,CHEMBL5501,gcn5-l,1946
Q92830,Q92830-2,KAT2A,CHEMBL5501,2,1947
Q92830,Q92830-2,KAT2A,CHEMBL5501,gcn5-s,1948
Q92843,Q92843-1,B2CL2,CHEMBL4677,1,372
Q92843,Q92843-2,B2CL2,CHEMBL4677,3,373
Q92843,Q92843-2,B2CL2,CHEMBL4677,bcl2l2-pabpn1,374
Q92847,Q92847-1,GHSR,CHEMBL4616,1a,1548
Q92847,Q92847-2,GHSR,CHEMBL4616,1b,1549
Q92993,Q92993-1,KAT5,CHEMBL5750,2,1952
Q92993,Q92993-2,KAT5,CHEMBL5750,1,1953
Q92993,Q92993-2,KAT5,CHEMBL5750,plip,1954
Q92993,Q92993-3,KAT5,CHEMBL5750,3,1955
Q92993,Q92993-4,KAT5,CHEMBL5750,4,1956
Q93008,Q93008-1,USP9X,CHEMBL2406899,1,4392
Q93008,Q93008-1,USP9X,CHEMBL2406899,short,4393
Q93008,Q93008-3,USP9X,CHEMBL2406899,2,4394
Q93008,Q93008-3,USP9X,CHEMBL2406899,long,4395
Q93009,Q93009-1,UBP7,CHEMBL2157850,1,4374
Q93009,Q93009-2,UBP7,CHEMBL2157850,2,4375
Q93009,Q93009-2,UBP7,CHEMBL2157850,usp7 beta,4376
Q93009,Q93009-3,UBP7,CHEMBL2157850,3,4377
Q969S8,Q969S8-1,HDA10,CHEMBL5103,1,1720
Q969S8,Q969S8-1,HDA10,CHEMBL5103,alpha,1721
Q969S8,Q969S8-1,HDA10,CHEMBL5103,hdac10b,1722
Q969S8,Q969S8-1,HDA10,CHEMBL5103,hdac10v1,1723
Q969S8,Q969S8-2,HDA10,CHEMBL5103,2,1724
Q969S8,Q969S8-2,HDA10,CHEMBL5103,beta,1725
Q969S8,Q969S8-4,HDA10,CHEMBL5103,4,1726
Q969S8,Q969S8-4,HDA10,CHEMBL5103,a,1727
Q969S8,Q969S8-4,HDA10,CHEMBL5103,hdac10v2,1728
Q969S8,Q969S8-5,HDA10,CHEMBL5103,5,1729
Q96BR1,Q96BR1-1,SGK3,CHEMBL6186,1,3973
Q96BR1,Q96BR1-2,SGK3,CHEMBL6186,2,3974
Q96D31,Q96D31-1,ORAI1,CHEMBL2384891,alpha,3076
Q96D31,Q96D31-2,ORAI1,CHEMBL2384891,beta,3077
Q96DB2,Q96DB2-1,HDA11,CHEMBL3310,1,1730
Q96DB2,Q96DB2-2,HDA11,CHEMBL3310,2,1731
Q96EB6,Q96EB6-1,SIR1,CHEMBL4506,1,3991
Q96EB6,Q96EB6-2,SIR1,CHEMBL4506,2,3992
Q96EB6,Q96EB6-2,SIR1,CHEMBL4506,delta-exon8,3993
Q96FL8,Q96FL8-1,S47A1,CHEMBL1743126,1,3844
Q96FL8,Q96FL8-2,S47A1,CHEMBL1743126,2,3845
Q96FL8,Q96FL8-3,S47A1,CHEMBL1743126,3,3846
Q96GD4,Q96GD4-1,AURKB,CHEMBL2185,1,356
Q96GD4,Q96GD4-2,AURKB,CHEMBL2185,2,357
Q96GD4,Q96GD4-2,AURKB,CHEMBL2185,aurkb-sv1,358
Q96GD4,Q96GD4-3,AURKB,CHEMBL2185,3,359
Q96GD4,Q96GD4-3,AURKB,CHEMBL2185,aurkb-sv2,360
Q96GD4,Q96GD4-4,AURKB,CHEMBL2185,4,361
Q96GD4,Q96GD4-5,AURKB,CHEMBL2185,5,362
Q96IY4,Q96IY4-1,CBPB2,CHEMBL3419,1,746
Q96IY4,Q96IY4-2,CBPB2,CHEMBL3419,2,747
Q96JM7,Q96JM7-1,LMBL3,CHEMBL1287623,1,2301
Q96JM7,Q96JM7-2,LMBL3,CHEMBL1287623,2,2302
Q96KB5,Q96KB5-1,TOPK,CHEMBL4896,1,4256
Q96KB5,Q96KB5-2,TOPK,CHEMBL4896,2,4257
Q96KQ7,Q96KQ7-1,EHMT2,CHEMBL6032,1,1155
Q96KQ7,Q96KQ7-2,EHMT2,CHEMBL6032,2,1156
Q96KQ7,Q96KQ7-2,EHMT2,CHEMBL6032,ng36g9a-spi,1157
Q96KQ7,Q96KQ7-3,EHMT2,CHEMBL6032,3,1158
Q96KQ7,Q96KQ7-3,EHMT2,CHEMBL6032,ng36,1159
Q96KS0,Q96KS0-1,EGLN2,CHEMBL3028,p43,1147
Q96KS0,Q96KS0-1,EGLN2,CHEMBL3028,phd1p43,1148
Q96KS0,Q96KS0-2,EGLN2,CHEMBL3028,p40,1149
Q96KS0,Q96KS0-2,EGLN2,CHEMBL3028,phd1p40,1150
Q96L34,Q96L34-1,MARK4,CHEMBL5754,1,2427
Q96L34,Q96L34-1,MARK4,CHEMBL5754,mark4l,2428
Q96L34,Q96L34-2,MARK4,CHEMBL5754,2,2429
Q96L34,Q96L34-2,MARK4,CHEMBL5754,markl1s,2430
Q96L34,Q96L34-2,MARK4,CHEMBL5754,mark4s,2431
Q96LA8,Q96LA8-1,ANM6,CHEMBL1275221,1,271
Q96LA8,Q96LA8-2,ANM6,CHEMBL1275221,2,272
Q96NT5,Q96NT5-1,PCFT,CHEMBL1795188,1,3195
Q96NT5,Q96NT5-2,PCFT,CHEMBL1795188,2,3196
Q96NX5,Q96NX5-1,KCC1G,CHEMBL5258,1,1986
Q96NX5,Q96NX5-2,KCC1G,CHEMBL5258,2,1987
Q96P20,Q96P20-1,NLRP3,CHEMBL1741208,2,2775
Q96P20,Q96P20-2,NLRP3,CHEMBL1741208,1,2776
Q96P20,Q96P20-3,NLRP3,CHEMBL1741208,3,2777
Q96P20,Q96P20-4,NLRP3,CHEMBL1741208,4,2778
Q96P20,Q96P20-5,NLRP3,CHEMBL1741208,5,2779
Q96P20,Q96P20-6,NLRP3,CHEMBL1741208,6,2780
Q96PD7,Q96PD7-1,DGAT2,CHEMBL5853,1,979
Q96PD7,Q96PD7-2,DGAT2,CHEMBL5853,2,980
Q96PY6,Q96PY6-1,NEK1,CHEMBL5855,1,2725
Q96PY6,Q96PY6-2,NEK1,CHEMBL5855,2,2726
Q96PY6,Q96PY6-3,NEK1,CHEMBL5855,3,2727
Q96PY6,Q96PY6-4,NEK1,CHEMBL5855,4,2728
Q96PY6,Q96PY6-5,NEK1,CHEMBL5855,5,2729
Q96PY6,Q96PY6-6,NEK1,CHEMBL5855,6,2730
Q96Q89,Q96Q89-1,KI20B,CHEMBL2021752,1,2128
Q96Q89,Q96Q89-2,KI20B,CHEMBL2021752,2,2129
Q96Q89,Q96Q89-3,KI20B,CHEMBL2021752,3,2130
Q96Q89,Q96Q89-4,KI20B,CHEMBL2021752,4,2131
Q96Q89,Q96Q89-5,KI20B,CHEMBL2021752,5,2132
Q96RG2,Q96RG2-1,PASK,CHEMBL6054,1,3192
Q96RG2,Q96RG2-2,PASK,CHEMBL6054,2,3193
Q96RG2,Q96RG2-4,PASK,CHEMBL6054,3,3194
Q96RI1,Q96RI1-1,NR1H4,CHEMBL2047,3,2878
Q96RI1,Q96RI1-1,NR1H4,CHEMBL2047,fxralpha1(+),2879
Q96RI1,Q96RI1-1,NR1H4,CHEMBL2047,fxralpha1,2880
Q96RI1,Q96RI1-2,NR1H4,CHEMBL2047,4,2881
Q96RI1,Q96RI1-2,NR1H4,CHEMBL2047,fxralpha1(-),2882
Q96RI1,Q96RI1-2,NR1H4,CHEMBL2047,fxralpha2,2883
Q96RI1,Q96RI1-3,NR1H4,CHEMBL2047,1,2884
Q96RI1,Q96RI1-3,NR1H4,CHEMBL2047,fxralpha2(+),2885
Q96RI1,Q96RI1-3,NR1H4,CHEMBL2047,fxralpha1,2886
Q96RI1,Q96RI1-3,NR1H4,CHEMBL2047,fxrbeta1,2887
Q96RI1,Q96RI1-4,NR1H4,CHEMBL2047,2,2888
Q96RI1,Q96RI1-4,NR1H4,CHEMBL2047,fxralpha2(-),2889
Q96RI1,Q96RI1-4,NR1H4,CHEMBL2047,fxralpha4,2890
Q96RI1,Q96RI1-4,NR1H4,CHEMBL2047,fxrbeta2,2891
Q96RI1,Q96RI1-5,NR1H4,CHEMBL2047,5,2892
Q96RI1,Q96RI1-1,NR1H4,CHEMBL2047,fxralpha1+,4487
Q96RI1,Q96RI1-2,NR1H4,CHEMBL2047,fxralpha1-,4488
Q96RI1,Q96RI1-3,NR1H4,CHEMBL2047,fxralpha2+,4489
Q96RI1,Q96RI1-4,NR1H4,CHEMBL2047,fxralpha2-,4490
Q96RR4,Q96RR4-1,KKCC2,CHEMBL5284,1,2159
Q96RR4,Q96RR4-1,KKCC2,CHEMBL5284,beta1,2160
Q96RR4,Q96RR4-1,KKCC2,CHEMBL5284,camkk2+e16,2161
Q96RR4,Q96RR4-2,KKCC2,CHEMBL5284,2,2162
Q96RR4,Q96RR4-2,KKCC2,CHEMBL5284,beta2,2163
Q96RR4,Q96RR4-3,KKCC2,CHEMBL5284,3,2164
Q96RR4,Q96RR4-3,KKCC2,CHEMBL5284,beta1delta16,2165
Q96RR4,Q96RR4-3,KKCC2,CHEMBL5284,camkk2-e16,2166
Q96RR4,Q96RR4-4,KKCC2,CHEMBL5284,4,2167
Q96RR4,Q96RR4-4,KKCC2,CHEMBL5284,beta1delta14,2168
Q96RR4,Q96RR4-5,KKCC2,CHEMBL5284,5,2169
Q96RR4,Q96RR4-5,KKCC2,CHEMBL5284,beta1delta14/16,2170
Q96RR4,Q96RR4-5,KKCC2,CHEMBL5284,beta-3x,2171
Q96RR4,Q96RR4-6,KKCC2,CHEMBL5284,6,2172
Q96RR4,Q96RR4-6,KKCC2,CHEMBL5284,beta2delta14,2173
Q96RR4,Q96RR4-7,KKCC2,CHEMBL5284,7,2174
Q96S37,Q96S37-1,S22AC,CHEMBL6120,1,3836
Q96S37,Q96S37-2,S22AC,CHEMBL6120,2,3837
Q96S37,Q96S37-3,S22AC,CHEMBL6120,3,3838
Q96S37,Q96S37-4,S22AC,CHEMBL6120,4,3839
Q96SB4,Q96SB4-2,SRPK1,CHEMBL4375,2,4047
Q96SB4,Q96SB4-3,SRPK1,CHEMBL4375,1,4048
Q96SB4,Q96SB4-3,SRPK1,CHEMBL4375,1a,4049
Q96SB4,Q96SB4-4,SRPK1,CHEMBL4375,3,4050
Q99250,Q99250-1,SCN2A,CHEMBL4187,1,3879
Q99250,Q99250-1,SCN2A,CHEMBL4187,adult,3880
Q99250,Q99250-1,SCN2A,CHEMBL4187,6a,3881
Q99250,Q99250-2,SCN2A,CHEMBL4187,2,3882
Q99250,Q99250-2,SCN2A,CHEMBL4187,neonatal,3883
Q99250,Q99250-2,SCN2A,CHEMBL4187,6n,3884
Q99536,Q99536-1,VAT1,CHEMBL4802015,1,4400
Q99536,Q99536-2,VAT1,CHEMBL4802015,2,4401
Q99536,Q99536-3,VAT1,CHEMBL4802015,3,4402
Q99571,Q99571-1,P2RX4,CHEMBL2104,1,3088
Q99571,Q99571-2,P2RX4,CHEMBL2104,2,3089
Q99571,Q99571-3,P2RX4,CHEMBL2104,3,3090
Q99572,Q99572-1,P2RX7,CHEMBL4805,a,3094
Q99572,Q99572-2,P2RX7,CHEMBL4805,b,3095
Q99572,Q99572-2,P2RX7,CHEMBL4805,delta-c,3096
Q99572,Q99572-2,P2RX7,CHEMBL4805,cytoplasmic tail deleted,3097
Q99572,Q99572-3,P2RX7,CHEMBL4805,c,3098
Q99572,Q99572-4,P2RX7,CHEMBL4805,d,3099
Q99572,Q99572-5,P2RX7,CHEMBL4805,e,3100
Q99572,Q99572-6,P2RX7,CHEMBL4805,f,3101
Q99572,Q99572-7,P2RX7,CHEMBL4805,g,3102
Q99572,Q99572-8,P2RX7,CHEMBL4805,h,3103
Q99572,Q99572-8,P2RX7,CHEMBL4805,delta-tm1,3104
Q99572,Q99572-9,P2RX7,CHEMBL4805,j,3105
Q99572,Q99572-9,P2RX7,CHEMBL4805,isoform p,3106
Q99640,Q99640-1,PMYT1,CHEMBL3984,1,3533
Q99640,Q99640-2,PMYT1,CHEMBL3984,2,3534
Q99640,Q99640-3,PMYT1,CHEMBL3984,3,3535
Q99640,Q99640-4,PMYT1,CHEMBL3984,4,3536
Q99683,Q99683-1,M3K5,CHEMBL5285,1,2357
Q99683,Q99683-2,M3K5,CHEMBL5285,2,2358
Q99685,Q99685-1,MGLL,CHEMBL4191,1,2498
Q99685,Q99685-2,MGLL,CHEMBL4191,2,2499
Q99720,Q99720-1,SGMR1,CHEMBL287,1,3975
Q99720,Q99720-2,SGMR1,CHEMBL287,2,3976
Q99720,Q99720-3,SGMR1,CHEMBL287,3,3977
Q99720,Q99720-3,SGMR1,CHEMBL287,sigma-r1a,3978
Q99720,Q99720-4,SGMR1,CHEMBL287,4,3979
Q99720,Q99720-5,SGMR1,CHEMBL287,5,3980
Q99759,Q99759-1,M3K3,CHEMBL5970,1,2355
Q99759,Q99759-2,M3K3,CHEMBL5970,2,2356
Q99808,Q99808-1,S29A1,CHEMBL1997,1,3842
Q99808,Q99808-2,S29A1,CHEMBL1997,2,3843
Q99873,Q99873-1,ANM1,CHEMBL5524,1,257
Q99873,Q99873-1,ANM1,CHEMBL5524,v2,258
Q99873,Q99873-2,ANM1,CHEMBL5524,2,259
Q99873,Q99873-2,ANM1,CHEMBL5524,v3,260
Q99873,Q99873-3,ANM1,CHEMBL5524,3,261
Q99873,Q99873-3,ANM1,CHEMBL5524,v1,262
Q99873,Q99873-5,ANM1,CHEMBL5524,4,263
Q9BUB5,Q9BUB5-1,MKNK1,CHEMBL4718,1,2562
Q9BUB5,Q9BUB5-2,MKNK1,CHEMBL4718,2,2563
Q9BUB5,Q9BUB5-2,MKNK1,CHEMBL4718,mnk1a,2564
Q9BUB5,Q9BUB5-3,MKNK1,CHEMBL4718,3,2565
Q9BUB5,Q9BUB5-3,MKNK1,CHEMBL4718,mnk1b,2566
Q9BXF3,Q9BXF3-1,CECR2,CHEMBL3108639,a,787
Q9BXF3,Q9BXF3-2,CECR2,CHEMBL3108639,b,788
Q9BXF3,Q9BXF3-2,CECR2,CHEMBL3108639,cecr2b,789
Q9BXF3,Q9BXF3-3,CECR2,CHEMBL3108639,c,790
Q9BY41,Q9BY41-1,HDAC8,CHEMBL3192,1,1757
Q9BY41,Q9BY41-4,HDAC8,CHEMBL3192,4,1758
Q9BY41,Q9BY41-5,HDAC8,CHEMBL3192,5,1759
Q9BY41,Q9BY41-6,HDAC8,CHEMBL3192,6,1760
Q9BY41,Q9BY41-7,HDAC8,CHEMBL3192,7,1761
Q9BY41,Q9BY41-8,HDAC8,CHEMBL3192,8,1762
Q9BYF1,Q9BYF1-1,ACE2,CHEMBL3736,1,143
Q9BYF1,Q9BYF1-1,ACE2,CHEMBL3736,long,144
Q9BYF1,Q9BYF1-3,ACE2,CHEMBL3736,2,145
Q9BYF1,Q9BYF1-3,ACE2,CHEMBL3736,delta,146
Q9BYF1,Q9BYF1-3,ACE2,CHEMBL3736,dace2,147
Q9BYF1,Q9BYF1-3,ACE2,CHEMBL3736,short,148
Q9BYT3,Q9BYT3-1,STK33,CHEMBL6005,1,4090
Q9BYT3,Q9BYT3-2,STK33,CHEMBL6005,2,4091
Q9BZL6,Q9BZL6-1,KPCD2,CHEMBL4900,1,2204
Q9BZL6,Q9BZL6-2,KPCD2,CHEMBL4900,2,2205
Q9BZL6,Q9BZL6-3,KPCD2,CHEMBL4900,3,2206
Q9BZP6,Q9BZP6-1,CHIA,CHEMBL1293197,1,803
Q9BZP6,Q9BZP6-2,CHIA,CHEMBL1293197,2,804
Q9BZP6,Q9BZP6-2,CHIA,CHEMBL1293197,tsa1902-l,805
Q9BZP6,Q9BZP6-3,CHIA,CHEMBL1293197,3,806
Q9BZP6,Q9BZP6-3,CHIA,CHEMBL1293197,tsa1902-s,807
Q9BZX2,Q9BZX2-1,UCK2,CHEMBL2469,1,4378
Q9BZX2,Q9BZX2-2,UCK2,CHEMBL2469,2,4379
Q9D7Q1,Q9D7Q1-1,CHIT1,CHEMBL4105845,1,812
Q9D7Q1,Q9D7Q1-2,CHIT1,CHEMBL4105845,2,813
Q9DC28,Q9DC28-1,KC1D,CHEMBL5175,1,1966
Q9DC28,Q9DC28-2,KC1D,CHEMBL5175,2,1967
Q9EQZ6,Q9EQZ6-1,RPGF4,CHEMBL3593151,1,3810
Q9EQZ6,Q9EQZ6-2,RPGF4,CHEMBL3593151,2,3811
Q9EQZ6,Q9EQZ6-3,RPGF4,CHEMBL3593151,3,3812
Q9ESU6,Q9ESU6-1,BRD4,CHEMBL3085619,1,456
Q9ESU6,Q9ESU6-1,BRD4,CHEMBL3085619,long,457
Q9ESU6,Q9ESU6-2,BRD4,CHEMBL3085619,2,458
Q9ESU6,Q9ESU6-2,BRD4,CHEMBL3085619,short,459
Q9GZT9,Q9GZT9-1,EGLN1,CHEMBL5697,1,1144
Q9GZT9,Q9GZT9-2,EGLN1,CHEMBL5697,2,1145
Q9GZT9,Q9GZT9-3,EGLN1,CHEMBL5697,3,1146
Q9H228,Q9H228-1,S1PR5,CHEMBL2274,1,3832
Q9H228,Q9H228-2,S1PR5,CHEMBL2274,2,3833
Q9H237,Q9H237-1,PORCN,CHEMBL1255163,1,3545
Q9H237,Q9H237-1,PORCN,CHEMBL1255163,d,3546
Q9H237,Q9H237-2,PORCN,CHEMBL1255163,2,3547
Q9H237,Q9H237-2,PORCN,CHEMBL1255163,b,3548
Q9H237,Q9H237-3,PORCN,CHEMBL1255163,3,3549
Q9H237,Q9H237-3,PORCN,CHEMBL1255163,c,3550
Q9H237,Q9H237-4,PORCN,CHEMBL1255163,4,3551
Q9H237,Q9H237-4,PORCN,CHEMBL1255163,a,3552
Q9H237,Q9H237-5,PORCN,CHEMBL1255163,5,3553
Q9H2G2,Q9H2G2-1,SLK,CHEMBL4202,1,4009
Q9H2G2,Q9H2G2-2,SLK,CHEMBL4202,2,4010
Q9H2X6,Q9H2X6-1,HIPK2,CHEMBL4576,1,1797
Q9H2X6,Q9H2X6-2,HIPK2,CHEMBL4576,2,1798
Q9H2X6,Q9H2X6-3,HIPK2,CHEMBL4576,3,1799
Q9H2X9,Q9H2X9-1,S12A5,CHEMBL1615384,1,3821
Q9H2X9,Q9H2X9-1,S12A5,CHEMBL1615384,kcc2a,3822
Q9H2X9,Q9H2X9-2,S12A5,CHEMBL1615384,2,3823
Q9H2X9,Q9H2X9-2,S12A5,CHEMBL1615384,kcc2b,3824
Q9H3N8,Q9H3N8-1,HRH4,CHEMBL3759,1,1839
Q9H3N8,Q9H3N8-2,HRH4,CHEMBL3759,2,1840
Q9H3R0,Q9H3R0-1,KDM4C,CHEMBL6175,1,2090
Q9H3R0,Q9H3R0-2,KDM4C,CHEMBL6175,2,2091
Q9H3R0,Q9H3R0-3,KDM4C,CHEMBL6175,3,2092
Q9H3R0,Q9H3R0-4,KDM4C,CHEMBL6175,4,2093
Q9H422,Q9H422-1,HIPK3,CHEMBL4577,1,1800
Q9H422,Q9H422-1,HIPK3,CHEMBL4577,hipk3,1801
Q9H422,Q9H422-2,HIPK3,CHEMBL4577,2,1802
Q9H422,Q9H422-2,HIPK3,CHEMBL4577,fist,1803
Q9H4A3,Q9H4A3-1,WNK1,CHEMBL1075173,1,4439
Q9H4A3,Q9H4A3-1,WNK1,CHEMBL1075173,l-wnk1,4440
Q9H4A3,Q9H4A3-2,WNK1,CHEMBL1075173,2,4441
Q9H4A3,Q9H4A3-4,WNK1,CHEMBL1075173,3,4442
Q9H4A3,Q9H4A3-4,WNK1,CHEMBL1075173,ks-wnk1,4443
Q9H4A3,Q9H4A3-4,WNK1,CHEMBL1075173,kidney-specific,4444
Q9H4A3,Q9H4A3-5,WNK1,CHEMBL1075173,4,4445
Q9H4A3,Q9H4A3-5,WNK1,CHEMBL1075173,brain and spinal cord variant,4446
Q9H4A3,Q9H4A3-6,WNK1,CHEMBL1075173,5,4447
Q9H4A3,Q9H4A3-6,WNK1,CHEMBL1075173,dorsal root ganglia and sciatic nerve variant,4448
Q9H4A3,Q9H4A3-6,WNK1,CHEMBL1075173,drg and sciatic nerve variant,4449
Q9H4A3,Q9H4A3-7,WNK1,CHEMBL1075173,6,4450
Q9H5I1,Q9H5I1-1,SUV92,CHEMBL1795177,3,4099
Q9H5I1,Q9H5I1-2,SUV92,CHEMBL1795177,1,4100
Q9H5I1,Q9H5I1-3,SUV92,CHEMBL1795177,2,4101
Q9H7B4,Q9H7B4-1,SMYD3,CHEMBL2321643,1,4017
Q9H7B4,Q9H7B4-2,SMYD3,CHEMBL2321643,2,4018
Q9H7B4,Q9H7B4-3,SMYD3,CHEMBL2321643,3,4019
Q9H7Z6,Q9H7Z6-1,KAT8,CHEMBL1932912,1,1957
Q9H7Z6,Q9H7Z6-2,KAT8,CHEMBL1932912,2,1958
Q9H8M2,Q9H8M2-1,BRD9,CHEMBL3108640,5,462
Q9H8M2,Q9H8M2-2,BRD9,CHEMBL3108640,2,463
Q9H8M2,Q9H8M2-3,BRD9,CHEMBL3108640,3,464
Q9H8M2,Q9H8M2-4,BRD9,CHEMBL3108640,4,465
Q9H8M2,Q9H8M2-5,BRD9,CHEMBL3108640,1,466
Q9H8M2,Q9H8M2-6,BRD9,CHEMBL3108640,6,467
Q9H9B1,Q9H9B1-1,EHMT1,CHEMBL6031,1,1151
Q9H9B1,Q9H9B1-2,EHMT1,CHEMBL6031,2,1152
Q9H9B1,Q9H9B1-3,EHMT1,CHEMBL6031,3,1153
Q9H9B1,Q9H9B1-4,EHMT1,CHEMBL6031,4,1154
Q9HBA0,Q9HBA0-1,TRPV4,CHEMBL3119,1,4313
Q9HBA0,Q9HBA0-1,TRPV4,CHEMBL3119,a,4314
Q9HBA0,Q9HBA0-2,TRPV4,CHEMBL3119,2,4315
Q9HBA0,Q9HBA0-2,TRPV4,CHEMBL3119,b,4316
Q9HBA0,Q9HBA0-2,TRPV4,CHEMBL3119,otrpc4beta,4317
Q9HBA0,Q9HBA0-3,TRPV4,CHEMBL3119,3,4318
Q9HBA0,Q9HBA0-3,TRPV4,CHEMBL3119,trpv-sv,4319
Q9HBA0,Q9HBA0-4,TRPV4,CHEMBL3119,4,4320
Q9HBA0,Q9HBA0-4,TRPV4,CHEMBL3119,c,4321
Q9HBA0,Q9HBA0-5,TRPV4,CHEMBL3119,5,4322
Q9HBA0,Q9HBA0-5,TRPV4,CHEMBL3119,d,4323
Q9HBA0,Q9HBA0-6,TRPV4,CHEMBL3119,6,4324
Q9HBA0,Q9HBA0-6,TRPV4,CHEMBL3119,e,4325
Q9HBH9,Q9HBH9-1,MKNK2,CHEMBL4204,1,2567
Q9HBH9,Q9HBH9-1,MKNK2,CHEMBL4204,2a,2568
Q9HBH9,Q9HBH9-2,MKNK2,CHEMBL4204,2,2569
Q9HBH9,Q9HBH9-2,MKNK2,CHEMBL4204,2b,2570
Q9HBH9,Q9HBH9-3,MKNK2,CHEMBL4204,3,2571
Q9HBH9,Q9HBH9-4,MKNK2,CHEMBL4204,4,2572
Q9HBH9,Q9HBH9-5,MKNK2,CHEMBL4204,5,2573
Q9HBY8,Q9HBY8-1,SGK2,CHEMBL5794,2,3968
Q9HBY8,Q9HBY8-1,SGK2,CHEMBL5794,beta,3969
Q9HBY8,Q9HBY8-2,SGK2,CHEMBL5794,1,3970
Q9HBY8,Q9HBY8-2,SGK2,CHEMBL5794,alpha,3971
Q9HBY8,Q9HBY8-3,SGK2,CHEMBL5794,3,3972
Q9HC16,Q9HC16-1,ABC3G,CHEMBL1741217,1,77
Q9HC16,Q9HC16-3,ABC3G,CHEMBL1741217,3,78
Q9HC29,Q9HC29-1,NOD2,CHEMBL1293266,1,2814
Q9HC29,Q9HC29-1,NOD2,CHEMBL1293266,nod2,2815
Q9HC29,Q9HC29-1,NOD2,CHEMBL1293266,nod2l,2816
Q9HC29,Q9HC29-2,NOD2,CHEMBL1293266,2,2817
Q9HC29,Q9HC29-2,NOD2,CHEMBL1293266,nod2b,2818
Q9HC29,Q9HC29-2,NOD2,CHEMBL1293266,nod2s,2819
Q9HC29,Q9HC29-3,NOD2,CHEMBL1293266,3,2820
Q9HC29,Q9HC29-3,NOD2,CHEMBL1293266,nod2-c2,2821
Q9HC62,Q9HC62-1,SENP2,CHEMBL2176776,1,3945
Q9HC62,Q9HC62-2,SENP2,CHEMBL2176776,2,3946
Q9HC97,Q9HC97-1,GPR35,CHEMBL1293267,1,1574
Q9HC97,Q9HC97-2,GPR35,CHEMBL1293267,2,1575
Q9HCG7,Q9HCG7-1,GBA2,CHEMBL3761,1,1508
Q9HCG7,Q9HCG7-2,GBA2,CHEMBL3761,2,1509
Q9HCG7,Q9HCG7-3,GBA2,CHEMBL3761,3,1510
Q9HCN6,Q9HCN6-1,GPVI,CHEMBL3308912,1,1576
Q9HCN6,Q9HCN6-1,GPVI,CHEMBL3308912,vi-1,1577
Q9HCN6,Q9HCN6-2,GPVI,CHEMBL3308912,2,1578
Q9HCN6,Q9HCN6-2,GPVI,CHEMBL3308912,vi-2,1579
Q9HCN6,Q9HCN6-3,GPVI,CHEMBL3308912,3,1580
Q9HCN6,Q9HCN6-3,GPVI,CHEMBL3308912,vi-3,1581
Q9HCP0,Q9HCP0-1,KC1G1,CHEMBL2426,1l,1968
Q9HCP0,Q9HCP0-2,KC1G1,CHEMBL2426,1s,1969
Q9HCR9,Q9HCR9-1,PDE11,CHEMBL2717,1,3245
Q9HCR9,Q9HCR9-1,PDE11,CHEMBL2717,pde11a4,3246
Q9HCR9,Q9HCR9-1,PDE11,CHEMBL2717,11a4,3247
Q9HCR9,Q9HCR9-2,PDE11,CHEMBL2717,2,3248
Q9HCR9,Q9HCR9-2,PDE11,CHEMBL2717,pde11a3,3249
Q9HCR9,Q9HCR9-2,PDE11,CHEMBL2717,11a3,3250
Q9HCR9,Q9HCR9-3,PDE11,CHEMBL2717,3,3251
Q9HCR9,Q9HCR9-3,PDE11,CHEMBL2717,pde11a2,3252
Q9HCR9,Q9HCR9-3,PDE11,CHEMBL2717,11a2,3253
Q9HCR9,Q9HCR9-4,PDE11,CHEMBL2717,4,3254
Q9HCR9,Q9HCR9-4,PDE11,CHEMBL2717,pde11a1,3255
Q9HCR9,Q9HCR9-4,PDE11,CHEMBL2717,11a1,3256
Q9JI35,Q9JI35-1,HRH3,CHEMBL5076,long,1821
Q9JI35,Q9JI35-1,HRH3,CHEMBL5076,h3l,1822
Q9JI35,Q9JI35-2,HRH3,CHEMBL5076,short,1823
Q9JI35,Q9JI35-2,HRH3,CHEMBL5076,h3s,1824
Q9JJJ7,Q9JJJ7-1,PORCN,CHEMBL1255164,1,3554
Q9JJJ7,Q9JJJ7-1,PORCN,CHEMBL1255164,d,3555
Q9JJJ7,Q9JJJ7-2,PORCN,CHEMBL1255164,2,3556
Q9JJJ7,Q9JJJ7-2,PORCN,CHEMBL1255164,b,3557
Q9JJJ7,Q9JJJ7-3,PORCN,CHEMBL1255164,3,3558
Q9JJJ7,Q9JJJ7-3,PORCN,CHEMBL1255164,c,3559
Q9JJJ7,Q9JJJ7-4,PORCN,CHEMBL1255164,4,3560
Q9JJJ7,Q9JJJ7-4,PORCN,CHEMBL1255164,a,3561
Q9JJJ7,Q9JJJ7-5,PORCN,CHEMBL1255164,5,3562
Q9JLS3,Q9JLS3-1,TAOK2,CHEMBL4523465,1,4134
Q9JLS3,Q9JLS3-1,TAOK2,CHEMBL4523465,tao2-alpha,4135
Q9JLS3,Q9JLS3-2,TAOK2,CHEMBL4523465,2,4136
Q9JLS3,Q9JLS3-2,TAOK2,CHEMBL4523465,tao2-beta,4137
Q9NPI1,Q9NPI1-1,BRD7,CHEMBL3085622,1,460
Q9NPI1,Q9NPI1-2,BRD7,CHEMBL3085622,2,461
Q9NQR1,Q9NQR1-1,KMT5A,CHEMBL1795176,1,2191
Q9NQR1,Q9NQR1-2,KMT5A,CHEMBL1795176,2,2192
Q9NQU5,Q9NQU5-1,PAK6,CHEMBL4311,1,3155
Q9NQU5,Q9NQU5-2,PAK6,CHEMBL4311,2,3156
Q9NR20,Q9NR20-1,DYRK4,CHEMBL1075115,1,1102
Q9NR20,Q9NR20-2,DYRK4,CHEMBL1075115,2,1103
Q9NR20,Q9NR20-3,DYRK4,CHEMBL1075115,3,1104
Q9NR20,Q9NR20-4,DYRK4,CHEMBL1075115,4,1105
Q9NR20,Q9NR20-4,DYRK4,CHEMBL1075115,dyrk4-l,1106
Q9NR20,Q9NR20-5,DYRK4,CHEMBL1075115,5,1107
Q9NR22,Q9NR22-1,ANM8,CHEMBL3108648,1,273
Q9NR22,Q9NR22-2,ANM8,CHEMBL3108648,2,274
Q9NR96,Q9NR96-1,TLR9,CHEMBL5804,1,4223
Q9NR96,Q9NR96-1,TLR9,CHEMBL5804,a,4224
Q9NR96,Q9NR96-2,TLR9,CHEMBL5804,2,4225
Q9NR96,Q9NR96-2,TLR9,CHEMBL5804,b,4226
Q9NR96,Q9NR96-3,TLR9,CHEMBL5804,3,4227
Q9NR96,Q9NR96-4,TLR9,CHEMBL5804,4,4228
Q9NR96,Q9NR96-5,TLR9,CHEMBL5804,5,4229
Q9NR97,Q9NR97-1,TLR8,CHEMBL5805,1,4221
Q9NR97,Q9NR97-2,TLR8,CHEMBL5805,2,4222
Q9NRA0,Q9NRA0-1,SPHK2,CHEMBL3023,1,4028
Q9NRA0,Q9NRA0-1,SPHK2,CHEMBL3023,sk2b,4029
Q9NRA0,Q9NRA0-1,SPHK2,CHEMBL3023,sk2-l,4030
Q9NRA0,Q9NRA0-2,SPHK2,CHEMBL3023,2,4031
Q9NRA0,Q9NRA0-2,SPHK2,CHEMBL3023,sk2a,4032
Q9NRA0,Q9NRA0-2,SPHK2,CHEMBL3023,sk2-s,4033
Q9NRA0,Q9NRA0-3,SPHK2,CHEMBL3023,3,4034
Q9NRA0,Q9NRA0-4,SPHK2,CHEMBL3023,4,4035
Q9NRA0,Q9NRA0-5,SPHK2,CHEMBL3023,5,4036
Q9NRG4,Q9NRG4-1,SMYD2,CHEMBL2169716,1,4015
Q9NRG4,Q9NRG4-2,SMYD2,CHEMBL2169716,2,4016
Q9NRH2,Q9NRH2-1,SNRK,CHEMBL1908384,1,4020
Q9NRH2,Q9NRH2-2,SNRK,CHEMBL1908384,2,4021
Q9NS87,Q9NS87-1,KIF15,CHEMBL3632454,1,2133
Q9NS87,Q9NS87-2,KIF15,CHEMBL3632454,2,2134
Q9NS87,Q9NS87-3,KIF15,CHEMBL3632454,3,2135
Q9NS87,Q9NS87-4,KIF15,CHEMBL3632454,4,2136
Q9NSA0,Q9NSA0-1,S22AB,CHEMBL2073677,1,3834
Q9NSA0,Q9NSA0-2,S22AB,CHEMBL2073677,2,3835
Q9NTG7,Q9NTG7-1,SIR3,CHEMBL4461,1,3999
Q9NTG7,Q9NTG7-2,SIR3,CHEMBL4461,2,4000
Q9NUW8,Q9NUW8-1,TYDP1,CHEMBL1075138,1,4353
Q9NUW8,Q9NUW8-2,TYDP1,CHEMBL1075138,2,4354
Q9NWZ3,Q9NWZ3-1,IRAK4,CHEMBL3778,1,1900
Q9NWZ3,Q9NWZ3-2,IRAK4,CHEMBL3778,2,1901
Q9NXA8,Q9NXA8-1,SIR5,CHEMBL2163183,1,4001
Q9NXA8,Q9NXA8-2,SIR5,CHEMBL2163183,2,4002
Q9NXA8,Q9NXA8-3,SIR5,CHEMBL2163183,3,4003
Q9NXA8,Q9NXA8-4,SIR5,CHEMBL2163183,4,4004
Q9NY46,Q9NY46-1,SCN3A,CHEMBL5163,1,3885
Q9NY46,Q9NY46-1,SCN3A,CHEMBL5163,6a-12+12b,3886
Q9NY46,Q9NY46-2,SCN3A,CHEMBL5163,2,3887
Q9NY46,Q9NY46-2,SCN3A,CHEMBL5163,6a-12,3888
Q9NY46,Q9NY46-3,SCN3A,CHEMBL5163,3,3889
Q9NY46,Q9NY46-3,SCN3A,CHEMBL5163,6n-12+12b,3890
Q9NY46,Q9NY46-4,SCN3A,CHEMBL5163,4,3891
Q9NY46,Q9NY46-4,SCN3A,CHEMBL5163,6n-12,3892
Q9NY57,Q9NY57-1,ST32B,CHEMBL5912,1,4061
Q9NY57,Q9NY57-2,ST32B,CHEMBL5912,2,4062
Q9NY59,Q9NY59-1,NSMA2,CHEMBL4523470,1,2925
Q9NY59,Q9NY59-2,NSMA2,CHEMBL4523470,2,2926
Q9NYA1,Q9NYA1-1,SPHK1,CHEMBL4394,1,4025
Q9NYA1,Q9NYA1-2,SPHK1,CHEMBL4394,2,4026
Q9NYA1,Q9NYA1-3,SPHK1,CHEMBL4394,3,4027
Q9NYL2,Q9NYL2-1,M3K20,CHEMBL3886,zakalpha,2343
Q9NYL2,Q9NYL2-1,M3K20,CHEMBL3886,alpha,2344
Q9NYL2,Q9NYL2-2,M3K20,CHEMBL3886,zakbeta,2345
Q9NYL2,Q9NYL2-2,M3K20,CHEMBL3886,beta,2346
Q9NYL2,Q9NYL2-2,M3K20,CHEMBL3886,mlk7,2347
Q9NYL2,Q9NYL2-3,M3K20,CHEMBL3886,3,2348
Q9NYL2,Q9NYL2-3,M3K20,CHEMBL3886,hccs-4,2349
Q9NYV4,Q9NYV4-1,CDK12,CHEMBL3559692,1,770
Q9NYV4,Q9NYV4-2,CDK12,CHEMBL3559692,2,771
Q9NYV4,Q9NYV4-3,CDK12,CHEMBL3559692,3,772
Q9NZ08,Q9NZ08-1,ERAP1,CHEMBL5939,1,1227
Q9NZ08,Q9NZ08-2,ERAP1,CHEMBL5939,2,1228
Q9NZQ7,Q9NZQ7-1,PD1L1,CHEMBL3580522,1,3211
Q9NZQ7,Q9NZQ7-1,PD1L1,CHEMBL3580522,pd-l1i,3212
Q9NZQ7,Q9NZQ7-2,PD1L1,CHEMBL3580522,2,3213
Q9NZQ7,Q9NZQ7-2,PD1L1,CHEMBL3580522,pd-l1ii,3214
Q9NZQ7,Q9NZQ7-3,PD1L1,CHEMBL3580522,3,3215
Q9NZQ7,Q9NZQ7-4,PD1L1,CHEMBL3580522,4,3216
Q9NZQ7,Q9NZQ7-4,PD1L1,CHEMBL3580522,secpd-l1,3217
Q9P0L2,Q9P0L2-1,MARK1,CHEMBL5940,1,2396
Q9P0L2,Q9P0L2-2,MARK1,CHEMBL5940,2,2397
Q9P0L2,Q9P0L2-3,MARK1,CHEMBL5940,3,2398
Q9P0U3,Q9P0U3-1,SENP1,CHEMBL1909484,1,3943
Q9P0U3,Q9P0U3-2,SENP1,CHEMBL1909484,2,3944
Q9P0X4,Q9P0X4-1,CAC1I,CHEMBL5558,1,663
Q9P0X4,Q9P0X4-1,CAC1I,CHEMBL5558,delta36b,664
Q9P0X4,Q9P0X4-2,CAC1I,CHEMBL5558,2,665
Q9P0X4,Q9P0X4-3,CAC1I,CHEMBL5558,3,666
Q9P0X4,Q9P0X4-3,CAC1I,CHEMBL5558,alpha1i-a,667
Q9P0X4,Q9P0X4-4,CAC1I,CHEMBL5558,4,668
Q9P289,Q9P289-1,STK26,CHEMBL5941,1,4084
Q9P289,Q9P289-2,STK26,CHEMBL5941,2,4085
Q9P289,Q9P289-3,STK26,CHEMBL5941,3,4086
Q9P289,Q9P289-3,STK26,CHEMBL5941,mst4a,4087
Q9QUQ5,Q9QUQ5-1,TRPC4,CHEMBL1741219,alpha,4282
Q9QUQ5,Q9QUQ5-2,TRPC4,CHEMBL1741219,beta,4283
Q9QYJ6,Q9QYJ6-1,PDE10,CHEMBL6140,1,3224
Q9QYJ6,Q9QYJ6-1,PDE10,CHEMBL6140,pde10a2,3225
Q9QYJ6,Q9QYJ6-1,PDE10,CHEMBL6140,10a2,3226
Q9QYJ6,Q9QYJ6-2,PDE10,CHEMBL6140,2,3227
Q9QYJ6,Q9QYJ6-2,PDE10,CHEMBL6140,pde10a3,3228
Q9QYJ6,Q9QYJ6-2,PDE10,CHEMBL6140,10a3,3229
Q9QYJ6,Q9QYJ6-3,PDE10,CHEMBL6140,3,3230
Q9QYJ6,Q9QYJ6-3,PDE10,CHEMBL6140,pde10a11,3231
Q9QYJ6,Q9QYJ6-3,PDE10,CHEMBL6140,10a11,3232
Q9QYJ6,Q9QYJ6-4,PDE10,CHEMBL6140,4,3233
Q9QYJ6,Q9QYJ6-4,PDE10,CHEMBL6140,pde10a12,3234
Q9QYJ6,Q9QYJ6-4,PDE10,CHEMBL6140,10a12,3235
Q9QYJ6,Q9QYJ6-5,PDE10,CHEMBL6140,5,3236
Q9QYJ6,Q9QYJ6-5,PDE10,CHEMBL6140,pde10a13,3237
Q9QYJ6,Q9QYJ6-5,PDE10,CHEMBL6140,10a13,3238
Q9QYJ6,Q9QYJ6-6,PDE10,CHEMBL6140,6,3239
Q9QYJ6,Q9QYJ6-6,PDE10,CHEMBL6140,pde10a14,3240
Q9QYJ6,Q9QYJ6-6,PDE10,CHEMBL6140,10a14,3241
Q9QYN8,Q9QYN8-1,HRH3,CHEMBL4124,1,1825
Q9QYN8,Q9QYN8-1,HRH3,CHEMBL4124,h3l,1826
Q9QYN8,Q9QYN8-2,HRH3,CHEMBL4124,2,1827
Q9QYN8,Q9QYN8-2,HRH3,CHEMBL4124,h3s,1828
Q9QYN8,Q9QYN8-3,HRH3,CHEMBL4124,3,1829
Q9QYN8,Q9QYN8-4,HRH3,CHEMBL4124,4,1830
Q9QZN9,Q9QZN9-1,CNR2,CHEMBL2470,1,880
Q9QZN9,Q9QZN9-2,CNR2,CHEMBL2470,2,881
Q9R0C9,Q9R0C9-1,SGMR1,CHEMBL3602,1,3981
Q9R0C9,Q9R0C9-2,SGMR1,CHEMBL3602,2,3982
Q9R1E6,Q9R1E6-1,ENPP2,CHEMBL3826871,1,1179
Q9R1E6,Q9R1E6-1,ENPP2,CHEMBL3826871,beta,1180
Q9R1E6,Q9R1E6-2,ENPP2,CHEMBL3826871,2,1181
Q9R1E6,Q9R1E6-2,ENPP2,CHEMBL3826871,alpha,1182
Q9R1E6,Q9R1E6-3,ENPP2,CHEMBL3826871,3,1183
Q9R1E6,Q9R1E6-3,ENPP2,CHEMBL3826871,gamma,1184
Q9UBC3,Q9UBC3-1,DNM3B,CHEMBL6095,1,1018
Q9UBC3,Q9UBC3-2,DNM3B,CHEMBL6095,2,1019
Q9UBC3,Q9UBC3-3,DNM3B,CHEMBL6095,3,1020
Q9UBC3,Q9UBC3-4,DNM3B,CHEMBL6095,4,1021
Q9UBC3,Q9UBC3-5,DNM3B,CHEMBL6095,5,1022
Q9UBC3,Q9UBC3-6,DNM3B,CHEMBL6095,6,1023
Q9UBC3,Q9UBC3-7,DNM3B,CHEMBL6095,7,1024
Q9UBC3,Q9UBC3-8,DNM3B,CHEMBL6095,8,1025
Q9UBF8,Q9UBF8-1,PI4KB,CHEMBL3268,1,3483
Q9UBF8,Q9UBF8-1,PI4KB,CHEMBL3268,npik-b,3484
Q9UBF8,Q9UBF8-2,PI4KB,CHEMBL3268,2,3485
Q9UBF8,Q9UBF8-2,PI4KB,CHEMBL3268,npik-c,3486
Q9UBF8,Q9UBF8-3,PI4KB,CHEMBL3268,3,3487
Q9UBL9,Q9UBL9-1,P2RX2,CHEMBL2531,a,3081
Q9UBL9,Q9UBL9-2,P2RX2,CHEMBL2531,b,3082
Q9UBL9,Q9UBL9-3,P2RX2,CHEMBL2531,c,3083
Q9UBL9,Q9UBL9-4,P2RX2,CHEMBL2531,d,3084
Q9UBL9,Q9UBL9-5,P2RX2,CHEMBL2531,h,3085
Q9UBL9,Q9UBL9-6,P2RX2,CHEMBL2531,i,3086
Q9UBL9,Q9UBL9-7,P2RX2,CHEMBL2531,k,3087
Q9UBN7,Q9UBN7-1,HDAC6,CHEMBL1865,1,1743
Q9UBN7,Q9UBN7-1,HDAC6,CHEMBL1865,hdac6p131,1744
Q9UBN7,Q9UBN7-2,HDAC6,CHEMBL1865,2,1745
Q9UBN7,Q9UBN7-2,HDAC6,CHEMBL1865,hdac6p114,1746
Q9UBS0,Q9UBS0-1,KS6B2,CHEMBL3111,1,2251
Q9UBS0,Q9UBS0-2,KS6B2,CHEMBL3111,2,2252
Q9UBT6,Q9UBT6-1,POLK,CHEMBL5365,1,3537
Q9UBT6,Q9UBT6-2,POLK,CHEMBL5365,2,3538
Q9UBT6,Q9UBT6-3,POLK,CHEMBL5365,3,3539
Q9UBT6,Q9UBT6-4,POLK,CHEMBL5365,4,3540
Q9UBT6,Q9UBT6-5,POLK,CHEMBL5365,5,3541
Q9UBT6,Q9UBT6-6,POLK,CHEMBL5365,6,3542
Q9UBT6,Q9UBT6-7,POLK,CHEMBL5365,7,3543
Q9UBT6,Q9UBT6-8,POLK,CHEMBL5365,8,3544
Q9UDY8,Q9UDY8-1,MALT1,CHEMBL3632452,1,2387
Q9UDY8,Q9UDY8-2,MALT1,CHEMBL3632452,2,2388
Q9UEW8,Q9UEW8-1,STK39,CHEMBL1163108,1,4092
Q9UEW8,Q9UEW8-2,STK39,CHEMBL1163108,2,4093
Q9UEW8,Q9UEW8-2,STK39,CHEMBL1163108,a,4094
Q9UF33,Q9UF33-1,EPHA6,CHEMBL4526,1,1199
Q9UF33,Q9UF33-2,EPHA6,CHEMBL4526,2,1200
Q9UF33,Q9UF33-3,EPHA6,CHEMBL4526,3,1201
Q9UGL1,Q9UGL1-1,KDM5B,CHEMBL3774295,1,2096
Q9UGL1,Q9UGL1-2,KDM5B,CHEMBL3774295,2,2097
Q9UGN5,Q9UGN5-1,PARP2,CHEMBL5366,1,3186
Q9UGN5,Q9UGN5-2,PARP2,CHEMBL5366,2,3187
Q9UHC9,Q9UHC9-1,NPCL1,CHEMBL2027,1,2841
Q9UHC9,Q9UHC9-2,NPCL1,CHEMBL2027,2,2842
Q9UHC9,Q9UHC9-2,NPCL1,CHEMBL2027,npc1l1deltae15,2843
Q9UHC9,Q9UHC9-3,NPCL1,CHEMBL2027,3,2844
Q9UHC9,Q9UHC9-3,NPCL1,CHEMBL2027,npcl1t,2845
Q9UHC9,Q9UHC9-4,NPCL1,CHEMBL2027,4,2846
Q9UIF8,Q9UIF8-1,BAZ2B,CHEMBL1741220,1,400
Q9UIF8,Q9UIF8-2,BAZ2B,CHEMBL1741220,2,401
Q9UIF8,Q9UIF8-3,BAZ2B,CHEMBL1741220,3,402
Q9UIF8,Q9UIF8-4,BAZ2B,CHEMBL1741220,4,403
Q9UIF8,Q9UIF8-5,BAZ2B,CHEMBL1741220,5,404
Q9UIF9,Q9UIF9-1,BAZ2A,CHEMBL3108642,2,397
Q9UIF9,Q9UIF9-2,BAZ2A,CHEMBL3108642,1,398
Q9UIF9,Q9UIF9-3,BAZ2A,CHEMBL3108642,3,399
Q9UIK4,Q9UIK4-1,DAPK2,CHEMBL3123,1,945
Q9UIK4,Q9UIK4-1,DAPK2,CHEMBL3123,alpha,946
Q9UIK4,Q9UIK4-2,DAPK2,CHEMBL3123,2,947
Q9UIK4,Q9UIK4-2,DAPK2,CHEMBL3123,beta,948
Q9UIQ6,Q9UIQ6-1,LCAP,CHEMBL2693,1,2263
Q9UIQ6,Q9UIQ6-2,LCAP,CHEMBL2693,2,2264
Q9UIQ6,Q9UIQ6-3,LCAP,CHEMBL2693,3,2265
Q9UK32,Q9UK32-1,KS6A6,CHEMBL4924,1,2243
Q9UK32,Q9UK32-2,KS6A6,CHEMBL4924,2,2244
Q9UKE5,Q9UKE5-1,TNIK,CHEMBL4527,1,4238
Q9UKE5,Q9UKE5-2,TNIK,CHEMBL4527,2,4239
Q9UKE5,Q9UKE5-3,TNIK,CHEMBL4527,3,4240
Q9UKE5,Q9UKE5-4,TNIK,CHEMBL4527,4,4241
Q9UKE5,Q9UKE5-5,TNIK,CHEMBL4527,5,4242
Q9UKE5,Q9UKE5-6,TNIK,CHEMBL4527,6,4243
Q9UKE5,Q9UKE5-7,TNIK,CHEMBL4527,7,4244
Q9UKE5,Q9UKE5-8,TNIK,CHEMBL4527,8,4245
Q9UKI8,Q9UKI8-1,TLK1,CHEMBL5388,1,4208
Q9UKI8,Q9UKI8-2,TLK1,CHEMBL5388,2,4209
Q9UKI8,Q9UKI8-3,TLK1,CHEMBL5388,3,4210
Q9UKI8,Q9UKI8-3,TLK1,CHEMBL5388,snak,4211
Q9UKI8,Q9UKI8-3,TLK1,CHEMBL5388,tlk1b,4212
Q9UKI8,Q9UKI8-4,TLK1,CHEMBL5388,4,4213
Q9UKI8,Q9UKI8-5,TLK1,CHEMBL5388,5,4214
Q9UKV0,Q9UKV0-1,HDAC9,CHEMBL4145,1,1763
Q9UKV0,Q9UKV0-10,HDAC9,CHEMBL4145,10,1764
Q9UKV0,Q9UKV0-11,HDAC9,CHEMBL4145,11,1765
Q9UKV0,Q9UKV0-2,HDAC9,CHEMBL4145,2,1766
Q9UKV0,Q9UKV0-3,HDAC9,CHEMBL4145,3,1767
Q9UKV0,Q9UKV0-3,HDAC9,CHEMBL4145,hdrp,1768
Q9UKV0,Q9UKV0-3,HDAC9,CHEMBL4145,mitr,1769
Q9UKV0,Q9UKV0-4,HDAC9,CHEMBL4145,4,1770
Q9UKV0,Q9UKV0-4,HDAC9,CHEMBL4145,hdac9a,1771
Q9UKV0,Q9UKV0-5,HDAC9,CHEMBL4145,5,1772
Q9UKV0,Q9UKV0-5,HDAC9,CHEMBL4145,hdac9b,1773
Q9UKV0,Q9UKV0-5,HDAC9,CHEMBL4145,hdac9fl,1774
Q9UKV0,Q9UKV0-6,HDAC9,CHEMBL4145,6,1775
Q9UKV0,Q9UKV0-7,HDAC9,CHEMBL4145,7,1776
Q9UKV0,Q9UKV0-8,HDAC9,CHEMBL4145,8,1777
Q9UKV0,Q9UKV0-9,HDAC9,CHEMBL4145,9,1778
Q9UL54,Q9UL54-1,TAOK2,CHEMBL1075195,1,4138
Q9UL54,Q9UL54-1,TAOK2,CHEMBL1075195,psk1-alpha,4139
Q9UL54,Q9UL54-1,TAOK2,CHEMBL1075195,tao2,4140
Q9UL54,Q9UL54-2,TAOK2,CHEMBL1075195,2,4141
Q9UL54,Q9UL54-2,TAOK2,CHEMBL1075195,psk1-beta,4142
Q9UL54,Q9UL54-3,TAOK2,CHEMBL1075195,3,4143
Q9UL54,Q9UL54-4,TAOK2,CHEMBL1075195,4,4144
Q9ULD4,Q9ULD4-1,BRPF3,CHEMBL3108644,1,478
Q9ULD4,Q9ULD4-2,BRPF3,CHEMBL3108644,2,479
Q9ULD4,Q9ULD4-3,BRPF3,CHEMBL3108644,3,480
Q9UNQ0,Q9UNQ0-1,ABCG2,CHEMBL5393,1,79
Q9UNQ0,Q9UNQ0-2,ABCG2,CHEMBL5393,2,80
Q9UPE1,Q9UPE1-1,SRPK3,CHEMBL5415,1,4053
Q9UPE1,Q9UPE1-2,SRPK3,CHEMBL5415,2,4054
Q9UPE1,Q9UPE1-3,SRPK3,CHEMBL5415,3,4055
Q9UPE1,Q9UPE1-4,SRPK3,CHEMBL5415,4,4056
Q9UPZ9,Q9UPZ9-1,CILK1,CHEMBL1163126,1,849
Q9UPZ9,Q9UPZ9-2,CILK1,CHEMBL1163126,2,850
Q9UQ49,Q9UQ49-1,NEUR3,CHEMBL3046,1,2750
Q9UQ49,Q9UQ49-2,NEUR3,CHEMBL3046,2,2751
Q9UQB9,Q9UQB9-1,AURKC,CHEMBL3935,1,363
Q9UQB9,Q9UQB9-2,AURKC,CHEMBL3935,2,364
Q9UQB9,Q9UQB9-3,AURKC,CHEMBL3935,3,365
Q9UQB9,Q9UQB9-3,AURKC,CHEMBL3935,aurora c-sv,366
Q9UQD0,Q9UQD0-1,SCN8A,CHEMBL5202,1,3908
Q9UQD0,Q9UQD0-2,SCN8A,CHEMBL5202,2,3909
Q9UQD0,Q9UQD0-2,SCN8A,CHEMBL5202,5a,3910
Q9UQD0,Q9UQD0-3,SCN8A,CHEMBL5202,3,3911
Q9UQD0,Q9UQD0-4,SCN8A,CHEMBL5202,4,3912
Q9UQD0,Q9UQD0-4,SCN8A,CHEMBL5202,18n,3913
Q9UQD0,Q9UQD0-5,SCN8A,CHEMBL5202,5,3914
Q9UQD0,Q9UQD0-5,SCN8A,CHEMBL5202,delta18,3915
Q9UQL6,Q9UQL6-1,HDAC5,CHEMBL2563,1,1740
Q9UQL6,Q9UQL6-2,HDAC5,CHEMBL2563,2,1741
Q9UQL6,Q9UQL6-3,HDAC5,CHEMBL2563,3,1742
Q9UQM7,Q9UQM7-1,KCC2A,CHEMBL4147,a,1988
Q9UQM7,Q9UQM7-2,KCC2A,CHEMBL4147,b,1989
Q9WVG6,Q9WVG6-1,CARM1,CHEMBL5538,1,686
Q9WVG6,Q9WVG6-2,CARM1,CHEMBL5538,2,687
Q9Y210,Q9Y210-1,TRPC6,CHEMBL2417347,1,4284
Q9Y210,Q9Y210-2,TRPC6,CHEMBL2417347,2,4285
Q9Y210,Q9Y210-3,TRPC6,CHEMBL2417347,3,4286
Q9Y233,Q9Y233-1,PDE10,CHEMBL4409,pde10a1,3242
Q9Y233,Q9Y233-2,PDE10,CHEMBL4409,pde10a2,3243
Q9Y233,Q9Y233-3,PDE10,CHEMBL4409,3,3244
Q9Y239,Q9Y239-1,NOD1,CHEMBL1293222,1,2808
Q9Y239,Q9Y239-1,NOD1,CHEMBL1293222,alpha,2809
Q9Y239,Q9Y239-2,NOD1,CHEMBL1293222,2,2810
Q9Y239,Q9Y239-3,NOD1,CHEMBL1293222,3,2811
Q9Y239,Q9Y239-3,NOD1,CHEMBL1293222,beta,2812
Q9Y239,Q9Y239-3,NOD1,CHEMBL1293222,delta10,2813
Q9Y243,Q9Y243-1,AKT3,CHEMBL4816,1,238
Q9Y243,Q9Y243-1,AKT3,CHEMBL4816,pkb gamma,239
Q9Y243,Q9Y243-2,AKT3,CHEMBL4816,2,240
Q9Y243,Q9Y243-2,AKT3,CHEMBL4816,pkb gamma 1,241
Q9Y251,Q9Y251-1,HPSE,CHEMBL3921,1,1811
Q9Y251,Q9Y251-2,HPSE,CHEMBL3921,2,1812
Q9Y251,Q9Y251-2,HPSE,CHEMBL3921,55 kda,1813
Q9Y251,Q9Y251-2,HPSE,CHEMBL3921,splice 5,1814
Q9Y251,Q9Y251-3,HPSE,CHEMBL3921,3,1815
Q9Y251,Q9Y251-3,HPSE,CHEMBL3921,ex9-10del,1816
Q9Y251,Q9Y251-4,HPSE,CHEMBL3921,4,1817
Q9Y251,Q9Y251-4,HPSE,CHEMBL3921,ex10del,1818
Q9Y2H1,Q9Y2H1-1,ST38L,CHEMBL4851,1,4065
Q9Y2H1,Q9Y2H1-2,ST38L,CHEMBL4851,2,4066
Q9Y2I1,Q9Y2I1-1,NISCH,CHEMBL3923,1,2757
Q9Y2I1,Q9Y2I1-1,NISCH,CHEMBL3923,iras-1,2758
Q9Y2I1,Q9Y2I1-1,NISCH,CHEMBL3923,iras-m,2759
Q9Y2I1,Q9Y2I1-2,NISCH,CHEMBL3923,2,2760
Q9Y2I1,Q9Y2I1-3,NISCH,CHEMBL3923,3,2761
Q9Y2I1,Q9Y2I1-3,NISCH,CHEMBL3923,iras-l,2762
Q9Y2I1,Q9Y2I1-4,NISCH,CHEMBL3923,4,2763
Q9Y2I1,Q9Y2I1-4,NISCH,CHEMBL3923,iras-s,2764
Q9Y2K2,Q9Y2K2-5,SIK3,CHEMBL6149,1,3987
Q9Y2K2,Q9Y2K2-6,SIK3,CHEMBL6149,2,3988
Q9Y2K2,Q9Y2K2-7,SIK3,CHEMBL6149,3,3989
Q9Y2K2,Q9Y2K2-8,SIK3,CHEMBL6149,4,3990
Q9Y2K7,Q9Y2K7-1,KDM2A,CHEMBL1938210,1,2082
Q9Y2K7,Q9Y2K7-2,KDM2A,CHEMBL1938210,2,2083
Q9Y2K7,Q9Y2K7-3,KDM2A,CHEMBL1938210,3,2084
Q9Y2K7,Q9Y2K7-4,KDM2A,CHEMBL1938210,4,2085
Q9Y2K7,Q9Y2K7-5,KDM2A,CHEMBL1938210,5,2086
Q9Y2R2,Q9Y2R2-1,PTN22,CHEMBL2889,1,3670
Q9Y2R2,Q9Y2R2-1,PTN22,CHEMBL2889,lyp1,3671
Q9Y2R2,Q9Y2R2-2,PTN22,CHEMBL2889,2,3672
Q9Y2R2,Q9Y2R2-2,PTN22,CHEMBL2889,lyp2,3673
Q9Y2R2,Q9Y2R2-3,PTN22,CHEMBL2889,3,3674
Q9Y2R2,Q9Y2R2-4,PTN22,CHEMBL2889,4,3675
Q9Y2R2,Q9Y2R2-4,PTN22,CHEMBL2889,lyp3,3676
Q9Y2R2,Q9Y2R2-5,PTN22,CHEMBL2889,5,3677
Q9Y2R2,Q9Y2R2-6,PTN22,CHEMBL2889,6,3678
Q9Y2R2,Q9Y2R2-6,PTN22,CHEMBL2889,ptpn22.6,3679
Q9Y345,Q9Y345-1,SC6A5,CHEMBL3060,1,3864
Q9Y345,Q9Y345-2,SC6A5,CHEMBL3060,2,3865
Q9Y345,Q9Y345-3,SC6A5,CHEMBL3060,3,3866
Q9Y3S1,Q9Y3S1-1,WNK2,CHEMBL5639,1,4451
Q9Y3S1,Q9Y3S1-2,WNK2,CHEMBL5639,2,4452
Q9Y3S1,Q9Y3S1-3,WNK2,CHEMBL5639,3,4453
Q9Y3S1,Q9Y3S1-4,WNK2,CHEMBL5639,4,4454
Q9Y463,Q9Y463-1,DYR1B,CHEMBL5543,1,1093
Q9Y463,Q9Y463-2,DYR1B,CHEMBL5543,2,1094
Q9Y463,Q9Y463-3,DYR1B,CHEMBL5543,3,1095
Q9Y468,Q9Y468-1,LMBL1,CHEMBL1287622,1,2294
Q9Y468,Q9Y468-1,LMBL1,CHEMBL1287622,mbt-i,2295
Q9Y468,Q9Y468-2,LMBL1,CHEMBL1287622,2,2296
Q9Y468,Q9Y468-2,LMBL1,CHEMBL1287622,mbt-ii,2297
Q9Y468,Q9Y468-3,LMBL1,CHEMBL1287622,3,2298
Q9Y468,Q9Y468-4,LMBL1,CHEMBL1287622,4,2299
Q9Y468,Q9Y468-5,LMBL1,CHEMBL1287622,5,2300
Q9Y4P1,Q9Y4P1-1,ATG4B,CHEMBL1741221,1,343
Q9Y4P1,Q9Y4P1-2,ATG4B,CHEMBL1741221,2,344
Q9Y4P1,Q9Y4P1-3,ATG4B,CHEMBL1741221,3,345
Q9Y4P1,Q9Y4P1-4,ATG4B,CHEMBL1741221,4,346
Q9Y4P1,Q9Y4P1-6,ATG4B,CHEMBL1741221,6,347
Q9Y570,Q9Y570-1,PPME1,CHEMBL1293320,1,3600
Q9Y570,Q9Y570-2,PPME1,CHEMBL1293320,2,3601
Q9Y570,Q9Y570-3,PPME1,CHEMBL1293320,3,3602
Q9Y570,Q9Y570-4,PPME1,CHEMBL1293320,4,3603
Q9Y572,Q9Y572-1,RIPK3,CHEMBL1795199,1,3774
Q9Y572,Q9Y572-2,RIPK3,CHEMBL1795199,2,3775
Q9Y572,Q9Y572-2,RIPK3,CHEMBL1795199,beta,3776
Q9Y572,Q9Y572-3,RIPK3,CHEMBL1795199,3,3777
Q9Y572,Q9Y572-3,RIPK3,CHEMBL1795199,gamma,3778
Q9Y5N1,Q9Y5N1-1,HRH3,CHEMBL264,1,1831
Q9Y5N1,Q9Y5N1-2,HRH3,CHEMBL264,2,1832
Q9Y5N1,Q9Y5N1-3,HRH3,CHEMBL264,3,1833
Q9Y5N1,Q9Y5N1-3,HRH3,CHEMBL264,h3s,1834
Q9Y5N1,Q9Y5N1-4,HRH3,CHEMBL264,4,1835
Q9Y5N1,Q9Y5N1-5,HRH3,CHEMBL264,5,1836
Q9Y5N1,Q9Y5N1-6,HRH3,CHEMBL264,6,1837
Q9Y5N1,Q9Y5N1-7,HRH3,CHEMBL264,7,1838
Q9Y5X5,Q9Y5X5-1,NPFF2,CHEMBL5952,1,2847
Q9Y5X5,Q9Y5X5-1,NPFF2,CHEMBL5952,long form,2848
Q9Y5X5,Q9Y5X5-2,NPFF2,CHEMBL5952,2,2849
Q9Y5X5,Q9Y5X5-2,NPFF2,CHEMBL5952,short form,2850
Q9Y5X5,Q9Y5X5-3,NPFF2,CHEMBL5952,3,2851
Q9Y5X5,Q9Y5X5-4,NPFF2,CHEMBL5952,4,2852
Q9Y5X5,Q9Y5X5-2,NPFF2,CHEMBL5952,s form,4503
Q9Y5X5,Q9Y5X5-1,NPFF2,CHEMBL5952,l form,4509
Q9Y5X9,Q9Y5X9-1,LIPG,CHEMBL5080,1,2283
Q9Y5X9,Q9Y5X9-2,LIPG,CHEMBL5080,2,2284
Q9Y5Z0,Q9Y5Z0-1,BACE2,CHEMBL2525,1,389
Q9Y5Z0,Q9Y5Z0-1,BACE2,CHEMBL2525,isoform a,390
Q9Y5Z0,Q9Y5Z0-2,BACE2,CHEMBL2525,2,391
Q9Y5Z0,Q9Y5Z0-2,BACE2,CHEMBL2525,isoform c,392
Q9Y5Z0,Q9Y5Z0-3,BACE2,CHEMBL2525,3,393
Q9Y5Z0,Q9Y5Z0-3,BACE2,CHEMBL2525,isoform b,394
Q9Y5Z0,Q9Y5Z0-4,BACE2,CHEMBL2525,4,395
Q9Y5Z0,Q9Y5Z0-5,BACE2,CHEMBL2525,5,396
Q9Y6E0,Q9Y6E0-1,STK24,CHEMBL5082,b,4079
Q9Y6E0,Q9Y6E0-2,STK24,CHEMBL5082,a,4080
Q9Y6F1,Q9Y6F1-1,PARP3,CHEMBL5083,1,3188
Q9Y6F1,Q9Y6F1-1,PARP3,CHEMBL5083,short,3189
Q9Y6F1,Q9Y6F1-2,PARP3,CHEMBL5083,2,3190
Q9Y6F1,Q9Y6F1-2,PARP3,CHEMBL5083,long,3191
Q9Y6I3,Q9Y6I3-1,EPN1,CHEMBL3259465,2,1224
Q9Y6I3,Q9Y6I3-2,EPN1,CHEMBL3259465,1,1225
Q9Y6I3,Q9Y6I3-3,EPN1,CHEMBL3259465,3,1226
Q9Y6K1,Q9Y6K1-1,DNM3A,CHEMBL1992,1,1015
Q9Y6K1,Q9Y6K1-2,DNM3A,CHEMBL1992,2,1016
Q9Y6K1,Q9Y6K1-3,DNM3A,CHEMBL1992,3,1017
Q9Y6M4,Q9Y6M4-1,KC1G3,CHEMBL5084,1,1970
Q9Y6M4,Q9Y6M4-1,KC1G3,CHEMBL5084,3,1971
Q9Y6M4,Q9Y6M4-2,KC1G3,CHEMBL5084,2,1972
Q9Y6M4,Q9Y6M4-2,KC1G3,CHEMBL5084,3l,1973
Q9Y6M4,Q9Y6M4-2,KC1G3,CHEMBL5084,csnk1g3l,1974
Q9Y6M4,Q9Y6M4-3,KC1G3,CHEMBL5084,3,1975
Q9Y6M4,Q9Y6M4-4,KC1G3,CHEMBL5084,4,1976
Q9Y6M4,Q9Y6M4-5,KC1G3,CHEMBL5084,5,1977
Q9Y6M4,Q9Y6M4-6,KC1G3,CHEMBL5084,6,1978
Q9Z0F8,Q9Z0F8-1,ADA17,CHEMBL4379,long,201
Q9Z0F8,Q9Z0F8-2,ADA17,CHEMBL4379,short,202
Q9Z148,Q9Z148-1,EHMT2,CHEMBL2169718,1,1160
Q9Z148,Q9Z148-1,EHMT2,CHEMBL2169718,g9a-l,1161
Q9Z148,Q9Z148-2,EHMT2,CHEMBL2169718,2,1162
Q9Z148,Q9Z148-2,EHMT2,CHEMBL2169718,g9a-s,1163
Q9Z148,Q9Z148-3,EHMT2,CHEMBL2169718,3,1164
