target_chembl_id,guidetopharmacology_id,iuphar_target_id,iuphar_family_id,iuphar_type,iuphar_class,iuphar_subclass,iuphar_chain,iuphar_name,iuphar_synonyms
CHEMBL1075024,-,-,-,Other Protein Target.Other Protein Target,Other Protein Target,Other Protein Target,0864-1>0864,-,fabk|probable nitronate monooxygenase|enoyl- reductase|-
CHEMBL1075029,-,-,-,Other Protein Target.Other Protein Target,Other Protein Target,Other Protein Target,0864-1>0864,-,-|adenosine receptor a1|a1 adenosine receptor
CHEMBL1075045,-,-,-,Other Protein Target.Other Protein Target,Other Protein Target,Other Protein Target,0864-1>0864,-,folp|dhps|dihydropteroate pyrophosphorylase|dihydropteroate synthase|-
CHEMBL1075051,-,-,-,Other Protein Target.Other Protein Target,Other Protein Target,Other Protein Target,0864-1>0864,-,dhfr|dihydrofolate reductase|-
CHEMBL1075097,1244,1244,0250,Enzyme.Hydrolase,Enzyme,Hydrolase,0250>0239>0690,-,arg1|arginase-1|liver-type arginase|type i arginase|-
CHEMBL1075102,2150,2150,0781,Enzyme.Transferase,Enzyme,Transferase,0781>0244>0690,-,pik3c2a|pi3k-c2-alpha|phosphatidylinositol 4-phosphate 3-kinase c2 domain-containing subunit alpha|phosphoinositide 3-kinase-c2-alpha|ptdins-3-kinase c2 subunit alpha|-
CHEMBL1075104,2059,2059,0582,Enzyme.Multifunctional,Enzyme,Multifunctional,0582>0687>0699>0862>0688,-,lrrk2|dardarin|leucine-rich repeat serine/threonine-protein kinase 2|park8|-
CHEMBL1075105,-,-,-,Other Protein Target.Other Protein Target,Other Protein Target,Other Protein Target,0864-1>0864,-,ptp4a2|hu-pp-1|ov-1|prl-2|ptp|protein tyrosine phosphatase type iva 2|protein-tyrosine phosphatase 4a2|protein-tyrosine phosphatase of regenerating liver 2|prl2|ptpcaax2|-
CHEMBL1075108,-,-,-,Other Protein Target.Other Protein Target,Other Protein Target,Other Protein Target,0864-1>0864,-,slc12a5|electroneutral potassium-chloride cotransporter 2|furosemide-sensitive k-cl cotransporter|k-cl cotransporter 2|neuronal k-cl cotransporter|solute carrier family 12 member 5|rkcc2|kcc2|-
CHEMBL1075115,2013,2013,0503,Enzyme.Transferase,Enzyme,Transferase,0503>0455>0681>0698>0690-2>0690,-,dyrk4|dual specificity tyrosine-phosphorylation-regulated kinase 4|-
CHEMBL1075126,3007,3007,0994,Enzyme.Transferase,Enzyme,Transferase,0994>0698>0690-2>0690,-,pklr|pyruvate kinase 1|pyruvate kinase pklr|pyruvate kinase isozymes l/r|r-type/l-type pyruvate kinase|red cell/liver pyruvate kinase|pk1|pkl|-
CHEMBL1075128,-,-,-,Other Protein Target.Other Protein Target,Other Protein Target,Other Protein Target,0864-1>0864,-,-|protein n1|protein opg035|n1l
CHEMBL1075132,2909,2909,0784,Other Protein Target.Other Protein Target,Other Protein Target,Other Protein Target,0784>0864,-,"trap1|hsp 75|heat shock protein 75 kda, mitochondrial|heat shock protein family c member 5|tnfr-associated protein 1|trap-1|tumor necrosis factor type 1 receptor-associated protein|hsp75|hspc5|-"
CHEMBL1075133,1471,1471,0508,Enzyme.Transferase,Enzyme,Transferase,0508>0283>0677>0698>0690-2>0690,-,grk7|-|rhodopsin kinase grk7|g protein-coupled receptor kinase 7|g protein-coupled receptor kinase grk7|gprk7
CHEMBL1075138,-,-,-,Other Protein Target.Other Protein Target,Other Protein Target,Other Protein Target,0864-1>0864,-,tdp1|tyr-dna phosphodiesterase 1|tyrosyl-dna phosphodiesterase 1|-
CHEMBL1075144,299,299,0042,Receptor.G protein-coupled receptor,Receptor,G protein-coupled receptor,0042>0694>0688,-,nmur2|g-protein coupled receptor fm-4|g-protein coupled receptor tgr-1|nmu-r2|neuromedin-u receptor 2|nmu2r|tgr1|-
CHEMBL1075145,-,-,-,Other Protein Target.Other Protein Target,Other Protein Target,Other Protein Target,0864-1>0864,-,vcp|15s mg-atpase p97 subunit|ter atpase|transitional endoplasmic reticulum atpase|valosin-containing protein|hel-220|hel-s-70|-
CHEMBL1075155,-,-,-,Other Protein Target.Other Protein Target,Other Protein Target,Other Protein Target,0864-1>0864,-,stk38|ndr1 protein kinase|nuclear dbf2-related kinase 1|serine/threonine-protein kinase 38|ndr1|-
CHEMBL1075162,88,88,0016,Receptor.G protein-coupled receptor,Receptor,G protein-coupled receptor,0016>0115>0694>0688,-,gpr17|g-protein coupled receptor 17|p2y-like receptor|r12|udp/cyslt receptor|uracil nucleotide/cysteinyl leukotriene receptor|-
CHEMBL1075163,2028,2028,0577,Enzyme.Transferase,Enzyme,Transferase,0577>0683>0698>0690-2>0690,-,haspin|germ cell-specific gene 2 protein|h-haspin|haploid germ cell-specific nuclear protein kinase|serine/threonine-protein kinase haspin|gsg2|-
CHEMBL1075164,-,-,-,Other Protein Target.Other Protein Target,Other Protein Target,Other Protein Target,0864-1>0864,-,top1|-|dna topoisomerase 1|dna topoisomerase i
CHEMBL1075165,2152,2152,0672,Enzyme.Transferase,Enzyme,Transferase,0672>0682>0698>0690-2>0690,-,pik3c3|pi3-kinase type 3|pi3k type 3|phosphatidylinositol 3-kinase catalytic subunit type 3|phosphatidylinositol 3-kinase p100 subunit|phosphoinositide-3-kinase class 3|ptdins-3-kinase type 3|hvps34|vps34|-
CHEMBL1075166,1467,1467,0507,Enzyme.Transferase,Enzyme,Transferase,0507>0283>0677>0698>0690-2>0690,-,grk3|beta-ark-2|beta-adrenergic receptor kinase 2|g protein-coupled receptor kinase 3|adrbk2|bark2|-
CHEMBL1075167,-,-,-,Other Protein Target.Other Protein Target,Other Protein Target,Other Protein Target,0864-1>0864,-,hipk4|homeodomain-interacting protein kinase 4|-
CHEMBL1075169,-,-,-,Other Protein Target.Other Protein Target,Other Protein Target,Other Protein Target,0864-1>0864,-,ptp4a1|prl-1|ptp|protein tyrosine phosphatase type iva 1|protein-tyrosine phosphatase 4a1|protein-tyrosine phosphatase of regenerating liver 1|prl1|ptpcaax1|-
CHEMBL1075172,-,-,-,Other Protein Target.Other Protein Target,Other Protein Target,Other Protein Target,0864-1>0864,-,cxcr3|-|c-x-c chemokine receptor type 3|cxc-r3|cxcr-3|ip-10 receptor|interferon-inducible protein 10 receptor
CHEMBL1075173,2280,2280,0643,Enzyme.Transferase,Enzyme,Transferase,0643>0683>0698>0690-2>0690,-,wnk1|erythrocyte 65 kda protein|kinase deficient protein|protein kinase lysine-deficient 1|protein kinase with no lysine 1|serine/threonine-protein kinase wnk1|hwnk1|p65|hsn2|kdp|kiaa0344|prkwnk1|-
CHEMBL1075174,-,-,-,Other Protein Target.Other Protein Target,Other Protein Target,Other Protein Target,0864-1>0864,-,bla|-|beta-lactamase shv-5|shv5
CHEMBL1075178,298,298,0042,Receptor.G protein-coupled receptor,Receptor,G protein-coupled receptor,0042>0694>0688,-,nmur1|g-protein coupled receptor 66|g-protein coupled receptor fm-3|nmu-r1|neuromedin-u receptor 1|gpr66|-
CHEMBL1075189,3006,3006,0994,Enzyme.Transferase,Enzyme,Transferase,0994>0698>0690-2>0690,-,pkm|cthbp|cytosolic thyroid hormone-binding protein|oip-3|opa-interacting protein 3|pyruvate kinase 2/3|pyruvate kinase pkm|pyruvate kinase muscle isozyme|thbp1|threonine-protein kinase pkm2|thyroid hormone-binding protein 1|tumor m2-pk|tyrosine-protein kinase pkm2|p58|oip3|pk2|pk3|pkm2|-
CHEMBL1075195,2234,2234,0551,Enzyme.Transferase,Enzyme,Transferase,0551>0467>0685>0698>0690-2>0690,-,taok2|kinase from chicken homolog c|psk-1|psk1|prostate-derived ste20-like kinase 1|prostate-derived sterile 20-like kinase 1|serine/threonine-protein kinase tao2|thousand and one amino acid protein kinase 2|hkfc-c|kiaa0881|map3k17|psk|-
CHEMBL1075201,-,-,-,Other Protein Target.Other Protein Target,Other Protein Target,Other Protein Target,0864-1>0864,-,ckm|-|creatine kinase m-type|cpk-m|creatine kinase m chain|creatine phosphokinase m-type|m-ck
CHEMBL1075214,1232,1232,0248,Enzyme.Hydrolase,Enzyme,Hydrolase,0248>0690-4>0690,-,nt5e|-|5'-nucleotidase|5'-nt|5'-deoxynucleotidase|ecto-5'-nucleotidase|imp-specific 5'-nucleotidase|nt5|nte|thymidylate 5'-phosphatase
CHEMBL1075226,546,546,0081,Ion Channel.Voltage-gated ion channel,Ion Channel,Voltage-gated ion channel,0081>0133>0696>0689,-,kcnb1|-|potassium voltage-gated channel subfamily b member 1|drk1|delayed rectifier potassium channel 1|voltage-gated potassium channel subunit kv2.1
CHEMBL1075228,280,280,0037,Receptor.G protein-coupled receptor,Receptor,G protein-coupled receptor,0037>0694>0688,-,mchr1|g-protein coupled receptor 24|mch receptor 1|mch-1r|mch-r1|mch1r|mchr|mchr-1|melanin-concentrating hormone receptor 1|slc-1|somatostatin receptor-like protein|gpr24|slc1|-
CHEMBL1075246,-,-,-,Other Protein Target.Other Protein Target,Other Protein Target,Other Protein Target,0864-1>0864,-,xdh|xanthine dehydrogenase/oxidase|-
CHEMBL1075263,-,-,-,Other Protein Target.Other Protein Target,Other Protein Target,Other Protein Target,0864-1>0864,-,ccr5|c-c ckr-5|c-c chemokine receptor type 5|cc-ckr-5|ccr-5|cmkbr5|-
CHEMBL1075268,-,-,-,Other Protein Target.Other Protein Target,Other Protein Target,Other Protein Target,0864-1>0864,-,htr6|-|5-hydroxytryptamine receptor 6|5-ht-6|5-ht6|serotonin receptor 6
CHEMBL1075269,21,21,0003,Receptor.G protein-coupled receptor,Receptor,G protein-coupled receptor,0003>0694>0688,-,adora3|a3ar|adenosine receptor a3|gpcr2|-
CHEMBL1075275,-,-,-,Other Protein Target.Other Protein Target,Other Protein Target,Other Protein Target,0864-1>0864,-,aurkb|ark-2|aurora 1|aurora kinase b|aurora- and ipl1-like midbody-associated protein 1|aurora-related kinase 2|aurora/ipl1-related kinase 2|stk-1|serine/threonine-protein kinase 12|serine/threonine-protein kinase 5|serine/threonine-protein kinase aurora-b|aik2|aim1|airk2|ark2|stk1|stk12|stk5|-
CHEMBL1075280,1990,1990,0568,Enzyme.Transferase,Enzyme,Transferase,0568>0681>0698>0690-2>0690,-,clk1|cdc-like kinase 1|dual specificity protein kinase clk1|protein kinase sty|clk|sty|-
CHEMBL1075281,1991,1991,0568,Enzyme.Transferase,Enzyme,Transferase,0568>0681>0698>0690-2>0690,-,clk2|cdc-like kinase 2|dual specificity protein kinase clk2|-
CHEMBL1075282,1992,1992,0568,Enzyme.Transferase,Enzyme,Transferase,0568>0681>0698>0690-2>0690,-,clk3|cdc-like kinase 3|dual specificity protein kinase clk3|-
CHEMBL1075283,1993,1993,0568,Enzyme.Transferase,Enzyme,Transferase,0568>0681>0698>0690-2>0690,-,clk4|cdc-like kinase 4|dual specificity protein kinase clk4|-
CHEMBL1075284,-,-,-,Other Protein Target.Other Protein Target,Other Protein Target,Other Protein Target,0864-1>0864,-,dgat1|arat|acyl-coa retinol o-fatty-acyltransferase|diacylglycerol o-acyltransferase 1|diglyceride acyltransferase|retinol o-fatty-acyltransferase|dgat|-
CHEMBL1075294,-,-,-,Other Protein Target.Other Protein Target,Other Protein Target,Other Protein Target,0864-1>0864,-,"ido1|-|indoleamine 2,3-dioxygenase 1|ido-1|ido|indo|indoleamine-pyrrole 2,3-dioxygenase"
CHEMBL1075302,916,916,0173,Transporter.ATP-binding cassette transporter,Transporter,ATP-binding cassette transporter,0173>0143>0863>0691,-,slc5a2|-|sodium/glucose cotransporter 2|low affinity sodium-glucose cotransporter|na/glucose cotransporter 2|sglt2|solute carrier family 5 member 2
CHEMBL1075307,2887,2887,0899,Enzyme.Oxidoreductase,Enzyme,Oxidoreductase,0899>0690-1>0690,-,"tdo2|-|tryptophan 2,3-dioxygenase|tdo|to|trpo|tryptamin 2,3-dioxygenase|tryptophan oxygenase|tryptophan pyrrolase|tryptophanase"
CHEMBL1075317,2831,2831,0903,Other Protein Target.Other Protein Target,Other Protein Target,Other Protein Target,0903>0864,-,wdr5|-|wd repeat-containing protein 5|big3|bmp2-induced 3-kb gene protein
CHEMBL1075319,500,500,0078,Ion Channel.Voltage-gated ion channel,Ion Channel,Voltage-gated ion channel,0078>0696>0689,-,trpm8|ltrpc-6|ltrpc6|long transient receptor potential channel 6|transient receptor potential cation channel subfamily m member 8|transient receptor potential p8|trp-p8|trpp8|-
CHEMBL1075320,-,-,-,Other Protein Target.Other Protein Target,Other Protein Target,Other Protein Target,0864-1>0864,-,nadd|-|probable nicotinate-nucleotide adenylyltransferase|deamido-nad diphosphorylase|deamido-nad pyrophosphorylase|namn adenylyltransferase|nicotinate mononucleotide adenylyltransferase
CHEMBL1075323,2904,2904,0784,Other Protein Target.Other Protein Target,Other Protein Target,Other Protein Target,0784>0864,-,hsp90b1|94 kda glucose-regulated protein|endoplasmin|grp-94|heat shock protein 90 kda beta member 1|heat shock protein family c member 4|tumor rejection antigen 1|gp96 homolog|grp94|hspc4|tra1|-
CHEMBL1163101,2020,2020,0580,Enzyme.Transferase,Enzyme,Transferase,0580>0683>0698>0690-2>0690,-,ern1|endoplasmic reticulum-to-nucleus signaling 1|ire1a|inositol-requiring protein 1|ire1-alpha|serine/threonine-protein kinase/endoribonuclease ire1|hire1p|ire1|-
CHEMBL1163106,-,-,-,Other Protein Target.Other Protein Target,Other Protein Target,Other Protein Target,0864-1>0864,-,mak|male germ cell-associated kinase|serine/threonine-protein kinase mak|-
CHEMBL1163108,2224,2224,0542,Enzyme.Transferase,Enzyme,Transferase,0542>0467>0685>0698>0690-2>0690,-,stk39|dcht|ste20/sps1-related proline-alanine-rich protein kinase|serine/threonine-protein kinase 39|ste-20-related kinase|pask|spak|-
CHEMBL1163109,-,-,-,Other Protein Target.Other Protein Target,Other Protein Target,Other Protein Target,0864-1>0864,-,cdr1|-|multidrug resistance protein cdr1
CHEMBL1163111,-,-,-,Other Protein Target.Other Protein Target,Other Protein Target,Other Protein Target,0864-1>0864,-,il5|-|interleukin-5|b-cell growth factor ii|bcgf-ii|cytotoxic t-lymphocyte inducer|eosinophil differentiation factor|il-5|t-cell replacing factor|trf
CHEMBL1163122,-,-,-,Other Protein Target.Other Protein Target,Other Protein Target,Other Protein Target,0864-1>0864,-,-|type-2 angiotensin ii receptor|angiotensin ii type-2 receptor|angiotensin type ii receptor
CHEMBL1163123,2081,2081,0621,Enzyme.Transferase,Enzyme,Transferase,0621>0685>0698>0690-2>0690,-,map3k6|apoptosis signal-regulating kinase 2|mitogen-activated protein kinase kinase kinase 6|ask2|mapkkk6|mekk6|-
CHEMBL1163125,1945,1945,0558,Enzyme.Transferase,Enzyme,Transferase,0558>0884>0865>0690,-,brd4|bromodomain-containing protein 4|protein hunk1|hunk1|-
CHEMBL1163126,-,-,-,Other Protein Target.Other Protein Target,Other Protein Target,Other Protein Target,0864-1>0864,-,cilk1|ciliogenesis associated kinase 1|intestinal cell kinase|lck2|laryngeal cancer kinase 2|mak-related kinase|mrk|serine/threonine-protein kinase ick|hick|ick|kiaa0936|-
CHEMBL1163129,-,-,-,Other Protein Target.Other Protein Target,Other Protein Target,Other Protein Target,0864-1>0864,-,sbk1|-|serine/threonine-protein kinase sbk1|sh3 domain-binding kinase 1
CHEMBL1163130,-,-,-,Other Protein Target.Other Protein Target,Other Protein Target,Other Protein Target,0864-1>0864,-,-|bifunctional dihydrofolate reductase-thymidylate synthase|dhfr-ts
CHEMBL1169596,1933,1933,0610,Enzyme.Transferase,Enzyme,Transferase,0610>0687>0699>0862>0688,-,araf|proto-oncogene a-raf|proto-oncogene a-raf-1|proto-oncogene pks|serine/threonine-protein kinase a-raf|araf1|pks|pks2|-
CHEMBL1169597,-,-,-,Other Protein Target.Other Protein Target,Other Protein Target,Other Protein Target,0864-1>0864,-,"pgd|-|6-phosphogluconate dehydrogenase, decarboxylating"
CHEMBL1169598,-,-,-,Other Protein Target.Other Protein Target,Other Protein Target,Other Protein Target,0864-1>0864,-,pa|polymerase acidic protein|rna-directed rna polymerase subunit p2|-
CHEMBL1250368,-,-,-,Other Protein Target.Other Protein Target,Other Protein Target,Other Protein Target,0864-1>0864,-,enr|enoyl-acyl carrier reductase|-
CHEMBL1250378,-,-,-,Other Protein Target.Other Protein Target,Other Protein Target,Other Protein Target,0864-1>0864,-,sf3b3|pre-mrna-splicing factor sf3b 130 kda subunit|sap 130|sf3b130|staf130|spliceosome-associated protein 130|splicing factor 3b subunit 3|kiaa0017|sap130|-
CHEMBL1250379,-,-,-,Other Protein Target.Other Protein Target,Other Protein Target,Other Protein Target,0864-1>0864,-,elavl1|elav-like protein 1|hu-antigen r|hur|-
CHEMBL1250402,494,494,0078,Ion Channel.Voltage-gated ion channel,Ion Channel,Voltage-gated ion channel,0078>0696>0689,-,trpm2|estrogen-responsive element-associated gene 1 protein|ltrpc-2|ltrpc2|long transient receptor potential channel 2|transient receptor potential cation channel subfamily m member 2|transient receptor potential channel 7|transient receptor potential melastatin 2|trpc7|ereg1|knp3|-
CHEMBL1255126,-,-,-,Other Protein Target.Other Protein Target,Other Protein Target,Other Protein Target,0864-1>0864,-,mdm4|double minute 4 protein|mdm2-like p53-binding protein|protein mdm4|protein mdmx|p53-binding protein mdm4|mdmx|-
CHEMBL1255149,-,-,-,Other Protein Target.Other Protein Target,Other Protein Target,Other Protein Target,0864-1>0864,-,prcp|lysosomal pro-x carboxypeptidase|proline carboxypeptidase|prolylcarboxypeptidase|-
CHEMBL1255160,-,-,-,Other Protein Target.Other Protein Target,Other Protein Target,Other Protein Target,0864-1>0864,-,hrh4|-|histamine h4 receptor|histamine receptor h4
CHEMBL1255163,3145,3145,1042,Enzyme.Transferase,Enzyme,Transferase,1042>0690-2>0690,-,porcn|protein mg61|protein-serine o-palmitoleoyltransferase porcupine|mg61|porc|ppn|-
CHEMBL1255164,-,-,-,Other Protein Target.Other Protein Target,Other Protein Target,Other Protein Target,0864-1>0864,-,porcn|protein-serine o-palmitoleoyltransferase porcupine|mporc|porc|ppn|-
CHEMBL1275212,3236,3236,1080,Enzyme.Transferase,Enzyme,Transferase,1080>0698>0690-2>0690,-,khk|hepatic fructokinase|ketohexokinase|-
CHEMBL1275214,-,-,-,Other Protein Target.Other Protein Target,Other Protein Target,Other Protein Target,0864-1>0864,-,"menb|-|1,4-dihydroxy-2-naphthoyl-coa synthase|dhna-coa synthase"
CHEMBL1275221,1257,1257,0254,Enzyme.Transferase,Enzyme,Transferase,0254>0239>0690,-,prmt6|heterogeneous nuclear ribonucleoprotein methyltransferase-like protein 6|histone-arginine n-methyltransferase prmt6|protein arginine n-methyltransferase 6|hrmt1l6|-
CHEMBL1287622,-,-,-,Other Protein Target.Other Protein Target,Other Protein Target,Other Protein Target,0864-1>0864,-,l3mbtl1|h-lmbt|h-lmbt protein|lmbt protein homolog|lmbt-like|lethalmalignant brain tumor-like protein 1|kiaa0681|l3mbt|l3mbtl|-
CHEMBL1287623,2830,2830,0902,Other Protein Target.Other Protein Target,Other Protein Target,Other Protein Target,0902>0901>0864,-,l3mbtl3|h-lmbt-like protein 3|lmbt-like protein 3|l3mbt-like 3|lethalmalignant brain tumor-like protein 3|mbt-1|kiaa1798|mbt1|-
CHEMBL1287627,3002,3002,0993,Enzyme.Oxidoreductase,Enzyme,Oxidoreductase,0993>0690-1>0690,-,cybb|cgd91-phox|cytochrome b subunit beta|cytochrome b-245 heavy chain|cytochrome b558 subunit beta|heme-binding membrane glycoprotein gp91phox|nadph oxidase 2|neutrophil cytochrome b 91 kda polypeptide|superoxide-generating nadph oxidase heavy chain subunit|gp91-1|gp91-phox|p22 phagocyte b-cytochrome|nox2|-
CHEMBL1293197,2982,2982,0981,Enzyme.Hydrolase,Enzyme,Hydrolase,0981>0690-4>0690,-,chia|amcase|acidic mammalian chitinase|lung-specific protein tsa1902|-
CHEMBL1293204,-,-,-,Other Protein Target.Other Protein Target,Other Protein Target,Other Protein Target,0864-1>0864,-,ccr2|-|c-c chemokine receptor type 2|c-c ckr-2|cc-ckr-2|ccr-2|cmkbr2
CHEMBL1293222,1762,1762,0317,Receptor.Catalytic Receptor,Receptor,Catalytic Receptor,0317>0302>0862>0688,-,nod1|caspase recruitment domain-containing protein 4|nucleotide-binding oligomerization domain-containing protein 1|hnod1|card4|-
CHEMBL1293224,-,-,-,Other Protein Target.Other Protein Target,Other Protein Target,Other Protein Target,0864-1>0864,-,mapt|microtubule-associated protein tau|neurofibrillary tangle protein|phf-tau|paired helical filament-tau|maptl|mtbt1|tau|-
CHEMBL1293226,2679,2679,0869,Enzyme.Oxidoreductase,Enzyme,Oxidoreductase,0869>0865>0690,-,kdm4e|-|lysine-specific demethylase 4e|kdm4d-like protein|kdm4dl|lysine-specific demethylase 4d-like|-trimethyl-l-lysine demethylase 4e
CHEMBL1293237,3260,3260,1091,Enzyme.Isomerase,Enzyme,Isomerase,1091>0690-5>0690,-,"blm|bloom syndrome protein|dna 3'-5' helicase blm|dna helicase, recq-like type 2|recq protein-like 3|recq-like dna helicase blm|recq2|recql3|-"
CHEMBL1293255,1384,1384,0270,Enzyme.Multifunctional,Enzyme,Multifunctional,0270>0243>0690,-,hpgd|15-pgdh|15-hydroxyprostaglandin dehydrogenase|eicosanoid/docosanoid dehydrogenase|prostaglandin dehydrogenase 1|short chain dehydrogenase/reductase family 36c member 1|pgdh1|sdr36c1|-
CHEMBL1293266,1763,1763,0317,Receptor.Catalytic Receptor,Receptor,Catalytic Receptor,0317>0302>0862>0688,-,nod2|caspase recruitment domain-containing protein 15|inflammatory bowel disease protein 1|nucleotide-binding oligomerization domain-containing protein 2|card15|-
CHEMBL1293267,102,102,0016,Receptor.G protein-coupled receptor,Receptor,G protein-coupled receptor,0016>0115>0694>0688,-,gpr35|g-protein coupled receptor 35|kyna receptor|kynurenic acid receptor|-
CHEMBL1293269,-,-,-,Other Protein Target.Other Protein Target,Other Protein Target,Other Protein Target,0864-1>0864,-,ns3|-|genome polyprotein
CHEMBL1293287,2371,2371,0744,Enzyme.Hydrolase,Enzyme,Hydrolase,0744>0715>0759>0690-4>0690,-,ide|abeta-degrading protease|insulin protease|insulin-degrading enzyme|insulinase|insulysin|-
CHEMBL1293289,1944,1944,0558,Enzyme.Transferase,Enzyme,Transferase,0558>0884>0865>0690,-,brd2|bromodomain-containing protein 2|o27.1.1|kiaa9001|ring3|-
CHEMBL1293292,429,429,0074,Ion Channel.Voltage-gated ion channel,Ion Channel,Voltage-gated ion channel,0074>0133>0696>0689,-,"kcnj1|atp-regulated potassium channel rom-k|atp-sensitive inward rectifier potassium channel 1|inward rectifier k channel kir1.1|potassium channel, inwardly rectifying subfamily j member 1|romk1|-"
CHEMBL1293293,303,303,0045,Receptor.G protein-coupled receptor,Receptor,G protein-coupled receptor,0045>0694>0688,-,npbwr1|g-protein coupled receptor 7|neuropeptides b/w receptor type 1|gpr7|-
CHEMBL1293295,2429,2429,0730,Enzyme.Hydrolase,Enzyme,Hydrolase,0730>0709>0759>0690-4>0690,-,usp14|deubiquitinating enzyme 14|ubiquitin carboxyl-terminal hydrolase 14|ubiquitin thioesterase 14|ubiquitin-specific-processing protease 14|tgt|-
CHEMBL1293299,-,-,-,Other Protein Target.Other Protein Target,Other Protein Target,Other Protein Target,0864-1>0864,-,kmt2a|all-1|cxxc-type zinc finger protein 7|cysteine methyltransferase kmt2a|histone-lysine n-methyltransferase 2a|lysine n-methyltransferase 2a|myeloid/lymphoid or mixed-lineage leukemia|myeloid/lymphoid or mixed-lineage leukemia protein 1|trithorax-like protein|zinc finger protein hrx|all1|cxxc7|hrx|htrx|mll|mll1|trx1|-
CHEMBL1293320,2875,2875,0850,Enzyme.Hydrolase,Enzyme,Hydrolase,0850>0690-4>0690,-,ppme1|pme-1|protein phosphatase methylesterase 1|pme1|-
CHEMBL1613743,-,-,-,Other Protein Target.Other Protein Target,Other Protein Target,Other Protein Target,0864-1>0864,-,ncf1|47 kda autosomal chronic granulomatous disease protein|47 kda neutrophil oxidase factor|ncf-1|ncf-47k|neutrophil nadph oxidase factor 1|neutrophil cytosol factor 1|nox organizer 2|nox-organizing protein 2|sh3 and px domain-containing protein 1a|p47-phox|noxo2|sh3pxd1a|-
CHEMBL1615381,-,-,-,Other Protein Target.Other Protein Target,Other Protein Target,Other Protein Target,0864-1>0864,-,men1|menin|scg2|-
CHEMBL1615384,972,972,0184,Transporter.SLC superfamily of solute carrier,Transporter,SLC superfamily of solute carrier,0184>0863>0691,-,slc12a5|electroneutral potassium-chloride cotransporter 2|k-cl cotransporter 2|neuronal k-cl cotransporter|solute carrier family 12 member 5|hkcc2|kcc2|kiaa1176|-
CHEMBL1628461,271,271,0035,Receptor.G protein-coupled receptor,Receptor,G protein-coupled receptor,0035>0694>0688,-,oxer1|5-oxo-ete g-protein coupled receptor|g-protein coupled receptor 170|g-protein coupled receptor r527|g-protein coupled receptor tg1019|oxoeicosanoid receptor 1|gpr170|tg1019|-
CHEMBL1628477,684,684,0118,Ion Channel.Ligand-gated ion channel,Ion Channel,Ligand-gated ion channel,0118>0697>0689,-,"asic1|acid-sensing ion channel 1|amiloride-sensitive cation channel 2, neuronal|brain sodium channel 2|accn2|bnac2|-"
CHEMBL1628481,36,36,0007,Receptor.G protein-coupled receptor,Receptor,G protein-coupled receptor,0007>0694>0688,-,aplnr|-|apelin receptor|agtrl1|apj|angiotensin receptor-like 1|g-protein coupled receptor apj|g-protein coupled receptor hg11
CHEMBL1641346,-,-,-,Other Protein Target.Other Protein Target,Other Protein Target,Other Protein Target,0864-1>0864,-,atpe|-|atp synthase subunit c|atp synthase f sector subunit c|f-atpase subunit c|f-type atpase subunit c|lipid-binding protein|putative uncharacterized protein atpe
CHEMBL1641359,-,-,-,Other Protein Target.Other Protein Target,Other Protein Target,Other Protein Target,0864-1>0864,-,-|lipoxygenase
CHEMBL1649048,-,-,-,Other Protein Target.Other Protein Target,Other Protein Target,Other Protein Target,0864-1>0864,-,dnase1l3|dnase i homolog protein dhp2|dnase i-like 3|dnase gamma|deoxyribonuclease i-like 3|deoxyribonuclease gamma|ls-dnase|lsd|liver and spleen dnase|dhp2|dnas1l3|-
CHEMBL1649052,-,-,-,Other Protein Target.Other Protein Target,Other Protein Target,Other Protein Target,0864-1>0864,-,ccl2|c-c motif chemokine 2|hc11|mcaf|mcp-1|monocyte chemoattractant protein 1|monocyte chemotactic and activating factor|monocyte chemotactic protein 1|monocyte secretory protein je|small-inducible cytokine a2|mcp1|scya2|-
CHEMBL1667683,-,-,-,Other Protein Target.Other Protein Target,Other Protein Target,Other Protein Target,0864-1>0864,-,-|neuraminidase|na
CHEMBL1667685,-,-,-,Other Protein Target.Other Protein Target,Other Protein Target,Other Protein Target,0864-1>0864,-,-|neuraminidase|na
CHEMBL1667686,-,-,-,Other Protein Target.Other Protein Target,Other Protein Target,Other Protein Target,0864-1>0864,-,-|neuraminidase|na
CHEMBL1667695,-,-,-,Other Protein Target.Other Protein Target,Other Protein Target,Other Protein Target,0864-1>0864,-,blandm-1|-|metallo-beta-lactamase type 2|b2 metallo-beta-lactamase|beta-lactamase type ii|metallo-beta-lactamase ndm-1|metallo-beta-lactamase type ii|ndm-1|new delhi metallo-beta-lactamase-1
CHEMBL1671609,-,-,-,Other Protein Target.Other Protein Target,Other Protein Target,Other Protein Target,0864-1>0864,-,ero1a|ero1-l|ero1-l-alpha|ero1-like protein alpha|endoplasmic oxidoreductin-1-like protein|endoplasmic reticulum oxidoreductase alpha|oxidoreductin-1-l-alpha|ero1l|-
CHEMBL1671612,-,-,-,Other Protein Target.Other Protein Target,Other Protein Target,Other Protein Target,0864-1>0864,-,uqcrb|complex iii subunit 7|complex iii subunit vii|cytochrome b-c1 complex subunit 7|qp-c|ubiquinol-cytochrome c reductase complex 14 kda protein|uqbp|-
CHEMBL1671613,-,-,-,Other Protein Target.Other Protein Target,Other Protein Target,Other Protein Target,0864-1>0864,-,agtr1|-|type-1 angiotensin ii receptor|at1 receptor|angiotensin ii type-1 receptor
CHEMBL1681620,-,-,-,Other Protein Target.Other Protein Target,Other Protein Target,Other Protein Target,0864-1>0864,-,fola|-|dihydrofolate reductase|dhfr
CHEMBL1687677,-,-,-,Other Protein Target.Other Protein Target,Other Protein Target,Other Protein Target,0864-1>0864,-,pnlip|-|pancreatic triacylglycerol lipase|pl|ptl|pancreatic lipase
CHEMBL1697657,3179,3179,0845,Enzyme.Isomerase,Enzyme,Isomerase,0845>0690-5>0690,-,ppid|40 kda peptidyl-prolyl cis-trans isomerase|cyp-40|cyclophilin-40|cyclophilin-related protein|ppiase d|peptidyl-prolyl cis-trans isomerase d|rotamase d|cyp40|cypd|-
CHEMBL1697662,-,-,-,Other Protein Target.Other Protein Target,Other Protein Target,Other Protein Target,0864-1>0864,-,bote|bont/e|bontoxilysin-e|botulinum neurotoxin type e|-
CHEMBL1697671,-,-,-,Other Protein Target.Other Protein Target,Other Protein Target,Other Protein Target,0864-1>0864,-,pgf|plgf|placenta growth factor|pgfl|-
CHEMBL1741162,-,-,-,Other Protein Target.Other Protein Target,Other Protein Target,Other Protein Target,0864-1>0864,-,pmm2|pmm 2|phosphomannomutase 2|-
CHEMBL1741179,-,-,-,Other Protein Target.Other Protein Target,Other Protein Target,Other Protein Target,0864-1>0864,-,apobec3a|a3a|dna dc->du-editing enzyme apobec-3a|phorbolin-1|-
CHEMBL1741186,600,600,0088,Receptor.Nuclear Hormone Receptor,Receptor,Nuclear Hormone Receptor,0088>0695>0688,-,rorc|nuclear receptor ror-gamma|nuclear receptor rzr-gamma|nuclear receptor subfamily 1 group f member 3|rar-related orphan receptor c|retinoid-related orphan receptor-gamma|nr1f3|rorg|rzrg|-
CHEMBL1741203,-,-,-,Other Protein Target.Other Protein Target,Other Protein Target,Other Protein Target,0864-1>0864,-,scarb1|sr-bi|srb1|scavenger receptor class b member 1|-
CHEMBL1741208,1770,1770,0317,Receptor.Catalytic Receptor,Receptor,Catalytic Receptor,0317>0302>0862>0688,-,"nlrp3|angiotensin/vasopressin receptor aii/avp-like|clr1.1|caterpiller protein 1.1|cold-induced autoinflammatory syndrome 1 protein|cryopyrin|nacht, lrr and pyd domains-containing protein 3|pyrin-containing apaf1-like protein 1|c1orf7|cias1|nalp3|pypaf1|-"
CHEMBL1741217,-,-,-,Other Protein Target.Other Protein Target,Other Protein Target,Other Protein Target,0864-1>0864,-,apobec3g|a3g|apobec-related cytidine deaminase|apobec-related protein|apobec-related protein 9|arcd|arp-9|cem-15|cem15|dna dc->du-editing enzyme apobec-3g|deoxycytidine deaminase|-
CHEMBL1741219,489,489,0078,Ion Channel.Voltage-gated ion channel,Ion Channel,Voltage-gated ion channel,0078>0696>0689,-,trpc4|capacitative calcium entry channel trp4|receptor-activated cation channel trp4|short transient receptor potential channel 4|trrp4|-
CHEMBL1741220,2722,2722,0867,Other Protein Target.Other Protein Target,Other Protein Target,Other Protein Target,0867>0866>0864,-,baz2b|bromodomain adjacent to zinc finger domain protein 2b|hwalp4|kiaa1476|-
CHEMBL1741221,-,-,-,Other Protein Target.Other Protein Target,Other Protein Target,Other Protein Target,0864-1>0864,-,atg4b|aut-like 1 cysteine endopeptidase|autophagin-1|autophagy-related cysteine endopeptidase 1|autophagy-related protein 4 homolog b|cysteine protease atg4b|hsapg4b|hapg4b|apg4b|autl1|kiaa0943|-
CHEMBL1743126,1216,1216,0236,Transporter.SLC superfamily of solute carrier,Transporter,SLC superfamily of solute carrier,0236>0863>0691,-,slc47a1|mate-1|multidrug and toxin extrusion protein 1|solute carrier family 47 member 1|hmate-1|mate1|-
CHEMBL1743183,1391,1391,0272,Enzyme.Hydrolase,Enzyme,Hydrolase,0272>0243>0690,-,ltc4s|glutathione s-transferase ltc4|ltc4 synthase|leukotriene c4 synthase|leukotriene-c synthase|leukotriene-c4 synthase|-
CHEMBL1744522,3148,3148,1043,Other Protein Target.Other Protein Target,Other Protein Target,Other Protein Target,1043>0864,-,epas1|basic-helix-loop-helix-pas protein mop2|class e basic helix-loop-helix protein 73|epas-1|endothelial pas domain-containing protein 1|hif-1-alpha-like factor|hif-2-alpha|hif2-alpha|hlf|hypoxia-inducible factor 2-alpha|member of pas protein 2|pas domain-containing protein 2|bhlhe73|hif2a|mop2|pasd2|-
CHEMBL1744525,-,-,-,Other Protein Target.Other Protein Target,Other Protein Target,Other Protein Target,0864-1>0864,-,nampt|namprtase|nicotinamide phosphoribosyltransferase|pre-b cell-enhancing factor|pre-b-cell colony-enhancing factor 1|visfatin|pbef|pbef1|-
CHEMBL1764946,-,-,-,Other Protein Target.Other Protein Target,Other Protein Target,Other Protein Target,0864-1>0864,-,cbx7|chromobox protein homolog 7|-
CHEMBL1770034,-,-,-,Other Protein Target.Other Protein Target,Other Protein Target,Other Protein Target,0864-1>0864,-,pip4k2c|pip 4-kinase type ii gamma|pip4kii-gamma|phosphatidylinositol 5-phosphate 4-kinase type ii gamma|phosphatidylinositol 5-phosphate 4-kinase type-2 gamma|pip5k2c|-
CHEMBL1770046,330,330,0052,Receptor.G protein-coupled receptor,Receptor,G protein-coupled receptor,0052>0694>0688,-,p2ry14|-|p2y purinoceptor 14|g-protein coupled receptor 105|gpr105|p2y14|udp-glucose receptor
CHEMBL1772927,-,-,-,Other Protein Target.Other Protein Target,Other Protein Target,Other Protein Target,0864-1>0864,-,"shmt1|glycine hydroxymethyltransferase|shmt|serine hydroxymethyltransferase, cytosolic|serine methylase|-"
CHEMBL1781,-,-,-,Other Protein Target.Other Protein Target,Other Protein Target,Other Protein Target,0864-1>0864,-,top1|dna topoisomerase 1|dna topoisomerase i|-
CHEMBL1781862,-,-,-,Other Protein Target.Other Protein Target,Other Protein Target,Other Protein Target,0864-1>0864,-,cdpk1|non-specific serine/threonine protein kinase|calmodulin-domain protein kinase 1|-
CHEMBL1781865,-,-,-,Other Protein Target.Other Protein Target,Other Protein Target,Other Protein Target,0864-1>0864,-,hspa5|78 kda glucose-regulated protein|bip|binding-immunoglobulin protein|endoplasmic reticulum chaperone bip|grp-78|hsp70 family protein 5|heat shock protein 70 family protein 5|heat shock protein family a member 5|immunoglobulin heavy chain-binding protein|grp78|-
CHEMBL1782,644,644,0104,Enzyme.Transferase,Enzyme,Transferase,0104>0690-2>0690,-,fdps|-farnesyl diphosphate synthase|dimethylallyltranstransferase|fpp synthase|fps|farnesyl diphosphate synthase|farnesyl pyrophosphate synthase|geranyltranstransferase|kiaa1293|-
CHEMBL1784,249,249,0029,Receptor.G protein-coupled receptor,Receptor,G protein-coupled receptor,0029>0694>0688,-,glp1r|glp-1 receptor|glp-1-r|glp-1r|glucagon-like peptide 1 receptor|-
CHEMBL1785,220,220,0021,Receptor.G protein-coupled receptor,Receptor,G protein-coupled receptor,0021>0694>0688,-,ednrb|et-b|et-br|endothelin receptor non-selective type|endothelin receptor type b|etrb|-
CHEMBL1787,-,-,-,Other Protein Target.Other Protein Target,Other Protein Target,Other Protein Target,0864-1>0864,-,srd5a1|3-oxo-5-alpha-steroid 4-dehydrogenase 1|s5ar 1|sr type 1|steroid 5-alpha-reductase 1|-
CHEMBL1790,368,368,0066,Receptor.G protein-coupled receptor,Receptor,G protein-coupled receptor,0066>0694>0688,-,avpr2|avpr v2|antidiuretic hormone receptor|renal-type arginine vasopressin receptor|v2r|vasopressin v2 receptor|adhr|dir|dir3|-
CHEMBL1792,359,359,0061,Receptor.G protein-coupled receptor,Receptor,G protein-coupled receptor,0061>0694>0688,-,sstr5|ss-5-r|ss5-r|ss5r|sst5|somatostatin receptor type 5|-
CHEMBL1795101,-,-,-,Other Protein Target.Other Protein Target,Other Protein Target,Other Protein Target,0864-1>0864,-,def|-|peptide deformylase|pdf|polypeptide deformylase
CHEMBL1795116,1256,1256,0254,Enzyme.Transferase,Enzyme,Transferase,0254>0239>0690,-,prmt5|72 kda icln-binding protein|histone-arginine n-methyltransferase prmt5|jak-binding protein 1|protein arginine n-methyltransferase 5|skb1 homolog|skb1hs|shk1 kinase-binding protein 1 homolog|hrmt1l5|ibp72|jbp1|skb1|-
CHEMBL1795117,2650,2650,0871,Enzyme.Transferase,Enzyme,Transferase,0871>0865>0690,-,"dot1l|dot1-like protein|h3-k79-hmtase|histone h3-k79 methyltransferase|histone-lysine n-methyltransferase, h3 lysine-79 specific|lysine n-methyltransferase 4|kiaa1814|kmt4|-"
CHEMBL1795118,2715,2715,0871,Enzyme.Transferase,Enzyme,Transferase,0871>0865>0690,-,suv39h1|h3-k9-hmtase 1|histone h3-k9 methyltransferase 1|histone-lysine n-methyltransferase suv39h1|lysine n-methyltransferase 1a|position-effect variegation 3-9 homolog|su3-9 homolog 1|suppressor of variegation 3-9 homolog 1|kmt1a|suv39h|-
CHEMBL1795119,-,-,-,Other Protein Target.Other Protein Target,Other Protein Target,Other Protein Target,0864-1>0864,-,-|chitinase
CHEMBL1795126,-,-,-,Other Protein Target.Other Protein Target,Other Protein Target,Other Protein Target,0864-1>0864,-,"pde10a|camp and camp-inhibited cgmp 3',5'-cyclic phosphodiesterase 10a|-"
CHEMBL1795136,-,-,-,Other Protein Target.Other Protein Target,Other Protein Target,Other Protein Target,0864-1>0864,-,fasn|-|fatty acid synthase|fas
CHEMBL1795139,2422,2422,0751,Enzyme.Hydrolase,Enzyme,Hydrolase,0751>0721>0759>0690-4>0690,-,tmprss6|matriptase-2|transmembrane protease serine 6|-
CHEMBL1795143,-,-,-,Other Protein Target.Other Protein Target,Other Protein Target,Other Protein Target,0864-1>0864,-,parg|poly glycohydrolase|-
CHEMBL1795148,1245,1245,0250,Enzyme.Hydrolase,Enzyme,Hydrolase,0250>0239>0690,-,"arg2|arginase ii|arginase-2, mitochondrial|kidney-type arginase|non-hepatic arginase|type ii arginase|-"
CHEMBL1795167,-,-,-,Other Protein Target.Other Protein Target,Other Protein Target,Other Protein Target,0864-1>0864,-,tlr4|toll-like receptor 4|lps|-
CHEMBL1795176,2704,2704,0871,Enzyme.Transferase,Enzyme,Transferase,0871>0865>0690,-,kmt5a|h4-k20-hmtase kmt5a|histone-lysine n-methyltransferase kmt5a|lysine n-methyltransferase 5a|lysine-specific methylase 5a|n-lysine methyltransferase kmt5a|pr-set7|pr/set domain-containing protein 07|pr/set07|set domain-containing protein 8|prset7|set07|set8|setd8|-
CHEMBL1795177,2716,2716,0871,Enzyme.Transferase,Enzyme,Transferase,0871>0865>0690,-,suv39h2|h3-k9-hmtase 2|histone h3-k9 methyltransferase 2|histone-lysine n-methyltransferase suv39h2|lysine n-methyltransferase 1b|su3-9 homolog 2|suppressor of variegation 3-9 homolog 2|kmt1b|-
CHEMBL1795180,-,-,-,Other Protein Target.Other Protein Target,Other Protein Target,Other Protein Target,0864-1>0864,-,ffar1|-|free fatty acid receptor 1|g-protein coupled receptor 40|gpr40
CHEMBL1795185,2729,2729,0867,Other Protein Target.Other Protein Target,Other Protein Target,Other Protein Target,0867>0866>0864,-,brdt|bromodomain testis-specific protein|ct9|cancer/testis antigen 9|ring3-like protein|-
CHEMBL1795186,2725,2725,0558,Enzyme.Transferase,Enzyme,Transferase,0558>0884>0865>0690,-,brd3|bromodomain-containing protein 3|ring3-like protein|kiaa0043|ring3l|-
CHEMBL1795188,1213,1213,0235,Transporter.SLC superfamily of solute carrier,Transporter,SLC superfamily of solute carrier,0235>0863>0691,-,slc46a1|heme carrier protein 1|hspcft|pcft/hcp1|proton-coupled folate transporter|solute carrier family 46 member 1|hpcft|g21|hcp1|pcft|-
CHEMBL1795192,1966,1966,0490,Enzyme.Transferase,Enzyme,Transferase,0490>0453>0681>0698>0690-2>0690,-,cdk13|cdc2-related protein kinase 5|cell division cycle 2-like protein kinase 5|cell division protein kinase 13|cholinesterase-related cell division controller|cyclin-dependent kinase 13|hcdk13|cdc2l|cdc2l5|ched|kiaa1791|-
CHEMBL1795194,2858,2858,0782,Enzyme.Transferase,Enzyme,Transferase,0782>0244>0690,-,pip4k2a|1-phosphatidylinositol 5-phosphate 4-kinase 2-alpha|diphosphoinositide kinase 2-alpha|pip 4-kinase type ii alpha|pi5p4kalpha|pip4kii-alpha|pip5kiii|phosphatidylinositol 5-phosphate 4-kinase|phosphatidylinositol 5-phosphate 4-kinase type ii alpha|phosphatidylinositol 5-phosphate 4-kinase type-2 alpha|ptdinsp-5-kinase b isoform|ptdinsp-5-kinase c isoform|ptdinsp-4-kinase isoform 2-alpha|pi5p4ka|pip5k2|pip5k2a|-
CHEMBL1795199,2191,2191,0613,Enzyme.Transferase,Enzyme,Transferase,0613>0687>0699>0862>0688,-,ripk3|rip-3|rip-like protein kinase 3|receptor-interacting protein 3|receptor-interacting serine/threonine-protein kinase 3|rip3|-
CHEMBL1798,269,269,0035,Receptor.G protein-coupled receptor,Receptor,G protein-coupled receptor,0035>0694>0688,-,cysltr1|cysteinyl leukotriene d4 receptor|cysteinyl leukotriene receptor 1|g-protein coupled receptor hg55|hmtmf81|ltd4 receptor|cyslt1|-
CHEMBL1800,212,212,0019,Receptor.G protein-coupled receptor,Receptor,G protein-coupled receptor,0019>0694>0688,-,crhr1|crf-r-1|crf-r1|crfr-1|crh-r-1|crh-r1|corticotropin-releasing factor receptor 1|corticotropin-releasing hormone receptor 1|crfr|crfr1|crhr|-
CHEMBL1801,2394,2394,0751,Enzyme.Hydrolase,Enzyme,Hydrolase,0751>0721>0759>0690-4>0690,-,plg|plasminogen|-
CHEMBL1803,2451,2451,0760,Receptor.Catalytic Receptor,Receptor,Catalytic Receptor,0760>0862>0688,-,itgal|cd11 antigen-like family member a|integrin alpha-l|lfa-1a|leukocyte adhesion glycoprotein lfa-1 alpha chain|leukocyte function-associated molecule 1 alpha chain|cd11a|-
CHEMBL1804,356,356,0061,Receptor.G protein-coupled receptor,Receptor,G protein-coupled receptor,0061>0694>0688,-,sstr2|srif-1|ss-2-r|ss2-r|ss2r|sst2|somatostatin receptor type 2|-
CHEMBL1805,5,5,0001,Receptor.G protein-coupled receptor,Receptor,G protein-coupled receptor,0001>0694>0688,-,htr1f|-|5-hydroxytryptamine receptor 1f|5-ht-1f|5-ht1f|htr1el|serotonin receptor 1f
CHEMBL1806,2637,2637,0851,Enzyme.Isomerase,Enzyme,Isomerase,0851>0690-5>0690,-,"top2a|dna topoisomerase 2-alpha|dna topoisomerase ii, alpha isozyme|top2|-"
CHEMBL1808,1613,1613,0741,Enzyme.Hydrolase,Enzyme,Hydrolase,0741>0713>0759>0690-4>0690,-,ace|angiotensin-converting enzyme|dipeptidyl carboxypeptidase i|kininase ii|dcp|dcp1|-
CHEMBL1809,-,-,-,Other Protein Target.Other Protein Target,Other Protein Target,Other Protein Target,0864-1>0864,-,fola|-|dihydrofolate reductase|tmra
CHEMBL1811,340,340,0058,Receptor.G protein-coupled receptor,Receptor,G protein-coupled receptor,0058>0694>0688,-,ptger1|pge receptor ep1 subtype|pge2 receptor ep1 subtype|prostaglandin e2 receptor ep1 subtype|prostanoid ep1 receptor|-
CHEMBL1812,2590,2590,0799,Enzyme.Hydrolase,Enzyme,Hydrolase,0799>0690-4>0690,-,pnlip|pl|ptl|pancreatic lipase|pancreatic triacylglycerol lipase|-
CHEMBL1821,16,16,0002,Receptor.G protein-coupled receptor,Receptor,G protein-coupled receptor,0002>0694>0688,-,chrm4|muscarinic acetylcholine receptor m4|-
CHEMBL1822,2624,2624,0920,Enzyme.Multifunctional,Enzyme,Multifunctional,0920>0690-1>0690,-,impdh1|imp dehydrogenase 1|impd 1|impdh 1|impdh-i|inosine-5'-monophosphate dehydrogenase 1|impd1|-
CHEMBL1824,2019,2019,0320,Receptor.Catalytic Receptor,Receptor,Catalytic Receptor,0320>0304>0686>0699>0862>0688,-,erbb2|mln 19|metastatic lymph node gene 19 protein|proto-oncogene neu|proto-oncogene c-erbb-2|receptor tyrosine-protein kinase erbb-2|tyrosine kinase-type cell surface receptor her2|p185erbb2|her2|mln19|neu|ngl|-
CHEMBL1825,-,-,-,Other Protein Target.Other Protein Target,Other Protein Target,Other Protein Target,0864-1>0864,-,tnf|cachectin|tnf-a|tnf-alpha|tumor necrosis factor|tumor necrosis factor ligand superfamily member 2|tnfa|tnfsf2|-
CHEMBL1826,-,-,-,Other Protein Target.Other Protein Target,Other Protein Target,Other Protein Target,0864-1>0864,-,gyrb|dna gyrase subunit b|type iia topoisomerase subunit gyrb|acrb|cou|himb|hisu|nalc|para|pcba|-
CHEMBL1827,1304,1304,0260,Enzyme.Hydrolase,Enzyme,Hydrolase,0260>0241>0690-4>0690,-,"pde5a|cgb-pde|cgmp-binding cgmp-specific phosphodiesterase|cgmp-specific 3',5'-cyclic phosphodiesterase|pde5|-"
CHEMBL1828,-,-,-,Other Protein Target.Other Protein Target,Other Protein Target,Other Protein Target,0864-1>0864,-,pola1|dna polymerase alpha catalytic subunit|dna polymerase alpha catalytic subunit p180|pola|-
CHEMBL1829,2617,2617,0848,Enzyme.Hydrolase,Enzyme,Hydrolase,0848>0865>0690,-,hdac3|hd3|histone deacetylase 3|protein deacetylase hdac3|protein deacylase hdac3|rpd3-2|smap45|-
CHEMBL1833,7,7,0001,Receptor.G protein-coupled receptor,Receptor,G protein-coupled receptor,0001>0694>0688,-,htr2b|5-ht-2b|5-ht2b|5-hydroxytryptamine receptor 2b|serotonin receptor 2b|-
CHEMBL1835,1353,1353,0265,Enzyme.Multifunctional,Enzyme,Multifunctional,0265>0242>0690-1>0690,-,tbxas1|cytochrome p450 5a1|hydroperoxy icosatetraenoate dehydratase|txa synthase|txs|thromboxane-a synthase|cyp5|cyp5a1|txas|-
CHEMBL1836,343,343,0058,Receptor.G protein-coupled receptor,Receptor,G protein-coupled receptor,0058>0694>0688,-,ptger4|pge receptor ep4 subtype|pge2 receptor ep4 subtype|prostaglandin e2 receptor ep4 subtype|prostanoid ep4 receptor|ptger2|-
CHEMBL1841,2026,2026,0619,Enzyme.Transferase,Enzyme,Transferase,0619>0936>0686>0699>0862>0688,-,fyn|proto-oncogene syn|proto-oncogene c-fyn|slk|src-like kinase|tyrosine-protein kinase fyn|p59-fyn|-
CHEMBL1844,1806,1806,0322,Receptor.Catalytic Receptor,Receptor,Catalytic Receptor,0322>0304>0686>0699>0862>0688,-,csf1r|csf-1 receptor|csf-1-r|csf-1r|m-csf-r|macrophage colony-stimulating factor 1 receptor|proto-oncogene c-fms|fms|-
CHEMBL1845,578,578,0082,Ion Channel.Voltage-gated ion channel,Ion Channel,Voltage-gated ion channel,0082>0696>0689,-,scn1a|sodium channel protein brain i subunit alpha|sodium channel protein type 1 subunit alpha|sodium channel protein type i subunit alpha|voltage-gated sodium channel subunit alpha nav1.1|nac1|scn1|-
CHEMBL1849,-,-,-,Other Protein Target.Other Protein Target,Other Protein Target,Other Protein Target,0864-1>0864,-,inha|-|enoyl- reductase|enr|enoyl-acp reductase|fas-ii enoyl-acp reductase|nadh-dependent 2-trans-enoyl-acp reductase
CHEMBL1850,218,218,0020,Receptor.G protein-coupled receptor,Receptor,G protein-coupled receptor,0020>0694>0688,-,drd5|d dopamine receptor|d1beta dopamine receptor|dopamine d5 receptor|drd1b|drd1l2|-
CHEMBL1853,358,358,0061,Receptor.G protein-coupled receptor,Receptor,G protein-coupled receptor,0061>0694>0688,-,sstr4|ss-4-r|ss4-r|ss4r|sst4|somatostatin receptor type 4|-
CHEMBL1855,256,256,0031,Receptor.G protein-coupled receptor,Receptor,G protein-coupled receptor,0031>0694>0688,-,gnrhr|gnrh receptor|gnrh-r|gonadotropin-releasing hormone receptor|grhr|-
CHEMBL1856,2633,2633,0840,Enzyme.Oxidoreductase,Enzyme,Oxidoreductase,0840>0690-1>0690,-,srd5a2|3-oxo-5-alpha-steroid 4-dehydrogenase 2|5 alpha-sr2|s5ar 2|sr type 2|steroid 5-alpha-reductase 2|type ii 5-alpha reductase|-
CHEMBL1859,536,536,0080,Ion Channel.Voltage-gated ion channel,Ion Channel,Voltage-gated ion channel,0080>0696>0689,-,cacna1h|low-voltage-activated calcium channel alpha1 3.2 subunit|voltage-dependent t-type calcium channel subunit alpha-1h|voltage-gated calcium channel subunit alpha cav3.2|-
CHEMBL1860,588,588,0084,Receptor.Nuclear Hormone Receptor,Receptor,Nuclear Hormone Receptor,0084>0695>0688,-,thra|ear-7|nuclear receptor subfamily 1 group a member 1|thyroid hormone receptor alpha|v-erba-related protein 7|c-erba-1|c-erba-alpha|ear7|erba1|nr1a1|thra1|thra2|-
CHEMBL1862,1923,1923,0553,Enzyme.Transferase,Enzyme,Transferase,0553>0936>0686>0699>0862>0688,-,abl1|abelson murine leukemia viral oncogene homolog 1|abelson tyrosine-protein kinase 1|proto-oncogene c-abl|tyrosine-protein kinase abl1|p150|abl|jtk7|-
CHEMBL1865,2618,2618,0848,Enzyme.Hydrolase,Enzyme,Hydrolase,0848>0865>0690,-,hdac6|e3 ubiquitin-protein ligase hdac6|protein deacetylase hdac6|tubulin-lysine deacetylase hdac6|kiaa0901|histone deacetylase 6|-
CHEMBL1867,25,25,0004,Receptor.G protein-coupled receptor,Receptor,G protein-coupled receptor,0004>0694>0688,-,adra2a|alpha-2 adrenergic receptor subtype c10|alpha-2a adrenergic receptor|alpha-2a adrenoceptor|alpha-2a adrenoreceptor|alpha-2aar|adra2r|adrar|-
CHEMBL1868,1812,1812,0324,Receptor.Catalytic Receptor,Receptor,Catalytic Receptor,0324>0304>0686>0699>0862>0688,-,flt1|flt|flt-1|fms-like tyrosine kinase 1|tyrosine-protein kinase frt|tyrosine-protein kinase receptor flt|vegfr-1|vascular endothelial growth factor receptor 1|vascular permeability factor receptor|frt|vegfr1|-
CHEMBL1870,611,611,0092,Receptor.Nuclear Hormone Receptor,Receptor,Nuclear Hormone Receptor,0092>0695>0688,-,rxrb|nuclear receptor subfamily 2 group b member 2|retinoic acid receptor rxr-beta|retinoid x receptor beta|nr2b2|-
CHEMBL1871,628,628,0098,Receptor.Nuclear Hormone Receptor,Receptor,Nuclear Hormone Receptor,0098>0107>0695>0688,-,ar|androgen receptor|dihydrotestosterone receptor|nuclear receptor subfamily 3 group c member 4|dhtr|nr3c4|-
CHEMBL1873,2392,2392,0751,Enzyme.Hydrolase,Enzyme,Hydrolase,0751>0721>0759>0690-4>0690,-,plat|tissue-type plasminogen activator|t-pa|t-plasminogen activator|tpa|-
CHEMBL1875,9,9,0001,Receptor.G protein-coupled receptor,Receptor,G protein-coupled receptor,0001>0694>0688,-,htr4|5-ht-4|5-ht4|5-hydroxytryptamine receptor 4|serotonin receptor 4|-
CHEMBL1878,54,54,0012,Receptor.G protein-coupled receptor,Receptor,G protein-coupled receptor,0012>0694>0688,-,casr|car|extracellular calcium-sensing receptor|pcar1|parathyroid cell calcium-sensing receptor 1|hcasr|gprc2a|-
CHEMBL1881,341,341,0058,Receptor.G protein-coupled receptor,Receptor,G protein-coupled receptor,0058>0694>0688,-,ptger2|pge receptor ep2 subtype|pge2 receptor ep2 subtype|prostaglandin e2 receptor ep2 subtype|prostanoid ep2 receptor|-
CHEMBL1889,366,366,0066,Receptor.G protein-coupled receptor,Receptor,G protein-coupled receptor,0066>0694>0688,-,avpr1a|-|vasopressin v1a receptor|avpr v1a|avpr1|antidiuretic hormone receptor 1a|v1ar|vascular/hepatic-type arginine vasopressin receptor
CHEMBL1892,1606,1606,0748,Enzyme.Hydrolase,Enzyme,Hydrolase,0748>0718>0759>0690-4>0690,-,folh1|cell growth-inhibiting gene 27 protein|fgcp|folate hydrolase 1|folylpoly-gamma-glutamate carboxypeptidase|gcpii|glutamate carboxypeptidase 2|glutamate carboxypeptidase ii|membrane glutamate carboxypeptidase|n-acetylated-alpha-linked acidic dipeptidase i|naaladase i|psm|psma|prostate-specific membrane antigen|pteroylpoly-gamma-glutamate carboxypeptidase|mgcp|folh|naalad1|-
CHEMBL1893,1012,1012,0193,Transporter.SLC superfamily of solute carrier,Transporter,SLC superfamily of solute carrier,0193>0863>0691,-,slc18a2|solute carrier family 18 member 2|synaptic vesicular amine transporter|vat2|vesicular amine transporter 2|vesicular monoamine transporter 2|svmt|vmat2|-
CHEMBL1898,2,2,0001,Receptor.G protein-coupled receptor,Receptor,G protein-coupled receptor,0001>0694>0688,-,htr1b|5-ht-1b|5-ht-1d-beta|5-ht1b|5-hydroxytryptamine receptor 1b|s12|serotonin 1d beta receptor|serotonin receptor 1b|htr1db|-
CHEMBL1899,373,373,0068,Ion Channel.Ligand-gated ion channel,Ion Channel,Ligand-gated ion channel,0068>0697>0689,-,htr3a|5-ht-3|5-ht3-a|5-ht3a|5-ht3r|5-hydroxytryptamine receptor 3|5-hydroxytryptamine receptor 3a|serotonin receptor 3a|serotonin-gated ion channel receptor|5ht3r|htr3|-
CHEMBL1900,2768,2768,0840,Enzyme.Oxidoreductase,Enzyme,Oxidoreductase,0840>0690-1>0690,-,akr1b1|ar|aldehyde reductase|aldo-keto reductase family 1 member b1|aldose reductase|aldr1|alr2|-
CHEMBL1901,76,76,0015,Receptor.G protein-coupled receptor,Receptor,G protein-coupled receptor,0015>0694>0688,-,cckar|cck-a receptor|cck-ar|cck1-r|cholecystokinin receptor type a|cholecystokinin-1 receptor|cckra|-
CHEMBL1902,2609,2609,0845,Enzyme.Isomerase,Enzyme,Isomerase,0845>0690-5>0690,-,fkbp1a|12 kda fk506-binding protein|12 kda fkbp|calstabin-1|fk506-binding protein 1a|fkbp-12|fkbp-1a|immunophilin fkbp12|ppiase fkbp1a|peptidyl-prolyl cis-trans isomerase fkbp1a|rotamase|fkbp1|fkbp12|-
CHEMBL1903,929,929,0177,Transporter.ATP-binding cassette transporter,Transporter,ATP-binding cassette transporter,0177>0144>0863>0691,-,slc6a1|gat-1|sodium- and chloride-dependent gaba transporter 1|solute carrier family 6 member 1|gabatr|gabt1|gat1|-
CHEMBL1904,457,457,0075,Ion Channel.Ligand-gated ion channel,Ion Channel,Ligand-gated ion channel,0075>0697>0689,-,"grin2b|glun2b|glutamate receptor subunit epsilon-2|glutamate receptor ionotropic, nmda 2b|n-methyl d-aspartate receptor subtype 2b|n-methyl-d-aspartate receptor subunit 3|nmdar2b|nr2b|nr3|hnr3|-"
CHEMBL1906,2184,2184,0610,Enzyme.Transferase,Enzyme,Transferase,0610>0687>0699>0862>0688,-,raf1|proto-oncogene c-raf|raf proto-oncogene serine/threonine-protein kinase|raf-1|craf|raf|-
CHEMBL1907,1560,1560,0737,Enzyme.Hydrolase,Enzyme,Hydrolase,0737>0713>0759>0690-4>0690,-,anpep|ap-m|ap-n|alanyl aminopeptidase|aminopeptidase m|aminopeptidase n|microsomal aminopeptidase|myeloid plasma membrane glycoprotein cd13|gp150|hapn|apn|cd13|pepn|-
CHEMBL1908,1359,1359,0266,Enzyme.Oxidoreductase,Enzyme,Oxidoreductase,0266>0242>0690-1>0690,-,"cyp11b1|cypxib1|cytochrome p-450c11|cytochrome p450 11b1, mitochondrial|cytochrome p450c11|steroid 11-beta-hydroxylase, cyp11b1|s11bh|-"
CHEMBL1908384,-,-,-,Other Protein Target.Other Protein Target,Other Protein Target,Other Protein Target,0864-1>0864,-,snrk|snf-related serine/threonine-protein kinase|snf1-related kinase|kiaa0096|snfrk|-
CHEMBL1908386,-,-,-,Other Protein Target.Other Protein Target,Other Protein Target,Other Protein Target,0864-1>0864,-,dstyk|dual serine/threonine and tyrosine protein kinase|dusty pk|dusty protein kinase|rip-homologous kinase|receptor-interacting serine/threonine-protein kinase 5|sgk496|sugen kinase 496|kiaa0472|rip5|ripk5|-
CHEMBL1908389,2072,2072,0523,Enzyme.Transferase,Enzyme,Transferase,0523>0461>0687>0699>0862>0688,-,map3k12|dlk|dual leucine zipper bearing kinase|leucine-zipper protein kinase|mapk-upstream kinase|muk|mitogen-activated protein kinase kinase kinase 12|mixed lineage kinase|zpk|-
CHEMBL1909484,2414,2414,0735,Enzyme.Hydrolase,Enzyme,Hydrolase,0735>0711>0759>0690-4>0690,-,senp1|sentrin-specific protease 1|sentrin/sumo-specific protease senp1|-
CHEMBL1910,1230,1230,0248,Enzyme.Hydrolase,Enzyme,Hydrolase,0248>0690-4>0690,-,ada|adenosine aminohydrolase|adenosine deaminase|ada1|-
CHEMBL1913,1804,1804,0322,Receptor.Catalytic Receptor,Receptor,Catalytic Receptor,0322>0304>0686>0699>0862>0688,-,pdgfrb|beta platelet-derived growth factor receptor|beta-type platelet-derived growth factor receptor|cd140 antigen-like family member b|pdgf-r-beta|pdgfr-1|pdgfr-beta|platelet-derived growth factor receptor 1|platelet-derived growth factor receptor beta|pdgfr|pdgfr1|-
CHEMBL1914,2471,2471,0765,Enzyme.Hydrolase,Enzyme,Hydrolase,0765>0690-4>0690,-,bche|acylcholine acylhydrolase|butyrylcholine esterase|choline esterase ii|cholinesterase|pseudocholinesterase|che1|-
CHEMBL1914270,3094,3094,0840,Enzyme.Oxidoreductase,Enzyme,Oxidoreductase,0840>0690-1>0690,-,hsd17b2|17-beta-hsd 2|17-beta-hydroxysteroid dehydrogenase type 2|estradiol 17-beta-dehydrogenase 2|testosterone 17-beta-dehydrogenase|edh17b2|-
CHEMBL1914272,-,-,-,Other Protein Target.Other Protein Target,Other Protein Target,Other Protein Target,0864-1>0864,-,"scarb1|cd36 and limpii analogous 1|cd36 antigen-like 1|cla-1|collagen type i receptor, thrombospondin receptor-like 1|sr-bi|srb1|scavenger receptor class b member 1|cd36l1|cla1|-"
CHEMBL1916,27,27,0004,Receptor.G protein-coupled receptor,Receptor,G protein-coupled receptor,0004>0694>0688,-,adra2c|alpha-2 adrenergic receptor subtype c4|alpha-2c adrenergic receptor|alpha-2c adrenoceptor|alpha-2c adrenoreceptor|alpha-2car|adra2l2|adra2rl2|-
CHEMBL1917,355,355,0061,Receptor.G protein-coupled receptor,Receptor,G protein-coupled receptor,0061>0694>0688,-,sstr1|-|somatostatin receptor type 1|srif-2|ss-1-r|ss1-r|ss1r|sst1
CHEMBL1918,450,450,0075,Ion Channel.Ligand-gated ion channel,Ion Channel,Ligand-gated ion channel,0075>0697>0689,-,"grik1|eaa3|excitatory amino acid receptor 3|gluk1|glur-5|glur5|glutamate receptor 5|glutamate receptor ionotropic, kainate 1|-"
CHEMBL1919,-,-,-,Other Protein Target.Other Protein Target,Other Protein Target,Other Protein Target,0864-1>0864,-,cacna2d1|voltage-dependent calcium channel subunit alpha-2/delta-1|voltage-gated calcium channel subunit alpha-2/delta-1|cacnl2a|cchl2a|mhs3|-
CHEMBL1921,367,367,0066,Receptor.G protein-coupled receptor,Receptor,G protein-coupled receptor,0066>0694>0688,-,avpr1b|avpr v1b|avpr v3|antidiuretic hormone receptor 1b|v1br|vasopressin v1b receptor|vasopressin v3 receptor|avpr3|vpr3|-
CHEMBL1921661,-,-,-,Other Protein Target.Other Protein Target,Other Protein Target,Other Protein Target,0864-1>0864,-,alox5ap|arachidonate 5-lipoxygenase-activating protein|flap|mk-886-binding protein|-
CHEMBL1921666,-,-,-,Other Protein Target.Other Protein Target,Other Protein Target,Other Protein Target,0864-1>0864,-,gyrb|-|dna gyrase subunit b
CHEMBL1923,-,-,-,Other Protein Target.Other Protein Target,Other Protein Target,Other Protein Target,0864-1>0864,-,-|histidine-rich protein pfhrp-ii
CHEMBL1926,-,-,-,Other Protein Target.Other Protein Target,Other Protein Target,Other Protein Target,0864-1>0864,-,-|dihydrofolate reductase
CHEMBL1926488,-,-,-,Other Protein Target.Other Protein Target,Other Protein Target,Other Protein Target,0864-1>0864,-,ppox|ppo|protoporphyrinogen oxidase|-
CHEMBL1927,-,-,-,Other Protein Target.Other Protein Target,Other Protein Target,Other Protein Target,0864-1>0864,-,"txnrd1|grim-12|gene associated with retinoic and ifn-induced mortality 12 protein|gene associated with retinoic and interferon-induced mortality 12 protein|km-102-derived reductase-like factor|peroxidase txnrd1|tr|thioredoxin reductase 1, cytoplasmic|thioredoxin reductase tr1|grim12|kdrf|-"
CHEMBL1929,2646,2646,0920,Enzyme.Multifunctional,Enzyme,Multifunctional,0920>0690-1>0690,-,xdh|xanthine dehydrogenase/oxidase|xdha|-
CHEMBL1932895,967,967,0183,Transporter.SLC superfamily of solute carrier,Transporter,SLC superfamily of solute carrier,0183>0863>0691,-,slc11a2|dmt-1|divalent cation transporter 1|divalent metal transporter 1|nramp 2|natural resistance-associated macrophage protein 2|solute carrier family 11 member 2|dct1|dmt1|nramp2|-
CHEMBL1932912,2668,2668,0872,Enzyme.Transferase,Enzyme,Transferase,0872>0865>0690,-,"kat8|histone acetyltransferase kat8|lysine acetyltransferase 8|moz, ybf2/sas3, sas2 and tip60 protein 1|myst-1|males-absent on the first protein homolog|protein acetyltransferase kat8|protein propionyltransferase kat8|hmof|mof|myst1|-"
CHEMBL1935,2595,2595,0840,Enzyme.Oxidoreductase,Enzyme,Oxidoreductase,0840>0690-1>0690,-,"aldh2|aldh class 2|aldh-e2|aldhi|aldehyde dehydrogenase, mitochondrial|aldm|-"
CHEMBL1936,1805,1805,0322,Receptor.Catalytic Receptor,Receptor,Catalytic Receptor,0322>0304>0686>0699>0862>0688,-,kit|mast/stem cell growth factor receptor kit|pbt|piebald trait protein|proto-oncogene c-kit|scfr|tyrosine-protein kinase kit|p145 c-kit|v-kit hardy-zuckerman 4 feline sarcoma viral oncogene homolog|-
CHEMBL1937,2616,2616,0848,Enzyme.Hydrolase,Enzyme,Hydrolase,0848>0865>0690,-,hdac2|hd2|histone deacetylase 2|protein deacylase hdac2|-
CHEMBL1938208,-,-,-,Other Protein Target.Other Protein Target,Other Protein Target,Other Protein Target,0864-1>0864,-,kdm1b|flavin-containing amine oxidase domain-containing protein 1|lysine-specific histone demethylase 1b|lysine-specific histone demethylase 2|aof1|c6orf193|lsd2|-
CHEMBL1938209,2673,2673,0869,Enzyme.Oxidoreductase,Enzyme,Oxidoreductase,0869>0865>0690,-,kdm3a|jmjc domain-containing histone demethylation protein 2a|jumonji domain-containing protein 1a|lysine-specific demethylase 3a|-dimethyl-l-lysine demethylase 3a|jhdm2a|jmjd1|jmjd1a|kiaa0742|tsga|-
CHEMBL1938210,2671,2671,0869,Enzyme.Oxidoreductase,Enzyme,Oxidoreductase,0869>0865>0690,-,kdm2a|cxxc-type zinc finger protein 8|f-box and leucine-rich repeat protein 11|f-box protein fbl7|f-box protein lilina|f-box/lrr-repeat protein 11|jmjc domain-containing histone demethylation protein 1a|lysine-specific demethylase 2a|-lysine-36 demethylase 1a|cxxc8|fbl11|fbl7|fbxl11|jhdm1a|kiaa1004|-
CHEMBL1938211,2685,2685,0869,Enzyme.Oxidoreductase,Enzyme,Oxidoreductase,0869>0865>0690,-,kdm6b|jmjc domain-containing protein 3|jumonji domain-containing protein 3|lysine demethylase 6b|lysine-specific demethylase 6b|-trimethyl-l-lysine demethylase 6b|jmjd3|kiaa0346|-
CHEMBL1938215,-,-,-,Other Protein Target.Other Protein Target,Other Protein Target,Other Protein Target,0864-1>0864,-,ksr1|kinase suppressor of ras 1|ksr|-
CHEMBL1938219,-,-,-,Other Protein Target.Other Protein Target,Other Protein Target,Other Protein Target,0864-1>0864,-,npbwr1|-|neuropeptides b/w receptor type 1|g-protein coupled receptor 7|gpr7
CHEMBL1938224,3134,3134,1041,Enzyme.Hydrolase,Enzyme,Hydrolase,1041>0947>0690,-,ppm1d|pp2c-delta|protein phosphatase 1d|protein phosphatase 2c isoform delta|protein phosphatase magnesium-dependent 1 delta|p53-induced protein phosphatase 1|wip1|-
CHEMBL1940,529,529,0080,Ion Channel.Voltage-gated ion channel,Ion Channel,Voltage-gated ion channel,0080>0696>0689,-,"cacna1c|calcium channel, l type, alpha-1 polypeptide, isoform 1, cardiac muscle|voltage-dependent l-type calcium channel subunit alpha-1c|voltage-gated calcium channel subunit alpha cav1.2|cach2|cacn2|cacnl1a1|cchl1a1|-"
CHEMBL1941,263,263,0033,Receptor.G protein-coupled receptor,Receptor,G protein-coupled receptor,0033>0694>0688,-,hrh2|gastric receptor i|h2r|hh2r|histamine h2 receptor|-
CHEMBL1942,26,26,0004,Receptor.G protein-coupled receptor,Receptor,G protein-coupled receptor,0004>0694>0688,-,adra2b|alpha-2 adrenergic receptor subtype c2|alpha-2b adrenergic receptor|alpha-2b adrenoceptor|alpha-2b adrenoreceptor|alpha-2bar|adra2l1|adra2rl1|-
CHEMBL1944,1611,1611,0740,Enzyme.Hydrolase,Enzyme,Hydrolase,0740>0713>0759>0690-4>0690,-,mme|atriopeptidase|calla|common acute lymphocytic leukemia antigen|enkephalinase|nep|neprilysin|neutral endopeptidase|neutral endopeptidase 24.11|sfe|skin fibroblast elastase|epn|-
CHEMBL1944495,2409,2409,0752,Enzyme.Hydrolase,Enzyme,Hydrolase,0752>0722>0759>0690-4>0690,-,psmb9|low molecular mass protein 2|macropain chain 7|multicatalytic endopeptidase complex chain 7|proteasome chain 7|proteasome subunit beta type-9|proteasome subunit beta-1i|really interesting new gene 12 protein|lmp2|psmb6i|ring12|-
CHEMBL1944497,-,-,-,Other Protein Target.Other Protein Target,Other Protein Target,Other Protein Target,0864-1>0864,-,-|soluble acetylcholine receptor
CHEMBL1944501,-,-,-,Other Protein Target.Other Protein Target,Other Protein Target,Other Protein Target,0864-1>0864,-,"tryr|n,n-bisspermidine reductase|trypanothione reductase|-"
CHEMBL1945,287,287,0039,Receptor.G protein-coupled receptor,Receptor,G protein-coupled receptor,0039>0694>0688,-,mtnr1a|mel-1a-r|mel1a receptor|melatonin receptor type 1a|-
CHEMBL1946,288,288,0039,Receptor.G protein-coupled receptor,Receptor,G protein-coupled receptor,0039>0694>0688,-,mtnr1b|-|melatonin receptor type 1b|mel-1b-r|mel1b receptor
CHEMBL1947,589,589,0084,Receptor.Nuclear Hormone Receptor,Receptor,Nuclear Hormone Receptor,0084>0695>0688,-,thrb|nuclear receptor subfamily 1 group a member 2|thyroid hormone receptor beta|c-erba-2|c-erba-beta|erba2|nr1a2|thr1|-
CHEMBL1949483,-,-,-,Other Protein Target.Other Protein Target,Other Protein Target,Other Protein Target,0864-1>0864,-,nmt|-|glycylpeptide n-tetradecanoyltransferase
CHEMBL1949488,-,-,-,Other Protein Target.Other Protein Target,Other Protein Target,Other Protein Target,0864-1>0864,-,dcps|dcs-1|decapping scavenger enzyme|hint-5|hint-related 7megmp-directed hydrolase|histidine triad nucleotide-binding protein 5|histidine triad protein member 5|scavenger mrna-decapping enzyme dcps|m7gpppx diphosphatase|dcs1|hint5|-
CHEMBL1951,2489,2489,0766,Enzyme.Multifunctional,Enzyme,Multifunctional,0766>0690-1>0690,-,maoa|amine oxidase a|mao-a|monoamine oxidase type a|-
CHEMBL1952,2642,2642,0920,Enzyme.Multifunctional,Enzyme,Multifunctional,0920>0690-1>0690,-,tyms|ts|tsase|thymidylate synthase|-
CHEMBL1955,1814,1814,0324,Receptor.Catalytic Receptor,Receptor,Catalytic Receptor,0324>0304>0686>0699>0862>0688,-,flt4|flt-4|fms-like tyrosine kinase 4|tyrosine-protein kinase receptor flt4|vegfr-3|vascular endothelial growth factor receptor 3|vegfr3|-
CHEMBL1957,1801,1801,0321,Receptor.Catalytic Receptor,Receptor,Catalytic Receptor,0321>0304>0686>0699>0862>0688,-,igf1r|igf-i receptor|insulin-like growth factor 1 receptor|insulin-like growth factor i receptor|-
CHEMBL1962,404,404,0072,Ion Channel.Ligand-gated ion channel,Ion Channel,Ligand-gated ion channel,0072>0697>0689,-,gabra1|gaba receptor subunit alpha-1|gabaar subunit alpha-1|gamma-aminobutyric acid receptor subunit alpha-1|-
CHEMBL1966,2604,2604,0920,Enzyme.Multifunctional,Enzyme,Multifunctional,0920>0690-1>0690,-,"dhodh|dhodehase|dihydroorotate dehydrogenase , mitochondrial|dihydroorotate oxidase|-"
CHEMBL1968,-,-,-,Other Protein Target.Other Protein Target,Other Protein Target,Other Protein Target,0864-1>0864,-,ephx1|epoxide hydratase|epoxide hydrolase 1|microsomal epoxide hydrolase|meh|ephx|epox|-
CHEMBL1972,456,456,0075,Ion Channel.Ligand-gated ion channel,Ion Channel,Ligand-gated ion channel,0075>0697>0689,-,"grin2a|glun2a|glutamate receptor subunit epsilon-1|glutamate receptor ionotropic, nmda 2a|n-methyl d-aspartate receptor subtype 2a|nmdar2a|nr2a|hnr2a|-"
CHEMBL1973,2643,2643,0840,Enzyme.Oxidoreductase,Enzyme,Oxidoreductase,0840>0690-1>0690,-,tyr|lb24-ab|monophenol monooxygenase|sk29-ab|tumor rejection antigen ab|tyrosinase|-
CHEMBL1974,1807,1807,0322,Receptor.Catalytic Receptor,Receptor,Catalytic Receptor,0322>0304>0686>0699>0862>0688,-,flt3|fl cytokine receptor|flk-2|flt-3|fetal liver kinase-2|fms-like tyrosine kinase 3|receptor-type tyrosine-protein kinase flt3|stk-1|stem cell tyrosine kinase 1|cd135|flk2|stk1|-
CHEMBL1977,605,605,0090,Receptor.Nuclear Hormone Receptor,Receptor,Nuclear Hormone Receptor,0090>0695>0688,-,"vdr|1,25-dihydroxyvitamin d3 receptor|nuclear receptor subfamily 1 group i member 1|vitamin d3 receptor|nr1i1|-"
CHEMBL1978,1362,1362,0266,Enzyme.Oxidoreductase,Enzyme,Oxidoreductase,0266>0242>0690-1>0690,-,cyp19a1|aromatase|cypxix|cytochrome p-450arom|cytochrome p450 19a1|estrogen synthase|aro1|cyar|cyp19|-
CHEMBL1980,582,582,0082,Ion Channel.Voltage-gated ion channel,Ion Channel,Voltage-gated ion channel,0082>0696>0689,-,scn5a|sodium channel protein cardiac muscle subunit alpha|sodium channel protein type 5 subunit alpha|sodium channel protein type v subunit alpha|voltage-gated sodium channel subunit alpha nav1.5|hh1|-
CHEMBL1981,1800,1800,0321,Receptor.Catalytic Receptor,Receptor,Catalytic Receptor,0321>0304>0686>0699>0862>0688,-,insr|ir|insulin receptor|-
CHEMBL1983,3,3,0001,Receptor.G protein-coupled receptor,Receptor,G protein-coupled receptor,0001>0694>0688,-,htr1d|-|5-hydroxytryptamine receptor 1d|5-ht-1d|5-ht-1d-alpha|5-ht1d|htr1da|htrl|serotonin 1d alpha receptor|serotonin receptor 1d
CHEMBL1985,251,251,0029,Receptor.G protein-coupled receptor,Receptor,G protein-coupled receptor,0029>0694>0688,-,gcgr|gl-r|glucagon receptor|-
CHEMBL1987,344,344,0058,Receptor.G protein-coupled receptor,Receptor,G protein-coupled receptor,0058>0694>0688,-,ptgfr|pgf receptor|pgf2-alpha receptor|prostaglandin f2-alpha receptor|prostanoid fp receptor|-
CHEMBL1991,2039,2039,0578,Enzyme.Transferase,Enzyme,Transferase,0578>0683>0698>0690-2>0690,-,ikbkb|i-kappa-b kinase 2|i-kappa-b-kinase beta|ikk-2|ikk-b|ikk-beta|ikk2|inhibitor of nuclear factor kappa-b kinase subunit beta|nfkbikb|nuclear factor nf-kappa-b inhibitor kinase beta|serine/threonine protein kinase ikbkb|ikkb|-
CHEMBL1992,-,-,-,Other Protein Target.Other Protein Target,Other Protein Target,Other Protein Target,0864-1>0864,-,dnmt3a|cysteine methyltransferase dnmt3a|dna -methyltransferase 3a|dna mtase hsaiiia|dna methyltransferase hsaiiia|m.hsaiiia|-
CHEMBL1993,2605,2605,0843,Enzyme.Transferase,Enzyme,Transferase,0843>0690-2>0690,-,dnmt1|cxxc-type zinc finger protein 9|dna -methyltransferase 1|dna mtase hsai|dna methyltransferase hsai|m.hsai|mcmt|aim|cxxc9|dnmt|-
CHEMBL1994,626,626,0098,Receptor.Nuclear Hormone Receptor,Receptor,Nuclear Hormone Receptor,0098>0107>0695>0688,-,nr3c2|mr|mineralocorticoid receptor|nuclear receptor subfamily 3 group c member 2|mcr|mlr|-
CHEMBL1995,345,345,0058,Receptor.G protein-coupled receptor,Receptor,G protein-coupled receptor,0058>0694>0688,-,ptgir|-|prostacyclin receptor|pgi receptor|pgi2 receptor|pripr|prostaglandin i2 receptor|prostanoid ip receptor
CHEMBL1997,1117,1117,0216,Transporter.SLC superfamily of solute carrier,Transporter,SLC superfamily of solute carrier,0216>0149>0863>0691,-,"slc29a1|equilibrative nbmpr-sensitive nucleoside transporter|equilibrative nitrobenzylmercaptopurine riboside-sensitive nucleoside transporter|equilibrative nucleoside transporter 1|nucleoside transporter, es-type|solute carrier family 29 member 1|es nucleoside transporter|hent1|ent1|-"
CHEMBL2000,2379,2379,0751,Enzyme.Hydrolase,Enzyme,Hydrolase,0751>0721>0759>0690-4>0690,-,klkb1|fletcher factor|kininogenin|pkk|plasma kallikrein|plasma prekallikrein|klk3|-
CHEMBL2001,328,328,0052,Receptor.G protein-coupled receptor,Receptor,G protein-coupled receptor,0052>0694>0688,-,p2ry12|adp-glucose receptor|adpg-r|p2t|p2y purinoceptor 12|p2y|p2y12|p2y12 platelet adp receptor|sp1999|hork3|-
CHEMBL2002,2625,2625,0920,Enzyme.Multifunctional,Enzyme,Multifunctional,0920>0690-1>0690,-,impdh2|imp dehydrogenase 2|imp dehydrogenase ii|impd 2|impdh 2|impdh-ii|inosine-5'-monophosphate dehydrogenase 2|inosine-5'-monophosphate dehydrogenase type ii|impd2|-
CHEMBL2003,592,592,0085,Receptor.Nuclear Hormone Receptor,Receptor,Nuclear Hormone Receptor,0085>0695>0688,-,rarg|nuclear receptor subfamily 1 group b member 3|rar-gamma|retinoic acid receptor gamma|nr1b3|-
CHEMBL2004,612,612,0092,Receptor.Nuclear Hormone Receptor,Receptor,Nuclear Hormone Receptor,0092>0695>0688,-,rxrg|nuclear receptor subfamily 2 group b member 3|retinoic acid receptor rxr-gamma|retinoid x receptor gamma|nr2b3|-
CHEMBL2007,1803,1803,0322,Receptor.Catalytic Receptor,Receptor,Catalytic Receptor,0322>0304>0686>0699>0862>0688,-,pdgfra|alpha platelet-derived growth factor receptor|alpha-type platelet-derived growth factor receptor|cd140 antigen-like family member a|cd140a antigen|pdgf-r-alpha|pdgfr-2|pdgfr-alpha|platelet-derived growth factor alpha receptor|platelet-derived growth factor receptor 2|platelet-derived growth factor receptor alpha|pdgfr2|rhepdgfra|-
CHEMBL2007625,2884,2884,1086,Enzyme.Multifunctional,Enzyme,Multifunctional,1086>0690-2>0690,-,idh1|cytosolic nadp-isocitrate dehydrogenase|idh|idpc|isocitrate dehydrogenase cytoplasmic|nadp-specific icdh|oxalosuccinate decarboxylase|picd|-
CHEMBL2007628,-,-,-,Other Protein Target.Other Protein Target,Other Protein Target,Other Protein Target,0864-1>0864,-,ptpn5|neural-specific protein-tyrosine phosphatase|step|striatum-enriched protein-tyrosine phosphatase|tyrosine-protein phosphatase non-receptor type 5|-
CHEMBL2007629,-,-,-,Other Protein Target.Other Protein Target,Other Protein Target,Other Protein Target,0864-1>0864,-,psmd14|26s proteasome non-atpase regulatory subunit 14|26s proteasome regulatory subunit rpn11|26s proteasome-associated pad1 homolog 1|poh1|-
CHEMBL2009,444,444,0075,Ion Channel.Ligand-gated ion channel,Ion Channel,Ligand-gated ion channel,0075>0697>0689,-,"gria1|ampa-selective glutamate receptor 1|glur-1|glur-a|glur-k1|glutamate receptor 1|glutamate receptor ionotropic, ampa 1|glua1|gluh1|glur1|-"
CHEMBL2010631,80,80,0014,Receptor.G protein-coupled receptor,Receptor,G protein-coupled receptor,0014>0694>0688,-,ackr3|atypical chemokine receptor 3|c-x-c chemokine receptor type 7|cxc-r7|cxcr-7|chemokine orphan receptor 1|g-protein coupled receptor 159|g-protein coupled receptor rdc1 homolog|rdc-1|cmkor1|cxcr7|gpr159|rdc1|-
CHEMBL2010636,-,-,-,Other Protein Target.Other Protein Target,Other Protein Target,Other Protein Target,0864-1>0864,-,pdeb1|-|phosphodiesterase|class 1 phosphodiesterase pdeb1
CHEMBL2014,320,320,0050,Receptor.G protein-coupled receptor,Receptor,G protein-coupled receptor,0050>0694>0688,-,oprl1|kor-3|kappa-type 3 opioid receptor|nociceptin receptor|orphanin fq receptor|oor|orl1|-
CHEMBL2015,455,455,0075,Ion Channel.Ligand-gated ion channel,Ion Channel,Ligand-gated ion channel,0075>0697>0689,-,"grin1|glun1|glutamate receptor subunit zeta-1|glutamate receptor ionotropic, nmda 1|n-methyl-d-aspartate receptor subunit nr1|nmd-r1|hnr1|nmdar1|-"
CHEMBL2016,2364,2364,0751,Enzyme.Hydrolase,Enzyme,Hydrolase,0751>0721>0759>0690-4>0690,-,f9|christmas factor|coagulation factor ix|ptc|plasma thromboplastin component|-
CHEMBL2016431,-,-,-,Other Protein Target.Other Protein Target,Other Protein Target,Other Protein Target,0864-1>0864,-,"nae1|app-bp1|amyloid beta precursor protein-binding protein 1, 59 kda|amyloid protein-binding protein 1|nedd8-activating enzyme e1 regulatory subunit|proto-oncogene protein 1|appbp1|-"
CHEMBL202,2603,2603,0920,Enzyme.Multifunctional,Enzyme,Multifunctional,0920>0690-1>0690,-,dhfr|dihydrofolate reductase|-
CHEMBL2021745,-,-,-,Other Protein Target.Other Protein Target,Other Protein Target,Other Protein Target,0864-1>0864,-,"hao2|-|2-hydroxyacid oxidase 2|-2-hydroxy-acid oxidase, peroxisomal|haox2|hao3|lchao|long chain alpha-hydroxy acid oxidase|long-chain l-2-hydroxy acid oxidase"
CHEMBL2021749,2484,2484,0790,Enzyme.Oxidoreductase,Enzyme,Oxidoreductase,0790>0767>0690,-,degs1|-|sphingolipid delta-desaturase des1|cell migration-inducing gene 15 protein|des1|degenerative spermatocyte homolog 1|dihydroceramide desaturase-1|mld|membrane lipid desaturase|retinol isomerase
CHEMBL2021752,-,-,-,Other Protein Target.Other Protein Target,Other Protein Target,Other Protein Target,0864-1>0864,-,kif20b|ct90|cancer/testis antigen 90|kinesin family member 20b|kinesin-like protein kif20b|kinesin-related motor interacting with pin1|m-phase phosphoprotein 1|mpp1|krmp1|mphosph1|-
CHEMBL2021753,-,-,-,Other Protein Target.Other Protein Target,Other Protein Target,Other Protein Target,0864-1>0864,-,kif20a|gg10_2|kinesin-like protein kif20a|mklp2|mitotic kinesin-like protein 2|rab6-interacting kinesin-like protein|rabkinesin-6|rab6kifl|-
CHEMBL2023,2472,2472,0766,Enzyme.Multifunctional,Enzyme,Multifunctional,0766>0690-1>0690,-,comt|catechol o-methyltransferase|-
CHEMBL2027,2629,2629,1017,Transporter.SLC superfamily of solute carrier,Transporter,SLC superfamily of solute carrier,1017>0863>0691,-,npc1l1|npc1-like intracellular cholesterol transporter 1|niemann-pick c1-like protein 1|-
CHEMBL2028,357,357,0061,Receptor.G protein-coupled receptor,Receptor,G protein-coupled receptor,0061>0694>0688,-,sstr3|ss-3-r|ss3-r|ss3r|ssr-28|sst3|somatostatin receptor type 3|-
CHEMBL2029197,1292,1292,0259,Enzyme.Transferase,Enzyme,Transferase,0259>0241>0690-4>0690,-,rapgef3|epac 1|exchange factor directly activated by camp 1|exchange protein directly activated by camp 1|rap guanine nucleotide exchange factor 3|rap1 guanine-nucleotide-exchange factor directly activated by camp|camp-gefi|camp-regulated guanine nucleotide exchange factor i|cgef1|epac|epac1|-
CHEMBL2029198,1293,1293,0259,Enzyme.Transferase,Enzyme,Transferase,0259>0241>0690-4>0690,-,rapgef4|epac 2|exchange factor directly activated by camp 2|exchange protein directly activated by camp 2|rap guanine nucleotide exchange factor 4|camp-gefii|camp-regulated guanine nucleotide exchange factor ii|cgef2|epac2|-
CHEMBL203,1797,1797,0320,Receptor.Catalytic Receptor,Receptor,Catalytic Receptor,0320>0304>0686>0699>0862>0688,-,egfr|epidermal growth factor receptor|proto-oncogene c-erbb-1|receptor tyrosine-protein kinase erbb-1|erbb|erbb1|her1|-
CHEMBL2034,625,625,0098,Receptor.Nuclear Hormone Receptor,Receptor,Nuclear Hormone Receptor,0098>0107>0695>0688,-,nr3c1|gr|glucocorticoid receptor|nuclear receptor subfamily 3 group c member 1|grl|-
CHEMBL2034805,1402,1402,0273,Enzyme.Hydrolase,Enzyme,Hydrolase,0273>0943>0690,-,naaa|asah-like protein|acylsphingosine deacylase naaa|n-acylethanolamine-hydrolyzing acid amidase|n-acylsphingosine amidohydrolase-like|asahl|-
CHEMBL2034807,-,-,-,Other Protein Target.Other Protein Target,Other Protein Target,Other Protein Target,0864-1>0864,-,rad51|dna repair protein rad51 homolog 1|hsrad51|rad51 homolog a|hrad51|rad51a|reca|-
CHEMBL2035,17,17,0002,Receptor.G protein-coupled receptor,Receptor,G protein-coupled receptor,0002>0694>0688,-,chrm5|muscarinic acetylcholine receptor m5|-
CHEMBL2039,2490,2490,0766,Enzyme.Multifunctional,Enzyme,Multifunctional,0766>0690-1>0690,-,maob|amine oxidase b|mao-b|monoamine oxidase type b|-
CHEMBL204,2362,2362,0751,Enzyme.Hydrolase,Enzyme,Hydrolase,0751>0721>0759>0690-4>0690,-,f2|coagulation factor ii|prothrombin|-
CHEMBL2041,2185,2185,0794,Receptor.Catalytic Receptor,Receptor,Catalytic Receptor,0794>0304>0686>0699>0862>0688,-,ret|cadherin family member 12|proto-oncogene c-ret|proto-oncogene tyrosine-protein kinase receptor ret|cdhf12|cdhr16|ptc|-
CHEMBL2046259,-,-,-,Other Protein Target.Other Protein Target,Other Protein Target,Other Protein Target,0864-1>0864,-,"aadat|2-aminoadipate aminotransferase|2-aminoadipate transaminase|alpha-aminoadipate aminotransferase|glycine transaminase aadat|kat/aadat|kynurenine aminotransferase ii|kynurenine--glyoxylate transaminase aadat|kynurenine--oxoglutarate aminotransferase ii|kynurenine--oxoglutarate transaminase 2|kynurenine--oxoglutarate transaminase ii|kynurenine/alpha-aminoadipate aminotransferase, mitochondrial|methionine--glyoxylate transaminase aadat|kat2|kyat2|-"
CHEMBL2046260,-,-,-,Other Protein Target.Other Protein Target,Other Protein Target,Other Protein Target,0864-1>0864,-,kyat3|cysteine-s-conjugate beta-lyase 2|katiii|kynurenine aminotransferase 3|kynurenine aminotransferase iii|kynurenine--glyoxylate transaminase|kynurenine--oxoglutarate transaminase 3|kynurenine--oxoglutarate transaminase iii|ccbl2|kat3|-
CHEMBL2046264,-,-,-,Other Protein Target.Other Protein Target,Other Protein Target,Other Protein Target,0864-1>0864,-,ren|-|renin|angiotensinogenase
CHEMBL2046266,-,-,-,Other Protein Target.Other Protein Target,Other Protein Target,Other Protein Target,0864-1>0864,-,ace|ache|acetylcholinesterase|ace1|ache1|-
CHEMBL2046267,708,708,0130,Ion Channel.Other ion channel,Ion Channel,Other ion channel,0130>0120>0861>0689,-,ano1|anoctamin-1|discovered on gastrointestinal stromal tumors protein 1|oral cancer overexpressed protein 2|transmembrane protein 16a|tumor-amplified and overexpressed sequence 2|dog1|oraov2|taos2|tmem16a|-
CHEMBL2047,603,603,0089,Receptor.Nuclear Hormone Receptor,Receptor,Nuclear Hormone Receptor,0089>0695>0688,-,nr1h4|bile acid receptor|farnesoid x-activated receptor|farnesol receptor hrr-1|nuclear receptor subfamily 1 group h member 4|rxr-interacting protein 14|retinoid x receptor-interacting protein 14|bar|fxr|hrr1|rip14|-
CHEMBL2049,369,369,0066,Receptor.G protein-coupled receptor,Receptor,G protein-coupled receptor,0066>0694>0688,-,oxtr|ot-r|oxytocin receptor|-
CHEMBL205,3092,3092,0842,Enzyme.Lyase,Enzyme,Lyase,0842>0690-6>0690,-,ca2|ca-ii|cac|carbonate dehydratase ii|carbonic anhydrase 2|carbonic anhydrase c|carbonic anhydrase ii|cyanamide hydratase ca2|-
CHEMBL2051,-,-,-,Other Protein Target.Other Protein Target,Other Protein Target,Other Protein Target,0864-1>0864,-,-|neuraminidase|na
CHEMBL2052027,2982,2982,0981,Enzyme.Hydrolase,Enzyme,Hydrolase,0981>0690-4>0690,-,chia|amcase|acidic mammalian chitinase|ynl|chia1|-
CHEMBL2052028,-,-,-,Other Protein Target.Other Protein Target,Other Protein Target,Other Protein Target,0864-1>0864,-,eif4a1|atp-dependent rna helicase eif4a-1|eukaryotic initiation factor 4a-i|eif-4a-i|eif4a-i|ddx2a|eif4a|-
CHEMBL2052031,3175,3175,0845,Enzyme.Isomerase,Enzyme,Isomerase,0845>0690-5>0690,-,fkbp5|51 kda fk506-binding protein|51 kda fkbp|54 kda progesterone receptor-associated immunophilin|androgen-regulated protein 6|ff1 antigen|fk506-binding protein 5|fkbp-5|fkbp-51|fkbp54|hsp90-binding immunophilin|ppiase fkbp5|peptidyl-prolyl cis-trans isomerase fkbp5|rotamase|p54|aig6|fkbp51|-
CHEMBL2052038,1108,1108,0214,Transporter.SLC superfamily of solute carrier,Transporter,SLC superfamily of solute carrier,0214>0863>0691,-,slc27a1|arachidonate--coa ligase|fatp-1|fatty acid transport protein 1|long-chain fatty acid transport protein 1|long-chain-fatty-acid--coa ligase|solute carrier family 27 member 1|very long-chain acyl-coa synthetase|acsvl5|fatp1|-
CHEMBL2052039,-,-,-,Other Protein Target.Other Protein Target,Other Protein Target,Other Protein Target,0864-1>0864,-,slc27a1|-|long-chain fatty acid transport protein 1|arachidonate--coa ligase|fatp-1|fatp|fatp1|fatty acid transport protein|fatty acid transport protein 1|long-chain-fatty-acid--coa ligase|solute carrier family 27 member 1|very long-chain acyl-coa synthetase|vlc27a1
CHEMBL2056,214,214,0020,Receptor.G protein-coupled receptor,Receptor,G protein-coupled receptor,0020>0694>0688,-,drd1|d dopamine receptor|dopamine d1 receptor|-
CHEMBL206,620,620,0096,Receptor.Nuclear Hormone Receptor,Receptor,Nuclear Hormone Receptor,0096>0107>0695>0688,-,esr1|er|er-alpha|estradiol receptor|estrogen receptor|nuclear receptor subfamily 3 group a member 1|esr|nr3a1|-
CHEMBL2061,610,610,0092,Receptor.Nuclear Hormone Receptor,Receptor,Nuclear Hormone Receptor,0092>0695>0688,-,rxra|nuclear receptor subfamily 2 group b member 1|retinoic acid receptor rxr-alpha|retinoid x receptor alpha|nr2b1|-
CHEMBL2063,2528,2528,0775,Enzyme.Transferase,Enzyme,Transferase,0775>0767>0690,-,ugcg|ceramide glucosyltransferase|gcs|glct-1|glucosylceramide synthase|glycosylceramide synthase|udp-glucose ceramide glucosyltransferase|udp-glucose:n-acylsphingosine d-glucosyltransferase|-
CHEMBL2065,-,-,-,Other Protein Target.Other Protein Target,Other Protein Target,Other Protein Target,0864-1>0864,-,bla|-|beta-lactamase tem|irt-4|penicillinase|tem-1|tem-16/caz-7|tem-2|tem-24/caz-6|tem-3|tem-4|tem-5|tem-6|tem-8/caz-2|blat-3|blat-4|blat-5|blat-6
CHEMBL2068,1822,1822,0327,Receptor.Catalytic Receptor,Receptor,Catalytic Receptor,0327>0304>0686>0699>0862>0688,-,epha2|ephrin type-a receptor 2|epithelial cell kinase|tyrosine-protein kinase receptor eck|eck|-
CHEMBL2069,346,346,0058,Receptor.G protein-coupled receptor,Receptor,G protein-coupled receptor,0058>0694>0688,-,tbxa2r|prostanoid tp receptor|txa2-r|thromboxane a2 receptor|-
CHEMBL2069156,2757,2757,0876,Other Protein Target.Other Protein Target,Other Protein Target,Other Protein Target,0876>0864,-,keap1|cytosolic inhibitor of nrf2|inrf2|kelch-like ech-associated protein 1|kelch-like protein 19|kiaa0132|klhl19|-
CHEMBL2072,581,581,0082,Ion Channel.Voltage-gated ion channel,Ion Channel,Voltage-gated ion channel,0082>0696>0689,-,scn4a|skm1|sodium channel protein skeletal muscle subunit alpha|sodium channel protein type 4 subunit alpha|sodium channel protein type iv subunit alpha|voltage-gated sodium channel subunit alpha nav1.4|-
CHEMBL2073,2284,2284,0619,Enzyme.Transferase,Enzyme,Transferase,0619>0936>0686>0699>0862>0688,-,yes1|proto-oncogene c-yes|tyrosine-protein kinase yes|p61-yes|yes|-
CHEMBL2073663,989,989,0188,Transporter.SLC superfamily of solute carrier,Transporter,SLC superfamily of solute carrier,0188>0863>0691,-,slc16a3|mct 4|monocarboxylate transporter 4|solute carrier family 16 member 3|mct3|mct4|-
CHEMBL2073674,-,-,-,Other Protein Target.Other Protein Target,Other Protein Target,Other Protein Target,0864-1>0864,-,abcb11|-|bile salt export pump|atp-binding cassette sub-family b member 11|bsep|sister of p-glycoprotein|spgp
CHEMBL2073676,-,-,-,Other Protein Target.Other Protein Target,Other Protein Target,Other Protein Target,0864-1>0864,-,abcc2|atp-binding cassette sub-family c member 2|canalicular multidrug resistance protein|canalicular multispecific organic anion transporter 1|multidrug resistance-associated protein 2|cmoat|cmrp|mrp2|-
CHEMBL2073677,1030,1030,0198,Transporter.ATP-binding cassette transporter,Transporter,ATP-binding cassette transporter,0198>0146>0863>0691,-,slc22a11|oat4|organic anion transporter 4|organic anion:dicarboxylate exchanger oat4|solute carrier family 22 member 11|-
CHEMBL2073709,-,-,-,Other Protein Target.Other Protein Target,Other Protein Target,Other Protein Target,0864-1>0864,-,slc16a1|-|monocarboxylate transporter 1|mct 1|mct1|solute carrier family 16 member 1
CHEMBL2074,2627,2627,0841,Enzyme.Hydrolase,Enzyme,Hydrolase,0841>0690-4>0690,-,"mgam|alpha-1,4-glucosidase|maltase-glucoamylase|mga|mgaml|-"
CHEMBL2079849,-,-,-,Other Protein Target.Other Protein Target,Other Protein Target,Other Protein Target,0864-1>0864,-,hpn|serine protease hepsin|transmembrane protease serine 1|tmprss1|-
CHEMBL208,627,627,0098,Receptor.Nuclear Hormone Receptor,Receptor,Nuclear Hormone Receptor,0098>0107>0695>0688,-,pgr|nuclear receptor subfamily 3 group c member 3|pr|progesterone receptor|nr3c3|-
CHEMBL2081,-,-,-,Other Protein Target.Other Protein Target,Other Protein Target,Other Protein Target,0864-1>0864,-,gstm1|gst hb subunit 4|gst class-mu 1|gstm1-1|gstm1a-1a|gstm1b-1b|gth4|glutathione s-transferase mu 1|gst1|-
CHEMBL2083,2534,2534,0783,Other Protein Target.Other Protein Target,Other Protein Target,Other Protein Target,0783>0864,-,"fabp4|a-fabp|afabp|albp|adipocyte lipid-binding protein|adipocyte-type fatty acid-binding protein|fatty acid-binding protein 4|fatty acid-binding protein, adipocyte|-"
CHEMBL2085,-,-,-,Other Protein Target.Other Protein Target,Other Protein Target,Other Protein Target,0864-1>0864,-,mif|gif|glycosylation-inhibiting factor|l-dopachrome isomerase|l-dopachrome tautomerase|macrophage migration inhibitory factor|phenylpyruvate tautomerase|glif|mmif|-
CHEMBL2088,1587,1587,0743,Enzyme.Hydrolase,Enzyme,Hydrolase,0743>0714>0759>0690-4>0690,-,cpa1|carboxypeptidase a1|cpa|-
CHEMBL2094,478,478,0077,Ion Channel.Ligand-gated ion channel,Ion Channel,Ligand-gated ion channel,0077>0697>0689,-,p2rx1|atp receptor|p2x purinoceptor 1|p2x1|purinergic receptor|-
CHEMBL2099,2373,2373,0751,Enzyme.Hydrolase,Enzyme,Hydrolase,0751>0721>0759>0690-4>0690,-,klk3|gamma-seminoprotein|kallikrein-3|p-30 antigen|psa|prostate-specific antigen|semenogelase|seminin|aps|-
CHEMBL210,29,29,0004,Receptor.G protein-coupled receptor,Receptor,G protein-coupled receptor,0004>0694>0688,-,adrb2|beta-2 adrenergic receptor|beta-2 adrenoceptor|beta-2 adrenoreceptor|adrb2r|b2ar|-
CHEMBL2104,481,481,0077,Ion Channel.Ligand-gated ion channel,Ion Channel,Ligand-gated ion channel,0077>0697>0689,-,p2rx4|atp receptor|p2x purinoceptor 4|p2x4|purinergic receptor|-
CHEMBL2107,71,71,0014,Receptor.G protein-coupled receptor,Receptor,G protein-coupled receptor,0014>0694>0688,-,cxcr4|c-x-c chemokine receptor type 4|cxc-r4|cxcr-4|fb22|fusin|hm89|lap-3|lcr1|lestr|lps-associated protein 3|leukocyte-derived seven transmembrane domain receptor|lipopolysaccharide-associated protein 3|npyrl|sdf-1 receptor|stromal cell-derived factor 1 receptor|-
CHEMBL2109,2064,2064,0623,Enzyme.Transferase,Enzyme,Transferase,0623>0685>0698>0690-2>0690,-,map2k3|dual specificity mitogen-activated protein kinase kinase 3|map kinase kinase 3|mapk/erk kinase 3|mapkk 3|mek 3|sapk kinase 2|sapkk-2|sapkk2|stress-activated protein kinase kinase 2|mek3|mkk3|prkmk3|skk2|-
CHEMBL211,14,14,0002,Receptor.G protein-coupled receptor,Receptor,G protein-coupled receptor,0002>0694>0688,-,chrm2|muscarinic acetylcholine receptor m2|-
CHEMBL2121,3212,3212,0904,Other Protein Target.Other Protein Target,Other Protein Target,Other Protein Target,0904>0864,-,"folr1|adult folate-binding protein|fbp|fr-alpha|folate receptor 1|folate receptor alpha|folate receptor, adult|kb cells fbp|ovarian tumor-associated antigen mov18|folr|-"
CHEMBL2123,325,325,0052,Receptor.G protein-coupled receptor,Receptor,G protein-coupled receptor,0052>0694>0688,-,p2ry4|p2p|p2y purinoceptor 4|p2y4|unr|uridine nucleotide receptor|nru|-
CHEMBL2125,-,-,-,Other Protein Target.Other Protein Target,Other Protein Target,Other Protein Target,0864-1>0864,-,slc18a3|solute carrier family 18 member 3|vacht|vesicular acetylcholine transporter|rvat|vat|-
CHEMBL213,28,28,0004,Receptor.G protein-coupled receptor,Receptor,G protein-coupled receptor,0004>0694>0688,-,adrb1|beta-1 adrenergic receptor|beta-1 adrenoceptor|beta-1 adrenoreceptor|adrb1r|b1ar|-
CHEMBL2135,479,479,0077,Ion Channel.Ligand-gated ion channel,Ion Channel,Ligand-gated ion channel,0077>0697>0689,-,p2rx2|atp receptor|p2x purinoceptor 2|p2x2|purinergic receptor|-
CHEMBL2136,2391,2391,0726,Enzyme.Hydrolase,Enzyme,Hydrolase,0726>0707>0759>0690-4>0690,-,pgc|gastricsin|pepsinogen c|-
CHEMBL214,1,1,0001,Receptor.G protein-coupled receptor,Receptor,G protein-coupled receptor,0001>0694>0688,-,htr1a|5-ht-1a|5-ht1a|5-hydroxytryptamine receptor 1a|g-21|serotonin receptor 1a|adrb2rl1|adrbrl1|-
CHEMBL2140,2887,2887,0899,Enzyme.Oxidoreductase,Enzyme,Oxidoreductase,0899>0690-1>0690,-,"tdo2|tdo|to|trpo|tryptamin 2,3-dioxygenase|tryptophan 2,3-dioxygenase|tryptophan oxygenase|tryptophan pyrrolase|tryptophanase|-"
CHEMBL2145,2886,2886,0923,Enzyme.Oxidoreductase,Enzyme,Oxidoreductase,0923>0690-1>0690,-,kmo|kynurenine 3-hydroxylase|kynurenine 3-monooxygenase|-
CHEMBL2146302,2891,2891,0925,Enzyme.Hydrolase,Enzyme,Hydrolase,0925>0690-4>0690,-,"gls|glutaminase kidney isoform, mitochondrial|k-glutaminase|l-glutamine amidohydrolase|gls1|kiaa0838|-"
CHEMBL2146312,3259,3259,1091,Enzyme.Isomerase,Enzyme,Isomerase,1091>0690-5>0690,-,"wrn|bifunctional 3'-5' exonuclease/atp-dependent helicase wrn|dna helicase, recq-like type 3|recq protein-like 2|werner syndrome protein|recq3|recql2|-"
CHEMBL2146350,429,429,0074,Ion Channel.Voltage-gated ion channel,Ion Channel,Voltage-gated ion channel,0074>0133>0696>0689,-,"kcnj1|atp-regulated potassium channel rom-k|atp-sensitive inward rectifier potassium channel 1|inward rectifier k channel kir1.1|kab-1|potassium channel, inwardly rectifying subfamily j member 1|romk1|-"
CHEMBL2147,2158,2158,0600,Enzyme.Transferase,Enzyme,Transferase,0600>0679>0698>0690-2>0690,-,pim1|serine/threonine-protein kinase pim-1|-
CHEMBL2148,2049,2049,0581,Enzyme.Transferase,Enzyme,Transferase,0581>0936>0686>0699>0862>0688,-,jak3|jak-3|janus kinase 3|l-jak|leukocyte janus kinase|tyrosine-protein kinase jak3|-
CHEMBL215,1385,1385,0271,Enzyme.Oxidoreductase,Enzyme,Oxidoreductase,0271>0243>0690,-,alox5|5-lo|5-lipoxygenase|arachidonate 5-lipoxygenase|polyunsaturated fatty acid 5-lipoxygenase|log5|-
CHEMBL2150835,-,-,-,Other Protein Target.Other Protein Target,Other Protein Target,Other Protein Target,0864-1>0864,-,fabi|enoyl- reductase|-
CHEMBL2150837,2719,2719,0873,Transporter.ATPase,Transporter,ATPase,0873>0865>0690,-,atad2|aaa nuclear coregulator cancer-associated protein|ancca|atpase family aaa domain-containing protein 2|-
CHEMBL2154,1419,1419,0275,Enzyme.Hydrolase,Enzyme,Hydrolase,0275>0244>0690,-,pla2g2e|giie spla2|group iie secretory phospholipase a2|phosphatidylcholine 2-acylhydrolase 2e|spla2-iie|-
CHEMBL2157850,-,-,-,Other Protein Target.Other Protein Target,Other Protein Target,Other Protein Target,0864-1>0864,-,usp7|deubiquitinating enzyme 7|herpesvirus-associated ubiquitin-specific protease|ubiquitin carboxyl-terminal hydrolase 7|ubiquitin thioesterase 7|ubiquitin-specific-processing protease 7|hausp|-
CHEMBL216,13,13,0002,Receptor.G protein-coupled receptor,Receptor,G protein-coupled receptor,0002>0694>0688,-,chrm1|muscarinic acetylcholine receptor m1|-
CHEMBL2163171,982,982,0186,Transporter.SLC superfamily of solute carrier,Transporter,SLC superfamily of solute carrier,0186>0863>0691,-,"slc14a1|solute carrier family 14 member 1|ut-b|urea transporter 1|urea transporter b|urea transporter, erythrocyte|-"
CHEMBL2163175,-,-,-,Other Protein Target.Other Protein Target,Other Protein Target,Other Protein Target,0864-1>0864,-,"bbox1|gamma-bbh|gamma-butyrobetaine dioxygenase|gamma-butyrobetaine hydroxylase|gamma-butyrobetaine,2-oxoglutarate dioxygenase|bbh|bbox|-"
CHEMBL2163176,2682,2682,0869,Enzyme.Oxidoreductase,Enzyme,Oxidoreductase,0869>0865>0690,-,kdm5c|histone demethylase jarid1c|jumonji/arid domain-containing protein 1c|lysine-specific demethylase 5c|protein smcx|protein xe169|-trimethyl-l-lysine demethylase 5c|dxs1272e|jarid1c|smcx|xe169|-
CHEMBL2163182,2712,2712,0848,Enzyme.Hydrolase,Enzyme,Hydrolase,0848>0865>0690,-,sirt6|nad-dependent protein deacetylase sirtuin-6|nad-dependent protein deacylase sirtuin-6|protein mono-adp-ribosyltransferase sirtuin-6|regulatory protein sir2 homolog 6|sir2-like protein 6|hsirt6|sir2l6|-
CHEMBL2163183,2711,2711,0848,Enzyme.Hydrolase,Enzyme,Hydrolase,0848>0865>0690,-,"sirt5|nad-dependent protein deacylase sirtuin-5, mitochondrial|regulatory protein sir2 homolog 5|sir2-like protein 5|sir2l5|-"
CHEMBL2169716,2714,2714,0871,Enzyme.Transferase,Enzyme,Transferase,0871>0865>0690,-,smyd2|hskm-b|histone methyltransferase smyd2|lysine n-methyltransferase 3c|n-lysine methyltransferase smyd2|set and mynd domain-containing protein 2|kmt3c|-
CHEMBL2169718,-,-,-,Other Protein Target.Other Protein Target,Other Protein Target,Other Protein Target,0864-1>0864,-,ehmt2|euchromatic histone-lysine n-methyltransferase 2|h3-k9-hmtase 3|hla-b-associated transcript 8|histone h3-k9 methyltransferase 3|histone-lysine n-methyltransferase ehmt2|protein g9a|bat8|g9a|ng36|-
CHEMBL2169720,-,-,-,Other Protein Target.Other Protein Target,Other Protein Target,Other Protein Target,0864-1>0864,-,su3-9|h3-k9-hmtase|histone h3-k9 methyltransferase|histone-lysine n-methyltransferase su3-9|lysine n-methyltransferase 1|protein suppressor of variegation 3-9|kmt1|-
CHEMBL2169724,-,-,-,Other Protein Target.Other Protein Target,Other Protein Target,Other Protein Target,0864-1>0864,-,pkg|cgmp-dependent protein kinase|-
CHEMBL2169726,-,-,-,Other Protein Target.Other Protein Target,Other Protein Target,Other Protein Target,0864-1>0864,-,pfg6pd|-|glucose-6-phosphate dehydrogenase )|glucose-6-phosphate 1-dehydrogenase
CHEMBL2169736,-,-,-,Other Protein Target.Other Protein Target,Other Protein Target,Other Protein Target,0864-1>0864,-,tdp2|5'-tyr-dna phosphodiesterase|5'-tyrosyl-dna phosphodiesterase|eapii|ets1-associated protein 2|ets1-associated protein ii|traf and tnf receptor-associated protein|tyr-dna phosphodiesterase 2|tyrosyl-dna phosphodiesterase 2|tyrosyl-rna phosphodiesterase|vpg unlinkase|htdp2|eap2|ttrap|-
CHEMBL217,215,215,0020,Receptor.G protein-coupled receptor,Receptor,G protein-coupled receptor,0020>0694>0688,-,drd2|d dopamine receptor|dopamine d2 receptor|-
CHEMBL2171,2067,2067,0623,Enzyme.Transferase,Enzyme,Transferase,0623>0685>0698>0690-2>0690,-,map2k6|-|dual specificity mitogen-activated protein kinase kinase 6|map kinase kinase 6|mapk/erk kinase 6|mapkk 6|mek 6|mek6|mkk6|prkmk6|sapk kinase 3|sapkk-3|sapkk3|skk3|stress-activated protein kinase kinase 3
CHEMBL2176771,2842,2842,0909,Enzyme.Hydrolase,Enzyme,Hydrolase,0909>0690-4>0690,-,cfd|adipsin|c3 convertase activator|complement factor d|properdin factor d|df|pfd|-
CHEMBL2176774,2724,2724,0558,Enzyme.Transferase,Enzyme,Transferase,0558>0884>0865>0690,-,brd1|br140-like protein|bromodomain and phd finger-containing protein 2|bromodomain-containing protein 1|brl|brpf2|-
CHEMBL2176776,-,-,-,Other Protein Target.Other Protein Target,Other Protein Target,Other Protein Target,0864-1>0864,-,senp2|axam2|smt3-specific isopeptidase 2|sentrin-specific protease 2|sentrin/sumo-specific protease senp2|smt3ip2|kiaa1331|-
CHEMBL2176777,3269,3269,1096,Enzyme.Transferase,Enzyme,Transferase,1096>1095>0690-2>0690,-,parp14|adp-ribosyltransferase diphtheria toxin-like 8|artd8|b aggressive lymphoma protein 2|parp-14|poly polymerase 14|protein mono-adp-ribosyltransferase parp14|bal2|kiaa1268|-
CHEMBL2176778,3270,3270,1096,Enzyme.Transferase,Enzyme,Transferase,1096>1095>0690-2>0690,-,parp15|adp-ribosyltransferase diphtheria toxin-like 7|artd7|b-aggressive lymphoma protein 3|parp-15|poly polymerase 15|protein mono-adp-ribosyltransferase parp15|bal3|-
CHEMBL2176837,-,-,-,Other Protein Target.Other Protein Target,Other Protein Target,Other Protein Target,0864-1>0864,-,comt|-|catechol o-methyltransferase
CHEMBL2176846,2843,2843,0984,Other Protein Target.Other Protein Target,Other Protein Target,Other Protein Target,0984>0864,-,ager|advanced glycosylation end product-specific receptor|receptor for advanced glycosylation end products|rage|-
CHEMBL2179,-,-,-,Other Protein Target.Other Protein Target,Other Protein Target,Other Protein Target,0864-1>0864,-,gba1|acid beta-glucosidase|alglucerase|beta-gc|beta-glucocerebrosidase|beta-glucosylceramidase 1|cholesterol glucosyltransferase|cholesteryl-beta-glucosidase|d-glucosyl-n-acylsphingosine glucohydrolase|glucosylceramidase beta 1|imiglucerase|lysosomal acid gcase|lysosomal acid glucosylceramidase|lysosomal cholesterol glycosyltransferase|lysosomal galactosylceramidase|lysosomal glycosylceramidase|sgtase|gba|gc|gluc|-
CHEMBL218,56,56,0013,Receptor.G protein-coupled receptor,Receptor,G protein-coupled receptor,0013>0694>0688,-,cnr1|cann6|cb-r|cb1|cannabinoid receptor 1|cnr|-
CHEMBL2181,340,340,0058,Receptor.G protein-coupled receptor,Receptor,G protein-coupled receptor,0058>0694>0688,-,ptger1|-|prostaglandin e2 receptor ep1 subtype|pge receptor ep1 subtype|pge2 receptor ep1 subtype|prostanoid ep1 receptor|ptgerep1
CHEMBL2182,4,4,0001,Receptor.G protein-coupled receptor,Receptor,G protein-coupled receptor,0001>0694>0688,-,htr1e|5-ht-1e|5-ht1e|5-hydroxytryptamine receptor 1e|s31|serotonin receptor 1e|-
CHEMBL2185,1937,1937,0557,Enzyme.Transferase,Enzyme,Transferase,0557>0683>0698>0690-2>0690,-,aurkb|aim-1|ark-2|aurora 1|aurora kinase b|aurora- and ipl1-like midbody-associated protein 1|aurora-related kinase 2|aurora/ipl1-related kinase 2|stk-1|serine/threonine-protein kinase 12|serine/threonine-protein kinase 5|serine/threonine-protein kinase aurora-b|aik2|aim1|airk2|ark2|stk1|stk12|stk5|-
CHEMBL2186,2748,2748,0842,Enzyme.Lyase,Enzyme,Lyase,0842>0690-6>0690,-,ca13|ca-xiii|carbonate dehydratase xiii|carbonic anhydrase 13|carbonic anhydrase xiii|car13|-
CHEMBL2189110,2654,2654,0871,Enzyme.Transferase,Enzyme,Transferase,0871>0865>0690,-,ezh2|enx-1|enhancer of zeste homolog 2|histone-lysine n-methyltransferase ezh2|lysine n-methyltransferase 6|kmt6|-
CHEMBL2189117,2487,2487,0772,Enzyme.Hydrolase,Enzyme,Hydrolase,0772>0767>0690,-,eed|embryonic ectoderm development protein|polycomb protein eed|wait-1|wd protein associating with integrin cytoplasmic tails 1|heed|-
CHEMBL2189121,2824,2824,0897,Enzyme.Hydrolase,Enzyme,Hydrolase,0897>0896>0690,-,kras|gtpase kras|k-ras 2|ki-ras|c-k-ras|c-ki-ras|kras2|rask2|-
CHEMBL2189127,2919,2919,0944,Enzyme.Hydrolase,Enzyme,Hydrolase,0944>0943>0690,-,abhd6|2-arachidonoylglycerol hydrolase|abhydrolase domain-containing protein 6|monoacylglycerol lipase abhd6|-
CHEMBL2189158,-,-,-,Other Protein Target.Other Protein Target,Other Protein Target,Other Protein Target,0864-1>0864,-,"pik3cg|pi3-kinase subunit gamma|pi3k-gamma|pi3kgamma|phosphatidylinositol 4,5-bisphosphate 3-kinase 110 kda catalytic subunit gamma|phosphatidylinositol 4,5-bisphosphate 3-kinase catalytic subunit gamma isoform|phosphoinositide-3-kinase catalytic gamma polypeptide|ptdins-3-kinase subunit gamma|ptdins-3-kinase subunit p110-gamma|serine/threonine protein kinase pik3cg|p110gamma|p120-pi3k|pi3kg1|-"
CHEMBL219,217,217,0020,Receptor.G protein-coupled receptor,Receptor,G protein-coupled receptor,0020>0694>0688,-,drd4|d dopamine receptor|dopamine d4 receptor|-
CHEMBL220,2465,2465,0765,Enzyme.Hydrolase,Enzyme,Hydrolase,0765>0690-4>0690,-,ache|acetylcholinesterase|-
CHEMBL2207,-,-,-,Other Protein Target.Other Protein Target,Other Protein Target,Other Protein Target,0864-1>0864,-,mapk1|erk-2|ert1|extracellular signal-regulated kinase 2|map kinase 1|map kinase 2|map kinase isoform p42|mapk 1|mapk 2|mitogen-activated protein kinase 1|mitogen-activated protein kinase 2|p42-mapk|erk2|mapk|prkm1|-
CHEMBL2208,2094,2094,0512,Enzyme.Transferase,Enzyme,Transferase,0512>0459>0679>0698>0690-2>0690,-,mapkapk2|map kinase-activated protein kinase 2|mapk-activated protein kinase 2|mapkap kinase 2|mapkap-k2|mapkapk-2|mk-2|mk2|-
CHEMBL221,1375,1375,0269,Enzyme.Oxidoreductase,Enzyme,Oxidoreductase,0269>0243>0690,-,ptgs1|cox-1|cyclooxygenase-1|pgh synthase 1|pghs-1|phs 1|prostaglandin g/h synthase 1|prostaglandin h2 synthase 1|prostaglandin-endoperoxide synthase 1|cox1|-
CHEMBL2211,-,-,-,Other Protein Target.Other Protein Target,Other Protein Target,Other Protein Target,0864-1>0864,-,aurka|ark-1|aurora 2|aurora kinase a|aurora-related kinase 1|aurora/ipl1-related kinase 1|ipl1- and aurora-related kinase 1|serine/threonine-protein kinase 15|serine/threonine-protein kinase 6|serine/threonine-protein kinase ayk1|serine/threonine-protein kinase aurora-a|aik|airk1|ark1|aura|ayk1|btak|iak1|stk15|stk6|-
CHEMBL2216745,-,-,-,Other Protein Target.Other Protein Target,Other Protein Target,Other Protein Target,0864-1>0864,-,"pik3cd|pi3-kinase subunit delta|pi3k-delta|pi3kdelta|phosphatidylinositol 4,5-bisphosphate 3-kinase 110 kda catalytic subunit delta|phosphatidylinositol 4,5-bisphosphate 3-kinase catalytic subunit delta isoform|ptdins-3-kinase subunit delta|ptdins-3-kinase subunit p110-delta|p110delta|-"
CHEMBL2219,-,-,-,Other Protein Target.Other Protein Target,Other Protein Target,Other Protein Target,0864-1>0864,-,ptpn7|heptp|hematopoietic protein-tyrosine phosphatase|protein-tyrosine phosphatase lc-ptp|tyrosine-protein phosphatase non-receptor type 7|-
CHEMBL222,926,926,0176,Transporter.ATP-binding cassette transporter,Transporter,ATP-binding cassette transporter,0176>0144>0863>0691,-,slc6a2|net|norepinephrine transporter|sodium-dependent noradrenaline transporter|solute carrier family 6 member 2|nat1|net1|slc6a5|-
CHEMBL223,24,24,0004,Receptor.G protein-coupled receptor,Receptor,G protein-coupled receptor,0004>0694>0688,-,adra1d|alpha-1a adrenergic receptor|alpha-1d adrenergic receptor|alpha-1d adrenoceptor|alpha-1d adrenoreceptor|alpha-adrenergic receptor 1a|adra1a|-
CHEMBL2231,1318,1318,0261,Enzyme.Multifunctional,Enzyme,Multifunctional,0261>0242>0690-1>0690,-,cyp1a1|cypia1|cytochrome p450 1a1|cytochrome p450 form 6|cytochrome p450-c|cytochrome p450-p1|hydroperoxy icosatetraenoate dehydratase|-
CHEMBL2237,20,20,0003,Receptor.G protein-coupled receptor,Receptor,G protein-coupled receptor,0003>0694>0688,-,adora2b|adenosine receptor a2b|-
CHEMBL2238,357,357,0061,Receptor.G protein-coupled receptor,Receptor,G protein-coupled receptor,0061>0694>0688,-,sstr3|ss-3-r|ss3-r|ss3r|ssr-28|somatostatin receptor type 3|smstr3|-
CHEMBL224,6,6,0001,Receptor.G protein-coupled receptor,Receptor,G protein-coupled receptor,0001>0694>0688,-,htr2a|5-ht-2|5-ht-2a|5-hydroxytryptamine receptor 2a|serotonin receptor 2a|htr2|-
CHEMBL2242740,-,-,-,Other Protein Target.Other Protein Target,Other Protein Target,Other Protein Target,0864-1>0864,-,hpd|4-hydroxyphenylpyruvate dioxygenase|4-hydroxyphenylpyruvic acid oxidase|4hppd|hppdase|pds1|-
CHEMBL2243,1400,1400,0799,Enzyme.Hydrolase,Enzyme,Hydrolase,0799>0690-4>0690,-,faah|anandamide amidohydrolase 1|fatty acid ester hydrolase|fatty-acid amide hydrolase 1|oleamide hydrolase 1|faah1|-
CHEMBL2246,-,-,-,Other Protein Target.Other Protein Target,Other Protein Target,Other Protein Target,0864-1>0864,-,akr1a1|alcohol dehydrogenase|aldehyde reductase|aldo-keto reductase family 1 member a1|glucuronate reductase|glucuronolactone reductase|s-nitroso-coa reductase|scorr|aldr1|alr|-
CHEMBL2249,3097,3097,0912,Enzyme.Oxidoreductase,Enzyme,Oxidoreductase,0912>0690-1>0690,-,lox|lysyl oxidase|protein-lysine 6-oxidase|-
CHEMBL225,8,8,0001,Receptor.G protein-coupled receptor,Receptor,G protein-coupled receptor,0001>0694>0688,-,htr2c|5-ht-1c|5-ht-2c|5-ht1c|5-ht2c|5-htr2c|5-hydroxytryptamine receptor 1c|5-hydroxytryptamine receptor 2c|serotonin receptor 2c|htr1c|-
CHEMBL2250,1940,1940,0619,Enzyme.Transferase,Enzyme,Transferase,0619>0936>0686>0699>0862>0688,-,blk|b lymphocyte kinase|tyrosine-protein kinase blk|p55-blk|-
CHEMBL2252,2344,2344,0728,Enzyme.Hydrolase,Enzyme,Hydrolase,0728>0709>0759>0690-4>0690,-,ctsc|cathepsin c|cathepsin j|dpp-i|dppi|dipeptidyl peptidase 1|dipeptidyl peptidase i|dipeptidyl transferase|cppi|-
CHEMBL2253,213,213,0019,Receptor.G protein-coupled receptor,Receptor,G protein-coupled receptor,0019>0694>0688,-,crhr2|crf-r-2|crf-r2|crf-rb|crfr-2|crh-r-2|crh-r2|corticotropin-releasing factor receptor 2|corticotropin-releasing hormone receptor 2|crf2r|-
CHEMBL226,18,18,0003,Receptor.G protein-coupled receptor,Receptor,G protein-coupled receptor,0003>0694>0688,-,adora1|adenosine receptor a1|-
CHEMBL2264,1575,1575,0737,Enzyme.Hydrolase,Enzyme,Hydrolase,0737>0713>0759>0690-4>0690,-,npepps|aap-s|cytosol alanyl aminopeptidase|psa|puromycin-sensitive aminopeptidase|-
CHEMBL2265,2592,2592,0799,Enzyme.Hydrolase,Enzyme,Hydrolase,0799>0690-4>0690,-,ces1|acat|acyl-coenzyme a:cholesterol acyltransferase|brain carboxylesterase hbr1|ce-1|ceh|carboxylesterase 1|cholesteryl ester hydrolase|cocaine carboxylesterase|egasyn|hmse|liver carboxylesterase 1|methylumbelliferyl-acetate deacetylase 1|monocyte/macrophage serine esterase|reh|retinyl ester hydrolase|serine esterase 1|tgh|triacylglycerol hydrolase|hce-1|ces2|ses1|-
CHEMBL2268003,-,-,-,Other Protein Target.Other Protein Target,Other Protein Target,Other Protein Target,0864-1>0864,-,psba|32 kda thylakoid membrane protein|psii d1 protein|photosystem ii q protein|photosystem ii protein d1|-
CHEMBL227,34,34,0006,Receptor.G protein-coupled receptor,Receptor,G protein-coupled receptor,0006>0694>0688,-,agtr1|at1 receptor|at1ar|at1br|angiotensin ii type-1 receptor|type-1 angiotensin ii receptor|agtr1a|agtr1b|at2r1|at2r1b|-
CHEMBL2274,279,279,0135,Receptor.G protein-coupled receptor,Receptor,G protein-coupled receptor,0135>0694>0688,-,s1pr5|endothelial differentiation g-protein-coupled receptor 8|s1p receptor 5|s1p receptor edg-8|s1p5|sphingosine 1-phosphate receptor 5|sphingosine 1-phosphate receptor edg-8|edg8|-
CHEMBL2276,1496,1496,0518,Enzyme.Transferase,Enzyme,Transferase,0518>0288>0681>0698>0690-2>0690,-,mapk8|jnk-46|map kinase 8|mapk 8|mitogen-activated protein kinase 8|sapk1c|stress-activated protein kinase 1c|stress-activated protein kinase jnk1|c-jun n-terminal kinase 1|jnk1|prkm8|sapk1|-
CHEMBL228,928,928,0176,Transporter.ATP-binding cassette transporter,Transporter,ATP-binding cassette transporter,0176>0144>0863>0691,-,slc6a4|5ht transporter|5htt|sert|sodium-dependent serotonin transporter|solute carrier family 6 member 4|htt|-
CHEMBL2283,-,-,-,Other Protein Target.Other Protein Target,Other Protein Target,Other Protein Target,0864-1>0864,-,ca2|ca-ii|carbonate dehydratase ii|carbonic anhydrase 2|carbonic anhydrase ii|cyanamide hydratase ca2|-
CHEMBL2285,1678,1678,0739,Enzyme.Hydrolase,Enzyme,Hydrolase,0739>0713>0759>0690-4>0690,-,adamts5|a disintegrin and metalloproteinase with thrombospondin motifs 11|a disintegrin and metalloproteinase with thrombospondin motifs 5|adam-ts 11|adam-ts 5|adam-ts5|adamts-11|adamts-5|admp-2|aggrecanase-2|adamts11|admp2|-
CHEMBL2288,3171,3171,0845,Enzyme.Isomerase,Enzyme,Isomerase,0845>0690-5>0690,-,pin1|ppiase pin1|peptidyl-prolyl cis-trans isomerase nima-interacting 1|peptidyl-prolyl cis-trans isomerase pin1|rotamase pin1|-
CHEMBL2289,-,-,-,Other Protein Target.Other Protein Target,Other Protein Target,Other Protein Target,0864-1>0864,-,adrb2|-|beta-2 adrenergic receptor|beta-2 adrenoceptor|beta-2 adrenoreceptor
CHEMBL229,22,22,0004,Receptor.G protein-coupled receptor,Receptor,G protein-coupled receptor,0004>0694>0688,-,adra1a|alpha-1a adrenergic receptor|alpha-1a adrenoceptor|alpha-1a adrenoreceptor|alpha-1c adrenergic receptor|alpha-adrenergic receptor 1c|adra1c|-
CHEMBL2292,2009,2009,0503,Enzyme.Transferase,Enzyme,Transferase,0503>0455>0681>0698>0690-2>0690,-,dyrk1a|dual specificity yak1-related kinase|dual specificity tyrosine-phosphorylation-regulated kinase 1a|hp86|mnbh|protein kinase minibrain homolog|hmnb|dyrk|mnb|-
CHEMBL230,1376,1376,0269,Enzyme.Oxidoreductase,Enzyme,Oxidoreductase,0269>0243>0690,-,ptgs2|cox-2|cyclooxygenase-2|pgh synthase 2|pghs-2|phs ii|prostaglandin g/h synthase 2|prostaglandin h2 synthase 2|prostaglandin-endoperoxide synthase 2|cox2|-
CHEMBL2304402,-,-,-,Other Protein Target.Other Protein Target,Other Protein Target,Other Protein Target,0864-1>0864,-,"pde5a|cgb-pde|cgmp-binding cgmp-specific phosphodiesterase|cgmp-specific 3',5'-cyclic phosphodiesterase|pde5|-"
CHEMBL2304404,-,-,-,Other Protein Target.Other Protein Target,Other Protein Target,Other Protein Target,0864-1>0864,-,adora1|-|adenosine receptor a1
CHEMBL231,262,262,0033,Receptor.G protein-coupled receptor,Receptor,G protein-coupled receptor,0033>0694>0688,-,hrh1|h1-r|h1r|hh1r|histamine h1 receptor|-
CHEMBL2311243,-,-,-,Other Protein Target.Other Protein Target,Other Protein Target,Other Protein Target,0864-1>0864,-,phgdh|2-oxoglutarate reductase|3-pgdh|d-3-phosphoglycerate dehydrogenase|malate dehydrogenase|pgdh3|-
CHEMBL2318,1677,1677,0739,Enzyme.Hydrolase,Enzyme,Hydrolase,0739>0713>0759>0690-4>0690,-,adamts4|a disintegrin and metalloproteinase with thrombospondin motifs 4|adam-ts 4|adam-ts4|adamts-4|admp-1|aggrecanase-1|kiaa0688|-
CHEMBL232,23,23,0004,Receptor.G protein-coupled receptor,Receptor,G protein-coupled receptor,0004>0694>0688,-,adra1b|alpha-1b adrenergic receptor|alpha-1b adrenoceptor|alpha-1b adrenoreceptor|-
CHEMBL2321613,515,515,0079,Ion Channel.Voltage-gated ion channel,Ion Channel,Voltage-gated ion channel,0079>0133>0696>0689,-,kcnk3|acid-sensitive potassium channel protein task-1|potassium channel subfamily k member 3|twik-related acid-sensitive k channel 1|two pore k channel kt3.1|two pore potassium channel kt3.1|task|task1|-
CHEMBL2321614,-,-,-,Other Protein Target.Other Protein Target,Other Protein Target,Other Protein Target,0864-1>0864,-,kcnk9|acid-sensitive potassium channel protein task-3|potassium channel subfamily k member 9|twik-related acid-sensitive k channel 3|two pore k channel kt3.2|two pore potassium channel kt3.2|task3|-
CHEMBL2321628,67,67,0014,Receptor.G protein-coupled receptor,Receptor,G protein-coupled receptor,0014>0694>0688,-,ccr10|c-c ckr-10|c-c chemokine receptor type 10|cc-ckr-10|ccr-10|g-protein coupled receptor 2|gpr2|-
CHEMBL2321630,-,-,-,Other Protein Target.Other Protein Target,Other Protein Target,Other Protein Target,0864-1>0864,-,"mgat2|alpha-1,6-mannosyl-glycoprotein 2-beta-n-acetylglucosaminyltransferase|beta-1,2-n-acetylglucosaminyltransferase ii|gnt-ii|glcnac-t ii|mannoside acetylglucosaminyltransferase 2|n-glycosyl-oligosaccharide-glycoprotein n-acetylglucosaminyltransferase ii|-"
CHEMBL2321643,-,-,-,Other Protein Target.Other Protein Target,Other Protein Target,Other Protein Target,0864-1>0864,-,smyd3|histone-lysine n-methyltransferase smyd3|set and mynd domain-containing protein 3|zinc finger mynd domain-containing protein 1|zmynd1|znfn3a1|-
CHEMBL2322,-,-,-,Other Protein Target.Other Protein Target,Other Protein Target,Other Protein Target,0864-1>0864,-,ren1|angiotensinogenase|renin|ren|-
CHEMBL2326,2749,2749,0842,Enzyme.Lyase,Enzyme,Lyase,0842>0690-6>0690,-,ca7|ca-vii|carbonate dehydratase vii|carbonic anhydrase 7|carbonic anhydrase vii|-
CHEMBL2327,361,361,0062,Receptor.G protein-coupled receptor,Receptor,G protein-coupled receptor,0062>0694>0688,-,tacr2|nk-2 receptor|nk-2r|neurokinin a receptor|skr|substance-k receptor|tachykinin receptor 2|nk2r|nknar|tac2r|-
CHEMBL2329,-,-,-,Other Protein Target.Other Protein Target,Other Protein Target,Other Protein Target,0864-1>0864,-,dfr1|dihydrofolate reductase|-
CHEMBL233,319,319,0050,Receptor.G protein-coupled receptor,Receptor,G protein-coupled receptor,0050>0694>0688,-,oprm1|m-or-1|mop|mor-1|mu opiate receptor|mu opioid receptor|mu-type opioid receptor|hmop|mor1|-
CHEMBL2331,-,-,-,Other Protein Target.Other Protein Target,Other Protein Target,Other Protein Target,0864-1>0864,-,pnmt|-|phenylethanolamine n-methyltransferase|noradrenaline n-methyltransferase|pnmtase
CHEMBL2331041,521,521,0079,Ion Channel.Voltage-gated ion channel,Ion Channel,Voltage-gated ion channel,0079>0133>0696>0689,-,kcnk10|outward rectifying potassium channel protein trek-2|potassium channel subfamily k member 10|trek-2 k channel subunit|trek2|-
CHEMBL2331053,2937,2937,0948,Enzyme.Multifunctional,Enzyme,Multifunctional,0948>0947>0690,-,"pfkfb3|6-phosphofructo-2-kinase/fructose-2,6-bisphosphatase 3|6pf-2-k/fru-2,6-p2ase 3|6pf-2-k/fru-2,6-p2ase brain/placenta-type isozyme|pfk/fbpase 3|renal carcinoma antigen ny-ren-56|ipfk-2|-"
CHEMBL2331061,-,-,-,Other Protein Target.Other Protein Target,Other Protein Target,Other Protein Target,0864-1>0864,-,braf|proto-oncogene b-raf|serine/threonine-protein kinase b-raf|b-raf|-
CHEMBL2331064,1459,1459,0281,Enzyme.Hydrolase,Enzyme,Hydrolase,0281>0245>0690,-,"inppl1|inppl-1|inositol polyphosphate phosphatase-like protein 1|phosphatidylinositol 3,4,5-trisphosphate 5-phosphatase 2|protein 51c|sh2 domain-containing inositol 5'-phosphatase 2|sh2 domain-containing inositol phosphatase 2|ship-2|ship2|-"
CHEMBL2331066,-,-,-,Other Protein Target.Other Protein Target,Other Protein Target,Other Protein Target,0864-1>0864,-,bace2|beta-secretase 2|beta-site app cleaving enzyme 2|beta-site amyloid precursor protein cleaving enzyme 2|memapsin-1|membrane-associated aspartic protease 1|theta-secretase|-
CHEMBL2331070,-,-,-,Other Protein Target.Other Protein Target,Other Protein Target,Other Protein Target,0864-1>0864,-,asah1|ac|acdase|acid cdase|acid ceramidase|acylsphingosine deacylase|n-acylethanolamine hydrolase asah1|n-acylsphingosine amidohydrolase|-
CHEMBL2334,1619,1619,0734,Enzyme.Hydrolase,Enzyme,Hydrolase,0734>0710>0759>0690-4>0690,-,casp3|apopain|casp-3|cpp-32|caspase-3|cysteine protease cpp32|protein yama|sca-1|srebp cleavage activity 1|cpp32|-
CHEMBL2335,1584,1584,0757,Enzyme.Hydrolase,Enzyme,Hydrolase,0757>0725>0759>0690-4>0690,-,prcp|angiotensinase c|lysosomal pro-x carboxypeptidase|lysosomal carboxypeptidase c|proline carboxypeptidase|prolylcarboxypeptidase|pcp|-
CHEMBL2336,-,-,-,Other Protein Target.Other Protein Target,Other Protein Target,Other Protein Target,0864-1>0864,-,mapk14|crk1|map kinase 14|map kinase p38 alpha|mapk 14|mitogen-activated protein kinase 14|mitogen-activated protein kinase p38 alpha|csbp1|csbp2|-
CHEMBL2337,935,935,0178,Transporter.ATP-binding cassette transporter,Transporter,ATP-binding cassette transporter,0178>0144>0863>0691,-,slc6a9|glyt-1|glyt1|sodium- and chloride-dependent glycine transporter 1|solute carrier family 6 member 9|-
CHEMBL2339,-,-,-,Other Protein Target.Other Protein Target,Other Protein Target,Other Protein Target,0864-1>0864,-,cyp7a1|24-hydroxycholesterol 7-alpha-hydroxylase|cypvii|cholesterol 7-alpha-hydroxylase|cholesterol 7-alpha-monooxygenase|cytochrome p450 7a1|cyp7|-
CHEMBL234,216,216,0020,Receptor.G protein-coupled receptor,Receptor,G protein-coupled receptor,0020>0694>0688,-,drd3|d dopamine receptor|dopamine d3 receptor|-
CHEMBL2343,1534,1534,0616,Enzyme.Transferase,Enzyme,Transferase,0616>0677>0698>0690-2>0690,-,sgk1|serine/threonine-protein kinase sgk1|serum/glucocorticoid-regulated kinase 1|sgk|-
CHEMBL2345,1528,1528,0541,Enzyme.Transferase,Enzyme,Transferase,0541>0466>0677>0698>0690-2>0690,-,rps6ka3|90 kda ribosomal protein s6 kinase 3|ispk-1|insulin-stimulated protein kinase 1|map kinase-activated protein kinase 1b|mapk-activated protein kinase 1b|mapkap kinase 1b|mapkapk-1b|rsk-2|ribosomal s6 kinase 2|ribosomal protein s6 kinase alpha-3|s6k-alpha-3|p90-rsk 3|p90rsk3|pp90rsk2|ispk1|mapkapk1b|rsk2|-
CHEMBL2346486,3205,3205,0843,Enzyme.Transferase,Enzyme,Transferase,0843>0690-2>0690,-,nnmt|-|nicotinamide n-methyltransferase
CHEMBL2346488,-,-,-,Other Protein Target.Other Protein Target,Other Protein Target,Other Protein Target,0864-1>0864,-,pcna|cyclin|proliferating cell nuclear antigen|-
CHEMBL2349,2147,2147,0599,Enzyme.Transferase,Enzyme,Transferase,0599>0679>0698>0690-2>0690,-,"phkg2|phk-gamma-lt|phk-gamma-t|psk-c3|phosphorylase b kinase gamma catalytic chain, liver/testis isoform|phosphorylase kinase subunit gamma-2|-"
CHEMBL235,595,595,0086,Receptor.Nuclear Hormone Receptor,Receptor,Nuclear Hormone Receptor,0086>0695>0688,-,pparg|nuclear receptor subfamily 1 group c member 3|ppar-gamma|peroxisome proliferator-activated receptor gamma|nr1c3|-
CHEMBL236,317,317,0050,Receptor.G protein-coupled receptor,Receptor,G protein-coupled receptor,0050>0694>0688,-,oprd1|d-or-1|dor-1|delta-type opioid receptor|oprd|-
CHEMBL2360,-,-,-,Other Protein Target.Other Protein Target,Other Protein Target,Other Protein Target,0864-1>0864,-,hprt1|hgprt|hgprtase|hypoxanthine-guanine phosphoribosyltransferase|hprt|-
CHEMBL2362979,2739,2739,0867,Other Protein Target.Other Protein Target,Other Protein Target,Other Protein Target,0867>0866>0864,-,smarca2|baf190b|brg1-associated factor 190b|probable global transcription activator snf2l2|protein brahma homolog|samrca2|snf2-alpha|swi/snf-related matrix-associated actin-dependent regulator of chromatin subfamily a member 2|hbrm|brm|snf2a|snf2l2|-
CHEMBL2363,-,-,-,Other Protein Target.Other Protein Target,Other Protein Target,Other Protein Target,0864-1>0864,-,dhfr|-|dihydrofolate reductase
CHEMBL2366456,-,-,-,Other Protein Target.Other Protein Target,Other Protein Target,Other Protein Target,0864-1>0864,-,"cacna1c|calcium channel, l type, alpha-1 polypeptide, isoform 1, cardiac muscle|voltage-dependent l-type calcium channel subunit alpha-1c|voltage-gated calcium channel subunit alpha cav1.2|cach2|cacn2|cacnl1a1|cchl1a1|-"
CHEMBL2366470,-,-,-,Other Protein Target.Other Protein Target,Other Protein Target,Other Protein Target,0864-1>0864,-,nachrbeta2|acetylcholine receptor subunit beta-like 2|nicotinic acetylcholine receptor beta 2|acr96ac|acrf|sbd|nacrbeta-96|-
CHEMBL2366481,-,-,-,Other Protein Target.Other Protein Target,Other Protein Target,Other Protein Target,0864-1>0864,-,psba|-|photosystem ii protein d1|32 kda thylakoid membrane protein|psii d1 protein|photosystem ii q protein
CHEMBL2366494,-,-,-,Other Protein Target.Other Protein Target,Other Protein Target,Other Protein Target,0864-1>0864,-,accase|-|acetyl-coa carboxylase
CHEMBL2366504,-,-,-,Other Protein Target.Other Protein Target,Other Protein Target,Other Protein Target,0864-1>0864,-,gag|-|structural capsid protein
CHEMBL2366516,-,-,-,Other Protein Target.Other Protein Target,Other Protein Target,Other Protein Target,0864-1>0864,-,reverse transcriptase|-
CHEMBL2366517,-,-,-,Other Protein Target.Other Protein Target,Other Protein Target,Other Protein Target,0864-1>0864,-,protease|-
CHEMBL237,318,318,0050,Receptor.G protein-coupled receptor,Receptor,G protein-coupled receptor,0050>0694>0688,-,oprk1|k-or-1|kor-1|kappa-type opioid receptor|oprk|-
CHEMBL2372,2472,2472,0766,Enzyme.Multifunctional,Enzyme,Multifunctional,0766>0690-1>0690,-,comt|-|catechol o-methyltransferase
CHEMBL2373,32,32,0005,Receptor.G protein-coupled receptor,Receptor,G protein-coupled receptor,0005>0694>0688,-,c5ar1|-|c5a anaphylatoxin chemotactic receptor 1|c5ar|c5r1|c5a anaphylatoxin chemotactic receptor|c5a-r
CHEMBL2375203,-,-,-,Other Protein Target.Other Protein Target,Other Protein Target,Other Protein Target,0864-1>0864,-,"mgat2|alpha-1,6-mannosyl-glycoprotein 2-beta-n-acetylglucosaminyltransferase|beta-1,2-n-acetylglucosaminyltransferase ii|gnt-ii|glcnac-t ii|mannoside acetylglucosaminyltransferase 2|n-glycosyl-oligosaccharide-glycoprotein n-acetylglucosaminyltransferase ii|-"
CHEMBL2375206,-,-,-,Other Protein Target.Other Protein Target,Other Protein Target,Other Protein Target,0864-1>0864,-,"mgat3|beta-1,4-mannosyl-glycoprotein 4-beta-n-acetylglucosaminyltransferase|gnt-iii|glcnac-t iii|n-acetylglucosaminyltransferase iii|n-glycosyl-oligosaccharide-glycoprotein n-acetylglucosaminyltransferase iii|ggnt3|-"
CHEMBL2375207,-,-,-,Other Protein Target.Other Protein Target,Other Protein Target,Other Protein Target,0864-1>0864,-,"mgat1|alpha-1,3-mannosyl-glycoprotein 2-beta-n-acetylglucosaminyltransferase|gnt-i|glcnac-t i|n-glycosyl-oligosaccharide-glycoprotein n-acetylglucosaminyltransferase i|ggnt1|glct1|glyt1|mgat|-"
CHEMBL2378,-,-,-,Other Protein Target.Other Protein Target,Other Protein Target,Other Protein Target,0864-1>0864,-,cdc25c|dual specificity phosphatase cdc25c|m-phase inducer phosphatase 3|-
CHEMBL238,927,927,0176,Transporter.ATP-binding cassette transporter,Transporter,ATP-binding cassette transporter,0176>0144>0863>0691,-,slc6a3|da transporter|dat|sodium-dependent dopamine transporter|solute carrier family 6 member 3|dat1|-
CHEMBL2380186,-,-,-,Other Protein Target.Other Protein Target,Other Protein Target,Other Protein Target,0864-1>0864,-,myb|proto-oncogene c-myb|transcriptional activator myb|-
CHEMBL2380190,-,-,-,Other Protein Target.Other Protein Target,Other Protein Target,Other Protein Target,0864-1>0864,-,lipg|edl|endothelial cell-derived lipase|endothelial lipase|phospholipase a1|-
CHEMBL2383,2604,2604,0920,Enzyme.Multifunctional,Enzyme,Multifunctional,0920>0690-1>0690,-,"dhodh|-|dihydroorotate dehydrogenase , mitochondrial|dhodehase|dihydroorotate oxidase"
CHEMBL2384891,2964,2964,0977,Ion Channel.Other ion channel,Ion Channel,Other ion channel,0977>0976>0861>0689,-,orai1|calcium release-activated calcium channel protein 1|protein orai-1|transmembrane protein 142a|cracm1|tmem142a|-
CHEMBL239,593,593,0086,Receptor.Nuclear Hormone Receptor,Receptor,Nuclear Hormone Receptor,0086>0695>0688,-,ppara|nuclear receptor subfamily 1 group c member 1|ppar-alpha|peroxisome proliferator-activated receptor alpha|nr1c1|ppar|-
CHEMBL2391,2763,2763,0840,Enzyme.Oxidoreductase,Enzyme,Oxidoreductase,0840>0690-1>0690,-,hsd11b1|11-dh|11-beta-hsd1|11-beta-hydroxysteroid dehydrogenase 1|7-oxosteroid reductase|corticosteroid 11-beta-dehydrogenase isozyme 1|hsd11|-
CHEMBL2397,1263,1263,0255,Enzyme.Ligase,Enzyme,Ligase,0255>0240>0690,-,acaca|acc-alpha|acc1|acetyl-coa carboxylase 1|acac|-
CHEMBL240,572,572,0081,Ion Channel.Voltage-gated ion channel,Ion Channel,Voltage-gated ion channel,0081>0133>0696>0689,-,kcnh2|erg-1|eag homolog|eag-related protein 1|ether-a-go-go-related gene potassium channel 1|ether-a-go-go-related protein 1|h-erg|potassium voltage-gated channel subfamily h member 2|voltage-gated inwardly rectifying potassium channel kcnh2|voltage-gated potassium channel subunit kv11.1|herg-1|herg1|erg|erg1|herg|-
CHEMBL2401609,-,-,-,Other Protein Target.Other Protein Target,Other Protein Target,Other Protein Target,0864-1>0864,-,-|carbonic anhydrase|carbonate dehydratase
CHEMBL2406899,-,-,-,Other Protein Target.Other Protein Target,Other Protein Target,Other Protein Target,0864-1>0864,-,"usp9x|deubiquitinating enzyme faf-x|fat facets in mammals|fat facets protein-related, x-linked|ubiquitin carboxyl-terminal hydrolase 9x|ubiquitin thioesterase faf-x|ubiquitin-specific protease 9, x chromosome|ubiquitin-specific-processing protease faf-x|hfam|dffrx|fam|usp9|-"
CHEMBL2409,2970,2970,0799,Enzyme.Hydrolase,Enzyme,Hydrolase,0799>0690-4>0690,-,ephx2|bifunctional epoxide hydrolase 2|-
CHEMBL241,1298,1298,0260,Enzyme.Hydrolase,Enzyme,Hydrolase,0260>0241>0690-4>0690,-,"pde3a|cgi-pde a|cyclic gmp-inhibited phosphodiesterase a|cgi-pde|cgmp-inhibited 3',5'-cyclic phosphodiesterase 3a|cgmp-inhibited camp phosphodiesterase|-"
CHEMBL2411,373,373,0068,Ion Channel.Ligand-gated ion channel,Ion Channel,Ligand-gated ion channel,0068>0697>0689,-,htr3a|-|5-hydroxytryptamine receptor 3a|5-ht-3|5-ht3-a|5-ht3a|5-ht3r|5-hydroxytryptamine receptor 3|5ht3|htr3|serotonin receptor 3a|serotonin-gated ion channel receptor
CHEMBL2413,58,58,0014,Receptor.G protein-coupled receptor,Receptor,G protein-coupled receptor,0014>0694>0688,-,ccr1|c-c ckr-1|c-c chemokine receptor type 1|cc-ckr-1|ccr-1|hm145|ld78 receptor|mip-1alpha-r|macrophage inflammatory protein 1-alpha receptor|rantes-r|cmkbr1|cmkr1|scyar1|-
CHEMBL2414,61,61,0014,Receptor.G protein-coupled receptor,Receptor,G protein-coupled receptor,0014>0694>0688,-,ccr4|c-c ckr-4|c-c chemokine receptor type 4|cc-ckr-4|ccr-4|k5-5|cmkbr4|-
CHEMBL2417347,491,491,0078,Ion Channel.Voltage-gated ion channel,Ion Channel,Voltage-gated ion channel,0078>0696>0689,-,trpc6|short transient receptor potential channel 6|trp-6|transient receptor protein 6|trp6|-
CHEMBL2417348,488,488,0078,Ion Channel.Voltage-gated ion channel,Ion Channel,Voltage-gated ion channel,0078>0696>0689,-,trpc3|short transient receptor potential channel 3|trp-3|transient receptor protein 3|htrp-3|htrp3|trp3|-
CHEMBL2417353,-,-,-,Other Protein Target.Other Protein Target,Other Protein Target,Other Protein Target,0864-1>0864,-,nek8|never in mitosis a-related kinase 8|nima-related protein kinase 8|nima-related protein kinase 12a|serine/threonine-protein kinase nek8|jck|nek12a|-
CHEMBL242,621,621,0096,Receptor.Nuclear Hormone Receptor,Receptor,Nuclear Hormone Receptor,0096>0107>0695>0688,-,esr2|er-beta|estrogen receptor beta|nuclear receptor subfamily 3 group a member 2|estrb|nr3a2|-
CHEMBL2424,-,-,-,Other Protein Target.Other Protein Target,Other Protein Target,Other Protein Target,0864-1>0864,-,glo1|aldoketomutase|glx i|glyoxalase i|ketone-aldehyde mutase|lactoylglutathione lyase|methylglyoxalase|s-d-lactoylglutathione methylglyoxal lyase|-
CHEMBL2424504,2680,2680,0869,Enzyme.Oxidoreductase,Enzyme,Oxidoreductase,0869>0865>0690,-,kdm5a|histone demethylase jarid1a|jumonji/arid domain-containing protein 1a|lysine-specific demethylase 5a|rbbp-2|retinoblastoma-binding protein 2|-trimethyl-l-lysine demethylase 5a|jarid1a|rbbp2|rbp2|-
CHEMBL2425,-,-,-,Other Protein Target.Other Protein Target,Other Protein Target,Other Protein Target,0864-1>0864,-,-|bifunctional dihydrofolate reductase-thymidylate synthase|dhfr-ts
CHEMBL2426,1999,1999,0564,Enzyme.Transferase,Enzyme,Transferase,0564>0680>0698>0690-2>0690,-,csnk1g1|cki-gamma 1|casein kinase i isoform gamma-1|-
CHEMBL2428,1552,1552,0585,Enzyme.Transferase,Enzyme,Transferase,0585>0679>0698>0690-2>0690,-,"mylk|krp|kinase-related protein|mlck|myosin light chain kinase, smooth muscle|telokin|smmlck|mlck1|mylk1|-"
CHEMBL2429708,3267,3267,1096,Enzyme.Transferase,Enzyme,Transferase,1096>1095>0690-2>0690,-,parp10|adp-ribosyltransferase diphtheria toxin-like 10|artd10|parp-10|poly polymerase 10|protein mono-adp-ribosyltransferase parp10|-
CHEMBL2429709,-,-,-,Other Protein Target.Other Protein Target,Other Protein Target,Other Protein Target,0864-1>0864,-,parp12|adp-ribosyltransferase diphtheria toxin-like 12|artd12|parp-12|poly polymerase 12|protein mono-adp-ribosyltransferase parp12|zinc finger ccch domain-containing protein 1|zc3hdc1|-
CHEMBL243,-,-,-,Other Protein Target.Other Protein Target,Other Protein Target,Other Protein Target,0864-1>0864,-,pol|-|pol polyprotein|human immunodeficiency virus type 1 protease
CHEMBL2431,1480,1480,0285,Enzyme.Transferase,Enzyme,Transferase,0285>0677>0698>0690-2>0690,-,akt2|pkb beta|protein kinase akt-2|protein kinase b beta|rac protein kinase beta|rac-pk-beta|rac-beta serine/threonine-protein kinase|-
CHEMBL2434,69,69,0014,Receptor.G protein-coupled receptor,Receptor,G protein-coupled receptor,0014>0694>0688,-,cxcr2|c-x-c chemokine receptor type 2|cdw128b|cxc-r2|cxcr-2|gro/mgsa receptor|high affinity interleukin-8 receptor b|il-8 receptor type 2|il-8r b|il8rb|-
CHEMBL2438,-,-,-,Other Protein Target.Other Protein Target,Other Protein Target,Other Protein Target,0864-1>0864,-,epx|epo|eosinophil peroxidase|eper|epp|-
CHEMBL2439,2789,2789,0840,Enzyme.Oxidoreductase,Enzyme,Oxidoreductase,0840>0690-1>0690,-,mpo|myeloperoxidase|-
CHEMBL2439944,2881,2881,0844,Enzyme.Multifunctional,Enzyme,Multifunctional,0844>0690-3>0690,-,mogat2|2-acylglycerol o-acyltransferase 2|acyl-coa:monoacylglycerol acyltransferase 2|diacylglycerol o-acyltransferase candidate 5|diacylglycerol acyltransferase 2-like protein 5|mgat2|monoacylglycerol o-acyltransferase 2|hdc5|hmgat2|dc5|dgat2l5|-
CHEMBL244,2359,2359,0853,Enzyme.Hydrolase,Enzyme,Hydrolase,0853>0759>0690-4>0690,-,f10|coagulation factor x|stuart factor|stuart-prower factor|-
CHEMBL2443,2377,2377,0751,Enzyme.Hydrolase,Enzyme,Hydrolase,0751>0721>0759>0690-4>0690,-,klk7|kallikrein-7|serine protease 6|stratum corneum chymotryptic enzyme|hk7|hscce|prss6|scce|-
CHEMBL2447,-,-,-,Other Protein Target.Other Protein Target,Other Protein Target,Other Protein Target,0864-1>0864,-,dck|deoxyadenosine kinase|deoxycytidine kinase|deoxyguanosine kinase|-
CHEMBL245,15,15,0002,Receptor.G protein-coupled receptor,Receptor,G protein-coupled receptor,0002>0694>0688,-,chrm3|muscarinic acetylcholine receptor m3|-
CHEMBL2458,-,-,-,Other Protein Target.Other Protein Target,Other Protein Target,Other Protein Target,0864-1>0864,-,ppard|nuc1|nuclear hormone receptor 1|nuclear receptor subfamily 1 group c member 2|ppar-beta|ppar-delta|peroxisome proliferator-activated receptor beta|peroxisome proliferator-activated receptor delta|nr1c2|pparb|-
CHEMBL246,30,30,0004,Receptor.G protein-coupled receptor,Receptor,G protein-coupled receptor,0004>0694>0688,-,adrb3|beta-3 adrenergic receptor|beta-3 adrenoceptor|beta-3 adrenoreceptor|adrb3r|b3ar|-
CHEMBL2460,-,-,-,Other Protein Target.Other Protein Target,Other Protein Target,Other Protein Target,0864-1>0864,-,prep|-|prolyl endopeptidase|pe|post-proline cleaving enzyme
CHEMBL2461,-,-,-,Other Protein Target.Other Protein Target,Other Protein Target,Other Protein Target,0864-1>0864,-,prep|-|prolyl endopeptidase|pe|post-proline cleaving enzyme
CHEMBL2468,2004,2004,0572,Enzyme.Transferase,Enzyme,Transferase,0572>0679>0698>0690-2>0690,-,dapk3|dap kinase 3|dap-like kinase|death-associated protein kinase 3|dlk|mypt1 kinase|zip-kinase|zipper-interacting protein kinase|zipk|-
CHEMBL2469,-,-,-,Other Protein Target.Other Protein Target,Other Protein Target,Other Protein Target,0864-1>0864,-,uck2|cytidine monophosphokinase 2|testis-specific protein tsa903|uck 2|uridine monophosphokinase 2|uridine-cytidine kinase 2|umpk|-
CHEMBL247,-,-,-,Other Protein Target.Other Protein Target,Other Protein Target,Other Protein Target,0864-1>0864,-,pol|-|reverse transcriptase/rnaseh|human immunodeficiency virus type 1 reverse transcriptase
CHEMBL2470,57,57,0013,Receptor.G protein-coupled receptor,Receptor,G protein-coupled receptor,0013>0694>0688,-,cnr2|cb-2|cb2|cannabinoid receptor 2|rcb2|-
CHEMBL2473,2402,2402,0727,Enzyme.Hydrolase,Enzyme,Hydrolase,0727>0708>0759>0690-4>0690,-,psen1|ps-1|presenilin-1|protein s182|ad3|ps1|psnl1|-
CHEMBL2474,1572,1572,0746,Enzyme.Hydrolase,Enzyme,Hydrolase,0746>0717>0759>0690-4>0690,-,metap1|map 1|metap 1|methionine aminopeptidase 1|peptidase m 1|kiaa0094|-
CHEMBL248,2358,2358,0751,Enzyme.Hydrolase,Enzyme,Hydrolase,0751>0721>0759>0690-4>0690,-,elane|bone marrow serine protease|elastase-2|hle|human leukocyte elastase|medullasin|neutrophil elastase|pmn elastase|ela2|-
CHEMBL2480,-,-,-,Other Protein Target.Other Protein Target,Other Protein Target,Other Protein Target,0864-1>0864,-,lck|lsk|leukocyte c-terminal src kinase|lymphocyte cell-specific protein-tyrosine kinase|proto-oncogene tyrosine-protein kinase lck|p56-lck|lsk-t|-
CHEMBL2487,-,-,-,Other Protein Target.Other Protein Target,Other Protein Target,Other Protein Target,0864-1>0864,-,app|abpp|appi|alzheimer disease amyloid a4 protein homolog|alzheimer disease amyloid protein|amyloid precursor protein|amyloid-beta precursor protein|amyloid-beta a4 protein|cvap|cerebral vascular amyloid peptide|pn-ii|prea4|protease nexin-ii|a4|ad1|-
CHEMBL2488,341,341,0058,Receptor.G protein-coupled receptor,Receptor,G protein-coupled receptor,0058>0694>0688,-,ptger2|-|prostaglandin e2 receptor ep2 subtype|pge receptor ep2 subtype|pge2 receptor ep2 subtype|prostanoid ep2 receptor|ptgerep2
CHEMBL2489,343,343,0058,Receptor.G protein-coupled receptor,Receptor,G protein-coupled receptor,0058>0694>0688,-,ptger4|-|prostaglandin e2 receptor ep4 subtype|pge receptor ep4 subtype|pge2 receptor ep4 subtype|prostanoid ep4 receptor|ptgerep4
CHEMBL249,360,360,0062,Receptor.G protein-coupled receptor,Receptor,G protein-coupled receptor,0062>0694>0688,-,tacr1|nk-1 receptor|nk-1r|spr|substance-p receptor|tachykinin receptor 1|nk1r|tac1r|-
CHEMBL2490,-,-,-,Other Protein Target.Other Protein Target,Other Protein Target,Other Protein Target,0864-1>0864,-,htr2a|5-ht-2|5-ht-2a|5-ht2a|5-hydroxytryptamine receptor 2a|serotonin receptor 2a|-
CHEMBL2492,468,468,0076,Ion Channel.Ligand-gated ion channel,Ion Channel,Ligand-gated ion channel,0076>0697>0689,-,chrna7|neuronal acetylcholine receptor subunit alpha-7|nicotinic acetylcholine receptor subunit alpha-7|nachr7|nachra7|-
CHEMBL2493,-,-,-,Other Protein Target.Other Protein Target,Other Protein Target,Other Protein Target,0864-1>0864,-,camk1|cam kinase i|cam kinase i alpha|cam-ki|camki-alpha|calcium/calmodulin-dependent protein kinase type 1|-
CHEMBL2494,-,-,-,Other Protein Target.Other Protein Target,Other Protein Target,Other Protein Target,0864-1>0864,-,camk4|cam kinase-gr|camk iv|calcium/calmodulin-dependent protein kinase type iv|camk|camk-gr|camkiv|-
CHEMBL2496,484,484,0077,Ion Channel.Ligand-gated ion channel,Ion Channel,Ligand-gated ion channel,0077>0697>0689,-,p2rx7|atp receptor|p2x purinoceptor 7|p2x7|p2z receptor|purinergic receptor|-
CHEMBL2498,-,-,-,Other Protein Target.Other Protein Target,Other Protein Target,Other Protein Target,0864-1>0864,-,"pik3ca|-|phosphatidylinositol 4,5-bisphosphate 3-kinase catalytic subunit alpha isoform|pi3-kinase subunit alpha|pi3k-alpha|pi3kalpha|phosphatidylinositol 4,5-bisphosphate 3-kinase 110 kda catalytic subunit alpha|phosphoinositide-3-kinase catalytic alpha polypeptide|ptdins-3-kinase subunit alpha|ptdins-3-kinase subunit p110-alpha|serine/threonine protein kinase pik3ca|p110alpha"
CHEMBL2499,-,-,-,Other Protein Target.Other Protein Target,Other Protein Target,Other Protein Target,0864-1>0864,-,"pik3ca|pi3-kinase subunit alpha|pi3k-alpha|pi3kalpha|phosphatidylinositol 4,5-bisphosphate 3-kinase 110 kda catalytic subunit alpha|phosphatidylinositol 4,5-bisphosphate 3-kinase catalytic subunit alpha isoform|phosphoinositide-3-kinase catalytic alpha polypeptide|ptdins-3-kinase subunit alpha|ptdins-3-kinase subunit p110-alpha|serine/threonine protein kinase pik3ca|p110alpha|-"
CHEMBL250,334,334,0055,Receptor.G protein-coupled receptor,Receptor,G protein-coupled receptor,0055>0694>0688,-,ptafr|paf-r|pafr|platelet-activating factor receptor|-
CHEMBL2508,1978,1978,0488,Enzyme.Transferase,Enzyme,Transferase,0488>0453>0681>0698>0690-2>0690,-,cdk6|cell division protein kinase 6|cyclin-dependent kinase 6|serine/threonine-protein kinase plstire|cdkn6|-
CHEMBL251,19,19,0003,Receptor.G protein-coupled receptor,Receptor,G protein-coupled receptor,0003>0694>0688,-,adora2a|adenosine receptor a2a|adora2|-
CHEMBL2514,310,310,0047,Receptor.G protein-coupled receptor,Receptor,G protein-coupled receptor,0047>0694>0688,-,ntsr2|levocabastine-sensitive neurotensin receptor|nt-r-2|ntr2|neurotensin receptor type 2|-
CHEMBL2516,54,54,0012,Receptor.G protein-coupled receptor,Receptor,G protein-coupled receptor,0012>0694>0688,-,casr|-|extracellular calcium-sensing receptor|gprc2a|pcar1|parathyroid cell calcium-sensing receptor|rakcar
CHEMBL252,219,219,0021,Receptor.G protein-coupled receptor,Receptor,G protein-coupled receptor,0021>0694>0688,-,ednra|et-a|eta-r|endothelin receptor type a|endothelin-1 receptor|het-ar|eta|etra|-
CHEMBL2522,-,-,-,Other Protein Target.Other Protein Target,Other Protein Target,Other Protein Target,0864-1>0864,-,glb1|acid beta-galactosidase|beta-galactosidase|elastin receptor 1|lactase|elnr1|-
CHEMBL2524,-,-,-,Other Protein Target.Other Protein Target,Other Protein Target,Other Protein Target,0864-1>0864,-,gla|alpha-d-galactosidase a|alpha-d-galactoside galactohydrolase|alpha-galactosidase a|galactosylgalactosylglucosylceramidase gla|melibiase|-
CHEMBL2525,2331,2331,0726,Enzyme.Hydrolase,Enzyme,Hydrolase,0726>0707>0759>0690-4>0690,-,bace2|asp1|asp 1|aspartic-like protease 56 kda|aspartyl protease 1|beta-secretase 2|beta-site app cleaving enzyme 2|beta-site amyloid precursor protein cleaving enzyme 2|drap|down region aspartic protease|memapsin-1|membrane-associated aspartic protease 1|theta-secretase|aeplc|alp56|asp21|-
CHEMBL2527,1988,1988,0476,Enzyme.Transferase,Enzyme,Transferase,0476>0452>0679>0698>0690-2>0690,-,chek2|chk2 checkpoint homolog|cds1 homolog|checkpoint kinase 2|hucds1|serine/threonine-protein kinase chk2|hcds1|cds1|chk2|rad53|-
CHEMBL2528,-,-,-,Other Protein Target.Other Protein Target,Other Protein Target,Other Protein Target,0864-1>0864,-,bche|acylcholine acylhydrolase|butyrylcholine esterase|choline esterase ii|cholinesterase|pseudocholinesterase|-
CHEMBL253,57,57,0013,Receptor.G protein-coupled receptor,Receptor,G protein-coupled receptor,0013>0694>0688,-,cnr2|cb-2|cb2|cx5|cannabinoid receptor 2|hcb2|cb2a|cb2b|-
CHEMBL2530,478,478,0077,Ion Channel.Ligand-gated ion channel,Ion Channel,Ligand-gated ion channel,0077>0697>0689,-,p2rx1|-|p2x purinoceptor 1|atp receptor|p2x1|purinergic receptor|rp-2 protein
CHEMBL2531,479,479,0077,Ion Channel.Ligand-gated ion channel,Ion Channel,Ligand-gated ion channel,0077>0697>0689,-,p2rx2|atp receptor|p2x purinoceptor 2|p2x2|purinergic receptor|-
CHEMBL2534,1519,1519,0604,Enzyme.Transferase,Enzyme,Transferase,0604>0677>0698>0690-2>0690,-,pdpk1|3-phosphoinositide-dependent protein kinase 1|hpdk1|pdk1|-
CHEMBL2535,875,875,0165,Transporter.ATP-binding cassette transporter,Transporter,ATP-binding cassette transporter,0165>0140>0863>0691,-,"slc2a1|glut-1|glucose transporter type 1, erythrocyte/brain|hepg2 glucose transporter|solute carrier family 2, facilitated glucose transporter member 1|glut1|-"
CHEMBL2536,1433,1433,0276,Enzyme.Hydrolase,Enzyme,Hydrolase,0276>0244>0690,-,pld1|-|phospholipase d1|choline phosphatase 1|pld 1|phosphatidylcholine-hydrolyzing phospholipase d1|hpld1
CHEMBL254,1300,1300,0260,Enzyme.Hydrolase,Enzyme,Hydrolase,0260>0241>0690-4>0690,-,"pde4a|3',5'-cyclic-amp phosphodiesterase 4a|dpde2|pde46|camp-specific phosphodiesterase 4a|-"
CHEMBL2543,2000,2000,0564,Enzyme.Transferase,Enzyme,Transferase,0564>0680>0698>0690-2>0690,-,csnk1g2|cki-gamma 2|casein kinase i isoform gamma-2|ck1g2|-
CHEMBL255,20,20,0003,Receptor.G protein-coupled receptor,Receptor,G protein-coupled receptor,0003>0694>0688,-,adora2b|-|adenosine receptor a2b
CHEMBL2553,1527,1527,0541,Enzyme.Transferase,Enzyme,Transferase,0541>0466>0677>0698>0690-2>0690,-,rps6ka1|90 kda ribosomal protein s6 kinase 1|map kinase-activated protein kinase 1a|mapk-activated protein kinase 1a|mapkap kinase 1a|mapkapk-1a|rsk-1|ribosomal s6 kinase 1|ribosomal protein s6 kinase alpha-1|s6k-alpha-1|p90-rsk 1|p90rsk1|p90s6k|mapkapk1a|rsk1|-
CHEMBL2558,2002,2002,0572,Enzyme.Transferase,Enzyme,Transferase,0572>0679>0698>0690-2>0690,-,dapk1|dap kinase 1|death-associated protein kinase 1|dapk|-
CHEMBL256,21,21,0003,Receptor.G protein-coupled receptor,Receptor,G protein-coupled receptor,0003>0694>0688,-,adora3|-|adenosine receptor a3
CHEMBL2560,-,-,-,Other Protein Target.Other Protein Target,Other Protein Target,Other Protein Target,0864-1>0864,-,prkcd|protein kinase c delta type|tyrosine-protein kinase prkcd|npkc-delta|pkcd|-
CHEMBL2563,2660,2660,0848,Enzyme.Hydrolase,Enzyme,Hydrolase,0848>0865>0690,-,hdac5|antigen ny-co-9|hd5|histone deacetylase 5|kiaa0600|-
CHEMBL2564,293,293,0040,Receptor.G protein-coupled receptor,Receptor,G protein-coupled receptor,0040>0694>0688,-,grm5|-|metabotropic glutamate receptor 5|gprc1e|mglur5
CHEMBL2567,-,-,-,Other Protein Target.Other Protein Target,Other Protein Target,Other Protein Target,0864-1>0864,-,prkca|-|protein kinase c alpha type|pkc-a|pkc-alpha|pkca
CHEMBL2568,-,-,-,Other Protein Target.Other Protein Target,Other Protein Target,Other Protein Target,0864-1>0864,-,"pygl|glycogen phosphorylase, liver form|-"
CHEMBL2569,-,-,-,Other Protein Target.Other Protein Target,Other Protein Target,Other Protein Target,0864-1>0864,-,mttp|microsomal triglyceride transfer protein large subunit|mtp|-
CHEMBL2575,-,-,-,Other Protein Target.Other Protein Target,Other Protein Target,Other Protein Target,0864-1>0864,-,dhfr|-|dihydrofolate reductase
CHEMBL2577,948,948,0181,Transporter.SLC superfamily of solute carrier,Transporter,SLC superfamily of solute carrier,0181>0863>0691,-,slc9a1|-|sodium/hydrogen exchanger 1|nhe-1|na/h exchanger 1|nhe1|solute carrier family 9 member 1
CHEMBL258,2053,2053,0619,Enzyme.Transferase,Enzyme,Transferase,0619>0936>0686>0699>0862>0688,-,lck|lsk|leukocyte c-terminal src kinase|lymphocyte cell-specific protein-tyrosine kinase|protein yt16|proto-oncogene lck|t cell-specific protein-tyrosine kinase|tyrosine-protein kinase lck|p56-lck|-
CHEMBL2581,2345,2345,0726,Enzyme.Hydrolase,Enzyme,Hydrolase,0726>0707>0759>0690-4>0690,-,ctsd|cathepsin d|cpsd|-
CHEMBL259,285,285,0038,Receptor.G protein-coupled receptor,Receptor,G protein-coupled receptor,0038>0694>0688,-,mc4r|mc4-r|melanocortin receptor 4|-
CHEMBL2590,-,-,-,Other Protein Target.Other Protein Target,Other Protein Target,Other Protein Target,0864-1>0864,-,anpep|ap-m|ap-n|alanyl aminopeptidase|aminopeptidase m|aminopeptidase n|microsomal aminopeptidase|gp130|papn|-
CHEMBL2592,20,20,0003,Receptor.G protein-coupled receptor,Receptor,G protein-coupled receptor,0003>0694>0688,-,adora2b|-|adenosine receptor a2b
CHEMBL2593,-,-,-,Other Protein Target.Other Protein Target,Other Protein Target,Other Protein Target,0864-1>0864,-,nmt1|glycylpeptide n-tetradecanoyltransferase 1|hsnmt1|myristoyl-coa:protein n-myristoyltransferase 1|nmt 1|peptide n-myristoyltransferase 1|protein-lysine myristoyltransferase nmt1|type i n-myristoyltransferase|nmt|-
CHEMBL2595,2174,2174,0605,Enzyme.Transferase,Enzyme,Transferase,0605>0679>0698>0690-2>0690,-,prkd3|protein kinase c nu type|protein kinase epk2|serine/threonine-protein kinase d3|npkc-nu|epk2|prkcn|-
CHEMBL2597,2752,2752,0858,Other Protein Target.Other Protein Target,Other Protein Target,Other Protein Target,0858>0864,-,tubb3|tubulin beta-3 chain|tubulin beta-4 chain|tubulin beta-iii|tubb4|-
CHEMBL2598,1490,1490,0535,Enzyme.Transferase,Enzyme,Transferase,0535>0286>0677>0698>0690-2>0690,-,prkci|atypical protein kinase c-lambda/iota|prkc-lambda/iota|protein kinase c iota type|apkc-lambda/iota|npkc-iota|dxs1179e|-
CHEMBL2599,2230,2230,0625,Enzyme.Transferase,Enzyme,Transferase,0625>0936>0686>0699>0862>0688,-,syk|-|tyrosine-protein kinase syk|spleen tyrosine kinase|p72-syk
CHEMBL260,1499,1499,0519,Enzyme.Transferase,Enzyme,Transferase,0519>0288>0681>0698>0690-2>0690,-,mapk14|csaid-binding protein|csbp|cytokine suppressive anti-inflammatory drug-binding protein|map kinase 14|map kinase mxi2|map kinase p38 alpha|mapk 14|max-interacting protein 2|mitogen-activated protein kinase 14|mitogen-activated protein kinase p38 alpha|sapk2a|stress-activated protein kinase 2a|csbp1|csbp2|cspb1|mxi2|-
CHEMBL2605,-,-,-,Other Protein Target.Other Protein Target,Other Protein Target,Other Protein Target,0864-1>0864,-,adora2a|-|adenosine receptor a2a
CHEMBL2608,2611,2611,0841,Enzyme.Hydrolase,Enzyme,Hydrolase,0841>0690-4>0690,-,gaa|acid maltase|aglucosidase alfa|lysosomal alpha-glucosidase|-
CHEMBL261,2597,2597,0842,Enzyme.Lyase,Enzyme,Lyase,0842>0690-6>0690,-,ca1|-|carbonic anhydrase 1|ca-i|cab|carbonate dehydratase i|carbonic anhydrase b|carbonic anhydrase i|cyanamide hydratase ca1
CHEMBL2611,2366,2366,0755,Enzyme.Hydrolase,Enzyme,Hydrolase,0755>0724>0759>0690-4>0690,-,furin|dibasic-processing enzyme|pace|paired basic amino acid residue-cleaving enzyme|fur|pcsk3|-
CHEMBL2617,2424,2424,0751,Enzyme.Hydrolase,Enzyme,Hydrolase,0751>0721>0759>0690-4>0690,-,tpsab1|tryptase i|tryptase alpha-1|tryptase alpha/beta-1|tryptase-1|tps1|tps2|tpsb1|tryptase beta-1|-
CHEMBL2618,-,-,-,Other Protein Target.Other Protein Target,Other Protein Target,Other Protein Target,0864-1>0864,-,"tk1|thymidine kinase, cytosolic|tk-1|-"
CHEMBL262,2030,2030,0509,Enzyme.Transferase,Enzyme,Transferase,0509>0457>0681>0698>0690-2>0690,-,gsk3b|gsk-3 beta|glycogen synthase kinase-3 beta|serine/threonine-protein kinase gsk3b|-
CHEMBL2622,-,-,-,Other Protein Target.Other Protein Target,Other Protein Target,Other Protein Target,0864-1>0864,-,akr1b1|-|aldo-keto reductase family 1 member b1|ar|akr1b4|aldehyde reductase|aldose reductase|aldr1
CHEMBL2623,-,-,-,Other Protein Target.Other Protein Target,Other Protein Target,Other Protein Target,0864-1>0864,-,-|acyl-coenzyme a:cholesterol acyltransferase|liver carboxylesterase 1
CHEMBL2625,1613,1613,0741,Enzyme.Hydrolase,Enzyme,Hydrolase,0741>0713>0759>0690-4>0690,-,ace|angiotensin-converting enzyme|dipeptidyl carboxypeptidase i|kininase ii|dcp1|-
CHEMBL2634,1994,1994,0569,Enzyme.Transferase,Enzyme,Transferase,0569>0936>0686>0699>0862>0688,-,csk|c-src kinase|protein-tyrosine kinase cyl|tyrosine-protein kinase csk|-
CHEMBL2637,1498,1498,0518,Enzyme.Transferase,Enzyme,Transferase,0518>0288>0681>0698>0690-2>0690,-,mapk10|map kinase 10|map kinase p49 3f12|mapk 10|mitogen-activated protein kinase 10|sapk1b|stress-activated protein kinase 1b|stress-activated protein kinase jnk3|c-jun n-terminal kinase 3|jnk3|jnk3a|prkm10|-
CHEMBL264,264,264,0033,Receptor.G protein-coupled receptor,Receptor,G protein-coupled receptor,0033>0694>0688,-,hrh3|g-protein coupled receptor 97|h3r|hh3r|histamine h3 receptor|gpcr97|-
CHEMBL2640,-,-,-,Other Protein Target.Other Protein Target,Other Protein Target,Other Protein Target,0864-1>0864,-,hk2|hk ii|hexokinase type ii|hexokinase-2|hexokinase-b|muscle form hexokinase|-
CHEMBL2649,-,-,-,Other Protein Target.Other Protein Target,Other Protein Target,Other Protein Target,0864-1>0864,-,ptgs1|-|prostaglandin g/h synthase 1|cox-1|cox1|cyclooxygenase-1|pgh synthase 1|pghs-1|phs 1|prostaglandin h2 synthase 1|prostaglandin-endoperoxide synthase 1
CHEMBL265,214,214,0020,Receptor.G protein-coupled receptor,Receptor,G protein-coupled receptor,0020>0694>0688,-,drd1|d dopamine receptor|dopamine d1 receptor|drd1a|-
CHEMBL2652,1297,1297,0260,Enzyme.Hydrolase,Enzyme,Hydrolase,0260>0241>0690-4>0690,-,"pde2a|cgs-pde|cyclic gmp-stimulated phosphodiesterase|cgmp-dependent 3',5'-cyclic phosphodiesterase|cgspde|-"
CHEMBL2659,367,367,0066,Receptor.G protein-coupled receptor,Receptor,G protein-coupled receptor,0066>0694>0688,-,avpr1b|-|vasopressin v1b receptor|avpr v1b|avpr v3|antidiuretic hormone receptor 1b|v1br|vasopressin v3 receptor
CHEMBL2662,-,-,-,Other Protein Target.Other Protein Target,Other Protein Target,Other Protein Target,0864-1>0864,-,"aadat|-|kynurenine/alpha-aminoadipate aminotransferase, mitochondrial|2-aminoadipate aminotransferase|2-aminoadipate transaminase|alpha-aminoadipate aminotransferase|glycine transaminase aadat|kat/aadat|kat2|kynurenine aminotransferase ii|kynurenine--glyoxylate transaminase aadat|kynurenine--oxoglutarate aminotransferase ii|kynurenine--oxoglutarate transaminase 2|kynurenine--oxoglutarate transaminase ii|methionine--glyoxylate transaminase aadat"
CHEMBL2664,1233,1233,0248,Enzyme.Hydrolase,Enzyme,Hydrolase,0248>0690-4>0690,-,ahcy|adenosylhomocysteinase|adohcyase|s-adenosyl-l-homocysteine hydrolase|sahh|-
CHEMBL267,2206,2206,0619,Enzyme.Transferase,Enzyme,Transferase,0619>0936>0686>0699>0862>0688,-,src|proto-oncogene c-src|proto-oncogene tyrosine-protein kinase src|p60-src|pp60c-src|src1|-
CHEMBL2672,-,-,-,Other Protein Target.Other Protein Target,Other Protein Target,Other Protein Target,0864-1>0864,-,-|muscarinic receptor m1|muscarinic acetylcholine receptor m1
CHEMBL268,2350,2350,0728,Enzyme.Hydrolase,Enzyme,Hydrolase,0728>0709>0759>0690-4>0690,-,ctsk|cathepsin k|cathepsin o|cathepsin o2|cathepsin x|ctso|ctso2|-
CHEMBL2680,-,-,-,Other Protein Target.Other Protein Target,Other Protein Target,Other Protein Target,0864-1>0864,-,glb1|-|beta-galactosidase
CHEMBL2683,-,-,-,Other Protein Target.Other Protein Target,Other Protein Target,Other Protein Target,0864-1>0864,-,atp6v0a1|-|v-type proton atpase 116 kda subunit a 1|v-atpase 116 kda subunit a 1|vacuolar proton translocating atpase 116 kda subunit a isoform 1
CHEMBL2689,1816,1816,0325,Receptor.Catalytic Receptor,Receptor,Catalytic Receptor,0325>0304>0686>0699>0862>0688,-,mst1r|cdw136|msp receptor|macrophage-stimulating protein receptor|protein-tyrosine kinase 8|p185-ron|ptk8|ron|-
CHEMBL269,317,317,0050,Receptor.G protein-coupled receptor,Receptor,G protein-coupled receptor,0050>0694>0688,-,oprd1|-|delta-type opioid receptor|d-or-1|dor-1|opioid receptor a|ror-a
CHEMBL2693,1570,1570,0737,Enzyme.Hydrolase,Enzyme,Hydrolase,0737>0713>0759>0690-4>0690,-,lnpep|cystinyl aminopeptidase|irap|insulin-regulated membrane aminopeptidase|insulin-responsive aminopeptidase|leucyl-cystinyl aminopeptidase|otase|oxytocinase|p-lap|placental leucine aminopeptidase|-
CHEMBL2695,2180,2180,0574,Enzyme.Transferase,Enzyme,Transferase,0574>0936>0686>0699>0862>0688,-,ptk2|fadk 1|frnk|focal adhesion kinase 1|focal adhesion kinase-related nonkinase|ppp1r71|protein phosphatase 1 regulatory subunit 71|protein-tyrosine kinase 2|p125fak|pp125fak|fak|fak1|-
CHEMBL270,319,319,0050,Receptor.G protein-coupled receptor,Receptor,G protein-coupled receptor,0050>0694>0688,-,oprm1|m-or-1|mor-1|mu-type opioid receptor|opioid receptor b|ror-b|-
CHEMBL2706,1851,1851,0333,Receptor.Catalytic Receptor,Receptor,Catalytic Receptor,0333>0862>0688,-,ptprb|protein-tyrosine phosphatase beta|r-ptp-beta|receptor-type tyrosine-protein phosphatase beta|ve-ptp|vascular endothelial protein tyrosine phosphatase|ptpb|-
CHEMBL2708,2071,2071,0524,Enzyme.Transferase,Enzyme,Transferase,0524>0461>0687>0699>0862>0688,-,map3k11|mitogen-activated protein kinase kinase kinase 11|mixed lineage kinase 3|src-homology 3 domain-containing proline-rich kinase|mlk3|ptk1|sprk|-
CHEMBL2716,2661,2661,0848,Enzyme.Hydrolase,Enzyme,Hydrolase,0848>0865>0690,-,hdac7|hd7|hd7a|histone deacetylase 7|histone deacetylase 7a|protein deacetylase hdac7|hdac7a|-
CHEMBL2717,1311,1311,0260,Enzyme.Hydrolase,Enzyme,Hydrolase,0260>0241>0690-4>0690,-,"pde11a|dual 3',5'-cyclic-amp and -gmp phosphodiesterase 11a|camp and cgmp phosphodiesterase 11a|-"
CHEMBL2721,870,870,0163,Transporter.ATP-binding cassette transporter,Transporter,ATP-binding cassette transporter,0163>0139>0863>0691,-,slc1a1|excitatory amino acid transporter 3|excitatory amino-acid carrier 1|neuronal and epithelial glutamate transporter|sodium-dependent glutamate/aspartate transporter 3|solute carrier family 1 member 1|eaac1|eaat3|heaac1|-
CHEMBL2722,1360,1360,0266,Enzyme.Oxidoreductase,Enzyme,Oxidoreductase,0266>0242>0690-1>0690,-,"cyp11b2|aldos|aldosterone synthase|aldosterone-synthesizing enzyme|cypxib2|corticosterone 18-monooxygenase, cyp11b2|cytochrome p-450aldo|cytochrome p-450c18|cytochrome p450 11b2, mitochondrial|steroid 11-beta-hydroxylase, cyp11b2|steroid 18-hydroxylase|-"
CHEMBL2725,-,-,-,Other Protein Target.Other Protein Target,Other Protein Target,Other Protein Target,0864-1>0864,-,ampc|-|beta-lactamase|cephalosporinase
CHEMBL2726,3214,3214,0799,Enzyme.Hydrolase,Enzyme,Hydrolase,0799>0690-4>0690,-,neu1|-|sialidase-1|acetylneuraminyl hydrolase|g9 sialidase|lysosomal sialidase|n-acetyl-alpha-neuraminidase 1|nanh
CHEMBL2728,-,-,-,Other Protein Target.Other Protein Target,Other Protein Target,Other Protein Target,0864-1>0864,-,gusb|beta-g1|beta-glucuronidase|-
CHEMBL273,1,1,0001,Receptor.G protein-coupled receptor,Receptor,G protein-coupled receptor,0001>0694>0688,-,htr1a|-|5-hydroxytryptamine receptor 1a|5-ht-1a|5-ht1a|5ht1a|serotonin receptor 1a
CHEMBL2730,3015,3015,1003,Enzyme.Multifunctional,Enzyme,Multifunctional,1003>0978>0690-2>0690,-,tgm2|erythrocyte transglutaminase|g|heart g alpha|isopeptidase tgm2|protein g alpha|protein-glutamine deamidase tgm2|protein-glutamine dopaminyltransferase tgm2|protein-glutamine gamma-glutamyltransferase 2|protein-glutamine histaminyltransferase tgm2|protein-glutamine noradrenalinyltransferase tgm2|protein-glutamine serotonyltransferase tgm2|tg|tg2|tgc|tgase c|tgase h|tgase ii|tgase-2|tissue transglutaminase|transglutaminase c|transglutaminase h|transglutaminase ii|transglutaminase-2|htg2|hhg alpha|ttg|ttgase|protein-glutamine gamma-glutamyltransferase|-
CHEMBL2731,245,245,0027,Receptor.G protein-coupled receptor,Receptor,G protein-coupled receptor,0027>0694>0688,-,galr3|gal3-r|galr-3|galanin receptor type 3|galnr3|-
CHEMBL2733,359,359,0061,Receptor.G protein-coupled receptor,Receptor,G protein-coupled receptor,0061>0694>0688,-,sstr5|ss-5-r|ss5-r|ss5r|somatostatin receptor type 5|smstr5|-
CHEMBL2734,1434,1434,0799,Enzyme.Hydrolase,Enzyme,Hydrolase,0799>0690-4>0690,-,pld2|choline phosphatase 2|pld 2|pld1c|phosphatidylcholine-hydrolyzing phospholipase d2|phospholipase d2|hpld2|-
CHEMBL2736,292,292,0040,Receptor.G protein-coupled receptor,Receptor,G protein-coupled receptor,0040>0694>0688,-,grm4|metabotropic glutamate receptor 4|mglur4|gprc1d|-
CHEMBL274,62,62,0014,Receptor.G protein-coupled receptor,Receptor,G protein-coupled receptor,0014>0694>0688,-,ccr5|c-c ckr-5|c-c chemokine receptor type 5|cc-ckr-5|ccr-5|chemr13|hiv-1 fusion coreceptor|cmkbr5|-
CHEMBL2742,1810,1810,0323,Receptor.Catalytic Receptor,Receptor,Catalytic Receptor,0323>0304>0686>0699>0862>0688,-,fgfr3|fgfr-3|fibroblast growth factor receptor 3|jtk4|-
CHEMBL2743,1478,1478,0284,Enzyme.Transferase,Enzyme,Transferase,0284>0677>0698>0690-2>0690,-,prkacg|pka c-gamma|camp-dependent protein kinase catalytic subunit gamma|-
CHEMBL2745,-,-,-,Other Protein Target.Other Protein Target,Other Protein Target,Other Protein Target,0864-1>0864,-,acly|atp-citrate -lyase|atp-citrate synthase|citrate cleavage enzyme|-
CHEMBL2749,1804,1804,0322,Receptor.Catalytic Receptor,Receptor,Catalytic Receptor,0322>0304>0686>0699>0862>0688,-,pdgfrb|beta platelet-derived growth factor receptor|beta-type platelet-derived growth factor receptor|cd140 antigen-like family member b|pdgf-r-beta|pdgfr-1|pdgfr-beta|platelet-derived growth factor receptor 1|platelet-derived growth factor receptor beta|pdgfr|pdgfr1|-
CHEMBL275,1301,1301,0260,Enzyme.Hydrolase,Enzyme,Hydrolase,0260>0241>0690-4>0690,-,"pde4b|3',5'-cyclic-amp phosphodiesterase 4b|dpde4|pde32|camp-specific phosphodiesterase 4b|-"
CHEMBL2754,-,-,-,Other Protein Target.Other Protein Target,Other Protein Target,Other Protein Target,0864-1>0864,-,cd4|t-cell surface antigen t4/leu-3|t-cell surface glycoprotein cd4|-
CHEMBL2755,-,-,-,Other Protein Target.Other Protein Target,Other Protein Target,Other Protein Target,0864-1>0864,-,"gsr|gr|grase|glutathione reductase, mitochondrial|glur|grd1|-"
CHEMBL2758,-,-,-,Other Protein Target.Other Protein Target,Other Protein Target,Other Protein Target,0864-1>0864,-,mpi|mannose-6-phosphate isomerase|pmi|phosphohexomutase|phosphomannose isomerase|pmi1|-
CHEMBL276,13,13,0002,Receptor.G protein-coupled receptor,Receptor,G protein-coupled receptor,0002>0694>0688,-,chrm1|-|muscarinic acetylcholine receptor m1|chrm-1
CHEMBL2760,2514,2514,0773,Enzyme.Hydrolase,Enzyme,Hydrolase,0773>0767>0690,-,smpd1|acid sphingomyelinase|sphingomyelin phosphodiesterase|asmase|asm|-
CHEMBL277,17,17,0002,Receptor.G protein-coupled receptor,Receptor,G protein-coupled receptor,0002>0694>0688,-,chrm5|-|muscarinic acetylcholine receptor m5|chrm-5
CHEMBL2775,510,510,0078,Ion Channel.Voltage-gated ion channel,Ion Channel,Voltage-gated ion channel,0078>0696>0689,-,trpv4|-|transient receptor potential cation channel subfamily v member 4|otrpc4|osm-9-like trp channel 4|vr-oac|vanilloid receptor-related osmotically-activated channel|vroac
CHEMBL2777,1553,1553,0585,Enzyme.Transferase,Enzyme,Transferase,0585>0679>0698>0690-2>0690,-,"mylk2|mlck2|myosin light chain kinase 2, skeletal/cardiac muscle|-"
CHEMBL2778,960,960,0182,Transporter.SLC superfamily of solute carrier,Transporter,SLC superfamily of solute carrier,0182>0863>0691,-,"slc10a2|asbt|apical sodium-dependent bile acid transporter|ibat|isbt|ileal na/bile acid cotransporter|ileal sodium-dependent bile acid transporter|ileal sodium/bile acid cotransporter|na-dependent ileal bile acid transporter|sodium/taurocholate cotransporting polypeptide, ileal|solute carrier family 10 member 2|ntcp2|-"
CHEMBL278,2443,2443,0760,Receptor.Catalytic Receptor,Receptor,Catalytic Receptor,0760>0862>0688,-,itga4|cd49 antigen-like family member d|integrin alpha-4|integrin alpha-iv|vla-4 subunit alpha|cd49d|-
CHEMBL2781,-,-,-,Other Protein Target.Other Protein Target,Other Protein Target,Other Protein Target,0864-1>0864,-,"slc9a1|apnh|nhe-1|na/h antiporter, amiloride-sensitive|na/h exchanger 1|sodium/hydrogen exchanger 1|solute carrier family 9 member 1|apnh1|nhe1|-"
CHEMBL2782,-,-,-,Other Protein Target.Other Protein Target,Other Protein Target,Other Protein Target,0864-1>0864,-,soat1|acat-1|acyl-coenzyme a:cholesterol acyltransferase 1|cholesterol acyltransferase 1|sterol o-acyltransferase 1|acact|acact1|acat|acat1|soat|stat|-
CHEMBL2789,3094,3094,0840,Enzyme.Oxidoreductase,Enzyme,Oxidoreductase,0840>0690-1>0690,-,hsd17b2|17-beta-hsd 2|17-beta-hydroxysteroid dehydrogenase type 2|20 alpha-hydroxysteroid dehydrogenase|20-alpha-hsd|e2dh|estradiol 17-beta-dehydrogenase 2|microsomal 17-beta-hydroxysteroid dehydrogenase|short chain dehydrogenase/reductase family 9c member 2|testosterone 17-beta-dehydrogenase|edh17b2|sdr9c2|-
CHEMBL279,1813,1813,0324,Receptor.Catalytic Receptor,Receptor,Catalytic Receptor,0324>0304>0686>0699>0862>0688,-,kdr|flk-1|fetal liver kinase 1|kinase insert domain receptor|protein-tyrosine kinase receptor flk-1|vegfr-2|vascular endothelial growth factor receptor 2|flk1|vegfr2|-
CHEMBL2792,590,590,0085,Receptor.Nuclear Hormone Receptor,Receptor,Nuclear Hormone Receptor,0085>0695>0688,-,rara|nuclear receptor subfamily 1 group b member 1|rar-alpha|retinoic acid receptor alpha|nr1b1|-
CHEMBL2793,1995,1995,0564,Enzyme.Transferase,Enzyme,Transferase,0564>0680>0698>0690-2>0690,-,csnk1a1|ck1|cki-alpha|casein kinase i isoform alpha|-
CHEMBL2794,-,-,-,Other Protein Target.Other Protein Target,Other Protein Target,Other Protein Target,0864-1>0864,-,parp2|adp-ribosyltransferase diphtheria toxin-like 2|adprt-2|artd2|dna adp-ribosyltransferase parp2|nad adp-ribosyltransferase 2|parp-2|poly polymerase 2|poly synthase 2|protein poly-adp-ribosyltransferase parp2|mparp-2|padprt-2|adprt2|adprtl2|aspartl2|-
CHEMBL280,1637,1637,0738,Enzyme.Hydrolase,Enzyme,Hydrolase,0738>0713>0759>0690-4>0690,-,mmp13|collagenase 3|mmp-13|matrix metalloproteinase-13|-
CHEMBL2801,1558,1558,0562,Enzyme.Transferase,Enzyme,Transferase,0562>0679>0698>0690-2>0690,-,camk2d|cam kinase ii subunit delta|camk-ii subunit delta|calcium/calmodulin-dependent protein kinase type ii subunit delta|camkd|-
CHEMBL2803,2285,2285,0625,Enzyme.Transferase,Enzyme,Transferase,0625>0936>0686>0699>0862>0688,-,zap70|70 kda zeta-chain associated protein|syk-related tyrosine kinase|tyrosine-protein kinase zap-70|srk|-
CHEMBL2808,602,602,0089,Receptor.Nuclear Hormone Receptor,Receptor,Nuclear Hormone Receptor,0089>0695>0688,-,nr1h3|liver x receptor alpha|nuclear receptor subfamily 1 group h member 3|oxysterols receptor lxr-alpha|lxra|-
CHEMBL281,-,-,-,Other Protein Target.Other Protein Target,Other Protein Target,Other Protein Target,0864-1>0864,-,ca4|ca-iv|carbonate dehydratase iv|carbonic anhydrase 4|carbonic anhydrase iv|-
CHEMBL2815,1817,1817,0326,Receptor.Catalytic Receptor,Receptor,Catalytic Receptor,0326>0304>0686>0699>0862>0688,-,ntrk1|high affinity nerve growth factor receptor|neurotrophic tyrosine kinase receptor type 1|trk1-transforming tyrosine kinase protein|trk-a|tropomyosin-related kinase a|tyrosine kinase receptor|tyrosine kinase receptor a|gp140trk|p140-trka|mtc|trk|trka|-
CHEMBL2818,481,481,0077,Ion Channel.Ligand-gated ion channel,Ion Channel,Ligand-gated ion channel,0077>0697>0689,-,p2rx4|-|p2x purinoceptor 4|atp receptor|p2x4|purinergic receptor
CHEMBL2820,2360,2360,0853,Enzyme.Hydrolase,Enzyme,Hydrolase,0853>0759>0690-4>0690,-,f11|coagulation factor xi|fxi|pta|plasma thromboplastin antecedent|-
CHEMBL2821,2361,2361,0751,Enzyme.Hydrolase,Enzyme,Hydrolase,0751>0721>0759>0690-4>0690,-,f12|coagulation factor xii|haf|hageman factor|-
CHEMBL2828,1997,1997,0564,Enzyme.Transferase,Enzyme,Transferase,0564>0680>0698>0690-2>0690,-,csnk1d|cki-delta|ckid|casein kinase i isoform delta|tau-protein kinase csnk1d|hckid|-
CHEMBL283,1630,1630,0738,Enzyme.Hydrolase,Enzyme,Hydrolase,0738>0713>0759>0690-4>0690,-,mmp3|mmp-3|matrix metalloproteinase-3|sl-1|stromelysin-1|transin-1|stmy1|-
CHEMBL2835,2047,2047,0581,Enzyme.Transferase,Enzyme,Transferase,0581>0936>0686>0699>0862>0688,-,jak1|jak-1|janus kinase 1|tyrosine-protein kinase jak1|jak1a|jak1b|-
CHEMBL284,1612,1612,0758,Enzyme.Hydrolase,Enzyme,Hydrolase,0758>0725>0759>0690-4>0690,-,dpp4|adabp|adcp-2|adenosine deaminase complexing protein 2|dpp iv|dipeptidyl peptidase 4|dipeptidyl peptidase iv|t-cell activation antigen cd26|tp103|adcp2|cd26|-
CHEMBL2842,2109,2109,0529,Enzyme.Transferase,Enzyme,Transferase,0529>0463>0678>0698>0690-2>0690,-,mtor|fk506-binding protein 12-rapamycin complex-associated protein 1|fkbp12-rapamycin complex-associated protein|mammalian target of rapamycin|mechanistic target of rapamycin|rapamycin and fkbp12 target 1|rapamycin target protein 1|serine/threonine-protein kinase mtor|tyrosine-protein kinase mtor|frap|frap1|frap2|raft1|rapt1|-
CHEMBL285,-,-,-,Other Protein Target.Other Protein Target,Other Protein Target,Other Protein Target,0864-1>0864,-,soat1|-|sterol o-acyltransferase 1|acat-1|acact|acat|acyl-coenzyme a:cholesterol acyltransferase 1|cholesterol acyltransferase 1
CHEMBL2850,2029,2029,0509,Enzyme.Transferase,Enzyme,Transferase,0509>0457>0681>0698>0690-2>0690,-,gsk3a|gsk-3 alpha|glycogen synthase kinase-3 alpha|serine/threonine-protein kinase gsk3a|-
CHEMBL2851,290,290,0040,Receptor.G protein-coupled receptor,Receptor,G protein-coupled receptor,0040>0694>0688,-,grm2|-|metabotropic glutamate receptor 2|gprc1b|mglur2
CHEMBL2854,77,77,0015,Receptor.G protein-coupled receptor,Receptor,G protein-coupled receptor,0015>0694>0688,-,cckbr|-|gastrin/cholecystokinin type b receptor|cck-b receptor|cck-br|cck2-r|cholecystokinin-2 receptor
CHEMBL2855,-,-,-,Other Protein Target.Other Protein Target,Other Protein Target,Other Protein Target,0864-1>0864,-,prkca|-|protein kinase c alpha type|pkc-a|pkc-alpha|pkca
CHEMBL2857,-,-,-,Other Protein Target.Other Protein Target,Other Protein Target,Other Protein Target,0864-1>0864,-,protease|-|genome polyprotein|human rhinovirus a protease
CHEMBL2858,319,319,0050,Receptor.G protein-coupled receptor,Receptor,G protein-coupled receptor,0050>0694>0688,-,oprm1|m-or-1|mor-1|mu-type opioid receptor|mor|oprm|-
CHEMBL286,2413,2413,0726,Enzyme.Hydrolase,Enzyme,Hydrolase,0726>0707>0759>0690-4>0690,-,ren|angiotensinogenase|renin|-
CHEMBL2860,-,-,-,Other Protein Target.Other Protein Target,Other Protein Target,Other Protein Target,0864-1>0864,-,ptgs1|cox-1|cyclooxygenase-1|pgh synthase 1|pghs-1|phs 1|prostaglandin g/h synthase 1|prostaglandin h2 synthase 1|prostaglandin-endoperoxide synthase 1|cox1|-
CHEMBL2863,508,508,0078,Ion Channel.Voltage-gated ion channel,Ion Channel,Voltage-gated ion channel,0078>0696>0689,-,trpv2|otrpc2|osm-9-like trp channel 2|stretch-activated channel 2b|transient receptor potential cation channel subfamily v member 2|vrl-1|vanilloid receptor-like protein 1|sac2b|vrl1|-
CHEMBL2864,-,-,-,Other Protein Target.Other Protein Target,Other Protein Target,Other Protein Target,0864-1>0864,-,mgmt|6-o-methylguanine-dna methyltransferase|methylated-dna--protein-cysteine methyltransferase|o-6-methylguanine-dna-alkyltransferase|-
CHEMBL2868,366,366,0066,Receptor.G protein-coupled receptor,Receptor,G protein-coupled receptor,0066>0694>0688,-,avpr1a|avpr v1a|antidiuretic hormone receptor 1a|v1ar|vascular/hepatic-type arginine vasopressin receptor|vasopressin v1a receptor|-
CHEMBL287,2552,2552,0785,Other Protein Target.Other Protein Target,Other Protein Target,Other Protein Target,0785>0864,-,sigmar1|aging-associated gene 8 protein|sig-1r|sr-bp|sr31747-binding protein|sigma 1-type opioid receptor|sigma non-opioid intracellular receptor 1|sigma1-receptor|sigma1r|hsigmar1|oprs1|srbp|-
CHEMBL2871,76,76,0015,Receptor.G protein-coupled receptor,Receptor,G protein-coupled receptor,0015>0694>0688,-,cckar|-|cholecystokinin receptor type a|cck-a receptor|cck-ar|cck1-r|cholecystokinin-1 receptor
CHEMBL2872,2084,2084,0524,Enzyme.Transferase,Enzyme,Transferase,0524>0461>0687>0699>0862>0688,-,map3k9|mitogen-activated protein kinase kinase kinase 9|mixed lineage kinase 1|mlk1|prke1|-
CHEMBL2873,2070,2070,0524,Enzyme.Transferase,Enzyme,Transferase,0524>0461>0687>0699>0862>0688,-,map3k10|mitogen-activated protein kinase kinase kinase 10|mixed lineage kinase 2|protein kinase mst|mlk2|mst|-
CHEMBL2878,-,-,-,Other Protein Target.Other Protein Target,Other Protein Target,Other Protein Target,0864-1>0864,-,hdac6|protein deacetylase hdac6|tubulin-lysine deacetylase hdac6|mhda2|histone deacetylase 6|-
CHEMBL288,1303,1303,0260,Enzyme.Hydrolase,Enzyme,Hydrolase,0260>0241>0690-4>0690,-,"pde4d|3',5'-cyclic-amp phosphodiesterase 4d|dpde3|pde43|camp-specific phosphodiesterase 4d|-"
CHEMBL2880,-,-,-,Other Protein Target.Other Protein Target,Other Protein Target,Other Protein Target,0864-1>0864,-,adcy5|-|adenylate cyclase type 5|atp pyrophosphate-lyase 5|adenylate cyclase type v|adenylyl cyclase 5
CHEMBL2882,-,-,-,Other Protein Target.Other Protein Target,Other Protein Target,Other Protein Target,0864-1>0864,-,hrh2|-|histamine h2 receptor|gastric receptor i|h2r|hh2r
CHEMBL2885,-,-,-,Other Protein Target.Other Protein Target,Other Protein Target,Other Protein Target,0864-1>0864,-,ca3|ca-iii|carbonate dehydratase iii|carbonic anhydrase 3|carbonic anhydrase iii|-
CHEMBL2888,291,291,0040,Receptor.G protein-coupled receptor,Receptor,G protein-coupled receptor,0040>0694>0688,-,grm3|metabotropic glutamate receptor 3|mglur3|gprc1c|-
CHEMBL2889,3084,3084,0980,Enzyme.Hydrolase,Enzyme,Hydrolase,0980>1076>0947>0690,-,ptpn22|hematopoietic cell protein-tyrosine phosphatase 70z-pep|lyp|lymphoid phosphatase|pep|pest-domain phosphatase|tyrosine-protein phosphatase non-receptor type 22|ptpn8|-
CHEMBL2896,1493,1493,0287,Enzyme.Transferase,Enzyme,Transferase,0287>0677>0698>0690-2>0690,-,prkg2|cgk 2|cgk2|cgkii|cgmp-dependent protein kinase 2|cgmp-dependent protein kinase ii|prkgr2|-
CHEMBL2897,2065,2065,0623,Enzyme.Transferase,Enzyme,Transferase,0623>0685>0698>0690-2>0690,-,map2k4|dual specificity mitogen-activated protein kinase kinase 4|jnk-activating kinase 1|jnkk|map kinase kinase 4|mapk/erk kinase 4|mapkk 4|mek 4|sapk kinase 1|sapk/erk kinase 1|sapkk-1|sapkk1|sek1|stress-activated protein kinase kinase 1|c-jun n-terminal kinase kinase 1|jnkk1|mek4|mkk4|prkmk4|serk1|skk1|-
CHEMBL290,1299,1299,0260,Enzyme.Hydrolase,Enzyme,Hydrolase,0260>0241>0690-4>0690,-,"pde3b|cgi-pde b|cgip1|cgipde1|cyclic gmp-inhibited phosphodiesterase b|cgmp-inhibited 3',5'-cyclic phosphodiesterase 3b|-"
CHEMBL2902,-,-,-,Other Protein Target.Other Protein Target,Other Protein Target,Other Protein Target,0864-1>0864,-,fola|-|dihydrofolate reductase|dhfr
CHEMBL2903,1388,1388,0271,Enzyme.Oxidoreductase,Enzyme,Oxidoreductase,0271>0243>0690,-,"alox15|12-lox|12/15-lipoxygenase|15-lox|15-lox-1|arachidonate 12-lipoxygenase, leukocyte-type|arachidonate 15-lipoxygenase|arachidonate omega-6 lipoxygenase|hepoxilin a3 synthase alox15|linoleate 13s-lipoxygenase|polyunsaturated fatty acid lipoxygenase alox15|log15|-"
CHEMBL2908,-,-,-,Other Protein Target.Other Protein Target,Other Protein Target,Other Protein Target,0864-1>0864,-,hsd11b2|-|11-beta-hydroxysteroid dehydrogenase type 2|11-dh2|11-beta-hsd2|corticosteroid 11-beta-dehydrogenase isozyme 2|hsd11k|nad-dependent 11-beta-hydroxysteroid dehydrogenase
CHEMBL291,1302,1302,0260,Enzyme.Hydrolase,Enzyme,Hydrolase,0260>0241>0690-4>0690,-,"pde4c|3',5'-cyclic-amp phosphodiesterase 4c|dpde1|pde21|camp-specific phosphodiesterase 4c|-"
CHEMBL2916,-,-,-,Other Protein Target.Other Protein Target,Other Protein Target,Other Protein Target,0864-1>0864,-,tert|hest2|tp2|telomerase catalytic subunit|telomerase reverse transcriptase|telomerase-associated protein 2|est2|tcs1|trt|-
CHEMBL2918,1477,1477,0284,Enzyme.Transferase,Enzyme,Transferase,0284>0677>0698>0690-2>0690,-,prkacb|pka c-beta|camp-dependent protein kinase catalytic subunit beta|-
CHEMBL2919,450,450,0075,Ion Channel.Ligand-gated ion channel,Ion Channel,Ligand-gated ion channel,0075>0697>0689,-,"grik1|-|glutamate receptor ionotropic, kainate 1|gluk1|glur-5|glur5|glutamate receptor 5"
CHEMBL2927,-,-,-,Other Protein Target.Other Protein Target,Other Protein Target,Other Protein Target,0864-1>0864,-,"cyp11b1|cypxib1|cytochrome p450 11b1, mitochondrial|cytochrome p450c11|steroid 11-beta-hydroxylase, cyp11b1|-"
CHEMBL2935,-,-,-,Other Protein Target.Other Protein Target,Other Protein Target,Other Protein Target,0864-1>0864,-,pnp|inosine phosphorylase|inosine-guanosine phosphorylase|purine nucleoside phosphorylase|np|-
CHEMBL2938,1484,1484,0532,Enzyme.Transferase,Enzyme,Transferase,0532>0286>0677>0698>0690-2>0690,-,prkcg|pkc-gamma|protein kinase c gamma type|pkcg|-
CHEMBL2939,1502,1502,0519,Enzyme.Transferase,Enzyme,Transferase,0519>0288>0681>0698>0690-2>0690,-,mapk13|map kinase 13|map kinase p38 delta|mapk 13|mitogen-activated protein kinase 13|mitogen-activated protein kinase p38 delta|stress-activated protein kinase 4|prkm13|sapk4|-
CHEMBL2949,-,-,-,Other Protein Target.Other Protein Target,Other Protein Target,Other Protein Target,0864-1>0864,-,ptgs1|-|prostaglandin g/h synthase 1|cox-1|cox1|cyclooxygenase-1|pgh synthase 1|pghs-1|phs 1|prostaglandin h2 synthase 1|prostaglandin-endoperoxide synthase 1
CHEMBL2950,-,-,-,Other Protein Target.Other Protein Target,Other Protein Target,Other Protein Target,0864-1>0864,-,-|type 1 insp3 receptor isoform s2
CHEMBL2951,2386,2386,0755,Enzyme.Hydrolase,Enzyme,Hydrolase,0755>0724>0759>0690-4>0690,-,pcsk6|paired basic amino acid cleaving enzyme 4|proprotein convertase subtilisin/kexin type 6|spc4|subtilisin-like proprotein convertase 4|subtilisin/kexin-like protease pace4|pace4|-
CHEMBL2954,2353,2353,0728,Enzyme.Hydrolase,Enzyme,Hydrolase,0728>0709>0759>0690-4>0690,-,ctss|cathepsin s|-
CHEMBL2955,276,276,0135,Receptor.G protein-coupled receptor,Receptor,G protein-coupled receptor,0135>0694>0688,-,s1pr2|endothelial differentiation g-protein coupled receptor 5|s1p receptor 2|s1p receptor edg-5|s1p2|sphingosine 1-phosphate receptor 2|sphingosine 1-phosphate receptor edg-5|edg5|-
CHEMBL2959,2046,2046,0629,Enzyme.Transferase,Enzyme,Transferase,0629>0936>0686>0699>0862>0688,-,itk|il-2-inducible t-cell kinase|interleukin-2-inducible t-cell kinase|kinase emt|t-cell-specific kinase|tyrosine-protein kinase itk/tsk|tyrosine-protein kinase lyk|emt|lyk|-
CHEMBL2964,2063,2063,0623,Enzyme.Transferase,Enzyme,Transferase,0623>0685>0698>0690-2>0690,-,map2k2|-|dual specificity mitogen-activated protein kinase kinase 2|erk activator kinase 2|map kinase kinase 2|mapk/erk kinase 2|mapkk 2|mek 2|mek2|mkk2|prkmk2
CHEMBL2966,-,-,-,Other Protein Target.Other Protein Target,Other Protein Target,Other Protein Target,0864-1>0864,-,ada|adenosine aminohydrolase|adenosine deaminase|-
CHEMBL2967,-,-,-,Other Protein Target.Other Protein Target,Other Protein Target,Other Protein Target,0864-1>0864,-,drd1|d dopamine receptor|dopamine d1 receptor|d1ar|-
CHEMBL2968,-,-,-,Other Protein Target.Other Protein Target,Other Protein Target,Other Protein Target,0864-1>0864,-,jak1|jak-1|janus kinase 1|tyrosine-protein kinase jak1|-
CHEMBL2971,2048,2048,0581,Enzyme.Transferase,Enzyme,Transferase,0581>0936>0686>0699>0862>0688,-,jak2|jak-2|janus kinase 2|tyrosine-protein kinase jak2|-
CHEMBL2973,1504,1504,0289,Enzyme.Transferase,Enzyme,Transferase,0289>0454>0677>0698>0690-2>0690,-,"rock2|rock-ii|rho kinase 2|rho-associated protein kinase 2|rho-associated, coiled-coil-containing protein kinase 2|rho-associated, coiled-coil-containing protein kinase ii|p164 rock-2|kiaa0619|-"
CHEMBL2977,-,-,-,Other Protein Target.Other Protein Target,Other Protein Target,Other Protein Target,0864-1>0864,-,ptgs2|cox-2|cyclooxygenase-2|pgh synthase 2|pghs-2|phs ii|prostaglandin g/h synthase 2|prostaglandin h2 synthase 2|prostaglandin-endoperoxide synthase 2|cox2|-
CHEMBL298,77,77,0015,Receptor.G protein-coupled receptor,Receptor,G protein-coupled receptor,0015>0694>0688,-,cckbr|cck-b receptor|cck-br|cck2-r|cholecystokinin-2 receptor|gastrin/cholecystokinin type b receptor|cckrb|-
CHEMBL299,1482,1482,0533,Enzyme.Transferase,Enzyme,Transferase,0533>0286>0677>0698>0690-2>0690,-,prkca|pkc-a|pkc-alpha|protein kinase c alpha type|pkca|prkaca|-
CHEMBL2991,2604,2604,0920,Enzyme.Multifunctional,Enzyme,Multifunctional,0920>0690-1>0690,-,"dhodh|-|dihydroorotate dehydrogenase , mitochondrial|dhodehase|dihydroorotate oxidase"
CHEMBL2993,2490,2490,0766,Enzyme.Multifunctional,Enzyme,Multifunctional,0766>0690-1>0690,-,maob|amine oxidase b|mao-b|monoamine oxidase type b|-
CHEMBL2996,1485,1485,0533,Enzyme.Transferase,Enzyme,Transferase,0533>0286>0677>0698>0690-2>0690,-,prkcd|protein kinase c delta type|tyrosine-protein kinase prkcd|npkc-delta|pkcd|-
CHEMBL2998,480,480,0077,Ion Channel.Ligand-gated ion channel,Ion Channel,Ligand-gated ion channel,0077>0697>0689,-,p2rx3|atp receptor|p2x purinoceptor 3|p2x3|purinergic receptor|-
CHEMBL2999,2135,2135,0547,Enzyme.Transferase,Enzyme,Transferase,0547>0467>0685>0698>0690-2>0690,-,pak3|beta-pak|oligophrenin-3|pak-3|serine/threonine-protein kinase pak 3|p21-activated kinase 3|ophn3|-
CHEMBL300,408,408,0072,Ion Channel.Ligand-gated ion channel,Ion Channel,Ligand-gated ion channel,0072>0697>0689,-,gabra5|-|gamma-aminobutyric acid receptor subunit alpha-5|gaba receptor subunit alpha-5|gabaar subunit alpha-5|gabra-5
CHEMBL3004,779,779,0153,Transporter.ATP-binding cassette transporter,Transporter,ATP-binding cassette transporter,0153>0136>0691,-,abcc1|atp-binding cassette sub-family c member 1|glutathione-s-conjugate-translocating atpase abcc1|ltc4 transporter|leukotriene c transporter|multidrug resistance-associated protein 1|mrp|mrp1|-
CHEMBL3009,1799,1799,0320,Receptor.Catalytic Receptor,Receptor,Catalytic Receptor,0320>0304>0686>0699>0862>0688,-,erbb4|proto-oncogene-like protein c-erbb-4|receptor tyrosine-protein kinase erbb-4|tyrosine kinase-type cell surface receptor her4|p180erbb4|her4|-
CHEMBL301,1973,1973,0492,Enzyme.Transferase,Enzyme,Transferase,0492>0453>0681>0698>0690-2>0690,-,cdk2|cell division protein kinase 2|cyclin-dependent kinase 2|p33 protein kinase|cdkn2|-
CHEMBL3012,1305,1305,0260,Enzyme.Hydrolase,Enzyme,Hydrolase,0260>0241>0690-4>0690,-,"pde7a|hcp1|high affinity 3',5'-cyclic-amp phosphodiesterase 7a|tm22|camp-specific phosphodiesterase 7a|-"
CHEMBL3018,2418,2418,0751,Enzyme.Hydrolase,Enzyme,Hydrolase,0751>0721>0759>0690-4>0690,-,st14|mt-sp1|matriptase|membrane-type serine protease 1|prostamin|serine protease 14|serine protease tadg-15|suppressor of tumorigenicity 14 protein|tumor-associated differentially-expressed gene 15 protein|prss14|snc19|tadg15|-
CHEMBL3019,1338,1338,0263,Enzyme.Oxidoreductase,Enzyme,Oxidoreductase,0263>0242>0690-1>0690,-,cyp3a5|cypiiia5|cytochrome p450 3a5|cytochrome p450-pcn3|-
CHEMBL302,19,19,0003,Receptor.G protein-coupled receptor,Receptor,G protein-coupled receptor,0003>0694>0688,-,adora2a|-|adenosine receptor a2a
CHEMBL3023,2205,2205,0787,Enzyme.Transferase,Enzyme,Transferase,0787>0682>0698>0690-2>0690,-,sphk2|sk 2|spk 2|sphingosine kinase 2|sk2|-
CHEMBL3024,2168,2168,0602,Enzyme.Transferase,Enzyme,Transferase,0602>0683>0698>0690-2>0690,-,plk1|plk-1|polo-like kinase 1|stpk13|serine/threonine-protein kinase 13|serine/threonine-protein kinase plk1|plk|-
CHEMBL3025,-,-,-,Other Protein Target.Other Protein Target,Other Protein Target,Other Protein Target,0864-1>0864,-,ca6|ca-vi|carbonate dehydratase vi|carbonic anhydrase 6|carbonic anhydrase vi|salivary carbonic anhydrase|secreted carbonic anhydrase|-
CHEMBL3026,406,406,0072,Ion Channel.Ligand-gated ion channel,Ion Channel,Ligand-gated ion channel,0072>0697>0689,-,gabra3|gaba receptor subunit alpha-3|gabaar subunit alpha-3|gamma-aminobutyric acid receptor subunit alpha-3|-
CHEMBL3027,309,309,0047,Receptor.G protein-coupled receptor,Receptor,G protein-coupled receptor,0047>0694>0688,-,ntsr1|-|neurotensin receptor type 1|high-affinity levocabastine-insensitive neurotensin receptor|nt-r-1|ntr1|ntrh|ntsr
CHEMBL3028,2832,2832,0900,Enzyme.Oxidoreductase,Enzyme,Oxidoreductase,0900>0690-1>0690,-,egln2|eit-6|egl nine homolog 2|estrogen-induced tag 6|hif-ph1|hif-prolyl hydroxylase 1|hph-1|hph-3|hypoxia-inducible factor prolyl hydroxylase 1|phd1|prolyl hydroxylase egln2|prolyl hydroxylase domain-containing protein 1|eit6|-
CHEMBL3032,1521,1521,0601,Enzyme.Transferase,Enzyme,Transferase,0601>0677>0698>0690-2>0690,-,pkn2|pkn gamma|protein kinase c-like 2|protein-kinase c-related kinase 2|serine/threonine-protein kinase n2|prk2|prkcl2|-
CHEMBL3037,56,56,0013,Receptor.G protein-coupled receptor,Receptor,G protein-coupled receptor,0013>0694>0688,-,cnr1|brain-type cannabinoid receptor|cb-r|cb1|cannabinoid receptor 1|-
CHEMBL304,-,-,-,Other Protein Target.Other Protein Target,Other Protein Target,Other Protein Target,0864-1>0864,-,slc6a2|-|transporter|norepinephrine transporter
CHEMBL3041,-,-,-,Other Protein Target.Other Protein Target,Other Protein Target,Other Protein Target,0864-1>0864,-,oprm1|-|mu-type opioid receptor|m-or-1|mor-1
CHEMBL3045,1483,1483,0532,Enzyme.Transferase,Enzyme,Transferase,0532>0286>0677>0698>0690-2>0690,-,prkcb|pkc-b|pkc-beta|protein kinase c beta type|pkcb|prkcb1|-
CHEMBL3046,-,-,-,Other Protein Target.Other Protein Target,Other Protein Target,Other Protein Target,0864-1>0864,-,neu3|ganglioside sialidasedis|membrane sialidase|n-acetyl-alpha-neuraminidase 3|sialidase-3|-
CHEMBL3048,1251,1251,0253,Enzyme.Oxidoreductase,Enzyme,Oxidoreductase,0253>0239>0690,-,"nos1|constitutive nos|n-nos|nc-nos|nos type i|neuronal nos|nitric oxide synthase 1|nitric oxide synthase, brain|peptidyl-cysteine s-nitrosylase nos1|bnos|nnos|-"
CHEMBL3050,-,-,-,Other Protein Target.Other Protein Target,Other Protein Target,Other Protein Target,0864-1>0864,-,maob|amine oxidase b|mao-b|monoamine oxidase type b|-
CHEMBL3055,1979,1979,0496,Enzyme.Transferase,Enzyme,Transferase,0496>0453>0681>0698>0690-2>0690,-,cdk7|39 kda protein kinase|cdk-activating kinase 1|cell division protein kinase 7|cyclin-dependent kinase 7|serine/threonine-protein kinase 1|tfiih basal transcription factor complex kinase subunit|p39 mo15|cak|cak1|cdkn7|mo15|stk1|-
CHEMBL3056,-,-,-,Other Protein Target.Other Protein Target,Other Protein Target,Other Protein Target,0864-1>0864,-,ar|-|androgen receptor|dihydrotestosterone receptor|nr3c4|nuclear receptor subfamily 3 group c member 4
CHEMBL3060,936,936,0178,Transporter.ATP-binding cassette transporter,Transporter,ATP-binding cassette transporter,0178>0144>0863>0691,-,slc6a5|glyt-2|glyt2|sodium- and chloride-dependent glycine transporter 2|solute carrier family 6 member 5|net1|-
CHEMBL3066,256,256,0031,Receptor.G protein-coupled receptor,Receptor,G protein-coupled receptor,0031>0694>0688,-,gnrhr|-|gonadotropin-releasing hormone receptor|gnrh receptor|gnrh-r
CHEMBL3067,291,291,0040,Receptor.G protein-coupled receptor,Receptor,G protein-coupled receptor,0040>0694>0688,-,grm3|-|metabotropic glutamate receptor 3|gprc1c|mglur3
CHEMBL3070,-,-,-,Other Protein Target.Other Protein Target,Other Protein Target,Other Protein Target,0864-1>0864,-,icam1|icam-1|intercellular adhesion molecule 1|major group rhinovirus receptor|-
CHEMBL3072,628,628,0098,Receptor.Nuclear Hormone Receptor,Receptor,Nuclear Hormone Receptor,0098>0107>0695>0688,-,ar|androgen receptor|dihydrotestosterone receptor|nuclear receptor subfamily 3 group c member 4|nr3c4|-
CHEMBL308,1961,1961,0492,Enzyme.Transferase,Enzyme,Transferase,0492>0453>0681>0698>0690-2>0690,-,cdk1|cell division control protein 2 homolog|cell division protein kinase 1|cyclin-dependent kinase 1|p34 protein kinase|cdc2|cdc28a|cdkn1|p34cdc2|-
CHEMBL3080,3187,3187,0981,Enzyme.Hydrolase,Enzyme,Hydrolase,0981>0690-4>0690,-,chit1|chitinase-1|chitotriosidase-1|-
CHEMBL3081,-,-,-,Other Protein Target.Other Protein Target,Other Protein Target,Other Protein Target,0864-1>0864,-,akr1b1|20-alpha-hsd|20-alpha-hydroxysteroid dehydrogenase|ar|aldehyde reductase|aldo-keto reductase family 1 member b1|aldose reductase|-
CHEMBL3085,868,868,0163,Transporter.ATP-binding cassette transporter,Transporter,ATP-binding cassette transporter,0163>0139>0863>0691,-,slc1a3|excitatory amino acid transporter 1|glast-1|sodium-dependent glutamate/aspartate transporter 1|solute carrier family 1 member 3|eaat1|glast|glast1|-
CHEMBL3085613,-,-,-,Other Protein Target.Other Protein Target,Other Protein Target,Other Protein Target,0864-1>0864,-,gyrb|-|dna gyrase subunit b
CHEMBL3085619,-,-,-,Other Protein Target.Other Protein Target,Other Protein Target,Other Protein Target,0864-1>0864,-,brd4|bromodomain-containing protein 4|mcap|mitotic chromosome-associated protein|-
CHEMBL3085622,2726,2726,0558,Enzyme.Transferase,Enzyme,Transferase,0558>0884>0865>0690,-,brd7|75 kda bromodomain protein|bromodomain-containing protein 7|protein celtix-1|bp75|celtix1|-
CHEMBL309,14,14,0002,Receptor.G protein-coupled receptor,Receptor,G protein-coupled receptor,0002>0694>0688,-,chrm2|muscarinic acetylcholine receptor m2|chrm-2|-
CHEMBL3091268,599,599,0088,Receptor.Nuclear Hormone Receptor,Receptor,Nuclear Hormone Receptor,0088>0695>0688,-,rorb|nuclear receptor ror-beta|nuclear receptor rzr-beta|nuclear receptor subfamily 1 group f member 2|retinoid-related orphan receptor-beta|nr1f2|rzrb|-
CHEMBL3092,2346,2346,0726,Enzyme.Hydrolase,Enzyme,Hydrolase,0726>0707>0759>0690-4>0690,-,ctse|cathepsin e|-
CHEMBL3094,2096,2096,0512,Enzyme.Transferase,Enzyme,Transferase,0512>0459>0679>0698>0690-2>0690,-,mapkapk5|map kinase-activated protein kinase 5|mapk-activated protein kinase 5|mapkap kinase 5|mapkap-k5|mapkapk-5|mk-5|mk5|prak|p38-regulated/activated protein kinase|-
CHEMBL3099,-,-,-,Other Protein Target.Other Protein Target,Other Protein Target,Other Protein Target,0864-1>0864,-,abl1|abelson murine leukemia viral oncogene homolog 1|abelson tyrosine-protein kinase 1|proto-oncogene c-abl|tyrosine-protein kinase abl1|p150|abl|-
CHEMBL310,456,456,0075,Ion Channel.Ligand-gated ion channel,Ion Channel,Ligand-gated ion channel,0075>0697>0689,-,"grin2a|glun2a|glutamate receptor subunit epsilon-1|glutamate receptor ionotropic, nmda 2a|n-methyl d-aspartate receptor subtype 2a|nmdar2a|nr2a|-"
CHEMBL3100,2549,2549,0783,Other Protein Target.Other Protein Target,Other Protein Target,Other Protein Target,0783>0864,-,rbp4|prbp|plasma retinol-binding protein|rbp|retinol-binding protein 4|-
CHEMBL3105,2771,2771,0883,Enzyme.Transferase,Enzyme,Transferase,0883>1095>0690-2>0690,-,parp1|adp-ribosyltransferase diphtheria toxin-like 1|adprt 1|artd1|dna adp-ribosyltransferase parp1|nad adp-ribosyltransferase 1|parp-1|poly polymerase 1|poly synthase 1|protein poly-adp-ribosyltransferase parp1|adprt|ppol|-
CHEMBL3106,-,-,-,Other Protein Target.Other Protein Target,Other Protein Target,Other Protein Target,0864-1>0864,-,tymp|gliostatin|pd-ecgf|platelet-derived endothelial cell growth factor|tp|tdrpase|thymidine phosphorylase|ecgf1|-
CHEMBL3108632,500,500,0078,Ion Channel.Voltage-gated ion channel,Ion Channel,Voltage-gated ion channel,0078>0696>0689,-,trpm8|ltrpc-6|ltrpc6|long transient receptor potential channel 6|transient receptor potential cation channel subfamily m member 8|transient receptor potential p8|trp-p8|trpp8|-
CHEMBL3108638,2252,2252,0631,Enzyme.Transferase,Enzyme,Transferase,0631>0884>0865>0690,-,trim24|e3 ubiquitin-protein ligase trim24|ring finger protein 82|ring-type e3 ubiquitin transferase tif1-alpha|tif1-alpha|transcription intermediary factor 1-alpha|tripartite motif-containing protein 24|rnf82|tif1|tif1a|-
CHEMBL3108639,2733,2733,0867,Other Protein Target.Other Protein Target,Other Protein Target,Other Protein Target,0867>0866>0864,-,cecr2|cat eye syndrome critical region protein 2|chromatin remodeling regulator cecr2|kiaa1740|-
CHEMBL3108640,2728,2728,0558,Enzyme.Transferase,Enzyme,Transferase,0558>0884>0865>0690,-,brd9|bromodomain-containing protein 9|rhabdomyosarcoma antigen mu-rms-40.8|-
CHEMBL3108642,2721,2721,0867,Other Protein Target.Other Protein Target,Other Protein Target,Other Protein Target,0867>0866>0864,-,baz2a|bromodomain adjacent to zinc finger domain protein 2a|ttf-i-interacting protein 5|tip5|transcription termination factor i-interacting protein 5|hwalp3|kiaa0314|-
CHEMBL3108644,2731,2731,0867,Other Protein Target.Other Protein Target,Other Protein Target,Other Protein Target,0867>0866>0864,-,brpf3|bromodomain and phd finger-containing protein 3|kiaa1286|-
CHEMBL3108648,1259,1259,0254,Enzyme.Transferase,Enzyme,Transferase,0254>0239>0690,-,prmt8|heterogeneous nuclear ribonucleoprotein methyltransferase-like protein 4|protein arginine n-methyltransferase 8|hrmt1l3|hrmt1l4|-
CHEMBL311,457,457,0075,Ion Channel.Ligand-gated ion channel,Ion Channel,Ligand-gated ion channel,0075>0697>0689,-,"grin2b|glun2b|glutamate receptor subunit epsilon-2|glutamate receptor ionotropic, nmda 2b|n-methyl d-aspartate receptor subtype 2b|nmdar2b|nr2b|-"
CHEMBL3111,-,-,-,Other Protein Target.Other Protein Target,Other Protein Target,Other Protein Target,0864-1>0864,-,rps6kb2|70 kda ribosomal protein s6 kinase 2|p70s6k2|ribosomal protein s6 kinase beta-2|s6 kinase-related kinase|s6k-beta|s6k-beta-2|s6k2|srk|serine/threonine-protein kinase 14b|p70 s6 kinase beta|p70 s6k-beta|p70 s6kb|p70 ribosomal s6 kinase beta|p70-s6k 2|p70-beta|stk14b|-
CHEMBL3112379,2521,2521,0774,Enzyme.Transferase,Enzyme,Transferase,0774>0767>0690,-,sgms2|phosphatidylcholine:ceramide cholinephosphotransferase 2|sms2|sphingomyelin synthase 2|-
CHEMBL3112384,-,-,-,Other Protein Target.Other Protein Target,Other Protein Target,Other Protein Target,0864-1>0864,-,aldh1a2|aldehyde dehydrogenase family 1 member a2|raldh 2|raldh|raldh2|retinal dehydrogenase 2|retinaldehyde-specific dehydrogenase type 2|-
CHEMBL3114,-,-,-,Other Protein Target.Other Protein Target,Other Protein Target,Other Protein Target,0864-1>0864,-,"si|-|sucrase-isomaltase, intestinal"
CHEMBL3116,1981,1981,0489,Enzyme.Transferase,Enzyme,Transferase,0489>0453>0681>0698>0690-2>0690,-,cdk9|c-2k|cell division cycle 2-like protein kinase 4|cell division protein kinase 9|cyclin-dependent kinase 9|serine/threonine-protein kinase pitalre|tat-associated kinase complex catalytic subunit|cdc2l4|tak|-
CHEMBL3117,-,-,-,Other Protein Target.Other Protein Target,Other Protein Target,Other Protein Target,0864-1>0864,-,chka|chetk-alpha|ck|choline kinase alpha|ek|ethanolamine kinase|chk|cki|-
CHEMBL3119,510,510,0078,Ion Channel.Voltage-gated ion channel,Ion Channel,Voltage-gated ion channel,0078>0696>0689,-,trpv4|otrpc4|osm-9-like trp channel 4|trp12|transient receptor potential cation channel subfamily v member 4|transient receptor potential protein 12|vr-oac|vrl-2|vanilloid receptor-like channel 2|vanilloid receptor-like protein 2|vanilloid receptor-related osmotically-activated channel|vrl2|vroac|-
CHEMBL312,1385,1385,0271,Enzyme.Oxidoreductase,Enzyme,Oxidoreductase,0271>0243>0690,-,alox5|-|polyunsaturated fatty acid 5-lipoxygenase|5-lo|5-lipoxygenase|arachidonate 5-lipoxygenase
CHEMBL3120,-,-,-,Other Protein Target.Other Protein Target,Other Protein Target,Other Protein Target,0864-1>0864,-,asns|asparagine synthetase|cell cycle control protein ts11|glutamine-dependent asparagine synthetase|ts11|-
CHEMBL3122,-,-,-,Other Protein Target.Other Protein Target,Other Protein Target,Other Protein Target,0864-1>0864,-,adra1b|-|alpha-1b adrenergic receptor|alpha-1b adrenoceptor|alpha-1b adrenoreceptor
CHEMBL3123,-,-,-,Other Protein Target.Other Protein Target,Other Protein Target,Other Protein Target,0864-1>0864,-,dapk2|dap kinase 2|dap-kinase-related protein 1|drp-1|death-associated protein kinase 2|-
CHEMBL3125,1524,1524,0539,Enzyme.Transferase,Enzyme,Transferase,0539>0466>0677>0698>0690-2>0690,-,rps6ka4|90 kda ribosomal protein s6 kinase 4|nuclear mitogen- and stress-activated protein kinase 2|rskb|ribosomal protein s6 kinase alpha-4|ribosomal protein kinase b|s6k-alpha-4|msk2|-
CHEMBL313,928,928,0176,Transporter.ATP-binding cassette transporter,Transporter,ATP-binding cassette transporter,0176>0144>0863>0691,-,slc6a4|5ht transporter|5htt|sert|sodium-dependent serotonin transporter|solute carrier family 6 member 4|-
CHEMBL3130,2155,2155,0781,Enzyme.Transferase,Enzyme,Transferase,0781>0244>0690,-,"pik3cd|pi3-kinase subunit delta|pi3k-delta|pi3kdelta|phosphatidylinositol 4,5-bisphosphate 3-kinase 110 kda catalytic subunit delta|phosphatidylinositol 4,5-bisphosphate 3-kinase catalytic subunit delta isoform|ptdins-3-kinase subunit delta|ptdins-3-kinase subunit p110-delta|p110delta|-"
CHEMBL3131,1621,1621,0734,Enzyme.Hydrolase,Enzyme,Hydrolase,0734>0710>0759>0690-4>0690,-,casp5|casp-5|caspase-5|ice-iii|protease ich-3|protease ty|ich3|-
CHEMBL3132741,2730,2730,0867,Other Protein Target.Other Protein Target,Other Protein Target,Other Protein Target,0867>0866>0864,-,brpf1|bromodomain and phd finger-containing protein 1|peregrin|protein br140|br140|-
CHEMBL3138,216,216,0020,Receptor.G protein-coupled receptor,Receptor,G protein-coupled receptor,0020>0694>0688,-,drd3|d dopamine receptor|dopamine d3 receptor|-
CHEMBL3142,2800,2800,0598,Enzyme.Transferase,Enzyme,Transferase,0598>0463>0678>0698>0690-2>0690,-,prkdc|dna-pk catalytic subunit|dna-pkcs|dna-dependent protein kinase catalytic subunit|dnpk1|s473k|ser-473 kinase|p460|hyrc|hyrc1|-
CHEMBL3145,2154,2154,0781,Enzyme.Transferase,Enzyme,Transferase,0781>0244>0690,-,"pik3cb|pi3-kinase subunit beta|pi3k-beta|pi3kbeta|phosphatidylinositol 4,5-bisphosphate 3-kinase 110 kda catalytic subunit beta|phosphatidylinositol 4,5-bisphosphate 3-kinase catalytic subunit beta isoform|ptdins-3-kinase subunit beta|ptdins-3-kinase subunit p110-beta|serine/threonine protein kinase pik3cb|p110beta|pik3c1|-"
CHEMBL315,23,23,0004,Receptor.G protein-coupled receptor,Receptor,G protein-coupled receptor,0004>0694>0688,-,adra1b|alpha-1b adrenergic receptor|alpha-1b adrenoceptor|alpha-1b adrenoreceptor|-
CHEMBL3150,605,605,0090,Receptor.Nuclear Hormone Receptor,Receptor,Nuclear Hormone Receptor,0090>0695>0688,-,"vdr|-|vitamin d3 receptor|1,25-dihydroxyvitamin d3 receptor|nr1i1|nuclear receptor subfamily 1 group i member 1"
CHEMBL3151,-,-,-,Other Protein Target.Other Protein Target,Other Protein Target,Other Protein Target,0864-1>0864,-,iap|-|intestinal-type alkaline phosphatase|akp-3|akp3|alkaline phosphatase 3|intestinal alkaline phosphatase
CHEMBL3154,362,362,0062,Receptor.G protein-coupled receptor,Receptor,G protein-coupled receptor,0062>0694>0688,-,tacr3|-|neuromedin-k receptor|nk-3 receptor|nk-3r|nkr|neurokinin b receptor|tac3r|tachykinin receptor 3
CHEMBL3155,12,12,0001,Receptor.G protein-coupled receptor,Receptor,G protein-coupled receptor,0001>0694>0688,-,htr7|5-ht-7|5-ht-x|5-ht7|5-hydroxytryptamine receptor 7|serotonin receptor 7|-
CHEMBL3157,42,42,0010,Receptor.G protein-coupled receptor,Receptor,G protein-coupled receptor,0010>0694>0688,-,bdkrb2|-|b2 bradykinin receptor|b2r|bk-2 receptor|bkr2
CHEMBL3160,2642,2642,0920,Enzyme.Multifunctional,Enzyme,Multifunctional,0920>0690-1>0690,-,tyms|-|thymidylate synthase|ts|tsase
CHEMBL3166,-,-,-,Other Protein Target.Other Protein Target,Other Protein Target,Other Protein Target,0864-1>0864,-,ptpn6|hematopoietic cell protein-tyrosine phosphatase|ptp-1c|protein-tyrosine phosphatase 1c|protein-tyrosine phosphatase shp-1|sh-ptp1|tyrosine-protein phosphatase non-receptor type 6|hcp|ptp1c|-
CHEMBL317,16,16,0002,Receptor.G protein-coupled receptor,Receptor,G protein-coupled receptor,0002>0694>0688,-,chrm4|-|muscarinic acetylcholine receptor m4|chrm-4
CHEMBL3174,3110,3110,1031,Enzyme.Multifunctional,Enzyme,Multifunctional,1031>0690-3>0690,-,gsto1|gsto 1-1|gsto-1|glutathione s-transferase omega 1-1|glutathione s-transferase omega-1|glutathione-dependent dehydroascorbate reductase|mma reductase|monomethylarsonic acid reductase|s-glutathione reductase|spg-r|gsttlp28|-
CHEMBL3176,244,244,0027,Receptor.G protein-coupled receptor,Receptor,G protein-coupled receptor,0027>0694>0688,-,galr2|gal2-r|galr-2|galanin receptor type 2|galnr2|-
CHEMBL318,18,18,0003,Receptor.G protein-coupled receptor,Receptor,G protein-coupled receptor,0003>0694>0688,-,adora1|-|adenosine receptor a1
CHEMBL3180,3298,3298,0799,Enzyme.Hydrolase,Enzyme,Hydrolase,0799>0690-4>0690,-,ces2|ce-2|carboxylesterase 2|cocaine esterase|methylumbelliferyl-acetate deacetylase 2|hce-2|ice|-
CHEMBL3181,-,-,-,Other Protein Target.Other Protein Target,Other Protein Target,Other Protein Target,0864-1>0864,-,hsd17b1|17-beta-hsd 1|17-beta-hydroxysteroid dehydrogenase type 1|20 alpha-hydroxysteroid dehydrogenase|20-alpha-hsd|e2dh|estradiol 17-beta-dehydrogenase 1|placental 17-beta-hydroxysteroid dehydrogenase|short chain dehydrogenase/reductase family 28c member 1|e17ksr|edh17b1|edh17b2|edhb17|sdr28c1|-
CHEMBL319,22,22,0004,Receptor.G protein-coupled receptor,Receptor,G protein-coupled receptor,0004>0694>0688,-,adra1a|-|alpha-1a adrenergic receptor|adra1c|alpha-1a adrenoceptor|alpha-1a adrenoreceptor|alpha-1c adrenergic receptor
CHEMBL3190,447,447,0075,Ion Channel.Ligand-gated ion channel,Ion Channel,Ligand-gated ion channel,0075>0697>0689,-,"gria4|ampa-selective glutamate receptor 4|glur-4|glur-d|glur4|glutamate receptor 4|glutamate receptor ionotropic, ampa 4|glua4|-"
CHEMBL3192,2619,2619,0848,Enzyme.Hydrolase,Enzyme,Hydrolase,0848>0865>0690,-,hdac8|hd8|histone deacetylase 8|protein deacetylase hdac8|protein decrotonylase hdac8|hdacl1|-
CHEMBL3194,2851,2851,0911,Other Protein Target.Other Protein Target,Other Protein Target,Other Protein Target,0911>0864,-,ttr|attr|prealbumin|tbpa|transthyretin|palb|-
CHEMBL3195,-,-,-,Other Protein Target.Other Protein Target,Other Protein Target,Other Protein Target,0864-1>0864,-,slc6a5|glyt-2|glyt2|sodium- and chloride-dependent glycine transporter 2|solute carrier family 6 member 5|-
CHEMBL3197,14,14,0002,Receptor.G protein-coupled receptor,Receptor,G protein-coupled receptor,0002>0694>0688,-,chrm2|muscarinic acetylcholine receptor m2|chrm-2|-
CHEMBL3198,-,-,-,Other Protein Target.Other Protein Target,Other Protein Target,Other Protein Target,0864-1>0864,-,ache|-|acetylcholinesterase
CHEMBL3199,-,-,-,Other Protein Target.Other Protein Target,Other Protein Target,Other Protein Target,0864-1>0864,-,ache|-|acetylcholinesterase
CHEMBL320,15,15,0002,Receptor.G protein-coupled receptor,Receptor,G protein-coupled receptor,0002>0694>0688,-,chrm3|muscarinic acetylcholine receptor m3|chrm-3|-
CHEMBL3200,3258,3258,0799,Enzyme.Hydrolase,Enzyme,Hydrolase,0799>0690-4>0690,-,neu2|cytosolic sialidase|n-acetyl-alpha-neuraminidase 2|sialidase-2|-
CHEMBL3202,2395,2395,0758,Enzyme.Hydrolase,Enzyme,Hydrolase,0758>0725>0759>0690-4>0690,-,prep|pe|post-proline cleaving enzyme|prolyl endopeptidase|pep|-
CHEMBL321,1633,1633,0738,Enzyme.Hydrolase,Enzyme,Hydrolase,0738>0713>0759>0690-4>0690,-,mmp9|92 kda gelatinase|92 kda type iv collagenase|gelb|gelatinase b|mmp-9|matrix metalloproteinase-9|clg4b|-
CHEMBL3213,-,-,-,Other Protein Target.Other Protein Target,Other Protein Target,Other Protein Target,0864-1>0864,-,pla2g6|2-lysophosphatidylcholine acylhydrolase|85/88 kda calcium-independent phospholipase a2|cai-pla2|gvi pla2|group vi phospholipase a2|intracellular membrane-associated calcium-independent phospholipase a2 beta|pnpla9|palmitoyl-coa hydrolase|patatin-like phospholipase domain-containing protein 9|ipla2-beta|plpla9|-
CHEMBL3217390,2231,2231,0626,Enzyme.Transferase,Enzyme,Transferase,0626>0884>0865>0690,-,taf1|cell cycle gene 1 protein|taf250|tafii-250|tafii250|tbp-associated factor 250 kda|transcription initiation factor tfiid 250 kda subunit|transcription initiation factor tfiid subunit 1|p250|ba2r|ccg1|ccgs|taf2a|-
CHEMBL322,6,6,0001,Receptor.G protein-coupled receptor,Receptor,G protein-coupled receptor,0001>0694>0688,-,htr2a|-|5-hydroxytryptamine receptor 2a|5-ht-2|5-ht-2a|htr2|serotonin receptor 2a
CHEMBL3222,317,317,0050,Receptor.G protein-coupled receptor,Receptor,G protein-coupled receptor,0050>0694>0688,-,oprd1|-|delta-type opioid receptor|d-or-1|dor-1|k56|msl-2
CHEMBL3223,12,12,0001,Receptor.G protein-coupled receptor,Receptor,G protein-coupled receptor,0001>0694>0688,-,htr7|5-ht-7|5-ht-x|5-ht7|5-hydroxytryptamine receptor 7|gprfo|serotonin receptor 7|-
CHEMBL3227,293,293,0040,Receptor.G protein-coupled receptor,Receptor,G protein-coupled receptor,0040>0694>0688,-,grm5|metabotropic glutamate receptor 5|mglur5|gprc1e|-
CHEMBL3229,1400,1400,0799,Enzyme.Hydrolase,Enzyme,Hydrolase,0799>0690-4>0690,-,faah|anandamide amidase|anandamide amidohydrolase 1|fatty acid ester hydrolase|fatty-acid amide hydrolase 1|oleamide hydrolase 1|faah1|-
CHEMBL3230,278,278,0135,Receptor.G protein-coupled receptor,Receptor,G protein-coupled receptor,0135>0694>0688,-,s1pr4|endothelial differentiation g-protein coupled receptor 6|s1p receptor 4|s1p receptor edg-6|s1p4|sphingosine 1-phosphate receptor 4|sphingosine 1-phosphate receptor edg-6|edg6|-
CHEMBL3231,1503,1503,0289,Enzyme.Transferase,Enzyme,Transferase,0289>0454>0677>0698>0690-2>0690,-,"rock1|rock-i|renal carcinoma antigen ny-ren-35|rho-associated protein kinase 1|rho-associated, coiled-coil-containing protein kinase 1|rho-associated, coiled-coil-containing protein kinase i|p160 rock-1|p160rock|-"
CHEMBL3232699,-,-,-,Other Protein Target.Other Protein Target,Other Protein Target,Other Protein Target,0864-1>0864,-,arg1|arginase-1|liver-type arginase|type i arginase|-
CHEMBL3234,2032,2032,0619,Enzyme.Transferase,Enzyme,Transferase,0619>0936>0686>0699>0862>0688,-,hck|hematopoietic cell kinase|hemopoietic cell kinase|tyrosine-protein kinase hck|p59-hck/p60-hck|p59hck|p61hck|-
CHEMBL3237,-,-,-,Other Protein Target.Other Protein Target,Other Protein Target,Other Protein Target,0864-1>0864,-,"cyp11b2|aldos|aldosterone synthase|aldosterone-synthesizing enzyme|cypxib2|corticosterone 18-monooxygenase, cyp11b2|cytochrome p-450aldo|cytochrome p-450c18|cytochrome p450 11b2, mitochondrial|cytochrome p450|cytochrome p450-aldo-1|p450|steroid 11-beta-hydroxylase, cyp11b2|steroid 18-hydroxylase|cyp11b-2|-"
CHEMBL3239,-,-,-,Other Protein Target.Other Protein Target,Other Protein Target,Other Protein Target,0864-1>0864,-,"pygl|-|glycogen phosphorylase, liver form|lgp"
CHEMBL324,8,8,0001,Receptor.G protein-coupled receptor,Receptor,G protein-coupled receptor,0001>0694>0688,-,htr2c|-|5-hydroxytryptamine receptor 2c|5-ht-1c|5-ht-2c|5-ht1c|5-ht2c|5-htr2c|5-hydroxytryptamine receptor 1c|5ht1c|htr1c|serotonin receptor 2c
CHEMBL3242,2747,2747,0842,Enzyme.Lyase,Enzyme,Lyase,0842>0690-6>0690,-,ca12|ca-xii|carbonate dehydratase xii|carbonic anhydrase 12|carbonic anhydrase xii|tumor antigen hom-rcc-3.1.3|-
CHEMBL3247,639,639,0104,Enzyme.Oxidoreductase,Enzyme,Oxidoreductase,0104>0690-2>0690,-,hmgcr|3-hydroxy-3-methylglutaryl-coenzyme a reductase|hmg-coa reductase|-
CHEMBL325,2658,2658,0848,Enzyme.Hydrolase,Enzyme,Hydrolase,0848>0865>0690,-,hdac1|hd1|histone deacetylase 1|protein deacetylase hdac1|protein deacylase hdac1|rpd3l1|-
CHEMBL3252,28,28,0004,Receptor.G protein-coupled receptor,Receptor,G protein-coupled receptor,0004>0694>0688,-,adrb1|-|beta-1 adrenergic receptor|adrb1r|beta-1 adrenoceptor|beta-1 adrenoreceptor
CHEMBL3254,-,-,-,Other Protein Target.Other Protein Target,Other Protein Target,Other Protein Target,0864-1>0864,-,maoa|amine oxidase a|mao-a|monoamine oxidase type a|-
CHEMBL3257,3186,3186,1068,Enzyme.Oxidoreductase,Enzyme,Oxidoreductase,1068>0690-1>0690,-,aox1|aldehyde oxidase|aldehyde oxidase 1|azaheterocycle hydroxylase|ao|-
CHEMBL3259465,-,-,-,Other Protein Target.Other Protein Target,Other Protein Target,Other Protein Target,0864-1>0864,-,epn1|eh domain-binding mitotic phosphoprotein|eps-15-interacting protein 1|epsin-1|-
CHEMBL3259470,81,81,0016,Receptor.G protein-coupled receptor,Receptor,G protein-coupled receptor,0016>0115>0694>0688,-,gpr183|ebi2|ebv-induced g-protein coupled receptor 2|epstein-barr virus-induced g-protein coupled receptor 2|g-protein coupled receptor 183|hebi2|-
CHEMBL3259471,81,81,0016,Receptor.G protein-coupled receptor,Receptor,G protein-coupled receptor,0016>0115>0694>0688,-,gpr183|ebi2|ebv-induced g-protein coupled receptor 2 homolog|epstein-barr virus-induced g-protein coupled receptor 2 homolog|g-protein coupled receptor 183|-
CHEMBL3259474,-,-,-,Other Protein Target.Other Protein Target,Other Protein Target,Other Protein Target,0864-1>0864,-,nampt|namprtase|nicotinamide phosphoribosyltransferase|pbef|pre-b-cell colony-enhancing factor 1 homolog|visfatin|pbef1|-
CHEMBL3259478,-,-,-,Other Protein Target.Other Protein Target,Other Protein Target,Other Protein Target,0864-1>0864,-,btk|atk|agammaglobulinemia tyrosine kinase|b-cell progenitor kinase|bpk|bruton tyrosine kinase|kinase emb|tyrosine-protein kinase btk|-
CHEMBL326,24,24,0004,Receptor.G protein-coupled receptor,Receptor,G protein-coupled receptor,0004>0694>0688,-,adra1d|alpha-1a adrenergic receptor|alpha-1d adrenergic receptor|alpha-1d adrenoceptor|alpha-1d adrenoreceptor|ra42|adra1a|-
CHEMBL3263,264,264,0033,Receptor.G protein-coupled receptor,Receptor,G protein-coupled receptor,0033>0694>0688,-,hrh3|-|histamine h3 receptor|h3r|hh3r
CHEMBL3266,591,591,0085,Receptor.Nuclear Hormone Receptor,Receptor,Nuclear Hormone Receptor,0085>0695>0688,-,rarb|nuclear receptor subfamily 1 group b member 2|rar-beta|retinoic acid receptor beta|nr1b2|-
CHEMBL3267,2156,2156,0781,Enzyme.Transferase,Enzyme,Transferase,0781>0244>0690,-,"pik3cg|pi3-kinase subunit gamma|pi3k-gamma|pi3kgamma|phosphatidylinositol 4,5-bisphosphate 3-kinase 110 kda catalytic subunit gamma|phosphatidylinositol 4,5-bisphosphate 3-kinase catalytic subunit gamma isoform|phosphoinositide-3-kinase catalytic gamma polypeptide|ptdins-3-kinase subunit gamma|ptdins-3-kinase subunit p110-gamma|serine/threonine protein kinase pik3cg|p110gamma|p120-pi3k|-"
CHEMBL3268,2149,2149,0638,Enzyme.Transferase,Enzyme,Transferase,0638>0682>0698>0690-2>0690,-,pi4kb|npik|pi4k-beta|pi4k92|pi4kiii|pi4kbeta|phosphatidylinositol 4-kinase beta|ptdins 4-kinase beta|pik4cb|-
CHEMBL3272,2352,2352,0728,Enzyme.Hydrolase,Enzyme,Hydrolase,0728>0709>0759>0690-4>0690,-,ctsv|cathepsin l2|cathepsin u|cathepsin v|catl2|ctsl2|ctsu|-
CHEMBL3278,246,246,0028,Receptor.G protein-coupled receptor,Receptor,G protein-coupled receptor,0028>0694>0688,-,ghsr|-|growth hormone secretagogue receptor type 1|gh-releasing peptide receptor|ghrp|ghs-r|ghrelin receptor
CHEMBL3286,2393,2393,0751,Enzyme.Hydrolase,Enzyme,Hydrolase,0751>0721>0759>0690-4>0690,-,plau|u-plasminogen activator|urokinase-type plasminogen activator|upa|-
CHEMBL3286061,2522,2522,0777,Enzyme.Lyase,Enzyme,Lyase,0777>0776>0690,-,sgpl1|s1pl|sp-lyase 1|spl 1|sphingosine-1-phosphate aldolase|sphingosine-1-phosphate lyase 1|hspl|kiaa1252|-
CHEMBL3286067,-,-,-,Other Protein Target.Other Protein Target,Other Protein Target,Other Protein Target,0864-1>0864,-,polr1a|a190|dna-directed rna polymerase i largest subunit|dna-directed rna polymerase i subunit a|dna-directed rna polymerase i subunit rpa1|rna polymerase i 194 kda subunit|rna polymerase i subunit a1|rpa194|-
CHEMBL3286068,2472,2472,0766,Enzyme.Multifunctional,Enzyme,Multifunctional,0766>0690-1>0690,-,comt|catechol o-methyltransferase|comt1|-
CHEMBL3288,-,-,-,Other Protein Target.Other Protein Target,Other Protein Target,Other Protein Target,0864-1>0864,-,ryr1|-|ryanodine receptor 1|ryr-1|skeletal muscle calcium release channel|skeletal muscle ryanodine receptor|skeletal muscle-type ryanodine receptor|type 1 ryanodine receptor
CHEMBL329,34,34,0006,Receptor.G protein-coupled receptor,Receptor,G protein-coupled receptor,0006>0694>0688,-,agtr1|at1 receptor a|angiotensin ii type-1 receptor a|type-1 angiotensin ii receptor a|agtr1a|at1a|-
CHEMBL3290,1831,1831,0327,Receptor.Catalytic Receptor,Receptor,Catalytic Receptor,0327>0304>0686>0699>0862>0688,-,ephb2|developmentally-regulated eph-related tyrosine kinase|ek5|elk-related tyrosine kinase|eph tyrosine kinase 3|eph-like kinase 5|ephrin type-b receptor 2|renal carcinoma antigen ny-ren-47|tyrosine-protein kinase tyro5|tyrosine-protein kinase receptor eph-3|hek5|drt|epht3|epth3|erk|tyro5|-
CHEMBL3295,2390,2390,0726,Enzyme.Hydrolase,Enzyme,Hydrolase,0726>0707>0759>0690-4>0690,-,pga5|pepsin a-5|pepsinogen-5|pepsin a|-
CHEMBL3298,-,-,-,Other Protein Target.Other Protein Target,Other Protein Target,Other Protein Target,0864-1>0864,-,eno1|2-phospho-d-glycerate hydro-lyase|alpha-enolase|c-myc promoter-binding protein|enolase 1|mbp-1|mpb-1|nne|non-neural enolase|phosphopyruvate hydratase|plasminogen-binding protein|eno1l1|mbpb1|mpb1|-
CHEMBL330,455,455,0075,Ion Channel.Ligand-gated ion channel,Ion Channel,Ligand-gated ion channel,0075>0697>0689,-,"grin1|glun1|glutamate receptor subunit zeta-1|glutamate receptor ionotropic, nmda 1|n-methyl-d-aspartate receptor subunit nr1|nmd-r1|nmdar1|-"
CHEMBL3300,-,-,-,Other Protein Target.Other Protein Target,Other Protein Target,Other Protein Target,0864-1>0864,-,entpd2|cd39 antigen-like 1|ecto-atp diphosphohydrolase 2|ecto-atpdase 2|ecto-atpase 2|ectonucleoside triphosphate diphosphohydrolase 2|ntpdase 2|cd39l1|-
CHEMBL3308,1622,1622,0734,Enzyme.Hydrolase,Enzyme,Hydrolase,0734>0710>0759>0690-4>0690,-,casp6|apoptotic protease mch-2|casp-6|csp-6|caspase-6|mch2|-
CHEMBL3308911,-,-,-,Other Protein Target.Other Protein Target,Other Protein Target,Other Protein Target,0864-1>0864,-,cd69|-|early activation antigen cd69|aim|activation inducer molecule|bl-ac/p26|c-type lectin domain family 2 member c|clec2c|ea1|early t-cell activation antigen p60|gp32/28|leukocyte surface antigen leu-23|mlr-3
CHEMBL3308912,-,-,-,Other Protein Target.Other Protein Target,Other Protein Target,Other Protein Target,0864-1>0864,-,gp6|gpvi|glycoprotein 6|platelet glycoprotein vi|-
CHEMBL3308929,-,-,-,Other Protein Target.Other Protein Target,Other Protein Target,Other Protein Target,0864-1>0864,-,mre11|double-strand break repair protein mre11|mre11 homolog 1|mre11 homolog a|meiotic recombination 11 homolog 1|meiotic recombination 11 homolog a|hngs1|mre11a|-
CHEMBL3308948,-,-,-,Other Protein Target.Other Protein Target,Other Protein Target,Other Protein Target,0864-1>0864,-,klrb1a|antigen 3.2.3|cd161 antigen-like family member a|killer cell lectin-like receptor subfamily b member 1a|nkr-p1 3.2.3|nkr-p1a|natural killer cell surface protein p1-3.2.3|nkrp1a|-
CHEMBL3308969,-,-,-,Other Protein Target.Other Protein Target,Other Protein Target,Other Protein Target,0864-1>0864,-,"irp5|salicyl-amp ligase ybte|ybte protein|yersiniabactin 2,3-dihydoxybenzoate-amp ligase|yersiniabactin siderophore biosynthetic protein|-|ybte|amp-binding enzyme family protein"
CHEMBL3309098,-,-,-,Other Protein Target.Other Protein Target,Other Protein Target,Other Protein Target,0864-1>0864,-,nrp1|-|neuropilin-1|vascular endothelial cell growth factor 165 receptor
CHEMBL331,1976,1976,0488,Enzyme.Transferase,Enzyme,Transferase,0488>0453>0681>0698>0690-2>0690,-,cdk4|cell division protein kinase 4|cyclin-dependent kinase 4|psk-j3|-
CHEMBL3310,2615,2615,0848,Enzyme.Hydrolase,Enzyme,Hydrolase,0848>0865>0690,-,hdac11|hd11|histone deacetylase 11|-
CHEMBL3312,584,584,0082,Ion Channel.Voltage-gated ion channel,Ion Channel,Voltage-gated ion channel,0082>0696>0689,-,scn9a|-|sodium channel protein type 9 subunit alpha|pn1|peripheral sodium channel 1|sodium channel protein type ix subunit alpha|voltage-gated sodium channel subunit alpha nav1.7
CHEMBL3313,-,-,-,Other Protein Target.Other Protein Target,Other Protein Target,Other Protein Target,0864-1>0864,-,-|torvacht|vacht|vesicular acetylcholine transporter
CHEMBL3313836,-,-,-,Other Protein Target.Other Protein Target,Other Protein Target,Other Protein Target,0864-1>0864,-,pare|-|toxin pare|gyrase inhibitor pare
CHEMBL3314,-,-,-,Other Protein Target.Other Protein Target,Other Protein Target,Other Protein Target,0864-1>0864,-,-|chymotrypsinogen a
CHEMBL3317,-,-,-,Other Protein Target.Other Protein Target,Other Protein Target,Other Protein Target,0864-1>0864,-,-|lipoxygenase|5-lipoxygenase
CHEMBL3317334,-,-,-,Other Protein Target.Other Protein Target,Other Protein Target,Other Protein Target,0864-1>0864,-,psmb10|low molecular mass protein 10|macropain subunit mecl-1|multicatalytic endopeptidase complex subunit mecl-1|proteasome mecl-1|proteasome subunit beta type-10|proteasome subunit beta-2i|lmp10|mecl1|-
CHEMBL3318,-,-,-,Other Protein Target.Other Protein Target,Other Protein Target,Other Protein Target,0864-1>0864,-,ppo2|cresolase 2|phenolase 2|polyphenol oxidase 2|tyrosinase 2|tyrosinase|-
CHEMBL332,1628,1628,0738,Enzyme.Hydrolase,Enzyme,Hydrolase,0738>0713>0759>0690-4>0690,-,mmp1|fibroblast collagenase|interstitial collagenase|mmp-1|matrix metalloproteinase-1|clg|-
CHEMBL3321,1399,1399,0944,Enzyme.Hydrolase,Enzyme,Hydrolase,0944>0943>0690,-,mgll|magl|mgl|monoacylglycerol lipase|monoglyceride lipase|mgl2|-
CHEMBL3326,-,-,-,Other Protein Target.Other Protein Target,Other Protein Target,Other Protein Target,0864-1>0864,-,-|metallo-beta-lactamase l1 type 3|b3 metallo-beta-lactamase|beta-lactamase type iii|metallo-beta-lactamase l1 type iii|penicillinase|beta-lactamase l1
CHEMBL3329078,-,-,-,Other Protein Target.Other Protein Target,Other Protein Target,Other Protein Target,0864-1>0864,-,guab|imp dehydrogenase|impd|impdh|inosine-5'-monophosphate dehydrogenase|-
CHEMBL3329080,-,-,-,Other Protein Target.Other Protein Target,Other Protein Target,Other Protein Target,0864-1>0864,-,"cyp27b1|-|25-hydroxyvitamin d-1 alpha hydroxylase, mitochondrial|25-ohd-1 alpha-hydroxylase|25-hydroxyvitamin d 1-alpha-hydroxylase|calcidiol 1-monooxygenase|cyp27b|cyp40|cytochrome p450 subfamily xxviib polypeptide 1|cytochrome p450c1 alpha|cytochrome p450vd1-alpha|cytochrome p450 27b1|vd3 1a hydroxylase"
CHEMBL333,1629,1629,0738,Enzyme.Hydrolase,Enzyme,Hydrolase,0738>0713>0759>0690-4>0690,-,mmp2|72 kda gelatinase|72 kda type iv collagenase|gelatinase a|mmp-2|matrix metalloproteinase-2|tbe-1|clg4a|-
CHEMBL3332,-,-,-,Other Protein Target.Other Protein Target,Other Protein Target,Other Protein Target,0864-1>0864,-,adam17|adam 17|disintegrin and metalloproteinase domain-containing protein 17|tnf-alpha convertase|tnf-alpha-converting enzyme|tace|-
CHEMBL3333,-,-,-,Other Protein Target.Other Protein Target,Other Protein Target,Other Protein Target,0864-1>0864,-,"pde4a|-|3',5'-cyclic-amp phosphodiesterase|phosphodiesterase 4a"
CHEMBL3334418,-,-,-,Other Protein Target.Other Protein Target,Other Protein Target,Other Protein Target,0864-1>0864,-,pgam1|bpg-dependent pgam 1|pgam-b|phosphoglycerate mutase 1|phosphoglycerate mutase isozyme b|pgama|-
CHEMBL3337,1813,1813,0324,Receptor.Catalytic Receptor,Receptor,Catalytic Receptor,0324>0304>0686>0699>0862>0688,-,kdr|flk-1|fetal liver kinase 1|kinase nyk|protein-tyrosine kinase receptor flk-1|vegfr-2|vascular endothelial growth factor receptor 2|flk1|-
CHEMBL3338,645,645,0104,Enzyme.Transferase,Enzyme,Transferase,0104>0690-2>0690,-,fdft1|fpp:fpp farnesyltransferase|farnesyl-diphosphate farnesyltransferase|farnesyl-diphosphate farnesyltransferase 1|sqs|ss|squalene synthase|-
CHEMBL3341581,-,-,-,Other Protein Target.Other Protein Target,Other Protein Target,Other Protein Target,0864-1>0864,-,ptges|-|prostaglandin e synthase|glutathione peroxidase ptges|glutathione transferase ptges|mpges-1|microsomal prostaglandin e synthase 1|pges
CHEMBL3344,2533,2533,0783,Other Protein Target.Other Protein Target,Other Protein Target,Other Protein Target,0783>0864,-,"fabp3|fatty acid-binding protein 3|fatty acid-binding protein, heart|h-fabp|heart-type fatty acid-binding protein|m-fabp|mdgi|mammary-derived growth inhibitor|muscle fatty acid-binding protein|fabp11|-"
CHEMBL3346,-,-,-,Other Protein Target.Other Protein Target,Other Protein Target,Other Protein Target,0864-1>0864,-,gag-pro|-|gag-pro polyprotein|pr76gag-pro|prt
CHEMBL3349,-,-,-,Other Protein Target.Other Protein Target,Other Protein Target,Other Protein Target,0864-1>0864,-,ctsk|-|cathepsin k|protein oc-2
CHEMBL335,2976,2976,0980,Enzyme.Hydrolase,Enzyme,Hydrolase,0980>1076>0947>0690,-,ptpn1|ptp-1b|protein-tyrosine phosphatase 1b|tyrosine-protein phosphatase non-receptor type 1|ptp1b|-
CHEMBL3351,1263,1263,0255,Enzyme.Ligase,Enzyme,Ligase,0255>0240>0690,-,acaca|acc-alpha|acc1|acetyl-coa carboxylase 1|acetyl-coenzyme a carboxylase alpha|acac|acca|-
CHEMBL3351190,-,-,-,Other Protein Target.Other Protein Target,Other Protein Target,Other Protein Target,0864-1>0864,-,hgfac|hgf activator|hgfa|hgfa serine protease|hepatocyte growth factor activator serine protease|serine protease hgfac|hepatocyte growth factor activator|-
CHEMBL3351204,-,-,-,Other Protein Target.Other Protein Target,Other Protein Target,Other Protein Target,0864-1>0864,-,derp1|allergen der p i|major mite fecal allergen der p 1|peptidase 1|-
CHEMBL3354,-,-,-,Other Protein Target.Other Protein Target,Other Protein Target,Other Protein Target,0864-1>0864,-,gsp|-|glutathionylspermidine synthase
CHEMBL3356,1319,1319,0261,Enzyme.Multifunctional,Enzyme,Multifunctional,0261>0242>0690-1>0690,-,cyp1a2|cypia2|cholesterol 25-hydroxylase|cytochrome p450|cytochrome p450 1a2|cytochrome p450 4|cytochrome p450-p3|hydroperoxy icosatetraenoate dehydratase|-
CHEMBL3357,2042,2042,0579,Enzyme.Transferase,Enzyme,Transferase,0579>0687>0699>0862>0688,-,irak1|irak-1|interleukin-1 receptor-associated kinase 1|irak|-
CHEMBL3358,-,-,-,Other Protein Target.Other Protein Target,Other Protein Target,Other Protein Target,0864-1>0864,-,maoa|amine oxidase a|mao-a|monoamine oxidase type a|-
CHEMBL3359,222,222,0023,Receptor.G protein-coupled receptor,Receptor,G protein-coupled receptor,0023>0694>0688,-,fpr1|fpr|n-formyl peptide receptor|n-formylpeptide chemoattractant receptor|fmlp receptor|fmet-leu-phe receptor|-
CHEMBL3360,21,21,0003,Receptor.G protein-coupled receptor,Receptor,G protein-coupled receptor,0003>0694>0688,-,adora3|adenosine receptor a3|tgpcr1|-
CHEMBL3361,217,217,0020,Receptor.G protein-coupled receptor,Receptor,G protein-coupled receptor,0020>0694>0688,-,drd4|d dopamine receptor|dopamine d4 receptor|-
CHEMBL3368,-,-,-,Other Protein Target.Other Protein Target,Other Protein Target,Other Protein Target,0864-1>0864,-,nr3c1|gr|glucocorticoid receptor|nuclear receptor subfamily 3 group c member 1|grl|-
CHEMBL3369,1611,1611,0740,Enzyme.Hydrolase,Enzyme,Hydrolase,0740>0713>0759>0690-4>0690,-,mme|-|neprilysin|atriopeptidase|enkephalinase|nep|neutral endopeptidase|neutral endopeptidase 24.11|sfe|skin fibroblast elastase
CHEMBL3371,11,11,0001,Receptor.G protein-coupled receptor,Receptor,G protein-coupled receptor,0001>0694>0688,-,htr6|5-ht-6|5-ht6|5-hydroxytryptamine receptor 6|serotonin receptor 6|-
CHEMBL3372,11,11,0001,Receptor.G protein-coupled receptor,Receptor,G protein-coupled receptor,0001>0694>0688,-,htr6|-|5-hydroxytryptamine receptor 6|5-ht-6|5-ht6|st-b17|serotonin receptor 6
CHEMBL3374,-,-,-,Other Protein Target.Other Protein Target,Other Protein Target,Other Protein Target,0864-1>0864,-,agtr1|-|type-1 angiotensin ii receptor|at1 receptor|angiotensin ii type-1 receptor
CHEMBL338,927,927,0176,Transporter.ATP-binding cassette transporter,Transporter,ATP-binding cassette transporter,0176>0144>0863>0691,-,slc6a3|-|sodium-dependent dopamine transporter|da transporter|dat|solute carrier family 6 member 3
CHEMBL3383,-,-,-,Other Protein Target.Other Protein Target,Other Protein Target,Other Protein Target,0864-1>0864,-,-|liver carboxylesterase|proline-beta-naphthylamidase|reh|retinyl ester hydrolase
CHEMBL3384,1520,1520,0601,Enzyme.Transferase,Enzyme,Transferase,0601>0677>0698>0690-2>0690,-,pkn1|pak-1|protease-activated kinase 1|protein kinase c-like 1|protein kinase c-like pkn|protein kinase pkn-alpha|protein-kinase c-related kinase 1|serine-threonine protein kinase n|serine/threonine-protein kinase n1|pak1|pkn|prk1|prkcl1|-
CHEMBL3385,1494,1494,0514,Enzyme.Transferase,Enzyme,Transferase,0514>0288>0681>0698>0690-2>0690,-,mapk3|erk-1|ert2|extracellular signal-regulated kinase 1|insulin-stimulated map2 kinase|map kinase 3|map kinase isoform p44|mapk 3|microtubule-associated protein 2 kinase|mitogen-activated protein kinase 3|p44-erk1|p44-mapk|erk1|prkm3|-
CHEMBL339,215,215,0020,Receptor.G protein-coupled receptor,Receptor,G protein-coupled receptor,0020>0694>0688,-,drd2|-|d dopamine receptor|dopamine d2 receptor
CHEMBL3390,1476,1476,0284,Enzyme.Transferase,Enzyme,Transferase,0284>0677>0698>0690-2>0690,-,prkaca|pka c-alpha|camp-dependent protein kinase catalytic subunit alpha|-
CHEMBL3392,-,-,-,Other Protein Target.Other Protein Target,Other Protein Target,Other Protein Target,0864-1>0864,-,npr|thermolysin|thermostable neutral proteinase|-
CHEMBL3396,-,-,-,Other Protein Target.Other Protein Target,Other Protein Target,Other Protein Target,0864-1>0864,-,"top2b|dna topoisomerase 2-beta|dna topoisomerase ii, beta isozyme|-"
CHEMBL3396943,-,-,-,Other Protein Target.Other Protein Target,Other Protein Target,Other Protein Target,0864-1>0864,-,mpg|3-alkyladenine dna glycosylase|3-methyladenine dna glycosidase|adpg|dna-3-methyladenine glycosylase|n-methylpurine-dna glycosylase|aag|anpg|mid1|-
CHEMBL3399,579,579,0082,Ion Channel.Voltage-gated ion channel,Ion Channel,Voltage-gated ion channel,0082>0696>0689,-,scn2a|-|sodium channel protein type 2 subunit alpha|scn2a1|sodium channel protein brain ii subunit alpha|sodium channel protein type ii subunit alpha|voltage-gated sodium channel subunit alpha nav1.2
CHEMBL3399911,1443,1443,0279,Enzyme.Multifunctional,Enzyme,Multifunctional,0279>0690-6>0690,-,cbs|beta-thionase|cystathionine beta-synthase|serine sulfhydrase|-
CHEMBL3403,-,-,-,Other Protein Target.Other Protein Target,Other Protein Target,Other Protein Target,0864-1>0864,-,bche|carboxylic ester hydrolase|butyrylcholinesterase|-
CHEMBL3407325,-,-,-,Other Protein Target.Other Protein Target,Other Protein Target,Other Protein Target,0864-1>0864,-,mstn|gdf-8|growth/differentiation factor 8|myostatin|gdf8|-
CHEMBL3407326,-,-,-,Other Protein Target.Other Protein Target,Other Protein Target,Other Protein Target,0864-1>0864,-,pank1|pantothenate kinase 1|pantothenic acid kinase 1|hpank|hpank1|pank|-
CHEMBL3407328,-,-,-,Other Protein Target.Other Protein Target,Other Protein Target,Other Protein Target,0864-1>0864,-,pank3|pantothenate kinase 3|pantothenic acid kinase 3|hpank3|-
CHEMBL341,-,-,-,Other Protein Target.Other Protein Target,Other Protein Target,Other Protein Target,0864-1>0864,-,gabra2|-|gamma-aminobutyric acid receptor subunit alpha-2|gaba receptor subunit alpha-2|gabaar subunit alpha-2|gabra-2
CHEMBL3414409,-,-,-,Other Protein Target.Other Protein Target,Other Protein Target,Other Protein Target,0864-1>0864,-,mpeg1|macrophage gene 1 protein|macrophage-expressed gene 1 protein|mpg-1|p-2|perforin-2|-
CHEMBL3414411,584,584,0082,Ion Channel.Voltage-gated ion channel,Ion Channel,Voltage-gated ion channel,0082>0696>0689,-,scn9a|pn1|peripheral sodium channel 1|sodium channel protein type 9 subunit alpha|sodium channel protein type ix subunit alpha|voltage-gated sodium channel subunit alpha nav1.7|kiaa4197|-
CHEMBL3414416,-,-,-,Other Protein Target.Other Protein Target,Other Protein Target,Other Protein Target,0864-1>0864,-,tssk3|serine/threonine-protein kinase 22c|tsk-3|tssk-3|testis-specific kinase 3|testis-specific serine/threonine-protein kinase 3|spoga3|stk22c|-
CHEMBL3419,1594,1594,0743,Enzyme.Hydrolase,Enzyme,Hydrolase,0743>0714>0759>0690-4>0690,-,cpb2|cpu|carboxypeptidase b2|carboxypeptidase u|plasma carboxypeptidase b|tafi|thrombin-activable fibrinolysis inhibitor|pcpb|-
CHEMBL3422,-,-,-,Other Protein Target.Other Protein Target,Other Protein Target,Other Protein Target,0864-1>0864,-,srd5a1|3-oxo-5-alpha-steroid 4-dehydrogenase 1|s5ar 1|sr type 1|steroid 5-alpha-reductase 1|-
CHEMBL3426,10,10,0001,Receptor.G protein-coupled receptor,Receptor,G protein-coupled receptor,0001>0694>0688,-,htr5a|5-ht-5|5-ht-5a|5-ht5a|5-hydroxytryptamine receptor 5a|serotonin receptor 5a|-
CHEMBL3429,622,622,0097,Receptor.Nuclear Hormone Receptor,Receptor,Nuclear Hormone Receptor,0097>0695>0688,-,esrra|err-alpha|estrogen receptor-like 1|estrogen-related receptor alpha|nuclear receptor subfamily 3 group b member 1|steroid hormone receptor err1|err1|esrl1|nr3b1|-
CHEMBL3436,-,-,-,Other Protein Target.Other Protein Target,Other Protein Target,Other Protein Target,0864-1>0864,-,phes|-|phenylalanine--trna ligase alpha subunit|phers|phenylalanyl-trna synthetase alpha subunit
CHEMBL3437,2767,2767,0840,Enzyme.Oxidoreductase,Enzyme,Oxidoreductase,0840>0690-1>0690,-,aoc3|amine oxidase 3|amine oxidase copper-containing 3|copper amine oxidase|hpao|ssao|semicarbazide-sensitive amine oxidase|vap-1|vascular adhesion protein 1|vap1|-
CHEMBL3438,1491,1491,0535,Enzyme.Transferase,Enzyme,Transferase,0535>0286>0677>0698>0690-2>0690,-,prkcz|protein kinase c zeta type|npkc-zeta|pkc2|-
CHEMBL344,280,280,0037,Receptor.G protein-coupled receptor,Receptor,G protein-coupled receptor,0037>0694>0688,-,mchr1|g-protein coupled receptor 24|mch receptor 1|mch-1r|mch-r1|mch1r|mchr|mchr-1|melanin-concentrating hormone receptor 1|slc-1|somatostatin receptor-like protein|gpr24|slc1|-
CHEMBL3440,-,-,-,Other Protein Target.Other Protein Target,Other Protein Target,Other Protein Target,0864-1>0864,-,adrb1|beta-1 adrenergic receptor|beta-1 adrenoceptor|beta-1 adrenoreceptor|adrb1r|-
CHEMBL3442,-,-,-,Other Protein Target.Other Protein Target,Other Protein Target,Other Protein Target,0864-1>0864,-,"grin2b|glun2b|glutamate receptor subunit epsilon-2|glutamate receptor ionotropic, nmda 2b|n-methyl d-aspartate receptor subtype 2b|nmdar2b|nr2b|-"
CHEMBL3455,1400,1400,0799,Enzyme.Hydrolase,Enzyme,Hydrolase,0799>0690-4>0690,-,faah|anandamide amidohydrolase 1|fatty acid ester hydrolase|fatty-acid amide hydrolase 1|oleamide hydrolase 1|faah1|-
CHEMBL3457,-,-,-,Other Protein Target.Other Protein Target,Other Protein Target,Other Protein Target,0864-1>0864,-,kmo|-|kynurenine 3-monooxygenase|kynurenine 3-hydroxylase
CHEMBL3459,2,2,0001,Receptor.G protein-coupled receptor,Receptor,G protein-coupled receptor,0001>0694>0688,-,htr1b|-|5-hydroxytryptamine receptor 1b|5-ht-1b|5-ht1b|5ht1b|serotonin receptor 1b
CHEMBL3463,-,-,-,Other Protein Target.Other Protein Target,Other Protein Target,Other Protein Target,0864-1>0864,-,pol|-|integrase|human immunodeficiency virus type 2 integrase
CHEMBL3464,-,-,-,Other Protein Target.Other Protein Target,Other Protein Target,Other Protein Target,0864-1>0864,-,"nos2|inducible no synthase|inducible nos|mac-nos|macrophage nos|nos type ii|nitric oxide synthase, inducible|peptidyl-cysteine s-nitrosylase nos2|inos|inosl|-"
CHEMBL3468,1623,1623,0734,Enzyme.Hydrolase,Enzyme,Hydrolase,0734>0710>0759>0690-4>0690,-,casp7|apoptotic protease mch-3|casp-7|cmh-1|caspase-7|ice-lap3|ice-like apoptotic protease 3|mch3|-
CHEMBL3471,-,-,-,Other Protein Target.Other Protein Target,Other Protein Target,Other Protein Target,0864-1>0864,-,pol|-|gag-pol polyprotein|pr160gag-pol|human immunodeficiency virus type 1 integrase
CHEMBL3473,60,60,0014,Receptor.G protein-coupled receptor,Receptor,G protein-coupled receptor,0014>0694>0688,-,ccr3|c c ckr3|c-c ckr-3|c-c chemokine receptor type 3|cc-ckr-3|ccr-3|ckr 3|ckr3|eosinophil eotaxin receptor|cmkbr3|-
CHEMBL3474,1417,1417,0799,Enzyme.Hydrolase,Enzyme,Hydrolase,0799>0690-4>0690,-,"pla2g2a|giic spla2|group iia phospholipase a2|nps-pla2|non-pancreatic secretory phospholipase a2|phosphatidylcholine 2-acylhydrolase 2a|phospholipase a2, membrane associated|pla2b|pla2l|rasf-a|-"
CHEMBL3475,-,-,-,Other Protein Target.Other Protein Target,Other Protein Target,Other Protein Target,0864-1>0864,-,serpine1|endothelial plasminogen activator inhibitor|pai|pai-1|plasminogen activator inhibitor 1|serpin e1|pai1|planh1|-
CHEMBL3476,1989,1989,0578,Enzyme.Transferase,Enzyme,Transferase,0578>0683>0698>0690-2>0690,-,chuk|conserved helix-loop-helix ubiquitous kinase|i-kappa-b kinase 1|i-kappa-b kinase alpha|ikk-1|ikk-a|ikk-alpha|ikk1|ikbka|ikappab kinase|inhibitor of nuclear factor kappa-b kinase subunit alpha|nfkbika|nuclear factor nf-kappa-b inhibitor kinase alpha|tcf-16|transcription factor 16|ikka|tcf16|-
CHEMBL3477,-,-,-,Other Protein Target.Other Protein Target,Other Protein Target,Other Protein Target,0864-1>0864,-,"pde2a|cgs-pde|cyclic gmp-stimulated phosphodiesterase|cgmp-dependent 3',5'-cyclic phosphodiesterase|cgspde|-"
CHEMBL3478,-,-,-,Other Protein Target.Other Protein Target,Other Protein Target,Other Protein Target,0864-1>0864,-,"pde5a|-|cgmp-specific 3',5'-cyclic phosphodiesterase|cgb-pde|pde5|cgmp-binding cgmp-specific phosphodiesterase"
CHEMBL3482,-,-,-,Other Protein Target.Other Protein Target,Other Protein Target,Other Protein Target,0864-1>0864,-,glb1|acid beta-galactosidase|beta-galactosidase|lactase|-
CHEMBL3486,-,-,-,Other Protein Target.Other Protein Target,Other Protein Target,Other Protein Target,0864-1>0864,-,"dhod|-|dihydroorotate dehydrogenase , mitochondrial|dihydroorotate dehydrogenase"
CHEMBL3490,-,-,-,Other Protein Target.Other Protein Target,Other Protein Target,Other Protein Target,0864-1>0864,-,hsd11b2|11-dh2|11-beta-hsd2|11-beta-hydroxysteroid dehydrogenase type 2|corticosteroid 11-beta-dehydrogenase isozyme 2|nad-dependent 11-beta-hydroxysteroid dehydrogenase|hsd11k|-
CHEMBL3492,2405,2405,0752,Enzyme.Hydrolase,Enzyme,Hydrolase,0752>0722>0759>0690-4>0690,-,psmb2|macropain subunit c7-i|multicatalytic endopeptidase complex subunit c7-i|proteasome component c7-i|proteasome subunit beta type-2|proteasome subunit beta-4|beta-4|proteasome macropain subunit|-
CHEMBL3499,-,-,-,Other Protein Target.Other Protein Target,Other Protein Target,Other Protein Target,0864-1>0864,-,-|beta-lactamase|beta-lactamase class c
CHEMBL3501,-,-,-,Other Protein Target.Other Protein Target,Other Protein Target,Other Protein Target,0864-1>0864,-,cckar|-|cholecystokinin receptor type a|cck-a receptor|cck-ar|cck1-r|cholecystokinin-1 receptor
CHEMBL3503,445,445,0075,Ion Channel.Ligand-gated ion channel,Ion Channel,Ligand-gated ion channel,0075>0697>0689,-,"gria2|ampa-selective glutamate receptor 2|glur-2|glur-b|glur-k2|glutamate receptor 2|glutamate receptor ionotropic, ampa 2|glua2|glur2|-"
CHEMBL3504,-,-,-,Other Protein Target.Other Protein Target,Other Protein Target,Other Protein Target,0864-1>0864,-,"gria3|-|glutamate receptor 3|ampa-selective glutamate receptor 3|glua3|glur-3|glur-c|glur-k3|glur3|glutamate receptor ionotropic, ampa 3"
CHEMBL3505,-,-,-,Other Protein Target.Other Protein Target,Other Protein Target,Other Protein Target,0864-1>0864,-,"gria4|ampa-selective glutamate receptor 4|glua4|glur-4|glur-d|glur4|glutamate receptor 4|glutamate receptor ionotropic, ampa 4|-"
CHEMBL3507,626,626,0098,Receptor.Nuclear Hormone Receptor,Receptor,Nuclear Hormone Receptor,0098>0107>0695>0688,-,nr3c2|mr|mineralocorticoid receptor|nuclear receptor subfamily 3 group c member 2|mlr|-
CHEMBL3510,2598,2598,0842,Enzyme.Lyase,Enzyme,Lyase,0842>0690-6>0690,-,ca14|ca-xiv|carbonate dehydratase xiv|carbonic anhydrase 14|carbonic anhydrase xiv|-
CHEMBL3513,-,-,-,Other Protein Target.Other Protein Target,Other Protein Target,Other Protein Target,0864-1>0864,-,gaa|-|lysosomal alpha-glucosidase|acid maltase|acidic alpha-glucosidase
CHEMBL3514,1432,1432,0799,Enzyme.Hydrolase,Enzyme,Hydrolase,0799>0690-4>0690,-,pla2g7|1-alkyl-2-acetylglycerophosphocholine esterase|2-acetyl-1-alkylglycerophosphocholine esterase|group-viia phospholipase a2|ldl-pla|ldl-associated phospholipase a2|paf 2-acylhydrolase|paf acetylhydrolase|platelet-activating factor acetylhydrolase|gviia-pla2|pafah|-
CHEMBL3521,1855,1855,0333,Receptor.Catalytic Receptor,Receptor,Catalytic Receptor,0333>0862>0688,-,ptprf|lar|leukocyte common antigen related|receptor-type tyrosine-protein phosphatase f|-
CHEMBL3522,1361,1361,0266,Enzyme.Oxidoreductase,Enzyme,Oxidoreductase,0266>0242>0690-1>0690,-,"cyp17a1|17-alpha-hydroxyprogesterone aldolase|cypxvii|cytochrome p450 17a1|cytochrome p450-c17|cytochrome p450c17|steroid 17-alpha-hydroxylase/17,20 lyase|steroid 17-alpha-monooxygenase|cyp17|s17ah|-"
CHEMBL3524,2659,2659,0848,Enzyme.Hydrolase,Enzyme,Hydrolase,0848>0865>0690,-,hdac4|hd4|histone deacetylase 4|kiaa0288|-
CHEMBL3529,2040,2040,0578,Enzyme.Transferase,Enzyme,Transferase,0578>0683>0698>0690-2>0690,-,ikbke|i-kappa-b kinase epsilon|ikk-e|ikk-epsilon|ikk-i|inducible i kappa-b kinase|inhibitor of nuclear factor kappa-b kinase subunit epsilon|ikke|ikki|kiaa0151|-
CHEMBL3530,2068,2068,0623,Enzyme.Transferase,Enzyme,Transferase,0623>0685>0698>0690-2>0690,-,map2k7|dual specificity mitogen-activated protein kinase kinase 7|jnk kinase 2|jnk-activating kinase 2|jnkk 2|map kinase kinase 7|mapk/erk kinase 7|mapkk 7|mek 7|sapk kinase 4|sapkk-4|sapkk4|stress-activated protein kinase kinase 4|c-jun n-terminal kinase kinase 2|jnkk2|mek7|mkk7|prkmk7|skk4|-
CHEMBL3535,1309,1309,0260,Enzyme.Hydrolase,Enzyme,Hydrolase,0260>0241>0690-4>0690,-,"pde9a|high affinity cgmp-specific 3',5'-cyclic phosphodiesterase 9a|-"
CHEMBL3542,2291,2291,0700,Enzyme.Transferase,Enzyme,Transferase,0700>0452>0679>0698>0690-2>0690,-,nim1k|nim1 serine/threonine-protein kinase|serine/threonine-protein kinase nim1|nim1|-
CHEMBL3543,326,326,0052,Receptor.G protein-coupled receptor,Receptor,G protein-coupled receptor,0052>0694>0688,-,p2ry6|-|p2y purinoceptor 6|p2y6
CHEMBL3545,-,-,-,Other Protein Target.Other Protein Target,Other Protein Target,Other Protein Target,0864-1>0864,-,fuca1|-|tissue alpha-l-fucosidase|alpha-l-fucosidase 1|alpha-l-fucosidase i|alpha-l-fucoside fucohydrolase 1
CHEMBL3553,2269,2269,0581,Enzyme.Transferase,Enzyme,Transferase,0581>0936>0686>0699>0862>0688,-,tyk2|non-receptor tyrosine-protein kinase tyk2|-
CHEMBL3558,-,-,-,Other Protein Target.Other Protein Target,Other Protein Target,Other Protein Target,0864-1>0864,-,-|gamma-hydroxybutyrate receptor
CHEMBL3559,-,-,-,Other Protein Target.Other Protein Target,Other Protein Target,Other Protein Target,0864-1>0864,-,sts|asc|arylsulfatase c|estrone sulfatase|steroid sulfatase|steryl-sulfatase|steryl-sulfate sulfohydrolase|arsc1|-
CHEMBL3559673,-,-,-,Other Protein Target.Other Protein Target,Other Protein Target,Other Protein Target,0864-1>0864,-,pqsd|3-oxoacyl-acp synthase|pqb biosynthetic 3-oxoacyl- synthase iii|-|2-heptyl-4-quinolone synthase pqsd
CHEMBL3559692,1965,1965,0490,Enzyme.Transferase,Enzyme,Transferase,0490>0453>0681>0698>0690-2>0690,-,"cdk12|cdc2-related protein kinase 7|cdc2-related kinase, arginine/serine-rich|cell division cycle 2-related protein kinase 7|cell division protein kinase 12|crkrs|cyclin-dependent kinase 12|hcdk12|crk7|kiaa0904|-"
CHEMBL3561,-,-,-,Other Protein Target.Other Protein Target,Other Protein Target,Other Protein Target,0864-1>0864,-,gabrr1|gaba receptor subunit rho-1|gaba receptor|gabaar subunit rho-1|gamma-aminobutyric acid receptor subunit rho-1|-
CHEMBL3563,-,-,-,Other Protein Target.Other Protein Target,Other Protein Target,Other Protein Target,0864-1>0864,-,-|cruzipain|cruzaine|major cysteine proteinase
CHEMBL3564,-,-,-,Other Protein Target.Other Protein Target,Other Protein Target,Other Protein Target,0864-1>0864,-,"pola|-|dna polymerase i, thermostable|taq polymerase 1|pol1"
CHEMBL3565,-,-,-,Other Protein Target.Other Protein Target,Other Protein Target,Other Protein Target,0864-1>0864,-,fola|-|dihydrofolate reductase
CHEMBL3568,1251,1251,0253,Enzyme.Oxidoreductase,Enzyme,Oxidoreductase,0253>0239>0690,-,"nos1|constitutive nos|n-nos|nc-nos|nos type i|neuronal nos|nitric oxide synthase 1|nitric oxide synthase, brain|peptidyl-cysteine s-nitrosylase nos1|bnos|nnos|-"
CHEMBL3571,56,56,0013,Receptor.G protein-coupled receptor,Receptor,G protein-coupled receptor,0013>0694>0688,-,cnr1|-|cannabinoid receptor 1|brain-type cannabinoid receptor|cb-r|cb1|skr6
CHEMBL3572,3248,3248,1088,Other Protein Target.Other Protein Target,Other Protein Target,Other Protein Target,1088>0864,-,cetp|cholesteryl ester transfer protein|lipid transfer protein i|-
CHEMBL3575,-,-,-,Other Protein Target.Other Protein Target,Other Protein Target,Other Protein Target,0864-1>0864,-,rnasel|2-5a-dependent rnase|2-5a-dependent ribonuclease|rnase l|ribonuclease 4|ribonuclease l|rns4|-
CHEMBL3577,-,-,-,Other Protein Target.Other Protein Target,Other Protein Target,Other Protein Target,0864-1>0864,-,"aldh1a1|3-deoxyglucosone dehydrogenase|aldh-e1|alhdii|aldehyde dehydrogenase 1a1|aldehyde dehydrogenase family 1 member a1|aldehyde dehydrogenase, cytosolic|raldh 1|raldh1|retinal dehydrogenase 1|aldc|aldh1|pumb1|-"
CHEMBL3578,-,-,-,Other Protein Target.Other Protein Target,Other Protein Target,Other Protein Target,0864-1>0864,-,"aldh3a1|aldhiii|aldehyde dehydrogenase 3|aldehyde dehydrogenase family 3 member a1|aldehyde dehydrogenase, dimeric nadp-preferring|aldh3|-"
CHEMBL3579,-,-,-,Other Protein Target.Other Protein Target,Other Protein Target,Other Protein Target,0864-1>0864,-,aldh1a3|aldehyde dehydrogenase 6|aldehyde dehydrogenase family 1 member a3|raldh-3|raldh3|retinaldehyde dehydrogenase 3|aldh6|-
CHEMBL3580505,-,-,-,Other Protein Target.Other Protein Target,Other Protein Target,Other Protein Target,0864-1>0864,-,tcdb|toxin b|toxb|-
CHEMBL3580522,-,-,-,Other Protein Target.Other Protein Target,Other Protein Target,Other Protein Target,0864-1>0864,-,cd274|b7 homolog 1|b7-h1|pd-l1|pdcd1 ligand 1|programmed cell death 1 ligand 1|programmed death ligand 1|hpd-l1|b7h1|pdcd1l1|pdcd1lg1|pdl1|-
CHEMBL3582,1486,1486,0534,Enzyme.Transferase,Enzyme,Transferase,0534>0286>0677>0698>0690-2>0690,-,prkce|protein kinase c epsilon type|npkc-epsilon|pkce|-
CHEMBL3585,-,-,-,Other Protein Target.Other Protein Target,Other Protein Target,Other Protein Target,0864-1>0864,-,scn7a|-|sodium channel protein type 7 subunit alpha|atypical sodium channel nav2.1|nax channel|scn6a|sodium channel protein type vii subunit alpha
CHEMBL3587,2062,2062,0623,Enzyme.Transferase,Enzyme,Transferase,0623>0685>0698>0690-2>0690,-,map2k1|-|dual specificity mitogen-activated protein kinase kinase 1|erk activator kinase 1|map kinase kinase 1|mapk/erk kinase 1|mapkk 1|mek 1|mek1|mkk1|prkmk1
CHEMBL3589,1231,1231,0248,Enzyme.Hydrolase,Enzyme,Hydrolase,0248>0690-4>0690,-,adk|ak|adenosine 5'-phosphotransferase|adenosine kinase|-
CHEMBL3590,2593,2593,0799,Enzyme.Hydrolase,Enzyme,Hydrolase,0799>0690-4>0690,-,lipe|hsl|hormone-sensitive lipase|monoacylglycerol lipase lipe|reh|retinyl ester hydrolase|-
CHEMBL3593,2434,2434,0104,Enzyme.Transferase,Enzyme,Transferase,0104>0690-2>0690,-,"lss|2,3-epoxysqualene--lanosterol cyclase|lanosterol synthase|osc|oxidosqualene--lanosterol cyclase|hosc|-"
CHEMBL3593151,-,-,-,Other Protein Target.Other Protein Target,Other Protein Target,Other Protein Target,0864-1>0864,-,rapgef4|epac 2|exchange factor directly activated by camp 2|exchange protein directly activated by camp 2|rap guanine nucleotide exchange factor 4|camp-gefii|camp-dependent rap1 guanine-nucleotide exchange factor|camp-regulated guanine nucleotide exchange factor ii|cgef2|epac2|-
CHEMBL3593154,-,-,-,Other Protein Target.Other Protein Target,Other Protein Target,Other Protein Target,0864-1>0864,-,hmgcr|-|3-hydroxy-3-methylglutaryl-coenzyme a reductase|hmg-coa reductase|hmgr
CHEMBL3594,3055,3055,0842,Enzyme.Lyase,Enzyme,Lyase,0842>0690-6>0690,-,ca9|ca-ix|caix|carbonate dehydratase ix|carbonic anhydrase 9|carbonic anhydrase ix|membrane antigen mn|p54/58n|rcc-associated antigen g250|renal cell carcinoma-associated antigen g250|pmw1|g250|mn|-
CHEMBL3595,446,446,0075,Ion Channel.Ligand-gated ion channel,Ion Channel,Ligand-gated ion channel,0075>0697>0689,-,"gria3|ampa-selective glutamate receptor 3|glur-3|glur-c|glur-k3|glutamate receptor 3|glutamate receptor ionotropic, ampa 3|glur3|glurc|glua3|-"
CHEMBL3596075,-,-,-,Other Protein Target.Other Protein Target,Other Protein Target,Other Protein Target,0864-1>0864,-,"st6gal1|alpha 2,6-st 1|beta-galactoside alpha-2,6-sialyltransferase 1|cmp-n-acetylneuraminate-beta-galactosamide-alpha-2,6-sialyltransferase 1|st6gal i|st6gali|sialyltransferase 1|siat1|-"
CHEMBL3597,10,10,0001,Receptor.G protein-coupled receptor,Receptor,G protein-coupled receptor,0001>0694>0688,-,htr5a|5-ht-5|5-ht-5a|5-ht5a|5-hydroxytryptamine receptor 5a|serotonin receptor 5a|5ht5a|-
CHEMBL3602,2552,2552,0785,Other Protein Target.Other Protein Target,Other Protein Target,Other Protein Target,0785>0864,-,sigmar1|sigma 1-type opioid receptor|sigma non-opioid intracellular receptor 1|sigma1-receptor|sigma1r|oprs1|-
CHEMBL3607,451,451,0075,Ion Channel.Ligand-gated ion channel,Ion Channel,Ligand-gated ion channel,0075>0697>0689,-,"grik2|-|glutamate receptor ionotropic, kainate 2|gluk2|glur-6|glur6|glutamate receptor 6"
CHEMBL3608197,-,-,-,Other Protein Target.Other Protein Target,Other Protein Target,Other Protein Target,0864-1>0864,-,lip1|-|secreted mono- and diacylglycerol lipase lip1|smg1
CHEMBL3611961,-,-,-,Other Protein Target.Other Protein Target,Other Protein Target,Other Protein Target,0864-1>0864,-,-|mu opioid receptor-like or2
CHEMBL3611965,2520,2520,0774,Enzyme.Transferase,Enzyme,Transferase,0774>0767>0690,-,sgms1|medulla oblongata-derived protein|phosphatidylcholine:ceramide cholinephosphotransferase 1|protein mob|sphingomyelin synthase 1|transmembrane protein 23|mob|sms1|tmem23|-
CHEMBL3614,318,318,0050,Receptor.G protein-coupled receptor,Receptor,G protein-coupled receptor,0050>0694>0688,-,oprk1|-|kappa-type opioid receptor|k-or-1|kor-1|ror-d
CHEMBL3616,1487,1487,0534,Enzyme.Transferase,Enzyme,Transferase,0534>0286>0677>0698>0690-2>0690,-,prkch|pkc-l|protein kinase c eta type|npkc-eta|pkcl|prkcl|-
CHEMBL3616354,2893,2893,0926,Enzyme.Transferase,Enzyme,Transferase,0926>0690-2>0690,-,"bcat2|bcat|branched-chain-amino-acid aminotransferase, mitochondrial|pp18|placental protein 18|bcatm|bct2|eca40|-"
CHEMBL3618,-,-,-,Other Protein Target.Other Protein Target,Other Protein Target,Other Protein Target,0864-1>0864,-,"f5|activated protein c cofactor|coagulation factor v|proaccelerin, labile factor|-"
CHEMBL3621,320,320,0050,Receptor.G protein-coupled receptor,Receptor,G protein-coupled receptor,0050>0694>0688,-,oprl1|k3 opiate receptor|kor-3|kappa-type 3 opioid receptor|nociceptin receptor|orgc|orphanin fq receptor|oor|oprl|-
CHEMBL3621020,-,-,-,Other Protein Target.Other Protein Target,Other Protein Target,Other Protein Target,0864-1>0864,-,"cyp11b2|aldos|aldosterone synthase|aldosterone-synthesizing enzyme|cypxib2|corticosterone 18-monooxygenase, cyp11b2|cytochrome p-450aldo|cytochrome p-450c18|cytochrome p450 11b2, mitochondrial|cytochrome p450c11|steroid 11-beta-hydroxylase, cyp11b2|steroid 18-hydroxylase|cyp11b-2|-"
CHEMBL3623,-,-,-,Other Protein Target.Other Protein Target,Other Protein Target,Other Protein Target,0864-1>0864,-,nqo1|azoreductase|dt-diaphorase|dtd|menadione reductase|nadh dehydrogenase 1|nadh:quinone oxidoreductase 1|phylloquinone reductase|qr1|quinone reductase 1|dia4|nmor1|-
CHEMBL3627581,-,-,-,Other Protein Target.Other Protein Target,Other Protein Target,Other Protein Target,0864-1>0864,-,pkn3|protein kinase pkn-beta|protein-kinase c-related kinase 3|serine/threonine-protein kinase n3|pknbeta|-
CHEMBL3627582,-,-,-,Other Protein Target.Other Protein Target,Other Protein Target,Other Protein Target,0864-1>0864,-,tssk6|ct72|cancer/testis antigen 72|serine/threonine-protein kinase sstk|small serine/threonine kinase|tsk-6|tssk-6|testis-specific kinase 6|testis-specific serine/threonine-protein kinase 6|sstk|-
CHEMBL3627583,-,-,-,Other Protein Target.Other Protein Target,Other Protein Target,Other Protein Target,0864-1>0864,-,ksr2|kinase suppressor of ras 2|hksr2|-
CHEMBL3627584,-,-,-,Other Protein Target.Other Protein Target,Other Protein Target,Other Protein Target,0864-1>0864,-,map3k21|mitogen-activated protein kinase kinase kinase 21|mitogen-activated protein kinase kinase kinase mlk4|mixed lineage kinase 4|kiaa1804|mlk4|-
CHEMBL3627585,-,-,-,Other Protein Target.Other Protein Target,Other Protein Target,Other Protein Target,0864-1>0864,-,peak1|inactive tyrosine-protein kinase peak1|pseudopodium-enriched atypical kinase 1|sugen kinase 269|tyrosine-protein kinase sgk269|kiaa2002|-
CHEMBL3627587,3019,3019,0899,Enzyme.Oxidoreductase,Enzyme,Oxidoreductase,0899>0690-1>0690,-,"ido2|ido-2|indoleamine 2,3-dioxygenase 2|indoleamine 2,3-dioxygenase-like protein 1|indoleamine-pyrrole 2,3-dioxygenase-like protein 1|indol1|-"
CHEMBL3627592,-,-,-,Other Protein Target.Other Protein Target,Other Protein Target,Other Protein Target,0864-1>0864,-,pnck|cam kinase i beta|cam kinase ib|cam-ki beta|camki-beta|calcium/calmodulin-dependent protein kinase type 1b|pregnancy up-regulated non-ubiquitously-expressed cam kinase|-
CHEMBL3629,1549,1549,0565,Enzyme.Hydrolase,Enzyme,Hydrolase,0565>0683>0698>0690-2>0690,-,csnk2a1|ck ii alpha|casein kinase ii subunit alpha|ck2a1|-
CHEMBL3632452,2983,2983,0984,Other Protein Target.Other Protein Target,Other Protein Target,Other Protein Target,0984>0864,-,malt1|malt lymphoma-associated translocation|mucosa-associated lymphoid tissue lymphoma translocation protein 1|paracaspase|mlt|-
CHEMBL3632454,-,-,-,Other Protein Target.Other Protein Target,Other Protein Target,Other Protein Target,0864-1>0864,-,kif15|kinesin-like protein 2|kinesin-like protein 7|kinesin-like protein kif15|serologically defined breast cancer antigen ny-br-62|hklp2|klp2|knsl7|-
CHEMBL3636,38,38,0009,Receptor.G protein-coupled receptor,Receptor,G protein-coupled receptor,0009>0694>0688,-,nmbr|epididymis tissue protein li 185a|nmb-r|neuromedin-b receptor|neuromedin-b-preferring bombesin receptor|-
CHEMBL3638,-,-,-,Other Protein Target.Other Protein Target,Other Protein Target,Other Protein Target,0864-1>0864,-,rasgrp3|calcium and dag-regulated guanine nucleotide exchange factor iii|guanine nucleotide exchange factor for rap1|ras guanyl-releasing protein 3|grp3|kiaa0846|-
CHEMBL3638324,84,84,0016,Receptor.G protein-coupled receptor,Receptor,G protein-coupled receptor,0016>0115>0694>0688,-,gpr4|g-prodeshotein coupled receptor 4|g-protein coupled receptor 6c.l|gpr6c.l|hgpr4|g-protein coupled receptor 4|-
CHEMBL3649,-,-,-,Other Protein Target.Other Protein Target,Other Protein Target,Other Protein Target,0864-1>0864,-,xdh|xanthine dehydrogenase/oxidase|-
CHEMBL3650,1808,1808,0323,Receptor.Catalytic Receptor,Receptor,Catalytic Receptor,0323>0304>0686>0699>0862>0688,-,fgfr1|bfgfr|basic fibroblast growth factor receptor 1|fgfr-1|flt-2|fibroblast growth factor receptor 1|fms-like tyrosine kinase 2|n-sam|proto-oncogene c-fgr|bfgf-r-1|cek|fgfbr|flg|flt2|hbgfr|-
CHEMBL3655,-,-,-,Other Protein Target.Other Protein Target,Other Protein Target,Other Protein Target,0864-1>0864,-,src|proto-oncogene c-src|proto-oncogene tyrosine-protein kinase src|p60-src|pp60c-src|-
CHEMBL3663,-,-,-,Other Protein Target.Other Protein Target,Other Protein Target,Other Protein Target,0864-1>0864,-,grb2|-|growth factor receptor-bound protein 2|ash|adapter protein grb2|protein ash|sh2/sh3 adapter grb2
CHEMBL3666,-,-,-,Other Protein Target.Other Protein Target,Other Protein Target,Other Protein Target,0864-1>0864,-,htr3a|5-ht-3|5-ht3-a|5-ht3a|5-ht3r|5-hydroxytryptamine receptor 3|5-hydroxytryptamine receptor 3a|serotonin receptor 3a|serotonin-gated ion channel receptor|5ht3r|htr3|-
CHEMBL3667,2148,2148,0638,Enzyme.Transferase,Enzyme,Transferase,0638>0682>0698>0690-2>0690,-,pi4ka|pi4-kinase alpha|pi4k-alpha|phosphatidylinositol 4-kinase iii alpha|phosphatidylinositol 4-kinase alpha|ptdins-4-kinase alpha|pik4|pik4ca|-
CHEMBL3668,-,-,-,Other Protein Target.Other Protein Target,Other Protein Target,Other Protein Target,0864-1>0864,-,lgals3|-|galectin-3|35 kda lectin|cbp 35|carbohydrate-binding protein 35|gal-3|galactose-specific lectin 3|ige-binding protein|l-34 galactoside-binding lectin|laminin-binding protein|lectin l-29|mac-2 antigen
CHEMBL3674,2535,2535,0783,Other Protein Target.Other Protein Target,Other Protein Target,Other Protein Target,0783>0864,-,"fabp5|e-fabp|epidermal-type fatty acid-binding protein|fatty acid-binding protein 5|fatty acid-binding protein, epidermal|pa-fabp|psoriasis-associated fatty acid-binding protein homolog|-"
CHEMBL3675,-,-,-,Other Protein Target.Other Protein Target,Other Protein Target,Other Protein Target,0864-1>0864,-,poba|-|p-hydroxybenzoate hydroxylase|4-hydroxybenzoate 3-monooxygenase|phbh|phbhase
CHEMBL3683,451,451,0075,Ion Channel.Ligand-gated ion channel,Ion Channel,Ligand-gated ion channel,0075>0697>0689,-,"grik2|eaa4|excitatory amino acid receptor 4|gluk2|glur-6|glur6|glutamate receptor 6|glutamate receptor ionotropic, kainate 2|-"
CHEMBL3686,-,-,-,Other Protein Target.Other Protein Target,Other Protein Target,Other Protein Target,0864-1>0864,-,"pla2g2a|-|phospholipase a2, membrane associated|giic spla2|group iia phospholipase a2|phosphatidylcholine 2-acylhydrolase 2a"
CHEMBL3687,1387,1387,0271,Enzyme.Oxidoreductase,Enzyme,Oxidoreductase,0271>0243>0690,-,alox12|12s-lox|12s-lipoxygenase|arachidonate -lipoxygenase|linoleate -lipoxygenase|lipoxin synthase 12-lo|platelet-type lipoxygenase 12|polyunsaturated fatty acid lipoxygenase alox12|12lo|log12|-
CHEMBL3691,2901,2901,0928,Enzyme.Hydrolase,Enzyme,Hydrolase,0928>0690-4>0690,-,enpp2|autotaxin|e-npp 2|ectonucleotide pyrophosphatase/phosphodiesterase family member 2|extracellular lysophospholipase d|lysopld|atx|pdnp2|-
CHEMBL3699,-,-,-,Other Protein Target.Other Protein Target,Other Protein Target,Other Protein Target,0864-1>0864,-,slc6a11|gat-3|gat-4|sodium- and chloride-dependent gaba transporter 3|sodium- and chloride-dependent gaba transporter 4|solute carrier family 6 member 11|gabt3|gabt4|gat3|gat4|gaba transporter 4|-
CHEMBL3700,871,871,0163,Transporter.ATP-binding cassette transporter,Transporter,ATP-binding cassette transporter,0163>0139>0863>0691,-,slc1a6|excitatory amino acid transporter 4|high-affinity neuronal glutamate transporter|sodium-dependent glutamate/aspartate transporter|solute carrier family 1 member 6|eaat4|-
CHEMBL3701,-,-,-,Other Protein Target.Other Protein Target,Other Protein Target,Other Protein Target,0864-1>0864,-,-|luciferin 4-monooxygenase|luciferase
CHEMBL3706,1662,1662,0739,Enzyme.Hydrolase,Enzyme,Hydrolase,0739>0713>0759>0690-4>0690,-,adam17|adam 17|disintegrin and metalloproteinase domain-containing protein 17|snake venom-like protease|tnf-alpha convertase|tnf-alpha-converting enzyme|csvp|tace|-
CHEMBL3708,-,-,-,Other Protein Target.Other Protein Target,Other Protein Target,Other Protein Target,0864-1>0864,-,psen2|ad3lp|ad5|e5-1|ps-2|presenilin-2|stm-2|ad4|ps2|psnl2|stm2|-
CHEMBL3708265,-,-,-,Other Protein Target.Other Protein Target,Other Protein Target,Other Protein Target,0864-1>0864,-,"nudt1|2-hydroxy-datp diphosphatase|7,8-dihydro-8-oxoguanine triphosphatase|8-oxo-dgtpase|methylated purine nucleoside triphosphate hydrolase|nucleoside diphosphate-linked moiety x motif 1|nudix motif 1|oxidized purine nucleoside triphosphate hydrolase|mth1|-"
CHEMBL3710,342,342,0058,Receptor.G protein-coupled receptor,Receptor,G protein-coupled receptor,0058>0694>0688,-,ptger3|pge receptor ep3 subtype|pge2 receptor ep3 subtype|pge2-r|prostaglandin e2 receptor ep3 subtype|prostanoid ep3 receptor|-
CHEMBL3711550,-,-,-,Other Protein Target.Other Protein Target,Other Protein Target,Other Protein Target,0864-1>0864,-,grk2|-|beta-adrenergic receptor kinase 1|adrbk1|beta-ark-1|g-protein-coupled receptor kinase 2
CHEMBL3712868,-,-,-,Other Protein Target.Other Protein Target,Other Protein Target,Other Protein Target,0864-1>0864,-,hsd17b14|17-beta-hydroxysteroid dehydrogenase dhrs10|dehydrogenase/reductase sdr family member 10|l-fucose dehydrogenase|retinal short-chain dehydrogenase/reductase retsdr3|short chain dehydrogenase/reductase family 47c member 1|dhrs10|sdr3|sdr47c1|17-beta-hydroxysteroid dehydrogenase 14|-
CHEMBL3712907,-,-,-,Other Protein Target.Other Protein Target,Other Protein Target,Other Protein Target,0864-1>0864,-,tmigd3|transmembrane domain-containing protein tmigd3|-
CHEMBL3713355,-,-,-,Other Protein Target.Other Protein Target,Other Protein Target,Other Protein Target,0864-1>0864,-,galnt2|galnac-t2|polypeptide galnac transferase 2|polypeptide n-acetylgalactosaminyltransferase 2|protein-udp acetylgalactosaminyltransferase 2|udp-galnac:polypeptide n-acetylgalactosaminyltransferase 2|pp-gantase 2|-
CHEMBL3714029,2853,2853,0912,Enzyme.Oxidoreductase,Enzyme,Oxidoreductase,0912>0690-1>0690,-,loxl2|lysyl oxidase homolog 2|lysyl oxidase-like protein 2|lysyl oxidase-related protein 2|lysyl oxidase-related protein ws9-14|-
CHEMBL3714079,120,120,0016,Receptor.G protein-coupled receptor,Receptor,G protein-coupled receptor,0016>0115>0694>0688,-,gpr84|g-protein coupled receptor 84|inflammation-related g-protein coupled receptor ex33|ex33|-
CHEMBL3714531,-,-,-,Other Protein Target.Other Protein Target,Other Protein Target,Other Protein Target,0864-1>0864,-,notum|palmitoleoyl-protein carboxylesterase notum|hnotum|-
CHEMBL3715,932,932,0177,Transporter.ATP-binding cassette transporter,Transporter,ATP-binding cassette transporter,0177>0144>0863>0691,-,slc6a12|bgt-1|na/cl betaine/gaba transporter|sodium- and chloride-dependent betaine transporter|solute carrier family 6 member 12|bgt1|-
CHEMBL3717,1815,1815,0325,Receptor.Catalytic Receptor,Receptor,Catalytic Receptor,0325>0304>0686>0699>0862>0688,-,met|hgf receptor|hgf/sf receptor|hepatocyte growth factor receptor|proto-oncogene c-met|sf receptor|scatter factor receptor|tyrosine-protein kinase met|-
CHEMBL3719,285,285,0038,Receptor.G protein-coupled receptor,Receptor,G protein-coupled receptor,0038>0694>0688,-,mc4r|mc4-r|melanocortin receptor 4|-
CHEMBL3720,3245,3245,1086,Enzyme.Multifunctional,Enzyme,Multifunctional,1086>0690-2>0690,-,acly|acl|atp-citrate -lyase|atp-citrate synthase|citrate cleavage enzyme|-
CHEMBL3729,2599,2599,0842,Enzyme.Lyase,Enzyme,Lyase,0842>0690-6>0690,-,ca4|ca-iv|carbonate dehydratase iv|carbonic anhydrase 4|carbonic anhydrase iv|-
CHEMBL3733,13,13,0002,Receptor.G protein-coupled receptor,Receptor,G protein-coupled receptor,0002>0694>0688,-,chrm1|muscarinic acetylcholine receptor m1|chrm-1|-
CHEMBL3736,1614,1614,0741,Enzyme.Hydrolase,Enzyme,Hydrolase,0741>0713>0759>0690-4>0690,-,ace2|ace-related carboxypeptidase|aceh|angiotensin-converting enzyme 2|angiotensin-converting enzyme homolog|angiotensin-converting enzyme-related carboxypeptidase|metalloprotease mprot15|-
CHEMBL3744,452,452,0075,Ion Channel.Ligand-gated ion channel,Ion Channel,Ligand-gated ion channel,0075>0697>0689,-,"grik3|gluk3|glur-7|glur7|glutamate receptor 7|glutamate receptor ionotropic, kainate 3|-"
CHEMBL3746,3143,3143,0840,Enzyme.Oxidoreductase,Enzyme,Oxidoreductase,0840>0690-1>0690,-,hsd11b2|11-dh2|11-hsd type ii|11-beta-hsd type ii|11-beta-hsd2|11-beta-hydroxysteroid dehydrogenase type 2|11-beta-hydroxysteroid dehydrogenase type ii|corticosteroid 11-beta-dehydrogenase isozyme 2|nad-dependent 11-beta-hydroxysteroid dehydrogenase|short chain dehydrogenase/reductase family 9c member 3|hsd11k|sdr9c3|-
CHEMBL3748,-,-,-,Other Protein Target.Other Protein Target,Other Protein Target,Other Protein Target,0864-1>0864,-,"cyp24a1|1,25-dihydroxyvitamin d 24-hydroxylase, mitochondrial|24-ohase|cytochrome p450 24a1|cytochrome p450-cc24|vitamin d 24-hydroxylase|cyp24|-"
CHEMBL3751,623,623,0097,Receptor.Nuclear Hormone Receptor,Receptor,Nuclear Hormone Receptor,0097>0695>0688,-,esrrb|err beta-2|err-beta|estrogen receptor-like 2|estrogen-related receptor beta|nuclear receptor subfamily 3 group b member 2|steroid hormone receptor err2|errb2|esrl2|nr3b2|-
CHEMBL3753,-,-,-,Other Protein Target.Other Protein Target,Other Protein Target,Other Protein Target,0864-1>0864,-,"gria1|-|glutamate receptor 1|ampa-selective glutamate receptor 1|glua1|glur-1|glur-a|glur-k1|glur1|glutamate receptor ionotropic, ampa 1"
CHEMBL3754,29,29,0004,Receptor.G protein-coupled receptor,Receptor,G protein-coupled receptor,0004>0694>0688,-,adrb2|beta-2 adrenergic receptor|beta-2 adrenoceptor|beta-2 adrenoreceptor|adrb2r|-
CHEMBL3759,265,265,0033,Receptor.G protein-coupled receptor,Receptor,G protein-coupled receptor,0033>0694>0688,-,hrh4|axor35|g-protein coupled receptor 105|gprv53|h4r|hh4r|histamine h4 receptor|pfi-013|sp9144|gpcr105|-
CHEMBL3761,-,-,-,Other Protein Target.Other Protein Target,Other Protein Target,Other Protein Target,0864-1>0864,-,gba2|beta-glucocerebrosidase 2|beta-glucosidase 2|bile acid beta-glucosidase gba2|bile acid glucosyl transferase gba2|cholesterol glucosyltransferase gba2|cholesteryl-beta-glucosidase gba2|glucosylceramidase 2|nlgase|non-lysosomal cholesterol glycosyltransferase|non-lysosomal galactosylceramidase|non-lysosomal glucosylceramidase|non-lysosomal glycosylceramidase|kiaa1605|spg46|beta-glucosidase|-
CHEMBL3762,529,529,0080,Ion Channel.Voltage-gated ion channel,Ion Channel,Voltage-gated ion channel,0080>0696>0689,-,"cacna1c|calcium channel, l type, alpha-1 polypeptide, isoform 1, cardiac muscle|rbc|rat brain class c|voltage-dependent l-type calcium channel subunit alpha-1c|voltage-gated calcium channel subunit alpha cav1.2|cach2|cacn2|cacnl1a1|cchl1a1|-"
CHEMBL3763007,-,-,-,Other Protein Target.Other Protein Target,Other Protein Target,Other Protein Target,0864-1>0864,-,-|cereblon isoform 4
CHEMBL3764,365,365,0065,Receptor.G protein-coupled receptor,Receptor,G protein-coupled receptor,0065>0694>0688,-,uts2r|g-protein coupled receptor 14|ur-2-r|ur-ii-r|urotensin ii receptor|urotensin-2 receptor|gpr14|-
CHEMBL3766,368,368,0066,Receptor.G protein-coupled receptor,Receptor,G protein-coupled receptor,0066>0694>0688,-,avpr2|avpr v2|antidiuretic hormone receptor|renal-type arginine vasopressin receptor|v2r|vasopressin v2 receptor|-
CHEMBL3768,-,-,-,Other Protein Target.Other Protein Target,Other Protein Target,Other Protein Target,0864-1>0864,-,mme|-|neprilysin|atriopeptidase|enkephalinase|nep|neutral endopeptidase|neutral endopeptidase 24.11|sfe|skin fibroblast elastase
CHEMBL3769,-,-,-,Other Protein Target.Other Protein Target,Other Protein Target,Other Protein Target,0864-1>0864,-,prss1|anionic trypsin i|anionic trypsin-i|beta-trypsin|cationic trypsin|pretrypsinogen i|serine protease 1|trypsin i|trypsin-i|trp1|try1|tryp1|-
CHEMBL3769292,-,-,-,Other Protein Target.Other Protein Target,Other Protein Target,Other Protein Target,0864-1>0864,-,dctpp1|-|dctp pyrophosphatase 1|deoxycytidine-triphosphatase 1|rs21c6|xtp3-transactivated gene a protein|xtp3tpa|dctpase 1
CHEMBL3769293,981,981,0185,Transporter.SLC superfamily of solute carrier,Transporter,SLC superfamily of solute carrier,0185>0863>0691,-,slc13a5|na/citrate cotransporter|nact|sodium-coupled citrate transporter|sodium-dependent citrate transporter|solute carrier family 13 member 5|-
CHEMBL3772,289,289,0040,Receptor.G protein-coupled receptor,Receptor,G protein-coupled receptor,0040>0694>0688,-,grm1|metabotropic glutamate receptor 1|mglur1|gprc1a|-
CHEMBL3774295,2681,2681,0869,Enzyme.Oxidoreductase,Enzyme,Oxidoreductase,0869>0865>0690,-,kdm5b|ct31|cancer/testis antigen 31|histone demethylase jarid1b|jumonji/arid domain-containing protein 1b|lysine-specific demethylase 5b|plu-1|rbp2-h1|retinoblastoma-binding protein 2 homolog 1|-trimethyl-l-lysine demethylase 5b|jarid1b|plu1|rbbp2h1|-
CHEMBL3775,-,-,-,Other Protein Target.Other Protein Target,Other Protein Target,Other Protein Target,0864-1>0864,-,cdc25a|dual specificity phosphatase cdc25a|m-phase inducer phosphatase 1|-
CHEMBL3776,1624,1624,0734,Enzyme.Hydrolase,Enzyme,Hydrolase,0734>0710>0759>0690-4>0690,-,casp8|apoptotic cysteine protease|apoptotic protease mch-5|cap4|casp-8|caspase-8|fadd-homologous ice/ced-3-like protease|fadd-like ice|flice|ice-like apoptotic protease 5|mach|mort1-associated ced-3 homolog|mch5|-
CHEMBL3778,2045,2045,0579,Enzyme.Transferase,Enzyme,Transferase,0579>0687>0699>0862>0688,-,irak4|irak-4|interleukin-1 receptor-associated kinase 4|renal carcinoma antigen ny-ren-64|-
CHEMBL3779754,-,-,-,Other Protein Target.Other Protein Target,Other Protein Target,Other Protein Target,0864-1>0864,-,"cyp17a1|-|steroid 17-alpha-hydroxylase/17,20 lyase|17-alpha-hydroxyprogesterone aldolase|cyp17|cypxvii|cytochrome p450 17a1|cytochrome p450-c17|cytochrome p450c17|steroid 17-alpha-monooxygenase"
CHEMBL3779755,-,-,-,Other Protein Target.Other Protein Target,Other Protein Target,Other Protein Target,0864-1>0864,-,"nlrp3|cold autoinflammatory syndrome 1 protein homolog|cryopyrin|mast cell maturation-associated-inducible protein 1|nacht, lrr and pyd domains-containing protein 3|pyrin-containing apaf1-like protein 1|cias1|mmig1|nalp3|pypaf1|-"
CHEMBL3783,-,-,-,Other Protein Target.Other Protein Target,Other Protein Target,Other Protein Target,0864-1>0864,-,fasn|fatty acid synthase|type i fas|-
CHEMBL3784,2735,2735,0867,Other Protein Target.Other Protein Target,Other Protein Target,Other Protein Target,0867>0866>0864,-,ep300|e1a-associated protein p300|histone acetyltransferase p300|histone butyryltransferase p300|histone crotonyltransferase p300|protein 2-hydroxyisobutyryltransferase p300|protein lactyltransferas p300|protein propionyltransferase p300|p300 hat|p300|-
CHEMBL3784911,2189,2189,0613,Enzyme.Transferase,Enzyme,Transferase,0613>0687>0699>0862>0688,-,ripk1|cell death protein rip|rip-1|receptor-interacting protein 1|receptor-interacting serine/threonine-protein kinase 1|rinp|rip|-
CHEMBL3785,312,312,0048,Receptor.G protein-coupled receptor,Receptor,G protein-coupled receptor,0048>0694>0688,-,hcar2|g-protein coupled receptor 109a|g-protein coupled receptor hm74a|hydroxycarboxylic acid receptor 2|niacin receptor 1|nicotinic acid receptor|gpr109a|hca2|hm74a|niacr1|-
CHEMBL3788,2171,2171,0602,Enzyme.Transferase,Enzyme,Transferase,0602>0683>0698>0690-2>0690,-,plk4|plk-4|polo-like kinase 4|serine/threonine-protein kinase 18|serine/threonine-protein kinase plk4|serine/threonine-protein kinase sak|sak|stk18|-
CHEMBL3795,282,282,0038,Receptor.G protein-coupled receptor,Receptor,G protein-coupled receptor,0038>0694>0688,-,mc1r|mc1-r|msh-r|melanocortin receptor 1|melanocyte-stimulating hormone receptor|mshr|-
CHEMBL3797,1934,1934,0598,Enzyme.Transferase,Enzyme,Transferase,0598>0463>0678>0698>0690-2>0690,-,atm|a-t mutated|ataxia telangiectasia mutated|serine-protein kinase atm|-
CHEMBL3797017,-,-,-,Other Protein Target.Other Protein Target,Other Protein Target,Other Protein Target,0864-1>0864,-,hdac8|-|histone deacetylase|histone deacetylase 8
CHEMBL3798,47,47,0011,Receptor.G protein-coupled receptor,Receptor,G protein-coupled receptor,0011>0694>0688,-,calcrl|cgrp type 1 receptor|crlr|calcitonin gene-related peptide type 1 receptor|calcitonin receptor-like receptor|cgrpr|-
CHEMBL3799,-,-,-,Other Protein Target.Other Protein Target,Other Protein Target,Other Protein Target,0864-1>0864,-,tacr3|nk-3 receptor|nk-3r|nkr|neurokinin b receptor|neuromedin-k receptor|tachykinin receptor 3|-
CHEMBL3802,-,-,-,Other Protein Target.Other Protein Target,Other Protein Target,Other Protein Target,0864-1>0864,-,npy5r|npy-y5 receptor|npy5-r|npyy5-r|neuropeptide y receptor type 5|y5 receptor|npy5|-
CHEMBL3807,3255,3255,0980,Enzyme.Hydrolase,Enzyme,Hydrolase,0980>1076>0947>0690,-,ptpn2|t-cell protein-tyrosine phosphatase|tcptp|tyrosine-protein phosphatase non-receptor type 2|ptpt|-
CHEMBL3813,-,-,-,Other Protein Target.Other Protein Target,Other Protein Target,Other Protein Target,0864-1>0864,-,dpp4|dpp iv|dipeptidyl peptidase 4|dipeptidyl peptidase iv|t-cell activation antigen cd26|cd26|-
CHEMBL3813586,-,-,-,Other Protein Target.Other Protein Target,Other Protein Target,Other Protein Target,0864-1>0864,-,"crtn|4,4'-diapophytoene desaturase|dehydrosqualene desaturase|-"
CHEMBL3815,645,645,0104,Enzyme.Transferase,Enzyme,Transferase,0104>0690-2>0690,-,fdft1|-|squalene synthase|fpp:fpp farnesyltransferase|farnesyl-diphosphate farnesyltransferase|sqs|ss
CHEMBL3816,1424,1424,0275,Enzyme.Hydrolase,Enzyme,Hydrolase,0275>0244>0690,-,pla2g4a|cytosolic phospholipase a2|phospholipase a2 group iva|cpla2|pla2g4|-
CHEMBL3819,272,272,0036,Receptor.G protein-coupled receptor,Receptor,G protein-coupled receptor,0036>0694>0688,-,lpar1|lpa receptor 1|lpa-1|lysophosphatidic acid receptor 1|lysophosphatidic acid receptor edg-2|edg2|lpa1|-
CHEMBL3820,2798,2798,0890,Enzyme.Transferase,Enzyme,Transferase,0890>0684>0698>0690-2>0690,-,gck|glucokinase|hk iv|hk4|hexokinase type iv|hexokinase-4|hexokinase-d|-
CHEMBL3826863,-,-,-,Other Protein Target.Other Protein Target,Other Protein Target,Other Protein Target,0864-1>0864,-,"fabp7|b-fabp|blbp|brain lipid-binding protein|brain-type fatty acid-binding protein|fatty acid-binding protein 7|fatty acid-binding protein, brain|mammary-derived growth inhibitor related|fabpb|mrg|-"
CHEMBL3826870,2901,2901,0928,Enzyme.Hydrolase,Enzyme,Hydrolase,0928>0690-4>0690,-,enpp2|autotaxin|e-npp 2|ectonucleotide pyrophosphatase/phosphodiesterase family member 2|extracellular lysophospholipase d|lysopld|atx|npps2|-
CHEMBL3826871,2901,2901,0928,Enzyme.Hydrolase,Enzyme,Hydrolase,0928>0690-4>0690,-,enpp2|autotaxin|e-npp 2|ectonucleotide pyrophosphatase/phosphodiesterase family member 2|extracellular lysophospholipase d|lysopld|npps2|pdnp2|-
CHEMBL3829,1557,1557,0562,Enzyme.Transferase,Enzyme,Transferase,0562>0679>0698>0690-2>0690,-,camk2g|cam kinase ii subunit gamma|camk-ii subunit gamma|calcium/calmodulin-dependent protein kinase type ii subunit gamma|camk|camk-ii|camkg|-
CHEMBL3831,2098,2098,0479,Enzyme.Transferase,Enzyme,Transferase,0479>0452>0679>0698>0690-2>0690,-,mark2|elkl motif kinase 1|emk-1|map/microtubule affinity-regulating kinase 2|par1 homolog|par1 homolog b|par-1b|par1b|serine/threonine-protein kinase mark2|emk1|-
CHEMBL3834,1942,1942,0629,Enzyme.Transferase,Enzyme,Transferase,0629>0936>0686>0699>0862>0688,-,bmx|bone marrow tyrosine kinase gene in chromosome x protein|cytoplasmic tyrosine-protein kinase bmx|etk|epithelial and endothelial tyrosine kinase|ntk38|-
CHEMBL3835,2117,2117,0588,Enzyme.Transferase,Enzyme,Transferase,0588>0683>0698>0690-2>0690,-,nek2|hspk 21|never in mitosis a-related kinase 2|nima-like protein kinase 1|nima-related protein kinase 2|serine/threonine-protein kinase nek2|nek2a|nlk1|-
CHEMBL3836,2054,2054,0510,Enzyme.Transferase,Enzyme,Transferase,0510>0458>0687>0699>0862>0688,-,limk1|lim domain kinase 1|limk-1|limk|-
CHEMBL3837,2351,2351,0728,Enzyme.Hydrolase,Enzyme,Hydrolase,0728>0709>0759>0690-4>0690,-,ctsl|cathepsin l1|mep|major excreted protein|procathepsin l|ctsl1|-
CHEMBL3839,-,-,-,Other Protein Target.Other Protein Target,Other Protein Target,Other Protein Target,0864-1>0864,-,fgfr4|fgfr-4|fibroblast growth factor receptor 4|protein-tyrosine kinase receptor mpk-11|mpk-11|-
CHEMBL3858,3249,3249,1089,Enzyme.Transferase,Enzyme,Transferase,1089>0690-2>0690,-,"cpt1a|cpt i|cpt1-l|cpti-l|carnitine o-palmitoyltransferase 1, liver isoform|carnitine o-palmitoyltransferase i, liver isoform|carnitine palmitoyltransferase 1a|succinyltransferase cpt1a|cpt-1|cpt1|-"
CHEMBL3859,-,-,-,Other Protein Target.Other Protein Target,Other Protein Target,Other Protein Target,0864-1>0864,-,cyp19a1|-|aromatase|arom|cypxix|cyp19|cytochrome p-450arom|cytochrome p450 19a1|estrogen synthase
CHEMBL3861,2142,2142,0596,Enzyme.Transferase,Enzyme,Transferase,0596>0678>0698>0690-2>0690,-,"pdk2|pdh kinase 2|pdkii|pyruvate dehydrogenase kinase isoform 2|kinase isozyme 2, mitochondrial|pdhk2|-"
CHEMBL3863,1489,1489,0605,Enzyme.Transferase,Enzyme,Transferase,0605>0679>0698>0690-2>0690,-,prkd1|protein kinase c mu type|protein kinase d|serine/threonine-protein kinase d1|npkc-d1|npkc-mu|pkd|pkd1|prkcm|-
CHEMBL3864,3203,3203,0980,Enzyme.Hydrolase,Enzyme,Hydrolase,0980>1076>0947>0690,-,ptpn11|ptp-1d|ptp-2c|protein-tyrosine phosphatase 1d|protein-tyrosine phosphatase 2c|sh-ptp2|sh-ptp3|shp-2|shp2|tyrosine-protein phosphatase non-receptor type 11|ptp2c|shptp2|-
CHEMBL3869,1638,1638,0738,Enzyme.Hydrolase,Enzyme,Hydrolase,0738>0713>0759>0690-4>0690,-,mmp14|mmp-14|mmp-x1|mt-mmp 1|mt1-mmp|mt1mmp|mtmmp1|matrix metalloproteinase-14|membrane-type matrix metalloproteinase 1|membrane-type-1 matrix metalloproteinase|-
CHEMBL3872,-,-,-,Other Protein Target.Other Protein Target,Other Protein Target,Other Protein Target,0864-1>0864,-,ccr1|c-c ckr-1|c-c chemokine receptor type 1|cc-ckr-1|ccr-1|mip-1alpha-r|macrophage inflammatory protein 1-alpha receptor|rantes-r|cmkbr1|-
CHEMBL3879,295,295,0040,Receptor.G protein-coupled receptor,Receptor,G protein-coupled receptor,0040>0694>0688,-,grm7|-|metabotropic glutamate receptor 7|gprc1g|mglur7
CHEMBL3879821,67,67,0014,Receptor.G protein-coupled receptor,Receptor,G protein-coupled receptor,0014>0694>0688,-,ccr10|c-c ckr-10|c-c chemokine receptor type 10|cc-ckr-10|ccr-10|chemokine c-c receptor 9|g-protein coupled receptor 2|cmkbr9|gpr2|-
CHEMBL3879850,-,-,-,Other Protein Target.Other Protein Target,Other Protein Target,Other Protein Target,0864-1>0864,-,soat1|-|sterol o-acyltransferase 1|acat-1|acat1|acyl-coenzyme a:cholesterol acyltransferase 1|cholesterol acyltransferase 1
CHEMBL3879854,-,-,-,Other Protein Target.Other Protein Target,Other Protein Target,Other Protein Target,0864-1>0864,-,soat2|-|sterol o-acyltransferase 2|acat-2|acat2|acyl-coenzyme a:cholesterol acyltransferase 2|cholesterol acyltransferase 2
CHEMBL3880,2905,2905,0784,Other Protein Target.Other Protein Target,Other Protein Target,Other Protein Target,0784>0864,-,hsp90aa1|hsp 86|hsp86|heat shock 86 kda|heat shock protein hsp 90-alpha|heat shock protein family c member 1|lap-2|lps-associated protein 2|lipopolysaccharide-associated protein 2|renal carcinoma antigen ny-ren-38|hsp90a|hspc1|hspca|-
CHEMBL3883,-,-,-,Other Protein Target.Other Protein Target,Other Protein Target,Other Protein Target,0864-1>0864,-,dpp4|dpp iv|dipeptidyl peptidase 4|dipeptidyl peptidase iv|t-cell activation antigen cd26|tham|thymocyte-activating molecule|cd26|-
CHEMBL3884,916,916,0173,Transporter.ATP-binding cassette transporter,Transporter,ATP-binding cassette transporter,0173>0143>0863>0691,-,slc5a2|low affinity sodium-glucose cotransporter|na/glucose cotransporter 2|sodium/glucose cotransporter 2|solute carrier family 5 member 2|sglt2|-
CHEMBL3885662,-,-,-,Other Protein Target.Other Protein Target,Other Protein Target,Other Protein Target,0864-1>0864,-,cpha2|-|beta-lactamase
CHEMBL3886,2289,2289,0524,Enzyme.Transferase,Enzyme,Transferase,0524>0461>0687>0699>0862>0688,-,map3k20|hccs-4|human cervical cancer suppressor gene 4 protein|leucine zipper- and sterile alpha motif-containing kinase|mlk-like mitogen-activated protein triple kinase|mlk-related kinase|mrk|mitogen-activated protein kinase kinase kinase 20|mitogen-activated protein kinase kinase kinase mlt|mixed lineage kinase 7|mixed lineage kinase-related kinase|sterile alpha motif- and leucine zipper-containing kinase azk|mlk7|mltk|zak|-
CHEMBL3891,2336,2336,0731,Enzyme.Hydrolase,Enzyme,Hydrolase,0731>0709>0759>0690-4>0690,-,capn1|canp 1|calcium-activated neutral proteinase 1|calpain mu-type|calpain-1 catalytic subunit|calpain-1 large subunit|cell proliferation-inducing gene 30 protein|micromolar-calpain|mucanp|canpl1|-
CHEMBL3892,277,277,0135,Receptor.G protein-coupled receptor,Receptor,G protein-coupled receptor,0135>0694>0688,-,s1pr3|endothelial differentiation g-protein coupled receptor 3|s1p receptor 3|s1p receptor edg-3|s1p3|sphingosine 1-phosphate receptor 3|sphingosine 1-phosphate receptor edg-3|c9orf108|c9orf47|edg3|-
CHEMBL3893,2143,2143,0596,Enzyme.Transferase,Enzyme,Transferase,0596>0678>0698>0690-2>0690,-,"pdk3|pyruvate dehydrogenase kinase isoform 3|kinase isozyme 3, mitochondrial|pdhk3|-"
CHEMBL3898,2333,2333,0739,Enzyme.Hydrolase,Enzyme,Hydrolase,0739>0713>0759>0690-4>0690,-,bmp1|bmp-1|bone morphogenetic protein 1|mammalian tolloid protein|pcp|procollagen c-proteinase|mtld|pcolc|-
CHEMBL3900,2401,2401,0751,Enzyme.Hydrolase,Enzyme,Hydrolase,0751>0721>0759>0690-4>0690,-,prtn3|agp7|c-anca antigen|leukocyte proteinase 3|myeloblastin|np-4|neutrophil proteinase 4|p29|pr-3|pr3|wegener autoantigen|mbn|-
CHEMBL3902,-,-,-,Other Protein Target.Other Protein Target,Other Protein Target,Other Protein Target,0864-1>0864,-,gstp1|gst class-pi|gstp1-1|glutathione s-transferase p|faees3|gst3|-
CHEMBL3905,2060,2060,0619,Enzyme.Transferase,Enzyme,Transferase,0619>0936>0686>0699>0862>0688,-,lyn|lck/yes-related novel protein tyrosine kinase|tyrosine-protein kinase lyn|v-yes-1 yamaguchi sarcoma viral related oncogene homolog|p53lyn|p56lyn|jtk8|-
CHEMBL3906,1529,1529,0541,Enzyme.Transferase,Enzyme,Transferase,0541>0466>0677>0698>0690-2>0690,-,rps6ka2|90 kda ribosomal protein s6 kinase 2|map kinase-activated protein kinase 1c|mapk-activated protein kinase 1c|mapkap kinase 1c|mapkapk-1c|rsk-3|ribosomal s6 kinase 3|ribosomal protein s6 kinase alpha-2|s6k-alpha-2|p90-rsk 2|p90rsk2|pp90rsk3|mapkapk1c|rsk3|-
CHEMBL3910,-,-,-,Other Protein Target.Other Protein Target,Other Protein Target,Other Protein Target,0864-1>0864,-,hsd11b1|-|11-beta-hydroxysteroid dehydrogenase 1|11-dh|11-beta-hsd1|11-beta-hsd1a/mcr|11-beta-hydroxysteroid dehydrogenase/microsomal carbonyl reductase|11beta-hsd1a|7-oxosteroid reductase|corticosteroid 11-beta-dehydrogenase isozyme 1|hsd11|liver-type 11-beta-hsd
CHEMBL3911,267,267,0035,Receptor.G protein-coupled receptor,Receptor,G protein-coupled receptor,0035>0694>0688,-,ltb4r|chemoattractant receptor-like 1|g-protein coupled receptor 16|ltb4-r 1|ltb4-r1|leukotriene b4 receptor 1|p2y purinoceptor 7|p2y7|blt|blt1|bltr|cmkrl1|gpr16|p2ry7|-
CHEMBL3912,-,-,-,Other Protein Target.Other Protein Target,Other Protein Target,Other Protein Target,0864-1>0864,-,ca13|-|carbonic anhydrase 13|ca-xiii|carbonate dehydratase xiii|carbonic anhydrase xiii
CHEMBL3913,2335,2335,0751,Enzyme.Hydrolase,Enzyme,Hydrolase,0751>0721>0759>0690-4>0690,-,c1s|c1 esterase|complement c1s subcomponent|complement component 1 subcomponent s|-
CHEMBL3920,1488,1488,0533,Enzyme.Transferase,Enzyme,Transferase,0533>0286>0677>0698>0690-2>0690,-,prkcq|protein kinase c theta type|npkc-theta|prkct|-
CHEMBL3921,2996,2996,0841,Enzyme.Hydrolase,Enzyme,Hydrolase,0841>0690-4>0690,-,hpse|endo-glucoronidase|heparanase|heparanase-1|hpa1|hep|hpa|hpr1|hpse1|hse1|-
CHEMBL3922,1573,1573,0746,Enzyme.Hydrolase,Enzyme,Hydrolase,0746>0717>0759>0690-4>0690,-,metap2|initiation factor 2-associated 67 kda glycoprotein|map 2|metap 2|methionine aminopeptidase 2|peptidase m|p67|p67eif2|mnpep|-
CHEMBL3923,-,-,-,Other Protein Target.Other Protein Target,Other Protein Target,Other Protein Target,0864-1>0864,-,nisch|i-1|i-1 receptor candidate protein|i1r|i1r candidate protein|ir1|imidazoline receptor 1|imidazoline receptor antisera-selected protein|imidazoline-1 receptor|imidazoline-1 receptor candidate protein|nischarin|hiras|iras|kiaa0975|-
CHEMBL3927,-,-,-,Other Protein Target.Other Protein Target,Other Protein Target,Other Protein Target,0864-1>0864,-,-|replicase polyprotein 1a|orf1a polyprotein|pp1a
CHEMBL3932,-,-,-,Other Protein Target.Other Protein Target,Other Protein Target,Other Protein Target,0864-1>0864,-,-|ca|cam|carbonic anhydrase
CHEMBL3933,338,338,0058,Receptor.G protein-coupled receptor,Receptor,G protein-coupled receptor,0058>0694>0688,-,ptgdr|pgd receptor|pgd2 receptor|prostaglandin d2 receptor|prostanoid dp receptor|-
CHEMBL3935,1938,1938,0557,Enzyme.Transferase,Enzyme,Transferase,0557>0683>0698>0690-2>0690,-,aurkc|ark-3|aurora 3|aurora kinase c|aurora-related kinase 3|aurora/ipl1-related kinase 3|aurora/ipl1/eg2 protein 2|serine/threonine-protein kinase 13|serine/threonine-protein kinase aurora-c|aie2|aik3|airk3|ark3|stk13|-
CHEMBL3938,2213,2213,0586,Enzyme.Transferase,Enzyme,Transferase,0586>0683>0698>0690-2>0690,-,stk16|mpsk|myristoylated and palmitoylated serine/threonine-protein kinase|protein kinase pkl12|serine/threonine-protein kinase 16|tgf-beta-stimulated factor 1|tsf-1|tyrosine-protein kinase stk16|hpsk|mpsk1|pkl12|tsf1|-
CHEMBL3942,-,-,-,Other Protein Target.Other Protein Target,Other Protein Target,Other Protein Target,0864-1>0864,-,tacr1|-|substance-p receptor|nk-1 receptor|nk-1r|spr|tac1r|tachykinin receptor 1
CHEMBL3943,-,-,-,Other Protein Target.Other Protein Target,Other Protein Target,Other Protein Target,0864-1>0864,-,hrh1|-|histamine h1 receptor|h1r|hh1r
CHEMBL3948,-,-,-,Other Protein Target.Other Protein Target,Other Protein Target,Other Protein Target,0864-1>0864,-,agtr1|-|type-1 angiotensin ii receptor|at1 receptor|angiotensin ii type-1 receptor
CHEMBL3949,-,-,-,Other Protein Target.Other Protein Target,Other Protein Target,Other Protein Target,0864-1>0864,-,ednrb|et-b|et-br|endothelin receptor non-selective type|endothelin receptor type b|-
CHEMBL3952,-,-,-,Other Protein Target.Other Protein Target,Other Protein Target,Other Protein Target,0864-1>0864,-,oprk1|-|kappa-type opioid receptor|k-or-1|kor-1
CHEMBL3956,2069,2069,0621,Enzyme.Transferase,Enzyme,Transferase,0621>0685>0698>0690-2>0690,-,map3k1|-|mitogen-activated protein kinase kinase kinase 1|mapk/erk kinase kinase 1|mapkkk1|mek kinase 1|mekk|mekk 1|mekk1
CHEMBL3959,-,-,-,Other Protein Target.Other Protein Target,Other Protein Target,Other Protein Target,0864-1>0864,-,nqo2|nrh dehydrogenase 2|nrh:quinone oxidoreductase 2|qr2|quinone reductase 2|ribosyldihydronicotinamide dehydrogenase|nmor2|-
CHEMBL3960,-,-,-,Other Protein Target.Other Protein Target,Other Protein Target,Other Protein Target,0864-1>0864,-,fgfr1|basic fibroblast growth factor receptor 1|fgfr-1|fibroblast growth factor receptor 1|mfr|proto-oncogene c-fgr|bfgf-r-1|flg|-
CHEMBL3961,1500,1500,0519,Enzyme.Transferase,Enzyme,Transferase,0519>0288>0681>0698>0690-2>0690,-,mapk11|map kinase 11|map kinase p38 beta|mapk 11|mitogen-activated protein kinase 11|mitogen-activated protein kinase p38 beta|sapk2b|stress-activated protein kinase 2b|p38-2|p38b|prkm11|sapk2|-
CHEMBL3962,-,-,-,Other Protein Target.Other Protein Target,Other Protein Target,Other Protein Target,0864-1>0864,-,kyat1|cysteine-s-conjugate beta-lyase|gtk|glutamine transaminase k|glutamine--phenylpyruvate transaminase|kati|kynurenine aminotransferase 1|kynurenine aminotransferase i|kynurenine--oxoglutarate transaminase 1|kynurenine--oxoglutarate transaminase i|ccbl1|-
CHEMBL3969,-,-,-,Other Protein Target.Other Protein Target,Other Protein Target,Other Protein Target,0864-1>0864,-,"ca5b|ca-vb|carbonate dehydratase vb|carbonic anhydrase 5b, mitochondrial|carbonic anhydrase vb|-"
CHEMBL3972,-,-,-,Other Protein Target.Other Protein Target,Other Protein Target,Other Protein Target,0864-1>0864,-,gart|trifunctional purine biosynthetic protein adenosine-3|pgft|prgs|-
CHEMBL3973,1811,1811,0323,Receptor.Catalytic Receptor,Receptor,Catalytic Receptor,0323>0304>0686>0699>0862>0688,-,fgfr4|fgfr-4|fibroblast growth factor receptor 4|jtk2|tkf|-
CHEMBL3974,347,347,0059,Receptor.G protein-coupled receptor,Receptor,G protein-coupled receptor,0059>0694>0688,-,f2r|coagulation factor ii receptor|par-1|proteinase-activated receptor 1|thrombin receptor|cf2r|par1|tr|-
CHEMBL3975,-,-,-,Other Protein Target.Other Protein Target,Other Protein Target,Other Protein Target,0864-1>0864,-,"fbp1|d-fructose-1,6-bisphosphate 1-phosphohydrolase 1|fbpase 1|fructose-1,6-bisphosphatase 1|liver fbpase|fbp|-"
CHEMBL3976,1605,1605,0757,Enzyme.Hydrolase,Enzyme,Hydrolase,0757>0725>0759>0690-4>0690,-,dpp7|dpp ii|dipeptidyl aminopeptidase ii|dipeptidyl peptidase 2|dipeptidyl peptidase 7|dipeptidyl peptidase ii|quiescent cell proline dipeptidase|dpp2|qpp|-
CHEMBL3977,1314,1314,0260,Enzyme.Hydrolase,Enzyme,Hydrolase,0260>0241>0690-4>0690,-,"pde6c|cone cgmp-specific 3',5'-cyclic phosphodiesterase subunit alpha'|cgmp phosphodiesterase 6c|pdea2|-"
CHEMBL3979,594,594,0086,Receptor.Nuclear Hormone Receptor,Receptor,Nuclear Hormone Receptor,0086>0695>0688,-,ppard|nuc1|nuci|nuclear hormone receptor 1|nuclear receptor subfamily 1 group c member 2|ppar-beta|ppar-delta|peroxisome proliferator-activated receptor beta|peroxisome proliferator-activated receptor delta|nr1c2|pparb|-
CHEMBL3980,-,-,-,Other Protein Target.Other Protein Target,Other Protein Target,Other Protein Target,0864-1>0864,-,stk17b|-|serine/threonine-protein kinase 17b|dap kinase-related apoptosis-inducing protein kinase 2|drak2
CHEMBL3981,2211,2211,0549,Enzyme.Transferase,Enzyme,Transferase,0549>0467>0685>0698>0690-2>0690,-,stk10|lymphocyte-oriented kinase|serine/threonine-protein kinase 10|lok|-
CHEMBL3982,2022,2022,0575,Enzyme.Transferase,Enzyme,Transferase,0575>0936>0686>0699>0862>0688,-,fer|feline encephalitis virus-related kinase fer|fujinami poultry sarcoma/feline sarcoma-related protein fer|proto-oncogene c-fer|tyrosine kinase 3|tyrosine-protein kinase fer|p94-fer|tyk3|-
CHEMBL3983,2264,2264,0637,Enzyme.Transferase,Enzyme,Transferase,0637>0683>0698>0690-2>0690,-,ttk|dual specificity protein kinase ttk|pyt|phosphotyrosine picked threonine-protein kinase|mps1|mps1l1|-
CHEMBL3984,2167,2167,0642,Enzyme.Transferase,Enzyme,Transferase,0642>0683>0698>0690-2>0690,-,pkmyt1|membrane-associated tyrosine- and threonine-specific cdc2-inhibitory kinase|myt1 kinase|myt1|-
CHEMBL3985,-,-,-,Other Protein Target.Other Protein Target,Other Protein Target,Other Protein Target,0864-1>0864,-,cacna2d1|calcium voltage-gated channel auxiliary subunit alpha2delta 1|voltage-dependent calcium channel alpha-2 delta subunit|-|voltage-dependent calcium channel alpha2delta subunit
CHEMBL3987,1825,1825,0327,Receptor.Catalytic Receptor,Receptor,Catalytic Receptor,0327>0304>0686>0699>0862>0688,-,epha5|brain-specific kinase|ehk-1|ek7|eph homology kinase 1|eph-like kinase 7|ephrin type-a receptor 5|hek7|bsk|ehk1|tyro4|-
CHEMBL3987581,-,-,-,Other Protein Target.Other Protein Target,Other Protein Target,Other Protein Target,0864-1>0864,-,"-|spermidine synthase, putative|spermidine synthase"
CHEMBL3988,1824,1824,0327,Receptor.Catalytic Receptor,Receptor,Catalytic Receptor,0327>0304>0686>0699>0862>0688,-,epha4|ek8|eph-like kinase 8|ephrin type-a receptor 4|tyrosine-protein kinase tyro1|tyrosine-protein kinase receptor sek|hek8|sek|tyro1|-
CHEMBL3988607,-,-,-,Other Protein Target.Other Protein Target,Other Protein Target,Other Protein Target,0864-1>0864,-,-|plasmepsin 4
CHEMBL3991,2363,2363,0751,Enzyme.Hydrolase,Enzyme,Hydrolase,0751>0721>0759>0690-4>0690,-,f7|coagulation factor vii|proconvertin|spca|serum prothrombin conversion accelerator|-
CHEMBL3991501,2885,2885,0922,Enzyme.Oxidoreductase,Enzyme,Oxidoreductase,0922>0690-1>0690,-,"idh2|icd-m|idh|idp|isocitrate dehydrogenase , mitochondrial|nadp-specific icdh|oxalosuccinate decarboxylase|-"
CHEMBL3994,-,-,-,Other Protein Target.Other Protein Target,Other Protein Target,Other Protein Target,0864-1>0864,-,fabi|-|enoyl- reductase fabi|enr|nadph-dependent enoyl-acp reductase
CHEMBL3996,369,369,0066,Receptor.G protein-coupled receptor,Receptor,G protein-coupled receptor,0066>0694>0688,-,oxtr|ot-r|oxytocin receptor|otr|-
CHEMBL3998,-,-,-,Other Protein Target.Other Protein Target,Other Protein Target,Other Protein Target,0864-1>0864,-,drd2|-|d dopamine receptor|dopamine d2 receptor
CHEMBL3999,-,-,-,Other Protein Target.Other Protein Target,Other Protein Target,Other Protein Target,0864-1>0864,-,ftsz|-|cell division protein ftsz|sfib|sulb
CHEMBL4001,-,-,-,Other Protein Target.Other Protein Target,Other Protein Target,Other Protein Target,0864-1>0864,-,hdac1|hd1|histone deacetylase 1|protein deacetylase hdac1|protein deacylase hdac1|-
CHEMBL4004,-,-,-,Other Protein Target.Other Protein Target,Other Protein Target,Other Protein Target,0864-1>0864,-,"phkg1|phk-gamma-m|phosphorylase b kinase gamma catalytic chain, skeletal muscle/heart isoform|phosphorylase kinase subunit gamma-1|serine/threonine-protein kinase phkg1|phkg|-"
CHEMBL4005,2153,2153,0781,Enzyme.Transferase,Enzyme,Transferase,0781>0244>0690,-,"pik3ca|pi3-kinase subunit alpha|pi3k-alpha|pi3kalpha|phosphatidylinositol 4,5-bisphosphate 3-kinase 110 kda catalytic subunit alpha|phosphatidylinositol 4,5-bisphosphate 3-kinase catalytic subunit alpha isoform|phosphoinositide 3-kinase alpha|phosphoinositide-3-kinase catalytic alpha polypeptide|ptdins-3-kinase subunit alpha|ptdins-3-kinase subunit p110-alpha|serine/threonine protein kinase pik3ca|p110alpha|-"
CHEMBL401,458,458,0075,Ion Channel.Ligand-gated ion channel,Ion Channel,Ligand-gated ion channel,0075>0697>0689,-,"grin2c|-|glutamate receptor ionotropic, nmda 2c|glun2c|glutamate receptor subunit epsilon-3|n-methyl d-aspartate receptor subtype 2c|nmdar2c|nr2c"
CHEMBL4014,1924,1924,0553,Enzyme.Transferase,Enzyme,Transferase,0553>0936>0686>0699>0862>0688,-,abl2|abelson murine leukemia viral oncogene homolog 2|abelson tyrosine-protein kinase 2|abelson-related gene protein|tyrosine-protein kinase abl2|tyrosine-protein kinase arg|abll|arg|-
CHEMBL4015,59,59,0014,Receptor.G protein-coupled receptor,Receptor,G protein-coupled receptor,0014>0694>0688,-,ccr2|c-c ckr-2|c-c chemokine receptor type 2|cc-ckr-2|ccr-2|mcp-1-r|monocyte chemoattractant protein 1 receptor|cmkbr2|-
CHEMBL4016,445,445,0075,Ion Channel.Ligand-gated ion channel,Ion Channel,Ligand-gated ion channel,0075>0697>0689,-,"gria2|ampa-selective glutamate receptor 2|glur-2|glur-b|glur-k2|glutamate receptor 2|glutamate receptor ionotropic, ampa 2|glur2|glua2|-"
CHEMBL4017,585,585,0082,Ion Channel.Voltage-gated ion channel,Ion Channel,Voltage-gated ion channel,0082>0696>0689,-,scn10a|pn3|peripheral nerve sodium channel 3|sensory neuron sodium channel|sodium channel protein type 10 subunit alpha|sodium channel protein type x subunit alpha|voltage-gated sodium channel subunit alpha nav1.8|sns|-
CHEMBL4018,306,306,0046,Receptor.G protein-coupled receptor,Receptor,G protein-coupled receptor,0046>0694>0688,-,npy2r|npy-y2 receptor|npy2-r|neuropeptide y receptor type 2|y2 receptor|-
CHEMBL402,639,639,0104,Enzyme.Oxidoreductase,Enzyme,Oxidoreductase,0104>0690-2>0690,-,hmgcr|3-hydroxy-3-methylglutaryl-coenzyme a reductase|hmg-coa reductase|-
CHEMBL4026,2994,2994,0990,Other Protein Target.Other Protein Target,Other Protein Target,Other Protein Target,0990>0972>0864,-,stat3|acute-phase response factor|signal transducer and activator of transcription 3|aprf|-
CHEMBL4027,360,360,0062,Receptor.G protein-coupled receptor,Receptor,G protein-coupled receptor,0062>0694>0688,-,tacr1|-|substance-p receptor|nk-1 receptor|nk-1r|spr|tac1r|tachykinin receptor 1
CHEMBL4029,68,68,0014,Receptor.G protein-coupled receptor,Receptor,G protein-coupled receptor,0014>0694>0688,-,cxcr1|c-x-c chemokine receptor type 1|cdw128a|cxc-r1|cxcr-1|high affinity interleukin-8 receptor a|il-8 receptor type 1|il-8r a|cmkar1|il8ra|-
CHEMBL4033,-,-,-,Other Protein Target.Other Protein Target,Other Protein Target,Other Protein Target,0864-1>0864,-,ptgs2|-|prostaglandin g/h synthase 2|cox-2|cyclooxygenase-2|phs ii|prostaglandin h2 synthase 2|prostaglandin-endoperoxide synthase 2
CHEMBL4036,1977,1977,0495,Enzyme.Transferase,Enzyme,Transferase,0495>0453>0681>0698>0690-2>0690,-,cdk5|cell division protein kinase 5|cyclin-dependent kinase 5|cyclin-dependent-like kinase 5|serine/threonine-protein kinase pssalre|tpkii catalytic subunit|tau protein kinase ii catalytic subunit|cdkn5|pssalre|-
CHEMBL4037,3252,3252,1089,Enzyme.Transferase,Enzyme,Transferase,1089>0690-2>0690,-,"cpt2|cpt ii|carnitine o-palmitoyltransferase 2, mitochondrial|carnitine palmitoyltransferase ii|cpt-2|-"
CHEMBL4040,1495,1495,0514,Enzyme.Transferase,Enzyme,Transferase,0514>0288>0681>0698>0690-2>0690,-,mapk1|erk-2|ert1|extracellular signal-regulated kinase 2|map kinase 1|map kinase 2|map kinase isoform p42|mapk 1|mapk 2|mitogen-activated protein kinase 1|mitogen-activated protein kinase 2|p42-mapk|erk2|prkm1|prkm2|-
CHEMBL4050,3176,3176,0845,Enzyme.Isomerase,Enzyme,Isomerase,0845>0690-5>0690,-,fkbp4|51 kda fk506-binding protein|52 kda fk506-binding protein|52 kda fkbp|59 kda immunophilin|fk506-binding protein 4|fkbp-4|fkbp-52|fkbp51|fkbp59|hbi|hsp-binding immunophilin|immunophilin fkbp52|ppiase fkbp4|peptidyl-prolyl cis-trans isomerase fkbp4|rotamase|p59|fkbp52|-
CHEMBL4051,707,707,0129,Ion Channel.Other ion channel,Ion Channel,Other ion channel,0129>0120>0861>0689,-,cftr|atp-binding cassette sub-family c member 7|channel conductance-controlling atpase|cystic fibrosis transmembrane conductance regulator|camp-dependent chloride channel|abcc7|-
CHEMBL4054,-,-,-,Other Protein Target.Other Protein Target,Other Protein Target,Other Protein Target,0864-1>0864,-,slc6a1|-|sodium- and chloride-dependent gaba transporter 1|gat-1|gabt1|gat1|solute carrier family 6 member 1
CHEMBL4062,-,-,-,Other Protein Target.Other Protein Target,Other Protein Target,Other Protein Target,0864-1>0864,-,capn1|canp 1|calcium-activated neutral proteinase 1|calpain mu-type|calpain-1 catalytic subunit|calpain-1 large subunit|micromolar-calpain|mucanp|-
CHEMBL4065,-,-,-,Other Protein Target.Other Protein Target,Other Protein Target,Other Protein Target,0864-1>0864,-,cpb1|carboxypeptidase b|cpb|-
CHEMBL4068,2340,2340,0751,Enzyme.Hydrolase,Enzyme,Hydrolase,0751>0721>0759>0690-4>0690,-,cma1|alpha-chymase|chymase|mast cell protease i|cyh|cym|-
CHEMBL4070,1550,1550,0565,Enzyme.Hydrolase,Enzyme,Hydrolase,0565>0683>0698>0690-2>0690,-,csnk2a2|-|casein kinase ii subunit alpha'|ck ii alpha'|ck2a2
CHEMBL4071,2348,2348,0751,Enzyme.Hydrolase,Enzyme,Hydrolase,0751>0721>0759>0690-4>0690,-,ctsg|cg|cathepsin g|-
CHEMBL4072,2343,2343,0728,Enzyme.Hydrolase,Enzyme,Hydrolase,0728>0709>0759>0690-4>0690,-,ctsb|app secretase|apps|cathepsin b|cathepsin b1|cpsb|-
CHEMBL4073,1631,1631,0738,Enzyme.Hydrolase,Enzyme,Hydrolase,0738>0713>0759>0690-4>0690,-,mmp7|mmp-7|matrilysin|matrin|matrix metalloproteinase-7|pump-1 protease|uterine metalloproteinase|mpsl1|pump1|-
CHEMBL4074,-,-,-,Other Protein Target.Other Protein Target,Other Protein Target,Other Protein Target,0864-1>0864,-,ace|angiotensin-converting enzyme|dipeptidyl carboxypeptidase i|kininase ii|dcp1|-
CHEMBL4078,-,-,-,Other Protein Target.Other Protein Target,Other Protein Target,Other Protein Target,0864-1>0864,-,ache|-|acetylcholinesterase
CHEMBL4079,1466,1466,0507,Enzyme.Transferase,Enzyme,Transferase,0507>0283>0677>0698>0690-2>0690,-,grk2|beta-ark-1|beta-adrenergic receptor kinase 1|g-protein coupled receptor kinase 2|adrbk1|bark|bark1|-
CHEMBL4080,40,40,0009,Receptor.G protein-coupled receptor,Receptor,G protein-coupled receptor,0009>0694>0688,-,brs3|-|bombesin receptor subtype-3|brs-3
CHEMBL4081,-,-,-,Other Protein Target.Other Protein Target,Other Protein Target,Other Protein Target,0864-1>0864,-,f3|coagulation factor iii|tf|thromboplastin|tissue factor|-
CHEMBL4082,-,-,-,Other Protein Target.Other Protein Target,Other Protein Target,Other Protein Target,0864-1>0864,-,gusb|-|beta-glucuronidase
CHEMBL4086,343,343,0058,Receptor.G protein-coupled receptor,Receptor,G protein-coupled receptor,0058>0694>0688,-,ptger4|pge receptor ep4 subtype|pge2 receptor ep4 subtype|prostaglandin e2 receptor ep4 subtype|prostanoid ep4 receptor|-
CHEMBL4087,-,-,-,Other Protein Target.Other Protein Target,Other Protein Target,Other Protein Target,0864-1>0864,-,bdkrb1|-|b1 bradykinin receptor|b1r|bk-1 receptor
CHEMBL4088,-,-,-,Other Protein Target.Other Protein Target,Other Protein Target,Other Protein Target,0864-1>0864,-,parc|-|dna topoisomerase 4 subunit a|topoisomerase iv subunit a|grla
CHEMBL4092,-,-,-,Other Protein Target.Other Protein Target,Other Protein Target,Other Protein Target,0864-1>0864,-,mapk10|map kinase 10|mapk 10|mitogen-activated protein kinase 10|sapk-beta|stress-activated protein kinase jnk3|c-jun n-terminal kinase 3|p54-beta|jnk3|prkm10|-
CHEMBL4093,601,601,0089,Receptor.Nuclear Hormone Receptor,Receptor,Nuclear Hormone Receptor,0089>0695>0688,-,nr1h2|liver x receptor beta|nuclear receptor ner|nuclear receptor subfamily 1 group h member 2|oxysterols receptor lxr-beta|ubiquitously-expressed nuclear receptor|lxrb|ner|unr|-
CHEMBL4096,-,-,-,Other Protein Target.Other Protein Target,Other Protein Target,Other Protein Target,0864-1>0864,-,tp53|antigen ny-co-13|cellular tumor antigen p53|phosphoprotein p53|tumor suppressor p53|p53|-
CHEMBL4098,2353,2353,0728,Enzyme.Hydrolase,Enzyme,Hydrolase,0728>0709>0759>0690-4>0690,-,ctss|cathepsin s|cats|-
CHEMBL4101,1476,1476,0284,Enzyme.Transferase,Enzyme,Transferase,0284>0677>0698>0690-2>0690,-,prkaca|pka c-alpha|camp-dependent protein kinase catalytic subunit alpha|pkaca|-
CHEMBL4102,-,-,-,Other Protein Target.Other Protein Target,Other Protein Target,Other Protein Target,0864-1>0864,-,ptgs2|-|prostaglandin g/h synthase 2|cox-2|cox2|cyclooxygenase-2|pgh synthase 2|pghs-2|phs ii|prostaglandin h2 synthase 2|prostaglandin-endoperoxide synthase 2
CHEMBL4105758,-,-,-,Other Protein Target.Other Protein Target,Other Protein Target,Other Protein Target,0864-1>0864,-,btn3a1|butyrophilin subfamily 3 member a1|btf5|-
CHEMBL4105786,2957,2957,0973,Other Protein Target.Other Protein Target,Other Protein Target,Other Protein Target,0973>0972>0864,-,bcl6|b-cell lymphoma 5 protein|b-cell lymphoma 6 protein|bcl-5|bcl-6|protein laz-3|zinc finger and btb domain-containing protein 27|zinc finger protein 51|bcl5|laz3|zbtb27|znf51|-
CHEMBL4105787,3256,3256,1090,Enzyme.Transferase,Enzyme,Transferase,1090>0698>0690-2>0690,-,dgka|80 kda diacylglycerol kinase|dag kinase alpha|dgk-alpha|diacylglycerol kinase alpha|diglyceride kinase alpha|dagk|dagk1|-
CHEMBL4105810,-,-,-,Other Protein Target.Other Protein Target,Other Protein Target,Other Protein Target,0864-1>0864,-,dock2|dedicator of cytokinesis protein 2|kiaa0209|-
CHEMBL4105832,-,-,-,Other Protein Target.Other Protein Target,Other Protein Target,Other Protein Target,0864-1>0864,-,eif4a3|atp-dependent rna helicase ddx48|atp-dependent rna helicase eif4a-3|dead box protein 48|eukaryotic initiation factor 4a-iii|eukaryotic initiation factor 4a-like nuk-34|eukaryotic translation initiation factor 4a isoform 3|nmp 265|nuclear matrix protein 265|eif-4a-iii|eif4a-iii|hnmp 265|ddx48|kiaa0111|-
CHEMBL4105833,-,-,-,Other Protein Target.Other Protein Target,Other Protein Target,Other Protein Target,0864-1>0864,-,sppl2a|imp-3|intramembrane protease 3|presenilin-like protein 2|spp-like 2a|signal peptide peptidase-like 2a|imp3|psl2|-
CHEMBL4105838,-,-,-,Other Protein Target.Other Protein Target,Other Protein Target,Other Protein Target,0864-1>0864,-,dcun1d1|dcn1-like protein 1|dcnl1|dcun1 domain-containing protein 1|defective in cullin neddylation protein 1-like protein 1|squamous cell carcinoma-related oncogene|dcn1|dcun1l1|rp42|sccro|-
CHEMBL4105845,3187,3187,0981,Enzyme.Hydrolase,Enzyme,Hydrolase,0981>0690-4>0690,-,chit1|chitinase-1|chitotriosidase-1|-
CHEMBL4105859,1822,1822,0327,Receptor.Catalytic Receptor,Receptor,Catalytic Receptor,0327>0304>0686>0699>0862>0688,-,epha2|ephrin type-a receptor 2|epithelial cell kinase|tyrosine-protein kinase receptor eck|tyrosine-protein kinase receptor mpk-5|tyrosine-protein kinase receptor sek-2|eck|myk2|sek2|-
CHEMBL4105864,2553,2553,0785,Other Protein Target.Other Protein Target,Other Protein Target,Other Protein Target,0785>0864,-,tmem97|-|sigma intracellular receptor 2|s2r|sigma-2 receptor|sigma2 receptor|transmembrane protein 97
CHEMBL4105879,-,-,-,Other Protein Target.Other Protein Target,Other Protein Target,Other Protein Target,0864-1>0864,-,mep1b|endopeptidase-2|meprin a subunit beta|meprin b|n-benzoyl-l-tyrosyl-p-amino-benzoic acid hydrolase subunit beta|paba peptide hydrolase|pph beta|-
CHEMBL4105899,-,-,-,Other Protein Target.Other Protein Target,Other Protein Target,Other Protein Target,0864-1>0864,-,ywhaz|14-3-3 protein zeta/delta|kcip-1|protein kinase c inhibitor protein 1|-
CHEMBL4105905,-,-,-,Other Protein Target.Other Protein Target,Other Protein Target,Other Protein Target,0864-1>0864,-,"crtn|-|4,4'-diapophytoene desaturase|dehydrosqualene desaturase"
CHEMBL4105907,2553,2553,0785,Other Protein Target.Other Protein Target,Other Protein Target,Other Protein Target,0785>0864,-,tmem97|mac30|meningioma-associated protein 30|s2r|sigma intracellular receptor 2|sigma-2 receptor|sigma2 receptor|transmembrane protein 97|-
CHEMBL4105915,-,-,-,Other Protein Target.Other Protein Target,Other Protein Target,Other Protein Target,0864-1>0864,-,shmt|-|glycine hydroxymethyltransferase
CHEMBL4105923,-,-,-,Other Protein Target.Other Protein Target,Other Protein Target,Other Protein Target,0864-1>0864,-,khk|hepatic fructokinase|ketohexokinase|-
CHEMBL4105929,-,-,-,Other Protein Target.Other Protein Target,Other Protein Target,Other Protein Target,0864-1>0864,-,hel-s-133p|-|l-lactate dehydrogenase
CHEMBL4105932,-,-,-,Other Protein Target.Other Protein Target,Other Protein Target,Other Protein Target,0864-1>0864,-,ern2|endoplasmic reticulum-to-nucleus signaling 2|ire1b|inositol-requiring protein 2|ire1-beta|serine/threonine-protein kinase/endoribonuclease ire2|hire2p|ire2|-
CHEMBL4105948,-,-,-,Other Protein Target.Other Protein Target,Other Protein Target,Other Protein Target,0864-1>0864,-,sppl2a|imp-3|intramembrane protease 3|presenilin-like protein 2|spp-like 2a|signal peptide peptidase-like 2a|imp3|psl2|-
CHEMBL4105966,-,-,-,Other Protein Target.Other Protein Target,Other Protein Target,Other Protein Target,0864-1>0864,-,nr3c1|-|glucocorticoid receptor|nuclear receptor subfamily 3 group c member 1
CHEMBL4105972,-,-,-,Other Protein Target.Other Protein Target,Other Protein Target,Other Protein Target,0864-1>0864,-,snrnp200|activating signal cointegrator 1 complex subunit 3-like 1|brr2 homolog|u5 small nuclear ribonucleoprotein 200 kda helicase|u5 snrnp-specific 200 kda protein|u5-200kd|ascc3l1|brr2|helic2|kiaa0788|-
CHEMBL4105989,-,-,-,Other Protein Target.Other Protein Target,Other Protein Target,Other Protein Target,0864-1>0864,-,loxl3|lysyl oxidase homolog 3|lysyl oxidase-like protein 3|loxl|-
CHEMBL4106,-,-,-,Other Protein Target.Other Protein Target,Other Protein Target,Other Protein Target,0864-1>0864,-,ctsd|cathepsin d|-
CHEMBL4108,528,528,0080,Ion Channel.Voltage-gated ion channel,Ion Channel,Voltage-gated ion channel,0080>0696>0689,-,"cacna1s|calcium channel, l type, alpha-1 polypeptide, isoform 3, skeletal muscle|rob1|voltage-dependent l-type calcium channel subunit alpha-1s|voltage-gated calcium channel subunit alpha cav1.1|cach1|cacn1|cacnl1a3|cchl1a3|-"
CHEMBL4111,-,-,-,Other Protein Target.Other Protein Target,Other Protein Target,Other Protein Target,0864-1>0864,-,bdkrb2|-|b2 bradykinin receptor|b2r|bk-2 receptor
CHEMBL4121,1556,1556,0562,Enzyme.Transferase,Enzyme,Transferase,0562>0679>0698>0690-2>0690,-,camk2b|cam kinase ii subunit beta|camk-ii subunit beta|calcium/calmodulin-dependent protein kinase type ii subunit beta|cam2|camk2|camkb|-
CHEMBL4123,309,309,0047,Receptor.G protein-coupled receptor,Receptor,G protein-coupled receptor,0047>0694>0688,-,ntsr1|high-affinity levocabastine-insensitive neurotensin receptor|nt-r-1|ntr1|ntrh|neurotensin receptor type 1|ntrr|-
CHEMBL4124,264,264,0033,Receptor.G protein-coupled receptor,Receptor,G protein-coupled receptor,0033>0694>0688,-,hrh3|h3r|hh3r|histamine h3 receptor|-
CHEMBL4128,1842,1842,0330,Receptor.Catalytic Receptor,Receptor,Catalytic Receptor,0330>0304>0686>0699>0862>0688,-,tek|angiopoietin-1 receptor|endothelial tyrosine kinase|tunica interna endothelial cell kinase|tyrosine kinase with ig and egf homology domains-2|tyrosine-protein kinase receptor tek|tyrosine-protein kinase receptor tie-2|htie2|p140 tek|tie2|vmcm|vmcm1|-
CHEMBL4134,1828,1828,0327,Receptor.Catalytic Receptor,Receptor,Catalytic Receptor,0327>0304>0686>0699>0862>0688,-,epha8|ek3|eph- and elk-related kinase|eph-like kinase 3|ephrin type-a receptor 8|tyrosine-protein kinase receptor eek|hek3|eek|kiaa1459|-
CHEMBL4140,2970,2970,0799,Enzyme.Hydrolase,Enzyme,Hydrolase,0799>0690-4>0690,-,ephx2|bifunctional epoxide hydrolase 2|eph2|-
CHEMBL4141,2144,2144,0596,Enzyme.Transferase,Enzyme,Transferase,0596>0678>0698>0690-2>0690,-,"pdk4|-|kinase isozyme 4, mitochondrial|pdhk4|pyruvate dehydrogenase kinase isoform 4"
CHEMBL4142,1809,1809,0323,Receptor.Catalytic Receptor,Receptor,Catalytic Receptor,0323>0304>0686>0699>0862>0688,-,fgfr2|fgfr-2|fibroblast growth factor receptor 2|k-sam|kgfr|keratinocyte growth factor receptor|bek|ksam|-
CHEMBL4143,-,-,-,Other Protein Target.Other Protein Target,Other Protein Target,Other Protein Target,0864-1>0864,-,capn2|-|calpain-2 catalytic subunit|canp 2|calcium-activated neutral proteinase 2|calpain m-type|calpain-2 large subunit|m-calpain|millimolar-calpain
CHEMBL4145,2620,2620,0848,Enzyme.Hydrolase,Enzyme,Hydrolase,0848>0865>0690,-,hdac9|hd7|hd7b|hd9|histone deacetylase 7b|histone deacetylase 9|histone deacetylase-related protein|mef2-interacting transcription repressor mitr|hdac7|hdac7b|hdrp|kiaa0744|mitr|-
CHEMBL4147,-,-,-,Other Protein Target.Other Protein Target,Other Protein Target,Other Protein Target,0864-1>0864,-,camk2a|cam kinase ii subunit alpha|camk-ii subunit alpha|calcium/calmodulin-dependent protein kinase type ii subunit alpha|camka|kiaa0968|-
CHEMBL4150,-,-,-,Other Protein Target.Other Protein Target,Other Protein Target,Other Protein Target,0864-1>0864,-,fabi|-|enoyl-acyl-carrier protein reductase
CHEMBL4151,-,-,-,Other Protein Target.Other Protein Target,Other Protein Target,Other Protein Target,0864-1>0864,-,hk|-|phosphotransferase|hexokinase
CHEMBL4153,-,-,-,Other Protein Target.Other Protein Target,Other Protein Target,Other Protein Target,0864-1>0864,-,sigmar1|-|sigma non-opioid intracellular receptor 1|oprs1|sigma 1-type opioid receptor|sigma1-receptor|sigma1r|sterol isomerase-like protein
CHEMBL4158,2608,2608,0844,Enzyme.Multifunctional,Enzyme,Multifunctional,0844>0690-3>0690,-,fasn|fatty acid synthase|type i fatty acid synthase|fas|-
CHEMBL4161,-,-,-,Other Protein Target.Other Protein Target,Other Protein Target,Other Protein Target,0864-1>0864,-,-|urease|jbu|jack bean urease|urea amidohydrolase
CHEMBL4162,3224,3224,1077,Enzyme.Hydrolase,Enzyme,Hydrolase,1077>1076>0947>0690,-,ptp4a3|prl-3|prl-r|protein tyrosine phosphatase type iva 3|protein-tyrosine phosphatase 4a3|protein-tyrosine phosphatase of regenerating liver 3|prl3|-
CHEMBL4163,1752,1752,0316,Receptor.Catalytic Receptor,Receptor,Catalytic Receptor,0316>0302>0862>0688,-,tlr2|toll-like receptor 2|toll/interleukin-1 receptor-like protein 4|til4|-
CHEMBL4165,-,-,-,Other Protein Target.Other Protein Target,Other Protein Target,Other Protein Target,0864-1>0864,-,gyra|-|dna gyrase subunit a|type iia topoisomerase subunit gyra
CHEMBL4167,-,-,-,Other Protein Target.Other Protein Target,Other Protein Target,Other Protein Target,0864-1>0864,-,pla2g5|pla2-10|phosphatidylcholine 2-acylhydrolase 5|phospholipase a2 group v|-
CHEMBL4174,-,-,-,Other Protein Target.Other Protein Target,Other Protein Target,Other Protein Target,0864-1>0864,-,neu4|n-acetyl-alpha-neuraminidase 4|sialidase-4|-
CHEMBL4175,-,-,-,Other Protein Target.Other Protein Target,Other Protein Target,Other Protein Target,0864-1>0864,-,matk|chk|csk homologous kinase|hematopoietic consensus tyrosine-lacking kinase|megakaryocyte-associated tyrosine-protein kinase|protein kinase hyl|tyrosine-protein kinase ctk|ctk|hyl|-
CHEMBL4176,-,-,-,Other Protein Target.Other Protein Target,Other Protein Target,Other Protein Target,0864-1>0864,-,fuca1|alpha-l-fucosidase 1|alpha-l-fucosidase i|alpha-l-fucoside fucohydrolase 1|tissue alpha-l-fucosidase|-
CHEMBL4177,592,592,0085,Receptor.Nuclear Hormone Receptor,Receptor,Nuclear Hormone Receptor,0085>0695>0688,-,rarg|nuclear receptor subfamily 1 group b member 3|rar-gamma|retinoic acid receptor gamma|nr1b3|-
CHEMBL4179,1497,1497,0518,Enzyme.Transferase,Enzyme,Transferase,0518>0288>0681>0698>0690-2>0690,-,mapk9|jnk-55|map kinase 9|mapk 9|mitogen-activated protein kinase 9|sapk1a|stress-activated protein kinase 1a|stress-activated protein kinase jnk2|c-jun n-terminal kinase 2|jnk2|prkm9|-
CHEMBL4187,579,579,0082,Ion Channel.Voltage-gated ion channel,Ion Channel,Voltage-gated ion channel,0082>0696>0689,-,scn2a|hbsc ii|sodium channel protein brain ii subunit alpha|sodium channel protein type 2 subunit alpha|sodium channel protein type ii subunit alpha|voltage-gated sodium channel subunit alpha nav1.2|hba|nac2|scn2a1|scn2a2|-
CHEMBL4188,-,-,-,Other Protein Target.Other Protein Target,Other Protein Target,Other Protein Target,0864-1>0864,-,rhodesain|-|cysteine protease
CHEMBL4190,868,868,0163,Transporter.ATP-binding cassette transporter,Transporter,ATP-binding cassette transporter,0163>0139>0863>0691,-,slc1a3|excitatory amino acid transporter 1|glast|glast-1|glial glutamate transporter|sodium-dependent glutamate/aspartate transporter 1|solute carrier family 1 member 3|eaat1|-
CHEMBL4191,1399,1399,0944,Enzyme.Hydrolase,Enzyme,Hydrolase,0944>0943>0690,-,mgll|hu-k5|lysophospholipase homolog|lysophospholipase-like|magl|mgl|monoacylglycerol lipase|monoglyceride lipase|-
CHEMBL4198,2790,2790,0889,Other Protein Target.Other Protein Target,Other Protein Target,Other Protein Target,0889>0864,-,xiap|baculoviral iap repeat-containing protein 4|e3 ubiquitin-protein ligase xiap|iap-3|iap-like protein|ilp|inhibitor of apoptosis protein 3|ring-type e3 ubiquitin transferase xiap|x-linked iap|x-linked inhibitor of apoptosis protein|hiap-3|hiap3|hilp|api3|birc4|iap3|-
CHEMBL4200,-,-,-,Other Protein Target.Other Protein Target,Other Protein Target,Other Protein Target,0864-1>0864,-,pla2g10|gx spla2|group 10 secretory phospholipase a2|group x secretory phospholipase a2|phosphatidylcholine 2-acylhydrolase 10|spla2-x|-
CHEMBL4201,-,-,-,Other Protein Target.Other Protein Target,Other Protein Target,Other Protein Target,0864-1>0864,-,pla2g2e|-|group iie secretory phospholipase a2|giie spla2|phosphatidylcholine 2-acylhydrolase 2e|spla2-iie
CHEMBL4202,2200,2200,0549,Enzyme.Transferase,Enzyme,Transferase,0549>0467>0685>0698>0690-2>0690,-,slk|ctcl tumor antigen se20-9|ste20-like kinase|ste20-like serine/threonine-protein kinase|ste20-related kinase|ste20-related serine/threonine-protein kinase|serine/threonine-protein kinase 2|hslk|kiaa0204|stk2|-
CHEMBL4203,1993,1993,0568,Enzyme.Transferase,Enzyme,Transferase,0568>0681>0698>0690-2>0690,-,clk4|-|dual specificity protein kinase clk4|cdc-like kinase 4
CHEMBL4204,2105,2105,0513,Enzyme.Transferase,Enzyme,Transferase,0513>0459>0679>0698>0690-2>0690,-,mknk2|map kinase signal-integrating kinase 2|map kinase-interacting serine/threonine-protein kinase 2|mapk signal-integrating kinase 2|mnk2|gprk7|-
CHEMBL4208,2404,2404,0752,Enzyme.Hydrolase,Enzyme,Hydrolase,0752>0722>0759>0690-4>0690,-,psmb1|macropain subunit c5|multicatalytic endopeptidase complex subunit c5|proteasome component c5|proteasome gamma chain|proteasome subunit beta type-1|proteasome subunit beta-6|beta-6|psc5|-
CHEMBL4220,-,-,-,Other Protein Target.Other Protein Target,Other Protein Target,Other Protein Target,0864-1>0864,-,ntrk1|-|high affinity nerve growth factor receptor|neurotrophic tyrosine kinase receptor type 1|slow nerve growth factor receptor|trk|trk-a|trka|p140-trka
CHEMBL4223,2025,2025,0619,Enzyme.Transferase,Enzyme,Transferase,0619>0936>0686>0699>0862>0688,-,frk|fyn-related kinase|nuclear tyrosine protein kinase rak|protein-tyrosine kinase 5|tyrosine-protein kinase frk|ptk5|rak|-
CHEMBL4224,1990,1990,0568,Enzyme.Transferase,Enzyme,Transferase,0568>0681>0698>0690-2>0690,-,clk1|cdc-like kinase 1|dual specificity protein kinase clk1|clk|-
CHEMBL4225,1991,1991,0568,Enzyme.Transferase,Enzyme,Transferase,0568>0681>0698>0690-2>0690,-,clk2|cdc-like kinase 2|dual specificity protein kinase clk2|-
CHEMBL4226,1992,1992,0568,Enzyme.Transferase,Enzyme,Transferase,0568>0681>0698>0690-2>0690,-,clk3|cdc-like kinase 3|dual specificity protein kinase clk3|-
CHEMBL4227,223,223,0023,Receptor.G protein-coupled receptor,Receptor,G protein-coupled receptor,0023>0694>0688,-,fpr2|fmlp-r-i|fmlp-related receptor i|formyl peptide receptor-like 1|hm63|lxa4 receptor|lipoxin a4 receptor|n-formyl peptide receptor 2|rfp|fprh1|fprl1|lxa4r|-
CHEMBL4228,932,932,0177,Transporter.ATP-binding cassette transporter,Transporter,ATP-binding cassette transporter,0177>0144>0863>0691,-,slc6a12|-|sodium- and chloride-dependent betaine transporter|bgt-1|bgt1|gat-2|gabt2|gat2|na/cl betaine/gaba transporter|sodium- and chloride-dependent gaba transporter 2|solute carrier family 6 member 12|gaba transporter 2
CHEMBL4229,-,-,-,Other Protein Target.Other Protein Target,Other Protein Target,Other Protein Target,0864-1>0864,-,hao1|2-hydroxyacid oxidase 1|go|gox|glycolate oxidase|glyoxylate oxidase|haox1|gox1|-
CHEMBL4234,-,-,-,Other Protein Target.Other Protein Target,Other Protein Target,Other Protein Target,0864-1>0864,-,hsd17b3|17-beta-hsd 3|17-beta-hydroxysteroid dehydrogenase type 3|estradiol 17-beta-dehydrogenase 2|short chain dehydrogenase/reductase family 12c member 2|testicular 17-beta-hydroxysteroid dehydrogenase|testosterone 17-beta-dehydrogenase 3|edh17b3|sdr12c2|-
CHEMBL4235,2763,2763,0840,Enzyme.Oxidoreductase,Enzyme,Oxidoreductase,0840>0690-1>0690,-,hsd11b1|11-dh|11-beta-hsd1|11-beta-hydroxysteroid dehydrogenase 1|7-oxosteroid reductase|corticosteroid 11-beta-dehydrogenase isozyme 1|short chain dehydrogenase/reductase family 26c member 1|hsd11|hsd11l|sdr26c1|-
CHEMBL4237,1523,1523,0539,Enzyme.Transferase,Enzyme,Transferase,0539>0466>0677>0698>0690-2>0690,-,rps6ka5|90 kda ribosomal protein s6 kinase 5|nuclear mitogen- and stress-activated protein kinase 1|rsk-like protein kinase|rskl|ribosomal protein s6 kinase alpha-5|s6k-alpha-5|msk1|-
CHEMBL4245,624,624,0097,Receptor.Nuclear Hormone Receptor,Receptor,Nuclear Hormone Receptor,0097>0695>0688,-,esrrg|err gamma-2|estrogen receptor-related protein 3|estrogen-related receptor gamma|nuclear receptor subfamily 3 group b member 3|err3|errg2|kiaa0832|nr3b3|-
CHEMBL4246,2238,2238,0629,Enzyme.Transferase,Enzyme,Transferase,0629>0936>0686>0699>0862>0688,-,tec|tyrosine-protein kinase tec|psctk4|-
CHEMBL4247,1839,1839,0329,Receptor.Catalytic Receptor,Receptor,Catalytic Receptor,0329>0304>0686>0699>0862>0688,-,alk|alk tyrosine kinase receptor|anaplastic lymphoma kinase|-
CHEMBL4255,-,-,-,Other Protein Target.Other Protein Target,Other Protein Target,Other Protein Target,0864-1>0864,-,mdh|-|malate dehydrogenase
CHEMBL4261,-,-,-,Other Protein Target.Other Protein Target,Other Protein Target,Other Protein Target,0864-1>0864,-,hif1a|arnt-interacting protein|basic-helix-loop-helix-pas protein mop1|class e basic helix-loop-helix protein 78|hif-1-alpha|hif1-alpha|hypoxia-inducible factor 1-alpha|member of pas protein 1|pas domain-containing protein 8|bhlhe78|mop1|pasd8|-
CHEMBL4263,-,-,-,Other Protein Target.Other Protein Target,Other Protein Target,Other Protein Target,0864-1>0864,-,"als|acetohydroxy-acid synthase|acetolactate synthase, chloroplastic|atals|protein chlorsulfuron resistant 1|ahas|csr1|tzp5|-"
CHEMBL4267,1795,1795,0319,Receptor.Catalytic Receptor,Receptor,Catalytic Receptor,0319>0303>0687>0699>0862>0688,-,tgfbr2|tgf-beta receptor type ii|tgf-beta receptor type-2|tgf-beta type ii receptor|tgfr-2|tbetar-ii|transforming growth factor-beta receptor type ii|-
CHEMBL4270,1634,1634,0738,Enzyme.Hydrolase,Enzyme,Hydrolase,0738>0713>0759>0690-4>0690,-,mmp10|mmp-10|matrix metalloproteinase-10|sl-2|stromelysin-2|transin-2|stmy2|-
CHEMBL4273,1492,1492,0287,Enzyme.Transferase,Enzyme,Transferase,0287>0677>0698>0690-2>0690,-,prkg1|cgk 1|cgk1|cgki|cgmp-dependent protein kinase 1|cgmp-dependent protein kinase i|prkg1b|prkgr1a|prkgr1b|-
CHEMBL4282,1479,1479,0285,Enzyme.Transferase,Enzyme,Transferase,0285>0677>0698>0690-2>0690,-,akt1|pkb|pkb alpha|protein kinase b|protein kinase b alpha|proto-oncogene c-akt|rac-pk-alpha|rac-alpha serine/threonine-protein kinase|rac|-
CHEMBL4295,-,-,-,Other Protein Target.Other Protein Target,Other Protein Target,Other Protein Target,0864-1>0864,-,kcnk9|acid-sensitive potassium channel protein task-3|potassium channel subfamily k member 9|twik-related acid-sensitive k channel 3|two pore k channel kt3.2|two pore potassium channel kt3.2|task3|-
CHEMBL4295521,-,-,-,Other Protein Target.Other Protein Target,Other Protein Target,Other Protein Target,0864-1>0864,-,iphp|-|phosphotyrosine protein phosphatase|tyrosine-protein phosphatase|ptbb
CHEMBL4295598,-,-,-,Other Protein Target.Other Protein Target,Other Protein Target,Other Protein Target,0864-1>0864,-,abad|-|amyloid beta-binding alcohol dehydrogenase
CHEMBL4295666,-,-,-,Other Protein Target.Other Protein Target,Other Protein Target,Other Protein Target,0864-1>0864,-,nnmt|-|nicotinamide n-methyltransferase
CHEMBL4295683,-,-,-,Other Protein Target.Other Protein Target,Other Protein Target,Other Protein Target,0864-1>0864,-,aldh1a2|aldehyde dehydrogenase family 1 member a2|raldh 2|raldh|raldh2|retinal dehydrogenase 2|retinaldehyde-specific dehydrogenase type 2|-
CHEMBL4295701,-,-,-,Other Protein Target.Other Protein Target,Other Protein Target,Other Protein Target,0864-1>0864,-,c2|c3/c5 convertase|complement c2|-
CHEMBL4295738,-,-,-,Other Protein Target.Other Protein Target,Other Protein Target,Other Protein Target,0864-1>0864,-,gjb2|connexin-26|cx26|gap junction beta-2 protein|-
CHEMBL4295740,-,-,-,Other Protein Target.Other Protein Target,Other Protein Target,Other Protein Target,0864-1>0864,-,gna11|g alpha-11|g-protein subunit alpha-11|guanine nucleotide-binding protein g subunit alpha|guanine nucleotide-binding protein subunit alpha-11|ga11|-
CHEMBL4295745,1444,1444,0279,Enzyme.Multifunctional,Enzyme,Multifunctional,0279>0690-6>0690,-,cth|cgl|cse|cystathionine gamma-lyase|cysteine desulfhydrase|cysteine-protein sulfhydrase|gamma-cystathionase|homocysteine desulfhydrase|-
CHEMBL4295828,3243,3243,1085,Other Protein Target.Other Protein Target,Other Protein Target,Other Protein Target,1085>0972>0864,-,tead4|tea domain family member 4|tead-4|transcription factor 13-like 1|transcription factor rtef-1|transcriptional enhancer factor tef-3|rtef1|tcf13l1|tef3|-
CHEMBL4295840,-,-,-,Other Protein Target.Other Protein Target,Other Protein Target,Other Protein Target,0864-1>0864,-,-|neuraminidase|na
CHEMBL4295910,-,-,-,Other Protein Target.Other Protein Target,Other Protein Target,Other Protein Target,0864-1>0864,-,klk7|kallikrein-7|serine protease 6|stratum corneum chymotryptic enzyme|thymopsin|prss6|scce|-
CHEMBL4295919,-,-,-,Other Protein Target.Other Protein Target,Other Protein Target,Other Protein Target,0864-1>0864,-,lgtc|-
CHEMBL4295956,-,-,-,Other Protein Target.Other Protein Target,Other Protein Target,Other Protein Target,0864-1>0864,-,nr3c1|gr|glucocorticoid receptor|nuclear receptor subfamily 3 group c member 1|grl|-
CHEMBL4295974,2801,2801,0892,Other Protein Target.Other Protein Target,Other Protein Target,Other Protein Target,0892>0891>0864,-,rgs17|regulator of g-protein signaling 17|rgsz2|-
CHEMBL4295985,-,-,-,Other Protein Target.Other Protein Target,Other Protein Target,Other Protein Target,0864-1>0864,-,hao1|-|2-hydroxyacid oxidase 1|gox|glycolate oxidase|glyoxylate oxidase|haox1
CHEMBL4296,584,584,0082,Ion Channel.Voltage-gated ion channel,Ion Channel,Voltage-gated ion channel,0082>0696>0689,-,scn9a|neuroendocrine sodium channel|pn1|peripheral sodium channel 1|sodium channel protein type 9 subunit alpha|sodium channel protein type ix subunit alpha|voltage-gated sodium channel subunit alpha nav1.7|hne-na|nena|-
CHEMBL4296325,-,-,-,Other Protein Target.Other Protein Target,Other Protein Target,Other Protein Target,0864-1>0864,-,ns3|-|ns3 protease
CHEMBL4296326,-,-,-,Other Protein Target.Other Protein Target,Other Protein Target,Other Protein Target,0864-1>0864,-,antxr2|anthrax toxin receptor 2|cmg-2|capillary morphogenesis gene 2 protein|cmg2|-
CHEMBL4296327,-,-,-,Other Protein Target.Other Protein Target,Other Protein Target,Other Protein Target,0864-1>0864,-,prt|-|protease
CHEMBL4302,768,768,0152,Transporter.ATP-binding cassette transporter,Transporter,ATP-binding cassette transporter,0152>0136>0691,-,abcb1|atp-binding cassette sub-family b member 1|atp-dependent translocase abcb1|multidrug resistance protein 1|p-glycoprotein 1|phospholipid transporter abcb1|mdr1|pgy1|-
CHEMBL4303,2907,2907,0784,Other Protein Target.Other Protein Target,Other Protein Target,Other Protein Target,0784>0864,-,hsp90ab1|hsp 84|hsp 90|hsp84|heat shock 84 kda|heat shock protein hsp 90-beta|heat shock protein family c member 3|hsp90b|hspc2|hspc3|hspcb|-
CHEMBL4305,384,384,0069,Ion Channel.Voltage-gated ion channel,Ion Channel,Voltage-gated ion channel,0069>0133>0696>0689,-,kcnn4|gardos channel|ikca1|intermediate conductance calcium-activated potassium channel protein 4|kca3.1|putative gardos channel|skca 4|skca4|hik1|hkca4|hsk4|ik1|kca4|sk4|-
CHEMBL4306,542,542,0081,Ion Channel.Voltage-gated ion channel,Ion Channel,Voltage-gated ion channel,0081>0133>0696>0689,-,kcna5|hpcn1|potassium voltage-gated channel subfamily a member 5|voltage-gated potassium channel hk2|voltage-gated potassium channel subunit kv1.5|-
CHEMBL4308,41,41,0010,Receptor.G protein-coupled receptor,Receptor,G protein-coupled receptor,0010>0694>0688,-,bdkrb1|b1 bradykinin receptor|b1r|bk-1 receptor|bradyb1|-
CHEMBL4311,2137,2137,0548,Enzyme.Transferase,Enzyme,Transferase,0548>0467>0685>0698>0690-2>0690,-,pak6|pak-5|pak-6|serine/threonine-protein kinase pak 6|p21-activated kinase 6|pak5|-
CHEMBL4315,323,323,0052,Receptor.G protein-coupled receptor,Receptor,G protein-coupled receptor,0052>0694>0688,-,p2ry1|-|p2y purinoceptor 1|adp receptor|p2y1|purinergic receptor
CHEMBL4316,916,916,0173,Transporter.ATP-binding cassette transporter,Transporter,ATP-binding cassette transporter,0173>0143>0863>0691,-,slc5a2|-|sodium/glucose cotransporter 2|low affinity sodium-glucose cotransporter|na/glucose cotransporter 2|sglt2|solute carrier family 5 member 2
CHEMBL4321,1376,1376,0269,Enzyme.Oxidoreductase,Enzyme,Oxidoreductase,0269>0243>0690,-,ptgs2|cox-2|cyclooxygenase-2|glucocorticoid-regulated inflammatory cyclooxygenase|gripghs|macrophage activation-associated marker protein p71/73|pes-2|pgh synthase 2|pghs-2|phs ii|prostaglandin g/h synthase 2|prostaglandin h2 synthase 2|prostaglandin-endoperoxide synthase 2|tis10 protein|cox2|pghs-b|tis10|-
CHEMBL4323,1430,1430,0275,Enzyme.Hydrolase,Enzyme,Hydrolase,0275>0244>0690,-,pla2g5|pla2-10|phosphatidylcholine 2-acylhydrolase 5|phospholipase a2 group v|-
CHEMBL4328,-,-,-,Other Protein Target.Other Protein Target,Other Protein Target,Other Protein Target,0864-1>0864,-,bhmt|betaine--homocysteine s-methyltransferase 1|-
CHEMBL4329,318,318,0050,Receptor.G protein-coupled receptor,Receptor,G protein-coupled receptor,0050>0694>0688,-,oprk1|-|kappa-type opioid receptor|k-or-1|kor-1|msl-1
CHEMBL4330,270,270,0035,Receptor.G protein-coupled receptor,Receptor,G protein-coupled receptor,0035>0694>0688,-,cysltr2|cysteinyl leukotriene receptor 2|g-protein coupled receptor gpcr21|g-protein coupled receptor hg57|hpn321|hgpcr21|cyslt2|cyslt2r|-
CHEMBL4333,275,275,0135,Receptor.G protein-coupled receptor,Receptor,G protein-coupled receptor,0135>0694>0688,-,s1pr1|endothelial differentiation g-protein coupled receptor 1|s1p receptor 1|s1p receptor edg-1|s1p1|sphingosine 1-phosphate receptor 1|sphingosine 1-phosphate receptor edg-1|chedg1|edg1|-
CHEMBL4336,342,342,0058,Receptor.G protein-coupled receptor,Receptor,G protein-coupled receptor,0058>0694>0688,-,ptger3|-|prostaglandin e2 receptor ep3 subtype|pge receptor ep3 subtype|pge2 receptor ep3 subtype|prostanoid ep3 receptor|ptgerep3
CHEMBL4338,2841,2841,0920,Enzyme.Multifunctional,Enzyme,Multifunctional,0920>0690-1>0690,-,pnp|inosine phosphorylase|inosine-guanosine phosphorylase|purine nucleoside phosphorylase|np|-
CHEMBL4342,1422,1422,0275,Enzyme.Hydrolase,Enzyme,Hydrolase,0275>0244>0690,-,pla2g10|gx spla2|group 10 secretory phospholipase a2|group x secretory phospholipase a2|phosphatidylcholine 2-acylhydrolase 10|spla2-x|-
CHEMBL4343,-,-,-,Other Protein Target.Other Protein Target,Other Protein Target,Other Protein Target,0864-1>0864,-,polb|5'-drp lyase|5'-deoxyribose-phosphate lyase|ap lyase|dna polymerase beta|-
CHEMBL4349,1402,1402,0273,Enzyme.Hydrolase,Enzyme,Hydrolase,0273>0943>0690,-,naaa|asah-like protein|acid ceramidase-like protein|acylsphingosine deacylase naaa|n-acylethanolamine-hydrolyzing acid amidase|n-acylsphingosine amidohydrolase-like|asahl|plt|-
CHEMBL4354,-,-,-,Other Protein Target.Other Protein Target,Other Protein Target,Other Protein Target,0864-1>0864,-,oprm1|-|mu-type opioid receptor|m-or-1|mor-1
CHEMBL4355,2027,2027,0594,Enzyme.Transferase,Enzyme,Transferase,0594>0683>0698>0690-2>0690,-,gak|cyclin-g-associated kinase|dnaj homolog subfamily c member 26|dnajc26|-
CHEMBL4358,-,-,-,Other Protein Target.Other Protein Target,Other Protein Target,Other Protein Target,0864-1>0864,-,"alox15|12-lox|12/15-lipoxygenase|15-lox|arachidonate 12-lipoxygenase, leukocyte-type|arachidonate 15-lipoxygenase|arachidonate omega-6 lipoxygenase|erythroid cell-specific 15-lipoxygenase|hepoxilin a3 synthase alox15|l-12lo|linoleate 13s-lipoxygenase|polyunsaturated fatty acid lipoxygenase alox15|-"
CHEMBL4360,988,988,0188,Transporter.SLC superfamily of solute carrier,Transporter,SLC superfamily of solute carrier,0188>0863>0691,-,slc16a1|mct 1|monocarboxylate transporter 1|solute carrier family 16 member 1|mct1|-
CHEMBL4361,2847,2847,0910,Other Protein Target.Other Protein Target,Other Protein Target,Other Protein Target,0910>0864,-,mcl1|bcl-2-like protein 3|bcl-2-related protein eat/mcl1|bcl2-l-3|induced myeloid leukemia cell differentiation protein mcl-1|mcl1/eat|bcl2l3|-
CHEMBL4367,2268,2268,0629,Enzyme.Transferase,Enzyme,Transferase,0629>0936>0686>0699>0862>0688,-,txk|protein-tyrosine kinase 4|resting lymphocyte kinase|tyrosine-protein kinase txk|ptk4|rlk|-
CHEMBL4370,-,-,-,Other Protein Target.Other Protein Target,Other Protein Target,Other Protein Target,0864-1>0864,-,"ugt2b7|3,4-catechol estrogen-specific udpgt|udp-glucuronosyltransferase 2b7|udp-glucuronosyltransferase 2b9|udpgt 2b7|udpgt 2b9|udpgth-2|ugtb2b9|-"
CHEMBL4372,-,-,-,Other Protein Target.Other Protein Target,Other Protein Target,Other Protein Target,0864-1>0864,-,lef|anthrax lethal toxin endopeptidase component|lf|lethal factor|-
CHEMBL4375,2208,2208,0620,Enzyme.Transferase,Enzyme,Transferase,0620>0681>0698>0690-2>0690,-,srpk1|sfrs protein kinase 1|sr-protein-specific kinase 1|srsf protein kinase 1|serine/arginine-rich protein-specific kinase 1|-
CHEMBL4376,2011,2011,0504,Enzyme.Transferase,Enzyme,Transferase,0504>0455>0681>0698>0690-2>0690,-,dyrk2|dual specificity tyrosine-phosphorylation-regulated kinase 2|-
CHEMBL4378,-,-,-,Other Protein Target.Other Protein Target,Other Protein Target,Other Protein Target,0864-1>0864,-,pla2g1b|group ib phospholipase a2|pla2-ib|phosphatidylcholine 2-acylhydrolase 1b|phospholipase a2|pla2|-
CHEMBL4379,-,-,-,Other Protein Target.Other Protein Target,Other Protein Target,Other Protein Target,0864-1>0864,-,adam17|adam 17|disintegrin and metalloproteinase domain-containing protein 17|tnf-alpha convertase|tnf-alpha-converting enzyme|tace|-
CHEMBL4383,248,248,0029,Receptor.G protein-coupled receptor,Receptor,G protein-coupled receptor,0029>0694>0688,-,gipr|gip-r|gastric inhibitory polypeptide receptor|glucose-dependent insulinotropic polypeptide receptor|-
CHEMBL4393,1636,1636,0738,Enzyme.Hydrolase,Enzyme,Hydrolase,0738>0713>0759>0690-4>0690,-,mmp12|me|mme|mmp-12|macrophage elastase|macrophage metalloelastase|matrix metalloproteinase-12|hme|-
CHEMBL4394,2204,2204,0787,Enzyme.Transferase,Enzyme,Transferase,0787>0682>0698>0690-2>0690,-,sphk1|acetyltransferase sphk1|sk 1|spk 1|sphingosine kinase 1|sk1|sphk|spk|-
CHEMBL4398,324,324,0052,Receptor.G protein-coupled receptor,Receptor,G protein-coupled receptor,0052>0694>0688,-,p2ry2|atp receptor|p2u purinoceptor 1|p2u receptor 1|p2u1|p2y purinoceptor 2|p2y2|purinergic receptor|p2ru1|-
CHEMBL4404,-,-,-,Other Protein Target.Other Protein Target,Other Protein Target,Other Protein Target,0864-1>0864,-,yoph|-|tyrosine-protein phosphatase yoph|virulence protein|yop51
CHEMBL4409,1310,1310,0260,Enzyme.Hydrolase,Enzyme,Hydrolase,0260>0241>0690-4>0690,-,"pde10a|camp and camp-inhibited cgmp 3',5'-cyclic phosphodiesterase 10a|-"
CHEMBL4414,-,-,-,Other Protein Target.Other Protein Target,Other Protein Target,Other Protein Target,0864-1>0864,-,pmii|aspartic hemoglobinase ii|plm ii|pfapd|pfpm1|plasmepsin 2|plasmepsin ii|-
CHEMBL4415,-,-,-,Other Protein Target.Other Protein Target,Other Protein Target,Other Protein Target,0864-1>0864,-,dhps|dhs|deoxyhypusine synthase|ds|-
CHEMBL4420,312,312,0048,Receptor.G protein-coupled receptor,Receptor,G protein-coupled receptor,0048>0694>0688,-,hcar2|-|hydroxycarboxylic acid receptor 2|g-protein coupled receptor 109|g-protein coupled receptor 109a|g-protein coupled receptor hm74|gpr109|gpr109a|gpr109b|niacin receptor 1|niacr1|nicotinic acid receptor|protein puma-g|pumag
CHEMBL4422,225,225,0024,Receptor.G protein-coupled receptor,Receptor,G protein-coupled receptor,0024>0694>0688,-,ffar1|free fatty acid receptor 1|g-protein coupled receptor 40|gpr40|-
CHEMBL4423,63,63,0014,Receptor.G protein-coupled receptor,Receptor,G protein-coupled receptor,0014>0694>0688,-,ccr6|c-c ckr-6|c-c chemokine receptor type 6|cc-ckr-6|ccr-6|ckr-l3|chemokine receptor-like 3|dry6|g-protein coupled receptor 29|gpr-cy4|gprcy4|larc receptor|ckrl3|cmkbr6|gpr29|strl22|-
CHEMBL4426,1416,1416,0275,Enzyme.Hydrolase,Enzyme,Hydrolase,0275>0244>0690,-,pla2g1b|group ib phospholipase a2|phosphatidylcholine 2-acylhydrolase 1b|phospholipase a2|pla2|pla2a|ppla2|-
CHEMBL4427,338,338,0058,Receptor.G protein-coupled receptor,Receptor,G protein-coupled receptor,0058>0694>0688,-,ptgdr|pgd receptor|pgd2 receptor|prostaglandin d2 receptor|prostanoid dp receptor|-
CHEMBL4429,362,362,0062,Receptor.G protein-coupled receptor,Receptor,G protein-coupled receptor,0062>0694>0688,-,tacr3|nk-3 receptor|nk-3r|nkr|neurokinin b receptor|neuromedin-k receptor|tachykinin receptor 3|nk3r|tac3r|-
CHEMBL4430,-,-,-,Other Protein Target.Other Protein Target,Other Protein Target,Other Protein Target,0864-1>0864,-,"cyp17a1|17-alpha-hydroxyprogesterone aldolase|cypxvii|cytochrome p450 17a1|cytochrome p450-c17|cytochrome p450c17|steroid 17-alpha-hydroxylase/17,20 lyase|steroid 17-alpha-monooxygenase|cyp17|-"
CHEMBL4439,1788,1788,0318,Receptor.Catalytic Receptor,Receptor,Catalytic Receptor,0318>0303>0687>0699>0862>0688,-,tgfbr1|alk-5|alk5|activin a receptor type ii-like protein kinase of 53kd|activin receptor-like kinase 5|skr4|serine/threonine-protein kinase receptor r4|tgf-beta receptor type i|tgf-beta receptor type-1|tgf-beta type i receptor|tgfr-1|tbetar-i|transforming growth factor-beta receptor type i|-
CHEMBL4441,70,70,0014,Receptor.G protein-coupled receptor,Receptor,G protein-coupled receptor,0014>0694>0688,-,cxcr3|c-x-c chemokine receptor type 3|ckr-l2|cxc-r3|cxcr-3|g protein-coupled receptor 9|ip-10 receptor|interferon-inducible protein 10 receptor|gpr9|-
CHEMBL4444,2396,2396,0751,Enzyme.Hydrolase,Enzyme,Hydrolase,0751>0721>0759>0690-4>0690,-,proc|anticoagulant protein c|autoprothrombin iia|blood coagulation factor xiv|vitamin k-dependent protein c|-
CHEMBL4445,-,-,-,Other Protein Target.Other Protein Target,Other Protein Target,Other Protein Target,0864-1>0864,-,ppp3ca|cam-prp catalytic subunit|cna alpha|calcineurin a alpha|calmodulin-dependent calcineurin a subunit alpha isoform|protein phosphatase 3 catalytic subunit alpha|serine/threonine-protein phosphatase 2b catalytic subunit alpha isoform|calna|cna|-
CHEMBL4447,2375,2375,0751,Enzyme.Hydrolase,Enzyme,Hydrolase,0751>0721>0759>0690-4>0690,-,klk5|klk-l2|kallikrein-5|kallikrein-like protein 2|stratum corneum tryptic enzyme|scte|-
CHEMBL4454,2024,2024,0619,Enzyme.Transferase,Enzyme,Transferase,0619>0936>0686>0699>0862>0688,-,fgr|gardner-rasheed feline sarcoma viral oncogene homolog|proto-oncogene c-fgr|tyrosine-protein kinase fgr|p55-fgr|p58-fgr|p58c-fgr|src2|-
CHEMBL4461,2709,2709,0848,Enzyme.Hydrolase,Enzyme,Hydrolase,0848>0865>0690,-,"sirt3|nad-dependent protein deacetylase sirtuin-3, mitochondrial|nad-dependent protein delactylase sirtuin-3|regulatory protein sir2 homolog 3|sir2-like protein 3|hsirt3|sir2l3|-"
CHEMBL4462,2708,2708,0848,Enzyme.Hydrolase,Enzyme,Hydrolase,0848>0865>0690,-,sirt2|nad-dependent protein deacetylase sirtuin-2|nad-dependent protein defatty-acylase sirtuin-2|regulatory protein sir2 homolog 2|sir2-like protein 2|sir2l|sir2l2|-
CHEMBL4464,-,-,-,Other Protein Target.Other Protein Target,Other Protein Target,Other Protein Target,0864-1>0864,-,soat1|acat-1|acyl-coenzyme a:cholesterol acyltransferase 1|cholesterol acyltransferase 1|sterol o-acyltransferase 1|acact|-
CHEMBL4468,265,265,0033,Receptor.G protein-coupled receptor,Receptor,G protein-coupled receptor,0033>0694>0688,-,hrh4|-|histamine h4 receptor|h4r|hh4r
CHEMBL4471,-,-,-,Other Protein Target.Other Protein Target,Other Protein Target,Other Protein Target,0864-1>0864,-,f2|coagulation factor ii|prothrombin|-
CHEMBL4477,289,289,0040,Receptor.G protein-coupled receptor,Receptor,G protein-coupled receptor,0040>0694>0688,-,grm1|-|metabotropic glutamate receptor 1|gprc1a|mglur1
CHEMBL4478,533,533,0080,Ion Channel.Voltage-gated ion channel,Ion Channel,Voltage-gated ion channel,0080>0696>0689,-,"cacna1b|biii|brain calcium channel iii|calcium channel, l type, alpha-1 polypeptide isoform 5|voltage-dependent n-type calcium channel subunit alpha-1b|voltage-gated calcium channel subunit alpha cav2.2|cach5|cacnl1a5|-"
CHEMBL4481,1250,1250,0253,Enzyme.Oxidoreductase,Enzyme,Oxidoreductase,0253>0239>0690,-,"nos2|hep-nos|hepatocyte nos|inducible no synthase|inducible nos|nos type ii|nitric oxide synthase, inducible|peptidyl-cysteine s-nitrosylase nos2|inos|nos2a|-"
CHEMBL4482,2136,2136,0548,Enzyme.Transferase,Enzyme,Transferase,0548>0467>0685>0698>0690-2>0690,-,pak4|pak-4|serine/threonine-protein kinase pak 4|p21-activated kinase 4|kiaa1142|-
CHEMBL4484,-,-,-,Other Protein Target.Other Protein Target,Other Protein Target,Other Protein Target,0864-1>0864,-,csnk1d|-|casein kinase i isoform delta|cki-delta|hckid|tau-protein kinase csnk1d
CHEMBL4487,2134,2134,0547,Enzyme.Transferase,Enzyme,Transferase,0547>0467>0685>0698>0690-2>0690,-,pak2|gamma-pak|pak-2|pak65|s6/h4 kinase|serine/threonine-protein kinase pak 2|p21-activated kinase 2|p58|-
CHEMBL4497,-,-,-,Other Protein Target.Other Protein Target,Other Protein Target,Other Protein Target,0864-1>0864,-,mt-nd1|-|nadh-ubiquinone oxidoreductase chain 1|mtnd1|nadh dehydrogenase subunit 1|nadh1|nd1
CHEMBL4501,1525,1525,0540,Enzyme.Transferase,Enzyme,Transferase,0540>0466>0677>0698>0690-2>0690,-,rps6kb1|70 kda ribosomal protein s6 kinase 1|p70s6k1|ribosomal protein s6 kinase i|ribosomal protein s6 kinase beta-1|s6k-beta-1|s6k1|serine/threonine-protein kinase 14a|p70 s6 kinase alpha|p70 s6k-alpha|p70 s6ka|p70 ribosomal s6 kinase alpha|p70-s6k 1|stk14a|-
CHEMBL4506,2707,2707,0848,Enzyme.Hydrolase,Enzyme,Hydrolase,0848>0865>0690,-,sirt1|nad-dependent protein deacetylase sirtuin-1|nad-dependent protein deacylase sirtuin-1|regulatory protein sir2 homolog 1|sir2-like protein 1|hsir2|hsirt1|sir2l1|-
CHEMBL4507,914,914,0172,Transporter.ATP-binding cassette transporter,Transporter,ATP-binding cassette transporter,0172>0143>0863>0691,-,slc5a7|cht|hemicholinium-3-sensitive choline transporter|high affinity choline transporter 1|solute carrier family 5 member 7|hcht1|cht1|-
CHEMBL4508,2411,2411,0748,Enzyme.Hydrolase,Enzyme,Hydrolase,0748>0718>0759>0690-4>0690,-,qpct|ec|glutaminyl cyclase|glutaminyl-peptide cyclotransferase|glutaminyl-trna cyclotransferase|glutamyl cyclase|qc|sqc|-
CHEMBL4510,-,-,-,Other Protein Target.Other Protein Target,Other Protein Target,Other Protein Target,0864-1>0864,-,-|cysteine protease falcipain-3
CHEMBL4512,-,-,-,Other Protein Target.Other Protein Target,Other Protein Target,Other Protein Target,0864-1>0864,-,fabz|-|3-hydroxyacyl- dehydratase|fatty acid synthase
CHEMBL4513,-,-,-,Other Protein Target.Other Protein Target,Other Protein Target,Other Protein Target,0864-1>0864,-,fabg|-|3-oxoacyl- reductase|3-oxoacyl-acyl-carrier protein reductase
CHEMBL4516,1507,1507,0500,Enzyme.Transferase,Enzyme,Transferase,0500>0454>0677>0698>0690-2>0690,-,cdc42bpa|cdc42-binding protein kinase alpha|dmpk-like alpha|mrck alpha|myotonic dystrophy kinase-related cdc42-binding kinase alpha|myotonic dystrophy protein kinase-like alpha|serine/threonine-protein kinase mrck alpha|kiaa0451|-
CHEMBL4518,330,330,0052,Receptor.G protein-coupled receptor,Receptor,G protein-coupled receptor,0052>0694>0688,-,p2ry14|g-protein coupled receptor 105|p2y purinoceptor 14|p2y14|udp-glucose receptor|gpr105|kiaa0001|-
CHEMBL4521,1365,1365,0267,Enzyme.Oxidoreductase,Enzyme,Oxidoreductase,0267>0242>0690-1>0690,-,"cyp24a1|1,25-dihydroxyvitamin d 24-hydroxylase, mitochondrial|24-ohase|cytochrome p450 24a1|cytochrome p450-cc24|vitamin d 24-hydroxylase|cyp24|-"
CHEMBL4523,2159,2159,0600,Enzyme.Transferase,Enzyme,Transferase,0600>0679>0698>0690-2>0690,-,pim2|pim-2h|serine/threonine-protein kinase pim-2|-
CHEMBL4523125,-,-,-,Other Protein Target.Other Protein Target,Other Protein Target,Other Protein Target,0864-1>0864,-,nherf1|ebp50|ezrin-radixin-moesin-binding phosphoprotein 50|nherf-1|na/h exchange regulatory cofactor nhe-rf1|regulatory cofactor of na/h exchanger|sodium-hydrogen exchanger regulatory factor 1|solute carrier family 9 isoform a3 regulatory factor 1|nherf|slc9a3r1|-
CHEMBL4523191,-,-,-,Other Protein Target.Other Protein Target,Other Protein Target,Other Protein Target,0864-1>0864,-,il1rn|icil-1ra|il-1rn|il-1ra|il1 inhibitor|irap|interleukin-1 receptor antagonist protein|il1f3|il1ra|-
CHEMBL4523370,-,-,-,Other Protein Target.Other Protein Target,Other Protein Target,Other Protein Target,0864-1>0864,-,-|adenosine deaminase
CHEMBL4523375,1352,1352,0264,Enzyme.Oxidoreductase,Enzyme,Oxidoreductase,0264>0242>0690-1>0690,-,cyp4z1|cypivz1|cytochrome p450 4z1|laurate 7-monooxygenase|-
CHEMBL4523386,-,-,-,Other Protein Target.Other Protein Target,Other Protein Target,Other Protein Target,0864-1>0864,-,gpr84|g-protein coupled receptor 84|-
CHEMBL4523406,-,-,-,Other Protein Target.Other Protein Target,Other Protein Target,Other Protein Target,0864-1>0864,-,osr1|protein odd-skipped-related 1|odd|-
CHEMBL4523465,-,-,-,Other Protein Target.Other Protein Target,Other Protein Target,Other Protein Target,0864-1>0864,-,taok2|serine/threonine-protein kinase tao2|thousand and one amino acid protein 2|tao2|-
CHEMBL4523470,-,-,-,Other Protein Target.Other Protein Target,Other Protein Target,Other Protein Target,0864-1>0864,-,smpd3|neutral sphingomyelinase 2|neutral sphingomyelinase ii|sphingomyelin phosphodiesterase 3|nsmase-2|nsmase2|-
CHEMBL4523509,3274,3274,0902,Other Protein Target.Other Protein Target,Other Protein Target,Other Protein Target,0902>0901>0864,-,spin1|ovarian cancer-related protein|spindlin-1|spindlin1|ocr|spin|-
CHEMBL4523517,-,-,-,Other Protein Target.Other Protein Target,Other Protein Target,Other Protein Target,0864-1>0864,-,sirt2|-|nad-dependent protein deacetylase
CHEMBL4523582,-,-,-,Other Protein Target.Other Protein Target,Other Protein Target,Other Protein Target,0864-1>0864,-,rep|-|replicase polyprotein 1ab|orf1ab polyprotein|pp1ab
CHEMBL4523952,-,-,-,Other Protein Target.Other Protein Target,Other Protein Target,Other Protein Target,0864-1>0864,-,-|ns5
CHEMBL4524,2138,2138,0548,Enzyme.Transferase,Enzyme,Transferase,0548>0467>0685>0698>0690-2>0690,-,pak5|pak-5|pak-7|serine/threonine-protein kinase pak 5|p21-activated kinase 5|p21-activated kinase 7|kiaa1264|pak7|-
CHEMBL4525,2214,2214,0572,Enzyme.Transferase,Enzyme,Transferase,0572>0679>0698>0690-2>0690,-,stk17a|dap kinase-related apoptosis-inducing protein kinase 1|serine/threonine-protein kinase 17a|drak1|-
CHEMBL4526,-,-,-,Other Protein Target.Other Protein Target,Other Protein Target,Other Protein Target,0864-1>0864,-,epha6|ehk-2|ek12|eph homology kinase 2|eph-like kinase 12|ephrin type-a receptor 6|ehk2|hek12|-
CHEMBL4527,2244,2244,0544,Enzyme.Hydrolase,Enzyme,Hydrolase,0544>0467>0685>0698>0690-2>0690,-,tnik|traf2 and nck-interacting protein kinase|kiaa0551|-
CHEMBL4530,-,-,-,Other Protein Target.Other Protein Target,Other Protein Target,Other Protein Target,0864-1>0864,-,f13a1|coagulation factor xiii a chain|coagulation factor xiiia|protein-glutamine gamma-glutamyltransferase a chain|transglutaminase a chain|f13a|-
CHEMBL4531,-,-,-,Other Protein Target.Other Protein Target,Other Protein Target,Other Protein Target,0864-1>0864,-,lgals3|35 kda lectin|cbp 35|carbohydrate-binding protein 35|galbp|gal-3|galactose-specific lectin 3|galactoside-binding protein|galectin-3|ige-binding protein|l-31|laminin-binding protein|lectin l-29|mac-2 antigen|mac2|-
CHEMBL4540,-,-,-,Other Protein Target.Other Protein Target,Other Protein Target,Other Protein Target,0864-1>0864,-,-|tyrosine specific protein phosphatases domain-containing protein|phosphotyrosine-protein phosphatase ptpb
CHEMBL4542,-,-,-,Other Protein Target.Other Protein Target,Other Protein Target,Other Protein Target,0864-1>0864,-,ptpa|-|low molecular weight protein-tyrosine phosphatase a|lmw-ptp|low molecular weight tyrosine phosphatase ptpa|mptpa|ptpase
CHEMBL4550,-,-,-,Other Protein Target.Other Protein Target,Other Protein Target,Other Protein Target,0864-1>0864,-,alox5ap|arachidonate 5-lipoxygenase-activating protein|flap|mk-886-binding protein|-
CHEMBL4552,2879,2879,0919,Other Protein Target.Other Protein Target,Other Protein Target,Other Protein Target,0919>0864,-,tspo|-|translocator protein|bzrp|mbr|mitochondrial benzodiazepine receptor|pbr|pkbs|peripheral-type benzodiazepine receptor
CHEMBL4556,935,935,0178,Transporter.ATP-binding cassette transporter,Transporter,ATP-binding cassette transporter,0178>0144>0863>0691,-,slc6a9|glyt-1|glyt1|sodium- and chloride-dependent glycine transporter 1|solute carrier family 6 member 9|-
CHEMBL4561,308,308,0046,Receptor.G protein-coupled receptor,Receptor,G protein-coupled receptor,0046>0694>0688,-,npy5r|npy-y5 receptor|npy5-r|npyy5-r|neuropeptide y receptor type 5|y5 receptor|npyr5|-
CHEMBL4567,-,-,-,Other Protein Target.Other Protein Target,Other Protein Target,Other Protein Target,0864-1>0864,-,"pde5a|-|cgmp-specific 3',5'-cyclic phosphodiesterase|cgb-pde|pde5|cgmp-binding cgmp-specific phosphodiesterase"
CHEMBL4574,1947,1947,0475,Enzyme.Transferase,Enzyme,Transferase,0475>0452>0679>0698>0690-2>0690,-,brsk2|br serine/threonine-protein kinase 2|brain-selective kinase 2|brain-specific serine/threonine-protein kinase 2|serine/threonine-protein kinase 29|serine/threonine-protein kinase brsk2|serine/threonine-protein kinase sad-a|c11orf7|pen11b|sada|stk29|-
CHEMBL4575,2012,2012,0504,Enzyme.Transferase,Enzyme,Transferase,0504>0455>0681>0698>0690-2>0690,-,dyrk3|dual specificity tyrosine-phosphorylation-regulated kinase 3|redk|regulatory erythroid kinase|-
CHEMBL4576,2034,2034,0505,Enzyme.Transferase,Enzyme,Transferase,0505>0455>0681>0698>0690-2>0690,-,hipk2|homeodomain-interacting protein kinase 2|hhipk2|-
CHEMBL4577,2035,2035,0505,Enzyme.Transferase,Enzyme,Transferase,0505>0455>0681>0698>0690-2>0690,-,hipk3|anpk|androgen receptor-interacting nuclear protein kinase|fist|fas-interacting serine/threonine-protein kinase|homeodomain-interacting protein kinase 3|homolog of protein kinase yak1|dyrk6|fist3|pky|-
CHEMBL4578,2102,2102,0480,Enzyme.Transferase,Enzyme,Transferase,0480>0452>0679>0698>0690-2>0690,-,melk|maternal embryonic leucine zipper kinase|protein kinase eg3|protein kinase pk38|tyrosine-protein kinase melk|hmelk|hpk38|peg3 kinase|kiaa0175|-
CHEMBL4580,-,-,-,Other Protein Target.Other Protein Target,Other Protein Target,Other Protein Target,0864-1>0864,-,"tk2|2'-deoxyuridine kinase tk2|deoxycytidine kinase tk2|mt-tk|thymidine kinase 2, mitochondrial|-"
CHEMBL4581,2788,2788,0888,Other Protein Target.Other Protein Target,Other Protein Target,Other Protein Target,0888>0864,-,kif11|kinesin-like protein 1|kinesin-like protein kif11|kinesin-like spindle protein hksp|kinesin-related motor protein eg5|tr-interacting protein 5|trip-5|thyroid receptor-interacting protein 5|eg5|knsl1|trip5|-
CHEMBL4586,-,-,-,Other Protein Target.Other Protein Target,Other Protein Target,Other Protein Target,0864-1>0864,-,lox1.1|-|seed linoleate 13s-lipoxygenase-1|l-1|lox1|lipoxygenase-1
CHEMBL4588,1632,1632,0738,Enzyme.Hydrolase,Enzyme,Hydrolase,0738>0713>0759>0690-4>0690,-,mmp8|mmp-8|matrix metalloproteinase-8|neutrophil collagenase|pmnl collagenase|pmnl-cl|clg1|-
CHEMBL4589,-,-,-,Other Protein Target.Other Protein Target,Other Protein Target,Other Protein Target,0864-1>0864,-,gstm2|gst class-mu 2|gstm2-2|glutathione s-transferase mu 2|gst4|-
CHEMBL4592,-,-,-,Other Protein Target.Other Protein Target,Other Protein Target,Other Protein Target,0864-1>0864,-,aoc3|amine oxidase 3|amine oxidase copper-containing 3|copper amine oxidase|ssao|semicarbazide-sensitive amine oxidase|vap-1|vp97|vascular adhesion protein 1|-
CHEMBL4596,65,65,0014,Receptor.G protein-coupled receptor,Receptor,G protein-coupled receptor,0014>0694>0688,-,ccr8|c-c ckr-8|c-c chemokine receptor type 8|cc chemokine receptor chemr1|cc-ckr-8|ccr-8|ckr-l1|cmkbrl2|chemokine receptor-like 1|gpr-cy6|gprcy6|ter1|ckrl1|cmkbr8|-
CHEMBL4598,2225,2225,0545,Enzyme.Transferase,Enzyme,Transferase,0545>0467>0685>0698>0690-2>0690,-,stk4|mst-1|mammalian ste20-like protein kinase 1|ste20-like kinase mst1|serine/threonine-protein kinase 4|serine/threonine-protein kinase krs-2|krs2|mst1|-
CHEMBL4599,2246,2246,0554,Enzyme.Transferase,Enzyme,Transferase,0554>0936>0686>0699>0862>0688,-,tnk2|ack-1|activated cdc42 kinase 1|tyrosine kinase non-receptor protein 2|ack1|-
CHEMBL4600,2133,2133,0547,Enzyme.Transferase,Enzyme,Transferase,0547>0467>0685>0698>0690-2>0690,-,pak1|alpha-pak|pak-1|serine/threonine-protein kinase pak 1|p21-activated kinase 1|p65-pak|-
CHEMBL4601,2182,2182,0619,Enzyme.Transferase,Enzyme,Transferase,0619>0936>0686>0699>0862>0688,-,ptk6|breast tumor kinase|protein-tyrosine kinase 6|tyrosine-protein kinase brk|brk|-
CHEMBL4602,1827,1827,0327,Receptor.Catalytic Receptor,Receptor,Catalytic Receptor,0327>0304>0686>0699>0862>0688,-,epha7|ehk-3|ek11|eph homology kinase 3|eph-like kinase 11|ephrin type-a receptor 7|hek11|ehk3|-
CHEMBL4607,35,35,0006,Receptor.G protein-coupled receptor,Receptor,G protein-coupled receptor,0006>0694>0688,-,agtr2|at2 receptor|angiotensin ii type-2 receptor|type-2 angiotensin ii receptor|-
CHEMBL4608,286,286,0038,Receptor.G protein-coupled receptor,Receptor,G protein-coupled receptor,0038>0694>0688,-,mc5r|mc-2|mc5-r|melanocortin receptor 5|-
CHEMBL4613,41,41,0010,Receptor.G protein-coupled receptor,Receptor,G protein-coupled receptor,0010>0694>0688,-,bdkrb1|b1 bradykinin receptor|b1r|bk-1 receptor|kb1|kinin b1 receptor|b1bkr|bkr|-
CHEMBL4616,246,246,0028,Receptor.G protein-coupled receptor,Receptor,G protein-coupled receptor,0028>0694>0688,-,ghsr|gh-releasing peptide receptor|ghrp|ghs-r|ghrelin receptor|growth hormone secretagogue receptor type 1|-
CHEMBL4617,2496,2496,0766,Enzyme.Multifunctional,Enzyme,Multifunctional,0766>0690-1>0690,-,pnmt|-|phenylethanolamine n-methyltransferase|noradrenaline n-methyltransferase|pent|pnmtase
CHEMBL4618,1395,1395,0799,Enzyme.Hydrolase,Enzyme,Hydrolase,0799>0690-4>0690,-,lta4h|lta-4 hydrolase|leukotriene a hydrolase|leukotriene a-4 hydrolase|tripeptide aminopeptidase lta4h|lta4|-
CHEMBL4619,1296,1296,0260,Enzyme.Hydrolase,Enzyme,Hydrolase,0260>0241>0690-4>0690,-,"pde1c|cam-pde 1c|dual specificity calcium/calmodulin-dependent 3',5'-cyclic nucleotide phosphodiesterase 1c|hcam3|-"
CHEMBL4625,2845,2845,0910,Other Protein Target.Other Protein Target,Other Protein Target,Other Protein Target,0910>0864,-,bcl2l1|apoptosis regulator bcl-x|bcl-2-like protein 1|bcl2-l-1|bcl2l|bclx|-
CHEMBL4627,-,-,-,Other Protein Target.Other Protein Target,Other Protein Target,Other Protein Target,0864-1>0864,-,mylk3|cardiac-mlck|cardiac-mybp-c-associated ca/cam kinase|myosin light chain kinase 3|mlck|myosin light chain kinase|-
CHEMBL4630,1987,1987,0476,Enzyme.Transferase,Enzyme,Transferase,0476>0452>0679>0698>0690-2>0690,-,chek1|chk1 checkpoint homolog|cell cycle checkpoint kinase|checkpoint kinase-1|serine/threonine-protein kinase chk1|chk1|-
CHEMBL4632,-,-,-,Other Protein Target.Other Protein Target,Other Protein Target,Other Protein Target,0864-1>0864,-,acox1|aco|aox|palmitoyl-coa oxidase|peroxisomal acyl-coenzyme a oxidase 1|peroxisomal fatty acyl-coa oxidase|straight-chain acyl-coa oxidase|acox|-
CHEMBL4633,540,540,0081,Ion Channel.Voltage-gated ion channel,Ion Channel,Voltage-gated ion channel,0081>0133>0696>0689,-,kcna3|hgk5|hlk3|hpcn3|potassium voltage-gated channel subfamily a member 3|voltage-gated k channel hukiii|voltage-gated potassium channel subunit kv1.3|-
CHEMBL4641,535,535,0080,Ion Channel.Voltage-gated ion channel,Ion Channel,Voltage-gated ion channel,0080>0696>0689,-,cacna1g|cav3.1c|nbr13|voltage-dependent t-type calcium channel subunit alpha-1g|voltage-gated calcium channel subunit alpha cav3.1|kiaa1123|-
CHEMBL4644,284,284,0038,Receptor.G protein-coupled receptor,Receptor,G protein-coupled receptor,0038>0694>0688,-,mc3r|mc3-r|melanocortin receptor 3|-
CHEMBL4647,-,-,-,Other Protein Target.Other Protein Target,Other Protein Target,Other Protein Target,0864-1>0864,-,"pdf|peptide deformylase, mitochondrial|polypeptide deformylase|pdf1a|-"
CHEMBL4649,212,212,0019,Receptor.G protein-coupled receptor,Receptor,G protein-coupled receptor,0019>0694>0688,-,crhr1|-|corticotropin-releasing factor receptor 1|crf-r-1|crf-r1|crfr-1|crh-r-1|crh-r1|corticotropin-releasing hormone receptor 1|crhr
CHEMBL4653,-,-,-,Other Protein Target.Other Protein Target,Other Protein Target,Other Protein Target,0864-1>0864,-,dpp4|-|dipeptidyl peptidase 4|bile canaliculus domain-specific membrane glycoprotein|cd26|dpp iv|dipeptidyl peptidase iv|gp110 glycoprotein|t-cell activation antigen cd26
CHEMBL4657,2356,2356,0758,Enzyme.Hydrolase,Enzyme,Hydrolase,0758>0725>0759>0690-4>0690,-,dpp8|dp8|dpp viii|dprp-1|dipeptidyl peptidase 8|dipeptidyl peptidase iv-related protein 1|dipeptidyl peptidase viii|prolyl dipeptidase dpp8|dprp1|-
CHEMBL4660,2766,2766,1021,Other Protein Target.Other Protein Target,Other Protein Target,Other Protein Target,1021>0864,-,cd38|2'-phospho-adp-ribosyl cyclase|2'-phospho-adp-ribosyl cyclase/2'-phospho-cyclic-adp-ribose transferase|2'-phospho-cyclic-adp-ribose transferase|adp-ribosyl cyclase 1|adp-ribosyl cyclase/cyclic adp-ribose hydrolase 1|adprc 1|cyclic adp-ribose hydrolase 1|t10|cadpr hydrolase 1|-
CHEMBL4662,2406,2406,0752,Enzyme.Hydrolase,Enzyme,Hydrolase,0752>0722>0759>0690-4>0690,-,psmb5|macropain epsilon chain|multicatalytic endopeptidase complex epsilon chain|proteasome chain 6|proteasome epsilon chain|proteasome subunit mb1|proteasome subunit x|proteasome subunit beta type-5|proteasome subunit beta-5|beta-5|lmpx|mb1|x|proteasome macropain subunit mb1|-
CHEMBL4670,2095,2095,0512,Enzyme.Transferase,Enzyme,Transferase,0512>0459>0679>0698>0690-2>0690,-,mapkapk3|3pk|chromosome 3p kinase|map kinase-activated protein kinase 3|mapk-activated protein kinase 3|mapkap kinase 3|mapkap-k3|mapkapk-3|mk-3|-
CHEMBL4674,1501,1501,0519,Enzyme.Transferase,Enzyme,Transferase,0519>0288>0681>0698>0690-2>0690,-,mapk12|erk-6|extracellular signal-regulated kinase 6|map kinase 12|map kinase p38 gamma|mapk 12|mitogen-activated protein kinase 12|mitogen-activated protein kinase p38 gamma|stress-activated protein kinase 3|erk6|sapk3|-
CHEMBL4676,-,-,-,Other Protein Target.Other Protein Target,Other Protein Target,Other Protein Target,0864-1>0864,-,cacna2d1|voltage-dependent calcium channel subunit alpha-2/delta-1|voltage-gated calcium channel subunit alpha-2/delta-1|cacna2|-
CHEMBL4677,2846,2846,0910,Other Protein Target.Other Protein Target,Other Protein Target,Other Protein Target,0910>0864,-,bcl2l2|apoptosis regulator bcl-w|bcl-2-like protein 2|bcl2-l-2|bclw|kiaa0271|-
CHEMBL4680030,-,-,-,Other Protein Target.Other Protein Target,Other Protein Target,Other Protein Target,0864-1>0864,-,asph|asp beta-hydroxylase|aspartate beta-hydroxylase|aspartyl/asparaginyl beta-hydroxylase|peptide-aspartate beta-dioxygenase|bah|-
CHEMBL4681,1382,1382,0270,Enzyme.Multifunctional,Enzyme,Multifunctional,0270>0243>0690,-,"akr1c3|17-beta-hsd 5|17-beta-hydroxysteroid dehydrogenase type 5|3-alpha-hsd type 2|3-alpha-hsd type ii, brain|3-alpha-hydroxysteroid dehydrogenase type 2|aldo-keto reductase family 1 member c3|chlordecone reductase homolog hakrb|dd-3|dd3|dihydrodiol dehydrogenase 3|dihydrodiol dehydrogenase type i|ha1753|pgfs|prostaglandin f synthase|testosterone 17-beta-dehydrogenase 5|ddh1|hsd17b5|kiaa0119|-"
CHEMBL4683,2365,2365,0758,Enzyme.Hydrolase,Enzyme,Hydrolase,0758>0725>0759>0690-4>0690,-,fap|170 kda melanoma membrane-bound gelatinase|dipeptidyl peptidase fap|fapalpha|fibroblast activation protein alpha|gelatine degradation protease fap|integral membrane serine protease|post-proline cleaving enzyme|prolyl endopeptidase fap|simp|seprase|serine integral membrane protease|surface-expressed protease|-
CHEMBL4685,2829,2829,0899,Enzyme.Oxidoreductase,Enzyme,Oxidoreductase,0899>0690-1>0690,-,"ido1|ido-1|indoleamine 2,3-dioxygenase 1|indoleamine-pyrrole 2,3-dioxygenase|ido|indo|-"
CHEMBL4687,-,-,-,Other Protein Target.Other Protein Target,Other Protein Target,Other Protein Target,0864-1>0864,-,pmi|aspartic hemoglobinase i|plasmepsin 1|plasmepsin i|-
CHEMBL4691,350,350,0059,Receptor.G protein-coupled receptor,Receptor,G protein-coupled receptor,0059>0694>0688,-,f2rl3|coagulation factor ii receptor-like 3|par-4|proteinase-activated receptor 4|thrombin receptor-like 3|par4|-
CHEMBL4693,-,-,-,Other Protein Target.Other Protein Target,Other Protein Target,Other Protein Target,0864-1>0864,-,"atp2a1|calcium pump 1|calcium-transporting atpase sarcoplasmic reticulum type, fast twitch skeletal muscle isoform|endoplasmic reticulum class 1/2 ca atpase|serca1|sr ca-atpase 1|sarcoplasmic/endoplasmic reticulum calcium atpase 1|-"
CHEMBL4696,-,-,-,Other Protein Target.Other Protein Target,Other Protein Target,Other Protein Target,0864-1>0864,-,"pygm|-|glycogen phosphorylase, muscle form|myophosphorylase"
CHEMBL4698,1275,1275,0256,Enzyme.Lyase,Enzyme,Lyase,0256>0240>0690,-,"mlycd|mcd|malonyl-coa decarboxylase, mitochondrial|-"
CHEMBL4699,-,-,-,Other Protein Target.Other Protein Target,Other Protein Target,Other Protein Target,0864-1>0864,-,icmt|isoprenylcysteine carboxylmethyltransferase|ppmt|prenylated protein carboxyl methyltransferase|prenylcysteine carboxyl methyltransferase|protein-s-isoprenylcysteine o-methyltransferase|pccmt|-
CHEMBL4701,-,-,-,Other Protein Target.Other Protein Target,Other Protein Target,Other Protein Target,0864-1>0864,-,hrh1|-|histamine h1 receptor|h1r|hh1r
CHEMBL4708,2219,2219,0545,Enzyme.Transferase,Enzyme,Transferase,0545>0467>0685>0698>0690-2>0690,-,stk3|mst-2|mammalian ste20-like protein kinase 2|ste20-like kinase mst2|serine/threonine-protein kinase 3|serine/threonine-protein kinase krs-1|krs1|mst2|-
CHEMBL4713,1597,1597,0743,Enzyme.Hydrolase,Enzyme,Hydrolase,0743>0714>0759>0690-4>0690,-,cpn1|anaphylatoxin inactivator|arginine carboxypeptidase|cpn|carboxypeptidase n catalytic chain|carboxypeptidase n polypeptide 1|carboxypeptidase n small subunit|kininase-1|lysine carboxypeptidase|plasma carboxypeptidase b|scpn|serum carboxypeptidase n|acbp|-
CHEMBL4714,326,326,0052,Receptor.G protein-coupled receptor,Receptor,G protein-coupled receptor,0052>0694>0688,-,p2ry6|p2y purinoceptor 6|p2y6|-
CHEMBL4715,-,-,-,Other Protein Target.Other Protein Target,Other Protein Target,Other Protein Target,0864-1>0864,-,"pla2g1b|-|phospholipase a2, major isoenzyme|group ib phospholipase a2|phosphatidylcholine 2-acylhydrolase 1b"
CHEMBL4718,2104,2104,0513,Enzyme.Transferase,Enzyme,Transferase,0513>0459>0679>0698>0690-2>0690,-,mknk1|map kinase signal-integrating kinase 1|map kinase-interacting serine/threonine-protein kinase 1|mapk signal-integrating kinase 1|mnk1|-
CHEMBL4720,251,251,0029,Receptor.G protein-coupled receptor,Receptor,G protein-coupled receptor,0029>0694>0688,-,gcgr|-|glucagon receptor|gl-r
CHEMBL4722,1936,1936,0557,Enzyme.Transferase,Enzyme,Transferase,0557>0683>0698>0690-2>0690,-,aurka|ark-1|aurora 2|aurora kinase a|aurora-related kinase 1|aurora/ipl1-related kinase 1|breast tumor-amplified kinase|ipl1- and aurora-related kinase 1|serine/threonine-protein kinase 15|serine/threonine-protein kinase 6|serine/threonine-protein kinase ayk1|serine/threonine-protein kinase aurora-a|aik|airk1|ark1|aura|ayk1|btak|iak1|stk15|stk6|-
CHEMBL4726,-,-,-,Other Protein Target.Other Protein Target,Other Protein Target,Other Protein Target,0864-1>0864,-,agrc|-|receptor-histidine kinase agrc
CHEMBL4730,-,-,-,Other Protein Target.Other Protein Target,Other Protein Target,Other Protein Target,0864-1>0864,-,mchr1|g-protein coupled receptor 24|mch receptor 1|mch-1r|mch-r1|mch1r|mchr|mchr-1|melanin-concentrating hormone receptor 1|slc-1|somatostatin receptor-like protein|gpr24|slc1|-
CHEMBL4748,-,-,-,Other Protein Target.Other Protein Target,Other Protein Target,Other Protein Target,0864-1>0864,-,hsp90b1|-|endoplasmin|94 kda glucose-regulated protein|grp-94|grp94|hspc4|heat shock protein 90 kda beta member 1|tra1
CHEMBL4752,-,-,-,Other Protein Target.Other Protein Target,Other Protein Target,Other Protein Target,0864-1>0864,-,-|farnesyl diphosphate synthase
CHEMBL4755,47,47,0011,Receptor.G protein-coupled receptor,Receptor,G protein-coupled receptor,0011>0694>0688,-,calcrl|-|calcitonin gene-related peptide type 1 receptor|cgrp type 1 receptor|calcitonin receptor-like receptor|cgrpr
CHEMBL4756,-,-,-,Other Protein Target.Other Protein Target,Other Protein Target,Other Protein Target,0864-1>0864,-,-|ricin
CHEMBL4761,31,31,0005,Receptor.G protein-coupled receptor,Receptor,G protein-coupled receptor,0005>0694>0688,-,c3ar1|c3ar|c3a anaphylatoxin chemotactic receptor|c3a-r|az3b|c3r1|hnfag09|-
CHEMBL4766,2915,2915,0596,Enzyme.Transferase,Enzyme,Transferase,0596>0678>0698>0690-2>0690,-,"pdk1|pdh kinase 1|pyruvate dehydrogenase kinase isoform 1|kinase isozyme 1, mitochondrial|pdhk1|-"
CHEMBL4767,1013,1013,0193,Transporter.SLC superfamily of solute carrier,Transporter,SLC superfamily of solute carrier,0193>0863>0691,-,slc18a3|solute carrier family 18 member 3|vacht|vesicular acetylcholine transporter|-
CHEMBL4768,-,-,-,Other Protein Target.Other Protein Target,Other Protein Target,Other Protein Target,0864-1>0864,-,ache|acetylcholinesterase|-
CHEMBL4769,643,643,0104,Enzyme.Transferase,Enzyme,Transferase,0104>0690-2>0690,-,ggps1|-farnesyl diphosphate synthase|dimethylallyltranstransferase|farnesyl diphosphate synthase|farnesyltranstransferase|ggpp synthase|ggppsase|geranylgeranyl diphosphate synthase|geranylgeranyl pyrophosphate synthase|geranyltranstransferase|-
CHEMBL4772,-,-,-,Other Protein Target.Other Protein Target,Other Protein Target,Other Protein Target,0864-1>0864,-,agpat2|1-agp acyltransferase 2|1-agpat 2|1-acyl-sn-glycerol-3-phosphate acyltransferase beta|1-acylglycerol-3-phosphate o-acyltransferase 2|lpaat-beta|lysophosphatidic acid acyltransferase beta|-
CHEMBL4774,284,284,0038,Receptor.G protein-coupled receptor,Receptor,G protein-coupled receptor,0038>0694>0688,-,mc3r|-|melanocortin receptor 3|mc3-r
CHEMBL4777,305,305,0046,Receptor.G protein-coupled receptor,Receptor,G protein-coupled receptor,0046>0694>0688,-,npy1r|npy1-r|neuropeptide y receptor type 1|npyr|npyy1|-
CHEMBL4779,-,-,-,Other Protein Target.Other Protein Target,Other Protein Target,Other Protein Target,0864-1>0864,-,-|papain|ppi|papaya proteinase i
CHEMBL4780,-,-,-,Other Protein Target.Other Protein Target,Other Protein Target,Other Protein Target,0864-1>0864,-,ache|-|acetylcholinesterase
CHEMBL4789,-,-,-,Other Protein Target.Other Protein Target,Other Protein Target,Other Protein Target,0864-1>0864,-,"ca5a|ca-va|carbonate dehydratase va|carbonic anhydrase 5a, mitochondrial|carbonic anhydrase va|ca5|-"
CHEMBL4791,1615,1615,0740,Enzyme.Hydrolase,Enzyme,Hydrolase,0740>0713>0759>0690-4>0690,-,ece1|ece-1|endothelin-converting enzyme 1|-
CHEMBL4792,322,322,0051,Receptor.G protein-coupled receptor,Receptor,G protein-coupled receptor,0051>0694>0688,-,hcrtr2|hypocretin receptor type 2|orexin receptor type 2|ox-2-r|ox2-r|ox2r|-
CHEMBL4793,2357,2357,0758,Enzyme.Hydrolase,Enzyme,Hydrolase,0758>0725>0759>0690-4>0690,-,dpp9|dp9|dplp9|dpp ix|dprp-2|dipeptidyl peptidase 9|dipeptidyl peptidase iv-related protein 2|dipeptidyl peptidase ix|dipeptidyl peptidase-like protein 9|dprp2|-
CHEMBL4794,507,507,0078,Ion Channel.Voltage-gated ion channel,Ion Channel,Voltage-gated ion channel,0078>0696>0689,-,trpv1|capsaicin receptor|otrpc1|osm-9-like trp channel 1|transient receptor potential cation channel subfamily v member 1|vanilloid receptor 1|vr1|-
CHEMBL4796,3272,3272,0751,Enzyme.Hydrolase,Enzyme,Hydrolase,0751>0721>0759>0690-4>0690,-,ctrb1|-|chymotrypsinogen b|ctrb
CHEMBL4801,1617,1617,0734,Enzyme.Hydrolase,Enzyme,Hydrolase,0734>0710>0759>0690-4>0690,-,casp1|casp-1|caspase-1|ice|il-1 beta-converting enzyme|il-1bc|interleukin-1 beta convertase|interleukin-1 beta-converting enzyme|p45|il1bc|il1bce|-
CHEMBL4802,-,-,-,Other Protein Target.Other Protein Target,Other Protein Target,Other Protein Target,0864-1>0864,-,"nos3|-|nitric oxide synthase 3|constitutive nos|ec-nos|endothelial nos|nos type iii|nosiii|nitric oxide synthase, endothelial|cnos|enos"
CHEMBL4802015,-,-,-,Other Protein Target.Other Protein Target,Other Protein Target,Other Protein Target,0864-1>0864,-,vat1|synaptic vesicle membrane protein vat-1 homolog|-
CHEMBL4803,1249,1249,0253,Enzyme.Oxidoreductase,Enzyme,Oxidoreductase,0253>0239>0690,-,"nos3|constitutive nos|ec-nos|endothelial nos|nos type iii|nosiii|nitric oxide synthase 3|nitric oxide synthase, endothelial|cnos|enos|-"
CHEMBL4804,-,-,-,Other Protein Target.Other Protein Target,Other Protein Target,Other Protein Target,0864-1>0864,-,cdc25b|dual specificity phosphatase cdc25b|m-phase inducer phosphatase 2|cdc25hu2|-
CHEMBL4805,484,484,0077,Ion Channel.Ligand-gated ion channel,Ion Channel,Ligand-gated ion channel,0077>0697>0689,-,p2rx7|atp receptor|p2x purinoceptor 7|p2x7|p2z receptor|purinergic receptor|-
CHEMBL4807,-,-,-,Other Protein Target.Other Protein Target,Other Protein Target,Other Protein Target,0864-1>0864,-,-|allergen api m i|phosphatidylcholine 2-acylhydrolase|phospholipase a2|bvpla2
CHEMBL4810,-,-,-,Other Protein Target.Other Protein Target,Other Protein Target,Other Protein Target,0864-1>0864,-,dntt|dna nucleotidylexotransferase|terminal addition enzyme|terminal deoxynucleotidyltransferase|terminal transferase|tdt|-
CHEMBL4813,-,-,-,Other Protein Target.Other Protein Target,Other Protein Target,Other Protein Target,0864-1>0864,-,"cyp11a1|cypxia1|cholesterol desmolase|cholesterol side-chain cleavage enzyme, mitochondrial|cytochrome p450 11a1|cytochrome p450|-"
CHEMBL4814,-,-,-,Other Protein Target.Other Protein Target,Other Protein Target,Other Protein Target,0864-1>0864,-,gusb|-|beta-glucuronidase|gus
CHEMBL4816,2286,2286,0285,Enzyme.Transferase,Enzyme,Transferase,0285>0677>0698>0690-2>0690,-,akt3|pkb gamma|protein kinase akt-3|protein kinase b gamma|rac-pk-gamma|rac-gamma serine/threonine-protein kinase|stk-2|pkbg|-
CHEMBL4820,-,-,-,Other Protein Target.Other Protein Target,Other Protein Target,Other Protein Target,0864-1>0864,-,ptgfr|-|prostaglandin f2-alpha receptor|pgf receptor|pgf2-alpha receptor|prostanoid fp receptor
CHEMBL4822,2330,2330,0726,Enzyme.Hydrolase,Enzyme,Hydrolase,0726>0707>0759>0690-4>0690,-,bace1|asp2|asp 2|aspartyl protease 2|beta-secretase 1|beta-site app cleaving enzyme 1|beta-site amyloid precursor protein cleaving enzyme 1|memapsin-2|membrane-associated aspartic protease 2|bace|kiaa1149|-
CHEMBL4824,480,480,0077,Ion Channel.Ligand-gated ion channel,Ion Channel,Ligand-gated ion channel,0077>0697>0689,-,p2rx3|-|p2x purinoceptor 3|atp receptor|p2x3|purinergic receptor
CHEMBL4828,1012,1012,0193,Transporter.SLC superfamily of solute carrier,Transporter,SLC superfamily of solute carrier,0193>0863>0691,-,slc18a2|monoamine transporter|solute carrier family 18 member 2|synaptic vesicular amine transporter|vat2|vesicular amine transporter 2|vesicular monoamine transporter 2|svat|vmat2|-
CHEMBL4829,1264,1264,0255,Enzyme.Ligase,Enzyme,Ligase,0255>0240>0690,-,acacb|acc-beta|acetyl-coa carboxylase 2|acc2|accb|-
CHEMBL4833,1014,1014,0194,Transporter.SLC superfamily of solute carrier,Transporter,SLC superfamily of solute carrier,0194>0863>0691,-,slc19a1|cyclic dinucleotide:anion antiporter slc19a1|folt|folate:anion antiporter slc19a1|ifc-1|intestinal folate carrier 1|placental folate transporter|rfc|rft-1|reduced folate carrier protein|reduced folate transporter|reduced folate transporter 1|solute carrier family 19 member 1|hrfc|hslc19a1|flot1|rfc1|-
CHEMBL4835,-,-,-,Other Protein Target.Other Protein Target,Other Protein Target,Other Protein Target,0864-1>0864,-,ldha|cell proliferation-inducing gene 19 protein|l-lactate dehydrogenase a chain|ldh muscle subunit|ldh-a|ldh-m|renal carcinoma antigen ny-ren-59|-
CHEMBL4838,-,-,-,Other Protein Target.Other Protein Target,Other Protein Target,Other Protein Target,0864-1>0864,-,atp1a1|-|sodium/potassium-transporting atpase subunit alpha-1|na/k atpase alpha-1 subunit|sodium pump subunit alpha-1
CHEMBL4851,-,-,-,Other Protein Target.Other Protein Target,Other Protein Target,Other Protein Target,0864-1>0864,-,stk38l|ndr2 protein kinase|nuclear dbf2-related kinase 2|serine/threonine-protein kinase 38-like|kiaa0965|ndr2|-
CHEMBL4852,2089,2089,0543,Enzyme.Transferase,Enzyme,Transferase,0543>0467>0685>0698>0690-2>0690,-,map4k5|khs|kinase homologous to sps1/ste20|mapk/erk kinase kinase kinase 5|mek kinase kinase 5|mekkk 5|mitogen-activated protein kinase kinase kinase kinase 5|-
CHEMBL4860,2844,2844,0910,Other Protein Target.Other Protein Target,Other Protein Target,Other Protein Target,0910>0864,-,bcl2|apoptosis regulator bcl-2|-
CHEMBL4867,327,327,0052,Receptor.G protein-coupled receptor,Receptor,G protein-coupled receptor,0052>0694>0688,-,p2ry11|p2y purinoceptor 11|p2y11|-
CHEMBL4877,307,307,0046,Receptor.G protein-coupled receptor,Receptor,G protein-coupled receptor,0046>0694>0688,-,npy4r|npy4-r|neuropeptide y receptor type 4|pp1|pancreatic polypeptide receptor 1|ppyr1|-
CHEMBL4878,1320,1320,0261,Enzyme.Multifunctional,Enzyme,Multifunctional,0261>0242>0690-1>0690,-,cyp1b1|cypib1|cytochrome p450 1b1|hydroperoxy icosatetraenoate dehydratase|-
CHEMBL4879439,-,-,-,Other Protein Target.Other Protein Target,Other Protein Target,Other Protein Target,0864-1>0864,-,il15|-|interleukin-15|il-15
CHEMBL4889,930,930,0177,Transporter.ATP-binding cassette transporter,Transporter,ATP-binding cassette transporter,0177>0144>0863>0691,-,slc6a13|-|sodium- and chloride-dependent gaba transporter 2|gat-2|gabt2|solute carrier family 6 member 13
CHEMBL4892,-,-,-,Other Protein Target.Other Protein Target,Other Protein Target,Other Protein Target,0864-1>0864,-,adra1a|-|alpha-1a adrenergic receptor|adra1c|alpha-1a adrenoceptor|alpha-1a adrenoreceptor|alpha-1c adrenergic receptor
CHEMBL4894,243,243,0027,Receptor.G protein-coupled receptor,Receptor,G protein-coupled receptor,0027>0694>0688,-,galr1|gal1-r|galr-1|galanin receptor type 1|galnr|galnr1|-
CHEMBL4895,1835,1835,0328,Receptor.Catalytic Receptor,Receptor,Catalytic Receptor,0328>0304>0686>0699>0862>0688,-,axl|axl oncogene|tyrosine-protein kinase receptor ufo|ufo|-
CHEMBL4896,2140,2140,0633,Enzyme.Transferase,Enzyme,Transferase,0633>0683>0698>0690-2>0690,-,pbk|ct84|cancer/testis antigen 84|lymphokine-activated killer t-cell-originated protein kinase|mapkk-like protein kinase|nori-3|pdz-binding kinase|spk|spermatogenesis-related protein kinase|t-lak cell-originated protein kinase|topk|-
CHEMBL4897,2170,2170,0602,Enzyme.Transferase,Enzyme,Transferase,0602>0683>0698>0690-2>0690,-,plk3|cytokine-inducible serine/threonine-protein kinase|fgf-inducible kinase|plk-3|polo-like kinase 3|proliferation-related kinase|serine/threonine-protein kinase plk3|cnk|fnk|prk|-
CHEMBL4898,1818,1818,0326,Receptor.Catalytic Receptor,Receptor,Catalytic Receptor,0326>0304>0686>0699>0862>0688,-,ntrk2|bdnf/nt-3 growth factors receptor|gp145-trkb|neurotrophic tyrosine kinase receptor type 2|trk-b|trkb tyrosine kinase|tropomyosin-related kinase b|trkb|-
CHEMBL4899,2083,2083,0624,Enzyme.Transferase,Enzyme,Transferase,0624>0685>0698>0690-2>0690,-,map3k8|cancer osaka thyroid oncogene|mitogen-activated protein kinase kinase kinase 8|proto-oncogene c-cot|serine/threonine-protein kinase cot|tpl-2|tumor progression locus 2|cot|estf|-
CHEMBL4900,2173,2173,0605,Enzyme.Transferase,Enzyme,Transferase,0605>0679>0698>0690-2>0690,-,prkd2|serine/threonine-protein kinase d2|npkc-d2|pkd2|-
CHEMBL4901,1832,1832,0327,Receptor.Catalytic Receptor,Receptor,Catalytic Receptor,0327>0304>0686>0699>0862>0688,-,ephb3|ek2|eph-like kinase 2|eph-like tyrosine kinase 2|embryonic kinase 2|ephrin type-b receptor 3|tyrosine-protein kinase tyro6|hek2|etk2|tyro6|-
CHEMBL4903,-,-,-,Other Protein Target.Other Protein Target,Other Protein Target,Other Protein Target,0864-1>0864,-,acp1|adipocyte acid phosphatase|lmw-ptp|lmw-ptpase|low molecular weight cytosolic acid phosphatase|low molecular weight phosphotyrosine protein phosphatase|red cell acid phosphatase 1|-
CHEMBL4909,341,341,0058,Receptor.G protein-coupled receptor,Receptor,G protein-coupled receptor,0058>0694>0688,-,ptger2|pge receptor ep2 subtype|pge2 receptor ep2 subtype|prostaglandin e2 receptor ep2 subtype|prostanoid ep2 receptor|-
CHEMBL4919,-,-,-,Other Protein Target.Other Protein Target,Other Protein Target,Other Protein Target,0864-1>0864,-,hda106|-|hd2 type histone deacetylase hda106|histone deacetylase 2b|histone deacetylase hd2
CHEMBL4921,365,365,0065,Receptor.G protein-coupled receptor,Receptor,G protein-coupled receptor,0065>0694>0688,-,uts2r|g-protein coupled receptor 14|g-protein coupled sensory epithelial neuropeptide-like receptor|senr|ur-2-r|ur-ii-r|urotensin ii receptor|urotensin-2 receptor|gpr14|-
CHEMBL4924,1530,1530,0541,Enzyme.Transferase,Enzyme,Transferase,0541>0466>0677>0698>0690-2>0690,-,rps6ka6|90 kda ribosomal protein s6 kinase 6|rsk-4|ribosomal s6 kinase 4|ribosomal protein s6 kinase alpha-6|s6k-alpha-6|p90-rsk 6|p90rsk6|pp90rsk4|rsk4|-
CHEMBL4937,1998,1998,0564,Enzyme.Transferase,Enzyme,Transferase,0564>0680>0698>0690-2>0690,-,csnk1e|-|casein kinase i isoform epsilon|cki-epsilon|ckie
CHEMBL4940,-,-,-,Other Protein Target.Other Protein Target,Other Protein Target,Other Protein Target,0864-1>0864,-,ldhb|-|l-lactate dehydrogenase b chain|ldh heart subunit|ldh-b|ldh-h|renal carcinoma antigen ny-ren-46
CHEMBL4941,-,-,-,Other Protein Target.Other Protein Target,Other Protein Target,Other Protein Target,0864-1>0864,-,mtap|5'-methylthioadenosine phosphorylase|mta phosphorylase|mtapase|s-methyl-5'-thioadenosine phosphorylase|msap|-
CHEMBL4944,-,-,-,Other Protein Target.Other Protein Target,Other Protein Target,Other Protein Target,0864-1>0864,-,mmp13|-|collagenase 3|mmp-13|matrix metalloproteinase-13|umrcase
CHEMBL4945,-,-,-,Other Protein Target.Other Protein Target,Other Protein Target,Other Protein Target,0864-1>0864,-,crabp1|crabp-i|cellular retinoic acid-binding protein 1|cellular retinoic acid-binding protein i|-
CHEMBL4948,2066,2066,0623,Enzyme.Transferase,Enzyme,Transferase,0623>0685>0698>0690-2>0690,-,map2k5|dual specificity mitogen-activated protein kinase kinase 5|map kinase kinase 5|mapk/erk kinase 5|mapkk 5|mek 5|mek5|mkk5|prkmk5|-
CHEMBL4954,1823,1823,0327,Receptor.Catalytic Receptor,Receptor,Catalytic Receptor,0327>0304>0686>0699>0862>0688,-,epha3|ek4|eph-like kinase 4|eph-like tyrosine kinase 1|ephrin type-a receptor 3|hek|human embryo kinase|tyrosine-protein kinase tyro4|tyrosine-protein kinase receptor etk1|hek4|etk|etk1|tyro4|-
CHEMBL4956,405,405,0072,Ion Channel.Ligand-gated ion channel,Ion Channel,Ligand-gated ion channel,0072>0697>0689,-,gabra2|gaba receptor subunit alpha-2|gabaar subunit alpha-2|gamma-aminobutyric acid receptor subunit alpha-2|-
CHEMBL4959,39,39,0009,Receptor.G protein-coupled receptor,Receptor,G protein-coupled receptor,0009>0694>0688,-,grpr|grp-r|grp-preferring bombesin receptor|gastrin-releasing peptide receptor|-
CHEMBL4966,580,580,0082,Ion Channel.Voltage-gated ion channel,Ion Channel,Voltage-gated ion channel,0082>0696>0689,-,scn3a|-|sodium channel protein type 3 subunit alpha|sodium channel protein brain iii subunit alpha|sodium channel protein type iii subunit alpha|voltage-gated sodium channel subtype iii|voltage-gated sodium channel subunit alpha nav1.3
CHEMBL4970,-,-,-,Other Protein Target.Other Protein Target,Other Protein Target,Other Protein Target,0864-1>0864,-,"cyp11b1|cypxib1|cytochrome p450 11b1, mitochondrial|cytochrome p450-ds|cytochrome p450c11|steroid 11-beta-hydroxylase, cyp11b1|cyp11b-1|-"
CHEMBL4973,869,869,0163,Transporter.ATP-binding cassette transporter,Transporter,ATP-binding cassette transporter,0163>0139>0863>0691,-,slc1a2|excitatory amino acid transporter 2|glutamate/aspartate transporter ii|sodium-dependent glutamate/aspartate transporter 2|solute carrier family 1 member 2|eaat2|glt1|-
CHEMBL4975,-,-,-,Other Protein Target.Other Protein Target,Other Protein Target,Other Protein Target,0864-1>0864,-,adora1|adenosine receptor a1|-
CHEMBL4977,-,-,-,Other Protein Target.Other Protein Target,Other Protein Target,Other Protein Target,0864-1>0864,-,jun|ap1|activator protein 1|proto-oncogene c-jun|transcription factor ap-1 subunit jun|transcription factor jun|v-jun avian sarcoma virus 17 oncogene homolog|p39|-
CHEMBL4979,915,915,0173,Transporter.ATP-binding cassette transporter,Transporter,ATP-binding cassette transporter,0173>0143>0863>0691,-,slc5a1|high affinity sodium-glucose cotransporter|na/glucose cotransporter 1|sodium/glucose cotransporter 1|solute carrier family 5 member 1|nagt|sglt1|-
CHEMBL4980,468,468,0076,Ion Channel.Ligand-gated ion channel,Ion Channel,Ligand-gated ion channel,0076>0697>0689,-,chrna7|neuronal acetylcholine receptor subunit alpha-7|nicotinic acetylcholine receptor subunit alpha-7|nachr7|acra7|-
CHEMBL4981,-,-,-,Other Protein Target.Other Protein Target,Other Protein Target,Other Protein Target,0864-1>0864,-,cyp51a1|cyp51|cypli|cytochrome p450 51a1|cytochrome p450-14dm|cytochrome p45014dm|cytochrome p450li|ldm|lanosterol 14-alpha demethylase|sterol 14-alpha demethylase p450|-
CHEMBL5000,344,344,0058,Receptor.G protein-coupled receptor,Receptor,G protein-coupled receptor,0058>0694>0688,-,ptgfr|-|prostaglandin f2-alpha receptor|pgf receptor|pgf2-alpha receptor|prostanoid fp receptor
CHEMBL5010,2919,2919,0944,Enzyme.Hydrolase,Enzyme,Hydrolase,0944>0943>0690,-,abhd6|2-arachidonoylglycerol hydrolase|abhydrolase domain-containing protein 6|monoacylglycerol lipase abhd6|-
CHEMBL5011,500,500,0078,Ion Channel.Voltage-gated ion channel,Ion Channel,Voltage-gated ion channel,0078>0696>0689,-,trpm8|-|transient receptor potential cation channel subfamily m member 8|cmr1|cold menthol receptor 1
CHEMBL5014,2190,2190,0613,Enzyme.Transferase,Enzyme,Transferase,0613>0687>0699>0862>0688,-,ripk2|card-containing il-1 beta ice-kinase|card-containing interleukin-1 beta-converting enzyme-associated kinase|rip-2|rip-like-interacting clarp kinase|receptor-interacting protein 2|receptor-interacting serine/threonine-protein kinase 2|tyrosine-protein kinase ripk2|cardiak|rick|rip2|-
CHEMBL5017,-,-,-,Other Protein Target.Other Protein Target,Other Protein Target,Other Protein Target,0864-1>0864,-,htr4|-|5-hydroxytryptamine receptor 4|5-ht-4|5-ht4|serotonin receptor 4
CHEMBL5021,-,-,-,Other Protein Target.Other Protein Target,Other Protein Target,Other Protein Target,0864-1>0864,-,cdkn1a|cdk-interacting protein 1|cyclin-dependent kinase inhibitor 1|mda-6|melanoma differentiation-associated protein 6|p21|cap20|cdkn1|cip1|mda6|pic1|sdi1|waf1|-
CHEMBL5023,3136,3136,1023,Enzyme.Transferase,Enzyme,Transferase,1023>0690-2>0690,-,mdm2|double minute 2 protein|e3 ubiquitin-protein ligase mdm2|hdm2|oncoprotein mdm2|ring-type e3 ubiquitin transferase mdm2|p53-binding protein mdm2|-
CHEMBL5024,1935,1935,0528,Enzyme.Transferase,Enzyme,Transferase,0528>0463>0678>0698>0690-2>0690,-,atr|ataxia telangiectasia and rad3-related protein|frap-related protein 1|serine/threonine-protein kinase atr|frp1|-
CHEMBL5026,2014,2014,0472,Enzyme.Transferase,Enzyme,Transferase,0472>0450>0678>0698>0690-2>0690,-,eef2k|calcium/calmodulin-dependent eukaryotic elongation factor 2 kinase|eukaryotic elongation factor 2 kinase|eef-2 kinase|eef-2k|-
CHEMBL5028,1658,1658,0739,Enzyme.Hydrolase,Enzyme,Hydrolase,0739>0713>0759>0690-4>0690,-,adam10|adam 10|cdw156|disintegrin and metalloproteinase domain-containing protein 10|kuzbanian protein homolog|mammalian disintegrin-metalloprotease|kuz|madm|-
CHEMBL5032,-,-,-,Other Protein Target.Other Protein Target,Other Protein Target,Other Protein Target,0864-1>0864,-,slc6a3|-|sodium-dependent dopamine transporter|da transporter|dat|dat1|solute carrier family 6 member 3
CHEMBL5035,1441,1441,0278,Enzyme.Oxidoreductase,Enzyme,Oxidoreductase,0278>0690-1>0690,-,hmox1|ho-1|hsp32|heme oxygenase 1|-
CHEMBL5036,-,-,-,Other Protein Target.Other Protein Target,Other Protein Target,Other Protein Target,0864-1>0864,-,pkg|-|cgmp-dependent protein kinase
CHEMBL5043,1567,1567,0737,Enzyme.Hydrolase,Enzyme,Hydrolase,0737>0713>0759>0690-4>0690,-,erap2|endoplasmic reticulum aminopeptidase 2|l-rap|leukocyte-derived arginine aminopeptidase|lrap|-
CHEMBL5044,-,-,-,Other Protein Target.Other Protein Target,Other Protein Target,Other Protein Target,0864-1>0864,-,nek5|never in mitosis a-related kinase 5|nima-related protein kinase 5|serine/threonine-protein kinase nek5|-
CHEMBL5047,-,-,-,Other Protein Target.Other Protein Target,Other Protein Target,Other Protein Target,0864-1>0864,-,ulk3|serine/threonine-protein kinase ulk3|unc-51-like kinase 3|-
CHEMBL5048,-,-,-,Other Protein Target.Other Protein Target,Other Protein Target,Other Protein Target,0864-1>0864,-,nceh1|2-acetyl mage hydrolase|acetylalkylglycerol acetylhydrolase|arylacetamide deacetylase-like 1|nceh|neutral cholesterol ester hydrolase 1|aadacl1|kiaa1363|-
CHEMBL5052,-,-,-,Other Protein Target.Other Protein Target,Other Protein Target,Other Protein Target,0864-1>0864,-,cdc42bpb|cdc42-binding protein kinase beta|cdc42bp-beta|dmpk-like beta|mrck beta|myotonic dystrophy kinase-related cdc42-binding kinase beta|myotonic dystrophy protein kinase-like beta|serine/threonine-protein kinase mrck beta|kiaa1124|-
CHEMBL5062,-,-,-,Other Protein Target.Other Protein Target,Other Protein Target,Other Protein Target,0864-1>0864,-,f10|-|coagulation factor x|stuart factor
CHEMBL5064,-,-,-,Other Protein Target.Other Protein Target,Other Protein Target,Other Protein Target,0864-1>0864,-,"folr2|fbp|fr-beta|folate receptor 2|folate receptor beta|folate receptor, fetal/placental|placental folate-binding protein|-"
CHEMBL5067,-,-,-,Other Protein Target.Other Protein Target,Other Protein Target,Other Protein Target,0864-1>0864,-,drd1|-|d dopamine receptor|dopamine d1 receptor
CHEMBL5068,340,340,0058,Receptor.G protein-coupled receptor,Receptor,G protein-coupled receptor,0058>0694>0688,-,ptger1|pge receptor ep1 subtype|pge2 receptor ep1 subtype|prostaglandin e2 receptor ep1 subtype|prostanoid ep1 receptor|-
CHEMBL5071,339,339,0058,Receptor.G protein-coupled receptor,Receptor,G protein-coupled receptor,0058>0694>0688,-,ptgdr2|chemoattractant receptor-homologous molecule expressed on th2 cells|g-protein coupled receptor 44|prostaglandin d2 receptor 2|crth2|dl1r|gpr44|-
CHEMBL5072,1830,1830,0327,Receptor.Catalytic Receptor,Receptor,Catalytic Receptor,0327>0304>0686>0699>0862>0688,-,ephb1|ek6|elk|eph tyrosine kinase 2|eph-like kinase 6|ephrin type-b receptor 1|net|neuronally-expressed eph-related tyrosine kinase|tyrosine-protein kinase receptor eph-2|hek6|epht2|-
CHEMBL5073,1953,1953,0561,Enzyme.Transferase,Enzyme,Transferase,0561>0679>0698>0690-2>0690,-,camk1d|cklik|cam kinase i delta|cam kinase id|cam-ki delta|camki delta|camki-like protein kinase|camkid|calcium/calmodulin-dependent protein kinase type 1d|-
CHEMBL5076,-,-,-,Other Protein Target.Other Protein Target,Other Protein Target,Other Protein Target,0864-1>0864,-,hrh3|h3r|hh3r|histamine h3 receptor|-
CHEMBL5077,-,-,-,Other Protein Target.Other Protein Target,Other Protein Target,Other Protein Target,0864-1>0864,-,bche|-|carboxylic ester hydrolase|butyrylcholinesterase
CHEMBL5080,2591,2591,0799,Enzyme.Hydrolase,Enzyme,Hydrolase,0799>0690-4>0690,-,lipg|edl|el|endothelial cell-derived lipase|endothelial lipase|phospholipase a1|-
CHEMBL5082,2217,2217,0552,Enzyme.Transferase,Enzyme,Transferase,0552>0467>0685>0698>0690-2>0690,-,stk24|mst-3|mammalian ste20-like protein kinase 3|ste20-like kinase mst3|serine/threonine-protein kinase 24|mst3|stk3|-
CHEMBL5083,2864,2864,1096,Enzyme.Transferase,Enzyme,Transferase,1096>1095>0690-2>0690,-,parp3|adp-ribosyltransferase diphtheria toxin-like 3|adprt-3|artd3|dna adp-ribosyltransferase parp3|irt1|nad adp-ribosyltransferase 3|parp-3|poly polymerase 3|poly synthase 3|protein mono-adp-ribosyltransferase parp3|hparp-3|padprt-3|adprt3|adprtl3|-
CHEMBL5084,-,-,-,Other Protein Target.Other Protein Target,Other Protein Target,Other Protein Target,0864-1>0864,-,csnk1g3|cki-gamma 3|casein kinase i isoform gamma-3|-
CHEMBL5094,-,-,-,Other Protein Target.Other Protein Target,Other Protein Target,Other Protein Target,0864-1>0864,-,bla|-|beta-lactamase shv-1|pit-2|sulfhydryl reagent variable 1|blashv-1|shv1
CHEMBL5096,-,-,-,Other Protein Target.Other Protein Target,Other Protein Target,Other Protein Target,0864-1>0864,-,ftsz|-|cell division protein ftsz
CHEMBL5099,-,-,-,Other Protein Target.Other Protein Target,Other Protein Target,Other Protein Target,0864-1>0864,-,srd5a2|-|3-oxo-5-alpha-steroid 4-dehydrogenase 2|5 alpha-sr2|s5ar 2|sr type 2|steroid 5-alpha-reductase 2
CHEMBL5101,-,-,-,Other Protein Target.Other Protein Target,Other Protein Target,Other Protein Target,0864-1>0864,-,nat1|arylamide acetylase 1|arylamine n-acetyltransferase 1|mnat|monomorphic arylamine n-acetyltransferase|n-acetyltransferase type 1|nat-1|aac1|-
CHEMBL5102,507,507,0078,Ion Channel.Voltage-gated ion channel,Ion Channel,Voltage-gated ion channel,0078>0696>0689,-,trpv1|capsaicin receptor|otrpc1|osm-9-like trp channel 1|transient receptor potential cation channel subfamily v member 1|vanilloid receptor 1|vanilloid receptor type 1-like|vr1|vr1l|-
CHEMBL5103,2614,2614,0848,Enzyme.Hydrolase,Enzyme,Hydrolase,0848>0865>0690,-,hdac10|hd10|histone deacetylase 10|polyamine deacetylase hdac10|-
CHEMBL5107,533,533,0080,Ion Channel.Voltage-gated ion channel,Ion Channel,Voltage-gated ion channel,0080>0696>0689,-,"cacna1b|-|voltage-dependent n-type calcium channel subunit alpha-1b|biii|brain calcium channel iii|cach5|cacnl1a5|calcium channel, l type, alpha-1 polypeptide isoform 5|voltage-gated calcium channel subunit alpha cav2.2"
CHEMBL5112,408,408,0072,Ion Channel.Ligand-gated ion channel,Ion Channel,Ligand-gated ion channel,0072>0697>0689,-,gabra5|gaba receptor subunit alpha-5|gabaar subunit alpha-5|gamma-aminobutyric acid receptor subunit alpha-5|-
CHEMBL5113,321,321,0051,Receptor.G protein-coupled receptor,Receptor,G protein-coupled receptor,0051>0694>0688,-,hcrtr1|hypocretin receptor type 1|orexin receptor type 1|orexin/hypocretin receptor type 1|ox-1-r|ox1-r|ox1r|-
CHEMBL5118,-,-,-,Other Protein Target.Other Protein Target,Other Protein Target,Other Protein Target,0864-1>0864,-,rep|-|replicase polyprotein 1ab|orf1ab polyprotein|pp1ab
CHEMBL5122,1844,1844,0331,Receptor.Catalytic Receptor,Receptor,Catalytic Receptor,0331>0304>0686>0699>0862>0688,-,"ddr2|cd167 antigen-like family member b|discoidin domain receptor 2|discoidin domain-containing receptor 2|discoidin domain-containing receptor tyrosine kinase 2|neurotrophic tyrosine kinase, receptor-related 3|receptor protein-tyrosine kinase tkt|tyrosine-protein kinase tyro10|ntrkr3|tkt|tyro10|-"
CHEMBL5124,-,-,-,Other Protein Target.Other Protein Target,Other Protein Target,Other Protein Target,0864-1>0864,-,-|cdc2
CHEMBL5125,-,-,-,Other Protein Target.Other Protein Target,Other Protein Target,Other Protein Target,0864-1>0864,-,acacb|-|acetyl-coa carboxylase|acetyl-coenzyme a carboxylase 2
CHEMBL5129,-,-,-,Other Protein Target.Other Protein Target,Other Protein Target,Other Protein Target,0864-1>0864,-,pde3b|-|phosphodiesterase|phosphodiesterase 3b
CHEMBL5131,-,-,-,Other Protein Target.Other Protein Target,Other Protein Target,Other Protein Target,0864-1>0864,-,"tpr|-|trypanothione reductase|n,n-bisspermidine reductase|tr"
CHEMBL5135,-,-,-,Other Protein Target.Other Protein Target,Other Protein Target,Other Protein Target,0864-1>0864,-,kcnq1|iks producing slow voltage-gated potassium channel subunit alpha kvlqt1|kqt-like 1|potassium voltage-gated channel subfamily kqt member 1|voltage-gated potassium channel subunit kv7.1|kvlqt1|-
CHEMBL5137,290,290,0040,Receptor.G protein-coupled receptor,Receptor,G protein-coupled receptor,0040>0694>0688,-,grm2|metabotropic glutamate receptor 2|mglur2|gprc1b|-
CHEMBL5141,1366,1366,0267,Enzyme.Oxidoreductase,Enzyme,Oxidoreductase,0267>0242>0690-1>0690,-,cyp26a1|cytochrome p450 26a1|cytochrome p450 retinoic acid-inactivating 1|cytochrome p450rai|retinoic acid 4-hydroxylase|retinoic acid-metabolizing cytochrome|hp450rai|cyp26|p450rai1|-
CHEMBL5145,1943,1943,0610,Enzyme.Transferase,Enzyme,Transferase,0610>0687>0699>0862>0688,-,braf|proto-oncogene b-raf|serine/threonine-protein kinase b-raf|p94|v-raf murine sarcoma viral oncogene homolog b1|braf1|rafb1|-
CHEMBL5147,1833,1833,0327,Receptor.Catalytic Receptor,Receptor,Catalytic Receptor,0327>0304>0686>0699>0862>0688,-,ephb4|ephrin type-b receptor 4|hepatoma transmembrane kinase|tyrosine-protein kinase tyro11|htk|myk1|tyro11|-
CHEMBL5150,-,-,-,Other Protein Target.Other Protein Target,Other Protein Target,Other Protein Target,0864-1>0864,-,-|luciferase|luciferin 4-monooxygenase
CHEMBL5158,-,-,-,Other Protein Target.Other Protein Target,Other Protein Target,Other Protein Target,0864-1>0864,-,scn10a|pn3|peripheral nerve sodium channel 3|sensory neuron sodium channel|sodium channel protein type 10 subunit alpha|sodium channel protein type x subunit alpha|voltage-gated sodium channel subunit alpha nav1.8|sns|-
CHEMBL5160,485,485,0078,Ion Channel.Voltage-gated ion channel,Ion Channel,Voltage-gated ion channel,0078>0696>0689,-,trpa1|ankyrin-like with transmembrane domains protein 1|transient receptor potential cation channel subfamily a member 1|wasabi receptor|anktm1|-
CHEMBL5162,302,302,0044,Receptor.G protein-coupled receptor,Receptor,G protein-coupled receptor,0044>0694>0688,-,npsr1|g-protein coupled receptor 154|g-protein coupled receptor pgr14|g-protein coupled receptor for asthma susceptibility|neuropeptide s receptor|gpr154|gpra|pgr14|-
CHEMBL5163,580,580,0082,Ion Channel.Voltage-gated ion channel,Ion Channel,Voltage-gated ion channel,0082>0696>0689,-,scn3a|sodium channel protein brain iii subunit alpha|sodium channel protein type 3 subunit alpha|sodium channel protein type iii subunit alpha|voltage-gated sodium channel subtype iii|voltage-gated sodium channel subunit alpha nav1.3|kiaa1356|nac3|-
CHEMBL5174,2998,2998,0991,Other Protein Target.Other Protein Target,Other Protein Target,Other Protein Target,0991>0864,-,nrp1|neuropilin-1|vascular endothelial cell growth factor 165 receptor|nrp|vegf165r|-
CHEMBL5175,-,-,-,Other Protein Target.Other Protein Target,Other Protein Target,Other Protein Target,0864-1>0864,-,csnk1d|cki-delta|ckid|casein kinase i isoform delta|tau-protein kinase csnk1d|hckid|-
CHEMBL5180,-,-,-,Other Protein Target.Other Protein Target,Other Protein Target,Other Protein Target,0864-1>0864,-,dagla|dagl-alpha|dgl-alpha|diacylglycerol lipase-alpha|neural stem cell-derived dendrite regulator|sn1-specific diacylglycerol lipase alpha|kiaa0659|nsddr|-
CHEMBL5183,484,484,0077,Ion Channel.Ligand-gated ion channel,Ion Channel,Ligand-gated ion channel,0077>0697>0689,-,p2rx7|atp receptor|p2x purinoceptor 7|p2x7|p2z receptor|purinergic receptor|-
CHEMBL5189,-,-,-,Other Protein Target.Other Protein Target,Other Protein Target,Other Protein Target,0864-1>0864,-,nanh|-|sialidase|neuraminidase
CHEMBL5192,-,-,-,Other Protein Target.Other Protein Target,Other Protein Target,Other Protein Target,0864-1>0864,-,bota|-|botulinum neurotoxin type a|botox|bont/a|bontoxilysin-a|botulinum neurotoxin type a1|atx|bont
CHEMBL5198,2090,2090,0515,Enzyme.Transferase,Enzyme,Transferase,0515>0288>0681>0698>0690-2>0690,-,mapk15|erk-7|erk-8|extracellular signal-regulated kinase 7|extracellular signal-regulated kinase 8|map kinase 15|mapk 15|mitogen-activated protein kinase 15|erk7|erk8|-
CHEMBL5200,-,-,-,Other Protein Target.Other Protein Target,Other Protein Target,Other Protein Target,0864-1>0864,-,cxcr3|c-x-c chemokine receptor type 3|cxc-r3|cxcr-3|ip-10 receptor|interferon-inducible protein 10 receptor|cmkar3|-
CHEMBL5202,583,583,0082,Ion Channel.Voltage-gated ion channel,Ion Channel,Voltage-gated ion channel,0082>0696>0689,-,scn8a|sodium channel protein type 8 subunit alpha|sodium channel protein type viii subunit alpha|voltage-gated sodium channel subunit alpha nav1.6|med|-
CHEMBL5203,-,-,-,Other Protein Target.Other Protein Target,Other Protein Target,Other Protein Target,0864-1>0864,-,"dut|deoxyuridine 5'-triphosphate nucleotidohydrolase, mitochondrial|dutp pyrophosphatase|dutpase|-"
CHEMBL5205,-,-,-,Other Protein Target.Other Protein Target,Other Protein Target,Other Protein Target,0864-1>0864,-,slc6a13|-|sodium- and chloride-dependent gaba transporter 2|gat-2|gat-3|gabt2|gabt3|gat2|gat3|sodium- and chloride-dependent gaba transporter 3|solute carrier family 6 member 13|gaba transporter 3
CHEMBL5208,-,-,-,Other Protein Target.Other Protein Target,Other Protein Target,Other Protein Target,0864-1>0864,-,slc6a11|gat-3|sodium- and chloride-dependent gaba transporter 3|solute carrier family 6 member 11|gabt3|gat3|-
CHEMBL5221,-,-,-,Other Protein Target.Other Protein Target,Other Protein Target,Other Protein Target,0864-1>0864,-,nisch|-|nischarin|i-1|i1r|ir1|imidazoline receptor 1|imidazoline-1 receptor
CHEMBL5246,-,-,-,Other Protein Target.Other Protein Target,Other Protein Target,Other Protein Target,0864-1>0864,-,"cyp11a1|cypxia1|cholesterol desmolase|cholesterol side-chain cleavage enzyme, mitochondrial|cytochrome p450 11a1|cytochrome p450|cyp11a|cyp11a-1|-"
CHEMBL5250,-,-,-,Other Protein Target.Other Protein Target,Other Protein Target,Other Protein Target,0864-1>0864,-,jak3|jak-3|janus kinase 3|tyrosine-protein kinase jak3|-
CHEMBL5251,1948,1948,0629,Enzyme.Transferase,Enzyme,Transferase,0629>0936>0686>0699>0862>0688,-,btk|atk|agammaglobulinemia tyrosine kinase|b-cell progenitor kinase|bpk|bruton tyrosine kinase|tyrosine-protein kinase btk|agmx1|-
CHEMBL5255,1754,1754,0316,Receptor.Catalytic Receptor,Receptor,Catalytic Receptor,0316>0302>0862>0688,-,tlr4|toll-like receptor 4|htoll|-
CHEMBL5256,1956,1956,0473,Enzyme.Transferase,Enzyme,Transferase,0473>0451>0683>0698>0690-2>0690,-,camkk1|cam-kk 1|cam-kk alpha|cam-kinase iv kinase|cam-kinase kinase 1|cam-kinase kinase alpha|camkk 1|camkk alpha|calcium/calmodulin-dependent protein kinase kinase 1|calcium/calmodulin-dependent protein kinase kinase alpha|camkka|-
CHEMBL5257,-,-,-,Other Protein Target.Other Protein Target,Other Protein Target,Other Protein Target,0864-1>0864,-,nek9|nek8|nercc1 kinase|never in mitosis a-related kinase 9|nima-related kinase 8|nima-related protein kinase 9|serine/threonine-protein kinase nek9|kiaa1995|nercc|-
CHEMBL5258,-,-,-,Other Protein Target.Other Protein Target,Other Protein Target,Other Protein Target,0864-1>0864,-,camk1g|click iii|cam kinase i gamma|cam kinase ig|cam-ki gamma|camk-like creb kinase iii|camki gamma|camkig|calcium/calmodulin-dependent protein kinase type 1g|click3|vws1|-
CHEMBL5260,2247,2247,0521,Enzyme.Transferase,Enzyme,Transferase,0521>0461>0687>0699>0862>0688,-,tnni3k|cardiac ankyrin repeat kinase|cardiac troponin i-interacting kinase|serine/threonine-protein kinase tnni3k|tnni3-interacting kinase|cark|-
CHEMBL5261,2233,2233,0551,Enzyme.Transferase,Enzyme,Transferase,0551>0467>0685>0698>0690-2>0690,-,taok1|kinase from chicken homolog b|mark kinase|markk|psk-2|psk2|prostate-derived ste20-like kinase 2|prostate-derived sterile 20-like kinase 2|serine/threonine-protein kinase tao1|thousand and one amino acid protein kinase 1|hkfc-b|htaok1|kiaa1361|map3k16|-
CHEMBL5262,126,126,0114,Receptor.G protein-coupled receptor,Receptor,G protein-coupled receptor,0114>0694>0688,-,gpr119|-|glucose-dependent insulinotropic receptor|g-protein coupled receptor 119
CHEMBL5270,-,-,-,Other Protein Target.Other Protein Target,Other Protein Target,Other Protein Target,0864-1>0864,-,dfra|dihydrofolate reductase|-
CHEMBL5275,1786,1786,0318,Receptor.Catalytic Receptor,Receptor,Catalytic Receptor,0318>0303>0687>0699>0862>0688,-,bmpr1a|alk-3|activin receptor-like kinase 3|bmp type-1a receptor|bmpr-1a|bone morphogenetic protein receptor type-1a|skr5|serine/threonine-protein kinase receptor r5|acvrlk3|alk3|-
CHEMBL5282,1321,1321,0262,Enzyme.Oxidoreductase,Enzyme,Oxidoreductase,0262>0242>0690-1>0690,-,"cyp2a6|1,4-cineole 2-exo-monooxygenase|cypiia6|coumarin 7-hydroxylase|cytochrome p450 2a6|cytochrome p450 iia3|cytochrome p450|cyp2a3|-"
CHEMBL5284,1957,1957,0473,Enzyme.Transferase,Enzyme,Transferase,0473>0451>0683>0698>0690-2>0690,-,camkk2|cam-kk 2|cam-kk beta|cam-kinase kinase 2|cam-kinase kinase beta|camkk 2|camkk beta|calcium/calmodulin-dependent protein kinase kinase 2|calcium/calmodulin-dependent protein kinase kinase beta|camkkb|kiaa0787|-
CHEMBL5285,2080,2080,0621,Enzyme.Transferase,Enzyme,Transferase,0621>0685>0698>0690-2>0690,-,map3k5|ask-1|apoptosis signal-regulating kinase 1|mapk/erk kinase kinase 5|mek kinase 5|mekk 5|mitogen-activated protein kinase kinase kinase 5|ask1|mapkkk5|mekk5|-
CHEMBL5288,-,-,-,Other Protein Target.Other Protein Target,Other Protein Target,Other Protein Target,0864-1>0864,-,rb1|rb|retinoblastoma-associated protein|p105-rb|p110-rb1|prb|pp110|-
CHEMBL5293,-,-,-,Other Protein Target.Other Protein Target,Other Protein Target,Other Protein Target,0864-1>0864,-,calca|alpha-type cgrp|cgrp-i|cgrp1|calcitonin gene-related peptide 1|calcitonin gene-related peptide i|calc1|-
CHEMBL5306,-,-,-,Other Protein Target.Other Protein Target,Other Protein Target,Other Protein Target,0864-1>0864,-,mlnr|-|motilin receptor
CHEMBL5310,1787,1787,0318,Receptor.Catalytic Receptor,Receptor,Catalytic Receptor,0318>0303>0687>0699>0862>0688,-,acvr1b|actr-ib|alk-4|activin receptor type ib|activin receptor type-1b|activin receptor-like kinase 4|skr2|serine/threonine-protein kinase receptor r2|acvrlk4|alk4|-
CHEMBL5311,1784,1784,0318,Receptor.Catalytic Receptor,Receptor,Catalytic Receptor,0318>0303>0687>0699>0862>0688,-,acvrl1|alk-1|activin receptor type-1-like|activin receptor-like kinase 1|skr3|serine/threonine-protein kinase receptor r3|tgf-b superfamily receptor type i|tsr-i|acvrlk1|alk1|-
CHEMBL5314,1836,1836,0328,Receptor.Catalytic Receptor,Receptor,Catalytic Receptor,0328>0304>0686>0699>0862>0688,-,tyro3|tyrosine-protein kinase byk|tyrosine-protein kinase dtk|tyrosine-protein kinase rse|tyrosine-protein kinase sky|tyrosine-protein kinase tif|tyrosine-protein kinase receptor tyro3|byk|dtk|rse|sky|tif|-
CHEMBL5319,1843,1843,0331,Receptor.Catalytic Receptor,Receptor,Catalytic Receptor,0331>0304>0686>0699>0862>0688,-,ddr1|cd167 antigen-like family member a|cell adhesion kinase|discoidin receptor tyrosine kinase|epithelial discoidin domain receptor 1|epithelial discoidin domain-containing receptor 1|hgk2|mck-10|mammary carcinoma kinase 10|protein-tyrosine kinase 3a|protein-tyrosine kinase rtk-6|trk e|tyrosine kinase ddr|tyrosine-protein kinase cak|cak|eddr1|nep|ntrk4|ptk3a|rtk6|trke|-
CHEMBL5320,1505,1505,0500,Enzyme.Transferase,Enzyme,Transferase,0500>0454>0677>0698>0690-2>0690,-,dmpk|dm-kinase|dm1 protein kinase|dmk|mt-pk|myotonic dystrophy protein kinase|myotonin-protein kinase|dm1pk|mdpk|-
CHEMBL5328,-,-,-,Other Protein Target.Other Protein Target,Other Protein Target,Other Protein Target,0864-1>0864,-,thya|-|thymidylate synthase|ts|tsase
CHEMBL5331,1837,1837,0328,Receptor.Catalytic Receptor,Receptor,Catalytic Receptor,0328>0304>0686>0699>0862>0688,-,mertk|proto-oncogene c-mer|receptor tyrosine kinase mertk|tyrosine-protein kinase mer|mer|-
CHEMBL5332,2093,2093,0514,Enzyme.Transferase,Enzyme,Transferase,0514>0288>0681>0698>0690-2>0690,-,mapk7|bmk-1|big map kinase 1|erk-5|extracellular signal-regulated kinase 5|map kinase 7|mapk 7|mitogen-activated protein kinase 7|bmk1|erk5|prkm7|-
CHEMBL5334,2245,2245,0554,Enzyme.Transferase,Enzyme,Transferase,0554>0936>0686>0699>0862>0688,-,tnk1|cd38 negative kinase 1|non-receptor tyrosine-protein kinase tnk1|-
CHEMBL5335,2792,2792,0889,Other Protein Target.Other Protein Target,Other Protein Target,Other Protein Target,0889>0864,-,birc3|api2|apoptosis inhibitor 2|baculoviral iap repeat-containing protein 3|c-iap2|cellular inhibitor of apoptosis 2|iap homolog c|inhibitor of apoptosis protein 1|ring finger protein 49|ring-type e3 ubiquitin transferase birc3|tnfr2-traf-signaling complex protein 1|hiap-1|hiap1|mihc|rnf49|-
CHEMBL5346,-,-,-,Other Protein Target.Other Protein Target,Other Protein Target,Other Protein Target,0864-1>0864,-,tyr|-|tyrosinase|albino locus protein|monophenol monooxygenase
CHEMBL5347,-,-,-,Other Protein Target.Other Protein Target,Other Protein Target,Other Protein Target,0864-1>0864,-,g6pd|glucose-6-phosphate 1-dehydrogenase|-
CHEMBL5348,-,-,-,Other Protein Target.Other Protein Target,Other Protein Target,Other Protein Target,0864-1>0864,-,chib|-|chitinase b
CHEMBL5351,-,-,-,Other Protein Target.Other Protein Target,Other Protein Target,Other Protein Target,0864-1>0864,-,luxr|-|transcriptional activator protein luxr
CHEMBL5353,-,-,-,Other Protein Target.Other Protein Target,Other Protein Target,Other Protein Target,0864-1>0864,-,scd1|acyl-coa desaturase 1|delta-desaturase 1|delta-9 desaturase 1|fatty acid desaturase 1|stearoyl-coa desaturase 1|-
CHEMBL5359,-,-,-,Other Protein Target.Other Protein Target,Other Protein Target,Other Protein Target,0864-1>0864,-,icl1|-|isocitrate lyase|icl|isocitrase|isocitratase|mica|methylisocitrate lyase|threo-d-isocitrate glyoxylate-lyase
CHEMBL5362,-,-,-,Other Protein Target.Other Protein Target,Other Protein Target,Other Protein Target,0864-1>0864,-,srta|sortase|sortase a|-
CHEMBL5364,2125,2125,0520,Enzyme.Transferase,Enzyme,Transferase,0520>0288>0681>0698>0690-2>0690,-,nlk|nemo-like kinase|protein lak1|serine/threonine-protein kinase nlk|lak1|-
CHEMBL5365,-,-,-,Other Protein Target.Other Protein Target,Other Protein Target,Other Protein Target,0864-1>0864,-,polk|dinb protein|dinp|dna polymerase kappa|dinb1|-
CHEMBL5366,2772,2772,0883,Enzyme.Transferase,Enzyme,Transferase,0883>1095>0690-2>0690,-,parp2|adp-ribosyltransferase diphtheria toxin-like 2|adprt-2|artd2|dna adp-ribosyltransferase parp2|nad adp-ribosyltransferase 2|parp-2|poly polymerase 2|poly synthase 2|protein poly-adp-ribosyltransferase parp2|hparp-2|padprt-2|adprt2|adprtl2|-
CHEMBL5373,57,57,0013,Receptor.G protein-coupled receptor,Receptor,G protein-coupled receptor,0013>0694>0688,-,cnr2|cb-2|cb2|cannabinoid receptor 2|mcb2|-
CHEMBL5374,915,915,0173,Transporter.ATP-binding cassette transporter,Transporter,ATP-binding cassette transporter,0173>0143>0863>0691,-,slc5a1|high affinity sodium-glucose cotransporter|na/glucose cotransporter 1|sodium/glucose cotransporter 1|solute carrier family 5 member 1|sglt1|-
CHEMBL5375,-,-,-,Other Protein Target.Other Protein Target,Other Protein Target,Other Protein Target,0864-1>0864,-,ns5b|-|rna-directed rna polymerase|hepatitis c virus ns5b rna-dependent rna polymerase
CHEMBL5387,-,-,-,Other Protein Target.Other Protein Target,Other Protein Target,Other Protein Target,0864-1>0864,-,shh|-|sonic hedgehog protein|hhg-1|hhg1|shh unprocessed n-terminal signaling and c-terminal autoprocessing domains|shhnc
CHEMBL5388,-,-,-,Other Protein Target.Other Protein Target,Other Protein Target,Other Protein Target,0864-1>0864,-,tlk1|pku-beta|serine/threonine-protein kinase tousled-like 1|tousled-like kinase 1|kiaa0137|-
CHEMBL5393,792,792,0155,Transporter.ATP-binding cassette transporter,Transporter,ATP-binding cassette transporter,0155>0136>0691,-,abcg2|atp-binding cassette sub-family g member 2|breast cancer resistance protein|broad substrate specificity atp-binding cassette transporter abcg2|cdw338|mitoxantrone resistance-associated protein|placenta-specific atp-binding cassette transporter|urate exporter|abcp|bcrp|bcrp1|mxr|-
CHEMBL5394,-,-,-,Other Protein Target.Other Protein Target,Other Protein Target,Other Protein Target,0864-1>0864,-,"tpr|-|trypanothione reductase|n,n-bisspermidine reductase|tr"
CHEMBL5396,-,-,-,Other Protein Target.Other Protein Target,Other Protein Target,Other Protein Target,0864-1>0864,-,cya|atp pyrophosphate-lyase|adenylyl cyclase|anthrax edema toxin adenylate cyclase component|calmodulin-sensitive adenylate cyclase|ef|edema factor|-
CHEMBL5399,370,370,0067,Receptor.G protein-coupled receptor,Receptor,G protein-coupled receptor,0067>0694>0688,-,adcyap1r1|pac1 receptor|pac1r|pacap type i receptor|pacap-r-1|pacap-r1|pituitary adenylate cyclase-activating polypeptide type i receptor|-
CHEMBL5402,-,-,-,Other Protein Target.Other Protein Target,Other Protein Target,Other Protein Target,0864-1>0864,-,stat3|acute-phase response factor|signal transducer and activator of transcription 3|aprf|-
CHEMBL5403,3221,3221,0990,Other Protein Target.Other Protein Target,Other Protein Target,Other Protein Target,0990>0972>0864,-,stat5a|signal transducer and activator of transcription 5a|stat5|-
CHEMBL5404,-,-,-,Other Protein Target.Other Protein Target,Other Protein Target,Other Protein Target,0864-1>0864,-,tlk2|hshpk|pku-alpha|serine/threonine-protein kinase tousled-like 2|tousled-like kinase 2|-
CHEMBL5405,-,-,-,Other Protein Target.Other Protein Target,Other Protein Target,Other Protein Target,0864-1>0864,-,stk32c|pke|serine/threonine-protein kinase 32c|yet another novel kinase 3|yank3|-
CHEMBL5406,1255,1255,0254,Enzyme.Transferase,Enzyme,Transferase,0254>0239>0690,-,carm1|coactivator-associated arginine methyltransferase 1|histone-arginine methyltransferase carm1|protein arginine n-methyltransferase 4|prmt4|-
CHEMBL5407,2160,2160,0600,Enzyme.Transferase,Enzyme,Transferase,0600>0679>0698>0690-2>0690,-,pim3|serine/threonine-protein kinase pim-3|-
CHEMBL5408,2237,2237,0578,Enzyme.Transferase,Enzyme,Transferase,0578>0683>0698>0690-2>0690,-,tbk1|nf-kappa-b-activating kinase|serine/threonine-protein kinase tbk1|t2k|tank-binding kinase 1|nak|-
CHEMBL5412,59,59,0014,Receptor.G protein-coupled receptor,Receptor,G protein-coupled receptor,0014>0694>0688,-,ccr2|c-c ckr-2|c-c chemokine receptor type 2|cc-ckr-2|ccr-2|je/fic receptor|mcp-1 receptor|cmkbr2|-
CHEMBL5413,266,266,0034,Receptor.G protein-coupled receptor,Receptor,G protein-coupled receptor,0034>0694>0688,-,kiss1r|g-protein coupled receptor 54|g-protein coupled receptor ot7t175|hypogonadotropin-1|kiss-1 receptor|kiss-1r|kisspeptins receptor|metastin receptor|hot7t175|axor12|gpr54|-
CHEMBL5415,2210,2210,0620,Enzyme.Transferase,Enzyme,Transferase,0620>0681>0698>0690-2>0690,-,srpk3|mssk-1|muscle-specific serine kinase 1|sr-protein-specific kinase 3|srsf protein kinase 3|serine/arginine-rich protein-specific kinase 3|serine/threonine-protein kinase 23|mssk1|stk23|-
CHEMBL5419,-,-,-,Other Protein Target.Other Protein Target,Other Protein Target,Other Protein Target,0864-1>0864,-,-|genome polyprotein
CHEMBL5424,-,-,-,Other Protein Target.Other Protein Target,Other Protein Target,Other Protein Target,0864-1>0864,-,scd1|acyl-coa desaturase 1|delta-desaturase 1|delta-9 desaturase 1|fatty acid desaturase 1|stearoyl-coa desaturase 1|scd|-
CHEMBL5426,2111,2111,0585,Enzyme.Transferase,Enzyme,Transferase,0585>0679>0698>0690-2>0690,-,mylk4|myosin light chain kinase family member 4|sgk085|sugen kinase 85|-
CHEMBL5427,2033,2033,0505,Enzyme.Transferase,Enzyme,Transferase,0505>0455>0681>0698>0690-2>0690,-,hipk1|homeodomain-interacting protein kinase 1|nuclear body-associated kinase 2|kiaa0630|myak|nbak2|-
CHEMBL5432,2087,2087,0543,Enzyme.Transferase,Enzyme,Transferase,0543>0467>0685>0698>0690-2>0690,-,map4k3|glk|germinal center kinase-related protein kinase|mapk/erk kinase kinase kinase 3|mek kinase kinase 3|mekkk 3|mitogen-activated protein kinase kinase kinase kinase 3|rab8ipl1|-
CHEMBL5435,2272,2272,0639,Enzyme.Transferase,Enzyme,Transferase,0639>0683>0698>0690-2>0690,-,ulk2|serine/threonine-protein kinase ulk2|unc-51-like kinase 2|kiaa0623|-
CHEMBL5440,-,-,-,Other Protein Target.Other Protein Target,Other Protein Target,Other Protein Target,0864-1>0864,-,"crtm|-|4,4'-diapophytoene synthase|c30 carotenoid synthase|dap synthase|dehydrosqualene synthase"
CHEMBL5443,1960,1960,0567,Enzyme.Transferase,Enzyme,Transferase,0567>0683>0698>0690-2>0690,-,cdc7|cdc7-related kinase|cell division cycle 7-related protein kinase|hscdc7|hucdc7|cdc7l1|-
CHEMBL5444,2640,2640,0858,Other Protein Target.Other Protein Target,Other Protein Target,Other Protein Target,0858>0864,-,tubb|-|tubulin beta chain|tubb5|tubulin beta-5 chain
CHEMBL5445,929,929,0177,Transporter.ATP-binding cassette transporter,Transporter,ATP-binding cassette transporter,0177>0144>0863>0691,-,slc6a1|-|sodium- and chloride-dependent gaba transporter 1|gat-1|gabt1|gat1|solute carrier family 6 member 1
CHEMBL5451,585,585,0082,Ion Channel.Voltage-gated ion channel,Ion Channel,Voltage-gated ion channel,0082>0696>0689,-,scn10a|pn3|peripheral nerve sodium channel 3|sodium channel protein type 10 subunit alpha|sodium channel protein type x subunit alpha|voltage-gated sodium channel subunit alpha nav1.8|hpn3|-
CHEMBL5452,-,-,-,Other Protein Target.Other Protein Target,Other Protein Target,Other Protein Target,0864-1>0864,-,aanat|-|serotonin n-acetyltransferase|aa-nat|aralkylamine n-acetyltransferase|snat|serotonin acetylase
CHEMBL5455,2023,2023,0575,Enzyme.Transferase,Enzyme,Transferase,0575>0936>0686>0699>0862>0688,-,fes|feline sarcoma/fujinami avian sarcoma oncogene homolog|proto-oncogene c-fes|proto-oncogene c-fps|tyrosine-protein kinase fes/fps|p93c-fes|fps|-
CHEMBL5456,-,-,-,Other Protein Target.Other Protein Target,Other Protein Target,Other Protein Target,0864-1>0864,-,drd2|-|d dopamine receptor|dopamine d2 receptor
CHEMBL5457,-,-,-,Other Protein Target.Other Protein Target,Other Protein Target,Other Protein Target,0864-1>0864,-,fola|-|dihydrofolate reductase
CHEMBL5462,2791,2791,0889,Other Protein Target.Other Protein Target,Other Protein Target,Other Protein Target,0889>0864,-,birc2|baculoviral iap repeat-containing protein 2|c-iap1|cellular inhibitor of apoptosis 1|iap homolog b|inhibitor of apoptosis protein 2|ring finger protein 48|ring-type e3 ubiquitin transferase birc2|tnfr2-traf-signaling complex protein 2|hiap-2|hiap2|api1|mihb|rnf48|-
CHEMBL5463,-,-,-,Other Protein Target.Other Protein Target,Other Protein Target,Other Protein Target,0864-1>0864,-,asah1|ac|acdase|acid cdase|acid ceramidase|acylsphingosine deacylase|glycosylceramide deacylase|n-acylethanolamine hydrolase asah1|n-acylsphingosine amidohydrolase|php32|putative 32 kda heart protein|asah|-
CHEMBL5464,2189,2189,0613,Enzyme.Transferase,Enzyme,Transferase,0613>0687>0699>0862>0688,-,ripk1|cell death protein rip|rip-1|receptor-interacting protein 1|receptor-interacting serine/threonine-protein kinase 1|rip|rip1|-
CHEMBL5467,1794,1794,0319,Receptor.Catalytic Receptor,Receptor,Catalytic Receptor,0319>0303>0687>0699>0862>0688,-,bmpr2|bmp type ii receptor|bmp type-2 receptor|bmpr-2|bmpr-ii|bone morphogenetic protein receptor type ii|bone morphogenetic protein receptor type-2|pph1|-
CHEMBL5469,2181,2181,0574,Enzyme.Transferase,Enzyme,Transferase,0574>0936>0686>0699>0862>0688,-,ptk2b|cadtk|cak-beta|cakb|calcium-dependent tyrosine kinase|calcium-regulated non-receptor proline-rich tyrosine kinase|cell adhesion kinase beta|fadk 2|focal adhesion kinase 2|proline-rich tyrosine kinase 2|protein-tyrosine kinase 2-beta|raftk|related adhesion focal tyrosine kinase|fak2|pyk2|-
CHEMBL5476,1789,1789,0318,Receptor.Catalytic Receptor,Receptor,Catalytic Receptor,0318>0303>0687>0699>0862>0688,-,bmpr1b|bmp type-1b receptor|bmpr-1b|bone morphogenetic protein receptor type-1b|-
CHEMBL5479,-,-,-,Other Protein Target.Other Protein Target,Other Protein Target,Other Protein Target,0864-1>0864,-,hgf|hepatocyte growth factor|hepatopoietin-a|sf|scatter factor|hpta|-
CHEMBL5483,1802,1802,0321,Receptor.Catalytic Receptor,Receptor,Catalytic Receptor,0321>0304>0686>0699>0862>0688,-,insrr|ir-related receptor|irr|insulin receptor-related protein|-
CHEMBL5485,-,-,-,Other Protein Target.Other Protein Target,Other Protein Target,Other Protein Target,0864-1>0864,-,dao|d-amino-acid oxidase|daao|damox|-
CHEMBL5491,2278,2278,0642,Enzyme.Transferase,Enzyme,Transferase,0642>0683>0698>0690-2>0690,-,wee1|wee1hu|wee1-like protein kinase|wee1a kinase|-
CHEMBL5493,226,226,0024,Receptor.G protein-coupled receptor,Receptor,G protein-coupled receptor,0024>0694>0688,-,ffar2|free fatty acid receptor 2|g-protein coupled receptor 43|ffa2|gpcr43|gpr43|-
CHEMBL5498,-,-,-,Other Protein Target.Other Protein Target,Other Protein Target,Other Protein Target,0864-1>0864,-,gpm3|-|muscarinic acetylcholine receptor|muscarinic acetylcholine receptor m3
CHEMBL5500,2737,2737,0872,Enzyme.Transferase,Enzyme,Transferase,0872>0865>0690,-,kat2b|histone acetylase pcaf|histone acetyltransferase kat2b|histone acetyltransferase pcaf|lysine acetyltransferase 2b|p/caf|p300/cbp-associated factor|spermidine acetyltransferase kat2b|pcaf|-
CHEMBL5501,-,-,-,Other Protein Target.Other Protein Target,Other Protein Target,Other Protein Target,0864-1>0864,-,kat2a|general control of amino acid synthesis protein 5-like 2|histone acetyltransferase gcn5|histone acetyltransferase kat2a|histone glutaryltransferase kat2a|histone succinyltransferase kat2a|lysine acetyltransferase 2a|staf97|hgcn5|gcn5|gcn5l2|-
CHEMBL5503,607,607,0090,Receptor.Nuclear Hormone Receptor,Receptor,Nuclear Hormone Receptor,0090>0695>0688,-,nr1i3|car|constitutive activator of retinoid response|constitutive active response|constitutive androstane receptor|nuclear receptor subfamily 1 group i member 3|orphan nuclear receptor mb67|-
CHEMBL5508,2009,2009,0503,Enzyme.Transferase,Enzyme,Transferase,0503>0455>0681>0698>0690-2>0690,-,dyrk1a|-|dual specificity tyrosine-phosphorylation-regulated kinase 1a|dual specificity yak1-related kinase|dyrk|mnbh|protein kinase minibrain homolog|rp86
CHEMBL5516,3070,3070,0944,Enzyme.Hydrolase,Enzyme,Hydrolase,0944>0943>0690,-,abhd12|2-arachidonoylglycerol hydrolase abhd12|abhydrolase domain-containing protein 12|lysophosphatidylserine lipase abhd12|monoacylglycerol lipase abhd12|oxidized phosphatidylserine lipase abhd12|habhd12|c20orf22|-
CHEMBL5517,-,-,-,Other Protein Target.Other Protein Target,Other Protein Target,Other Protein Target,0864-1>0864,-,sfrp1|frp-1|sarp-2|secreted apoptosis-related protein 2|secreted frizzled-related protein 1|sfrp-1|frp|frp1|sarp2|-
CHEMBL5518,2103,2103,0544,Enzyme.Hydrolase,Enzyme,Hydrolase,0544>0467>0685>0698>0690-2>0690,-,mink1|gck family kinase mink|mapk/erk kinase kinase kinase 6|mek kinase kinase 6|mekkk 6|misshapen-like kinase 1|misshapen/nik-related kinase|mitogen-activated protein kinase kinase kinase kinase 6|b55|map4k6|mink|ysk2|zc3|-
CHEMBL5519,2006,2006,0571,Enzyme.Transferase,Enzyme,Transferase,0571>0679>0698>0690-2>0690,-,dclk2|cl2|click-ii|click2|camk-like creb regulatory kinase 2|doublecortin domain-containing protein 3b|doublecortin-like and cam kinase-like 2|doublecortin-like kinase 2|serine/threonine-protein kinase dclk2|dcamkl2|dcdc3b|dck2|-
CHEMBL5520,-,-,-,Other Protein Target.Other Protein Target,Other Protein Target,Other Protein Target,0864-1>0864,-,csnk1a1l|ck1|cki-alpha-like|casein kinase i isoform alpha-like|-
CHEMBL5521,1397,1397,0944,Enzyme.Hydrolase,Enzyme,Hydrolase,0944>0943>0690,-,daglb|dagl-beta|dgl-beta|diacylglycerol lipase-beta|kccr13l|pufa-specific triacylglycerol lipase|sn1-specific diacylglycerol lipase beta|-
CHEMBL5522,509,509,0078,Ion Channel.Voltage-gated ion channel,Ion Channel,Voltage-gated ion channel,0078>0696>0689,-,trpv3|transient receptor potential cation channel subfamily v member 3|vrl-3|vanilloid receptor-like 3|-
CHEMBL5523,2703,2703,0871,Enzyme.Transferase,Enzyme,Transferase,0871>0865>0690,-,setd7|h3-k4-hmtase setd7|histone h3-k4 methyltransferase setd7|histone-lysine n-methyltransferase setd7|lysine n-methyltransferase 7|set domain-containing protein 7|set7/9|kiaa1717|kmt7|set7|set9|-
CHEMBL5524,1252,1252,0254,Enzyme.Transferase,Enzyme,Transferase,0254>0239>0690,-,prmt1|histone-arginine n-methyltransferase prmt1|interferon receptor 1-bound protein 4|protein arginine n-methyltransferase 1|hmt2|hrmt1l2|ir1b4|-
CHEMBL5525,-,-,-,Other Protein Target.Other Protein Target,Other Protein Target,Other Protein Target,0864-1>0864,-,"ebp|3-beta-hydroxysteroid-delta,delta-isomerase|cholestenol delta-isomerase|cholesterol-5,6-epoxide hydrolase subunit ebp|d8-d7 sterol isomerase|delta-delta sterol isomerase|emopamil-binding protein|-"
CHEMBL5538,-,-,-,Other Protein Target.Other Protein Target,Other Protein Target,Other Protein Target,0864-1>0864,-,carm1|coactivator-associated arginine methyltransferase 1|histone-arginine methyltransferase carm1|protein arginine n-methyltransferase 4|prmt4|-
CHEMBL5541,-,-,-,Other Protein Target.Other Protein Target,Other Protein Target,Other Protein Target,0864-1>0864,-,hdac1|-|histone deacetylase
CHEMBL5543,2010,2010,0503,Enzyme.Transferase,Enzyme,Transferase,0503>0455>0681>0698>0690-2>0690,-,dyrk1b|dual specificity tyrosine-phosphorylation-regulated kinase 1b|minibrain-related kinase|mirk protein kinase|mirk|-
CHEMBL5545,1396,1396,0944,Enzyme.Hydrolase,Enzyme,Hydrolase,0944>0943>0690,-,dagla|dagl-alpha|dgl-alpha|diacylglycerol lipase-alpha|neural stem cell-derived dendrite regulator|sn1-specific diacylglycerol lipase alpha|c11orf11|kiaa0659|nsddr|-
CHEMBL5546,-,-,-,Other Protein Target.Other Protein Target,Other Protein Target,Other Protein Target,0864-1>0864,-,myo3a|myosin-iiia|-
CHEMBL5552,-,-,-,Other Protein Target.Other Protein Target,Other Protein Target,Other Protein Target,0864-1>0864,-,stk25|sok-1|serine/threonine-protein kinase 25|ste20-like kinase|ste20/oxidant stress response kinase 1|sterile 20/oxidant stress-response kinase 1|sok1|ysk1|-
CHEMBL5553,-,-,-,Other Protein Target.Other Protein Target,Other Protein Target,Other Protein Target,0864-1>0864,-,"ddx3x|atp-dependent rna helicase ddx3x|cap-rf|dbx|dead box protein 3, x-chromosomal|dead box, x isoform|hlp2|helicase-like protein 2|ddx3|-"
CHEMBL5554,2151,2151,0781,Enzyme.Transferase,Enzyme,Transferase,0781>0244>0690,-,pik3c2b|c2-pi3k|pi3k-c2-beta|phosphatidylinositol 4-phosphate 3-kinase c2 domain-containing subunit beta|phosphoinositide 3-kinase-c2-beta|ptdins-3-kinase c2 subunit beta|-
CHEMBL5555,-,-,-,Other Protein Target.Other Protein Target,Other Protein Target,Other Protein Target,0864-1>0864,-,scd|acyl-coa desaturase|delta-desaturase|delta-9 desaturase|fatty acid desaturase|stearoyl-coa desaturase|hscd1|fads5|scd1|scdos|-
CHEMBL5556,71,71,0014,Receptor.G protein-coupled receptor,Receptor,G protein-coupled receptor,0014>0694>0688,-,cxcr4|c-x-c chemokine receptor type 4|cxc-r4|cxcr-4|fusin|lestr|leukocyte-derived seven transmembrane domain receptor|sdf-1 receptor|stromal cell-derived factor 1 receptor|cmkar4|-
CHEMBL5558,537,537,0080,Ion Channel.Voltage-gated ion channel,Ion Channel,Voltage-gated ion channel,0080>0696>0689,-,cacna1i|ca3.3|voltage-dependent t-type calcium channel subunit alpha-1i|voltage-gated calcium channel subunit alpha cav3.3|kiaa1120|-
CHEMBL5566,-,-,-,Other Protein Target.Other Protein Target,Other Protein Target,Other Protein Target,0864-1>0864,-,"plcg1|-|1-phosphatidylinositol 4,5-bisphosphate phosphodiesterase gamma-1|plc-148|plc-ii|plc-gamma-1|phosphoinositide phospholipase c-gamma-1|phospholipase c-ii|phospholipase c-gamma-1"
CHEMBL5567,-,-,-,Other Protein Target.Other Protein Target,Other Protein Target,Other Protein Target,0864-1>0864,-,-|luciferase|luciferin 4-monooxygenase
CHEMBL5568,1840,1840,0796,Receptor.Catalytic Receptor,Receptor,Catalytic Receptor,0796>0304>0686>0699>0862>0688,-,ros1|proto-oncogene c-ros|proto-oncogene c-ros-1|proto-oncogene tyrosine-protein kinase ros|receptor tyrosine kinase c-ros oncogene 1|c-ros receptor tyrosine kinase|mcf3|ros|-
CHEMBL5575,-,-,-,Other Protein Target.Other Protein Target,Other Protein Target,Other Protein Target,0864-1>0864,-,kars1|lysrs|lysine--trna ligase|lysyl-trna synthetase|kars|kiaa0070|-
CHEMBL5579,1509,1509,0573,Enzyme.Transferase,Enzyme,Transferase,0573>0454>0677>0698>0690-2>0690,-,cit|crik|citron rho-interacting kinase|serine/threonine-protein kinase 21|kiaa0949|stk21|-
CHEMBL5586,1383,1383,0270,Enzyme.Multifunctional,Enzyme,Multifunctional,0270>0243>0690,-,cbr1|15-hydroxyprostaglandin dehydrogenase|20-beta-hydroxysteroid dehydrogenase|alcohol dehydrogenase cbr1|carbonyl reductase 1|nadph-dependent carbonyl reductase 1|pg-9-kr|prostaglandin 9-ketoreductase|prostaglandin-e 9-reductase|short chain dehydrogenase/reductase family 21c member 1|cbr|crn|sdr21c1|-
CHEMBL5600,2099,2099,0479,Enzyme.Transferase,Enzyme,Transferase,0479>0452>0679>0698>0690-2>0690,-,mark3|c-tak1|cdc25c-associated protein kinase 1|elkl motif kinase 2|emk-2|map/microtubule affinity-regulating kinase 3|par-1a|protein kinase stk10|ser/thr protein kinase par-1|serine/threonine-protein kinase p78|ctak1|emk2|-
CHEMBL5602,-,-,-,Other Protein Target.Other Protein Target,Other Protein Target,Other Protein Target,0864-1>0864,-,shh|hhg-1|shh unprocessed n-terminal signaling and c-terminal autoprocessing domains|shhnc|sonic hedgehog protein|-
CHEMBL5604,2239,2239,0511,Enzyme.Transferase,Enzyme,Transferase,0511>0458>0687>0699>0862>0688,-,tesk1|dual specificity testis-specific protein kinase 1|testicular protein kinase 1|-
CHEMBL5606,-,-,-,Other Protein Target.Other Protein Target,Other Protein Target,Other Protein Target,0864-1>0864,-,stk11|lkb1|liver kinase b1|renal carcinoma antigen ny-ren-19|serine/threonine-protein kinase stk11|hlkb1|pjs|-
CHEMBL5607,1465,1465,0508,Enzyme.Transferase,Enzyme,Transferase,0508>0283>0677>0698>0690-2>0690,-,grk1|g protein-coupled receptor kinase 1|rk|rhodopsin kinase grk1|rhok|-
CHEMBL5608,1819,1819,0326,Receptor.Catalytic Receptor,Receptor,Catalytic Receptor,0326>0304>0686>0699>0862>0688,-,ntrk3|gp145-trkc|nt-3 growth factor receptor|neurotrophic tyrosine kinase receptor type 3|trk-c|trkc tyrosine kinase|trkc|-
CHEMBL5615,-,-,-,Other Protein Target.Other Protein Target,Other Protein Target,Other Protein Target,0864-1>0864,-,cdc42bpg|cdc42-binding protein kinase gamma|dmpk-like gamma|mrck gamma|mrckg|myotonic dystrophy kinase-related cdc42-binding kinase gamma|myotonic dystrophy protein kinase-like alpha|myotonic dystrophy protein kinase-like gamma|serine/threonine-protein kinase mrck gamma|dmpk2|-
CHEMBL5619,-,-,-,Other Protein Target.Other Protein Target,Other Protein Target,Other Protein Target,0864-1>0864,-,apex1|ap endonuclease 1|ape-1|apen|apex nuclease|apurinic-apyrimidinic endonuclease 1|dna repair nuclease/redox regulator apex1|dna- endonuclease|ref-1|redox factor-1|ape|ape1|apex|apx|hap1|ref1|-
CHEMBL5620,2408,2408,0752,Enzyme.Hydrolase,Enzyme,Hydrolase,0752>0722>0759>0690-4>0690,-,psmb8|low molecular mass protein 7|macropain subunit c13|multicatalytic endopeptidase complex subunit c13|proteasome component c13|proteasome subunit beta type-8|proteasome subunit beta-5i|really interesting new gene 10 protein|lmp7|psmb5i|ring10|y2|-
CHEMBL5624,-,-,-,Other Protein Target.Other Protein Target,Other Protein Target,Other Protein Target,0864-1>0864,-,lap3|cysteinylglycine-s-conjugate dipeptidase|cytosol aminopeptidase|lap-3|leucine aminopeptidase 3|leucyl aminopeptidase|proline aminopeptidase|prolyl aminopeptidase|-
CHEMBL5627,1838,1838,0329,Receptor.Catalytic Receptor,Receptor,Catalytic Receptor,0329>0304>0686>0699>0862>0688,-,ltk|leukocyte tyrosine kinase receptor|protein tyrosine kinase 1|tyk1|-
CHEMBL5630,-,-,-,Other Protein Target.Other Protein Target,Other Protein Target,Other Protein Target,0864-1>0864,-,dxr|-|1-deoxy-d-xylulose 5-phosphate reductoisomerase|1-deoxyxylulose-5-phosphate reductoisomerase|2-c-methyl-d-erythritol 4-phosphate synthase|dxp reductoisomerase
CHEMBL5631,-,-,-,Other Protein Target.Other Protein Target,Other Protein Target,Other Protein Target,0864-1>0864,-,mtca1|-|beta-carbonic anhydrase 1|beta-ca 1|carbonate dehydratase 1|cana|mtca 1
CHEMBL5636,-,-,-,Other Protein Target.Other Protein Target,Other Protein Target,Other Protein Target,0864-1>0864,-,eif4e|-|eukaryotic translation initiation factor 4e|eif-4e|eif-4f 25 kda subunit|mrna cap-binding protein
CHEMBL5638,2116,2116,0588,Enzyme.Transferase,Enzyme,Transferase,0588>0683>0698>0690-2>0690,-,nek11|never in mitosis a-related kinase 11|nima-related protein kinase 11|serine/threonine-protein kinase nek11|-
CHEMBL5639,2281,2281,0643,Enzyme.Transferase,Enzyme,Transferase,0643>0683>0698>0690-2>0690,-,wnk2|antigen ny-co-43|protein kinase lysine-deficient 2|protein kinase with no lysine 2|serine/threonine-protein kinase wnk2|serologically defined colon cancer antigen 43|kiaa1760|prkwnk2|sdccag43|-
CHEMBL5645,-,-,-,Other Protein Target.Other Protein Target,Other Protein Target,Other Protein Target,0864-1>0864,-,cysltr1|-|cysteinyl leukotriene receptor 1|cysteinyl leukotriene d4 receptor|ltd4 receptor
CHEMBL5647,-,-,-,Other Protein Target.Other Protein Target,Other Protein Target,Other Protein Target,0864-1>0864,-,gnrhr|-|gonadotropin-releasing hormone receptor|gnrh receptor|gnrh-r
CHEMBL5648,-,-,-,Other Protein Target.Other Protein Target,Other Protein Target,Other Protein Target,0864-1>0864,-,pnp|-|purine nucleoside phosphorylase|s-methyl-5'-thioinosine phosphorylase
CHEMBL5650,-,-,-,Other Protein Target.Other Protein Target,Other Protein Target,Other Protein Target,0864-1>0864,-,brsk1|br serine/threonine-protein kinase 1|brain-selective kinase 1|brain-specific serine/threonine-protein kinase 1|sad1 homolog|serine/threonine-protein kinase brsk1|serine/threonine-protein kinase sad-b|synapses of amphids defective homolog 1|hsad1|kiaa1811|sad1|sadb|-
CHEMBL5652,126,126,0114,Receptor.G protein-coupled receptor,Receptor,G protein-coupled receptor,0114>0694>0688,-,gpr119|g-protein coupled receptor 119|glucose-dependent insulinotropic receptor|-
CHEMBL5654,-,-,-,Other Protein Target.Other Protein Target,Other Protein Target,Other Protein Target,0864-1>0864,-,myo3b|myosin-iiib|-
CHEMBL5656,-,-,-,Other Protein Target.Other Protein Target,Other Protein Target,Other Protein Target,0864-1>0864,-,daglb|dagl-beta|daglbeta|dgl-beta|diacylglycerol lipase-beta|pufa-specific triacylglycerol lipase|sn1-specific diacylglycerol lipase beta|-
CHEMBL5657,265,265,0033,Receptor.G protein-coupled receptor,Receptor,G protein-coupled receptor,0033>0694>0688,-,hrh4|-|histamine h4 receptor|h4r|hh4r
CHEMBL5658,1377,1377,0270,Enzyme.Multifunctional,Enzyme,Multifunctional,0270>0243>0690,-,ptges|glutathione peroxidase ptges|glutathione transferase ptges|mgst1-l1|mpges-1|microsomal glutathione s-transferase 1-like 1|microsomal prostaglandin e synthase 1|prostaglandin e synthase|p53-induced gene 12 protein|mgst1l1|mpges1|pges|pig12|-
CHEMBL5661,-,-,-,Other Protein Target.Other Protein Target,Other Protein Target,Other Protein Target,0864-1>0864,-,xpo1|chromosome region maintenance 1 protein homolog|exp1|exportin-1|crm1|-
CHEMBL5668,-,-,-,Other Protein Target.Other Protein Target,Other Protein Target,Other Protein Target,0864-1>0864,-,srpk2|sfrs protein kinase 2|sr-protein-specific kinase 2|srsf protein kinase 2|serine/arginine-rich protein-specific kinase 2|-
CHEMBL5669,2970,2970,0799,Enzyme.Hydrolase,Enzyme,Hydrolase,0799>0690-4>0690,-,ephx2|-|bifunctional epoxide hydrolase 2
CHEMBL5671,-,-,-,Other Protein Target.Other Protein Target,Other Protein Target,Other Protein Target,0864-1>0864,-,dlk1|dlk-1|protein delta homolog 1|pg2|dlk|-
CHEMBL5672,-,-,-,Other Protein Target.Other Protein Target,Other Protein Target,Other Protein Target,0864-1>0864,-,g6pd|-|glucose-6-phosphate 1-dehydrogenase
CHEMBL5678,1469,1469,0937,Enzyme.Transferase,Enzyme,Transferase,0937>0283>0677>0698>0690-2>0690,-,grk5|g protein-coupled receptor kinase 5|g protein-coupled receptor kinase grk5|gprk5|-
CHEMBL5679,2118,2118,0588,Enzyme.Transferase,Enzyme,Transferase,0588>0683>0698>0690-2>0690,-,nek3|hspk 36|never in mitosis a-related kinase 3|nima-related protein kinase 3|serine/threonine-protein kinase nek3|-
CHEMBL5683,2005,2005,0571,Enzyme.Transferase,Enzyme,Transferase,0571>0679>0698>0690-2>0690,-,dclk1|doublecortin domain-containing protein 3a|doublecortin-like and cam kinase-like 1|doublecortin-like kinase 1|serine/threonine-protein kinase dclk1|dcamkl1|dcdc3a|kiaa0369|-
CHEMBL5684,1847,1847,0793,Receptor.Catalytic Receptor,Receptor,Catalytic Receptor,0793>0304>0686>0699>0862>0688,-,"musk|muscle, skeletal receptor tyrosine-protein kinase|muscle-specific kinase receptor|muscle-specific tyrosine-protein kinase receptor|-"
CHEMBL5686,-,-,-,Other Protein Target.Other Protein Target,Other Protein Target,Other Protein Target,0864-1>0864,-,pfk|-|atp-dependent 6-phosphofructokinase|atp-pfk|phosphofructokinase|phosphohexokinase
CHEMBL5689,1241,1241,0249,Enzyme.Oxidoreductase,Enzyme,Oxidoreductase,0249>0690-1>0690,-,tph1|tryptophan 5-hydroxylase 1|tryptophan 5-monooxygenase 1|tph|tprh|trph|-
CHEMBL5691,-,-,-,Other Protein Target.Other Protein Target,Other Protein Target,Other Protein Target,0864-1>0864,-,parp1|adp-ribosyltransferase diphtheria toxin-like 1|adprt 1|artd1|dna adp-ribosyltransferase parp1|nad adp-ribosyltransferase 1|parp-1|poly polymerase 1|poly synthase 1|protein poly-adp-ribosyltransferase parp1|adprt|-
CHEMBL5695,-,-,-,Other Protein Target.Other Protein Target,Other Protein Target,Other Protein Target,0864-1>0864,-,alpi|iap|intestinal alkaline phosphatase|intestinal-type alkaline phosphatase|-
CHEMBL5697,2833,2833,0900,Enzyme.Oxidoreductase,Enzyme,Oxidoreductase,0900>0690-1>0690,-,egln1|egl nine homolog 1|hif-ph2|hif-prolyl hydroxylase 2|hph-2|hypoxia-inducible factor prolyl hydroxylase 2|phd2|prolyl hydroxylase domain-containing protein 2|sm-20|c1orf12|-
CHEMBL5698,2130,2130,0481,Enzyme.Transferase,Enzyme,Transferase,0481>0452>0679>0698>0690-2>0690,-,nuak2|-|nuak family snf1-like kinase 2|omphk2|omphalocele kinase 2|snark|snf1/amp kinase-related kinase
CHEMBL5699,2198,2198,0483,Enzyme.Transferase,Enzyme,Transferase,0483>0452>0679>0698>0690-2>0690,-,sik2|qin-induced kinase|sik-2|salt-inducible kinase 2|serine/threonine-protein kinase sik2|serine/threonine-protein kinase snf1-like kinase 2|kiaa0781|qik|snf1lk2|-
CHEMBL5700,124,124,0036,Receptor.G protein-coupled receptor,Receptor,G protein-coupled receptor,0036>0694>0688,-,lpar5|-|lysophosphatidic acid receptor 5|g-protein coupled receptor 92|g-protein coupled receptor 93|gpr92|gpr93|lpa receptor 5|lpa-5
CHEMBL5701,2235,2235,0551,Enzyme.Transferase,Enzyme,Transferase,0551>0467>0685>0698>0690-2>0690,-,taok3|ctcl-associated antigen hd-cl-09|cutaneous t-cell lymphoma-associated antigen hd-cl-09|dendritic cell-derived protein kinase|jnk/sapk-inhibitory kinase|jun kinase-inhibitory kinase|kinase from chicken homolog a|serine/threonine-protein kinase tao3|thousand and one amino acid protein 3|hkfc-a|dpk|jik|kds|map3k18|-
CHEMBL5703,-,-,-,Other Protein Target.Other Protein Target,Other Protein Target,Other Protein Target,0864-1>0864,-,srms|-|tyrosine-protein kinase srms|c20orf148
CHEMBL5704,-,-,-,Other Protein Target.Other Protein Target,Other Protein Target,Other Protein Target,0864-1>0864,-,elovl6|3-keto acyl-coa synthase elovl6|elovl fa elongase 6|elovl fatty acid elongase 6|elongation of very long chain fatty acids protein 6|fatty acid elongase 2|fatty acyl-coa elongase|long-chain fatty-acyl elongase|very long chain 3-ketoacyl-coa synthase 6|very long chain 3-oxoacyl-coa synthase 6|very long chain fatty acid elongase 6|helo2|face|lce|-
CHEMBL5705,2834,2834,0900,Enzyme.Oxidoreductase,Enzyme,Oxidoreductase,0900>0690-1>0690,-,egln3|egl nine homolog 3|hif-ph3|hif-prolyl hydroxylase 3|hph-1|hph-3|hypoxia-inducible factor prolyl hydroxylase 3|phd3|prolyl hydroxylase egln3|prolyl hydroxylase domain-containing protein 3|-
CHEMBL5719,1980,1980,0497,Enzyme.Transferase,Enzyme,Transferase,0497>0453>0681>0698>0690-2>0690,-,cdk8|cell division protein kinase 8|cyclin-dependent kinase 8|mediator complex subunit cdk8|mediator of rna polymerase ii transcription subunit cdk8|protein kinase k35|-
CHEMBL5720,-,-,-,Other Protein Target.Other Protein Target,Other Protein Target,Other Protein Target,0864-1>0864,-,p2ry1|-|p2y purinoceptor 1|6h1 orphan receptor|adp receptor|p2y1|purinergic receptor
CHEMBL5724,-,-,-,Other Protein Target.Other Protein Target,Other Protein Target,Other Protein Target,0864-1>0864,-,nat2|-|arylamine n-acetyltransferase 2|aac2|arylamide acetylase 2|n-acetyltransferase type 2|n-hydroxyarylamine o-acetyltransferase|nat-2
CHEMBL5726,-,-,-,Other Protein Target.Other Protein Target,Other Protein Target,Other Protein Target,0864-1>0864,-,elovl6|3-keto acyl-coa synthase elovl6|elovl fa elongase 6|elovl fatty acid elongase 6|elongation of very long chain fatty acids protein 6|fatty acyl-coa elongase|long chain fatty acid elongase|myelin-associated sur4 protein|very long chain 3-ketoacyl-coa synthase 6|very long chain 3-oxoacyl-coa synthase 6|very long chain fatty acid elongase 6|face|lce|masr|-
CHEMBL5727,-,-,-,Other Protein Target.Other Protein Target,Other Protein Target,Other Protein Target,0864-1>0864,-,fads1|acyl-coa -desaturase|d5d|delta desaturase|delta fatty acid desaturase|delta-5 desaturase|fatty acid desaturase 1|-
CHEMBL5730,-,-,-,Other Protein Target.Other Protein Target,Other Protein Target,Other Protein Target,0864-1>0864,-,"amy2|1,4-alpha-d-glucan glucanohydrolase|pa|pancreatic alpha-amylase|-"
CHEMBL5731,2339,2339,0751,Enzyme.Hydrolase,Enzyme,Hydrolase,0751>0721>0759>0690-4>0690,-,cfb|c3/c5 convertase|complement factor b|gbg|glycine-rich beta glycoprotein|pbf2|properdin factor b|bf|bfd|-
CHEMBL5742,2879,2879,0919,Other Protein Target.Other Protein Target,Other Protein Target,Other Protein Target,0919>0864,-,tspo|mitochondrial benzodiazepine receptor|pbr|pkbs|peripheral-type benzodiazepine receptor|translocator protein|bzrp|mbr|-
CHEMBL5747,2734,2734,0867,Other Protein Target.Other Protein Target,Other Protein Target,Other Protein Target,0867>0866>0864,-,crebbp|creb-binding protein|histone lysine acetyltransferase crebbp|protein lactyltransferas crebbp|protein-lysine acetyltransferase crebbp|cbp|-
CHEMBL5750,2664,2664,0872,Enzyme.Transferase,Enzyme,Transferase,0872>0865>0690,-,kat5|60 kda tat-interactive protein|hiv-1 tat interactive protein|histone acetyltransferase htatip|histone acetyltransferase kat5|lysine acetyltransferase 5|protein 2-hydroxyisobutyryltransferase kat5|protein acetyltransferase kat5|protein crotonyltransferase kat5|protein lactyltransferase kat5|tip60|cpla-interacting protein|htatip|-
CHEMBL5754,2100,2100,0479,Enzyme.Transferase,Enzyme,Transferase,0479>0452>0679>0698>0690-2>0690,-,mark4|map/microtubule affinity-regulating kinase 4|map/microtubule affinity-regulating kinase-like 1|kiaa1860|markl1|-
CHEMBL5756,-,-,-,Other Protein Target.Other Protein Target,Other Protein Target,Other Protein Target,0864-1>0864,-,dao|-|d-amino-acid oxidase|daao|damox|dao1
CHEMBL5761,-,-,-,Other Protein Target.Other Protein Target,Other Protein Target,Other Protein Target,0864-1>0864,-,"pla2g2a|ef|enhancing factor|giic spla2|group iia phospholipase a2|phosphatidylcholine 2-acylhydrolase 2a|phospholipase a2, membrane associated|-"
CHEMBL5763,-,-,-,Other Protein Target.Other Protein Target,Other Protein Target,Other Protein Target,0864-1>0864,-,bche|-|cholinesterase|acylcholine acylhydrolase|butyrylcholine esterase|choline esterase ii|eq-bche|pseudocholinesterase
CHEMBL5767,-,-,-,Other Protein Target.Other Protein Target,Other Protein Target,Other Protein Target,0864-1>0864,-,-|carbonic anhydrase|probable transmembrane carbonic anhydrase
CHEMBL5768,-,-,-,Other Protein Target.Other Protein Target,Other Protein Target,Other Protein Target,0864-1>0864,-,mcl1|bcl-2-related protein eat/mcl1|induced myeloid leukemia cell differentiation protein mcl-1 homolog|-
CHEMBL5769,-,-,-,Other Protein Target.Other Protein Target,Other Protein Target,Other Protein Target,0864-1>0864,-,fap|-|prolyl endopeptidase fap|dipeptidyl peptidase fap|fapalpha|fibroblast activation protein alpha|gelatine degradation protease fap|integral membrane serine protease|post-proline cleaving enzyme|simp|seprase|serine integral membrane protease|surface-expressed protease
CHEMBL5774,1399,1399,0944,Enzyme.Hydrolase,Enzyme,Hydrolase,0944>0943>0690,-,mgll|magl|mgl|monoacylglycerol lipase|monoglyceride lipase|-
CHEMBL5776,2082,2082,0525,Enzyme.Transferase,Enzyme,Transferase,0525>0461>0687>0699>0862>0688,-,map3k7|mitogen-activated protein kinase kinase kinase 7|tgf-beta-activated kinase 1|transforming growth factor-beta-activated kinase 1|tak1|-
CHEMBL5784,2129,2129,0481,Enzyme.Transferase,Enzyme,Transferase,0481>0452>0679>0698>0690-2>0690,-,nuak1|ampk-related protein kinase 5|ark5|nuak family snf1-like kinase 1|omphalocele kinase 1|kiaa0537|omphk1|-
CHEMBL5786,-,-,-,Other Protein Target.Other Protein Target,Other Protein Target,Other Protein Target,0864-1>0864,-,lta4h|-|leukotriene a-4 hydrolase|lta-4 hydrolase|leukotriene a hydrolase|tripeptide aminopeptidase lta4h
CHEMBL5794,1535,1535,0616,Enzyme.Transferase,Enzyme,Transferase,0616>0677>0698>0690-2>0690,-,sgk2|serine/threonine-protein kinase sgk2|serum/glucocorticoid-regulated kinase 2|-
CHEMBL5799,-,-,-,Other Protein Target.Other Protein Target,Other Protein Target,Other Protein Target,0864-1>0864,-,oprm1|-|mu-type opioid receptor|m-or-1|mor-1|mor1
CHEMBL5800,-,-,-,Other Protein Target.Other Protein Target,Other Protein Target,Other Protein Target,0864-1>0864,-,-|falcipain 2
CHEMBL5801,-,-,-,Other Protein Target.Other Protein Target,Other Protein Target,Other Protein Target,0864-1>0864,-,-|cysteine protease falcipain-2|cysteine proteinase falcipain 2a
CHEMBL5804,1759,1759,0316,Receptor.Catalytic Receptor,Receptor,Catalytic Receptor,0316>0302>0862>0688,-,tlr9|toll-like receptor 9|-
CHEMBL5805,1758,1758,0316,Receptor.Catalytic Receptor,Receptor,Catalytic Receptor,0316>0302>0862>0688,-,tlr8|toll-like receptor 8|-
CHEMBL5810,1821,1821,0327,Receptor.Catalytic Receptor,Receptor,Catalytic Receptor,0327>0304>0686>0699>0862>0688,-,epha1|eph tyrosine kinase|eph tyrosine kinase 1|ephrin type-a receptor 1|erythropoietin-producing hepatoma receptor|tyrosine-protein kinase receptor eph|hepha1|eph|epht|epht1|-
CHEMBL5812,-,-,-,Other Protein Target.Other Protein Target,Other Protein Target,Other Protein Target,0864-1>0864,-,dnm2|dynamin 2|dynamin ii|dynamin-2|dyn2|-
CHEMBL5815,66,66,0014,Receptor.G protein-coupled receptor,Receptor,G protein-coupled receptor,0014>0694>0688,-,ccr9|c-c ckr-9|c-c chemokine receptor type 9|cc-ckr-9|ccr-9|g-protein coupled receptor 28|gpr-9-6|gpr28|-
CHEMBL5818,2175,2175,0284,Enzyme.Transferase,Enzyme,Transferase,0284>0677>0698>0690-2>0690,-,prkx|-|camp-dependent protein kinase catalytic subunit prkx|pkx1|protein kinase pkx1|protein kinase x|protein kinase x-linked|serine/threonine-protein kinase prkx
CHEMBL5819,-,-,-,Other Protein Target.Other Protein Target,Other Protein Target,Other Protein Target,0864-1>0864,-,nek4|never in mitosis a-related kinase 4|nima-related protein kinase 4|serine/threonine-protein kinase 2|serine/threonine-protein kinase nrk2|serine/threonine-protein kinase nek4|stk2|-
CHEMBL5831,-,-,-,Other Protein Target.Other Protein Target,Other Protein Target,Other Protein Target,0864-1>0864,-,fpps|-|farnesyl diphosphate synthase
CHEMBL5838,1798,1798,0320,Receptor.Catalytic Receptor,Receptor,Catalytic Receptor,0320>0304>0686>0699>0862>0688,-,erbb3|proto-oncogene-like protein c-erbb-3|receptor tyrosine-protein kinase erbb-3|tyrosine kinase-type cell surface receptor her3|her3|-
CHEMBL5840,-,-,-,Other Protein Target.Other Protein Target,Other Protein Target,Other Protein Target,0864-1>0864,-,fads1|acyl-coa -desaturase|d5d|delta desaturase|delta fatty acid desaturase|delta-5 desaturase|fatty acid desaturase 1|fadsd5|-
CHEMBL5845,423,423,0073,Ion Channel.Ligand-gated ion channel,Ion Channel,Ligand-gated ion channel,0073>0697>0689,-,glra1|glycine receptor 48 kda subunit|glycine receptor strychnine-binding subunit|glycine receptor subunit alpha-1|-
CHEMBL5847,-,-,-,Other Protein Target.Other Protein Target,Other Protein Target,Other Protein Target,0864-1>0864,-,akr1c2|3-alpha-hsd3|aldo-keto reductase family 1 member c2|chlordecone reductase homolog hakrd|dd-2|dd/babp|dd2|dihydrodiol dehydrogenase 2|dihydrodiol dehydrogenase/bile acid-binding protein|type iii 3-alpha-hydroxysteroid dehydrogenase|ddh2|-
CHEMBL5850,156,156,0016,Receptor.G protein-coupled receptor,Receptor,G protein-coupled receptor,0016>0115>0694>0688,-,mrgprx1|mas-related g-protein coupled receptor member x1|sensory neuron-specific g-protein coupled receptor 3/4|mrgx1|snsr3|snsr4|-
CHEMBL5852,333,333,0054,Receptor.G protein-coupled receptor,Receptor,G protein-coupled receptor,0054>0694>0688,-,qrfpr|-|pyroglutamylated rf-amide peptide receptor|aq27|g-protein coupled receptor 103|gpr103|orexigenic neuropeptide qrfp receptor|sp9155
CHEMBL5853,3211,3211,0844,Enzyme.Multifunctional,Enzyme,Multifunctional,0844>0690-3>0690,-,dgat2|arat|acyl-coa retinol o-fatty-acyltransferase|diacylglycerol o-acyltransferase 2|diglyceride acyltransferase 2|retinol o-fatty-acyltransferase|-
CHEMBL5855,2114,2114,0588,Enzyme.Transferase,Enzyme,Transferase,0588>0683>0698>0690-2>0690,-,nek1|never in mitosis a-related kinase 1|nima-related protein kinase 1|renal carcinoma antigen ny-ren-55|serine/threonine-protein kinase nek1|kiaa1901|-
CHEMBL5861,1468,1468,0937,Enzyme.Transferase,Enzyme,Transferase,0937>0283>0677>0698>0690-2>0690,-,grk4|g protein-coupled receptor kinase 4|g protein-coupled receptor kinase grk4|iti1|gprk2l|gprk4|-
CHEMBL5862,249,249,0029,Receptor.G protein-coupled receptor,Receptor,G protein-coupled receptor,0029>0694>0688,-,glp1r|glp-1 receptor|glp-1-r|glp-1r|glucagon-like peptide 1 receptor|glpr|-
CHEMBL5865,-,-,-,Other Protein Target.Other Protein Target,Other Protein Target,Other Protein Target,0864-1>0864,-,trar|-|transcriptional activator protein trar
CHEMBL5868,598,598,0088,Receptor.Nuclear Hormone Receptor,Receptor,Nuclear Hormone Receptor,0088>0695>0688,-,rora|nuclear receptor ror-alpha|nuclear receptor rzr-alpha|nuclear receptor subfamily 1 group f member 1|rar-related orphan receptor a|retinoid-related orphan receptor-alpha|nr1f1|rzra|-
CHEMBL5869,-,-,-,Other Protein Target.Other Protein Target,Other Protein Target,Other Protein Target,0864-1>0864,-,hsf1|hsf 1|hstf 1|heat shock factor protein 1|heat shock transcription factor 1|hstf1|-
CHEMBL5870,-,-,-,Other Protein Target.Other Protein Target,Other Protein Target,Other Protein Target,0864-1>0864,-,cenpe|cenp-e|centromere protein e|centromere-associated protein e|kinesin-7|kinesin-related protein cenpe|-
CHEMBL5871,424,424,0073,Ion Channel.Ligand-gated ion channel,Ion Channel,Ligand-gated ion channel,0073>0697>0689,-,glra2|glycine receptor subunit alpha-2|-
CHEMBL5872,221,221,0022,Receptor.G protein-coupled receptor,Receptor,G protein-coupled receptor,0022>0694>0688,-,gper1|chemoattractant receptor-like 2|feg-1|flow-induced endothelial g-protein coupled receptor 1|g protein-coupled estrogen receptor 1|g-protein coupled estrogen receptor 1|g-protein coupled receptor 30|gpcr-br|il8-related receptor dry12|lygpr|lymphocyte-derived g-protein coupled receptor|membrane estrogen receptor|mer|cepr|cmkrl2|dry12|gper|gpr30|-
CHEMBL5873,-,-,-,Other Protein Target.Other Protein Target,Other Protein Target,Other Protein Target,0864-1>0864,-,"slc2a2|glut-2|glucose transporter type 2, liver|solute carrier family 2, facilitated glucose transporter member 2|glut2|-"
CHEMBL5877,-,-,-,Other Protein Target.Other Protein Target,Other Protein Target,Other Protein Target,0864-1>0864,-,hexb|-|beta-hexosaminidase subunit beta|beta-n-acetylhexosaminidase subunit beta|cervical cancer proto-oncogene 7 protein|hcc-7|hexosaminidase subunit b|n-acetyl-beta-glucosaminidase subunit beta
CHEMBL5879,1381,1381,0270,Enzyme.Multifunctional,Enzyme,Multifunctional,0270>0243>0690,-,hpgds|gst class-sigma|glutathione s-transferase|glutathione-dependent pgd synthase|glutathione-requiring prostaglandin d synthase|h-pgds|hematopoietic prostaglandin d synthase|prostaglandin-h2 d-isomerase|gsts|pgds|ptgds2|-
CHEMBL5888,2074,2074,0624,Enzyme.Transferase,Enzyme,Transferase,0624>0685>0698>0690-2>0690,-,map3k14|hsnik|mitogen-activated protein kinase kinase kinase 14|nf-kappa-beta-inducing kinase|serine/threonine-protein kinase nik|nik|-
CHEMBL5891,1254,1254,0254,Enzyme.Transferase,Enzyme,Transferase,0254>0239>0690,-,prmt3|heterogeneous nuclear ribonucleoprotein methyltransferase-like protein 3|protein arginine n-methyltransferase 3|hrmt1l3|-
CHEMBL5896,2675,2675,0869,Enzyme.Oxidoreductase,Enzyme,Oxidoreductase,0869>0865>0690,-,kdm4a|jmjc domain-containing histone demethylation protein 3a|jumonji domain-containing protein 2a|lysine-specific demethylase 4a|-trimethyl-l-lysine demethylase 4a|jhdm3a|jmjd2|jmjd2a|kiaa0677|-
CHEMBL5903,1785,1785,0318,Receptor.Catalytic Receptor,Receptor,Catalytic Receptor,0318>0303>0687>0699>0862>0688,-,acvr1|-|activin receptor type-1|actr-i|acvrlk2|alk-2|activin receptor type i|activin receptor-like kinase 2|skr1|serine/threonine-protein kinase receptor r1|tgf-b superfamily receptor type i|tsr-i
CHEMBL5905,-,-,-,Other Protein Target.Other Protein Target,Other Protein Target,Other Protein Target,0864-1>0864,-,akr1c1|20-alpha-hsd|20-alpha-hydroxysteroid dehydrogenase|aldo-keto reductase family 1 member c1|chlordecone reductase homolog hakrc|dd1|dihydrodiol dehydrogenase 1|hbab|high-affinity hepatic bile acid-binding protein|ddh|ddh1|-
CHEMBL5907,1516,1516,0587,Enzyme.Transferase,Enzyme,Transferase,0587>0677>0698>0690-2>0690,-,lats2|kinase phosphorylated during mitosis protein|large tumor suppressor homolog 2|serine/threonine-protein kinase lats2|serine/threonine-protein kinase kpm|warts-like kinase|kpm|-
CHEMBL5912,-,-,-,Other Protein Target.Other Protein Target,Other Protein Target,Other Protein Target,0864-1>0864,-,stk32b|serine/threonine-protein kinase 32b|yet another novel kinase 2|yank2|-
CHEMBL5914,2077,2077,0621,Enzyme.Transferase,Enzyme,Transferase,0621>0685>0698>0690-2>0690,-,map3k2|mapk/erk kinase kinase 2|mek kinase 2|mekk 2|mitogen-activated protein kinase kinase kinase 2|mapkkk2|mekk2|-
CHEMBL5917,-,-,-,Other Protein Target.Other Protein Target,Other Protein Target,Other Protein Target,0864-1>0864,-,"mdh2|malate dehydrogenase, mitochondrial|-"
CHEMBL5921,3101,3101,0799,Enzyme.Hydrolase,Enzyme,Hydrolase,0799>0690-4>0690,-,oga|beta-n-acetylglucosaminidase|beta-n-acetylhexosaminidase|beta-hexosaminidase|meningioma-expressed antigen 5|n-acetyl-beta-d-glucosaminidase|n-acetyl-beta-glucosaminidase|ncoat|nuclear cytoplasmic o-glcnacase and acetyltransferase|protein o-glcnacase|hexc|kiaa0679|mea5|mgea5|-
CHEMBL5925,-,-,-,Other Protein Target.Other Protein Target,Other Protein Target,Other Protein Target,0864-1>0864,-,enpp1|alkaline phosphodiesterase i|e-npp 1|ectonucleotide pyrophosphatase/phosphodiesterase family member 1|membrane component chromosome 6 surface marker 1|nppase|nucleotide diphosphatase|nucleotide pyrophosphatase|phosphodiesterase i/nucleotide pyrophosphatase 1|plasma-cell membrane glycoprotein pc-1|m6s1|npps|pc1|pdnp1|-
CHEMBL5926,-,-,-,Other Protein Target.Other Protein Target,Other Protein Target,Other Protein Target,0864-1>0864,-,"-|glyceraldehyde-3-phosphate dehydrogenase, glycosomal|gapdh"
CHEMBL5932,2055,2055,0510,Enzyme.Transferase,Enzyme,Transferase,0510>0458>0687>0699>0862>0688,-,limk2|lim domain kinase 2|limk-2|-
CHEMBL5936,1757,1757,0316,Receptor.Catalytic Receptor,Receptor,Catalytic Receptor,0316>0302>0862>0688,-,tlr7|toll-like receptor 7|-
CHEMBL5938,2169,2169,0602,Enzyme.Transferase,Enzyme,Transferase,0602>0683>0698>0690-2>0690,-,plk2|plk-2|polo-like kinase 2|serine/threonine-protein kinase plk2|serine/threonine-protein kinase snk|serum-inducible kinase|hplk2|hsnk|snk|-
CHEMBL5939,1566,1566,0737,Enzyme.Hydrolase,Enzyme,Hydrolase,0737>0713>0759>0690-4>0690,-,erap1|a-lap|arts-1|adipocyte-derived leucine aminopeptidase|aminopeptidase pils|endoplasmic reticulum aminopeptidase 1|pils-ap|puromycin-insensitive leucyl-specific aminopeptidase|type 1 tumor necrosis factor receptor shedding aminopeptidase regulator|appils|arts1|kiaa0525|-
CHEMBL5940,2097,2097,0479,Enzyme.Transferase,Enzyme,Transferase,0479>0452>0679>0698>0690-2>0690,-,mark1|map/microtubule affinity-regulating kinase 1|par1 homolog c|par-1c|par1c|serine/threonine-protein kinase mark1|kiaa1477|mark|-
CHEMBL5941,-,-,-,Other Protein Target.Other Protein Target,Other Protein Target,Other Protein Target,0864-1>0864,-,stk26|mst-4|mst3 and sok1-related kinase|mammalian ste20-like protein kinase 4|ste20-like kinase mst4|serine/threonine-protein kinase 26|serine/threonine-protein kinase mask|mask|mst4|-
CHEMBL5951,300,300,0043,Receptor.G protein-coupled receptor,Receptor,G protein-coupled receptor,0043>0694>0688,-,npffr1|g-protein coupled receptor 147|neuropeptide ff receptor 1|rfamide-related peptide receptor ot7t022|gpr147|npff1|-
CHEMBL5952,301,301,0043,Receptor.G protein-coupled receptor,Receptor,G protein-coupled receptor,0043>0694>0688,-,npffr2|g-protein coupled receptor 74|g-protein coupled receptor hlwar77|neuropeptide ff receptor 2|neuropeptide g-protein coupled receptor|gpr74|npff2|npgpr|-
CHEMBL5953,3016,3016,0915,Other Protein Target.Other Protein Target,Other Protein Target,Other Protein Target,0915>0864,-,rasgrp1|caldag-gefii|calcium and dag-regulated guanine nucleotide exchange factor ii|ras guanyl-releasing protein 1|ras guanyl-releasing protein|rasgrp|-
CHEMBL5957,1232,1232,0248,Enzyme.Hydrolase,Enzyme,Hydrolase,0248>0690-4>0690,-,nt5e|5'-nt|5'-deoxynucleotidase|5'-nucleotidase|ecto-5'-nucleotidase|imp-specific 5'-nucleotidase|thymidylate 5'-phosphatase|nt5|nte|-
CHEMBL5963,348,348,0059,Receptor.G protein-coupled receptor,Receptor,G protein-coupled receptor,0059>0694>0688,-,f2rl1|coagulation factor ii receptor-like 1|g-protein coupled receptor 11|par-2|proteinase-activated receptor 2|thrombin receptor-like 1|gpr11|par2|-
CHEMBL5970,-,-,-,Other Protein Target.Other Protein Target,Other Protein Target,Other Protein Target,0864-1>0864,-,map3k3|mapk/erk kinase kinase 3|mek kinase 3|mekk 3|mitogen-activated protein kinase kinase kinase 3|mapkkk3|mekk3|-
CHEMBL5971,239,239,0025,Receptor.G protein-coupled receptor,Receptor,G protein-coupled receptor,0025>0694>0688,-,smo|protein gx|protein smoothened|smoh|-
CHEMBL5973,-,-,-,Other Protein Target.Other Protein Target,Other Protein Target,Other Protein Target,0864-1>0864,-,ca15|-|carbonic anhydrase 15|ca-xv|car15|carbonate dehydratase xv|carbonic anhydrase xv
CHEMBL5979,-,-,-,Other Protein Target.Other Protein Target,Other Protein Target,Other Protein Target,0864-1>0864,-,"alpl|ap-tnap|alkaline phosphatase liver/bone/kidney isozyme|alkaline phosphatase, tissue-nonspecific isozyme|phosphoamidase|phosphocreatine phosphatase|tns-alp|tnsalp|-"
CHEMBL5983,-,-,-,Other Protein Target.Other Protein Target,Other Protein Target,Other Protein Target,0864-1>0864,-,akr1b10|arl-1|arp|aldo-keto reductase family 1 member b10|aldose reductase-like|aldose reductase-related protein|si reductase|small intestine reductase|harp|akr1b11|-
CHEMBL5993,1370,1370,0267,Enzyme.Oxidoreductase,Enzyme,Oxidoreductase,0267>0242>0690-1>0690,-,"cyp27b1|25-ohd-1 alpha-hydroxylase|25-hydroxyvitamin d 1-alpha-hydroxylase|25-hydroxyvitamin d-1 alpha hydroxylase, mitochondrial|calcidiol 1-monooxygenase|cytochrome p450 subfamily xxviib polypeptide 1|cytochrome p450c1 alpha|cytochrome p450vd1-alpha|cytochrome p450 27b1|vd3 1a hydroxylase|cyp1alpha|cyp27b|-"
CHEMBL6003,2257,2257,0630,Enzyme.Transferase,Enzyme,Transferase,0630>0679>0698>0690-2>0690,-,tssk1b|serine/threonine-protein kinase 22a|tsk-1|tsk1|tssk-1|testis-specific kinase 1|testis-specific serine/threonine-protein kinase 1|spoga1|spoga4|stk22a|stk22d|tssk1|-
CHEMBL6005,2221,2221,0563,Enzyme.Transferase,Enzyme,Transferase,0563>0679>0698>0690-2>0690,-,stk33|serine/threonine-protein kinase 33|-
CHEMBL6006,2271,2271,0639,Enzyme.Transferase,Enzyme,Transferase,0639>0683>0698>0690-2>0690,-,ulk1|atg1|autophagy-related protein 1 homolog|serine/threonine-protein kinase ulk1|unc-51-like kinase 1|hatg1|kiaa0722|-
CHEMBL6007,485,485,0078,Ion Channel.Voltage-gated ion channel,Ion Channel,Voltage-gated ion channel,0078>0696>0689,-,trpa1|ankyrin-like with transmembrane domains protein 1|transformation-sensitive protein p120|transient receptor potential cation channel subfamily a member 1|wasabi receptor|p120|anktm1|-
CHEMBL6009,2821,2821,0844,Enzyme.Multifunctional,Enzyme,Multifunctional,0844>0690-3>0690,-,dgat1|acat-related gene product 1|arat|acyl-coa retinol o-fatty-acyltransferase|diacylglycerol o-acyltransferase 1|diglyceride acyltransferase|retinol o-fatty-acyltransferase|agrp1|dgat|-
CHEMBL6011,-,-,-,Other Protein Target.Other Protein Target,Other Protein Target,Other Protein Target,0864-1>0864,-,mt-co1|-|cytochrome c oxidase subunit 1|coi|coxi|cytochrome c oxidase polypeptide i|mtco1
CHEMBL6012,-,-,-,Other Protein Target.Other Protein Target,Other Protein Target,Other Protein Target,0864-1>0864,-,ikbkb|i-kappa-b kinase 2|i-kappa-b-kinase beta|ikk-b|ikk-beta|ikk2|inhibitor of nuclear factor kappa-b kinase subunit beta|nfkbikb|nuclear factor nf-kappa-b inhibitor kinase beta|serine/threonine protein kinase ikbkb|ikkb|-
CHEMBL6013,-,-,-,Other Protein Target.Other Protein Target,Other Protein Target,Other Protein Target,0864-1>0864,-,ugcg|ceramide glucosyltransferase|gcs|glct-1|glucosylceramide synthase|glycosylceramide synthase|udp-glucose ceramide glucosyltransferase|udp-glucose:n-acylsphingosine d-glucosyltransferase|-
CHEMBL6014,2258,2258,0630,Enzyme.Transferase,Enzyme,Transferase,0630>0679>0698>0690-2>0690,-,tssk2|dgs-g|digeorge syndrome protein g|serine/threonine-protein kinase 22b|tsk-2|tsk2|tssk-2|testis-specific kinase 2|testis-specific serine/threonine-protein kinase 2|dgsg|spoga2|stk22b|-
CHEMBL6017,-,-,-,Other Protein Target.Other Protein Target,Other Protein Target,Other Protein Target,0864-1>0864,-,hdah|-|histone deacetylase-like amidohydrolase|hdac-like amidohydrolase|hdah1
CHEMBL6030,2017,2017,0527,Enzyme.Transferase,Enzyme,Transferase,0527>0462>0683>0698>0690-2>0690,-,eif2ak3|eukaryotic translation initiation factor 2-alpha kinase 3|hspek|prkr-like endoplasmic reticulum kinase|pancreatic eif2-alpha kinase|protein tyrosine kinase eif2ak3|pek|perk|-
CHEMBL6031,2651,2651,0871,Enzyme.Transferase,Enzyme,Transferase,0871>0865>0690,-,ehmt1|eu-hmtase1|euchromatic histone-lysine n-methyltransferase 1|g9a-like protein 1|glp|glp1|h3-k9-hmtase 5|histone h3-k9 methyltransferase 5|histone-lysine n-methyltransferase ehmt1|lysine n-methyltransferase 1d|euhmtase1|kiaa1876|kmt1d|-
CHEMBL6032,2652,2652,0871,Enzyme.Transferase,Enzyme,Transferase,0871>0865>0690,-,ehmt2|euchromatic histone-lysine n-methyltransferase 2|h3-k9-hmtase 3|hla-b-associated transcript 8|histone h3-k9 methyltransferase 3|histone-lysine n-methyltransferase ehmt2|lysine n-methyltransferase 1c|protein g9a|bat8|c6orf30|g9a|kmt1c|ng36|-
CHEMBL6035,-,-,-,Other Protein Target.Other Protein Target,Other Protein Target,Other Protein Target,0864-1>0864,-,"txnrd1|nadph-dependent thioredoxin reductase|peroxidase txnrd1|tr|thioredoxin reductase 1, cytoplasmic|thioredoxin reductase tr1|trxr1|-"
CHEMBL6052,-,-,-,Other Protein Target.Other Protein Target,Other Protein Target,Other Protein Target,0864-1>0864,-,rhoa|rho cdna clone 12|transforming protein rhoa|h12|arh12|arha|rho12|-
CHEMBL6054,-,-,-,Other Protein Target.Other Protein Target,Other Protein Target,Other Protein Target,0864-1>0864,-,pask|pas domain-containing serine/threonine-protein kinase|pas-kinase|paskin|hpask|kiaa0135|-
CHEMBL6056,-,-,-,Other Protein Target.Other Protein Target,Other Protein Target,Other Protein Target,0864-1>0864,-,ren|-|renin|angiotensinogenase
CHEMBL6060,-,-,-,Other Protein Target.Other Protein Target,Other Protein Target,Other Protein Target,0864-1>0864,-,nat|-|arylamine n-acetyltransferase
CHEMBL6065,-,-,-,Other Protein Target.Other Protein Target,Other Protein Target,Other Protein Target,0864-1>0864,-,fola|-|dihydrofolate reductase|dfra
CHEMBL6068,-,-,-,Other Protein Target.Other Protein Target,Other Protein Target,Other Protein Target,0864-1>0864,-,mtca2|-|carbonic anhydrase 2|beta-ca 2|carbonate dehydratase 2|canb|cynt|mtca 2
CHEMBL6069,-,-,-,Other Protein Target.Other Protein Target,Other Protein Target,Other Protein Target,0864-1>0864,-,panc|-|pantothenate synthetase|ps|pantoate--beta-alanine ligase|pantoate-activating enzyme
CHEMBL6080,239,239,0025,Receptor.G protein-coupled receptor,Receptor,G protein-coupled receptor,0025>0694>0688,-,smo|-|protein smoothened|smoh
CHEMBL6082,2197,2197,0483,Enzyme.Transferase,Enzyme,Transferase,0483>0452>0679>0698>0690-2>0690,-,sik1|sik-1|salt-inducible kinase 1|serine/threonine-protein kinase sik1|serine/threonine-protein kinase snf1-like kinase 1|serine/threonine-protein kinase snf1lk|sik|snf1lk|-
CHEMBL6084,-,-,-,Other Protein Target.Other Protein Target,Other Protein Target,Other Protein Target,0864-1>0864,-,-|acetylcholine-binding protein|ach-binding protein|achbp
CHEMBL6094,-,-,-,Other Protein Target.Other Protein Target,Other Protein Target,Other Protein Target,0864-1>0864,-,rac1|cell migration-inducing gene 5 protein|ras-like protein tc25|ras-related c3 botulinum toxin substrate 1|p21-rac1|tc25|-
CHEMBL6095,-,-,-,Other Protein Target.Other Protein Target,Other Protein Target,Other Protein Target,0864-1>0864,-,dnmt3b|dna -methyltransferase 3b|dna mtase hsaiiib|dna methyltransferase hsaiiib|m.hsaiiib|-
CHEMBL6110,-,-,-,Other Protein Target.Other Protein Target,Other Protein Target,Other Protein Target,0864-1>0864,-,tgr|-|thioredoxin-disulfide reductase|thioredoxin glutathione reductase
CHEMBL6120,1031,1031,0199,Transporter.ATP-binding cassette transporter,Transporter,ATP-binding cassette transporter,0199>0146>0863>0691,-,slc22a12|organic anion transporter 4-like protein|rst|renal-specific transporter|solute carrier family 22 member 12|urat1|urate anion exchanger 1|urate:anion antiporter slc22a12|oatl4|-
CHEMBL6126,510,510,0078,Ion Channel.Voltage-gated ion channel,Ion Channel,Voltage-gated ion channel,0078>0696>0689,-,trpv4|otrpc4|osm-9-like trp channel 4|trp12|transient receptor potential cation channel subfamily v member 4|transient receptor potential protein 12|vr-oac|vanilloid receptor-like channel 2|vanilloid receptor-like protein 2|vanilloid receptor-related osmotically-activated channel|vrl2|vroac|-
CHEMBL6129,-,-,-,Other Protein Target.Other Protein Target,Other Protein Target,Other Protein Target,0864-1>0864,-,dgat1|-|diacylglycerol o-acyltransferase 1|arat|acyl-coa retinol o-fatty-acyltransferase|dgat|diglyceride acyltransferase|retinol o-fatty-acyltransferase
CHEMBL6132,-,-,-,Other Protein Target.Other Protein Target,Other Protein Target,Other Protein Target,0864-1>0864,-,kpc-2|-|carbapenem-hydrolyzing beta-lactamase kpc-2|carbapenem-hydrolyzing beta-lactamase kpc-1|kpc-1|bla|kpc|kpc1|carbapenem-hydrolyzing beta-lactamase kpc
CHEMBL6135,-,-,-,Other Protein Target.Other Protein Target,Other Protein Target,Other Protein Target,0864-1>0864,-,-|neuraminidase|na
CHEMBL6136,2669,2669,0869,Enzyme.Oxidoreductase,Enzyme,Oxidoreductase,0869>0865>0690,-,kdm1a|braf35-hdac complex protein bhc110|flavin-containing amine oxidase domain-containing protein 2|lysine-specific histone demethylase 1a|-dimethyl-l-lysine fad-dependent demethylase 1a|aof2|kdm1|kiaa0601|lsd1|-
CHEMBL6137,-,-,-,Other Protein Target.Other Protein Target,Other Protein Target,Other Protein Target,0864-1>0864,-,thya|-|thymidylate synthase|ts|tsase
CHEMBL6138,-,-,-,Other Protein Target.Other Protein Target,Other Protein Target,Other Protein Target,0864-1>0864,-,kdm4d|jmjc domain-containing histone demethylation protein 3d|jumonji domain-containing protein 2d|lysine-specific demethylase 4d|-trimethyl-l-lysine demethylase 4d|jhdm3d|jmjd2d|-
CHEMBL6140,1310,1310,0260,Enzyme.Hydrolase,Enzyme,Hydrolase,0260>0241>0690-4>0690,-,"pde10a|camp and camp-inhibited cgmp 3',5'-cyclic phosphodiesterase 10a|-"
CHEMBL6141,-,-,-,Other Protein Target.Other Protein Target,Other Protein Target,Other Protein Target,0864-1>0864,-,acat|-|sterol o-acyltransferase 1|acyl-coenzyme a:cholesterol acyltransferase 1|cholesterol acyltransferase 1|acyl-coa:cholesterol acyltransferase
CHEMBL6142,-,-,-,Other Protein Target.Other Protein Target,Other Protein Target,Other Protein Target,0864-1>0864,-,parp4|193 kda vault protein|adp-ribosyltransferase diphtheria toxin-like 4|artd4|parp-4|parp-related/ialphai-related h5/proline-rich|ph5p|poly polymerase 4|protein mono-adp-ribosyltransferase parp4|vparp|vault poly polymerase|adprtl1|kiaa0177|parpl|-
CHEMBL6144,1470,1470,0937,Enzyme.Transferase,Enzyme,Transferase,0937>0283>0677>0698>0690-2>0690,-,grk6|g protein-coupled receptor kinase 6|g protein-coupled receptor kinase grk6|gprk6|-
CHEMBL6145,-,-,-,Other Protein Target.Other Protein Target,Other Protein Target,Other Protein Target,0864-1>0864,-,-|inosine-5'-monophosphate dehydrogenase|imp dehydrogenase|impd|impdh
CHEMBL6149,2199,2199,0483,Enzyme.Transferase,Enzyme,Transferase,0483>0452>0679>0698>0690-2>0690,-,sik3|sik-3|salt-inducible kinase 3|serine/threonine-protein kinase qsk|serine/threonine-protein kinase sik3|kiaa0999|qsk|-
CHEMBL6152,3285,3285,1100,Other Protein Target.Other Protein Target,Other Protein Target,Other Protein Target,1100>0864,-,snca|alpha-synuclein|nacp|non-a beta component of ad amyloid|non-a4 component of amyloid precursor|park1|-
CHEMBL6154,3109,3109,0883,Enzyme.Transferase,Enzyme,Transferase,0883>1095>0690-2>0690,-,tnks2|adp-ribosyltransferase diphtheria toxin-like 6|artd6|poly polymerase 5b|poly polymerase tankyrase-2|protein poly-adp-ribosyltransferase tankyrase-2|tank2|tnks-2|trf1-interacting ankyrin-related adp-ribose polymerase 2|tankyrase ii|tankyrase-2|tankyrase-like protein|tankyrase-related protein|parp5b|tnkl|-
CHEMBL6158,2431,2431,0730,Enzyme.Hydrolase,Enzyme,Hydrolase,0730>0709>0759>0690-4>0690,-,usp5|deubiquitinating enzyme 5|isopeptidase t|ubiquitin carboxyl-terminal hydrolase 5|ubiquitin thioesterase 5|ubiquitin-specific-processing protease 5|isot|-
CHEMBL6164,3108,3108,0883,Enzyme.Transferase,Enzyme,Transferase,0883>1095>0690-2>0690,-,tnks|adp-ribosyltransferase diphtheria toxin-like 5|artd5|poly polymerase 5a|poly polymerase tankyrase-1|protein poly-adp-ribosyltransferase tankyrase-1|tank1|tnks-1|trf1-interacting ankyrin-related adp-ribose polymerase|tankyrase i|tankyrase-1|parp5a|parpl|tin1|tinf1|tnks1|-
CHEMBL6166,2088,2088,0544,Enzyme.Hydrolase,Enzyme,Hydrolase,0544>0467>0685>0698>0690-2>0690,-,map4k4|hpk/gck-like kinase hgk|mapk/erk kinase kinase kinase 4|mek kinase kinase 4|mekkk 4|mitogen-activated protein kinase kinase kinase kinase 4|nck-interacting kinase|hgk|kiaa0687|nik|-
CHEMBL6167,1515,1515,0587,Enzyme.Transferase,Enzyme,Transferase,0587>0677>0698>0690-2>0690,-,lats1|large tumor suppressor homolog 1|serine/threonine-protein kinase lats1|warts protein kinase|h-warts|warts|-
CHEMBL6168,-,-,-,Other Protein Target.Other Protein Target,Other Protein Target,Other Protein Target,0864-1>0864,-,abhd16a|abhydrolase domain-containing protein 16a|alpha/beta hydrolase domain-containing protein 16a|hla-b-associated transcript 5|monoacylglycerol lipase abhd16a|phosphatidylserine lipase abhd16a|protein g5|hbat5|bat5|g5|ng26|-
CHEMBL6172,-,-,-,Other Protein Target.Other Protein Target,Other Protein Target,Other Protein Target,0864-1>0864,-,dao|d-amino-acid oxidase|daao|damox|-
CHEMBL6174,-,-,-,Other Protein Target.Other Protein Target,Other Protein Target,Other Protein Target,0864-1>0864,-,mt-co2|cytochrome c oxidase polypeptide ii|cytochrome c oxidase subunit 2|coii|cox2|coxii|mtco2|-
CHEMBL6175,2677,2677,0869,Enzyme.Oxidoreductase,Enzyme,Oxidoreductase,0869>0865>0690,-,kdm4c|gasc-1 protein|gene amplified in squamous cell carcinoma 1 protein|jmjc domain-containing histone demethylation protein 3c|jumonji domain-containing protein 2c|lysine-specific demethylase 4c|-trimethyl-l-lysine demethylase 4c|gasc1|jhdm3c|jmjd2c|kiaa0780|-
CHEMBL6184,-,-,-,Other Protein Target.Other Protein Target,Other Protein Target,Other Protein Target,0864-1>0864,-,slc6a2|-|transporter|net
CHEMBL6186,1536,1536,0616,Enzyme.Transferase,Enzyme,Transferase,0616>0677>0698>0690-2>0690,-,sgk3|cytokine-independent survival kinase|serine/threonine-protein kinase sgk3|serum/glucocorticoid-regulated kinase 3|serum/glucocorticoid-regulated kinase-like|cisk|sgkl|-
CHEMBL6191,2076,2076,0622,Enzyme.Transferase,Enzyme,Transferase,0622>0467>0685>0698>0690-2>0690,-,"map3k19|mitogen-activated protein kinase kinase kinase 19|regulated in copd, protein kinase|sps1/ste20-related protein kinase ysk4|rck|ysk4|-"
CHEMBL6198,-,-,-,Other Protein Target.Other Protein Target,Other Protein Target,Other Protein Target,0864-1>0864,-,"-|hypothetical protein|aspartic protease pm4|plasmepsin|plasmepsin iv, putative"
