id,uniprot_id_primary,target_chembl_id,name
P63104-1,1433Z,CHEMBL4105899,1
P63104-2,1433Z,CHEMBL4105899,2
P29372-1,3MG,CHEMBL3396943,1
P29372-2,3MG,CHEMBL3396943,2
P29372-4,3MG,CHEMBL3396943,3
P29372-5,3MG,CHEMBL3396943,4
-,5HT1A,CHEMBL214,-
P28223-1,5HT2A,CHEMBL224,1
P28223-2,5HT2A,CHEMBL224,2
P28335-1,5HT2C,CHEMBL225,1
P28335-2,5HT2C,CHEMBL225,2
O70212-1,5HT3A,CHEMBL3666,1
O70212-1,5HT3A,CHEMBL3666,5-ht3r-l
O70212-2,5HT3A,CHEMBL3666,2
O70212-2,5HT3A,CHEMBL3666,5-ht3r-s
P46098-1,5HT3A,CHEMBL1899,1
P46098-1,5HT3A,CHEMBL1899,5-ht3r-as
P46098-2,5HT3A,CHEMBL1899,2
P46098-2,5HT3A,CHEMBL1899,5-ht3r-al
P46098-3,5HT3A,CHEMBL1899,3
P46098-4,5HT3A,CHEMBL1899,4
P46098-5,5HT3A,CHEMBL1899,5
O70528-1,5HT4R,CHEMBL5017,1
O70528-1,5HT4R,CHEMBL5017,-
Q13639-1,5HT4R,CHEMBL1875,5-ht4(b)
Q13639-2,5HT4R,CHEMBL1875,5-ht4(a)
Q13639-2,5HT4R,CHEMBL1875,5-ht4s
Q13639-3,5HT4R,CHEMBL1875,5-ht4(c)
Q13639-4,5HT4R,CHEMBL1875,5-ht4(d)
Q13639-5,5HT4R,CHEMBL1875,5-ht4(e)
Q13639-5,5HT4R,CHEMBL1875,h5-ht4(g)
Q13639-6,5HT4R,CHEMBL1875,5-ht4(f)
Q13639-7,5HT4R,CHEMBL1875,5-ht4(g)
Q13639-8,5HT4R,CHEMBL1875,5-ht4(i)
Q13639-9,5HT4R,CHEMBL1875,5-ht4c1
P32305-1,5HT7R,CHEMBL3223,a
P32305-2,5HT7R,CHEMBL3223,b
P34969-1,5HT7R,CHEMBL3155,d
P34969-2,5HT7R,CHEMBL3155,a
P34969-3,5HT7R,CHEMBL3155,b
P21589-1,5NTD,CHEMBL5957,1
P21589-2,5NTD,CHEMBL5957,2
P36639-1,8ODP,CHEMBL3708265,p26
P36639-2,8ODP,CHEMBL3708265,p22
P36639-3,8ODP,CHEMBL3708265,p21
P36639-4,8ODP,CHEMBL3708265,p18
P05067-1,A4,CHEMBL2487,app770
P05067-1,A4,CHEMBL2487,prea4 770
P05067-10,A4,CHEMBL2487,app639
P05067-11,A4,CHEMBL2487,11
P05067-2,A4,CHEMBL2487,app305
P05067-3,A4,CHEMBL2487,l-app677
P05067-4,A4,CHEMBL2487,app695
P05067-4,A4,CHEMBL2487,prea4 695
P05067-5,A4,CHEMBL2487,l-app696
P05067-6,A4,CHEMBL2487,app714
P05067-7,A4,CHEMBL2487,l-app733
P05067-8,A4,CHEMBL2487,app751
P05067-8,A4,CHEMBL2487,prea4 751
P05067-9,A4,CHEMBL2487,l-app752
P30542-1,AA1R,CHEMBL226,1
P30542-2,AA1R,CHEMBL226,2
P0DMS8-1,AA3R,CHEMBL256,2
P0DMS8-1,AA3R,CHEMBL256,a3ar i2
P0DMS8-1,AA3R,CHEMBL256,a3ar
P0DMS9-1,AA3R,CHEMBL256,3
P0DMS9-1,AA3R,CHEMBL256,tmigd3 i3
P0DMS9-1,AA3R,CHEMBL256,a3ar i3
P0DMS9-2,AA3R,CHEMBL256,1
P0DMS9-2,AA3R,CHEMBL256,tmigd3 i1
P0DMS9-2,AA3R,CHEMBL256,a3ar i1
P28647-1,AA3R,CHEMBL3360,a
P28647-2,AA3R,CHEMBL3360,b
P28647-2,AA3R,CHEMBL3360,a3i
Q8N5Z0-1,AADAT,CHEMBL2046259,1
Q8N5Z0-2,AADAT,CHEMBL2046259,2
P31941-1,ABC3A,CHEMBL1741179,1
P31941-1,ABC3A,CHEMBL1741179,phorbolin-1
P31941-2,ABC3A,CHEMBL1741179,2
Q9HC16-1,ABC3G,CHEMBL1741217,1
Q9HC16-3,ABC3G,CHEMBL1741217,3
Q9UNQ0-1,ABCG2,CHEMBL5393,1
Q9UNQ0-2,ABCG2,CHEMBL5393,2
Q8N2K0-1,ABD12,CHEMBL5516,1
Q8N2K0-2,ABD12,CHEMBL5516,2
Q8N2K0-3,ABD12,CHEMBL5516,3
Q8R2Y0-1,ABHD6,CHEMBL5010,1
Q8R2Y0-2,ABHD6,CHEMBL5010,2
O95870-1,ABHGA,CHEMBL6168,1
O95870-2,ABHGA,CHEMBL6168,2
P00519-1,ABL1,CHEMBL1862,ia
P00519-2,ABL1,CHEMBL1862,ib
P00520-1,ABL1,CHEMBL3099,i
P00520-2,ABL1,CHEMBL3099,ii
P00520-3,ABL1,CHEMBL3099,iii
P00520-4,ABL1,CHEMBL3099,iv
P42684-1,ABL2,CHEMBL4014,1
P42684-1,ABL2,CHEMBL4014,ib
P42684-1,ABL2,CHEMBL4014,1blctl
P42684-10,ABL2,CHEMBL4014,10
P42684-10,ABL2,CHEMBL4014,1alcts
P42684-2,ABL2,CHEMBL4014,2
P42684-2,ABL2,CHEMBL4014,ia
P42684-2,ABL2,CHEMBL4014,1asctl
P42684-3,ABL2,CHEMBL4014,3
P42684-3,ABL2,CHEMBL4014,ic
P42684-3,ABL2,CHEMBL4014,1alctl
P42684-4,ABL2,CHEMBL4014,4
P42684-4,ABL2,CHEMBL4014,1ascts
P42684-5,ABL2,CHEMBL4014,5
P42684-5,ABL2,CHEMBL4014,1blcts
P42684-6,ABL2,CHEMBL4014,6
P42684-6,ABL2,CHEMBL4014,1bsctl
P42684-7,ABL2,CHEMBL4014,7
P42684-7,ABL2,CHEMBL4014,1bscts
P42684-8,ABL2,CHEMBL4014,8
P11497-1,ACACA,CHEMBL2397,1
P11497-2,ACACA,CHEMBL2397,2
Q13085-1,ACACA,CHEMBL3351,1
Q13085-2,ACACA,CHEMBL3351,2
Q13085-2,ACACA,CHEMBL3351,e5a
Q13085-3,ACACA,CHEMBL3351,3
Q13085-3,ACACA,CHEMBL3351,e5b
Q13085-4,ACACA,CHEMBL3351,4
O00763-1,ACACB,CHEMBL4829,1
O00763-1,ACACB,CHEMBL4829,long
O00763-2,ACACB,CHEMBL4829,2
O00763-2,ACACB,CHEMBL4829,short
O00763-3,ACACB,CHEMBL4829,3
O00763-3,ACACB,CHEMBL4829,acc2.v2
P12821-1,ACE,CHEMBL1808,somatic-1
P12821-2,ACE,CHEMBL1808,somatic-2
P12821-2,ACE,CHEMBL1808,soluble
P12821-3:P22966-1,ACE,CHEMBL1808,testis-specific
P12821-3:P22966-1,ACE,CHEMBL1808,ace-t
P12821-3:P22966-1,ACE,CHEMBL1808,acet
P12821-3:P22966-1,ACE,CHEMBL1808,tace
P12821-3:P22966-1,ACE,CHEMBL1808,htace
P12821-4,ACE,CHEMBL1808,4
P12822-1,ACE,CHEMBL4074,somatic
P12822-2:P22968-1,ACE,CHEMBL4074,testis-specific
P12822-2:P22968-1,ACE,CHEMBL4074,ace-t
P47820-1,ACE,CHEMBL2625,somatic
P47820-2:Q8CFN1-1,ACE,CHEMBL2625,testis-specific
P47820-2:Q8CFN1-1,ACE,CHEMBL2625,ace-t
Q9BYF1-1,ACE2,CHEMBL3736,1
Q9BYF1-1,ACE2,CHEMBL3736,long
Q9BYF1-3,ACE2,CHEMBL3736,2
Q9BYF1-3,ACE2,CHEMBL3736,delta
Q9BYF1-3,ACE2,CHEMBL3736,dace2
Q9BYF1-3,ACE2,CHEMBL3736,short
P04058-1,ACES,CHEMBL4780,h
P04058-1,ACES,CHEMBL4780,globular
P04058-2,ACES,CHEMBL4780,t
P21836-1,ACES,CHEMBL3198,t
P21836-2,ACES,CHEMBL3198,h
P22303-1,ACES,CHEMBL220,t
P22303-1,ACES,CHEMBL220,ache-s
P22303-1,ACES,CHEMBL220,synaptic
P22303-2,ACES,CHEMBL220,h
P22303-2,ACES,CHEMBL220,ache-e
P22303-2,ACES,CHEMBL220,erythrocytic
P22303-2,ACES,CHEMBL220,e4-e5
P22303-3,ACES,CHEMBL220,4
P22303-4,ACES,CHEMBL220,r
P22303-4,ACES,CHEMBL220,ache-r
P22303-4,ACES,CHEMBL220,readthrough
P23795-1,ACES,CHEMBL4768,t
P23795-2,ACES,CHEMBL4768,h
P37136-1,ACES,CHEMBL3199,t
P37136-2,ACES,CHEMBL3199,h
P37136-3,ACES,CHEMBL3199,r
P25162-1,ACH4,CHEMBL2366470,a
P25162-2,ACH4,CHEMBL2366470,b
P36544-1,ACHA7,CHEMBL2492,1
P36544-2,ACHA7,CHEMBL2492,2
P36544-3,ACHA7,CHEMBL2492,3
Q07912-1,ACK1,CHEMBL4599,1
Q07912-2,ACK1,CHEMBL4599,2
Q07912-3,ACK1,CHEMBL4599,3
P16638-1,ACLY,CHEMBL2745,1
P16638-2,ACLY,CHEMBL2745,2
P53396-1,ACLY,CHEMBL3720,1
P53396-2,ACLY,CHEMBL3720,2
P53396-3,ACLY,CHEMBL3720,3
P11229-1,ACM1,CHEMBL216,1
P11229-2,ACM1,CHEMBL216,2
P07872-1,ACOX1,CHEMBL4632,1
P07872-1,ACOX1,CHEMBL4632,aco-i
P07872-2,ACOX1,CHEMBL4632,2
P07872-2,ACOX1,CHEMBL4632,aco-ii
P36896-1,ACV1B,CHEMBL5310,1
P36896-1,ACV1B,CHEMBL5310,skr2-1
P36896-2,ACV1B,CHEMBL5310,2
P36896-2,ACV1B,CHEMBL5310,skr2-2
P36896-3,ACV1B,CHEMBL5310,3
P36896-3,ACV1B,CHEMBL5310,skr2-3
P36896-4,ACV1B,CHEMBL5310,4
P36896-5,ACV1B,CHEMBL5310,5
O14672-1,ADA10,CHEMBL5028,1
O14672-2,ADA10,CHEMBL5028,2
P78536-1,ADA17,CHEMBL3706,a
P78536-2,ADA17,CHEMBL3706,b
Q9Z0F8-1,ADA17,CHEMBL4379,long
Q9Z0F8-2,ADA17,CHEMBL4379,short
P35348-1,ADA1A,CHEMBL229,1
P35348-1,ADA1A,CHEMBL229,alpha 1c-1
P35348-1,ADA1A,CHEMBL229,alpha(1a-1)
P35348-2,ADA1A,CHEMBL229,2
P35348-2,ADA1A,CHEMBL229,alpha 1c-2
P35348-2,ADA1A,CHEMBL229,alpha(1a-2)
P35348-3,ADA1A,CHEMBL229,3
P35348-3,ADA1A,CHEMBL229,alpha 1c-3
P35348-3,ADA1A,CHEMBL229,alpha(1a-3)
P35348-4,ADA1A,CHEMBL229,4
P35348-4,ADA1A,CHEMBL229,alpha(1a-4)
P35348-5,ADA1A,CHEMBL229,5
P35348-6,ADA1A,CHEMBL229,6
P35348-7,ADA1A,CHEMBL229,7
P35348-7,ADA1A,CHEMBL229,2b/3b
P35348-8,ADA1A,CHEMBL229,8
P35348-8,ADA1A,CHEMBL229,2c
P35348-9,ADA1A,CHEMBL229,9
P35348-9,ADA1A,CHEMBL229,3c
P55263-1,ADK,CHEMBL3589,1
P55263-1,ADK,CHEMBL3589,ak-l
P55263-1,ADK,CHEMBL3589,long
P55263-2,ADK,CHEMBL3589,2
P55263-2,ADK,CHEMBL3589,ak-s
P55263-2,ADK,CHEMBL3589,short
P55263-3,ADK,CHEMBL3589,3
P55263-4,ADK,CHEMBL3589,4
P52895-1,AK1C2,CHEMBL5847,1
P52895-2,AK1C2,CHEMBL5847,2
P42330-1,AK1C3,CHEMBL4681,1
P42330-2,AK1C3,CHEMBL4681,2
P31749-1,AKT1,CHEMBL4282,1
P31749-2,AKT1,CHEMBL4282,2
P31751-1,AKT2,CHEMBL2431,1
P31751-2,AKT2,CHEMBL2431,2
Q9Y243-1,AKT3,CHEMBL4816,1
Q9Y243-1,AKT3,CHEMBL4816,pkb gamma
Q9Y243-2,AKT3,CHEMBL4816,2
Q9Y243-2,AKT3,CHEMBL4816,pkb gamma 1
O94788-1,AL1A2,CHEMBL3112384,1
O94788-2,AL1A2,CHEMBL3112384,2
O94788-3,AL1A2,CHEMBL3112384,3
O94788-4,AL1A2,CHEMBL3112384,4
P05091-1,ALDH2,CHEMBL1935,1
P05091-2,ALDH2,CHEMBL1935,2
P10275-1,ANDR,CHEMBL1871,1
P10275-1,ANDR,CHEMBL1871,ar-b
P10275-2,ANDR,CHEMBL1871,2
P10275-2,ANDR,CHEMBL1871,ar-a
P10275-2,ANDR,CHEMBL1871,variant ar45
P10275-3,ANDR,CHEMBL1871,3
P10275-3,ANDR,CHEMBL1871,ar3
P10275-4,ANDR,CHEMBL1871,4
P10275-4,ANDR,CHEMBL1871,ar4
Q99873-1,ANM1,CHEMBL5524,1
Q99873-1,ANM1,CHEMBL5524,v2
Q99873-2,ANM1,CHEMBL5524,2
Q99873-2,ANM1,CHEMBL5524,v3
Q99873-3,ANM1,CHEMBL5524,3
Q99873-3,ANM1,CHEMBL5524,v1
Q99873-5,ANM1,CHEMBL5524,4
O60678-1,ANM3,CHEMBL5891,1
O60678-2,ANM3,CHEMBL5891,2
O14744-1,ANM5,CHEMBL1795116,1
O14744-2,ANM5,CHEMBL1795116,2
O14744-3,ANM5,CHEMBL1795116,3
O14744-4,ANM5,CHEMBL1795116,4
O14744-5,ANM5,CHEMBL1795116,5
Q96LA8-1,ANM6,CHEMBL1275221,1
Q96LA8-2,ANM6,CHEMBL1275221,2
Q9NR22-1,ANM8,CHEMBL3108648,1
Q9NR22-2,ANM8,CHEMBL3108648,2
Q5XXA6-1,ANO1,CHEMBL2046267,1
Q5XXA6-1,ANO1,CHEMBL2046267,tmem16a(ac)
Q5XXA6-2,ANO1,CHEMBL2046267,2
Q5XXA6-3,ANO1,CHEMBL2046267,3
Q5XXA6-4,ANO1,CHEMBL2046267,4
Q5XXA6-4,ANO1,CHEMBL2046267,tmem16a(ac-delta-e3)
Q5XXA6-5,ANO1,CHEMBL2046267,5
Q5XXA6-5,ANO1,CHEMBL2046267,ano1(+0)
P58335-1,ANTR2,CHEMBL4296326,1
P58335-2,ANTR2,CHEMBL4296326,2
P58335-3,ANTR2,CHEMBL4296326,3
P58335-4,ANTR2,CHEMBL4296326,4
Q16853-1,AOC3,CHEMBL3437,1
Q16853-2,AOC3,CHEMBL3437,2
Q16853-2,AOC3,CHEMBL3437,vap-1delta3
Q16853-3,AOC3,CHEMBL3437,3
P21397-1,AOFA,CHEMBL1951,1
P21397-2,AOFA,CHEMBL1951,2
P27338-1,AOFB,CHEMBL2039,1
P27338-2,AOFB,CHEMBL2039,2
P10398-1,ARAF,CHEMBL1169596,1
P10398-2,ARAF,CHEMBL1169596,2
P10398-2,ARAF,CHEMBL1169596,da-raf1
P05089-1,ARGI1,CHEMBL1075097,1
P05089-2,ARGI1,CHEMBL1075097,2
P05089-2,ARGI1,CHEMBL1075097,erythroid variant
P05089-3,ARGI1,CHEMBL1075097,3
Q13510-1,ASAH1,CHEMBL5463,1
Q13510-2,ASAH1,CHEMBL5463,2
Q13510-3,ASAH1,CHEMBL5463,3
P78348-1,ASIC1,CHEMBL1628477,1
P78348-1,ASIC1,CHEMBL1628477,hvariant 1
P78348-2,ASIC1,CHEMBL1628477,asic1a
P78348-2,ASIC1,CHEMBL1628477,hvariant 2
P78348-3,ASIC1,CHEMBL1628477,asic1b
P78348-3,ASIC1,CHEMBL1628477,hvariant 3
P17405-1,ASM,CHEMBL2760,1
P17405-1,ASM,CHEMBL2760,asm-1
P17405-2,ASM,CHEMBL2760,2
P17405-2,ASM,CHEMBL2760,asm-2
P17405-3,ASM,CHEMBL2760,3
P17405-3,ASM,CHEMBL2760,asm-3
P17405-4,ASM,CHEMBL2760,4
P08243-1,ASNS,CHEMBL3120,1
P08243-2,ASNS,CHEMBL3120,2
P08243-3,ASNS,CHEMBL3120,3
Q12797-1,ASPH,CHEMBL4680030,1
Q12797-10,ASPH,CHEMBL4680030,10
Q12797-11,ASPH,CHEMBL4680030,11
Q12797-2,ASPH,CHEMBL4680030,2
Q12797-3,ASPH,CHEMBL4680030,3
Q12797-3,ASPH,CHEMBL4680030,junctin-1
Q12797-3,ASPH,CHEMBL4680030,cardiac junctin
Q12797-4,ASPH,CHEMBL4680030,4
Q12797-4,ASPH,CHEMBL4680030,junctin-2
Q12797-4,ASPH,CHEMBL4680030,junctin
Q12797-5,ASPH,CHEMBL4680030,5
Q12797-6,ASPH,CHEMBL4680030,6
Q12797-7,ASPH,CHEMBL4680030,7
Q12797-8,ASPH,CHEMBL4680030,8
Q12797-8,ASPH,CHEMBL4680030,junctate
Q12797-9,ASPH,CHEMBL4680030,9
P04191-1,AT2A1,CHEMBL4693,serca1b
P04191-1,AT2A1,CHEMBL4693,neonatal
P04191-2,AT2A1,CHEMBL4693,serca1a
P04191-2,AT2A1,CHEMBL4693,adult
Q6PL18-1,ATAD2,CHEMBL2150837,1
Q6PL18-2,ATAD2,CHEMBL2150837,2
Q9Y4P1-1,ATG4B,CHEMBL1741221,1
Q9Y4P1-2,ATG4B,CHEMBL1741221,2
Q9Y4P1-3,ATG4B,CHEMBL1741221,3
Q9Y4P1-4,ATG4B,CHEMBL1741221,4
Q9Y4P1-6,ATG4B,CHEMBL1741221,6
Q13535-1,ATR,CHEMBL5024,1
Q13535-2,ATR,CHEMBL5024,2
Q13535-3,ATR,CHEMBL5024,3
O75173-1,ATS4,CHEMBL2318,1
O75173-2,ATS4,CHEMBL2318,2
O75173-2,ATS4,CHEMBL2318,adamts4_v1
P97477-1,AURKA,CHEMBL2211,1
P97477-2,AURKA,CHEMBL2211,2
Q96GD4-1,AURKB,CHEMBL2185,1
Q96GD4-2,AURKB,CHEMBL2185,2
Q96GD4-2,AURKB,CHEMBL2185,aurkb-sv1
Q96GD4-3,AURKB,CHEMBL2185,3
Q96GD4-3,AURKB,CHEMBL2185,aurkb-sv2
Q96GD4-4,AURKB,CHEMBL2185,4
Q96GD4-5,AURKB,CHEMBL2185,5
Q9UQB9-1,AURKC,CHEMBL3935,1
Q9UQB9-2,AURKC,CHEMBL3935,2
Q9UQB9-3,AURKC,CHEMBL3935,3
Q9UQB9-3,AURKC,CHEMBL3935,aurora c-sv
Q07817-1,B2CL1,CHEMBL4625,bcl-x(l)
Q07817-1,B2CL1,CHEMBL4625,bcl-xl
Q07817-2,B2CL1,CHEMBL4625,bcl-x(s)
Q07817-2,B2CL1,CHEMBL4625,bcl-xs
Q07817-3,B2CL1,CHEMBL4625,bcl-x(beta)
Q92843-1,B2CL2,CHEMBL4677,1
Q92843-2,B2CL2,CHEMBL4677,3
Q92843-2,B2CL2,CHEMBL4677,bcl2l2-pabpn1
P56817-1,BACE1,CHEMBL4822,a
P56817-1,BACE1,CHEMBL4822,bace-1a
P56817-1,BACE1,CHEMBL4822,bac-501
P56817-2,BACE1,CHEMBL4822,b
P56817-2,BACE1,CHEMBL4822,bace-1b
P56817-2,BACE1,CHEMBL4822,bace-i-476
P56817-3,BACE1,CHEMBL4822,c
P56817-3,BACE1,CHEMBL4822,bace-1c
P56817-3,BACE1,CHEMBL4822,bace-i-457
P56817-4,BACE1,CHEMBL4822,d
P56817-4,BACE1,CHEMBL4822,bace-1d
P56817-4,BACE1,CHEMBL4822,bace-i-432
P56817-5,BACE1,CHEMBL4822,5
P56817-6,BACE1,CHEMBL4822,6
Q9Y5Z0-1,BACE2,CHEMBL2525,1
Q9Y5Z0-1,BACE2,CHEMBL2525,isoform a
Q9Y5Z0-2,BACE2,CHEMBL2525,2
Q9Y5Z0-2,BACE2,CHEMBL2525,isoform c
Q9Y5Z0-3,BACE2,CHEMBL2525,3
Q9Y5Z0-3,BACE2,CHEMBL2525,isoform b
Q9Y5Z0-4,BACE2,CHEMBL2525,4
Q9Y5Z0-5,BACE2,CHEMBL2525,5
Q9UIF9-1,BAZ2A,CHEMBL3108642,2
Q9UIF9-2,BAZ2A,CHEMBL3108642,1
Q9UIF9-3,BAZ2A,CHEMBL3108642,3
Q9UIF8-1,BAZ2B,CHEMBL1741220,1
Q9UIF8-2,BAZ2B,CHEMBL1741220,2
Q9UIF8-3,BAZ2B,CHEMBL1741220,3
Q9UIF8-4,BAZ2B,CHEMBL1741220,4
Q9UIF8-5,BAZ2B,CHEMBL1741220,5
O15382-1,BCAT2,CHEMBL3616354,a
O15382-2,BCAT2,CHEMBL3616354,b
P10415-1,BCL2,CHEMBL4860,alpha
P10415-2,BCL2,CHEMBL4860,beta
P41182-1,BCL6,CHEMBL4105786,1
P41182-2,BCL6,CHEMBL4105786,2
P16278-1,BGAL,CHEMBL2522,1
P16278-2:P16279-1,BGAL,CHEMBL2522,2
P16278-2:P16279-1,BGAL,CHEMBL2522,beta-galactosidase-related protein
P16278-2:P16279-1,BGAL,CHEMBL2522,beta-galactosidase-like protein
P16278-2:P16279-1,BGAL,CHEMBL2522,s-gal
P16278-2:P16279-1,BGAL,CHEMBL2522,elastin-binding protein
P16278-2:P16279-1,BGAL,CHEMBL2522,ebp
P16278-3,BGAL,CHEMBL2522,3
P08236-1,BGLR,CHEMBL2728,1
P08236-1,BGLR,CHEMBL2728,long
P08236-2,BGLR,CHEMBL2728,2
P08236-2,BGLR,CHEMBL2728,short
P08236-3,BGLR,CHEMBL2728,3
Q13490-1,BIRC2,CHEMBL5462,1
Q13490-2,BIRC2,CHEMBL5462,2
P30411-1,BKRB2,CHEMBL3157,long
P30411-2,BKRB2,CHEMBL3157,short
P13497-1,BMP1,CHEMBL3898,bmp1-3
P13497-2,BMP1,CHEMBL3898,bmp1-1
P13497-3,BMP1,CHEMBL3898,bmp1-4
P13497-4,BMP1,CHEMBL3898,bmp1-5
P13497-5,BMP1,CHEMBL3898,bmp1-6
P13497-6,BMP1,CHEMBL3898,bmp1-7
P13497-7,BMP1,CHEMBL3898,bmp1-2
Q13873-1,BMPR2,CHEMBL5467,1
Q13873-2,BMPR2,CHEMBL5467,2
O00238-1,BMR1B,CHEMBL5476,1
O00238-2,BMR1B,CHEMBL5476,2
P28028-1,BRAF,CHEMBL2331061,1
P28028-3,BRAF,CHEMBL2331061,3
O95696-1,BRD1,CHEMBL2176774,1
O95696-2,BRD1,CHEMBL2176774,2
P25440-1,BRD2,CHEMBL1293289,1
P25440-2,BRD2,CHEMBL1293289,2
P25440-3,BRD2,CHEMBL1293289,3
P25440-4,BRD2,CHEMBL1293289,4
Q15059-1,BRD3,CHEMBL1795186,1
Q15059-2,BRD3,CHEMBL1795186,2
O60885-1,BRD4,CHEMBL1163125,a
O60885-1,BRD4,CHEMBL1163125,brd4l
O60885-1,BRD4,CHEMBL1163125,long
O60885-2,BRD4,CHEMBL1163125,c
O60885-2,BRD4,CHEMBL1163125,brd4s
O60885-2,BRD4,CHEMBL1163125,short
O60885-3,BRD4,CHEMBL1163125,b
Q9ESU6-1,BRD4,CHEMBL3085619,1
Q9ESU6-1,BRD4,CHEMBL3085619,long
Q9ESU6-2,BRD4,CHEMBL3085619,2
Q9ESU6-2,BRD4,CHEMBL3085619,short
Q9NPI1-1,BRD7,CHEMBL3085622,1
Q9NPI1-2,BRD7,CHEMBL3085622,2
Q9H8M2-1,BRD9,CHEMBL3108640,5
Q9H8M2-2,BRD9,CHEMBL3108640,2
Q9H8M2-3,BRD9,CHEMBL3108640,3
Q9H8M2-4,BRD9,CHEMBL3108640,4
Q9H8M2-5,BRD9,CHEMBL3108640,1
Q9H8M2-6,BRD9,CHEMBL3108640,6
Q58F21-1,BRDT,CHEMBL1795185,1
Q58F21-2,BRDT,CHEMBL1795185,2
Q58F21-2,BRDT,CHEMBL1795185,brdt-ny
Q58F21-3,BRDT,CHEMBL1795185,3
Q58F21-4,BRDT,CHEMBL1795185,4
Q58F21-5,BRDT,CHEMBL1795185,5
P55201-1,BRPF1,CHEMBL3132741,1
P55201-2,BRPF1,CHEMBL3132741,2
P55201-3,BRPF1,CHEMBL3132741,3
P55201-4,BRPF1,CHEMBL3132741,4
Q9ULD4-1,BRPF3,CHEMBL3108644,1
Q9ULD4-2,BRPF3,CHEMBL3108644,2
Q9ULD4-3,BRPF3,CHEMBL3108644,3
Q8TDC3-1,BRSK1,CHEMBL5650,1
Q8TDC3-1,BRSK1,CHEMBL5650,sadb-long
Q8TDC3-1,BRSK1,CHEMBL5650,l
Q8TDC3-2,BRSK1,CHEMBL5650,2
Q8TDC3-3,BRSK1,CHEMBL5650,3
Q8TDC3-3,BRSK1,CHEMBL5650,sadb-short
Q8TDC3-3,BRSK1,CHEMBL5650,s
Q8IWQ3-1,BRSK2,CHEMBL4574,1
Q8IWQ3-2,BRSK2,CHEMBL4574,2
Q8IWQ3-3,BRSK2,CHEMBL4574,3
Q8IWQ3-4,BRSK2,CHEMBL4574,4
Q8IWQ3-5,BRSK2,CHEMBL4574,5
Q8IWQ3-6,BRSK2,CHEMBL4574,6
O00481-1,BT3A1,CHEMBL4105758,1
O00481-2,BT3A1,CHEMBL4105758,2
O00481-3,BT3A1,CHEMBL4105758,3
O00481-4,BT3A1,CHEMBL4105758,4
Q06187-1,BTK,CHEMBL5251,btk-a
Q06187-2,BTK,CHEMBL5251,btk-c
P15538-1,C11B1,CHEMBL1908,1
P15538-2,C11B1,CHEMBL1908,2
O08532-1,CA2D1,CHEMBL4676,2a
O08532-2,CA2D1,CHEMBL4676,2b
O08532-3,CA2D1,CHEMBL4676,2c
O08532-4,CA2D1,CHEMBL4676,2d
O08532-5,CA2D1,CHEMBL4676,2e
P54289-1,CA2D1,CHEMBL1919,1
P54289-1,CA2D1,CHEMBL1919,alpha-2a
P54289-2,CA2D1,CHEMBL1919,2
P54289-2,CA2D1,CHEMBL1919,alpha-2b
P54289-3,CA2D1,CHEMBL1919,3
P54289-3,CA2D1,CHEMBL1919,alpha-2c
P54289-4,CA2D1,CHEMBL1919,4
P54289-4,CA2D1,CHEMBL1919,alpha-2d
P54289-5,CA2D1,CHEMBL1919,5
P54289-5,CA2D1,CHEMBL1919,alpha-2e
Q00975-1,CAC1B,CHEMBL4478,alpha-1b-1
Q00975-2,CAC1B,CHEMBL4478,alpha-1b-2
Q02294-1,CAC1B,CHEMBL5107,1
Q02294-1,CAC1B,CHEMBL5107,-
O35505-1,CAC1C,CHEMBL2366456,1
O35505-2,CAC1C,CHEMBL2366456,2
P22002-1,CAC1C,CHEMBL3762,2
P22002-1,CAC1C,CHEMBL3762,s3b
P22002-2,CAC1C,CHEMBL3762,1
P22002-2,CAC1C,CHEMBL3762,s3a
P22002-3,CAC1C,CHEMBL3762,3
P22002-3,CAC1C,CHEMBL3762,d1
P22002-3,CAC1C,CHEMBL3762,rob2
P22002-4,CAC1C,CHEMBL3762,4
P22002-4,CAC1C,CHEMBL3762,rbc-i
P22002-5,CAC1C,CHEMBL3762,5
P22002-5,CAC1C,CHEMBL3762,rbc-ii
Q13936-1,CAC1C,CHEMBL1940,1
Q13936-1,CAC1C,CHEMBL1940,hfcc
Q13936-1,CAC1C,CHEMBL1940,fibroblast
Q13936-10,CAC1C,CHEMBL1940,10
Q13936-11,CAC1C,CHEMBL1940,11
Q13936-11,CAC1C,CHEMBL1940,alpha-1c.90
Q13936-12,CAC1C,CHEMBL1940,12
Q13936-12,CAC1C,CHEMBL1940,alpha-1c.70
Q13936-13,CAC1C,CHEMBL1940,13
Q13936-13,CAC1C,CHEMBL1940,alpha-1c.127
Q13936-14,CAC1C,CHEMBL1940,14
Q13936-14,CAC1C,CHEMBL1940,alpha-1c.126
Q13936-15,CAC1C,CHEMBL1940,15
Q13936-15,CAC1C,CHEMBL1940,alpha-1c.125
Q13936-16,CAC1C,CHEMBL1940,16
Q13936-17,CAC1C,CHEMBL1940,17
Q13936-18,CAC1C,CHEMBL1940,18
Q13936-18,CAC1C,CHEMBL1940,hht-1
Q13936-19,CAC1C,CHEMBL1940,19
Q13936-19,CAC1C,CHEMBL1940,alpha-1c.76
Q13936-2,CAC1C,CHEMBL1940,2
Q13936-20,CAC1C,CHEMBL1940,20
Q13936-20,CAC1C,CHEMBL1940,alpha-1c.77
Q13936-21,CAC1C,CHEMBL1940,21
Q13936-21,CAC1C,CHEMBL1940,alpha-1c.69
Q13936-22,CAC1C,CHEMBL1940,22
Q13936-22,CAC1C,CHEMBL1940,alpha-1c.78
Q13936-23,CAC1C,CHEMBL1940,23
Q13936-23,CAC1C,CHEMBL1940,alpha-1c.105
Q13936-24,CAC1C,CHEMBL1940,24
Q13936-24,CAC1C,CHEMBL1940,alpha-1c.71
Q13936-25,CAC1C,CHEMBL1940,25
Q13936-25,CAC1C,CHEMBL1940,alpha-1c.73
Q13936-26,CAC1C,CHEMBL1940,26
Q13936-26,CAC1C,CHEMBL1940,alpha-1c.86
Q13936-27,CAC1C,CHEMBL1940,27
Q13936-27,CAC1C,CHEMBL1940,alpha-1c.72
Q13936-28,CAC1C,CHEMBL1940,28
Q13936-29,CAC1C,CHEMBL1940,29
Q13936-29,CAC1C,CHEMBL1940,alpha-1c.74
Q13936-3,CAC1C,CHEMBL1940,3
Q13936-30,CAC1C,CHEMBL1940,30
Q13936-30,CAC1C,CHEMBL1940,alpha-1c.87
Q13936-31,CAC1C,CHEMBL1940,31
Q13936-31,CAC1C,CHEMBL1940,alpha-1c.88
Q13936-32,CAC1C,CHEMBL1940,32
Q13936-32,CAC1C,CHEMBL1940,alpha-1c.89
Q13936-33,CAC1C,CHEMBL1940,33
Q13936-33,CAC1C,CHEMBL1940,alpha-1c.85
Q13936-34,CAC1C,CHEMBL1940,34
Q13936-34,CAC1C,CHEMBL1940,"alpha-1c,long-nt"
Q13936-35,CAC1C,CHEMBL1940,35
Q13936-36,CAC1C,CHEMBL1940,36
Q13936-37,CAC1C,CHEMBL1940,37
Q13936-4,CAC1C,CHEMBL1940,4
Q13936-5,CAC1C,CHEMBL1940,5
Q13936-6,CAC1C,CHEMBL1940,6
Q13936-7,CAC1C,CHEMBL1940,7
Q13936-8,CAC1C,CHEMBL1940,8
Q13936-9,CAC1C,CHEMBL1940,9
O43497-1,CAC1G,CHEMBL4641,5
O43497-10,CAC1G,CHEMBL4641,10
O43497-11,CAC1G,CHEMBL4641,11
O43497-11,CAC1G,CHEMBL4641,variant 185
O43497-12,CAC1G,CHEMBL4641,12
O43497-12,CAC1G,CHEMBL4641,variant 189
O43497-13,CAC1G,CHEMBL4641,13
O43497-13,CAC1G,CHEMBL4641,variant 153
O43497-15,CAC1G,CHEMBL4641,14
O43497-15,CAC1G,CHEMBL4641,variant 137
O43497-16,CAC1G,CHEMBL4641,15
O43497-16,CAC1G,CHEMBL4641,variant 157
O43497-17,CAC1G,CHEMBL4641,16
O43497-17,CAC1G,CHEMBL4641,variant 169
O43497-18,CAC1G,CHEMBL4641,17
O43497-18,CAC1G,CHEMBL4641,variant 184
O43497-19,CAC1G,CHEMBL4641,18
O43497-19,CAC1G,CHEMBL4641,variant 216
O43497-2,CAC1G,CHEMBL4641,1
O43497-2,CAC1G,CHEMBL4641,variant 89
O43497-20,CAC1G,CHEMBL4641,19
O43497-20,CAC1G,CHEMBL4641,variant 223
O43497-21,CAC1G,CHEMBL4641,20
O43497-21,CAC1G,CHEMBL4641,variant 249
O43497-22,CAC1G,CHEMBL4641,21
O43497-22,CAC1G,CHEMBL4641,variant 313
O43497-23,CAC1G,CHEMBL4641,22
O43497-23,CAC1G,CHEMBL4641,variant 409
O43497-24,CAC1G,CHEMBL4641,23
O43497-24,CAC1G,CHEMBL4641,variant 441
O43497-25,CAC1G,CHEMBL4641,24
O43497-25,CAC1G,CHEMBL4641,variant 477
O43497-26,CAC1G,CHEMBL4641,25
O43497-26,CAC1G,CHEMBL4641,variant 473
O43497-27,CAC1G,CHEMBL4641,26
O43497-27,CAC1G,CHEMBL4641,variant 17
O43497-28,CAC1G,CHEMBL4641,27
O43497-28,CAC1G,CHEMBL4641,variant 33
O43497-29,CAC1G,CHEMBL4641,28
O43497-29,CAC1G,CHEMBL4641,variant 49
O43497-3,CAC1G,CHEMBL4641,2
O43497-3,CAC1G,CHEMBL4641,variant 25
O43497-3,CAC1G,CHEMBL4641,alpha-1g-b
O43497-30,CAC1G,CHEMBL4641,29
O43497-30,CAC1G,CHEMBL4641,variant 145
O43497-31,CAC1G,CHEMBL4641,30
O43497-31,CAC1G,CHEMBL4641,variant 177
O43497-32,CAC1G,CHEMBL4641,31
O43497-32,CAC1G,CHEMBL4641,variant 209
O43497-33,CAC1G,CHEMBL4641,32
O43497-34,CAC1G,CHEMBL4641,33
O43497-34,CAC1G,CHEMBL4641,variant 441-d81
O43497-35,CAC1G,CHEMBL4641,34
O43497-35,CAC1G,CHEMBL4641,variant 473-d75
O43497-36,CAC1G,CHEMBL4641,35
O43497-36,CAC1G,CHEMBL4641,variant 473-d81
O43497-4,CAC1G,CHEMBL4641,3
O43497-5,CAC1G,CHEMBL4641,4
O43497-5,CAC1G,CHEMBL4641,variant 88
O43497-6,CAC1G,CHEMBL4641,6
O43497-6,CAC1G,CHEMBL4641,variant 217
O43497-7,CAC1G,CHEMBL4641,7
O43497-7,CAC1G,CHEMBL4641,variant 221
O43497-8,CAC1G,CHEMBL4641,8
O43497-8,CAC1G,CHEMBL4641,variant 93
O43497-9,CAC1G,CHEMBL4641,9
O43497-9,CAC1G,CHEMBL4641,variant 57
O95180-1,CAC1H,CHEMBL1859,1
O95180-1,CAC1H,CHEMBL1859,a1h-a
O95180-2,CAC1H,CHEMBL1859,2
O95180-2,CAC1H,CHEMBL1859,a1h-b
Q9P0X4-1,CAC1I,CHEMBL5558,1
Q9P0X4-1,CAC1I,CHEMBL5558,delta36b
Q9P0X4-2,CAC1I,CHEMBL5558,2
Q9P0X4-3,CAC1I,CHEMBL5558,3
Q9P0X4-3,CAC1I,CHEMBL5558,alpha1i-a
Q9P0X4-4,CAC1I,CHEMBL5558,4
Q02485-1,CAC1S,CHEMBL4108,1
Q02485-2,CAC1S,CHEMBL4108,rob1
O43570-1,CAH12,CHEMBL3242,1
O43570-2,CAH12,CHEMBL3242,2
P22748-1,CAH4,CHEMBL3729,1
P22748-2,CAH4,CHEMBL3729,2
P23280-1,CAH6,CHEMBL3025,1
P23280-2,CAH6,CHEMBL3025,2
P23280-3,CAH6,CHEMBL3025,3
P43166-1,CAH7,CHEMBL2326,1
P43166-2,CAH7,CHEMBL2326,2
P01258-1,CALCA,CHEMBL5293,1
P01258-2,CALCA,CHEMBL5293,2
P06881-1,CALCA,CHEMBL5293,3
Q86X55-1,CARM1,CHEMBL5406,1
Q86X55-2,CARM1,CHEMBL5406,2
Q86X55-3,CARM1,CHEMBL5406,3
Q9WVG6-1,CARM1,CHEMBL5538,1
Q9WVG6-2,CARM1,CHEMBL5538,2
P29466-1,CASP1,CHEMBL4801,alpha
P29466-2,CASP1,CHEMBL4801,beta
P29466-3,CASP1,CHEMBL4801,gamma
P29466-4,CASP1,CHEMBL4801,delta
P29466-5,CASP1,CHEMBL4801,epsilon
P51878-1,CASP5,CHEMBL3131,1
P51878-1,CASP5,CHEMBL3131,caspase-5/a
P51878-2,CASP5,CHEMBL3131,2
P51878-2,CASP5,CHEMBL3131,caspase-5/b
P51878-3,CASP5,CHEMBL3131,3
P51878-3,CASP5,CHEMBL3131,caspase-5/c
P51878-4,CASP5,CHEMBL3131,4
P51878-4,CASP5,CHEMBL3131,caspase-5/e
P51878-5,CASP5,CHEMBL3131,5
P51878-5,CASP5,CHEMBL3131,caspase-5/f
P51878-6,CASP5,CHEMBL3131,6
P51878-6,CASP5,CHEMBL3131,caspase-5-s
P55212-1,CASP6,CHEMBL3308,alpha
P55212-2,CASP6,CHEMBL3308,beta
P55210-1,CASP7,CHEMBL3468,alpha
P55210-2,CASP7,CHEMBL3468,beta
P55210-3,CASP7,CHEMBL3468,alpha'
P55210-3,CASP7,CHEMBL3468,beta
P55210-4,CASP7,CHEMBL3468,4
Q14790-1,CASP8,CHEMBL3776,1
Q14790-1,CASP8,CHEMBL3776,alpha-1
Q14790-2,CASP8,CHEMBL3776,2
Q14790-2,CASP8,CHEMBL3776,alpha-2
Q14790-2,CASP8,CHEMBL3776,mch5-beta
Q14790-3,CASP8,CHEMBL3776,3
Q14790-3,CASP8,CHEMBL3776,alpha-3
Q14790-4,CASP8,CHEMBL3776,4
Q14790-4,CASP8,CHEMBL3776,alpha-4
Q14790-5,CASP8,CHEMBL3776,5
Q14790-5,CASP8,CHEMBL3776,beta-1
Q14790-6,CASP8,CHEMBL3776,6
Q14790-6,CASP8,CHEMBL3776,beta-2
Q14790-7,CASP8,CHEMBL3776,7
Q14790-7,CASP8,CHEMBL3776,beta-3
Q14790-7,CASP8,CHEMBL3776,8l
Q14790-8,CASP8,CHEMBL3776,8
Q14790-8,CASP8,CHEMBL3776,beta-4
Q14790-9,CASP8,CHEMBL3776,9
Q14790-9,CASP8,CHEMBL3776,8l
P41180-1,CASR,CHEMBL1878,1
P41180-2,CASR,CHEMBL1878,2
P53634-1,CATC,CHEMBL2252,1
P53634-2,CATC,CHEMBL2252,2
P53634-3,CATC,CHEMBL2252,3
P14091-1,CATE,CHEMBL3092,1
P14091-2,CATE,CHEMBL3092,2
P14091-3,CATE,CHEMBL3092,3
P07711-1,CATL1,CHEMBL3837,1
P07711-3,CATL1,CHEMBL3837,2
P25774-1,CATS,CHEMBL2954,1
P25774-2,CATS,CHEMBL2954,2
Q92793-1,CBP,CHEMBL5747,1
Q92793-2,CBP,CHEMBL5747,2
Q96IY4-1,CBPB2,CHEMBL3419,1
Q96IY4-2,CBPB2,CHEMBL3419,2
P16152-1,CBR1,CHEMBL5586,1
P16152-2,CBR1,CHEMBL5586,2
P35520-1,CBS,CHEMBL3399911,1
P35520-1,CBS,CHEMBL3399911,major
P35520-2,CBS,CHEMBL3399911,2
P35520-2,CBS,CHEMBL3399911,minor
P41597-1,CCR2,CHEMBL4015,a
P41597-2,CCR2,CHEMBL4015,b
P51677-1,CCR3,CHEMBL3473,1
P51677-2,CCR3,CHEMBL3473,2
P51685-1,CCR8,CHEMBL4596,1
P51685-2,CCR8,CHEMBL4596,2
P51686-1,CCR9,CHEMBL5815,1
P51686-1,CCR9,CHEMBL5815,ccr9a
P51686-2,CCR9,CHEMBL5815,2
P51686-2,CCR9,CHEMBL5815,ccr9b
P28907-1,CD38,CHEMBL4660,1
P28907-2,CD38,CHEMBL4660,2
O00311-1,CDC7,CHEMBL5443,1
O00311-1,CDC7,CHEMBL5443,-
P06493-1,CDK1,CHEMBL308,1
P06493-2,CDK1,CHEMBL308,2
P06493-2,CDK1,CHEMBL308,cdc2deltat
Q9NYV4-1,CDK12,CHEMBL3559692,1
Q9NYV4-2,CDK12,CHEMBL3559692,2
Q9NYV4-3,CDK12,CHEMBL3559692,3
Q14004-1,CDK13,CHEMBL1795192,1
Q14004-2,CDK13,CHEMBL1795192,2
P24941-1,CDK2,CHEMBL301,1
P24941-2,CDK2,CHEMBL301,2
P24941-2,CDK2,CHEMBL301,cdk2deltat
P11802-1,CDK4,CHEMBL331,1
P11802-2,CDK4,CHEMBL331,2
Q00535-1,CDK5,CHEMBL4036,1
Q00535-2,CDK5,CHEMBL4036,2
Q00535-2,CDK5,CHEMBL4036,cdk5-sv
P49336-1,CDK8,CHEMBL5719,1
P49336-2,CDK8,CHEMBL5719,2
P50750-1,CDK9,CHEMBL3116,1
P50750-2,CDK9,CHEMBL3116,2
Q9BXF3-1,CECR2,CHEMBL3108639,a
Q9BXF3-2,CECR2,CHEMBL3108639,b
Q9BXF3-2,CECR2,CHEMBL3108639,cecr2b
Q9BXF3-3,CECR2,CHEMBL3108639,c
Q02224-1,CENPE,CHEMBL5870,1
Q02224-3,CENPE,CHEMBL5870,3
P11597-1,CETP,CHEMBL3572,1
P11597-2,CETP,CHEMBL3572,2
P00751-1,CFAB,CHEMBL5731,1
P00751-2,CFAB,CHEMBL5731,2
P13569-1,CFTR,CHEMBL4051,1
P13569-2,CFTR,CHEMBL4051,2
P13569-3,CFTR,CHEMBL4051,3
P32929-1,CGL,CHEMBL4295745,1
P32929-2,CGL,CHEMBL4295745,2
P32929-3,CGL,CHEMBL4295745,3
Q9BZP6-1,CHIA,CHEMBL1293197,1
Q9BZP6-2,CHIA,CHEMBL1293197,2
Q9BZP6-2,CHIA,CHEMBL1293197,tsa1902-l
Q9BZP6-3,CHIA,CHEMBL1293197,3
Q9BZP6-3,CHIA,CHEMBL1293197,tsa1902-s
Q13231-1,CHIT1,CHEMBL3080,1
Q13231-2,CHIT1,CHEMBL3080,2
Q13231-3,CHIT1,CHEMBL3080,3
Q13231-4,CHIT1,CHEMBL3080,4
Q9D7Q1-1,CHIT1,CHEMBL4105845,1
Q9D7Q1-2,CHIT1,CHEMBL4105845,2
O14757-1,CHK1,CHEMBL4630,1
O14757-2,CHK1,CHEMBL4630,2
O14757-2,CHK1,CHEMBL4630,chk1-short
O14757-2,CHK1,CHEMBL4630,chk1-s
O14757-3,CHK1,CHEMBL4630,3
O96017-1,CHK2,CHEMBL2527,1
O96017-10,CHK2,CHEMBL2527,10
O96017-10,CHK2,CHEMBL2527,iso2
O96017-11,CHK2,CHEMBL2527,11
O96017-11,CHK2,CHEMBL2527,iso1
O96017-12,CHK2,CHEMBL2527,12
O96017-12,CHK2,CHEMBL2527,del9
O96017-13,CHK2,CHEMBL2527,13
O96017-2,CHK2,CHEMBL2527,2
O96017-2,CHK2,CHEMBL2527,ins2
O96017-3,CHK2,CHEMBL2527,3
O96017-3,CHK2,CHEMBL2527,del2-12
O96017-4,CHK2,CHEMBL2527,4
O96017-4,CHK2,CHEMBL2527,del2-3
O96017-5,CHK2,CHEMBL2527,5
O96017-5,CHK2,CHEMBL2527,del4
O96017-6,CHK2,CHEMBL2527,6
O96017-6,CHK2,CHEMBL2527,sub3
O96017-7,CHK2,CHEMBL2527,7
O96017-7,CHK2,CHEMBL2527,del9-12
O96017-8,CHK2,CHEMBL2527,8
O96017-8,CHK2,CHEMBL2527,del7
O96017-9,CHK2,CHEMBL2527,9
O96017-9,CHK2,CHEMBL2527,insx
P35790-1,CHKA,CHEMBL3117,1
P35790-1,CHKA,CHEMBL3117,chkalpha2
P35790-1,CHKA,CHEMBL3117,alpha-2
P35790-2,CHKA,CHEMBL3117,2
P35790-2,CHKA,CHEMBL3117,chkalpha1
P35790-2,CHKA,CHEMBL3117,alpha-1
Q9UPZ9-1,CILK1,CHEMBL1163126,1
Q9UPZ9-2,CILK1,CHEMBL1163126,2
P22518-1,CLK1,CHEMBL1075280,long
P22518-2,CLK1,CHEMBL1075280,short
P22518-2,CLK1,CHEMBL1075280,clk1t
P49759-1,CLK1,CHEMBL4224,1
P49759-1,CLK1,CHEMBL4224,long
P49759-2,CLK1,CHEMBL4224,2
P49759-2,CLK1,CHEMBL4224,short
P49759-3,CLK1,CHEMBL4224,3
P49760-1,CLK2,CHEMBL4225,1
P49760-1,CLK2,CHEMBL4225,long
P49760-2,CLK2,CHEMBL4225,2
P49760-2,CLK2,CHEMBL4225,short
P49760-3,CLK2,CHEMBL4225,3
P49761-1,CLK3,CHEMBL4226,1
P49761-1,CLK3,CHEMBL4226,long
P49761-2,CLK3,CHEMBL4226,2
P49761-2,CLK3,CHEMBL4226,short
P49761-3,CLK3,CHEMBL4226,3
O35493-1,CLK4,CHEMBL1075283,1
O35493-2,CLK4,CHEMBL1075283,2
P23946-1,CMA1,CHEMBL4068,1
P23946-2,CMA1,CHEMBL4068,2
P21554-1,CNR1,CHEMBL218,1
P21554-1,CNR1,CHEMBL218,long
P21554-2,CNR1,CHEMBL218,2
P21554-2,CNR1,CHEMBL218,cb1a
P21554-2,CNR1,CHEMBL218,short
P21554-3,CNR1,CHEMBL218,3
P21554-3,CNR1,CHEMBL218,cb1b
Q9QZN9-1,CNR2,CHEMBL2470,1
Q9QZN9-2,CNR2,CHEMBL2470,2
P06681-1,CO2,CHEMBL4295701,1
P06681-2,CO2,CHEMBL4295701,2
P06681-3,CO2,CHEMBL4295701,3
O88587-1,COMT,CHEMBL3286068,membrane-bound
O88587-1,COMT,CHEMBL3286068,mb-comt
O88587-2,COMT,CHEMBL3286068,soluble
O88587-2,COMT,CHEMBL3286068,s-comt
P21964-1,COMT,CHEMBL2023,membrane-bound
P21964-1,COMT,CHEMBL2023,mb-comt
P21964-2,COMT,CHEMBL2023,soluble
P21964-2,COMT,CHEMBL2023,s-comt
P22734-1,COMT,CHEMBL2372,membrane-bound
P22734-1,COMT,CHEMBL2372,mb-comt
P22734-2,COMT,CHEMBL2372,soluble
P22734-2,COMT,CHEMBL2372,s-comt
P11511-1,CP19A,CHEMBL1978,1
P11511-2,CP19A,CHEMBL1978,2
P04798-1,CP1A1,CHEMBL2231,1
P04798-2,CP1A1,CHEMBL2231,2
P04798-3,CP1A1,CHEMBL2231,3
Q07973-1,CP24A,CHEMBL4521,1
Q07973-2,CP24A,CHEMBL4521,2
Q07973-3,CP24A,CHEMBL4521,3
Q07973-3,CP24A,CHEMBL4521,cyp24-sv
O43174-1,CP26A,CHEMBL5141,1
O43174-2,CP26A,CHEMBL5141,2
P20815-1,CP3A5,CHEMBL3019,1
P20815-2,CP3A5,CHEMBL3019,2
P34998-1,CRFR1,CHEMBL1800,crf-r1
P34998-2,CRFR1,CHEMBL1800,crf-r2
P34998-3,CRFR1,CHEMBL1800,crf-r3
P34998-4,CRFR1,CHEMBL1800,crf-r4
P34998-4,CRFR1,CHEMBL1800,1d
P34998-5,CRFR1,CHEMBL1800,5
Q60748-1,CRFR2,CHEMBL2253,crf2-alpha
Q60748-2,CRFR2,CHEMBL2253,crf2-beta
P07333-1,CSF1R,CHEMBL1844,1
P07333-2,CSF1R,CHEMBL1844,2
P68400-1,CSK21,CHEMBL3629,1
P68400-2,CSK21,CHEMBL3629,2
O14578-1,CTRO,CHEMBL5579,1
O14578-1,CTRO,CHEMBL5579,long
O14578-2,CTRO,CHEMBL5579,2
O14578-2,CTRO,CHEMBL5579,short
O14578-2,CTRO,CHEMBL5579,crik-sk
O14578-3,CTRO,CHEMBL5579,3
O14578-4,CTRO,CHEMBL5579,4
P49682-1,CXCR3,CHEMBL4441,1
P49682-1,CXCR3,CHEMBL4441,cxcr3-a
P49682-2,CXCR3,CHEMBL4441,2
P49682-2,CXCR3,CHEMBL4441,cxcr3-b
P49682-3,CXCR3,CHEMBL4441,3
P49682-3,CXCR3,CHEMBL4441,cxcr3-alt
P61073-1:P30991-1,CXCR4,CHEMBL2107,1
P61073-2:P30991-2,CXCR4,CHEMBL2107,2
P61073-2:P30991-2,CXCR4,CHEMBL2107,cxcr4-lo
P53355-1,DAPK1,CHEMBL2558,1
P53355-1,DAPK1,CHEMBL2558,alpha
P53355-2,DAPK1,CHEMBL2558,2
P53355-2,DAPK1,CHEMBL2558,s-dapk-1
P53355-3,DAPK1,CHEMBL2558,3
P53355-3,DAPK1,CHEMBL2558,beta
P53355-4,DAPK1,CHEMBL2558,4
Q9UIK4-1,DAPK2,CHEMBL3123,1
Q9UIK4-1,DAPK2,CHEMBL3123,alpha
Q9UIK4-2,DAPK2,CHEMBL3123,2
Q9UIK4-2,DAPK2,CHEMBL3123,beta
O43293-1,DAPK3,CHEMBL2468,1
O43293-1,DAPK3,CHEMBL2468,zipk-l
O43293-2,DAPK3,CHEMBL2468,2
O43293-2,DAPK3,CHEMBL2468,zipk-s
O15075-1,DCLK1,CHEMBL5683,2
O15075-1,DCLK1,CHEMBL5683,al
O15075-2,DCLK1,CHEMBL5683,1
O15075-2,DCLK1,CHEMBL5683,as
O15075-3,DCLK1,CHEMBL5683,3
O15075-3,DCLK1,CHEMBL5683,bs
O15075-4,DCLK1,CHEMBL5683,4
O15075-4,DCLK1,CHEMBL5683,bl
Q8N568-1,DCLK2,CHEMBL5519,1
Q8N568-2,DCLK2,CHEMBL5519,2
Q8N568-3,DCLK2,CHEMBL5519,3
O95822-1,DCMC,CHEMBL4698,mitochondrial
O95822-2,DCMC,CHEMBL4698,cytoplasmic+peroxisomal
Q08345-1,DDR1,CHEMBL5319,1
Q08345-1,DDR1,CHEMBL5319,cak i
Q08345-1,DDR1,CHEMBL5319,ddr1b
Q08345-2,DDR1,CHEMBL5319,2
Q08345-2,DDR1,CHEMBL5319,cak ii
Q08345-2,DDR1,CHEMBL5319,ddr1a
Q08345-2,DDR1,CHEMBL5319,short
Q08345-4,DDR1,CHEMBL5319,3
Q08345-4,DDR1,CHEMBL5319,ddr1d
Q08345-5,DDR1,CHEMBL5319,4
Q08345-6,DDR1,CHEMBL5319,5
O00571-1,DDX3X,CHEMBL5553,1
O00571-2,DDX3X,CHEMBL5553,2
Q96PD7-1,DGAT2,CHEMBL5853,1
Q96PD7-2,DGAT2,CHEMBL5853,2
P23743-1,DGKA,CHEMBL4105787,1
P23743-2,DGKA,CHEMBL4105787,2
P23743-3,DGKA,CHEMBL4105787,3
Q8NCG7-1,DGLB,CHEMBL5521,1
Q8NCG7-2,DGLB,CHEMBL5521,2
Q8NCG7-3,DGLB,CHEMBL5521,3
Q8NCG7-4,DGLB,CHEMBL5521,4
P37058-1,DHB3,CHEMBL4234,1
P37058-2,DHB3,CHEMBL4234,2
P16232-1,DHI1,CHEMBL2391,11-hsd1a
P16232-2,DHI1,CHEMBL2391,11-hsd1b
P49366-1,DHYS,CHEMBL4415,long
P49366-2,DHYS,CHEMBL4415,short
P49366-3,DHYS,CHEMBL4415,3
P80370-1,DLK1,CHEMBL5671,long
P80370-2,DLK1,CHEMBL5671,short
Q09013-1,DMPK,CHEMBL5320,7
Q09013-10,DMPK,CHEMBL5320,5
Q09013-10,DMPK,CHEMBL5320,dmpk e
Q09013-11,DMPK,CHEMBL5320,2
Q09013-11,DMPK,CHEMBL5320,dmpk b
Q09013-12,DMPK,CHEMBL5320,6
Q09013-12,DMPK,CHEMBL5320,dmpk f
Q09013-15,DMPK,CHEMBL5320,4
Q09013-15,DMPK,CHEMBL5320,dmpk d
Q09013-16,DMPK,CHEMBL5320,3
Q09013-16,DMPK,CHEMBL5320,dmpk c
Q09013-2,DMPK,CHEMBL5320,8
Q09013-5,DMPK,CHEMBL5320,9
Q09013-6,DMPK,CHEMBL5320,10
Q09013-7,DMPK,CHEMBL5320,11
Q09013-8,DMPK,CHEMBL5320,12
Q09013-9,DMPK,CHEMBL5320,1
Q09013-9,DMPK,CHEMBL5320,dmpk a
Q9Y6K1-1,DNM3A,CHEMBL1992,1
Q9Y6K1-2,DNM3A,CHEMBL1992,2
Q9Y6K1-3,DNM3A,CHEMBL1992,3
Q9UBC3-1,DNM3B,CHEMBL6095,1
Q9UBC3-2,DNM3B,CHEMBL6095,2
Q9UBC3-3,DNM3B,CHEMBL6095,3
Q9UBC3-4,DNM3B,CHEMBL6095,4
Q9UBC3-5,DNM3B,CHEMBL6095,5
Q9UBC3-6,DNM3B,CHEMBL6095,6
Q9UBC3-7,DNM3B,CHEMBL6095,7
Q9UBC3-8,DNM3B,CHEMBL6095,8
P26358-1,DNMT1,CHEMBL1993,1
P26358-2,DNMT1,CHEMBL1993,2
P26358-2,DNMT1,CHEMBL1993,dnmt1b
P26358-3,DNMT1,CHEMBL1993,3
Q13609-1,DNSL3,CHEMBL1649048,1
Q13609-2,DNSL3,CHEMBL1649048,2
Q92608-1,DOCK2,CHEMBL4105810,1
Q92608-2,DOCK2,CHEMBL4105810,2
Q8TEK3-1,DOT1L,CHEMBL1795117,2
Q8TEK3-2,DOT1L,CHEMBL1795117,1
Q6V1X1-1,DPP8,CHEMBL4657,1
Q6V1X1-2,DPP8,CHEMBL4657,2
Q6V1X1-3,DPP8,CHEMBL4657,3
Q6V1X1-4,DPP8,CHEMBL4657,4
Q6V1X1-5,DPP8,CHEMBL4657,5
Q6V1X1-6,DPP8,CHEMBL4657,6
Q86TI2-1,DPP9,CHEMBL4793,1
Q86TI2-1,DPP9,CHEMBL4793,dpp9-s
Q86TI2-1,DPP9,CHEMBL4793,short
Q86TI2-2,DPP9,CHEMBL4793,2
Q86TI2-2,DPP9,CHEMBL4793,dpp9-l
Q86TI2-2,DPP9,CHEMBL4793,long
Q86TI2-4,DPP9,CHEMBL4793,3
P14416-1,DRD2,CHEMBL217,1
P14416-1,DRD2,CHEMBL217,d2(long)
P14416-1,DRD2,CHEMBL217,d2a
P14416-2,DRD2,CHEMBL217,2
P14416-2,DRD2,CHEMBL217,d2(short)
P14416-2,DRD2,CHEMBL217,d2b
P14416-3,DRD2,CHEMBL217,3
P14416-3,DRD2,CHEMBL217,d2(longer)
P20288-1,DRD2,CHEMBL3998,long
P20288-2,DRD2,CHEMBL3998,short
P61169-1:P13953-1,DRD2,CHEMBL339,long
P61169-1:P13953-1,DRD2,CHEMBL339,d2a
P61169-1:P13953-1,DRD2,CHEMBL339,d2in
P61169-2:P13953-2,DRD2,CHEMBL339,short
P61169-2:P13953-2,DRD2,CHEMBL339,d2b
P61169-2:P13953-2,DRD2,CHEMBL339,d2o
P19020-1,DRD3,CHEMBL3138,1
P19020-2,DRD3,CHEMBL3138,d3(tm3-del)
P19020-3,DRD3,CHEMBL3138,d3(o2-del)
P35462-1,DRD3,CHEMBL234,1
P35462-1,DRD3,CHEMBL234,d3
P35462-3,DRD3,CHEMBL234,3
Q6XUX3-1,DUSTY,CHEMBL1908386,1
Q6XUX3-2,DUSTY,CHEMBL1908386,2
Q6XUX3-3,DUSTY,CHEMBL1908386,3
Q6XUX3-4,DUSTY,CHEMBL1908386,4
P33316-2,DUT,CHEMBL5203,2
P33316-2,DUT,CHEMBL5203,dut-n
P33316-3,DUT,CHEMBL5203,3
P33316-3,DUT,CHEMBL5203,dut-m
P50570-1,DYN2,CHEMBL5812,1
P50570-2,DYN2,CHEMBL5812,2
P50570-3,DYN2,CHEMBL5812,3
P50570-4,DYN2,CHEMBL5812,4
P50570-5,DYN2,CHEMBL5812,5
P00374-1,DYR,CHEMBL202,1
P00374-2,DYR,CHEMBL202,2
Q13627-1,DYR1A,CHEMBL2292,long
Q13627-2,DYR1A,CHEMBL2292,1
Q13627-3,DYR1A,CHEMBL2292,2
Q13627-4,DYR1A,CHEMBL2292,3
Q13627-5,DYR1A,CHEMBL2292,4
Q63470-1,DYR1A,CHEMBL5508,long
Q63470-2,DYR1A,CHEMBL5508,short
Q9Y463-1,DYR1B,CHEMBL5543,1
Q9Y463-2,DYR1B,CHEMBL5543,2
Q9Y463-3,DYR1B,CHEMBL5543,3
Q92630-1,DYRK2,CHEMBL4376,1
Q92630-2,DYRK2,CHEMBL4376,2
O43781-1,DYRK3,CHEMBL4575,1
O43781-1,DYRK3,CHEMBL4575,long
O43781-2,DYRK3,CHEMBL4575,2
O43781-2,DYRK3,CHEMBL4575,short
Q9NR20-1,DYRK4,CHEMBL1075115,1
Q9NR20-2,DYRK4,CHEMBL1075115,2
Q9NR20-3,DYRK4,CHEMBL1075115,3
Q9NR20-4,DYRK4,CHEMBL1075115,4
Q9NR20-4,DYRK4,CHEMBL1075115,dyrk4-l
Q9NR20-5,DYRK4,CHEMBL1075115,5
P24942-1,EAA1,CHEMBL4190,glast-1
P24942-2,EAA1,CHEMBL4190,glast-1a
P43003-1,EAA1,CHEMBL3085,1
P43003-2,EAA1,CHEMBL3085,2
P43003-2,EAA1,CHEMBL3085,eaat1ex9skip
P43004-1,EAA2,CHEMBL4973,1
P43004-2,EAA2,CHEMBL4973,2
P43004-3,EAA2,CHEMBL4973,3
P43004-3,EAA2,CHEMBL4973,eeat2b
P42892-1,ECE1,CHEMBL4791,b
P42892-2,ECE1,CHEMBL4791,a
P42892-3,ECE1,CHEMBL4791,c
P42892-4,ECE1,CHEMBL4791,d
P25101-1,EDNRA,CHEMBL252,1
P25101-2,EDNRA,CHEMBL252,2
P25101-2,EDNRA,CHEMBL252,delta-3
P25101-3,EDNRA,CHEMBL252,3
P25101-3,EDNRA,CHEMBL252,delta-4
P25101-4,EDNRA,CHEMBL252,4
P25101-4,EDNRA,CHEMBL252,"delta-3,4"
P25101-5,EDNRA,CHEMBL252,5
P24530-1,EDNRB,CHEMBL1785,a
P24530-2,EDNRB,CHEMBL1785,b
P24530-3,EDNRB,CHEMBL1785,c
P24530-3,EDNRB,CHEMBL1785,delta-3
O75530-1,EED,CHEMBL2189117,1
O75530-2,EED,CHEMBL2189117,2
O75530-3,EED,CHEMBL2189117,3
P00533-1,EGFR,CHEMBL203,1
P00533-1,EGFR,CHEMBL203,p170
P00533-2,EGFR,CHEMBL203,2
P00533-2,EGFR,CHEMBL203,p60
P00533-2,EGFR,CHEMBL203,truncated
P00533-2,EGFR,CHEMBL203,tegfr
P00533-3,EGFR,CHEMBL203,3
P00533-3,EGFR,CHEMBL203,p110
P00533-4,EGFR,CHEMBL203,4
Q9GZT9-1,EGLN1,CHEMBL5697,1
Q9GZT9-2,EGLN1,CHEMBL5697,2
Q9GZT9-3,EGLN1,CHEMBL5697,3
Q96KS0-1,EGLN2,CHEMBL3028,p43
Q96KS0-1,EGLN2,CHEMBL3028,phd1p43
Q96KS0-2,EGLN2,CHEMBL3028,p40
Q96KS0-2,EGLN2,CHEMBL3028,phd1p40
Q9H9B1-1,EHMT1,CHEMBL6031,1
Q9H9B1-2,EHMT1,CHEMBL6031,2
Q9H9B1-3,EHMT1,CHEMBL6031,3
Q9H9B1-4,EHMT1,CHEMBL6031,4
Q96KQ7-1,EHMT2,CHEMBL6032,1
Q96KQ7-2,EHMT2,CHEMBL6032,2
Q96KQ7-2,EHMT2,CHEMBL6032,ng36g9a-spi
Q96KQ7-3,EHMT2,CHEMBL6032,3
Q96KQ7-3,EHMT2,CHEMBL6032,ng36
Q9Z148-1,EHMT2,CHEMBL2169718,1
Q9Z148-1,EHMT2,CHEMBL2169718,g9a-l
Q9Z148-2,EHMT2,CHEMBL2169718,2
Q9Z148-2,EHMT2,CHEMBL2169718,g9a-s
Q9Z148-3,EHMT2,CHEMBL2169718,3
Q15717-1,ELAV1,CHEMBL1250379,1
Q15717-2,ELAV1,CHEMBL1250379,2
P06733-1,ENOA,CHEMBL3298,alpha-enolase
P06733-2,ENOA,CHEMBL3298,mbp-1
Q13822-1,ENPP2,CHEMBL3691,1
Q13822-1,ENPP2,CHEMBL3691,atxter
Q13822-1,ENPP2,CHEMBL3691,beta
Q13822-2,ENPP2,CHEMBL3691,2
Q13822-2,ENPP2,CHEMBL3691,atxmel
Q13822-2,ENPP2,CHEMBL3691,alpha
Q13822-3,ENPP2,CHEMBL3691,3
Q13822-3,ENPP2,CHEMBL3691,gamma
Q64610-1,ENPP2,CHEMBL3826870,1
Q64610-2,ENPP2,CHEMBL3826870,2
Q9R1E6-1,ENPP2,CHEMBL3826871,1
Q9R1E6-1,ENPP2,CHEMBL3826871,beta
Q9R1E6-2,ENPP2,CHEMBL3826871,2
Q9R1E6-2,ENPP2,CHEMBL3826871,alpha
Q9R1E6-3,ENPP2,CHEMBL3826871,3
Q9R1E6-3,ENPP2,CHEMBL3826871,gamma
O35795-1,ENTP2,CHEMBL3300,1
O35795-2,ENTP2,CHEMBL3300,2
P21709-1,EPHA1,CHEMBL5810,1
P21709-2,EPHA1,CHEMBL5810,2
P21709-3,EPHA1,CHEMBL5810,3
P29317-1,EPHA2,CHEMBL2068,1
P29317-2,EPHA2,CHEMBL2068,2
P29320-1,EPHA3,CHEMBL4954,1
P29320-2,EPHA3,CHEMBL4954,2
P54764-1,EPHA4,CHEMBL3988,1
P54764-2,EPHA4,CHEMBL3988,2
P54756-1,EPHA5,CHEMBL3987,1
P54756-2,EPHA5,CHEMBL3987,2
P54756-3,EPHA5,CHEMBL3987,3
Q9UF33-1,EPHA6,CHEMBL4526,1
Q9UF33-2,EPHA6,CHEMBL4526,2
Q9UF33-3,EPHA6,CHEMBL4526,3
Q15375-1,EPHA7,CHEMBL4602,1
Q15375-1,EPHA7,CHEMBL4602,epha7-fl
Q15375-2,EPHA7,CHEMBL4602,2
Q15375-3,EPHA7,CHEMBL4602,3
Q15375-4,EPHA7,CHEMBL4602,4
Q15375-5,EPHA7,CHEMBL4602,5
Q15375-5,EPHA7,CHEMBL4602,epha7-s
P29322-1,EPHA8,CHEMBL4134,1
P29322-2,EPHA8,CHEMBL4134,2
P54762-1,EPHB1,CHEMBL5072,1
P54762-5,EPHB1,CHEMBL5072,2
P54762-6,EPHB1,CHEMBL5072,3
P29323-1,EPHB2,CHEMBL3290,1
P29323-1,EPHB2,CHEMBL3290,ephb2v
P29323-1,EPHB2,CHEMBL3290,long
P29323-2,EPHB2,CHEMBL3290,2
P29323-2,EPHB2,CHEMBL3290,short
P29323-3,EPHB2,CHEMBL3290,3
P54760-1,EPHB4,CHEMBL5147,1
P54760-2,EPHB4,CHEMBL5147,2
P54760-3,EPHB4,CHEMBL5147,3
P54760-4,EPHB4,CHEMBL5147,4
Q9Y6I3-1,EPN1,CHEMBL3259465,2
Q9Y6I3-2,EPN1,CHEMBL3259465,1
Q9Y6I3-3,EPN1,CHEMBL3259465,3
Q9NZ08-1,ERAP1,CHEMBL5939,1
Q9NZ08-2,ERAP1,CHEMBL5939,2
Q6P179-1,ERAP2,CHEMBL5043,1
Q6P179-2,ERAP2,CHEMBL5043,2
Q6P179-3,ERAP2,CHEMBL5043,3
Q6P179-4,ERAP2,CHEMBL5043,4
P04626-1,ERBB2,CHEMBL1824,1
P04626-1,ERBB2,CHEMBL1824,erbb2
P04626-1,ERBB2,CHEMBL1824,her2
P04626-2,ERBB2,CHEMBL1824,2
P04626-2,ERBB2,CHEMBL1824,ctf-611
P04626-3,ERBB2,CHEMBL1824,3
P04626-3,ERBB2,CHEMBL1824,ctf-687
P04626-4,ERBB2,CHEMBL1824,4
P04626-5,ERBB2,CHEMBL1824,5
P04626-6,ERBB2,CHEMBL1824,6
P04626-6,ERBB2,CHEMBL1824,b
P21860-1,ERBB3,CHEMBL5838,1
P21860-1,ERBB3,CHEMBL5838,long form
P21860-2,ERBB3,CHEMBL5838,2
P21860-2,ERBB3,CHEMBL5838,short form
P21860-3,ERBB3,CHEMBL5838,3
P21860-4,ERBB3,CHEMBL5838,4
P21860-5,ERBB3,CHEMBL5838,5
Q15303-1,ERBB4,CHEMBL3009,jm-a cyt-1
Q15303-2,ERBB4,CHEMBL3009,jm-b cyt-1
Q15303-3,ERBB4,CHEMBL3009,jm-a cyt-2
Q15303-4,ERBB4,CHEMBL3009,jm-b cyt-2
O75460-1,ERN1,CHEMBL1163101,1
O75460-2,ERN1,CHEMBL1163101,2
P11474-1,ERR1,CHEMBL3429,1
P11474-2,ERR1,CHEMBL3429,2
O95718-1,ERR2,CHEMBL3751,1
O95718-1,ERR2,CHEMBL3751,errbeta2-delta10
O95718-2,ERR2,CHEMBL3751,2
O95718-2,ERR2,CHEMBL3751,errbeta2
O95718-3,ERR2,CHEMBL3751,3
O95718-3,ERR2,CHEMBL3751,errbeta-short-form
P62508-1:O75454-1,ERR3,CHEMBL4245,1
P62508-1:O75454-1,ERR3,CHEMBL4245,long
P62508-2:O75454-2,ERR3,CHEMBL4245,2
P62508-2:O75454-2,ERR3,CHEMBL4245,short
P62508-3,ERR3,CHEMBL4245,3
P62508-4,ERR3,CHEMBL4245,4
P62508-5,ERR3,CHEMBL4245,5
P03372-1,ESR1,CHEMBL206,1
P03372-1,ESR1,CHEMBL206,long
P03372-1,ESR1,CHEMBL206,her-alpha66
P03372-1,ESR1,CHEMBL206,er66
P03372-2,ESR1,CHEMBL206,2
P03372-2,ESR1,CHEMBL206,short
P03372-3,ESR1,CHEMBL206,3
P03372-3,ESR1,CHEMBL206,her-alpha46
P03372-3,ESR1,CHEMBL206,er46
P03372-4,ESR1,CHEMBL206,4
P03372-4,ESR1,CHEMBL206,her-alpha36
P03372-4,ESR1,CHEMBL206,er36
Q92731-1,ESR2,CHEMBL242,1
Q92731-1,ESR2,CHEMBL242,beta-1
Q92731-2,ESR2,CHEMBL242,2
Q92731-2,ESR2,CHEMBL242,beta-2
Q92731-2,ESR2,CHEMBL242,cx
Q92731-3,ESR2,CHEMBL242,3
Q92731-3,ESR2,CHEMBL242,beta-2a
Q92731-4,ESR2,CHEMBL242,4
Q92731-4,ESR2,CHEMBL242,beta-3
Q92731-5,ESR2,CHEMBL242,5
Q92731-5,ESR2,CHEMBL242,beta-4
Q92731-6,ESR2,CHEMBL242,6
Q92731-6,ESR2,CHEMBL242,beta-5
Q92731-7,ESR2,CHEMBL242,7
Q92731-7,ESR2,CHEMBL242,beta-5a
Q92731-8,ESR2,CHEMBL242,8
Q92731-8,ESR2,CHEMBL242,beta-6
Q92731-9,ESR2,CHEMBL242,9
P23141-1,EST1,CHEMBL2265,1
P23141-2,EST1,CHEMBL2265,2
P23141-3,EST1,CHEMBL2265,3
O00748-1,EST2,CHEMBL3180,1
O00748-2,EST2,CHEMBL3180,2
O00748-4,EST2,CHEMBL3180,3
O00748-5,EST2,CHEMBL3180,4
Q15910-1,EZH2,CHEMBL2189110,1
Q15910-2,EZH2,CHEMBL2189110,2
Q15910-3,EZH2,CHEMBL2189110,3
Q15910-4,EZH2,CHEMBL2189110,4
Q15910-5,EZH2,CHEMBL2189110,5
Q16875-1,F263,CHEMBL2331053,1
Q16875-2,F263,CHEMBL2331053,2
Q16875-3,F263,CHEMBL2331053,3
Q16875-4,F263,CHEMBL2331053,4
P03951-1,FA11,CHEMBL2820,1
P03951-2,FA11,CHEMBL2820,2
P03951-2,FA11,CHEMBL2820,platelet
P08709-1,FA7,CHEMBL3991,a
P08709-2,FA7,CHEMBL3991,b
P00740-1,FA9,CHEMBL2016,1
P00740-2,FA9,CHEMBL2016,2
O15540-1,FABP7,CHEMBL3826863,1
O15540-2,FABP7,CHEMBL3826863,2
O60427-1,FADS1,CHEMBL5840,1
O60427-1,FADS1,CHEMBL5840,fads1cs
O60427-2,FADS1,CHEMBL5840,2
O60427-2,FADS1,CHEMBL5840,fads1at1
Q05397-1,FAK1,CHEMBL2695,1
Q05397-2,FAK1,CHEMBL2695,2
Q05397-3,FAK1,CHEMBL2695,3
Q05397-4,FAK1,CHEMBL2695,4
Q05397-5,FAK1,CHEMBL2695,5
Q05397-6,FAK1,CHEMBL2695,6
Q05397-6,FAK1,CHEMBL2695,frnk
Q05397-7,FAK1,CHEMBL2695,7
Q14289-1,FAK2,CHEMBL5469,1
Q14289-2,FAK2,CHEMBL5469,2
Q14289-2,FAK2,CHEMBL5469,pyk2h
P12276-1,FAS,CHEMBL1795136,2
P12276-2,FAS,CHEMBL1795136,1
P37268-1,FDFT,CHEMBL3338,1
P37268-2,FDFT,CHEMBL3338,2
P37268-3,FDFT,CHEMBL3338,3
P37268-4,FDFT,CHEMBL3338,4
P37268-5,FDFT,CHEMBL3338,5
P16591-1,FER,CHEMBL3982,1
P16591-1,FER,CHEMBL3982,p94
P16591-2,FER,CHEMBL3982,2
P16591-3,FER,CHEMBL3982,3
P16591-3,FER,CHEMBL3982,fert
P16591-3,FER,CHEMBL3982,p47
P07332-1,FES,CHEMBL5455,1
P07332-2,FES,CHEMBL5455,2
P07332-2,FES,CHEMBL5455,variant 1
P07332-3,FES,CHEMBL5455,3
P07332-3,FES,CHEMBL5455,variant 3
P07332-4,FES,CHEMBL5455,4
P07332-4,FES,CHEMBL5455,variant 4
P11362-1,FGFR1,CHEMBL3650,1
P11362-1,FGFR1,CHEMBL3650,alpha a1
P11362-1,FGFR1,CHEMBL3650,iv
P11362-10,FGFR1,CHEMBL3650,7
P11362-10,FGFR1,CHEMBL3650,beta a2
P11362-11,FGFR1,CHEMBL3650,9
P11362-11,FGFR1,CHEMBL3650,beta b2
P11362-12,FGFR1,CHEMBL3650,11
P11362-12,FGFR1,CHEMBL3650,gamma a2
P11362-13,FGFR1,CHEMBL3650,13
P11362-13,FGFR1,CHEMBL3650,gamma b2
P11362-14,FGFR1,CHEMBL3650,15
P11362-14,FGFR1,CHEMBL3650,i
P11362-14,FGFR1,CHEMBL3650,h3
P11362-15,FGFR1,CHEMBL3650,16
P11362-15,FGFR1,CHEMBL3650,v
P11362-16,FGFR1,CHEMBL3650,17
P11362-16,FGFR1,CHEMBL3650,h4
P11362-17,FGFR1,CHEMBL3650,3
P11362-17,FGFR1,CHEMBL3650,alpha a3
P11362-18,FGFR1,CHEMBL3650,18
P11362-18,FGFR1,CHEMBL3650,h5
P11362-19,FGFR1,CHEMBL3650,19
P11362-2,FGFR1,CHEMBL3650,4
P11362-2,FGFR1,CHEMBL3650,alpha b1
P11362-20,FGFR1,CHEMBL3650,20
P11362-21,FGFR1,CHEMBL3650,21
P11362-3,FGFR1,CHEMBL3650,6
P11362-3,FGFR1,CHEMBL3650,beta a1
P11362-3,FGFR1,CHEMBL3650,ii
P11362-3,FGFR1,CHEMBL3650,h2
P11362-4,FGFR1,CHEMBL3650,8
P11362-4,FGFR1,CHEMBL3650,beta b1
P11362-5,FGFR1,CHEMBL3650,10
P11362-5,FGFR1,CHEMBL3650,gamma a1
P11362-6,FGFR1,CHEMBL3650,12
P11362-6,FGFR1,CHEMBL3650,gamma b1
P11362-7,FGFR1,CHEMBL3650,14
P11362-7,FGFR1,CHEMBL3650,a
P11362-7,FGFR1,CHEMBL3650,iii
P11362-8,FGFR1,CHEMBL3650,2
P11362-8,FGFR1,CHEMBL3650,alpha a2
P11362-9,FGFR1,CHEMBL3650,5
P11362-9,FGFR1,CHEMBL3650,alpha b2
P16092-1,FGFR1,CHEMBL3960,1
P16092-1,FGFR1,CHEMBL3960,fgfr1-iiic
P16092-1,FGFR1,CHEMBL3960,long
P16092-2,FGFR1,CHEMBL3960,2
P16092-2,FGFR1,CHEMBL3960,short
P16092-3,FGFR1,CHEMBL3960,3
P16092-3,FGFR1,CHEMBL3960,variant
P16092-4,FGFR1,CHEMBL3960,4
P16092-5,FGFR1,CHEMBL3960,5
P16092-5,FGFR1,CHEMBL3960,fgfr1-iiib
P16092-6,FGFR1,CHEMBL3960,6
P21802-1,FGFR2,CHEMBL4142,1
P21802-1,FGFR2,CHEMBL4142,bek
P21802-1,FGFR2,CHEMBL4142,fgfr2iiic
P21802-14,FGFR2,CHEMBL4142,8
P21802-14,FGFR2,CHEMBL4142,k-sam-iv
P21802-14,FGFR2,CHEMBL4142,soluble kgfr
P21802-15,FGFR2,CHEMBL4142,9
P21802-15,FGFR2,CHEMBL4142,k-sam-iii
P21802-16,FGFR2,CHEMBL4142,10
P21802-16,FGFR2,CHEMBL4142,tk14
P21802-17,FGFR2,CHEMBL4142,11
P21802-18,FGFR2,CHEMBL4142,12
P21802-18,FGFR2,CHEMBL4142,k-sam-iic1
P21802-18,FGFR2,CHEMBL4142,kgfr
P21802-18,FGFR2,CHEMBL4142,igiiib
P21802-19,FGFR2,CHEMBL4142,13
P21802-19,FGFR2,CHEMBL4142,soluble kgfr
P21802-2,FGFR2,CHEMBL4142,2
P21802-2,FGFR2,CHEMBL4142,short
P21802-20,FGFR2,CHEMBL4142,14
P21802-21,FGFR2,CHEMBL4142,15
P21802-22,FGFR2,CHEMBL4142,16
P21802-23,FGFR2,CHEMBL4142,17
P21802-3,FGFR2,CHEMBL4142,3
P21802-3,FGFR2,CHEMBL4142,bfr-1
P21802-3,FGFR2,CHEMBL4142,fgfr2iiib
P21802-3,FGFR2,CHEMBL4142,kgfr
P21802-4,FGFR2,CHEMBL4142,4
P21802-4,FGFR2,CHEMBL4142,k-sam
P21802-5,FGFR2,CHEMBL4142,5
P21802-5,FGFR2,CHEMBL4142,k-sam-i
P21802-5,FGFR2,CHEMBL4142,bek
P21802-5,FGFR2,CHEMBL4142,igiiic
P21802-6,FGFR2,CHEMBL4142,6
P21802-6,FGFR2,CHEMBL4142,k-sam-iic2
P21802-8,FGFR2,CHEMBL4142,7
P21802-8,FGFR2,CHEMBL4142,k-sam-iic3
P22607-1,FGFR3,CHEMBL2742,1
P22607-1,FGFR3,CHEMBL2742,iiic
P22607-2,FGFR3,CHEMBL2742,2
P22607-2,FGFR3,CHEMBL2742,iiib
P22607-3,FGFR3,CHEMBL2742,3
P22607-3,FGFR3,CHEMBL2742,fgfr3deltatm
P22607-4,FGFR3,CHEMBL2742,4
P22455-1,FGFR4,CHEMBL3973,1
P22455-2,FGFR4,CHEMBL3973,2
P22455-2,FGFR4,CHEMBL3973,soluble-form
Q03142-1,FGFR4,CHEMBL3839,1
Q03142-2,FGFR4,CHEMBL3839,2
Q03142-2,FGFR4,CHEMBL3839,fgfr4 lacking exon 16
Q03142-2,FGFR4,CHEMBL3839,fgfr4(-16)
Q13451-1,FKBP5,CHEMBL2052031,1
Q13451-2,FKBP5,CHEMBL2052031,2
P36888-1,FLT3,CHEMBL1974,1
P36888-2,FLT3,CHEMBL1974,2
Q04609-1,FOLH1,CHEMBL1892,psma-1
Q04609-10,FOLH1,CHEMBL1892,10
Q04609-3,FOLH1,CHEMBL1892,psma-3
Q04609-4,FOLH1,CHEMBL1892,psma-4
Q04609-6,FOLH1,CHEMBL1892,psma'
Q04609-7,FOLH1,CHEMBL1892,psma-7
Q04609-8,FOLH1,CHEMBL1892,psma-8
Q04609-9,FOLH1,CHEMBL1892,psma-9
Q04609-9,FOLH1,CHEMBL1892,psm-e
P14324-1,FPPS,CHEMBL1782,1
P14324-2,FPPS,CHEMBL1782,2
P42685-1,FRK,CHEMBL4223,1
P42685-2,FRK,CHEMBL4223,2
P06241-1,FYN,CHEMBL1841,1
P06241-1,FYN,CHEMBL1841,b
P06241-2,FYN,CHEMBL1841,2
P06241-2,FYN,CHEMBL1841,t
P06241-3,FYN,CHEMBL1841,3
P11413-1,G6PD,CHEMBL5347,short
P11413-2,G6PD,CHEMBL5347,long
P11413-3,G6PD,CHEMBL5347,3
O14976-1,GAK,CHEMBL4355,1
O14976-2,GAK,CHEMBL4355,2
Q10471-1,GALT2,CHEMBL3713355,1
Q10471-2,GALT2,CHEMBL3713355,2
P32239-1,GASR,CHEMBL298,1
P32239-2,GASR,CHEMBL298,2
P32239-2,GASR,CHEMBL298,cck-c
P32239-2,GASR,CHEMBL298,cck-bri4sv
P32239-3,GASR,CHEMBL298,3
P32239-3,GASR,CHEMBL298,deltacck-b
P04062-1,GBA1,CHEMBL2179,long
P04062-2,GBA1,CHEMBL2179,short
P04062-3,GBA1,CHEMBL2179,3
P04062-4,GBA1,CHEMBL2179,4
P04062-5,GBA1,CHEMBL2179,5
Q9HCG7-1,GBA2,CHEMBL3761,1
Q9HCG7-2,GBA2,CHEMBL3761,2
Q9HCG7-3,GBA2,CHEMBL3761,3
P47869-1,GBRA2,CHEMBL4956,1
P47869-2,GBRA2,CHEMBL4956,2
P24046-1,GBRR1,CHEMBL3561,1
P24046-2,GBRR1,CHEMBL3561,2
P24046-3,GBRR1,CHEMBL3561,3
P04150-1,GCR,CHEMBL2034,alpha
P04150-1,GCR,CHEMBL2034,alpha-a
P04150-1,GCR,CHEMBL2034,gr-alphaa
P04150-10,GCR,CHEMBL2034,10
P04150-10,GCR,CHEMBL2034,hgrdelta313-338
P04150-11,GCR,CHEMBL2034,alpha-c1
P04150-11,GCR,CHEMBL2034,gr-alphac1
P04150-12,GCR,CHEMBL2034,alpha-c2
P04150-12,GCR,CHEMBL2034,gr-alphac2
P04150-13,GCR,CHEMBL2034,alpha-c3
P04150-13,GCR,CHEMBL2034,gr-alphac3
P04150-14,GCR,CHEMBL2034,alpha-d1
P04150-14,GCR,CHEMBL2034,gr-alphad1
P04150-15,GCR,CHEMBL2034,alpha-d2
P04150-15,GCR,CHEMBL2034,gr-alphad2
P04150-16,GCR,CHEMBL2034,alpha-d3
P04150-16,GCR,CHEMBL2034,gr-alphad3
P04150-2,GCR,CHEMBL2034,beta
P04150-2,GCR,CHEMBL2034,beta-a
P04150-3,GCR,CHEMBL2034,alpha-2
P04150-3,GCR,CHEMBL2034,gamma
P04150-4,GCR,CHEMBL2034,gr-p
P04150-5,GCR,CHEMBL2034,gr-a alpha
P04150-6,GCR,CHEMBL2034,beta-2
P04150-7,GCR,CHEMBL2034,gr-a beta
P04150-8,GCR,CHEMBL2034,alpha-b
P04150-8,GCR,CHEMBL2034,gr-alphab
P04150-9,GCR,CHEMBL2034,beta-b
P06536-1,GCR,CHEMBL3368,a
P06536-2,GCR,CHEMBL3368,b
O95749-1,GGPPS,CHEMBL4769,1
O95749-2,GGPPS,CHEMBL4769,2
Q92847-1,GHSR,CHEMBL4616,1a
Q92847-2,GHSR,CHEMBL4616,1b
P48546-1,GIPR,CHEMBL4383,1
P48546-2,GIPR,CHEMBL4383,2
P48546-3,GIPR,CHEMBL4383,3
P23415-1,GLRA1,CHEMBL5845,a
P23415-2,GLRA1,CHEMBL5845,b
P23416-1,GLRA2,CHEMBL5871,alpha-2*
P23416-2,GLRA2,CHEMBL5871,alpha-2b
P23416-3,GLRA2,CHEMBL5871,3
O94925-1,GLSK,CHEMBL2146302,1
O94925-1,GLSK,CHEMBL2146302,kga
O94925-2,GLSK,CHEMBL2146302,2
O94925-2,GLSK,CHEMBL2146302,gam
O94925-3,GLSK,CHEMBL2146302,3
O94925-3,GLSK,CHEMBL2146302,glutaminase c
O94925-3,GLSK,CHEMBL2146302,gac
P34896-1,GLYC,CHEMBL1772927,1
P34896-2,GLYC,CHEMBL1772927,2
P34896-3,GLYC,CHEMBL1772927,3
P34896-4,GLYC,CHEMBL1772927,4
P30968-1,GNRHR,CHEMBL1855,1
P30968-2,GNRHR,CHEMBL1855,2
P30968-2,GNRHR,CHEMBL1855,truncated
Q13304-1,GPR17,CHEMBL1075162,1
Q13304-2,GPR17,CHEMBL1075162,2
Q9HC97-1,GPR35,CHEMBL1293267,1
Q9HC97-2,GPR35,CHEMBL1293267,2
Q9HCN6-1,GPVI,CHEMBL3308912,1
Q9HCN6-1,GPVI,CHEMBL3308912,vi-1
Q9HCN6-2,GPVI,CHEMBL3308912,2
Q9HCN6-2,GPVI,CHEMBL3308912,vi-2
Q9HCN6-3,GPVI,CHEMBL3308912,3
Q9HCN6-3,GPVI,CHEMBL3308912,vi-3
P62993-1:P29354-1,GRB2,CHEMBL3663,1
P62993-1:P29354-1,GRB2,CHEMBL3663,ash-l
P62993-2:P29354-2,GRB2,CHEMBL3663,2
P62993-2:P29354-2,GRB2,CHEMBL3663,grb3-3
P19490-1,GRIA1,CHEMBL3753,flop
P19490-2,GRIA1,CHEMBL3753,flip
P42261-1,GRIA1,CHEMBL2009,flop
P42261-2,GRIA1,CHEMBL2009,flip
P42261-3,GRIA1,CHEMBL2009,3
P42261-4,GRIA1,CHEMBL2009,4
P42261-5,GRIA1,CHEMBL2009,5
P42261-6,GRIA1,CHEMBL2009,6
P19491-1,GRIA2,CHEMBL3503,flop
P19491-2,GRIA2,CHEMBL3503,flip
P19491-3,GRIA2,CHEMBL3503,3
P19491-3,GRIA2,CHEMBL3503,long
P42262-1,GRIA2,CHEMBL4016,flop
P42262-2,GRIA2,CHEMBL4016,flip
P42262-3,GRIA2,CHEMBL4016,3
P42262-3,GRIA2,CHEMBL4016,long
P42262-4,GRIA2,CHEMBL4016,4
P19492-1,GRIA3,CHEMBL3504,flop
P19492-2,GRIA3,CHEMBL3504,flip
P42263-1,GRIA3,CHEMBL3595,flop
P42263-2,GRIA3,CHEMBL3595,flip
P19493-1,GRIA4,CHEMBL3505,1
P19493-1,GRIA4,CHEMBL3505,flop
P19493-2,GRIA4,CHEMBL3505,2
P19493-2,GRIA4,CHEMBL3505,flip
P19493-3,GRIA4,CHEMBL3505,3
P19493-3,GRIA4,CHEMBL3505,4c flop
P48058-1,GRIA4,CHEMBL3190,1
P48058-2,GRIA4,CHEMBL3190,2
P22756-1,GRIK1,CHEMBL2919,glur5-2c
P22756-2,GRIK1,CHEMBL2919,glur5-2
P22756-3,GRIK1,CHEMBL2919,glur5-2a
P22756-4,GRIK1,CHEMBL2919,glur5-2b
P22756-4,GRIK1,CHEMBL2919,glur5-1
P39086-1,GRIK1,CHEMBL1918,1
P39086-1,GRIK1,CHEMBL1918,glur5-1d
P39086-2,GRIK1,CHEMBL1918,2
P39086-2,GRIK1,CHEMBL1918,eaa3a
Q13002-1,GRIK2,CHEMBL3683,1
Q13002-1,GRIK2,CHEMBL3683,a
Q13002-2,GRIK2,CHEMBL3683,2
Q13002-2,GRIK2,CHEMBL3683,b
Q13002-3,GRIK2,CHEMBL3683,3
Q13002-4,GRIK2,CHEMBL3683,4
Q13002-5,GRIK2,CHEMBL3683,5
Q13002-5,GRIK2,CHEMBL3683,c
Q13002-6,GRIK2,CHEMBL3683,6
Q13002-6,GRIK2,CHEMBL3683,d
Q13002-7,GRIK2,CHEMBL3683,7
Q13002-7,GRIK2,CHEMBL3683,e
P42264-1,GRIK3,CHEMBL3744,glur7a
P42264-2,GRIK3,CHEMBL3744,glur7b
P32298-1,GRK4,CHEMBL5861,1
P32298-1,GRK4,CHEMBL5861,grk4-alpha
P32298-1,GRK4,CHEMBL5861,grk4d
P32298-2,GRK4,CHEMBL5861,2
P32298-2,GRK4,CHEMBL5861,grk4-beta
P32298-2,GRK4,CHEMBL5861,grk4c
P32298-3,GRK4,CHEMBL5861,3
P32298-3,GRK4,CHEMBL5861,grk4-delta
P32298-3,GRK4,CHEMBL5861,grk4a
P32298-4,GRK4,CHEMBL5861,4
P32298-4,GRK4,CHEMBL5861,grk4-gamma
P32298-4,GRK4,CHEMBL5861,grk4b
P43250-1,GRK6,CHEMBL6144,grk6a
P43250-2,GRK6,CHEMBL6144,grk6b
P43250-3,GRK6,CHEMBL6144,grk6c
P23385-1,GRM1,CHEMBL4477,1a
P23385-2,GRM1,CHEMBL4477,1b
P23385-3,GRM1,CHEMBL4477,1c
Q13255-1,GRM1,CHEMBL3772,alpha
Q13255-2,GRM1,CHEMBL3772,beta
Q13255-3,GRM1,CHEMBL3772,3
Q14832-1,GRM3,CHEMBL2888,1
Q14832-2,GRM3,CHEMBL2888,2
Q14832-2,GRM3,CHEMBL2888,grm3delta4
Q14833-1,GRM4,CHEMBL2736,1
Q14833-2,GRM4,CHEMBL2736,2
Q14833-3,GRM4,CHEMBL2736,3
Q14833-4,GRM4,CHEMBL2736,4
Q14833-5,GRM4,CHEMBL2736,5
P31424-1,GRM5,CHEMBL2564,2
P31424-1,GRM5,CHEMBL2564,5b
P31424-2,GRM5,CHEMBL2564,1
P31424-2,GRM5,CHEMBL2564,5a
P41594-1,GRM5,CHEMBL3227,2
P41594-1,GRM5,CHEMBL3227,5b
P41594-2,GRM5,CHEMBL3227,1
P41594-2,GRM5,CHEMBL3227,5a
P41594-3,GRM5,CHEMBL3227,3
P41594-3,GRM5,CHEMBL3227,5d
O95267-1,GRP1,CHEMBL5953,1
O95267-2,GRP1,CHEMBL5953,2
O95267-2,GRP1,CHEMBL5953,a
O95267-3,GRP1,CHEMBL5953,3
O95267-3,GRP1,CHEMBL5953,b
O95267-4,GRP1,CHEMBL5953,4
O95267-4,GRP1,CHEMBL5953,c
O95267-5,GRP1,CHEMBL5953,5
O95267-5,GRP1,CHEMBL5953,d
Q8IV61-1,GRP3,CHEMBL3638,1
Q8IV61-2,GRP3,CHEMBL3638,2
P00390-1,GSHR,CHEMBL2755,mitochondrial
P00390-2,GSHR,CHEMBL2755,cytoplasmic
P00390-3,GSHR,CHEMBL2755,2
P00390-3,GSHR,CHEMBL2755,delta8
P00390-4,GSHR,CHEMBL2755,3
P00390-4,GSHR,CHEMBL2755,delta9
P00390-5,GSHR,CHEMBL2755,4
P00390-5,GSHR,CHEMBL2755,delta8+9
P49841-1,GSK3B,CHEMBL262,1
P49841-1,GSK3B,CHEMBL262,gsk-3beta1
P49841-2,GSK3B,CHEMBL262,2
P49841-2,GSK3B,CHEMBL262,gsk-3beta2
P49841-2,GSK3B,CHEMBL262,neuron-specific
P09488-1,GSTM1,CHEMBL2081,1
P09488-2,GSTM1,CHEMBL2081,2
P28161-1,GSTM2,CHEMBL4589,1
P28161-2,GSTM2,CHEMBL4589,2
P78417-1,GSTO1,CHEMBL3174,1
P78417-2,GSTO1,CHEMBL3174,2
P78417-3,GSTO1,CHEMBL3174,3
P11168-1,GTR2,CHEMBL5873,1
P11168-2,GTR2,CHEMBL5873,2
Q8TF76-1,HASP,CHEMBL1075163,1
Q8TF76-2,HASP,CHEMBL1075163,2
P08631-1,HCK,CHEMBL3234,1
P08631-1,HCK,CHEMBL3234,p60-hck
P08631-1,HCK,CHEMBL3234,p61hck
P08631-2,HCK,CHEMBL3234,2
P08631-2,HCK,CHEMBL3234,p59-hck
P08631-2,HCK,CHEMBL3234,p59hck
P08631-3,HCK,CHEMBL3234,3
P08631-4,HCK,CHEMBL3234,4
Q969S8-1,HDA10,CHEMBL5103,1
Q969S8-1,HDA10,CHEMBL5103,alpha
Q969S8-1,HDA10,CHEMBL5103,hdac10b
Q969S8-1,HDA10,CHEMBL5103,hdac10v1
Q969S8-2,HDA10,CHEMBL5103,2
Q969S8-2,HDA10,CHEMBL5103,beta
Q969S8-4,HDA10,CHEMBL5103,4
Q969S8-4,HDA10,CHEMBL5103,a
Q969S8-4,HDA10,CHEMBL5103,hdac10v2
Q969S8-5,HDA10,CHEMBL5103,5
Q96DB2-1,HDA11,CHEMBL3310,1
Q96DB2-2,HDA11,CHEMBL3310,2
Q92769-1,HDAC2,CHEMBL1937,1
Q92769-3,HDAC2,CHEMBL1937,2
O15379-1,HDAC3,CHEMBL1829,1
O15379-1,HDAC3,CHEMBL1829,rpd3-2b
O15379-2,HDAC3,CHEMBL1829,2
O15379-2,HDAC3,CHEMBL1829,rpd3-2a
P56524-1,HDAC4,CHEMBL3524,1
P56524-2,HDAC4,CHEMBL3524,2
Q9UQL6-1,HDAC5,CHEMBL2563,1
Q9UQL6-2,HDAC5,CHEMBL2563,2
Q9UQL6-3,HDAC5,CHEMBL2563,3
Q9UBN7-1,HDAC6,CHEMBL1865,1
Q9UBN7-1,HDAC6,CHEMBL1865,hdac6p131
Q9UBN7-2,HDAC6,CHEMBL1865,2
Q9UBN7-2,HDAC6,CHEMBL1865,hdac6p114
Q8WUI4-1,HDAC7,CHEMBL2716,1
Q8WUI4-10,HDAC7,CHEMBL2716,10
Q8WUI4-2,HDAC7,CHEMBL2716,2
Q8WUI4-3,HDAC7,CHEMBL2716,3
Q8WUI4-4,HDAC7,CHEMBL2716,4
Q8WUI4-5,HDAC7,CHEMBL2716,5
Q8WUI4-6,HDAC7,CHEMBL2716,6
Q8WUI4-7,HDAC7,CHEMBL2716,7
Q8WUI4-8,HDAC7,CHEMBL2716,8
Q8WUI4-9,HDAC7,CHEMBL2716,9
Q9BY41-1,HDAC8,CHEMBL3192,1
Q9BY41-4,HDAC8,CHEMBL3192,4
Q9BY41-5,HDAC8,CHEMBL3192,5
Q9BY41-6,HDAC8,CHEMBL3192,6
Q9BY41-7,HDAC8,CHEMBL3192,7
Q9BY41-8,HDAC8,CHEMBL3192,8
Q9UKV0-1,HDAC9,CHEMBL4145,1
Q9UKV0-10,HDAC9,CHEMBL4145,10
Q9UKV0-11,HDAC9,CHEMBL4145,11
Q9UKV0-2,HDAC9,CHEMBL4145,2
Q9UKV0-3,HDAC9,CHEMBL4145,3
Q9UKV0-3,HDAC9,CHEMBL4145,hdrp
Q9UKV0-3,HDAC9,CHEMBL4145,mitr
Q9UKV0-4,HDAC9,CHEMBL4145,4
Q9UKV0-4,HDAC9,CHEMBL4145,hdac9a
Q9UKV0-5,HDAC9,CHEMBL4145,5
Q9UKV0-5,HDAC9,CHEMBL4145,hdac9b
Q9UKV0-5,HDAC9,CHEMBL4145,hdac9fl
Q9UKV0-6,HDAC9,CHEMBL4145,6
Q9UKV0-7,HDAC9,CHEMBL4145,7
Q9UKV0-8,HDAC9,CHEMBL4145,8
Q9UKV0-9,HDAC9,CHEMBL4145,9
P14210-1,HGF,CHEMBL5479,1
P14210-2,HGF,CHEMBL5479,2
P14210-3,HGF,CHEMBL5479,3
P14210-4,HGF,CHEMBL5479,4
P14210-4,HGF,CHEMBL5479,hgf/nk2
P14210-5,HGF,CHEMBL5479,5
P14210-6,HGF,CHEMBL5479,6
P14210-6,HGF,CHEMBL5479,hgf/nk1
Q16665-1,HIF1A,CHEMBL4261,1
Q16665-2,HIF1A,CHEMBL4261,2
Q16665-3,HIF1A,CHEMBL4261,3
Q16665-3,HIF1A,CHEMBL4261,i.3
Q86Z02-1,HIPK1,CHEMBL5427,1
Q86Z02-1,HIPK1,CHEMBL5427,hipk1-alpha
Q86Z02-2,HIPK1,CHEMBL5427,2
Q86Z02-2,HIPK1,CHEMBL5427,hipk1-beta
Q86Z02-3,HIPK1,CHEMBL5427,3
Q86Z02-4,HIPK1,CHEMBL5427,4
Q9H2X6-1,HIPK2,CHEMBL4576,1
Q9H2X6-2,HIPK2,CHEMBL4576,2
Q9H2X6-3,HIPK2,CHEMBL4576,3
Q9H422-1,HIPK3,CHEMBL4577,1
Q9H422-1,HIPK3,CHEMBL4577,hipk3
Q9H422-2,HIPK3,CHEMBL4577,2
Q9H422-2,HIPK3,CHEMBL4577,fist
P04035-1,HMDH,CHEMBL402,1
P04035-1,HMDH,CHEMBL402,hmgcr-1a
P04035-2,HMDH,CHEMBL402,2
P04035-2,HMDH,CHEMBL402,hmgcr-1c
P04035-3,HMDH,CHEMBL402,3
P04035-3,HMDH,CHEMBL402,hmgcr-1b
P93836-1,HPPD,CHEMBL2242740,1
P93836-1,HPPD,CHEMBL2242740,-
Q9Y251-1,HPSE,CHEMBL3921,1
Q9Y251-2,HPSE,CHEMBL3921,2
Q9Y251-2,HPSE,CHEMBL3921,55 kda
Q9Y251-2,HPSE,CHEMBL3921,splice 5
Q9Y251-3,HPSE,CHEMBL3921,3
Q9Y251-3,HPSE,CHEMBL3921,ex9-10del
Q9Y251-4,HPSE,CHEMBL3921,4
Q9Y251-4,HPSE,CHEMBL3921,ex10del
P25021-1,HRH2,CHEMBL1941,1
P25021-2,HRH2,CHEMBL1941,2
Q9JI35-1,HRH3,CHEMBL5076,long
Q9JI35-1,HRH3,CHEMBL5076,h3l
Q9JI35-2,HRH3,CHEMBL5076,short
Q9JI35-2,HRH3,CHEMBL5076,h3s
Q9QYN8-1,HRH3,CHEMBL4124,1
Q9QYN8-1,HRH3,CHEMBL4124,h3l
Q9QYN8-2,HRH3,CHEMBL4124,2
Q9QYN8-2,HRH3,CHEMBL4124,h3s
Q9QYN8-3,HRH3,CHEMBL4124,3
Q9QYN8-4,HRH3,CHEMBL4124,4
Q9Y5N1-1,HRH3,CHEMBL264,1
Q9Y5N1-2,HRH3,CHEMBL264,2
Q9Y5N1-3,HRH3,CHEMBL264,3
Q9Y5N1-3,HRH3,CHEMBL264,h3s
Q9Y5N1-4,HRH3,CHEMBL264,4
Q9Y5N1-5,HRH3,CHEMBL264,5
Q9Y5N1-6,HRH3,CHEMBL264,6
Q9Y5N1-7,HRH3,CHEMBL264,7
Q9H3N8-1,HRH4,CHEMBL3759,1
Q9H3N8-2,HRH4,CHEMBL3759,2
P07900-1,HS90A,CHEMBL3880,1
P07900-1,HS90A,CHEMBL3880,hsp90aa1-1
P07900-1,HS90A,CHEMBL3880,hsp90-alpha 2
P07900-2,HS90A,CHEMBL3880,2
P07900-2,HS90A,CHEMBL3880,hsp90aa1-2
Q00613-1,HSF1,CHEMBL5869,long
Q00613-2,HSF1,CHEMBL5869,short
P35557-1,HXK4,CHEMBL3820,1
P35557-2,HXK4,CHEMBL3820,2
P35557-3,HXK4,CHEMBL3820,3
P34913-1,HYES,CHEMBL2409,1
P34913-2,HYES,CHEMBL2409,2
P34913-3,HYES,CHEMBL2409,3
P34914-1,HYES,CHEMBL4140,1
P34914-1,HYES,CHEMBL4140,ephx2a
P34914-2,HYES,CHEMBL4140,2
P34914-2,HYES,CHEMBL4140,ephx2b
Q6ZQW0-1,I23O2,CHEMBL3627587,1
Q6ZQW0-2,I23O2,CHEMBL3627587,2
P14735-1,IDE,CHEMBL1293287,1
P14735-2,IDE,CHEMBL1293287,2
P48735-1,IDHP,CHEMBL3991501,1
P48735-2,IDHP,CHEMBL3991501,2
P60842-1,IF4A1,CHEMBL2052028,1
P60842-2,IF4A1,CHEMBL2052028,2
P60842-3,IF4A1,CHEMBL2052028,3
O14920-1,IKKB,CHEMBL1991,1
O14920-2,IKKB,CHEMBL1991,2
O14920-3,IKKB,CHEMBL1991,3
O14920-4,IKKB,CHEMBL1991,4
Q14164-1,IKKE,CHEMBL3529,1
Q14164-2,IKKE,CHEMBL3529,2
P18510-1,IL1RA,CHEMBL4523191,1
P18510-2,IL1RA,CHEMBL4523191,2
P18510-2,IL1RA,CHEMBL4523191,icil-1ra
P18510-3,IL1RA,CHEMBL4523191,3
P18510-3,IL1RA,CHEMBL4523191,icil-1ra type ii
P18510-4,IL1RA,CHEMBL4523191,4
P04401-1,IL5,CHEMBL1163111,1
P04401-2,IL5,CHEMBL1163111,2
P04401-2,IL5,CHEMBL1163111,delta2
P04401-2,IL5,CHEMBL1163111,mil-5delta2
P20839-1,IMDH1,CHEMBL1822,1
P20839-2,IMDH1,CHEMBL1822,2
P20839-3,IMDH1,CHEMBL1822,3
P20839-4,IMDH1,CHEMBL1822,4
P20839-5,IMDH1,CHEMBL1822,5
P20839-6,IMDH1,CHEMBL1822,6
P20839-7,IMDH1,CHEMBL1822,7
P06213-1,INSR,CHEMBL1981,long
P06213-1,INSR,CHEMBL1981,hir-b
P06213-2,INSR,CHEMBL1981,short
P06213-2,INSR,CHEMBL1981,hir-a
P51617-1,IRAK1,CHEMBL3357,1
P51617-1,IRAK1,CHEMBL3357,a
P51617-2,IRAK1,CHEMBL3357,2
P51617-2,IRAK1,CHEMBL3357,b
P51617-3,IRAK1,CHEMBL3357,3
P51617-4,IRAK1,CHEMBL3357,4
Q9NWZ3-1,IRAK4,CHEMBL3778,1
Q9NWZ3-2,IRAK4,CHEMBL3778,2
P13612-1,ITA4,CHEMBL278,1
P13612-2,ITA4,CHEMBL278,2
P20701-1,ITAL,CHEMBL1803,1
P20701-2,ITAL,CHEMBL1803,2
P20701-3,ITAL,CHEMBL1803,3
P52333-1,JAK3,CHEMBL2148,2
P52333-1,JAK3,CHEMBL2148,jak3s
P52333-1,JAK3,CHEMBL2148,spleen-jak3
P52333-2,JAK3,CHEMBL2148,1
P52333-2,JAK3,CHEMBL2148,jak3b
P52333-2,JAK3,CHEMBL2148,breast-jak3
P52333-4,JAK3,CHEMBL2148,3
Q62137-1,JAK3,CHEMBL5250,1
Q62137-2,JAK3,CHEMBL5250,2
P17612-1,KAPCA,CHEMBL4101,1
P17612-1,KAPCA,CHEMBL4101,c-alpha-1
P17612-2,KAPCA,CHEMBL4101,2
P17612-2,KAPCA,CHEMBL4101,c-alpha-2
P17612-2,KAPCA,CHEMBL4101,c-alpha-s
P17612-2,KAPCA,CHEMBL4101,c(s)
P27791-1,KAPCA,CHEMBL3390,1
P27791-1,KAPCA,CHEMBL3390,c-alpha-1
P27791-2,KAPCA,CHEMBL3390,2
P27791-2,KAPCA,CHEMBL3390,cs
P22694-1,KAPCB,CHEMBL2918,1
P22694-1,KAPCB,CHEMBL2918,beta1
P22694-10,KAPCB,CHEMBL2918,10
P22694-2,KAPCB,CHEMBL2918,2
P22694-2,KAPCB,CHEMBL2918,beta2
P22694-3,KAPCB,CHEMBL2918,3
P22694-3,KAPCB,CHEMBL2918,beta3
P22694-4,KAPCB,CHEMBL2918,4
P22694-4,KAPCB,CHEMBL2918,beta4
P22694-5,KAPCB,CHEMBL2918,5
P22694-5,KAPCB,CHEMBL2918,beta4ab
P22694-6,KAPCB,CHEMBL2918,6
P22694-6,KAPCB,CHEMBL2918,beta4abc
P22694-7,KAPCB,CHEMBL2918,7
P22694-8,KAPCB,CHEMBL2918,8
P22694-9,KAPCB,CHEMBL2918,9
Q16773-1,KAT1,CHEMBL3962,1
Q16773-2,KAT1,CHEMBL3962,2
Q16773-3,KAT1,CHEMBL3962,3
Q92830-1,KAT2A,CHEMBL5501,1
Q92830-1,KAT2A,CHEMBL5501,gcn5-l
Q92830-2,KAT2A,CHEMBL5501,2
Q92830-2,KAT2A,CHEMBL5501,gcn5-s
Q6YP21-1,KAT3,CHEMBL2046260,1
Q6YP21-2,KAT3,CHEMBL2046260,2
Q6YP21-3,KAT3,CHEMBL2046260,3
Q92993-1,KAT5,CHEMBL5750,2
Q92993-2,KAT5,CHEMBL5750,1
Q92993-2,KAT5,CHEMBL5750,plip
Q92993-3,KAT5,CHEMBL5750,3
Q92993-4,KAT5,CHEMBL5750,4
Q9H7Z6-1,KAT8,CHEMBL1932912,1
Q9H7Z6-2,KAT8,CHEMBL1932912,2
P48729-1,KC1A,CHEMBL2793,1
P48729-2,KC1A,CHEMBL2793,2
P48729-3,KC1A,CHEMBL2793,3
P48730-1,KC1D,CHEMBL2828,1
P48730-2,KC1D,CHEMBL2828,2
Q06486-1,KC1D,CHEMBL4484,1
Q06486-2,KC1D,CHEMBL4484,2
Q9DC28-1,KC1D,CHEMBL5175,1
Q9DC28-2,KC1D,CHEMBL5175,2
Q9HCP0-1,KC1G1,CHEMBL2426,1l
Q9HCP0-2,KC1G1,CHEMBL2426,1s
Q9Y6M4-1,KC1G3,CHEMBL5084,1
Q9Y6M4-1,KC1G3,CHEMBL5084,3
Q9Y6M4-2,KC1G3,CHEMBL5084,2
Q9Y6M4-2,KC1G3,CHEMBL5084,3l
Q9Y6M4-2,KC1G3,CHEMBL5084,csnk1g3l
Q9Y6M4-3,KC1G3,CHEMBL5084,3
Q9Y6M4-4,KC1G3,CHEMBL5084,4
Q9Y6M4-5,KC1G3,CHEMBL5084,5
Q9Y6M4-6,KC1G3,CHEMBL5084,6
Q6P2M8-1,KCC1B,CHEMBL3627592,1
Q6P2M8-2,KCC1B,CHEMBL3627592,2
Q6P2M8-3,KCC1B,CHEMBL3627592,3
Q6P2M8-5,KCC1B,CHEMBL3627592,4
Q6P2M8-6,KCC1B,CHEMBL3627592,5
Q8IU85-1,KCC1D,CHEMBL5073,1
Q8IU85-2,KCC1D,CHEMBL5073,2
Q96NX5-1,KCC1G,CHEMBL5258,1
Q96NX5-2,KCC1G,CHEMBL5258,2
Q9UQM7-1,KCC2A,CHEMBL4147,a
Q9UQM7-2,KCC2A,CHEMBL4147,b
Q13554-1,KCC2B,CHEMBL4121,4
Q13554-2,KCC2B,CHEMBL4121,1
Q13554-2,KCC2B,CHEMBL4121,beta
Q13554-3,KCC2B,CHEMBL4121,2
Q13554-3,KCC2B,CHEMBL4121,beta1
Q13554-3,KCC2B,CHEMBL4121,beta'e
Q13554-4,KCC2B,CHEMBL4121,3
Q13554-4,KCC2B,CHEMBL4121,beta2
Q13554-5,KCC2B,CHEMBL4121,5
Q13554-5,KCC2B,CHEMBL4121,beta4
Q13554-5,KCC2B,CHEMBL4121,betae
Q13554-6,KCC2B,CHEMBL4121,6
Q13554-6,KCC2B,CHEMBL4121,beta6
Q13554-7,KCC2B,CHEMBL4121,7
Q13554-7,KCC2B,CHEMBL4121,beta7
Q13554-8,KCC2B,CHEMBL4121,8
Q13557-1,KCC2D,CHEMBL2801,delta 2
Q13557-10,KCC2D,CHEMBL2801,delta 10
Q13557-11,KCC2D,CHEMBL2801,delta 11
Q13557-12,KCC2D,CHEMBL2801,delta 12
Q13557-3,KCC2D,CHEMBL2801,delta 3
Q13557-4,KCC2D,CHEMBL2801,delta 4
Q13557-5,KCC2D,CHEMBL2801,delta 8
Q13557-6,KCC2D,CHEMBL2801,delta 9
Q13557-8,KCC2D,CHEMBL2801,delta 6
Q13557-9,KCC2D,CHEMBL2801,delta 7
Q13555-1,KCC2G,CHEMBL3829,1
Q13555-10,KCC2G,CHEMBL3829,10
Q13555-11,KCC2G,CHEMBL3829,11
Q13555-2,KCC2G,CHEMBL3829,2
Q13555-3,KCC2G,CHEMBL3829,3
Q13555-4,KCC2G,CHEMBL3829,4
Q13555-5,KCC2G,CHEMBL3829,5
Q13555-6,KCC2G,CHEMBL3829,6
Q13555-7,KCC2G,CHEMBL3829,7
Q13555-7,KCC2G,CHEMBL3829,gamma f
Q13555-8,KCC2G,CHEMBL3829,8
Q13555-8,KCC2G,CHEMBL3829,gamma e
Q13555-9,KCC2G,CHEMBL3829,9
Q13555-9,KCC2G,CHEMBL3829,gamma d
P22001-1,KCNA3,CHEMBL4633,1
P22001-4,KCNA3,CHEMBL4633,2
P22001-5,KCNA3,CHEMBL4633,3
P22460-1,KCNA5,CHEMBL4306,1
P22460-2,KCNA5,CHEMBL4306,2
P22460-2,KCNA5,CHEMBL4306,short
Q12809-1,KCNH2,CHEMBL240,a
Q12809-1,KCNH2,CHEMBL240,kcnh2-1a
Q12809-2,KCNH2,CHEMBL240,b
Q12809-2,KCNH2,CHEMBL240,herg1b
Q12809-4,KCNH2,CHEMBL240,4
Q12809-5,KCNH2,CHEMBL240,a-uso
Q12809-5,KCNH2,CHEMBL240,herg1uso
Q12809-6,KCNH2,CHEMBL240,b-uso
Q12809-6,KCNH2,CHEMBL240,herg1buso
Q12809-7,KCNH2,CHEMBL240,3.1
Q12809-7,KCNH2,CHEMBL240,kcnh2-3.1
P35560-1,KCNJ1,CHEMBL2146350,a
P35560-2,KCNJ1,CHEMBL2146350,b
P35560-2,KCNJ1,CHEMBL2146350,romk2
P35560-3,KCNJ1,CHEMBL2146350,c
P35560-3,KCNJ1,CHEMBL2146350,romk3
P35560-4,KCNJ1,CHEMBL2146350,d
P35560-4,KCNJ1,CHEMBL2146350,1.1
P35560-4,KCNJ1,CHEMBL2146350,romk1.1
P35560-5,KCNJ1,CHEMBL2146350,e
P35560-5,KCNJ1,CHEMBL2146350,3.1
P35560-5,KCNJ1,CHEMBL2146350,romk3.1
P35560-6,KCNJ1,CHEMBL2146350,f
P35560-6,KCNJ1,CHEMBL2146350,6.1
P35560-6,KCNJ1,CHEMBL2146350,romk6.1
P48048-1,KCNJ1,CHEMBL1293292,1
P48048-1,KCNJ1,CHEMBL1293292,rom-k1
P48048-2,KCNJ1,CHEMBL1293292,2
P48048-2,KCNJ1,CHEMBL1293292,2-4-5
P48048-2,KCNJ1,CHEMBL1293292,rom-k2
P48048-2,KCNJ1,CHEMBL1293292,rom-k4
P48048-2,KCNJ1,CHEMBL1293292,rom-k5
P48048-2,KCNJ1,CHEMBL1293292,rom-k6
P48048-3,KCNJ1,CHEMBL1293292,3
P48048-3,KCNJ1,CHEMBL1293292,rom-k3
P57789-1,KCNKA,CHEMBL2331041,a
P57789-1,KCNKA,CHEMBL2331041,trek-2a
P57789-3,KCNKA,CHEMBL2331041,c
P57789-3,KCNKA,CHEMBL2331041,trek-2c
P57789-4,KCNKA,CHEMBL2331041,b
P57789-4,KCNKA,CHEMBL2331041,trek-2b
O60341-1,KDM1A,CHEMBL6136,1
O60341-2,KDM1A,CHEMBL6136,2
Q8NB78-1,KDM1B,CHEMBL1938208,1
Q8NB78-2,KDM1B,CHEMBL1938208,2
Q8NB78-4,KDM1B,CHEMBL1938208,4
Q9Y2K7-1,KDM2A,CHEMBL1938210,1
Q9Y2K7-2,KDM2A,CHEMBL1938210,2
Q9Y2K7-3,KDM2A,CHEMBL1938210,3
Q9Y2K7-4,KDM2A,CHEMBL1938210,4
Q9Y2K7-5,KDM2A,CHEMBL1938210,5
O75164-1,KDM4A,CHEMBL5896,1
O75164-2,KDM4A,CHEMBL5896,2
O75164-2,KDM4A,CHEMBL5896,deltan-jmjd2a
Q9H3R0-1,KDM4C,CHEMBL6175,1
Q9H3R0-2,KDM4C,CHEMBL6175,2
Q9H3R0-3,KDM4C,CHEMBL6175,3
Q9H3R0-4,KDM4C,CHEMBL6175,4
P29375-1,KDM5A,CHEMBL2424504,1
P29375-2,KDM5A,CHEMBL2424504,2
Q9UGL1-1,KDM5B,CHEMBL3774295,1
Q9UGL1-2,KDM5B,CHEMBL3774295,2
P41229-1,KDM5C,CHEMBL2163176,1
P41229-2,KDM5C,CHEMBL2163176,2
P41229-3,KDM5C,CHEMBL2163176,3
P41229-4,KDM5C,CHEMBL2163176,4
P41229-5,KDM5C,CHEMBL2163176,5
O15054-1,KDM6B,CHEMBL1938211,1
O15054-2,KDM6B,CHEMBL1938211,2
Q8MMZ8-1,KGP,CHEMBL5036,1
Q8MMZ8-1,KGP,CHEMBL5036,isoform i
Q8MMZ8-2,KGP,CHEMBL5036,2
Q8MMZ8-2,KGP,CHEMBL5036,isoform ii
Q13976-1,KGP1,CHEMBL4273,alpha
Q13976-1,KGP1,CHEMBL4273,cgk1-alpha
Q13976-2:P14619-1,KGP1,CHEMBL4273,beta
Q13976-2:P14619-1,KGP1,CHEMBL4273,cgk1-beta
Q13976-3,KGP1,CHEMBL4273,3
Q13237-1,KGP2,CHEMBL2896,1
Q13237-2,KGP2,CHEMBL2896,2
P50053-1,KHK,CHEMBL1275212,c
P50053-1,KHK,CHEMBL1275212,central
P50053-1,KHK,CHEMBL1275212,hepatic/renal/intestinal
P50053-2,KHK,CHEMBL1275212,a
P50053-2,KHK,CHEMBL1275212,peripheral
Q02974-1,KHK,CHEMBL4105923,c
Q02974-1,KHK,CHEMBL4105923,central
Q02974-1,KHK,CHEMBL4105923,hepatic/renal/intestinal
Q02974-2,KHK,CHEMBL4105923,a
Q02974-2,KHK,CHEMBL4105923,peripheral
O95235-1,KI20A,CHEMBL2021753,1
O95235-2,KI20A,CHEMBL2021753,2
Q96Q89-1,KI20B,CHEMBL2021752,1
Q96Q89-2,KI20B,CHEMBL2021752,2
Q96Q89-3,KI20B,CHEMBL2021752,3
Q96Q89-4,KI20B,CHEMBL2021752,4
Q96Q89-5,KI20B,CHEMBL2021752,5
Q9NS87-1,KIF15,CHEMBL3632454,1
Q9NS87-2,KIF15,CHEMBL3632454,2
Q9NS87-3,KIF15,CHEMBL3632454,3
Q9NS87-4,KIF15,CHEMBL3632454,4
P10721-1,KIT,CHEMBL1936,1
P10721-1,KIT,CHEMBL1936,gnnk(+)
P10721-1,KIT,CHEMBL1936,kita(+)
P10721-2,KIT,CHEMBL1936,2
P10721-2,KIT,CHEMBL1936,gnnk(-)
P10721-2,KIT,CHEMBL1936,kit(+)
P10721-4,KIT,CHEMBL1936,3
P10721-4,KIT,CHEMBL1936,tr-kit
P04184-1,KITH,CHEMBL2618,1
P04184-2,KITH,CHEMBL2618,2
O00142-1,KITM,CHEMBL4580,1
O00142-2,KITM,CHEMBL4580,2
O00142-3,KITM,CHEMBL4580,3
O00142-4,KITM,CHEMBL4580,4
O00142-5,KITM,CHEMBL4580,5
O00142-6,KITM,CHEMBL4580,6
Q8N5S9-1,KKCC1,CHEMBL5256,1
Q8N5S9-1,KKCC1,CHEMBL5256,a
Q8N5S9-1,KKCC1,CHEMBL5256,variant 3
Q8N5S9-2,KKCC1,CHEMBL5256,2
Q8N5S9-2,KKCC1,CHEMBL5256,b
Q8N5S9-2,KKCC1,CHEMBL5256,variant 1
Q96RR4-1,KKCC2,CHEMBL5284,1
Q96RR4-1,KKCC2,CHEMBL5284,beta1
Q96RR4-1,KKCC2,CHEMBL5284,camkk2+e16
Q96RR4-2,KKCC2,CHEMBL5284,2
Q96RR4-2,KKCC2,CHEMBL5284,beta2
Q96RR4-3,KKCC2,CHEMBL5284,3
Q96RR4-3,KKCC2,CHEMBL5284,beta1delta16
Q96RR4-3,KKCC2,CHEMBL5284,camkk2-e16
Q96RR4-4,KKCC2,CHEMBL5284,4
Q96RR4-4,KKCC2,CHEMBL5284,beta1delta14
Q96RR4-5,KKCC2,CHEMBL5284,5
Q96RR4-5,KKCC2,CHEMBL5284,beta1delta14/16
Q96RR4-5,KKCC2,CHEMBL5284,beta-3x
Q96RR4-6,KKCC2,CHEMBL5284,6
Q96RR4-6,KKCC2,CHEMBL5284,beta2delta14
Q96RR4-7,KKCC2,CHEMBL5284,7
P07288-1,KLK3,CHEMBL2099,1
P07288-2,KLK3,CHEMBL2099,2
P07288-3,KLK3,CHEMBL2099,3
P07288-4,KLK3,CHEMBL2099,4
P07288-5,KLK3,CHEMBL2099,5
P49862-1,KLK7,CHEMBL2443,1
P49862-1,KLK7,CHEMBL2443,long
P49862-2,KLK7,CHEMBL2443,2
P49862-2,KLK7,CHEMBL2443,short
O15229-1,KMO,CHEMBL2145,1
O15229-2,KMO,CHEMBL2145,2
O15229-3,KMO,CHEMBL2145,3
Q03164-1,KMT2A,CHEMBL1293299,1
Q03164-2,KMT2A,CHEMBL1293299,2
Q03164-2,KMT2A,CHEMBL1293299,14p-18b
Q03164-3,KMT2A,CHEMBL1293299,3
Q9NQR1-1,KMT5A,CHEMBL1795176,1
Q9NQR1-2,KMT5A,CHEMBL1795176,2
P05771-1,KPCB,CHEMBL3045,beta-i
P05771-1,KPCB,CHEMBL3045,prkcb1
P05771-2,KPCB,CHEMBL3045,beta-ii
P05771-2,KPCB,CHEMBL3045,prkcb2
P28867-1,KPCD,CHEMBL2560,1
P28867-1,KPCD,CHEMBL2560,pkc-delta-i
P28867-2,KPCD,CHEMBL2560,2
P28867-2,KPCD,CHEMBL2560,pkc-delta-ii
Q05655-1,KPCD,CHEMBL2996,1
Q05655-2,KPCD,CHEMBL2996,2
Q05655-2,KPCD,CHEMBL2996,pkcdeltaviii
Q9BZL6-1,KPCD2,CHEMBL4900,1
Q9BZL6-2,KPCD2,CHEMBL4900,2
Q9BZL6-3,KPCD2,CHEMBL4900,3
O94806-1,KPCD3,CHEMBL2595,1
O94806-2,KPCD3,CHEMBL2595,2
P05129-1,KPCG,CHEMBL2938,1
P05129-2,KPCG,CHEMBL2938,2
P24723-1,KPCL,CHEMBL3616,1
P24723-2,KPCL,CHEMBL3616,2
Q04759-1,KPCT,CHEMBL3920,1
Q04759-2,KPCT,CHEMBL3920,2
Q04759-3,KPCT,CHEMBL3920,3
Q05513-1,KPCZ,CHEMBL3438,1
Q05513-2,KPCZ,CHEMBL3438,2
Q05513-2,KPCZ,CHEMBL3438,pkmzeta
Q05513-3,KPCZ,CHEMBL3438,3
P14618-1,KPYM,CHEMBL1075189,m2
P14618-1,KPYM,CHEMBL1075189,m2-pk
P14618-1,KPYM,CHEMBL1075189,pkm2
P14618-2:P14786-1,KPYM,CHEMBL1075189,m1
P14618-2:P14786-1,KPYM,CHEMBL1075189,m1-pk
P14618-2:P14786-1,KPYM,CHEMBL1075189,pkm1
P14618-3,KPYM,CHEMBL1075189,3
P30613-1,KPYR,CHEMBL1075126,r-type
P30613-1,KPYR,CHEMBL1075126,pkr
P30613-2,KPYR,CHEMBL1075126,l-type
P30613-2,KPYR,CHEMBL1075126,pkl
Q15418-1,KS6A1,CHEMBL2553,1
Q15418-2,KS6A1,CHEMBL2553,2
Q15418-3,KS6A1,CHEMBL2553,3
Q15418-4,KS6A1,CHEMBL2553,4
Q15349-1,KS6A2,CHEMBL3906,1
Q15349-2,KS6A2,CHEMBL3906,2
Q15349-3,KS6A2,CHEMBL3906,3
O75676-1,KS6A4,CHEMBL3125,1
O75676-2,KS6A4,CHEMBL3125,2
O75582-1,KS6A5,CHEMBL4237,1
O75582-2,KS6A5,CHEMBL4237,2
O75582-3,KS6A5,CHEMBL4237,3
Q9UK32-1,KS6A6,CHEMBL4924,1
Q9UK32-2,KS6A6,CHEMBL4924,2
P23443-1,KS6B1,CHEMBL4501,alpha i
P23443-1,KS6B1,CHEMBL4501,p80-s6k 1
P23443-2,KS6B1,CHEMBL4501,alpha ii
P23443-3,KS6B1,CHEMBL4501,2
P23443-4,KS6B1,CHEMBL4501,3
P23443-5,KS6B1,CHEMBL4501,4
Q9UBS0-1,KS6B2,CHEMBL3111,1
Q9UBS0-2,KS6B2,CHEMBL3111,2
Q8IVT5-1,KSR1,CHEMBL1938215,1
Q8IVT5-2,KSR1,CHEMBL1938215,2
Q8IVT5-3,KSR1,CHEMBL1938215,3
Q8IVT5-4,KSR1,CHEMBL1938215,4
Q6VAB6-1,KSR2,CHEMBL3627583,1
Q6VAB6-2,KSR2,CHEMBL3627583,2
P43405-1,KSYK,CHEMBL2599,long
P43405-2,KSYK,CHEMBL2599,short
O95835-1,LATS1,CHEMBL6167,1
O95835-2,LATS1,CHEMBL6167,2
Q9UIQ6-1,LCAP,CHEMBL2693,1
Q9UIQ6-2,LCAP,CHEMBL2693,2
Q9UIQ6-3,LCAP,CHEMBL2693,3
P06239-1,LCK,CHEMBL258,long
P06239-2,LCK,CHEMBL258,short
P06239-3,LCK,CHEMBL258,3
P00338-1,LDHA,CHEMBL4835,1
P00338-2,LDHA,CHEMBL4835,2
P00338-3,LDHA,CHEMBL4835,3
P00338-4,LDHA,CHEMBL4835,4
P00338-5,LDHA,CHEMBL4835,5
Q04760-1,LGUL,CHEMBL2424,1
Q04760-2,LGUL,CHEMBL2424,2
P53667-1,LIMK1,CHEMBL3836,1
P53667-2,LIMK1,CHEMBL3836,2
P53667-3,LIMK1,CHEMBL3836,3
P53667-4,LIMK1,CHEMBL3836,4
P53671-1,LIMK2,CHEMBL5932,limk2a
P53671-2,LIMK2,CHEMBL5932,limk2b
P53671-3,LIMK2,CHEMBL5932,3
Q9Y5X9-1,LIPG,CHEMBL5080,1
Q9Y5X9-2,LIPG,CHEMBL5080,2
Q05469-1,LIPS,CHEMBL3590,1
Q05469-1,LIPS,CHEMBL3590,testicular
Q05469-2,LIPS,CHEMBL3590,2
P09960-1,LKHA4,CHEMBL4618,1
P09960-1,LKHA4,CHEMBL4618,l-lta4
P09960-2,LKHA4,CHEMBL4618,2
P09960-2,LKHA4,CHEMBL4618,s-lta4
P09960-3,LKHA4,CHEMBL4618,3
P09960-4,LKHA4,CHEMBL4618,4
Q9Y468-1,LMBL1,CHEMBL1287622,1
Q9Y468-1,LMBL1,CHEMBL1287622,mbt-i
Q9Y468-2,LMBL1,CHEMBL1287622,2
Q9Y468-2,LMBL1,CHEMBL1287622,mbt-ii
Q9Y468-3,LMBL1,CHEMBL1287622,3
Q9Y468-4,LMBL1,CHEMBL1287622,4
Q9Y468-5,LMBL1,CHEMBL1287622,5
Q96JM7-1,LMBL3,CHEMBL1287623,1
Q96JM7-2,LMBL3,CHEMBL1287623,2
P16050-1,LOX15,CHEMBL2903,1
P16050-2,LOX15,CHEMBL2903,2
P09917-1,LOX5,CHEMBL215,1
P09917-2,LOX5,CHEMBL215,2
P09917-2,LOX5,CHEMBL215,delta-13
P09917-3,LOX5,CHEMBL215,3
P09917-3,LOX5,CHEMBL215,delta-p10
P09917-4,LOX5,CHEMBL215,4
P09917-4,LOX5,CHEMBL215,delta-10-13
P09917-5,LOX5,CHEMBL215,5
P09917-5,LOX5,CHEMBL215,alpha-10
P58215-1,LOXL3,CHEMBL4105989,1
P58215-2,LOXL3,CHEMBL4105989,2
P58215-2,LOXL3,CHEMBL4105989,loxl3-sv1
P58215-3,LOXL3,CHEMBL4105989,3
Q92633-1,LPAR1,CHEMBL3819,1
Q92633-2,LPAR1,CHEMBL3819,2
P48449-1,LSS,CHEMBL3593,1
P48449-2,LSS,CHEMBL3593,2
P48449-3,LSS,CHEMBL3593,3
P29376-1,LTK,CHEMBL5627,lambda p2
P29376-2,LTK,CHEMBL5627,lambda p1
P29376-3,LTK,CHEMBL5627,lambda p3
P29376-4,LTK,CHEMBL5627,2
P29376-5,LTK,CHEMBL5627,5
P07948-1,LYN,CHEMBL3905,1
P07948-1,LYN,CHEMBL3905,lyn a
P07948-1,LYN,CHEMBL3905,p56lyn
P07948-2,LYN,CHEMBL3905,2
P07948-2,LYN,CHEMBL3905,lyn b
P07948-2,LYN,CHEMBL3905,p53lyn
Q16584-1,M3K11,CHEMBL2708,1
Q16584-2,M3K11,CHEMBL2708,2
Q12852-1,M3K12,CHEMBL1908389,1
Q12852-2,M3K12,CHEMBL1908389,2
Q56UN5-1,M3K19,CHEMBL6191,1
Q56UN5-3,M3K19,CHEMBL6191,3
Q56UN5-4,M3K19,CHEMBL6191,4
Q56UN5-5,M3K19,CHEMBL6191,5
Q56UN5-7,M3K19,CHEMBL6191,7
Q9NYL2-1,M3K20,CHEMBL3886,zakalpha
Q9NYL2-1,M3K20,CHEMBL3886,alpha
Q9NYL2-2,M3K20,CHEMBL3886,zakbeta
Q9NYL2-2,M3K20,CHEMBL3886,beta
Q9NYL2-2,M3K20,CHEMBL3886,mlk7
Q9NYL2-3,M3K20,CHEMBL3886,3
Q9NYL2-3,M3K20,CHEMBL3886,hccs-4
Q5TCX8-1,M3K21,CHEMBL3627584,1
Q5TCX8-1,M3K21,CHEMBL3627584,mlk4beta
Q5TCX8-2,M3K21,CHEMBL3627584,2
Q5TCX8-2,M3K21,CHEMBL3627584,mlk4alpha
Q5TCX8-3,M3K21,CHEMBL3627584,3
Q99759-1,M3K3,CHEMBL5970,1
Q99759-2,M3K3,CHEMBL5970,2
Q99683-1,M3K5,CHEMBL5285,1
Q99683-2,M3K5,CHEMBL5285,2
O95382-1,M3K6,CHEMBL1163123,1
O95382-2,M3K6,CHEMBL1163123,2
O95382-3,M3K6,CHEMBL1163123,3
O43318-1,M3K7,CHEMBL5776,1b
O43318-2,M3K7,CHEMBL5776,1a
O43318-3,M3K7,CHEMBL5776,1c
O43318-4,M3K7,CHEMBL5776,1d
P41279-1,M3K8,CHEMBL4899,1
P41279-1,M3K8,CHEMBL4899,58 kda
P41279-2,M3K8,CHEMBL4899,2
P41279-2,M3K8,CHEMBL4899,52 kda
P80192-1,M3K9,CHEMBL2872,1
P80192-4,M3K9,CHEMBL2872,2
Q8IVH8-1,M4K3,CHEMBL5432,1
Q8IVH8-2,M4K3,CHEMBL5432,2
Q8IVH8-3,M4K3,CHEMBL5432,3
O95819-1,M4K4,CHEMBL6166,1
O95819-1,M4K4,CHEMBL6166,tumor-associated
O95819-2,M4K4,CHEMBL6166,2
O95819-3,M4K4,CHEMBL6166,3
O95819-4,M4K4,CHEMBL6166,4
O95819-4,M4K4,CHEMBL6166,hgk-s
O95819-5,M4K4,CHEMBL6166,5
O95819-5,M4K4,CHEMBL6166,hgk-l
O95819-6,M4K4,CHEMBL6166,6
P20794-1,MAK,CHEMBL1163106,1
P20794-2,MAK,CHEMBL1163106,2
P20794-3,MAK,CHEMBL1163106,3
Q9UDY8-1,MALT1,CHEMBL3632452,1
Q9UDY8-2,MALT1,CHEMBL3632452,2
P50579-1,MAP2,CHEMBL3922,1
P50579-2,MAP2,CHEMBL3922,2
P50579-3,MAP2,CHEMBL3922,3
P49137-1,MAPK2,CHEMBL2208,1
P49137-2,MAPK2,CHEMBL2208,2
Q8IW41-1,MAPK5,CHEMBL3094,1
Q8IW41-2,MAPK5,CHEMBL3094,2
Q9P0L2-1,MARK1,CHEMBL5940,1
Q9P0L2-2,MARK1,CHEMBL5940,2
Q9P0L2-3,MARK1,CHEMBL5940,3
Q7KZI7-1,MARK2,CHEMBL3831,1
Q7KZI7-1,MARK2,CHEMBL3831,alpha
Q7KZI7-10,MARK2,CHEMBL3831,10
Q7KZI7-11,MARK2,CHEMBL3831,11
Q7KZI7-12,MARK2,CHEMBL3831,12
Q7KZI7-13,MARK2,CHEMBL3831,13
Q7KZI7-14,MARK2,CHEMBL3831,14
Q7KZI7-15,MARK2,CHEMBL3831,15
Q7KZI7-16,MARK2,CHEMBL3831,16
Q7KZI7-2,MARK2,CHEMBL3831,2
Q7KZI7-3,MARK2,CHEMBL3831,3
Q7KZI7-4,MARK2,CHEMBL3831,4
Q7KZI7-4,MARK2,CHEMBL3831,par-1balpha
Q7KZI7-5,MARK2,CHEMBL3831,5
Q7KZI7-6,MARK2,CHEMBL3831,6
Q7KZI7-6,MARK2,CHEMBL3831,beta
Q7KZI7-7,MARK2,CHEMBL3831,7
Q7KZI7-8,MARK2,CHEMBL3831,8
Q7KZI7-9,MARK2,CHEMBL3831,9
P27448-2,MARK3,CHEMBL5600,2
P27448-2,MARK3,CHEMBL5600,ctak75a
P27448-3,MARK3,CHEMBL5600,3
P27448-4,MARK3,CHEMBL5600,4
P27448-5,MARK3,CHEMBL5600,1
P27448-6,MARK3,CHEMBL5600,5
P27448-6,MARK3,CHEMBL5600,p58
P27448-7,MARK3,CHEMBL5600,6
P27448-8,MARK3,CHEMBL5600,7
Q96L34-1,MARK4,CHEMBL5754,1
Q96L34-1,MARK4,CHEMBL5754,mark4l
Q96L34-2,MARK4,CHEMBL5754,2
Q96L34-2,MARK4,CHEMBL5754,markl1s
Q96L34-2,MARK4,CHEMBL5754,mark4s
P42679-1,MATK,CHEMBL4175,1
P42679-2,MATK,CHEMBL4175,2
P42679-3,MATK,CHEMBL4175,3
Q8JZL2-1,MCHR1,CHEMBL4730,1
Q8JZL2-2,MCHR1,CHEMBL4730,2
P97287-1,MCL1,CHEMBL5768,1
P97287-2,MCL1,CHEMBL5768,2
P97287-2,MCL1,CHEMBL5768,mck-1v
Q07820-1,MCL1,CHEMBL4361,1
Q07820-1,MCL1,CHEMBL4361,mcl1l
Q07820-1,MCL1,CHEMBL4361,mcl-1l
Q07820-2,MCL1,CHEMBL4361,2
Q07820-2,MCL1,CHEMBL4361,delta s
Q07820-2,MCL1,CHEMBL4361,mcl-1s
Q07820-2,MCL1,CHEMBL4361,tm
P08235-1,MCR,CHEMBL1994,1
P08235-2,MCR,CHEMBL1994,2
P08235-3,MCR,CHEMBL1994,3
P08235-4,MCR,CHEMBL1994,4
P08235-4,MCR,CHEMBL1994,delta
P22199-1,MCR,CHEMBL3507,1
P22199-2,MCR,CHEMBL3507,2
P22199-3,MCR,CHEMBL3507,3
P40926-1,MDHM,CHEMBL5917,1
P40926-2,MDHM,CHEMBL5917,2
Q00987-1,MDM2,CHEMBL5023,mdm2
Q00987-10,MDM2,CHEMBL5023,mdm2-g
Q00987-11,MDM2,CHEMBL5023,11
Q00987-2,MDM2,CHEMBL5023,mdm2-a
Q00987-3,MDM2,CHEMBL5023,mdm2-a1
Q00987-4,MDM2,CHEMBL5023,mdm2-b
Q00987-5,MDM2,CHEMBL5023,mdm2-c
Q00987-6,MDM2,CHEMBL5023,mdm2-d
Q00987-7,MDM2,CHEMBL5023,mdm2-e
Q00987-8,MDM2,CHEMBL5023,mdm2-alpha
Q00987-9,MDM2,CHEMBL5023,mdm2-f
O15151-1,MDM4,CHEMBL1255126,1
O15151-2,MDM4,CHEMBL1255126,2
O15151-2,MDM4,CHEMBL1255126,mdmx-s
O15151-3,MDM4,CHEMBL1255126,3
O15151-3,MDM4,CHEMBL1255126,mdmx
O15151-4,MDM4,CHEMBL1255126,hdmx211
O15151-5,MDM4,CHEMBL1255126,5
P08183-1,MDR1,CHEMBL4302,1
P08183-2,MDR1,CHEMBL4302,2
Q14680-1,MELK,CHEMBL4578,1
Q14680-2,MELK,CHEMBL4578,2
Q14680-3,MELK,CHEMBL4578,3
Q14680-4,MELK,CHEMBL4578,4
Q14680-5,MELK,CHEMBL4578,5
Q14680-6,MELK,CHEMBL4578,6
Q14680-7,MELK,CHEMBL4578,7
Q14680-8,MELK,CHEMBL4578,8
O00255-1,MEN1,CHEMBL1615381,2
O00255-1,MEN1,CHEMBL1615381,long
O00255-2,MEN1,CHEMBL1615381,1
O00255-2,MEN1,CHEMBL1615381,short
O00255-3,MEN1,CHEMBL1615381,3
P08581-1,MET,CHEMBL3717,1
P08581-2,MET,CHEMBL3717,2
P08581-3,MET,CHEMBL3717,3
P08581-3,MET,CHEMBL3717,soluble met variant 4
O43451-1,MGA,CHEMBL2074,1
O43451-2,MGA,CHEMBL2074,2
O35678-1,MGLL,CHEMBL5774,1
O35678-2,MGLL,CHEMBL5774,2
Q99685-1,MGLL,CHEMBL4191,1
Q99685-2,MGLL,CHEMBL4191,2
Q8N4C8-1,MINK1,CHEMBL5518,3
Q8N4C8-1,MINK1,CHEMBL5518,mink-alpha
Q8N4C8-2,MINK1,CHEMBL5518,1
Q8N4C8-2,MINK1,CHEMBL5518,mink-1
Q8N4C8-2,MINK1,CHEMBL5518,mink-delta
Q8N4C8-3,MINK1,CHEMBL5518,2
Q8N4C8-3,MINK1,CHEMBL5518,mink-2
Q8N4C8-3,MINK1,CHEMBL5518,mink-gamma
Q8N4C8-4,MINK1,CHEMBL5518,4
Q8N4C8-4,MINK1,CHEMBL5518,mink-beta
Q8N4C8-5,MINK1,CHEMBL5518,5
Q8N4C8-5,MINK1,CHEMBL5518,mink-eta
P28482-1,MK01,CHEMBL4040,1
P28482-2,MK01,CHEMBL4040,2
P27361-1,MK03,CHEMBL3385,1
P27361-2,MK03,CHEMBL3385,2
P27361-3,MK03,CHEMBL3385,3
P27361-3,MK03,CHEMBL3385,erk1b
Q13164-1,MK07,CHEMBL5332,1
Q13164-2,MK07,CHEMBL5332,2
Q13164-3,MK07,CHEMBL5332,3
Q13164-4,MK07,CHEMBL5332,4
P45983-1,MK08,CHEMBL2276,2
P45983-1,MK08,CHEMBL2276,jnk1-alpha-2
P45983-2,MK08,CHEMBL2276,1
P45983-2,MK08,CHEMBL2276,jnk1-alpha-1
P45983-3,MK08,CHEMBL2276,3
P45983-3,MK08,CHEMBL2276,jnk1-beta-1
P45983-4,MK08,CHEMBL2276,4
P45983-4,MK08,CHEMBL2276,jnk1-beta-2
P45983-5,MK08,CHEMBL2276,5
P45984-1,MK09,CHEMBL4179,alpha-2
P45984-2,MK09,CHEMBL4179,alpha-1
P45984-3,MK09,CHEMBL4179,beta-1
P45984-4,MK09,CHEMBL4179,beta-2
P45984-5,MK09,CHEMBL4179,5
P49187-1,MK10,CHEMBL4092,1
P49187-2,MK10,CHEMBL4092,2
P53779-1,MK10,CHEMBL2637,alpha-2
P53779-2,MK10,CHEMBL2637,alpha-1
P53779-3,MK10,CHEMBL2637,3
Q15759-1,MK11,CHEMBL3961,1
Q15759-3,MK11,CHEMBL3961,2
P53778-1,MK12,CHEMBL4674,1
P53778-2,MK12,CHEMBL4674,2
O15264-1,MK13,CHEMBL2939,1
O15264-2,MK13,CHEMBL2939,2
P47811-1,MK14,CHEMBL2336,1
P47811-2,MK14,CHEMBL2336,2
P47811-2,MK14,CHEMBL2336,piccolo
P47811-3,MK14,CHEMBL2336,3
P47811-4,MK14,CHEMBL2336,4
Q16539-1,MK14,CHEMBL260,csbp2
Q16539-2,MK14,CHEMBL260,csbp1
Q16539-3,MK14,CHEMBL260,mxi2
Q16539-4,MK14,CHEMBL260,exip
Q16539-4,MK14,CHEMBL260,exon skip
Q16539-5,MK14,CHEMBL260,5
Q8TD08-1,MK15,CHEMBL5198,1
Q8TD08-2,MK15,CHEMBL5198,2
Q8TD08-2,MK15,CHEMBL5198,erk8 delta
Q8TD08-3,MK15,CHEMBL5198,3
Q9BUB5-1,MKNK1,CHEMBL4718,1
Q9BUB5-2,MKNK1,CHEMBL4718,2
Q9BUB5-2,MKNK1,CHEMBL4718,mnk1a
Q9BUB5-3,MKNK1,CHEMBL4718,3
Q9BUB5-3,MKNK1,CHEMBL4718,mnk1b
Q9HBH9-1,MKNK2,CHEMBL4204,1
Q9HBH9-1,MKNK2,CHEMBL4204,2a
Q9HBH9-2,MKNK2,CHEMBL4204,2
Q9HBH9-2,MKNK2,CHEMBL4204,2b
Q9HBH9-3,MKNK2,CHEMBL4204,3
Q9HBH9-4,MKNK2,CHEMBL4204,4
Q9HBH9-5,MKNK2,CHEMBL4204,5
P08253-1,MMP2,CHEMBL333,1
P08253-2,MMP2,CHEMBL333,2
P08253-3,MMP2,CHEMBL333,3
Q3SYC2-1,MOGT2,CHEMBL2439944,1
Q3SYC2-2,MOGT2,CHEMBL2439944,2
Q3SYC2-3,MOGT2,CHEMBL2439944,3
Q3SYC2-3,MOGT2,CHEMBL2439944,mgat2v
Q3SYC2-3,MOGT2,CHEMBL2439944,trunc
P53985-1,MOT1,CHEMBL4360,1
P53985-2,MOT1,CHEMBL4360,2
Q02750-1,MP2K1,CHEMBL3587,1
Q02750-1,MP2K1,CHEMBL3587,mkk1a
Q02750-2,MP2K1,CHEMBL3587,2
Q02750-2,MP2K1,CHEMBL3587,mkk1b
P46734-1,MP2K3,CHEMBL2109,3
P46734-1,MP2K3,CHEMBL2109,3b
P46734-2,MP2K3,CHEMBL2109,1
P46734-3,MP2K3,CHEMBL2109,2
P46734-3,MP2K3,CHEMBL2109,3c
P45985-1,MP2K4,CHEMBL2897,1
P45985-2,MP2K4,CHEMBL2897,2
Q13163-1,MP2K5,CHEMBL4948,b
Q13163-2,MP2K5,CHEMBL4948,a
Q13163-3,MP2K5,CHEMBL4948,c
Q13163-4,MP2K5,CHEMBL4948,4
P52564-1,MP2K6,CHEMBL2171,1
P52564-1,MP2K6,CHEMBL2171,mkk6b
P52564-2,MP2K6,CHEMBL2171,2
P52564-2,MP2K6,CHEMBL2171,mkk6
O14733-1,MP2K7,CHEMBL3530,1
O14733-1,MP2K7,CHEMBL3530,a
O14733-2,MP2K7,CHEMBL3530,2
O14733-2,MP2K7,CHEMBL3530,b
O14733-3,MP2K7,CHEMBL3530,3
O14733-3,MP2K7,CHEMBL3530,gamma1
O14733-4,MP2K7,CHEMBL3530,4
Q2M385-1,MPEG1,CHEMBL3414409,1
Q2M385-1,MPEG1,CHEMBL3414409,prf2a
Q2M385-2,MPEG1,CHEMBL3414409,2
Q2M385-2,MPEG1,CHEMBL3414409,prf2b
P34949-1,MPI,CHEMBL2758,1
P34949-2,MPI,CHEMBL2758,2
P30304-1,MPIP1,CHEMBL3775,1
P30304-1,MPIP1,CHEMBL3775,cdc25a1
P30304-2,MPIP1,CHEMBL3775,2
P30304-2,MPIP1,CHEMBL3775,cdc25a2
P30305-1,MPIP2,CHEMBL4804,3
P30305-1,MPIP2,CHEMBL4804,cdc25b3
P30305-2,MPIP2,CHEMBL4804,1
P30305-2,MPIP2,CHEMBL4804,cdc25b1
P30305-3,MPIP2,CHEMBL4804,2
P30305-3,MPIP2,CHEMBL4804,cdc25b2
P30305-4,MPIP2,CHEMBL4804,4
P30307-1,MPIP3,CHEMBL2378,1
P30307-1,MPIP3,CHEMBL2378,cdc25c1
P30307-2,MPIP3,CHEMBL2378,2
P30307-2,MPIP3,CHEMBL2378,cdc25c2
P30307-3,MPIP3,CHEMBL2378,4
P30307-3,MPIP3,CHEMBL2378,cdc25c4
P30307-4,MPIP3,CHEMBL2378,5
P30307-4,MPIP3,CHEMBL2378,cdc25c5
P30307-4,MPIP3,CHEMBL2378,cdc25cdm
P30307-5,MPIP3,CHEMBL2378,3
P30307-5,MPIP3,CHEMBL2378,cdc25c3
Q5VT25-1,MRCKA,CHEMBL4516,1
Q5VT25-2,MRCKA,CHEMBL4516,2
Q5VT25-3,MRCKA,CHEMBL4516,3
Q5VT25-4,MRCKA,CHEMBL4516,4
Q5VT25-5,MRCKA,CHEMBL4516,5
Q5VT25-6,MRCKA,CHEMBL4516,6
P49959-1,MRE11,CHEMBL3308929,1
P49959-2,MRE11,CHEMBL3308929,2
P49959-3,MRE11,CHEMBL3308929,3
P33527-1,MRP1,CHEMBL3004,1
P33527-1,MRP1,CHEMBL3004,allexons
P33527-2,MRP1,CHEMBL3004,2
P33527-2,MRP1,CHEMBL3004,delexon-17
P33527-3,MRP1,CHEMBL3004,3
P33527-3,MRP1,CHEMBL3004,delexon-18
P33527-4,MRP1,CHEMBL3004,4
P33527-4,MRP1,CHEMBL3004,delexon-30
P33527-5,MRP1,CHEMBL3004,5
P33527-5,MRP1,CHEMBL3004,delexon-17-18
P33527-6,MRP1,CHEMBL3004,6
P33527-6,MRP1,CHEMBL3004,delexon-17-30
P33527-7,MRP1,CHEMBL3004,7
P33527-7,MRP1,CHEMBL3004,delexon-18-30
P33527-8,MRP1,CHEMBL3004,8
P33527-8,MRP1,CHEMBL3004,delexon-17-18-30
P33527-9,MRP1,CHEMBL3004,9
Q13126-1,MTAP,CHEMBL4941,1
Q13126-2,MTAP,CHEMBL4941,2
Q13126-2,MTAP,CHEMBL4941,mtap_v1
Q13126-3,MTAP,CHEMBL4941,3
Q13126-3,MTAP,CHEMBL4941,mtap_v2
Q13126-4,MTAP,CHEMBL4941,4
Q13126-4,MTAP,CHEMBL4941,mtap_v3
Q13126-5,MTAP,CHEMBL4941,5
Q13126-5,MTAP,CHEMBL4941,mtap_v4
Q13126-6,MTAP,CHEMBL4941,6
Q13126-6,MTAP,CHEMBL4941,mtap_v5
Q13126-7,MTAP,CHEMBL4941,7
Q13126-7,MTAP,CHEMBL4941,mtap_v6
P55157-1,MTP,CHEMBL2569,1
P55157-2,MTP,CHEMBL2569,2
O15146-1,MUSK,CHEMBL5684,1
O15146-2,MUSK,CHEMBL5684,2
O15146-3,MUSK,CHEMBL5684,3
P01103-1,MYB,CHEMBL2380186,1
P01103-2,MYB,CHEMBL2380186,2
Q15746-1,MYLK,CHEMBL2428,1
Q15746-1,MYLK,CHEMBL2428,non-muscle isozyme
Q15746-10,MYLK,CHEMBL2428,8
Q15746-11,MYLK,CHEMBL2428,9
Q15746-2,MYLK,CHEMBL2428,2
Q15746-3,MYLK,CHEMBL2428,3a
Q15746-4,MYLK,CHEMBL2428,3b
Q15746-5,MYLK,CHEMBL2428,4
Q15746-6,MYLK,CHEMBL2428,del-1790
Q15746-7,MYLK,CHEMBL2428,5
Q15746-7,MYLK,CHEMBL2428,smooth-muscle isozyme
Q15746-8,MYLK,CHEMBL2428,6
Q15746-8,MYLK,CHEMBL2428,telokin
Q15746-9,MYLK,CHEMBL2428,7
Q32MK0-3,MYLK3,CHEMBL4627,1
Q32MK0-4,MYLK3,CHEMBL4627,2
Q86YV6-1,MYLK4,CHEMBL5426,1
Q86YV6-2,MYLK4,CHEMBL5426,2
Q8NEV4-1,MYO3A,CHEMBL5546,1
Q8NEV4-2,MYO3A,CHEMBL5546,2
Q8WXR4-1,MYO3B,CHEMBL5654,1
Q8WXR4-1,MYO3B,CHEMBL5654,myo3b.2
Q8WXR4-2,MYO3B,CHEMBL5654,2
Q8WXR4-2,MYO3B,CHEMBL5654,myo3b.0
Q8WXR4-3,MYO3B,CHEMBL5654,3
Q8WXR4-3,MYO3B,CHEMBL5654,myo3b.1
Q8WXR4-4,MYO3B,CHEMBL5654,4
Q8WXR4-4,MYO3B,CHEMBL5654,myo3b.3
Q8WXR4-5,MYO3B,CHEMBL5654,5
Q8WXR4-5,MYO3B,CHEMBL5654,myo3b.4
Q8WXR4-6,MYO3B,CHEMBL5654,6
Q8WXR4-6,MYO3B,CHEMBL5654,myo3b.5
Q8WXR4-7,MYO3B,CHEMBL5654,7
Q02083-1,NAAA,CHEMBL4349,1
Q02083-2,NAAA,CHEMBL4349,2
Q02083-3,NAAA,CHEMBL4349,3
Q6PIU2-1,NCEH1,CHEMBL5048,1
Q6PIU2-2,NCEH1,CHEMBL5048,2
Q6PIU2-3,NCEH1,CHEMBL5048,3
P14598-1,NCF1,CHEMBL1613743,1
P14598-2,NCF1,CHEMBL1613743,2
Q96PY6-1,NEK1,CHEMBL5855,1
Q96PY6-2,NEK1,CHEMBL5855,2
Q96PY6-3,NEK1,CHEMBL5855,3
Q96PY6-4,NEK1,CHEMBL5855,4
Q96PY6-5,NEK1,CHEMBL5855,5
Q96PY6-6,NEK1,CHEMBL5855,6
Q8NG66-1,NEK11,CHEMBL5638,1
Q8NG66-1,NEK11,CHEMBL5638,long
Q8NG66-2,NEK11,CHEMBL5638,2
Q8NG66-2,NEK11,CHEMBL5638,short
Q8NG66-3,NEK11,CHEMBL5638,3
Q8NG66-4,NEK11,CHEMBL5638,4
P51955-1,NEK2,CHEMBL3835,1
P51955-1,NEK2,CHEMBL3835,nek2a
P51955-2,NEK2,CHEMBL3835,2
P51955-2,NEK2,CHEMBL3835,nek2b
P51955-3,NEK2,CHEMBL3835,3
P51955-4,NEK2,CHEMBL3835,4
P51955-4,NEK2,CHEMBL3835,nek2c
P51955-4,NEK2,CHEMBL3835,nek2a-t
P51956-1,NEK3,CHEMBL5679,1
P51956-2,NEK3,CHEMBL5679,2
P51957-1,NEK4,CHEMBL5819,1
P51957-2,NEK4,CHEMBL5819,2
P51957-3,NEK4,CHEMBL5819,3
Q9UQ49-1,NEUR3,CHEMBL3046,1
Q9UQ49-2,NEUR3,CHEMBL3046,2
Q8WWR8-1,NEUR4,CHEMBL4174,1
Q8WWR8-2,NEUR4,CHEMBL4174,2
Q8WWR8-3,NEUR4,CHEMBL4174,3
O14745-1,NHRF1,CHEMBL4523125,1
O14745-2,NHRF1,CHEMBL4523125,2
Q9Y2I1-1,NISCH,CHEMBL3923,1
Q9Y2I1-1,NISCH,CHEMBL3923,iras-1
Q9Y2I1-1,NISCH,CHEMBL3923,iras-m
Q9Y2I1-2,NISCH,CHEMBL3923,2
Q9Y2I1-3,NISCH,CHEMBL3923,3
Q9Y2I1-3,NISCH,CHEMBL3923,iras-l
Q9Y2I1-4,NISCH,CHEMBL3923,4
Q9Y2I1-4,NISCH,CHEMBL3923,iras-s
P25103-1,NK1R,CHEMBL249,1
P25103-3,NK1R,CHEMBL249,2
Q8R4B8-1,NLRP3,CHEMBL3779755,1
Q8R4B8-1,NLRP3,CHEMBL3779755,mmig-1a
Q8R4B8-2,NLRP3,CHEMBL3779755,2
Q8R4B8-2,NLRP3,CHEMBL3779755,mmig-1b
Q8R4B8-3,NLRP3,CHEMBL3779755,3
Q8R4B8-3,NLRP3,CHEMBL3779755,mmig-1c
Q8R4B8-4,NLRP3,CHEMBL3779755,4
Q8R4B8-4,NLRP3,CHEMBL3779755,mmig-1d
Q96P20-1,NLRP3,CHEMBL1741208,2
Q96P20-2,NLRP3,CHEMBL1741208,1
Q96P20-3,NLRP3,CHEMBL1741208,3
Q96P20-4,NLRP3,CHEMBL1741208,4
Q96P20-5,NLRP3,CHEMBL1741208,5
Q96P20-6,NLRP3,CHEMBL1741208,6
Q12879-1,NMDE1,CHEMBL1972,1
Q12879-2,NMDE1,CHEMBL1972,2
P35439-1,NMDZ1,CHEMBL330,a
P35439-2,NMDZ1,CHEMBL330,b
P35439-3,NMDZ1,CHEMBL330,c
P35439-3,NMDZ1,CHEMBL330,nmdar1-2a subunit
P35439-4,NMDZ1,CHEMBL330,d
P35439-5,NMDZ1,CHEMBL330,e
P35439-6,NMDZ1,CHEMBL330,f
P35439-6,NMDZ1,CHEMBL330,nmdar1-2b subunit
P35439-7,NMDZ1,CHEMBL330,g
P35439-7,NMDZ1,CHEMBL330,nmdar1-4b subunit
Q05586-1,NMDZ1,CHEMBL2015,3
Q05586-1,NMDZ1,CHEMBL2015,long
Q05586-1,NMDZ1,CHEMBL2015,nr1-3
Q05586-2,NMDZ1,CHEMBL2015,1
Q05586-2,NMDZ1,CHEMBL2015,short
Q05586-2,NMDZ1,CHEMBL2015,nr1-1
Q05586-3,NMDZ1,CHEMBL2015,2
Q05586-3,NMDZ1,CHEMBL2015,medium
Q05586-3,NMDZ1,CHEMBL2015,nr1-2
Q05586-4,NMDZ1,CHEMBL2015,4
Q05586-5,NMDZ1,CHEMBL2015,5
Q05586-6,NMDZ1,CHEMBL2015,6
Q05586-7,NMDZ1,CHEMBL2015,7
P30419-1,NMT1,CHEMBL2593,long
P30419-2,NMT1,CHEMBL2593,short
Q9Y239-1,NOD1,CHEMBL1293222,1
Q9Y239-1,NOD1,CHEMBL1293222,alpha
Q9Y239-2,NOD1,CHEMBL1293222,2
Q9Y239-3,NOD1,CHEMBL1293222,3
Q9Y239-3,NOD1,CHEMBL1293222,beta
Q9Y239-3,NOD1,CHEMBL1293222,delta10
Q9HC29-1,NOD2,CHEMBL1293266,1
Q9HC29-1,NOD2,CHEMBL1293266,nod2
Q9HC29-1,NOD2,CHEMBL1293266,nod2l
Q9HC29-2,NOD2,CHEMBL1293266,2
Q9HC29-2,NOD2,CHEMBL1293266,nod2b
Q9HC29-2,NOD2,CHEMBL1293266,nod2s
Q9HC29-3,NOD2,CHEMBL1293266,3
Q9HC29-3,NOD2,CHEMBL1293266,nod2-c2
P29475-1,NOS1,CHEMBL3568,1
P29475-1,NOS1,CHEMBL3568,n-nos-1
P29475-2,NOS1,CHEMBL3568,2
P29475-2,NOS1,CHEMBL3568,n-nos-2
P29475-3,NOS1,CHEMBL3568,3
P29475-3,NOS1,CHEMBL3568,tn-nos
P29475-3,NOS1,CHEMBL3568,tn-nosb
P29475-4,NOS1,CHEMBL3568,4
P29475-4,NOS1,CHEMBL3568,tex2-insertion
P29475-5,NOS1,CHEMBL3568,5
P29475-5,NOS1,CHEMBL3568,nnosmu
P29476-1,NOS1,CHEMBL3048,n-nos-1
P29476-2,NOS1,CHEMBL3048,n-nos-2
P29476-3,NOS1,CHEMBL3048,pnnos
P35228-1,NOS2,CHEMBL4481,1
P35228-2,NOS2,CHEMBL4481,2
P29474-1,NOS3,CHEMBL4803,1
P29474-2,NOS3,CHEMBL4803,enos13c
P29474-3,NOS3,CHEMBL4803,enos13b
Q9UHC9-1,NPCL1,CHEMBL2027,1
Q9UHC9-2,NPCL1,CHEMBL2027,2
Q9UHC9-2,NPCL1,CHEMBL2027,npc1l1deltae15
Q9UHC9-3,NPCL1,CHEMBL2027,3
Q9UHC9-3,NPCL1,CHEMBL2027,npcl1t
Q9UHC9-4,NPCL1,CHEMBL2027,4
Q9Y5X5-1,NPFF2,CHEMBL5952,1
Q9Y5X5-1,NPFF2,CHEMBL5952,long form
Q9Y5X5-2,NPFF2,CHEMBL5952,2
Q9Y5X5-2,NPFF2,CHEMBL5952,short form
Q9Y5X5-3,NPFF2,CHEMBL5952,3
Q9Y5X5-4,NPFF2,CHEMBL5952,4
Q6W5P4-1,NPSR1,CHEMBL5162,1
Q6W5P4-1,NPSR1,CHEMBL5162,isoform a
Q6W5P4-2,NPSR1,CHEMBL5162,2
Q6W5P4-2,NPSR1,CHEMBL5162,isoform f
Q6W5P4-3,NPSR1,CHEMBL5162,3
Q6W5P4-3,NPSR1,CHEMBL5162,isoform g
Q6W5P4-4,NPSR1,CHEMBL5162,4
Q6W5P4-4,NPSR1,CHEMBL5162,isoform b long form
Q6W5P4-5,NPSR1,CHEMBL5162,5
Q6W5P4-5,NPSR1,CHEMBL5162,isoform b short form
Q6W5P4-6,NPSR1,CHEMBL5162,6
Q6W5P4-6,NPSR1,CHEMBL5162,isoform d
Q6W5P4-7,NPSR1,CHEMBL5162,7
Q6W5P4-7,NPSR1,CHEMBL5162,isoform e
Q6W5P4-8,NPSR1,CHEMBL5162,8
Q6W5P4-9,NPSR1,CHEMBL5162,9
Q6W5P4-9,NPSR1,CHEMBL5162,isoform c
P15559-1,NQO1,CHEMBL3623,1
P15559-2,NQO1,CHEMBL3623,2
P15559-3,NQO1,CHEMBL3623,3
P55055-1,NR1H2,CHEMBL4093,1
P55055-2,NR1H2,CHEMBL4093,2
Q13133-1,NR1H3,CHEMBL2808,1
Q13133-2,NR1H3,CHEMBL2808,2
Q13133-3,NR1H3,CHEMBL2808,3
Q96RI1-1,NR1H4,CHEMBL2047,3
Q96RI1-1,NR1H4,CHEMBL2047,fxralpha1(+)
Q96RI1-1,NR1H4,CHEMBL2047,fxralpha1
Q96RI1-2,NR1H4,CHEMBL2047,4
Q96RI1-2,NR1H4,CHEMBL2047,fxralpha1(-)
Q96RI1-2,NR1H4,CHEMBL2047,fxralpha2
Q96RI1-3,NR1H4,CHEMBL2047,1
Q96RI1-3,NR1H4,CHEMBL2047,fxralpha2(+)
Q96RI1-3,NR1H4,CHEMBL2047,fxralpha1
Q96RI1-3,NR1H4,CHEMBL2047,fxrbeta1
Q96RI1-4,NR1H4,CHEMBL2047,2
Q96RI1-4,NR1H4,CHEMBL2047,fxralpha2(-)
Q96RI1-4,NR1H4,CHEMBL2047,fxralpha4
Q96RI1-4,NR1H4,CHEMBL2047,fxrbeta2
Q96RI1-5,NR1H4,CHEMBL2047,5
Q14994-1,NR1I3,CHEMBL5503,1
Q14994-10,NR1I3,CHEMBL5503,10
Q14994-11,NR1I3,CHEMBL5503,11
Q14994-12,NR1I3,CHEMBL5503,12
Q14994-13,NR1I3,CHEMBL5503,13
Q14994-15,NR1I3,CHEMBL5503,14
Q14994-16,NR1I3,CHEMBL5503,15
Q14994-2,NR1I3,CHEMBL5503,2
Q14994-3,NR1I3,CHEMBL5503,3
Q14994-4,NR1I3,CHEMBL5503,4
Q14994-5,NR1I3,CHEMBL5503,5
Q14994-6,NR1I3,CHEMBL5503,6
Q14994-7,NR1I3,CHEMBL5503,7
Q14994-8,NR1I3,CHEMBL5503,8
Q14994-9,NR1I3,CHEMBL5503,9
P49281-1,NRAM2,CHEMBL1932895,2
P49281-1,NRAM2,CHEMBL1932895,1b-non-ire
P49281-1,NRAM2,CHEMBL1932895,dmt1b
P49281-2,NRAM2,CHEMBL1932895,1
P49281-2,NRAM2,CHEMBL1932895,ib-ire
P49281-2,NRAM2,CHEMBL1932895,dmt1a
P49281-3,NRAM2,CHEMBL1932895,3
P49281-3,NRAM2,CHEMBL1932895,1a-ire
P49281-4,NRAM2,CHEMBL1932895,4
P49281-4,NRAM2,CHEMBL1932895,1a-non-ire
P49281-5,NRAM2,CHEMBL1932895,5
O14786-1,NRP1,CHEMBL5174,1
O14786-1,NRP1,CHEMBL5174,membrane-bound
O14786-2,NRP1,CHEMBL5174,2
O14786-2,NRP1,CHEMBL5174,soluble
O14786-2,NRP1,CHEMBL5174,snrp1
O14786-3,NRP1,CHEMBL5174,3
Q9NY59-1,NSMA2,CHEMBL4523470,1
Q9NY59-2,NSMA2,CHEMBL4523470,2
P04629-1,NTRK1,CHEMBL2815,trka-ii
P04629-1,NTRK1,CHEMBL2815,trkaii
P04629-2,NTRK1,CHEMBL2815,trka-i
P04629-2,NTRK1,CHEMBL2815,trkai
P04629-3,NTRK1,CHEMBL2815,3
P04629-4,NTRK1,CHEMBL2815,trka-iii
P04629-4,NTRK1,CHEMBL2815,trkaiii
P35739-1,NTRK1,CHEMBL4220,trka-ii
P35739-2,NTRK1,CHEMBL4220,trka-i
Q16620-1,NTRK2,CHEMBL4898,trkb
Q16620-1,NTRK2,CHEMBL4898,gp145-trkb
Q16620-2,NTRK2,CHEMBL4898,trkb-t1
Q16620-3,NTRK2,CHEMBL4898,trkb-t-shc
Q16620-4,NTRK2,CHEMBL4898,4
Q16620-5,NTRK2,CHEMBL4898,5
Q16620-6,NTRK2,CHEMBL4898,trkb-t-tk
Q16620-7,NTRK2,CHEMBL4898,trkb-n-t1
Q16288-1,NTRK3,CHEMBL5608,1
Q16288-1,NTRK3,CHEMBL5608,a
Q16288-2,NTRK3,CHEMBL5608,2
Q16288-2,NTRK3,CHEMBL5608,b
Q16288-3,NTRK3,CHEMBL5608,3
Q16288-3,NTRK3,CHEMBL5608,c
Q16288-4,NTRK3,CHEMBL5608,4
Q16288-4,NTRK3,CHEMBL5608,d
Q16288-5,NTRK3,CHEMBL5608,5
Q16288-5,NTRK3,CHEMBL5608,e
O60285-1,NUAK1,CHEMBL5784,1
O60285-2,NUAK1,CHEMBL5784,2
O60502-1,OGA,CHEMBL5921,1
O60502-2,OGA,CHEMBL5921,2
O60502-3,OGA,CHEMBL5921,3
O60502-3,OGA,CHEMBL5921,mgea5s
O60502-4,OGA,CHEMBL5921,4
P41145-1,OPRK,CHEMBL237,1
P41145-2,OPRK,CHEMBL237,2
P33535-1,OPRM,CHEMBL270,1
P33535-2,OPRM,CHEMBL270,2
P33535-2,OPRM,CHEMBL270,mor1a
P33535-3,OPRM,CHEMBL270,3
P33535-3,OPRM,CHEMBL270,mor1r
P33535-4,OPRM,CHEMBL270,4
P33535-4,OPRM,CHEMBL270,mor1b
P33535-5,OPRM,CHEMBL270,5
P33535-5,OPRM,CHEMBL270,mor1b2
P33535-6,OPRM,CHEMBL270,6
P33535-6,OPRM,CHEMBL270,mor1c1
P33535-7,OPRM,CHEMBL270,7
P33535-7,OPRM,CHEMBL270,mor-1c2
P33535-8,OPRM,CHEMBL270,8
P33535-8,OPRM,CHEMBL270,rmor-1d
P35372-1,OPRM,CHEMBL233,1
P35372-10,OPRM,CHEMBL233,10
P35372-10,OPRM,CHEMBL233,mor-1i
P35372-11,OPRM,CHEMBL233,11
P35372-11,OPRM,CHEMBL233,mor-1b4
P35372-12,OPRM,CHEMBL233,12
P35372-12,OPRM,CHEMBL233,mor-1g1
P35372-12,OPRM,CHEMBL233,mor-1k
P35372-13,OPRM,CHEMBL233,13
P35372-13,OPRM,CHEMBL233,mor-1g2
P35372-14,OPRM,CHEMBL233,14
P35372-14,OPRM,CHEMBL233,mu3
P35372-15,OPRM,CHEMBL233,15
P35372-15,OPRM,CHEMBL233,mor-1w
P35372-16,OPRM,CHEMBL233,16
P35372-16,OPRM,CHEMBL233,sv1
P35372-17,OPRM,CHEMBL233,17
P35372-17,OPRM,CHEMBL233,sv2
P35372-18,OPRM,CHEMBL233,18
P35372-18,OPRM,CHEMBL233,hmor-1z
P35372-2,OPRM,CHEMBL233,2
P35372-2,OPRM,CHEMBL233,mor1a
P35372-2,OPRM,CHEMBL233,mor-1a
P35372-3,OPRM,CHEMBL233,3
P35372-3,OPRM,CHEMBL233,mor-1r
P35372-3,OPRM,CHEMBL233,mor-1x
P35372-4,OPRM,CHEMBL233,4
P35372-4,OPRM,CHEMBL233,mor-1b3
P35372-5,OPRM,CHEMBL233,5
P35372-5,OPRM,CHEMBL233,mor-1c
P35372-5,OPRM,CHEMBL233,mor-1o
P35372-6,OPRM,CHEMBL233,6
P35372-6,OPRM,CHEMBL233,mor-1v
P35372-6,OPRM,CHEMBL233,mor-1y
P35372-6,OPRM,CHEMBL233,mor-1y2
P35372-6,OPRM,CHEMBL233,mor-1y3
P35372-7,OPRM,CHEMBL233,7
P35372-7,OPRM,CHEMBL233,mor-1b1
P35372-8,OPRM,CHEMBL233,8
P35372-8,OPRM,CHEMBL233,mor-1b2
P35372-9,OPRM,CHEMBL233,9
P35372-9,OPRM,CHEMBL233,mor-1b5
P42866-1,OPRM,CHEMBL2858,1
P42866-1,OPRM,CHEMBL2858,mor-1
P42866-1,OPRM,CHEMBL2858,mor-h
P42866-1,OPRM,CHEMBL2858,mor-1j
P42866-1,OPRM,CHEMBL2858,mor-1t
P42866-10,OPRM,CHEMBL2858,10
P42866-10,OPRM,CHEMBL2858,mor-1e
P42866-10,OPRM,CHEMBL2858,mor-1eiii
P42866-10,OPRM,CHEMBL2858,mor-1eiv
P42866-11,OPRM,CHEMBL2858,11
P42866-11,OPRM,CHEMBL2858,mor-1f
P42866-12,OPRM,CHEMBL2858,12
P42866-12,OPRM,CHEMBL2858,mor-1o
P42866-13,OPRM,CHEMBL2858,13
P42866-13,OPRM,CHEMBL2858,mor-1p
P42866-13,OPRM,CHEMBL2858,mor-1r
P42866-14,OPRM,CHEMBL2858,14
P42866-14,OPRM,CHEMBL2858,mor-1g
P42866-15,OPRM,CHEMBL2858,15
P42866-15,OPRM,CHEMBL2858,mor-1m
P42866-16,OPRM,CHEMBL2858,16
P42866-16,OPRM,CHEMBL2858,mor-1n
P42866-17,OPRM,CHEMBL2858,17
P42866-17,OPRM,CHEMBL2858,mor-1u
P42866-18,OPRM,CHEMBL2858,18
P42866-18,OPRM,CHEMBL2858,mor-1v
P42866-19,OPRM,CHEMBL2858,19
P42866-19,OPRM,CHEMBL2858,mor-1w
P42866-2,OPRM,CHEMBL2858,2
P42866-2,OPRM,CHEMBL2858,mor-1a
P42866-3,OPRM,CHEMBL2858,3
P42866-3,OPRM,CHEMBL2858,mor-1b1
P42866-4,OPRM,CHEMBL2858,4
P42866-4,OPRM,CHEMBL2858,mor-1b2
P42866-5,OPRM,CHEMBL2858,5
P42866-5,OPRM,CHEMBL2858,mor-1b3
P42866-5,OPRM,CHEMBL2858,mor-1q
P42866-6,OPRM,CHEMBL2858,6
P42866-6,OPRM,CHEMBL2858,mor-1b4
P42866-6,OPRM,CHEMBL2858,mor-1r
P42866-7,OPRM,CHEMBL2858,7
P42866-7,OPRM,CHEMBL2858,mor-1b5
P42866-7,OPRM,CHEMBL2858,mor-1p
P42866-8,OPRM,CHEMBL2858,8
P42866-8,OPRM,CHEMBL2858,mor-1c
P42866-9,OPRM,CHEMBL2858,9
P42866-9,OPRM,CHEMBL2858,mor-1d
P35377-1,OPRX,CHEMBL3621,kor3
P35377-2,OPRX,CHEMBL3621,kor3a
P35377-3,OPRX,CHEMBL3621,kor3b
P35377-4,OPRX,CHEMBL3621,kor3c
P35377-5,OPRX,CHEMBL3621,kor3d
P35377-6,OPRX,CHEMBL3621,kor3e
P41146-1,OPRX,CHEMBL2014,1
P41146-2,OPRX,CHEMBL2014,2
P41146-2,OPRX,CHEMBL2014,kor-3d
Q96D31-1,ORAI1,CHEMBL2384891,alpha
Q96D31-2,ORAI1,CHEMBL2384891,beta
P49653-1,P2RX2,CHEMBL2135,p2rx2-1
P49653-2,P2RX2,CHEMBL2135,p2rx2-2
P49653-3,P2RX2,CHEMBL2135,p2rx2-3
Q9UBL9-1,P2RX2,CHEMBL2531,a
Q9UBL9-2,P2RX2,CHEMBL2531,b
Q9UBL9-3,P2RX2,CHEMBL2531,c
Q9UBL9-4,P2RX2,CHEMBL2531,d
Q9UBL9-5,P2RX2,CHEMBL2531,h
Q9UBL9-6,P2RX2,CHEMBL2531,i
Q9UBL9-7,P2RX2,CHEMBL2531,k
Q99571-1,P2RX4,CHEMBL2104,1
Q99571-2,P2RX4,CHEMBL2104,2
Q99571-3,P2RX4,CHEMBL2104,3
Q64663-1,P2RX7,CHEMBL2496,1
Q64663-2,P2RX7,CHEMBL2496,2
Q64663-2,P2RX7,CHEMBL2496,k
Q99572-1,P2RX7,CHEMBL4805,a
Q99572-2,P2RX7,CHEMBL4805,b
Q99572-2,P2RX7,CHEMBL4805,delta-c
Q99572-2,P2RX7,CHEMBL4805,cytoplasmic tail deleted
Q99572-3,P2RX7,CHEMBL4805,c
Q99572-4,P2RX7,CHEMBL4805,d
Q99572-5,P2RX7,CHEMBL4805,e
Q99572-6,P2RX7,CHEMBL4805,f
Q99572-7,P2RX7,CHEMBL4805,g
Q99572-8,P2RX7,CHEMBL4805,h
Q99572-8,P2RX7,CHEMBL4805,delta-tm1
Q99572-9,P2RX7,CHEMBL4805,j
Q99572-9,P2RX7,CHEMBL4805,isoform p
O00443-1,P3C2A,CHEMBL1075102,1
O00443-2,P3C2A,CHEMBL1075102,2
P04637-1,P53,CHEMBL4096,1
P04637-1,P53,CHEMBL4096,p53
P04637-1,P53,CHEMBL4096,p53alpha
P04637-2,P53,CHEMBL4096,2
P04637-2,P53,CHEMBL4096,i9ret
P04637-2,P53,CHEMBL4096,p53beta
P04637-3,P53,CHEMBL4096,3
P04637-3,P53,CHEMBL4096,p53gamma
P04637-4,P53,CHEMBL4096,4
P04637-4,P53,CHEMBL4096,del40-p53
P04637-4,P53,CHEMBL4096,del40-p53alpha
P04637-4,P53,CHEMBL4096,p47
P04637-5,P53,CHEMBL4096,5
P04637-5,P53,CHEMBL4096,del40-p53beta
P04637-6,P53,CHEMBL4096,6
P04637-6,P53,CHEMBL4096,del40-p53gamma
P04637-7,P53,CHEMBL4096,7
P04637-7,P53,CHEMBL4096,del133-p53
P04637-7,P53,CHEMBL4096,del133-p53alpha
P04637-8,P53,CHEMBL4096,8
P04637-8,P53,CHEMBL4096,del133-p53beta
P04637-9,P53,CHEMBL4096,9
P04637-9,P53,CHEMBL4096,del133-p53gamma
P03433-1,PA,CHEMBL1169598,pa
P0CK64-1,PA,CHEMBL1169598,pa-x
P41586-1,PACR,CHEMBL5399,n
P41586-2,PACR,CHEMBL5399,n-hop1
P41586-3,PACR,CHEMBL5399,s
P41586-4,PACR,CHEMBL5399,s-hop1
P41586-5,PACR,CHEMBL5399,vs
P05121-1,PAI1,CHEMBL3475,1
P05121-2,PAI1,CHEMBL3475,2
Q13153-1,PAK1,CHEMBL4600,1
Q13153-2,PAK1,CHEMBL4600,2
Q13153-2,PAK1,CHEMBL4600,pak1b
O75914-1,PAK3,CHEMBL2999,1
O75914-1,PAK3,CHEMBL2999,pak3b
O75914-2,PAK3,CHEMBL2999,2
O75914-3,PAK3,CHEMBL2999,3
O75914-3,PAK3,CHEMBL2999,pak3cb
O75914-4,PAK3,CHEMBL2999,4
O75914-4,PAK3,CHEMBL2999,pak3c
O96013-1,PAK4,CHEMBL4482,1
O96013-2,PAK4,CHEMBL4482,2
O96013-3,PAK4,CHEMBL4482,3
O96013-4,PAK4,CHEMBL4482,4
Q9NQU5-1,PAK6,CHEMBL4311,1
Q9NQU5-2,PAK6,CHEMBL4311,2
Q8TE04-1,PANK1,CHEMBL3407326,1
Q8TE04-1,PANK1,CHEMBL3407326,pank1-alpha
Q8TE04-1,PANK1,CHEMBL3407326,pank1a
Q8TE04-2,PANK1,CHEMBL3407326,2
Q8TE04-2,PANK1,CHEMBL3407326,pank1a
Q8TE04-2,PANK1,CHEMBL3407326,pank1-beta
Q8TE04-3,PANK1,CHEMBL3407326,3
Q8TE04-3,PANK1,CHEMBL3407326,pank1b
Q8TE04-4,PANK1,CHEMBL3407326,4
Q8TE04-4,PANK1,CHEMBL3407326,pank1-gamma
Q460N5-1,PAR14,CHEMBL2176777,1
Q460N5-1,PAR14,CHEMBL2176777,bal2b
Q460N5-3,PAR14,CHEMBL2176777,3
Q460N5-3,PAR14,CHEMBL2176777,bal2a
Q460N5-4,PAR14,CHEMBL2176777,4
Q460N5-5,PAR14,CHEMBL2176777,5
Q460N5-6,PAR14,CHEMBL2176777,6
Q460N3-1,PAR15,CHEMBL2176778,1
Q460N3-2,PAR15,CHEMBL2176778,2
Q86W56-1,PARG,CHEMBL1795143,1
Q86W56-1,PARG,CHEMBL1795143,hparg111
Q86W56-2,PARG,CHEMBL1795143,2
Q86W56-2,PARG,CHEMBL1795143,hparg102
Q86W56-3,PARG,CHEMBL1795143,3
Q86W56-3,PARG,CHEMBL1795143,hparg99
Q86W56-4,PARG,CHEMBL1795143,4
Q86W56-4,PARG,CHEMBL1795143,hparg60
Q86W56-5,PARG,CHEMBL1795143,5
Q86W56-5,PARG,CHEMBL1795143,hparg55
Q9UGN5-1,PARP2,CHEMBL5366,1
Q9UGN5-2,PARP2,CHEMBL5366,2
Q9Y6F1-1,PARP3,CHEMBL5083,1
Q9Y6F1-1,PARP3,CHEMBL5083,short
Q9Y6F1-2,PARP3,CHEMBL5083,2
Q9Y6F1-2,PARP3,CHEMBL5083,long
Q96RG2-1,PASK,CHEMBL6054,1
Q96RG2-2,PASK,CHEMBL6054,2
Q96RG2-4,PASK,CHEMBL6054,3
Q96NT5-1,PCFT,CHEMBL1795188,1
Q96NT5-2,PCFT,CHEMBL1795188,2
P42785-1,PCP,CHEMBL2335,1
P42785-2,PCP,CHEMBL2335,2
Q7TMR0-1,PCP,CHEMBL1255149,1
Q7TMR0-2,PCP,CHEMBL1255149,2
P29122-1,PCSK6,CHEMBL2951,pace4a-i
P29122-1,PCSK6,CHEMBL2951,pace4
P29122-2,PCSK6,CHEMBL2951,pace4a-ii
P29122-3,PCSK6,CHEMBL2951,pace4b
P29122-3,PCSK6,CHEMBL2951,pace4.1
P29122-4,PCSK6,CHEMBL2951,pace4c
P29122-5,PCSK6,CHEMBL2951,pace4cs
P29122-6,PCSK6,CHEMBL2951,pace4d
P29122-7,PCSK6,CHEMBL2951,pace4e-i
P29122-8,PCSK6,CHEMBL2951,pace4e-ii
Q9NZQ7-1,PD1L1,CHEMBL3580522,1
Q9NZQ7-1,PD1L1,CHEMBL3580522,pd-l1i
Q9NZQ7-2,PD1L1,CHEMBL3580522,2
Q9NZQ7-2,PD1L1,CHEMBL3580522,pd-l1ii
Q9NZQ7-3,PD1L1,CHEMBL3580522,3
Q9NZQ7-4,PD1L1,CHEMBL3580522,4
Q9NZQ7-4,PD1L1,CHEMBL3580522,secpd-l1
Q13258-1,PD2R,CHEMBL4427,1
Q13258-2,PD2R,CHEMBL4427,2
Q8CA95-1,PDE10,CHEMBL1795126,1
Q8CA95-2,PDE10,CHEMBL1795126,2
Q8CA95-3,PDE10,CHEMBL1795126,3
Q8CA95-4,PDE10,CHEMBL1795126,4
Q9QYJ6-1,PDE10,CHEMBL6140,1
Q9QYJ6-1,PDE10,CHEMBL6140,pde10a2
Q9QYJ6-1,PDE10,CHEMBL6140,10a2
Q9QYJ6-2,PDE10,CHEMBL6140,2
Q9QYJ6-2,PDE10,CHEMBL6140,pde10a3
Q9QYJ6-2,PDE10,CHEMBL6140,10a3
Q9QYJ6-3,PDE10,CHEMBL6140,3
Q9QYJ6-3,PDE10,CHEMBL6140,pde10a11
Q9QYJ6-3,PDE10,CHEMBL6140,10a11
Q9QYJ6-4,PDE10,CHEMBL6140,4
Q9QYJ6-4,PDE10,CHEMBL6140,pde10a12
Q9QYJ6-4,PDE10,CHEMBL6140,10a12
Q9QYJ6-5,PDE10,CHEMBL6140,5
Q9QYJ6-5,PDE10,CHEMBL6140,pde10a13
Q9QYJ6-5,PDE10,CHEMBL6140,10a13
Q9QYJ6-6,PDE10,CHEMBL6140,6
Q9QYJ6-6,PDE10,CHEMBL6140,pde10a14
Q9QYJ6-6,PDE10,CHEMBL6140,10a14
Q9Y233-1,PDE10,CHEMBL4409,pde10a1
Q9Y233-2,PDE10,CHEMBL4409,pde10a2
Q9Y233-3,PDE10,CHEMBL4409,3
Q9HCR9-1,PDE11,CHEMBL2717,1
Q9HCR9-1,PDE11,CHEMBL2717,pde11a4
Q9HCR9-1,PDE11,CHEMBL2717,11a4
Q9HCR9-2,PDE11,CHEMBL2717,2
Q9HCR9-2,PDE11,CHEMBL2717,pde11a3
Q9HCR9-2,PDE11,CHEMBL2717,11a3
Q9HCR9-3,PDE11,CHEMBL2717,3
Q9HCR9-3,PDE11,CHEMBL2717,pde11a2
Q9HCR9-3,PDE11,CHEMBL2717,11a2
Q9HCR9-4,PDE11,CHEMBL2717,4
Q9HCR9-4,PDE11,CHEMBL2717,pde11a1
Q9HCR9-4,PDE11,CHEMBL2717,11a1
Q14123-1,PDE1C,CHEMBL4619,pde1c2
Q14123-1,PDE1C,CHEMBL4619,hcam3a
Q14123-1,PDE1C,CHEMBL4619,pde1c3
Q14123-1,PDE1C,CHEMBL4619,1c3
Q14123-1,PDE1C,CHEMBL4619,hspde1c3a
Q14123-1,PDE1C,CHEMBL4619,hs1c3a
Q14123-1,PDE1C,CHEMBL4619,hspde1c3
Q14123-1,PDE1C,CHEMBL4619,hs1c3
Q14123-2,PDE1C,CHEMBL4619,pde1c1
Q14123-2,PDE1C,CHEMBL4619,hcam3b
Q14123-2,PDE1C,CHEMBL4619,hspde1c1a
Q14123-2,PDE1C,CHEMBL4619,hs1c1a
Q14123-3,PDE1C,CHEMBL4619,3
O00408-1,PDE2A,CHEMBL2652,pde2a3
O00408-2,PDE2A,CHEMBL2652,pde2a1
O00408-3,PDE2A,CHEMBL2652,pde2a2
O00408-4,PDE2A,CHEMBL2652,pde2a4
O00408-5,PDE2A,CHEMBL2652,5
O00408-6,PDE2A,CHEMBL2652,6
P14099-1,PDE2A,CHEMBL3477,pde2a1
P14099-2,PDE2A,CHEMBL3477,pde2a3
P14099-3,PDE2A,CHEMBL3477,pde2a2
Q13370-1,PDE3B,CHEMBL290,1
Q13370-2,PDE3B,CHEMBL290,2
P27815-1,PDE4A,CHEMBL254,1
P27815-1,PDE4A,CHEMBL254,pde4a4
P27815-1,PDE4A,CHEMBL254,4a4
P27815-1,PDE4A,CHEMBL254,pde4a4b
P27815-1,PDE4A,CHEMBL254,4a4b
P27815-1,PDE4A,CHEMBL254,pde46
P27815-1,PDE4A,CHEMBL254,46
P27815-2,PDE4A,CHEMBL254,2
P27815-2,PDE4A,CHEMBL254,tm3
P27815-2,PDE4A,CHEMBL254,pde4a11
P27815-2,PDE4A,CHEMBL254,4a11
P27815-3,PDE4A,CHEMBL254,3
P27815-3,PDE4A,CHEMBL254,pde4a7
P27815-3,PDE4A,CHEMBL254,4a7
P27815-3,PDE4A,CHEMBL254,pde4a6
P27815-3,PDE4A,CHEMBL254,4a6
P27815-4,PDE4A,CHEMBL254,4
P27815-4,PDE4A,CHEMBL254,pde4a1
P27815-4,PDE4A,CHEMBL254,4a1
P27815-4,PDE4A,CHEMBL254,rd1
P27815-5,PDE4A,CHEMBL254,5
P27815-5,PDE4A,CHEMBL254,pde4a8a
P27815-5,PDE4A,CHEMBL254,4a8a
P27815-5,PDE4A,CHEMBL254,2el
P27815-6,PDE4A,CHEMBL254,6
P27815-6,PDE4A,CHEMBL254,pde4a10
P27815-6,PDE4A,CHEMBL254,4a10
P27815-7,PDE4A,CHEMBL254,7
P27815-7,PDE4A,CHEMBL254,pde4a8
P27815-7,PDE4A,CHEMBL254,4a8
Q07343-1,PDE4B,CHEMBL275,pde4b1
Q07343-2,PDE4B,CHEMBL275,pde4b2
Q07343-3,PDE4B,CHEMBL275,pde4b3
Q07343-4,PDE4B,CHEMBL275,pde4b5
Q08493-1,PDE4C,CHEMBL291,pde4c1
Q08493-2,PDE4C,CHEMBL291,pde4c2
Q08493-3,PDE4C,CHEMBL291,pde4c3
Q08493-4,PDE4C,CHEMBL291,pde4c4
Q08493-5,PDE4C,CHEMBL291,pde4c5
Q08493-6,PDE4C,CHEMBL291,pde4c6
Q08493-7,PDE4C,CHEMBL291,pde4c7
Q08499-1,PDE4D,CHEMBL288,4
Q08499-1,PDE4D,CHEMBL288,hpde4d4
Q08499-1,PDE4D,CHEMBL288,h4d4
Q08499-10,PDE4D,CHEMBL288,9
Q08499-10,PDE4D,CHEMBL288,pde4d9
Q08499-10,PDE4D,CHEMBL288,4d9
Q08499-11,PDE4D,CHEMBL288,7
Q08499-11,PDE4D,CHEMBL288,pde4d7
Q08499-11,PDE4D,CHEMBL288,4d7
Q08499-12,PDE4D,CHEMBL288,12
Q08499-2,PDE4D,CHEMBL288,3
Q08499-2,PDE4D,CHEMBL288,hpde4d3
Q08499-2,PDE4D,CHEMBL288,h4d3
Q08499-3,PDE4D,CHEMBL288,10
Q08499-4,PDE4D,CHEMBL288,1
Q08499-4,PDE4D,CHEMBL288,hpde4d1
Q08499-4,PDE4D,CHEMBL288,h4d1
Q08499-5,PDE4D,CHEMBL288,2
Q08499-5,PDE4D,CHEMBL288,hpde4d2
Q08499-5,PDE4D,CHEMBL288,h4d2
Q08499-6,PDE4D,CHEMBL288,5
Q08499-6,PDE4D,CHEMBL288,hpde4d5
Q08499-6,PDE4D,CHEMBL288,h4d5
Q08499-7,PDE4D,CHEMBL288,n3
Q08499-7,PDE4D,CHEMBL288,pde4dn3
Q08499-7,PDE4D,CHEMBL288,4dn3
Q08499-8,PDE4D,CHEMBL288,6
Q08499-8,PDE4D,CHEMBL288,pde4d6
Q08499-8,PDE4D,CHEMBL288,4d6
Q08499-9,PDE4D,CHEMBL288,8
Q08499-9,PDE4D,CHEMBL288,pde4d8
Q08499-9,PDE4D,CHEMBL288,4d8
O54735-1,PDE5A,CHEMBL4567,pde5a2
O54735-2,PDE5A,CHEMBL4567,pde5a1
O76074-1,PDE5A,CHEMBL1827,pde5a1
O76074-2,PDE5A,CHEMBL1827,pde5a2
O77746-1,PDE5A,CHEMBL2304402,pde5a1
O77746-2,PDE5A,CHEMBL2304402,pde5a2
Q13946-1,PDE7A,CHEMBL3012,pde7a1
Q13946-2,PDE7A,CHEMBL3012,pde7a2
Q13946-3,PDE7A,CHEMBL3012,pde7a3
O76083-1,PDE9A,CHEMBL3535,pde9a1
O76083-10,PDE9A,CHEMBL3535,pde9a11
O76083-10,PDE9A,CHEMBL3535,pde9a15
O76083-10,PDE9A,CHEMBL3535,9a15
O76083-11,PDE9A,CHEMBL3535,pde9a12
O76083-12,PDE9A,CHEMBL3535,pde9a13
O76083-13,PDE9A,CHEMBL3535,pde9a16
O76083-14,PDE9A,CHEMBL3535,pde9a17
O76083-15,PDE9A,CHEMBL3535,pde9a18
O76083-16,PDE9A,CHEMBL3535,pde9a21
O76083-2,PDE9A,CHEMBL3535,pde9a2
O76083-3,PDE9A,CHEMBL3535,pde9a3
O76083-4,PDE9A,CHEMBL3535,pde9a4
O76083-5,PDE9A,CHEMBL3535,pde9a5
O76083-6,PDE9A,CHEMBL3535,pde9a6
O76083-6,PDE9A,CHEMBL3535,pde9a5
O76083-6,PDE9A,CHEMBL3535,9a5
O76083-7,PDE9A,CHEMBL3535,pde9a7
O76083-7,PDE9A,CHEMBL3535,pde9a8
O76083-7,PDE9A,CHEMBL3535,9a8
O76083-7,PDE9A,CHEMBL3535,pde9a14
O76083-7,PDE9A,CHEMBL3535,9a14
O76083-7,PDE9A,CHEMBL3535,pde9a19
O76083-7,PDE9A,CHEMBL3535,9a19
O76083-7,PDE9A,CHEMBL3535,pde9a20
O76083-7,PDE9A,CHEMBL3535,9a20
O76083-8,PDE9A,CHEMBL3535,pde9a9
O76083-9,PDE9A,CHEMBL3535,pde9a10
Q15118-1,PDK1,CHEMBL4766,1
Q15118-2,PDK1,CHEMBL4766,2
Q15119-1,PDK2,CHEMBL3861,1
Q15119-2,PDK2,CHEMBL3861,2
Q15120-1,PDK3,CHEMBL3893,1
Q15120-2,PDK3,CHEMBL3893,2
O15530-1,PDPK1,CHEMBL2534,1
O15530-2,PDPK1,CHEMBL2534,2
O15530-3,PDPK1,CHEMBL2534,3
O15530-4,PDPK1,CHEMBL2534,4
O15530-5,PDPK1,CHEMBL2534,5
P70597-1,PE2R1,CHEMBL5068,1
P70597-2,PE2R1,CHEMBL5068,2
P30557-1,PE2R3,CHEMBL4336,alpha
P30557-2,PE2R3,CHEMBL4336,beta
P30557-3,PE2R3,CHEMBL4336,gamma
P43115-1,PE2R3,CHEMBL3710,ep3a
P43115-1,PE2R3,CHEMBL3710,ep3-i
P43115-1,PE2R3,CHEMBL3710,ep3a1
P43115-1,PE2R3,CHEMBL3710,ep3a2
P43115-1,PE2R3,CHEMBL3710,ep(3-ic)
P43115-10,PE2R3,CHEMBL3710,ep3-v
P43115-11,PE2R3,CHEMBL3710,ep3e2
P43115-12,PE2R3,CHEMBL3710,12
P43115-2,PE2R3,CHEMBL3710,ep3c
P43115-2,PE2R3,CHEMBL3710,ep3-ii
P43115-3,PE2R3,CHEMBL3710,ep3b
P43115-3,PE2R3,CHEMBL3710,ep3-iii
P43115-4,PE2R3,CHEMBL3710,ep3d
P43115-4,PE2R3,CHEMBL3710,ep3-iv
P43115-5,PE2R3,CHEMBL3710,ep3e
P43115-6,PE2R3,CHEMBL3710,ep3f
P43115-7,PE2R3,CHEMBL3710,ep3g
P43115-8,PE2R3,CHEMBL3710,ep3-iii
P43115-9,PE2R3,CHEMBL3710,ep3-iv
P20142-1,PEPC,CHEMBL2136,1
P20142-2,PEPC,CHEMBL2136,2
P05164-1,PERM,CHEMBL2439,h17
P05164-1,PERM,CHEMBL2439,b
P05164-2,PERM,CHEMBL2439,h14
P05164-3,PERM,CHEMBL2439,h7
P05164-3,PERM,CHEMBL2439,a
P43088-1,PF2R,CHEMBL1987,1
P43088-2,PF2R,CHEMBL1987,2
P43088-2,PF2R,CHEMBL1987,fp(s)
P43088-2,PF2R,CHEMBL1987,var-1
P43088-3,PF2R,CHEMBL1987,3
P43088-3,PF2R,CHEMBL1987,var-2
P43088-4,PF2R,CHEMBL1987,4
P43088-4,PF2R,CHEMBL1987,var-3
P43088-5,PF2R,CHEMBL1987,5
P43088-5,PF2R,CHEMBL1987,altfp4
P43088-5,PF2R,CHEMBL1987,var-4
P43088-6,PF2R,CHEMBL1987,6
P43088-6,PF2R,CHEMBL1987,var-5
P43088-7,PF2R,CHEMBL1987,7
P43088-7,PF2R,CHEMBL1987,var-6
P15428-1,PGDH,CHEMBL1293255,1
P15428-2,PGDH,CHEMBL1293255,2
P15428-3,PGDH,CHEMBL1293255,3
P15428-4,PGDH,CHEMBL1293255,4
P15428-5,PGDH,CHEMBL1293255,5
P16234-1,PGFRA,CHEMBL2007,1
P16234-2,PGFRA,CHEMBL2007,2
P16234-3,PGFRA,CHEMBL2007,3
P05622-1,PGFRB,CHEMBL2749,1
P05622-2,PGFRB,CHEMBL2749,2
P09619-1,PGFRB,CHEMBL1913,1
P09619-2,PGFRB,CHEMBL1913,2
P23219-1,PGH1,CHEMBL221,1
P23219-1,PGH1,CHEMBL221,long
P23219-2,PGH1,CHEMBL221,2
P23219-2,PGH1,CHEMBL221,short
P23219-3,PGH1,CHEMBL221,3
P23219-4,PGH1,CHEMBL221,4
P23219-5,PGH1,CHEMBL221,5
P23219-5,PGH1,CHEMBL221,1b3
P23219-6,PGH1,CHEMBL221,6
P23219-6,PGH1,CHEMBL221,1b2
Q16816-1,PHKG1,CHEMBL4004,1
Q16816-2,PHKG1,CHEMBL4004,2
P15735-1,PHKG2,CHEMBL2349,1
P15735-2,PHKG2,CHEMBL2349,2
P48426-1,PI42A,CHEMBL1795194,1
P48426-2,PI42A,CHEMBL1795194,2
Q8TBX8-1,PI42C,CHEMBL1770034,1
Q8TBX8-2,PI42C,CHEMBL1770034,2
Q8TBX8-3,PI42C,CHEMBL1770034,3
P42356-1,PI4KA,CHEMBL3667,1
P42356-1,PI4KA,CHEMBL3667,pi4k230
P42356-2,PI4KA,CHEMBL3667,2
P42356-2,PI4KA,CHEMBL3667,pi4k97
Q9UBF8-1,PI4KB,CHEMBL3268,1
Q9UBF8-1,PI4KB,CHEMBL3268,npik-b
Q9UBF8-2,PI4KB,CHEMBL3268,2
Q9UBF8-2,PI4KB,CHEMBL3268,npik-c
Q9UBF8-3,PI4KB,CHEMBL3268,3
P11309-1,PIM1,CHEMBL2147,1
P11309-1,PIM1,CHEMBL2147,pim-1
P11309-2,PIM1,CHEMBL2147,2
P11309-2,PIM1,CHEMBL2147,pim-1l
O00329-1,PK3CD,CHEMBL3130,1
O00329-1,PK3CD,CHEMBL3130,p110-delta
O00329-2,PK3CD,CHEMBL3130,2
O00329-2,PK3CD,CHEMBL3130,p37-delta
O35904-1,PK3CD,CHEMBL2216745,1
O35904-1,PK3CD,CHEMBL2216745,p110-delta
O35904-2,PK3CD,CHEMBL2216745,2
Q16512-1,PKN1,CHEMBL3384,1
Q16512-2,PKN1,CHEMBL3384,2
Q16512-3,PKN1,CHEMBL3384,3
Q16513-1,PKN2,CHEMBL3032,1
Q16513-2,PKN2,CHEMBL3032,2
Q16513-3,PKN2,CHEMBL3032,3
Q16513-4,PKN2,CHEMBL3032,4
Q16513-5,PKN2,CHEMBL3032,5
O15120-1,PLCB,CHEMBL4772,1
O15120-2,PLCB,CHEMBL4772,2
Q13393-1,PLD1,CHEMBL2536,pld1a
Q13393-2,PLD1,CHEMBL2536,pld1b
Q13393-3,PLD1,CHEMBL2536,pld1c
Q13393-4,PLD1,CHEMBL2536,pld1d
O14939-1,PLD2,CHEMBL2734,pld2a
O14939-3,PLD2,CHEMBL2734,pld2c
O14939-4,PLD2,CHEMBL2734,pld2b
P49763-1,PLGF,CHEMBL1697671,plgf-3
P49763-1,PLGF,CHEMBL1697671,plgf-203
P49763-2,PLGF,CHEMBL1697671,plgf-1
P49763-2,PLGF,CHEMBL1697671,plgf-131
P49763-3,PLGF,CHEMBL1697671,plgf-2
P49763-3,PLGF,CHEMBL1697671,plgf-152
P49763-4,PLGF,CHEMBL1697671,plgf-4
P49763-4,PLGF,CHEMBL1697671,plgf-224
O00444-1,PLK4,CHEMBL3788,1
O00444-2,PLK4,CHEMBL3788,2
O00444-3,PLK4,CHEMBL3788,3
O60733-1,PLPL9,CHEMBL3213,lh-ipla2
O60733-2,PLPL9,CHEMBL3213,sh-ipla2
O60733-3,PLPL9,CHEMBL3213,ankyrin-ipla2-1
O60733-4,PLPL9,CHEMBL3213,ankyrin-ipla2-2
O15305-1,PMM2,CHEMBL1741162,1
O15305-2,PMM2,CHEMBL1741162,2
Q99640-1,PMYT1,CHEMBL3984,1
Q99640-2,PMYT1,CHEMBL3984,2
Q99640-3,PMYT1,CHEMBL3984,3
Q99640-4,PMYT1,CHEMBL3984,4
Q9UBT6-1,POLK,CHEMBL5365,1
Q9UBT6-2,POLK,CHEMBL5365,2
Q9UBT6-3,POLK,CHEMBL5365,3
Q9UBT6-4,POLK,CHEMBL5365,4
Q9UBT6-5,POLK,CHEMBL5365,5
Q9UBT6-6,POLK,CHEMBL5365,6
Q9UBT6-7,POLK,CHEMBL5365,7
Q9UBT6-8,POLK,CHEMBL5365,8
Q9H237-1,PORCN,CHEMBL1255163,1
Q9H237-1,PORCN,CHEMBL1255163,d
Q9H237-2,PORCN,CHEMBL1255163,2
Q9H237-2,PORCN,CHEMBL1255163,b
Q9H237-3,PORCN,CHEMBL1255163,3
Q9H237-3,PORCN,CHEMBL1255163,c
Q9H237-4,PORCN,CHEMBL1255163,4
Q9H237-4,PORCN,CHEMBL1255163,a
Q9H237-5,PORCN,CHEMBL1255163,5
Q9JJJ7-1,PORCN,CHEMBL1255164,1
Q9JJJ7-1,PORCN,CHEMBL1255164,d
Q9JJJ7-2,PORCN,CHEMBL1255164,2
Q9JJJ7-2,PORCN,CHEMBL1255164,b
Q9JJJ7-3,PORCN,CHEMBL1255164,3
Q9JJJ7-3,PORCN,CHEMBL1255164,c
Q9JJJ7-4,PORCN,CHEMBL1255164,4
Q9JJJ7-4,PORCN,CHEMBL1255164,a
Q9JJJ7-5,PORCN,CHEMBL1255164,5
Q08209-1,PP2BA,CHEMBL4445,1
Q08209-2,PP2BA,CHEMBL4445,2
Q08209-3,PP2BA,CHEMBL4445,3
Q08209-4,PP2BA,CHEMBL4445,4
Q08209-5,PP2BA,CHEMBL4445,5
P24666-1,PPAC,CHEMBL4903,1
P24666-1,PPAC,CHEMBL4903,f
P24666-1,PPAC,CHEMBL4903,a
P24666-1,PPAC,CHEMBL4903,alpha
P24666-1,PPAC,CHEMBL4903,lmptp-a
P24666-1,PPAC,CHEMBL4903,hcptp-a
P24666-2:P24667-1,PPAC,CHEMBL4903,2
P24666-2:P24667-1,PPAC,CHEMBL4903,s
P24666-2:P24667-1,PPAC,CHEMBL4903,b
P24666-2:P24667-1,PPAC,CHEMBL4903,beta
P24666-2:P24667-1,PPAC,CHEMBL4903,lmptp-b
P24666-2:P24667-1,PPAC,CHEMBL4903,hcptp-b
P24666-3,PPAC,CHEMBL4903,3
P24666-3,PPAC,CHEMBL4903,c
P24666-3,PPAC,CHEMBL4903,lmptp-c
P24666-4,PPAC,CHEMBL4903,4
Q07869-1,PPARA,CHEMBL239,1
Q07869-2,PPARA,CHEMBL239,2
Q03181-1,PPARD,CHEMBL3979,1
Q03181-2,PPARD,CHEMBL3979,2
Q03181-3,PPARD,CHEMBL3979,3
Q03181-4,PPARD,CHEMBL3979,4
P37231-1,PPARG,CHEMBL235,2
P37231-2,PPARG,CHEMBL235,1
P37231-2,PPARG,CHEMBL235,ppargamma1(wt)
P37231-3,PPARG,CHEMBL235,3
P37231-3,PPARG,CHEMBL235,ppargamma1(tr)
P05186-1,PPBT,CHEMBL5979,1
P05186-2,PPBT,CHEMBL5979,2
P05186-3,PPBT,CHEMBL5979,3
O15297-1,PPM1D,CHEMBL1938224,1
O15297-2,PPM1D,CHEMBL1938224,2
Q9Y570-1,PPME1,CHEMBL1293320,1
Q9Y570-2,PPME1,CHEMBL1293320,2
Q9Y570-3,PPME1,CHEMBL1293320,3
Q9Y570-4,PPME1,CHEMBL1293320,4
P06401-1,PRGR,CHEMBL208,b
P06401-1,PRGR,CHEMBL208,prb
P06401-1,PRGR,CHEMBL208,pr-b
P06401-2,PRGR,CHEMBL208,a
P06401-2,PRGR,CHEMBL208,pra
P06401-2,PRGR,CHEMBL208,pr-a
P06401-3,PRGR,CHEMBL208,3
P06401-4,PRGR,CHEMBL208,4
P06401-4,PRGR,CHEMBL208,pr-m
P06401-5,PRGR,CHEMBL208,5
P06401-5,PRGR,CHEMBL208,delta4
P78527-1,PRKDC,CHEMBL3142,1
P78527-2,PRKDC,CHEMBL3142,2
P03345-1,PRO,CHEMBL3346,gag polyprotein
P03362-1,PRO,CHEMBL3346,gag-pro-pol polyprotein
P10274-1,PRO,CHEMBL3346,gag-pro polyprotein
P04070-1,PROC,CHEMBL4444,1
P04070-2,PROC,CHEMBL4444,2
P55786-1,PSA,CHEMBL2264,1
P55786-2,PSA,CHEMBL2264,2
P28074-1,PSB5,CHEMBL4662,1
P28074-2,PSB5,CHEMBL4662,2
P28074-3,PSB5,CHEMBL4662,3
P28062-1,PSB8,CHEMBL5620,1
P28062-1,PSB8,CHEMBL5620,lmp7b
P28062-1,PSB8,CHEMBL5620,lmp7-e2
P28062-2,PSB8,CHEMBL5620,2
P28062-2,PSB8,CHEMBL5620,lmp7a
P28062-2,PSB8,CHEMBL5620,lmp7-e1
P28065-1,PSB9,CHEMBL1944495,lmp2.l
P28065-2,PSB9,CHEMBL1944495,lmp2.s
P49768-1,PSN1,CHEMBL2473,1
P49768-1,PSN1,CHEMBL2473,i-467
P49768-2,PSN1,CHEMBL2473,2
P49768-2,PSN1,CHEMBL2473,i-463
P49768-3,PSN1,CHEMBL2473,3
P49768-3,PSN1,CHEMBL2473,i-374
P49768-4,PSN1,CHEMBL2473,4
P49768-4,PSN1,CHEMBL2473,minilin
P49768-5,PSN1,CHEMBL2473,5
P49768-6,PSN1,CHEMBL2473,6
P49768-7,PSN1,CHEMBL2473,7
P49810-1,PSN2,CHEMBL3708,1
P49810-2,PSN2,CHEMBL3708,2
P49810-3,PSN2,CHEMBL3708,3
Q13882-1,PTK6,CHEMBL4601,1
Q13882-2,PTK6,CHEMBL4601,2
Q13882-2,PTK6,CHEMBL4601,alt-ptk6
Q13882-2,PTK6,CHEMBL4601,lambdam5
Q06124-1,PTN11,CHEMBL3864,2
Q06124-1,PTN11,CHEMBL3864,ptp2ci
Q06124-2,PTN11,CHEMBL3864,1
Q06124-2,PTN11,CHEMBL3864,ptp2c
Q06124-3,PTN11,CHEMBL3864,3
P17706-1,PTN2,CHEMBL3807,1
P17706-1,PTN2,CHEMBL3807,ptpb
P17706-1,PTN2,CHEMBL3807,p48tc
P17706-1,PTN2,CHEMBL3807,tc48
P17706-1,PTN2,CHEMBL3807,tc-ptpb
P17706-2,PTN2,CHEMBL3807,2
P17706-2,PTN2,CHEMBL3807,ptpa
P17706-2,PTN2,CHEMBL3807,p45tc
P17706-2,PTN2,CHEMBL3807,tc45
P17706-2,PTN2,CHEMBL3807,tc-ptpa
P17706-3,PTN2,CHEMBL3807,3
P17706-4,PTN2,CHEMBL3807,4
Q9Y2R2-1,PTN22,CHEMBL2889,1
Q9Y2R2-1,PTN22,CHEMBL2889,lyp1
Q9Y2R2-2,PTN22,CHEMBL2889,2
Q9Y2R2-2,PTN22,CHEMBL2889,lyp2
Q9Y2R2-3,PTN22,CHEMBL2889,3
Q9Y2R2-4,PTN22,CHEMBL2889,4
Q9Y2R2-4,PTN22,CHEMBL2889,lyp3
Q9Y2R2-5,PTN22,CHEMBL2889,5
Q9Y2R2-6,PTN22,CHEMBL2889,6
Q9Y2R2-6,PTN22,CHEMBL2889,ptpn22.6
P54829-1,PTN5,CHEMBL2007628,1
P54829-1,PTN5,CHEMBL2007628,step61
P54829-2,PTN5,CHEMBL2007628,2
P54829-3,PTN5,CHEMBL2007628,3
P29350-1,PTN6,CHEMBL3166,1
P29350-1,PTN6,CHEMBL3166,long
P29350-2,PTN6,CHEMBL3166,3
P29350-2,PTN6,CHEMBL3166,short
P29350-3,PTN6,CHEMBL3166,2
P29350-4,PTN6,CHEMBL3166,4
P29350-4,PTN6,CHEMBL3166,70-kda
P29350-4,PTN6,CHEMBL3166,shp-1l
P35236-1,PTN7,CHEMBL2219,1
P35236-2,PTN7,CHEMBL2219,2
P35236-3,PTN7,CHEMBL2219,3
P23467-1,PTPRB,CHEMBL2706,1
P23467-2,PTPRB,CHEMBL2706,2
P23467-3,PTPRB,CHEMBL2706,3
P23467-4,PTPRB,CHEMBL2706,4
P10586-1,PTPRF,CHEMBL3521,1
P10586-2,PTPRF,CHEMBL3521,2
P22102-1,PUR2,CHEMBL3972,long
P22102-2,PUR2,CHEMBL3972,short
P06737-1,PYGL,CHEMBL2568,1
P06737-2,PYGL,CHEMBL2568,2
P14927-1,QCR7,CHEMBL1671612,1
P14927-2,QCR7,CHEMBL1671612,2
Q16769-1,QPCT,CHEMBL4508,1
Q16769-2,QPCT,CHEMBL4508,2
P0C6U8-1,R1A,CHEMBL3927,replicase polyprotein 1a
P0C6U8-1,R1A,CHEMBL3927,pp1a
P0C6U8-1,R1A,CHEMBL3927,orf1a polyprotein
P0C6X7-1,R1A,CHEMBL3927,replicase polyprotein 1ab
P0C6X7-1,R1A,CHEMBL3927,pp1ab
P0DTC1-1,R1AB,CHEMBL4523582,replicase polyprotein 1a
P0DTD1-1,R1AB,CHEMBL4523582,replicase polyprotein 1ab
P63000-1:P15154-1,RAC1,CHEMBL6094,a
P63000-1:P15154-1,RAC1,CHEMBL6094,rac1a
P63000-2:P15154-2,RAC1,CHEMBL6094,b
P63000-2:P15154-2,RAC1,CHEMBL6094,rac1b
P63000-2:P15154-2,RAC1,CHEMBL6094,rac1ins
Q06609-1,RAD51,CHEMBL2034807,1
Q06609-2,RAD51,CHEMBL2034807,2
Q06609-3,RAD51,CHEMBL2034807,3
Q06609-4,RAD51,CHEMBL2034807,4
P04049-1,RAF1,CHEMBL1906,1
P04049-1,RAF1,CHEMBL1906,6c
P04049-2,RAF1,CHEMBL1906,2
P04049-2,RAF1,CHEMBL1906,1a
Q15109-1,RAGE,CHEMBL2176846,1
Q15109-10,RAGE,CHEMBL2176846,10
Q15109-10,RAGE,CHEMBL2176846,delta-icd
Q15109-10,RAGE,CHEMBL2176846,variant 20
Q15109-2,RAGE,CHEMBL2176846,2
Q15109-2,RAGE,CHEMBL2176846,ragesec
Q15109-3,RAGE,CHEMBL2176846,3
Q15109-4,RAGE,CHEMBL2176846,4
Q15109-5,RAGE,CHEMBL2176846,5
Q15109-5,RAGE,CHEMBL2176846,del exon3-7
Q15109-6,RAGE,CHEMBL2176846,6
Q15109-7,RAGE,CHEMBL2176846,7
Q15109-7,RAGE,CHEMBL2176846,del exon3
Q15109-8,RAGE,CHEMBL2176846,8
Q15109-9,RAGE,CHEMBL2176846,9
Q15109-9,RAGE,CHEMBL2176846,del exon8-9
P11416-1,RARA,CHEMBL2792,alpha-1
P11416-2,RARA,CHEMBL2792,alpha-2
P22605-1,RARB,CHEMBL3266,beta-3
P22605-2,RARB,CHEMBL3266,beta-1
P22605-3,RARB,CHEMBL3266,beta-2
P22605-4,RARB,CHEMBL3266,beta-4
P13631-1,RARG,CHEMBL2003,1
P13631-2,RARG,CHEMBL2003,2
P13631-3,RARG,CHEMBL2003,3
P13631-4,RARG,CHEMBL2003,4
P18911-1,RARG,CHEMBL4177,1
P18911-1,RARG,CHEMBL4177,a
P18911-2:P20787-1,RARG,CHEMBL4177,2
P18911-2:P20787-1,RARG,CHEMBL4177,b
P18911-3,RARG,CHEMBL4177,3
P01116-1,RASK,CHEMBL2189121,2a
P01116-1,RASK,CHEMBL2189121,k-ras4a
P01116-2:P01118-1,RASK,CHEMBL2189121,2b
P01116-2:P01118-1,RASK,CHEMBL2189121,k-ras4b
P00797-1,RENI,CHEMBL286,1
P00797-2,RENI,CHEMBL286,2
P07949-1,RET,CHEMBL2041,1
P07949-1,RET,CHEMBL2041,ret51
P07949-2,RET,CHEMBL2041,2
P07949-2,RET,CHEMBL2041,ret9
Q13546-1,RIPK1,CHEMBL5464,1
Q13546-2,RIPK1,CHEMBL5464,2
O43353-1,RIPK2,CHEMBL5014,1
O43353-2,RIPK2,CHEMBL5014,2
Q9Y572-1,RIPK3,CHEMBL1795199,1
Q9Y572-2,RIPK3,CHEMBL1795199,2
Q9Y572-2,RIPK3,CHEMBL1795199,beta
Q9Y572-3,RIPK3,CHEMBL1795199,3
Q9Y572-3,RIPK3,CHEMBL1795199,gamma
Q05823-1,RN5A,CHEMBL3575,1
Q05823-2,RN5A,CHEMBL3575,2
Q04912-1,RON,CHEMBL2689,ron
Q04912-2,RON,CHEMBL2689,delta-ron
Q04912-2,RON,CHEMBL2689,sf-ron
Q04912-3,RON,CHEMBL2689,ron-1
Q04912-4,RON,CHEMBL2689,ron-2
Q04912-5,RON,CHEMBL2689,ron-3
Q04912-6,RON,CHEMBL2689,ron-4
Q04912-7,RON,CHEMBL2689,ron-5
P35398-1,RORA,CHEMBL5868,2
P35398-1,RORA,CHEMBL5868,alpha-2
P35398-2,RORA,CHEMBL5868,1
P35398-2,RORA,CHEMBL5868,alpha-1
P35398-3,RORA,CHEMBL5868,3
P35398-3,RORA,CHEMBL5868,alpha-3
P35398-4,RORA,CHEMBL5868,4
P35398-4,RORA,CHEMBL5868,alpha-4
Q92753-1,RORB,CHEMBL3091268,1
Q92753-2,RORB,CHEMBL3091268,2
P51449-1,RORG,CHEMBL1741186,1
P51449-2,RORG,CHEMBL1741186,2
P51449-2,RORG,CHEMBL1741186,rorgt
O95398-1,RPGF3,CHEMBL2029197,1
O95398-2,RPGF3,CHEMBL2029197,2
O95398-3,RPGF3,CHEMBL2029197,3
Q8WZA2-1,RPGF4,CHEMBL2029198,1
Q8WZA2-2,RPGF4,CHEMBL2029198,2
Q8WZA2-3,RPGF4,CHEMBL2029198,3
Q8WZA2-4,RPGF4,CHEMBL2029198,4
Q8WZA2-5,RPGF4,CHEMBL2029198,5
Q9EQZ6-1,RPGF4,CHEMBL3593151,1
Q9EQZ6-2,RPGF4,CHEMBL3593151,2
Q9EQZ6-3,RPGF4,CHEMBL3593151,3
P19793-1,RXRA,CHEMBL2061,1
P19793-2,RXRA,CHEMBL2061,2
P28702-1,RXRB,CHEMBL1870,1
P28702-3,RXRB,CHEMBL1870,2
Q63633-1,S12A5,CHEMBL1075108,1
Q63633-1,S12A5,CHEMBL1075108,kcc2a
Q63633-2,S12A5,CHEMBL1075108,2
Q63633-2,S12A5,CHEMBL1075108,kcc2b
Q9H2X9-1,S12A5,CHEMBL1615384,1
Q9H2X9-1,S12A5,CHEMBL1615384,kcc2a
Q9H2X9-2,S12A5,CHEMBL1615384,2
Q9H2X9-2,S12A5,CHEMBL1615384,kcc2b
Q86YT5-1,S13A5,CHEMBL3769293,1
Q86YT5-2,S13A5,CHEMBL3769293,2
Q86YT5-3,S13A5,CHEMBL3769293,3
Q86YT5-4,S13A5,CHEMBL3769293,4
P41440-1,S19A1,CHEMBL4833,1
P41440-2,S19A1,CHEMBL4833,2
P41440-3,S19A1,CHEMBL4833,3
Q9H228-1,S1PR5,CHEMBL2274,1
Q9H228-2,S1PR5,CHEMBL2274,2
Q9NSA0-1,S22AB,CHEMBL2073677,1
Q9NSA0-2,S22AB,CHEMBL2073677,2
Q96S37-1,S22AC,CHEMBL6120,1
Q96S37-2,S22AC,CHEMBL6120,2
Q96S37-3,S22AC,CHEMBL6120,3
Q96S37-4,S22AC,CHEMBL6120,4
Q6PCB7-1,S27A1,CHEMBL2052038,1
Q6PCB7-2,S27A1,CHEMBL2052038,2
Q99808-1,S29A1,CHEMBL1997,1
Q99808-2,S29A1,CHEMBL1997,2
Q96FL8-1,S47A1,CHEMBL1743126,1
Q96FL8-2,S47A1,CHEMBL1743126,2
Q96FL8-3,S47A1,CHEMBL1743126,3
P24008-1,S5A1,CHEMBL3422,long
P24008-2,S5A1,CHEMBL3422,short
P48066-1,S6A11,CHEMBL5208,1
P48066-2,S6A11,CHEMBL5208,2
P23526-1,SAHH,CHEMBL2664,1
P23526-2,SAHH,CHEMBL2664,2
P13866-1,SC5A1,CHEMBL4979,1
P13866-2,SC5A1,CHEMBL4979,2
P31639-1,SC5A2,CHEMBL3884,1
P31639-2,SC5A2,CHEMBL3884,2
P23975-1,SC6A2,CHEMBL222,1
P23975-2,SC6A2,CHEMBL222,2
P23975-3,SC6A2,CHEMBL222,3
P31645-1,SC6A4,CHEMBL228,1
P31645-2,SC6A4,CHEMBL228,2
P58295-1,SC6A5,CHEMBL3195,a
P58295-2,SC6A5,CHEMBL3195,b
Q9Y345-1,SC6A5,CHEMBL3060,1
Q9Y345-2,SC6A5,CHEMBL3060,2
Q9Y345-3,SC6A5,CHEMBL3060,3
P28572-1,SC6A9,CHEMBL4556,2
P28572-1,SC6A9,CHEMBL4556,glyt-1a
P28572-1,SC6A9,CHEMBL4556,glyt-2
P28572-2,SC6A9,CHEMBL4556,1
P28572-2,SC6A9,CHEMBL4556,glyt-1b
P28572-2,SC6A9,CHEMBL4556,glyt-1
P48067-1,SC6A9,CHEMBL2337,glyt-1c
P48067-2,SC6A9,CHEMBL2337,glyt-1a
P48067-3,SC6A9,CHEMBL2337,glyt-1b
P35498-1,SCN1A,CHEMBL1845,1
P35498-2,SCN1A,CHEMBL1845,2
P35498-3,SCN1A,CHEMBL1845,3
Q99250-1,SCN2A,CHEMBL4187,1
Q99250-1,SCN2A,CHEMBL4187,adult
Q99250-1,SCN2A,CHEMBL4187,6a
Q99250-2,SCN2A,CHEMBL4187,2
Q99250-2,SCN2A,CHEMBL4187,neonatal
Q99250-2,SCN2A,CHEMBL4187,6n
Q9NY46-1,SCN3A,CHEMBL5163,1
Q9NY46-1,SCN3A,CHEMBL5163,6a-12+12b
Q9NY46-2,SCN3A,CHEMBL5163,2
Q9NY46-2,SCN3A,CHEMBL5163,6a-12
Q9NY46-3,SCN3A,CHEMBL5163,3
Q9NY46-3,SCN3A,CHEMBL5163,6n-12+12b
Q9NY46-4,SCN3A,CHEMBL5163,4
Q9NY46-4,SCN3A,CHEMBL5163,6n-12
Q14524-1,SCN5A,CHEMBL1980,1
Q14524-1,SCN5A,CHEMBL1980,cag-inclusive variant
Q14524-1,SCN5A,CHEMBL1980,nav1.5c
Q14524-2,SCN5A,CHEMBL1980,2
Q14524-2,SCN5A,CHEMBL1980,nav1.5b
Q14524-3,SCN5A,CHEMBL1980,3
Q14524-4,SCN5A,CHEMBL1980,4
Q14524-4,SCN5A,CHEMBL1980,nav1.5e
Q14524-4,SCN5A,CHEMBL1980,neonatal
Q14524-5,SCN5A,CHEMBL1980,5
Q14524-5,SCN5A,CHEMBL1980,ex18del
Q14524-5,SCN5A,CHEMBL1980,nav1.5a
Q14524-6,SCN5A,CHEMBL1980,6
Q14524-6,SCN5A,CHEMBL1980,ex24del
Q14524-6,SCN5A,CHEMBL1980,nav1.5f
Q9UQD0-1,SCN8A,CHEMBL5202,1
Q9UQD0-2,SCN8A,CHEMBL5202,2
Q9UQD0-2,SCN8A,CHEMBL5202,5a
Q9UQD0-3,SCN8A,CHEMBL5202,3
Q9UQD0-4,SCN8A,CHEMBL5202,4
Q9UQD0-4,SCN8A,CHEMBL5202,18n
Q9UQD0-5,SCN8A,CHEMBL5202,5
Q9UQD0-5,SCN8A,CHEMBL5202,delta18
Q15858-1,SCN9A,CHEMBL4296,1
Q15858-2,SCN9A,CHEMBL4296,2
Q15858-3,SCN9A,CHEMBL4296,3
Q15858-4,SCN9A,CHEMBL4296,4
Q62968-1,SCNAA,CHEMBL4017,1
Q62968-2,SCNAA,CHEMBL4017,2
Q62968-2,SCNAA,CHEMBL4017,nav1.8c
Q6QIY3-1,SCNAA,CHEMBL5158,1
Q6QIY3-2,SCNAA,CHEMBL5158,2
Q6QIY3-2,SCNAA,CHEMBL5158,nav1.8c
Q6QIY3-3,SCNAA,CHEMBL5158,3
Q61009-1,SCRB1,CHEMBL1741203,1
Q61009-1,SCRB1,CHEMBL1741203,sr-bi
Q61009-1,SCRB1,CHEMBL1741203,sr-bi.1
Q61009-2,SCRB1,CHEMBL1741203,2
Q61009-2,SCRB1,CHEMBL1741203,sr-bi.2
Q61009-2,SCRB1,CHEMBL1741203,sr-bii
Q8WTV0-1,SCRB1,CHEMBL1914272,3
Q8WTV0-2,SCRB1,CHEMBL1914272,1
Q8WTV0-2,SCRB1,CHEMBL1914272,sr-bi
Q8WTV0-3,SCRB1,CHEMBL1914272,2
Q8WTV0-3,SCRB1,CHEMBL1914272,sr-bii
Q8WTV0-4,SCRB1,CHEMBL1914272,4
Q8WTV0-4,SCRB1,CHEMBL1914272,sr-biii
Q8WTV0-5,SCRB1,CHEMBL1914272,5
Q8WTV0-5,SCRB1,CHEMBL1914272,sr-bi.2
Q8WTV0-5,SCRB1,CHEMBL1914272,sr-bii
Q9P0U3-1,SENP1,CHEMBL1909484,1
Q9P0U3-2,SENP1,CHEMBL1909484,2
Q9HC62-1,SENP2,CHEMBL2176776,1
Q9HC62-2,SENP2,CHEMBL2176776,2
P97321-1,SEPR,CHEMBL5769,1
P97321-2,SEPR,CHEMBL5769,2
P97321-3,SEPR,CHEMBL5769,3
Q12884-1,SEPR,CHEMBL4683,1
Q12884-1,SEPR,CHEMBL4683,l
Q12884-1,SEPR,CHEMBL4683,seprase-i
Q12884-2,SEPR,CHEMBL4683,2
Q12884-2,SEPR,CHEMBL4683,s
Q12884-2,SEPR,CHEMBL4683,truncated
Q12884-2,SEPR,CHEMBL4683,seprase-s
Q15393-1,SF3B3,CHEMBL1250378,1
Q15393-2,SF3B3,CHEMBL1250378,2
Q15393-3,SF3B3,CHEMBL1250378,3
O00141-1,SGK1,CHEMBL2343,1
O00141-2,SGK1,CHEMBL2343,2
O00141-2,SGK1,CHEMBL2343,sgk1.1
O00141-2,SGK1,CHEMBL2343,sgk1_v2
O00141-3,SGK1,CHEMBL2343,3
O00141-3,SGK1,CHEMBL2343,sgk1.2
O00141-4,SGK1,CHEMBL2343,4
O00141-5,SGK1,CHEMBL2343,5
Q9HBY8-1,SGK2,CHEMBL5794,2
Q9HBY8-1,SGK2,CHEMBL5794,beta
Q9HBY8-2,SGK2,CHEMBL5794,1
Q9HBY8-2,SGK2,CHEMBL5794,alpha
Q9HBY8-3,SGK2,CHEMBL5794,3
Q96BR1-1,SGK3,CHEMBL6186,1
Q96BR1-2,SGK3,CHEMBL6186,2
Q99720-1,SGMR1,CHEMBL287,1
Q99720-2,SGMR1,CHEMBL287,2
Q99720-3,SGMR1,CHEMBL287,3
Q99720-3,SGMR1,CHEMBL287,sigma-r1a
Q99720-4,SGMR1,CHEMBL287,4
Q99720-5,SGMR1,CHEMBL287,5
Q9R0C9-1,SGMR1,CHEMBL3602,1
Q9R0C9-2,SGMR1,CHEMBL3602,2
O15357-1,SHIP2,CHEMBL2331064,1
O15357-2,SHIP2,CHEMBL2331064,2
P15907-1,SIAT1,CHEMBL3596075,1
P15907-2,SIAT1,CHEMBL3596075,2
Q9Y2K2-5,SIK3,CHEMBL6149,1
Q9Y2K2-6,SIK3,CHEMBL6149,2
Q9Y2K2-7,SIK3,CHEMBL6149,3
Q9Y2K2-8,SIK3,CHEMBL6149,4
Q96EB6-1,SIR1,CHEMBL4506,1
Q96EB6-2,SIR1,CHEMBL4506,2
Q96EB6-2,SIR1,CHEMBL4506,delta-exon8
Q8IXJ6-1,SIR2,CHEMBL4462,1
Q8IXJ6-2,SIR2,CHEMBL4462,2
Q8IXJ6-3,SIR2,CHEMBL4462,3
Q8IXJ6-4,SIR2,CHEMBL4462,4
Q8IXJ6-5,SIR2,CHEMBL4462,5
Q9NTG7-1,SIR3,CHEMBL4461,1
Q9NTG7-2,SIR3,CHEMBL4461,2
Q9NXA8-1,SIR5,CHEMBL2163183,1
Q9NXA8-2,SIR5,CHEMBL2163183,2
Q9NXA8-3,SIR5,CHEMBL2163183,3
Q9NXA8-4,SIR5,CHEMBL2163183,4
Q8N6T7-1,SIR6,CHEMBL2163182,1
Q8N6T7-2,SIR6,CHEMBL2163182,2
P19634-1,SL9A1,CHEMBL2781,1
P19634-2,SL9A1,CHEMBL2781,2
Q9H2G2-1,SLK,CHEMBL4202,1
Q9H2G2-2,SLK,CHEMBL4202,2
P51531-1,SMCA2,CHEMBL2362979,long
P51531-2,SMCA2,CHEMBL2362979,short
Q86VZ5-1,SMS1,CHEMBL3611965,1
Q86VZ5-2,SMS1,CHEMBL3611965,2
Q9NRG4-1,SMYD2,CHEMBL2169716,1
Q9NRG4-2,SMYD2,CHEMBL2169716,2
Q9H7B4-1,SMYD3,CHEMBL2321643,1
Q9H7B4-2,SMYD3,CHEMBL2321643,2
Q9H7B4-3,SMYD3,CHEMBL2321643,3
Q9NRH2-1,SNRK,CHEMBL1908384,1
Q9NRH2-2,SNRK,CHEMBL1908384,2
P35610-1,SOAT1,CHEMBL2782,1
P35610-2,SOAT1,CHEMBL2782,2
P35610-3,SOAT1,CHEMBL2782,3
Q9NYA1-1,SPHK1,CHEMBL4394,1
Q9NYA1-2,SPHK1,CHEMBL4394,2
Q9NYA1-3,SPHK1,CHEMBL4394,3
Q9NRA0-1,SPHK2,CHEMBL3023,1
Q9NRA0-1,SPHK2,CHEMBL3023,sk2b
Q9NRA0-1,SPHK2,CHEMBL3023,sk2-l
Q9NRA0-2,SPHK2,CHEMBL3023,2
Q9NRA0-2,SPHK2,CHEMBL3023,sk2a
Q9NRA0-2,SPHK2,CHEMBL3023,sk2-s
Q9NRA0-3,SPHK2,CHEMBL3023,3
Q9NRA0-4,SPHK2,CHEMBL3023,4
Q9NRA0-5,SPHK2,CHEMBL3023,5
P00523-1,SRC,CHEMBL3655,1
P00523-2,SRC,CHEMBL3655,2
P12931-1,SRC,CHEMBL267,1
P12931-1,SRC,CHEMBL267,c-src
P12931-2,SRC,CHEMBL267,2
P12931-2,SRC,CHEMBL267,c-srcn1
P12931-2,SRC,CHEMBL267,n1-src
P12931-3,SRC,CHEMBL267,3
P12931-3,SRC,CHEMBL267,c-srcn2
P12931-3,SRC,CHEMBL267,n2-src
Q96SB4-2,SRPK1,CHEMBL4375,2
Q96SB4-3,SRPK1,CHEMBL4375,1
Q96SB4-3,SRPK1,CHEMBL4375,1a
Q96SB4-4,SRPK1,CHEMBL4375,3
P78362-1,SRPK2,CHEMBL5668,1
P78362-2,SRPK2,CHEMBL5668,2
Q9UPE1-1,SRPK3,CHEMBL5415,1
Q9UPE1-2,SRPK3,CHEMBL5415,2
Q9UPE1-3,SRPK3,CHEMBL5415,3
Q9UPE1-4,SRPK3,CHEMBL5415,4
P30874-1,SSR2,CHEMBL1804,a
P30874-1,SSR2,CHEMBL1804,sstr2a
P30874-2,SSR2,CHEMBL1804,b
P30874-2,SSR2,CHEMBL1804,sstr2b
Q9NY57-1,ST32B,CHEMBL5912,1
Q9NY57-2,ST32B,CHEMBL5912,2
Q86UX6-1,ST32C,CHEMBL5405,1
Q86UX6-2,ST32C,CHEMBL5405,2
Q9Y2H1-1,ST38L,CHEMBL4851,1
Q9Y2H1-2,ST38L,CHEMBL4851,2
P42229-1,STA5A,CHEMBL5403,1
P42229-2,STA5A,CHEMBL5403,2
P40763-1,STAT3,CHEMBL4026,1
P40763-2,STAT3,CHEMBL4026,del-701
P40763-3,STAT3,CHEMBL4026,3
P42227-1,STAT3,CHEMBL5402,stat3a
P42227-2,STAT3,CHEMBL5402,stat3b
P42227-3,STAT3,CHEMBL5402,del-701
Q15831-1,STK11,CHEMBL5606,1
Q15831-1,STK11,CHEMBL5606,lkb1(l)
Q15831-2,STK11,CHEMBL5606,2
Q15831-2,STK11,CHEMBL5606,lkb1(s)
Q9Y6E0-1,STK24,CHEMBL5082,b
Q9Y6E0-2,STK24,CHEMBL5082,a
O00506-1,STK25,CHEMBL5552,1
O00506-2,STK25,CHEMBL5552,2
O00506-3,STK25,CHEMBL5552,3
Q9P289-1,STK26,CHEMBL5941,1
Q9P289-2,STK26,CHEMBL5941,2
Q9P289-3,STK26,CHEMBL5941,3
Q9P289-3,STK26,CHEMBL5941,mst4a
Q13188-1,STK3,CHEMBL4708,1
Q13188-2,STK3,CHEMBL4708,2
Q9BYT3-1,STK33,CHEMBL6005,1
Q9BYT3-2,STK33,CHEMBL6005,2
Q9UEW8-1,STK39,CHEMBL1163108,1
Q9UEW8-2,STK39,CHEMBL1163108,2
Q9UEW8-2,STK39,CHEMBL1163108,a
Q13043-1,STK4,CHEMBL4598,1
Q13043-2,STK4,CHEMBL4598,2
O43463-1,SUV91,CHEMBL1795118,1
O43463-2,SUV91,CHEMBL1795118,2
Q9H5I1-1,SUV92,CHEMBL1795177,3
Q9H5I1-2,SUV92,CHEMBL1795177,1
Q9H5I1-3,SUV92,CHEMBL1795177,2
Q15046-1,SYK,CHEMBL5575,cytoplasmic
Q15046-2,SYK,CHEMBL5575,mitochondrial
P37840-1,SYUA,CHEMBL6152,1
P37840-1,SYUA,CHEMBL6152,nacp140
P37840-2,SYUA,CHEMBL6152,2-4
P37840-2,SYUA,CHEMBL6152,nacp112
P37840-3,SYUA,CHEMBL6152,2-5
P21731-2,TA2R,CHEMBL2069,2
P21731-2,TA2R,CHEMBL2069,beta
P21731-2,TA2R,CHEMBL2069,endothelial receptor
P21731-3,TA2R,CHEMBL2069,1
P21731-3,TA2R,CHEMBL2069,alpha
P21731-3,TA2R,CHEMBL2069,placenta receptor
P21675-1,TAF1,CHEMBL3217390,1
P21675-13,TAF1,CHEMBL3217390,13
P21675-14,TAF1,CHEMBL3217390,14
P21675-15,TAF1,CHEMBL3217390,15
P21675-16,TAF1,CHEMBL3217390,16
P21675-17,TAF1,CHEMBL3217390,n-taf1
P21675-17,TAF1,CHEMBL3217390,ta14-391
P21675-18,TAF1,CHEMBL3217390,2a
P21675-19,TAF1,CHEMBL3217390,2c
P21675-2,TAF1,CHEMBL3217390,2
P21675-20,TAF1,CHEMBL3217390,2d
P21675-21,TAF1,CHEMBL3217390,2e
P21675-22,TAF1,CHEMBL3217390,2g
P21675-23,TAF1,CHEMBL3217390,2h
P21675-24,TAF1,CHEMBL3217390,2i
P21675-25,TAF1,CHEMBL3217390,4
Q7L7X3-1,TAOK1,CHEMBL5261,1
Q7L7X3-2,TAOK1,CHEMBL5261,2
Q7L7X3-3,TAOK1,CHEMBL5261,3
Q9JLS3-1,TAOK2,CHEMBL4523465,1
Q9JLS3-1,TAOK2,CHEMBL4523465,tao2-alpha
Q9JLS3-2,TAOK2,CHEMBL4523465,2
Q9JLS3-2,TAOK2,CHEMBL4523465,tao2-beta
Q9UL54-1,TAOK2,CHEMBL1075195,1
Q9UL54-1,TAOK2,CHEMBL1075195,psk1-alpha
Q9UL54-1,TAOK2,CHEMBL1075195,tao2
Q9UL54-2,TAOK2,CHEMBL1075195,2
Q9UL54-2,TAOK2,CHEMBL1075195,psk1-beta
Q9UL54-3,TAOK2,CHEMBL1075195,3
Q9UL54-4,TAOK2,CHEMBL1075195,4
P10636-1,TAU,CHEMBL1293224,pns-tau
P10636-2,TAU,CHEMBL1293224,fetal-tau
P10636-2,TAU,CHEMBL1293224,0n3r
P10636-3,TAU,CHEMBL1293224,tau-a
P10636-4,TAU,CHEMBL1293224,tau-b
P10636-4,TAU,CHEMBL1293224,1n3r
P10636-5,TAU,CHEMBL1293224,tau-c
P10636-5,TAU,CHEMBL1293224,tau-3
P10636-5,TAU,CHEMBL1293224,2n3r
P10636-6,TAU,CHEMBL1293224,tau-d
P10636-6,TAU,CHEMBL1293224,0n4r
P10636-7,TAU,CHEMBL1293224,tau-e
P10636-7,TAU,CHEMBL1293224,1n4r
P10636-8,TAU,CHEMBL1293224,tau-f
P10636-8,TAU,CHEMBL1293224,tau-4
P10636-8,TAU,CHEMBL1293224,2n4r
P10636-9,TAU,CHEMBL1293224,tau-g
Q13509-1,TBB3,CHEMBL2597,1
Q13509-2,TBB3,CHEMBL2597,2
P04053-1,TDT,CHEMBL4810,1
P04053-2,TDT,CHEMBL4810,2
Q15561-1,TEAD4,CHEMBL4295828,1
Q15561-2,TEAD4,CHEMBL4295828,2
Q15561-3,TEAD4,CHEMBL4295828,3
O14746-1,TERT,CHEMBL2916,1
O14746-2,TERT,CHEMBL2916,2
O14746-3,TERT,CHEMBL2916,3
O14746-4,TERT,CHEMBL2916,4
P13726-1,TF,CHEMBL4081,1
P13726-1,TF,CHEMBL4081,fltf
P13726-2,TF,CHEMBL4081,2
P13726-2,TF,CHEMBL4081,ashtf
P36897-1,TGFR1,CHEMBL4439,1
P36897-2,TGFR1,CHEMBL4439,2
P36897-2,TGFR1,CHEMBL4439,b
P36897-3,TGFR1,CHEMBL4439,3
P37173-1,TGFR2,CHEMBL4267,1
P37173-1,TGFR2,CHEMBL4267,betar-ii
P37173-2,TGFR2,CHEMBL4267,2
P37173-2,TGFR2,CHEMBL4267,betar-iib
P37173-3,TGFR2,CHEMBL4267,3
P37173-3,TGFR2,CHEMBL4267,tbetarii-se
P21980-1,TGM2,CHEMBL2730,1
P21980-2,TGM2,CHEMBL2730,2
P21980-2,TGM2,CHEMBL2730,tgase-s
P21980-3,TGM2,CHEMBL2730,3
P21980-3,TGM2,CHEMBL2730,tgh2
P10827-1,THA,CHEMBL1860,alpha-2
P10827-2,THA,CHEMBL1860,alpha-1
P10827-3,THA,CHEMBL1860,alpha-3
P10827-4,THA,CHEMBL1860,alpha-4
P10827-4,THA,CHEMBL1860,alpha3
P24557-1,THAS,CHEMBL1835,1
P24557-2,THAS,CHEMBL1835,2
P24557-3,THAS,CHEMBL1835,3
P24557-4,THAS,CHEMBL1835,4
P10828-1,THB,CHEMBL1947,beta-1
P10828-2:P37243-1,THB,CHEMBL1947,beta-2
Q02763-1,TIE2,CHEMBL4128,1
Q02763-2,TIE2,CHEMBL4128,2
Q02763-3,TIE2,CHEMBL4128,3
O15164-1,TIF1A,CHEMBL3108638,long
O15164-2,TIF1A,CHEMBL3108638,short
Q9UKI8-1,TLK1,CHEMBL5388,1
Q9UKI8-2,TLK1,CHEMBL5388,2
Q9UKI8-3,TLK1,CHEMBL5388,3
Q9UKI8-3,TLK1,CHEMBL5388,snak
Q9UKI8-3,TLK1,CHEMBL5388,tlk1b
Q9UKI8-4,TLK1,CHEMBL5388,4
Q9UKI8-5,TLK1,CHEMBL5388,5
Q86UE8-1,TLK2,CHEMBL5404,1
Q86UE8-2,TLK2,CHEMBL5404,2
Q86UE8-3,TLK2,CHEMBL5404,3
O00206-1,TLR4,CHEMBL5255,1
O00206-2,TLR4,CHEMBL5255,2
O00206-3,TLR4,CHEMBL5255,3
Q9NR97-1,TLR8,CHEMBL5805,1
Q9NR97-2,TLR8,CHEMBL5805,2
Q9NR96-1,TLR9,CHEMBL5804,1
Q9NR96-1,TLR9,CHEMBL5804,a
Q9NR96-2,TLR9,CHEMBL5804,2
Q9NR96-2,TLR9,CHEMBL5804,b
Q9NR96-3,TLR9,CHEMBL5804,3
Q9NR96-4,TLR9,CHEMBL5804,4
Q9NR96-5,TLR9,CHEMBL5804,5
Q8IU80-1,TMPS6,CHEMBL1795139,2
Q8IU80-2,TMPS6,CHEMBL1795139,3
Q8IU80-4,TMPS6,CHEMBL1795139,1
Q8IU80-5,TMPS6,CHEMBL1795139,4
Q59H18-1,TNI3K,CHEMBL5260,1
Q59H18-2,TNI3K,CHEMBL5260,2
Q59H18-3,TNI3K,CHEMBL5260,3
Q59H18-4,TNI3K,CHEMBL5260,4
Q9UKE5-1,TNIK,CHEMBL4527,1
Q9UKE5-2,TNIK,CHEMBL4527,2
Q9UKE5-3,TNIK,CHEMBL4527,3
Q9UKE5-4,TNIK,CHEMBL4527,4
Q9UKE5-5,TNIK,CHEMBL4527,5
Q9UKE5-6,TNIK,CHEMBL4527,6
Q9UKE5-7,TNIK,CHEMBL4527,7
Q9UKE5-8,TNIK,CHEMBL4527,8
Q13470-1,TNK1,CHEMBL5334,1
Q13470-2,TNK1,CHEMBL5334,2
O95271-1,TNKS1,CHEMBL6164,1
O95271-2,TNKS1,CHEMBL6164,2
P11388-1,TOP2A,CHEMBL1806,1
P11388-2,TOP2A,CHEMBL1806,2
P11388-3,TOP2A,CHEMBL1806,3
P11388-4,TOP2A,CHEMBL1806,4
Q02880-1,TOP2B,CHEMBL3396,beta-2
Q02880-2,TOP2B,CHEMBL3396,beta-1
Q96KB5-1,TOPK,CHEMBL4896,1
Q96KB5-2,TOPK,CHEMBL4896,2
Q12974-1,TP4A2,CHEMBL1075105,1
Q12974-1,TP4A2,CHEMBL1075105,ptp-iv1a
Q12974-1,TP4A2,CHEMBL1075105,ptp-iv1b
Q12974-2,TP4A2,CHEMBL1075105,2
Q12974-2,TP4A2,CHEMBL1075105,ptp4ar
Q12974-3,TP4A2,CHEMBL1075105,3
Q12974-4,TP4A2,CHEMBL1075105,4
O75365-1,TP4A3,CHEMBL4162,1
O75365-2,TP4A3,CHEMBL4162,2
O75365-3,TP4A3,CHEMBL4162,3
O75365-3,TP4A3,CHEMBL4162,short
P00750-1,TPA,CHEMBL1873,1
P00750-1,TPA,CHEMBL1873,long
P00750-2,TPA,CHEMBL1873,2
P00750-2,TPA,CHEMBL1873,short
P00750-3,TPA,CHEMBL1873,3
P00750-4,TPA,CHEMBL1873,4
P00750-4,TPA,CHEMBL1873,neonatal
P17752-1,TPH1,CHEMBL5689,1
P17752-2,TPH1,CHEMBL5689,2
Q12931-1,TRAP1,CHEMBL1075132,1
Q12931-2,TRAP1,CHEMBL1075132,2
Q13507-2,TRPC3,CHEMBL2417348,1
Q13507-3,TRPC3,CHEMBL2417348,2
Q9QUQ5-1,TRPC4,CHEMBL1741219,alpha
Q9QUQ5-2,TRPC4,CHEMBL1741219,beta
Q9Y210-1,TRPC6,CHEMBL2417347,1
Q9Y210-2,TRPC6,CHEMBL2417347,2
Q9Y210-3,TRPC6,CHEMBL2417347,3
O94759-1,TRPM2,CHEMBL1250402,1
O94759-1,TRPM2,CHEMBL1250402,trpm2-l
O94759-2,TRPM2,CHEMBL1250402,2
O94759-3,TRPM2,CHEMBL1250402,3
O94759-3,TRPM2,CHEMBL1250402,trpm2-s
Q7Z2W7-1,TRPM8,CHEMBL1075319,1
Q7Z2W7-2,TRPM8,CHEMBL1075319,2
Q7Z2W7-2,TRPM8,CHEMBL1075319,strpm8-18
Q7Z2W7-2,TRPM8,CHEMBL1075319,sm8-18
Q7Z2W7-3,TRPM8,CHEMBL1075319,3
Q7Z2W7-3,TRPM8,CHEMBL1075319,strpm8-6
Q7Z2W7-3,TRPM8,CHEMBL1075319,sm8-6
Q7Z2W7-4,TRPM8,CHEMBL1075319,4
O35433-1,TRPV1,CHEMBL5102,1
O35433-1,TRPV1,CHEMBL5102,vr1l1
O35433-2,TRPV1,CHEMBL5102,2
O35433-2,TRPV1,CHEMBL5102,vr1l2
O35433-3,TRPV1,CHEMBL5102,3
O35433-3,TRPV1,CHEMBL5102,vr.5'sv
Q8NER1-1,TRPV1,CHEMBL4794,1
Q8NER1-3,TRPV1,CHEMBL4794,2
Q8NET8-1,TRPV3,CHEMBL5522,1
Q8NET8-2,TRPV3,CHEMBL5522,2
Q8NET8-2,TRPV3,CHEMBL5522,a
Q8NET8-3,TRPV3,CHEMBL5522,3
Q8NET8-3,TRPV3,CHEMBL5522,b
Q9HBA0-1,TRPV4,CHEMBL3119,1
Q9HBA0-1,TRPV4,CHEMBL3119,a
Q9HBA0-2,TRPV4,CHEMBL3119,2
Q9HBA0-2,TRPV4,CHEMBL3119,b
Q9HBA0-2,TRPV4,CHEMBL3119,otrpc4beta
Q9HBA0-3,TRPV4,CHEMBL3119,3
Q9HBA0-3,TRPV4,CHEMBL3119,trpv-sv
Q9HBA0-4,TRPV4,CHEMBL3119,4
Q9HBA0-4,TRPV4,CHEMBL3119,c
Q9HBA0-5,TRPV4,CHEMBL3119,5
Q9HBA0-5,TRPV4,CHEMBL3119,d
Q9HBA0-6,TRPV4,CHEMBL3119,6
Q9HBA0-6,TRPV4,CHEMBL3119,e
Q16881-1,TRXR1,CHEMBL1927,1
Q16881-1,TRXR1,CHEMBL1927,v
Q16881-1,TRXR1,CHEMBL1927,txnrd1_v3
Q16881-2,TRXR1,CHEMBL1927,2
Q16881-2,TRXR1,CHEMBL1927,ii
Q16881-2,TRXR1,CHEMBL1927,txnrd1_v4
Q16881-3,TRXR1,CHEMBL1927,3
Q16881-3,TRXR1,CHEMBL1927,iii
Q16881-3,TRXR1,CHEMBL1927,txnrd1_v5
Q16881-4,TRXR1,CHEMBL1927,4
Q16881-4,TRXR1,CHEMBL1927,iv
Q16881-4,TRXR1,CHEMBL1927,txnrd1_v2
Q16881-4,TRXR1,CHEMBL1927,trxr1b
Q16881-5,TRXR1,CHEMBL1927,5
Q16881-5,TRXR1,CHEMBL1927,i
Q16881-5,TRXR1,CHEMBL1927,txnrd1_v1
Q16881-5,TRXR1,CHEMBL1927,trxr1a
Q16881-6,TRXR1,CHEMBL1927,6
Q16881-6,TRXR1,CHEMBL1927,vi
Q16881-7,TRXR1,CHEMBL1927,7
Q15661-1,TRYB1,CHEMBL2617,1
Q15661-2,TRYB1,CHEMBL2617,2
B1AH88-1,TSPO,CHEMBL5742,2
B1AH88-1,TSPO,CHEMBL5742,pbr-s
P30536-1,TSPO,CHEMBL5742,1
P33981-1,TTK,CHEMBL3983,1
P33981-2,TTK,CHEMBL3983,2
Q9NUW8-1,TYDP1,CHEMBL1075138,1
Q9NUW8-2,TYDP1,CHEMBL1075138,2
O95551-1,TYDP2,CHEMBL2169736,1
O95551-2,TYDP2,CHEMBL2169736,2
O95551-3,TYDP2,CHEMBL2169736,3
P19971-1,TYPH,CHEMBL3106,1
P19971-2,TYPH,CHEMBL3106,2
P14679-1,TYRO,CHEMBL1973,1
P14679-2,TYRO,CHEMBL1973,2
P04818-1,TYSY,CHEMBL1952,1
P04818-2,TYSY,CHEMBL1952,2
P04818-2,TYSY,CHEMBL1952,delta4
P04818-3,TYSY,CHEMBL1952,3
P04818-3,TYSY,CHEMBL1952,delta2+3
O75643-1,U520,CHEMBL4105972,1
O75643-2,U520,CHEMBL4105972,2
P54578-1,UBP14,CHEMBL1293295,1
P54578-2,UBP14,CHEMBL1293295,2
P54578-3,UBP14,CHEMBL1293295,3
P45974-1,UBP5,CHEMBL6158,long
P45974-2,UBP5,CHEMBL6158,short
Q93009-1,UBP7,CHEMBL2157850,1
Q93009-2,UBP7,CHEMBL2157850,2
Q93009-2,UBP7,CHEMBL2157850,usp7 beta
Q93009-3,UBP7,CHEMBL2157850,3
Q9BZX2-1,UCK2,CHEMBL2469,1
Q9BZX2-2,UCK2,CHEMBL2469,2
P30530-1,UFO,CHEMBL4895,long
P30530-2,UFO,CHEMBL4895,short
Q13564-1,ULA1,CHEMBL2016431,1
Q13564-2,ULA1,CHEMBL2016431,2
Q13564-3,ULA1,CHEMBL2016431,3
Q13564-4,ULA1,CHEMBL2016431,4
Q6PHR2-1,ULK3,CHEMBL5047,1
Q6PHR2-2,ULK3,CHEMBL5047,2
Q6PHR2-3,ULK3,CHEMBL5047,3
Q6PHR2-4,ULK3,CHEMBL5047,4
P00749-1,UROK,CHEMBL3286,1
P00749-2,UROK,CHEMBL3286,2
Q93008-1,USP9X,CHEMBL2406899,1
Q93008-1,USP9X,CHEMBL2406899,short
Q93008-3,USP9X,CHEMBL2406899,2
Q93008-3,USP9X,CHEMBL2406899,long
Q8VHL0-1,UT1,CHEMBL2163171,1
Q8VHL0-2,UT1,CHEMBL2163171,2
P30518-1,V2R,CHEMBL1790,1
P30518-2,V2R,CHEMBL1790,2
Q99536-1,VAT1,CHEMBL4802015,1
Q99536-2,VAT1,CHEMBL4802015,2
Q99536-3,VAT1,CHEMBL4802015,3
P11473-1,VDR,CHEMBL1977,1
P11473-2,VDR,CHEMBL1977,2
P17948-1,VGFR1,CHEMBL1868,1
P17948-1,VGFR1,CHEMBL1868,flt1
P17948-2,VGFR1,CHEMBL1868,2
P17948-2,VGFR1,CHEMBL1868,sflt1
P17948-3,VGFR1,CHEMBL1868,3
P17948-3,VGFR1,CHEMBL1868,sflt1-14
P17948-4,VGFR1,CHEMBL1868,4
P17948-5,VGFR1,CHEMBL1868,5
P17948-5,VGFR1,CHEMBL1868,i15
P17948-6,VGFR1,CHEMBL1868,6
P17948-6,VGFR1,CHEMBL1868,i18
P17948-7,VGFR1,CHEMBL1868,7
P17948-7,VGFR1,CHEMBL1868,i21
P17948-8,VGFR1,CHEMBL1868,8
P35918-1,VGFR2,CHEMBL3337,1
P35918-1,VGFR2,CHEMBL3337,mbvegfr-2
P35918-2,VGFR2,CHEMBL3337,2
P35918-2,VGFR2,CHEMBL3337,svegfr-2
P35968-1,VGFR2,CHEMBL279,1
P35968-1,VGFR2,CHEMBL279,mbvegfr-2
P35968-2,VGFR2,CHEMBL279,2
P35968-2,VGFR2,CHEMBL279,svegfr-2
P35968-3,VGFR2,CHEMBL279,3
P35968-3,VGFR2,CHEMBL279,vegfr2-712
P35916-1,VGFR3,CHEMBL1955,2
P35916-1,VGFR3,CHEMBL1955,short
P35916-2,VGFR3,CHEMBL1955,1
P35916-2,VGFR3,CHEMBL1955,long
P35916-3,VGFR3,CHEMBL1955,3
P35916-3,VGFR3,CHEMBL1955,svegfr3
Q05940-1,VMAT2,CHEMBL1893,1
Q05940-2,VMAT2,CHEMBL1893,2
P30291-1,WEE1,CHEMBL5491,1
P30291-2,WEE1,CHEMBL5491,2
Q9H4A3-1,WNK1,CHEMBL1075173,1
Q9H4A3-1,WNK1,CHEMBL1075173,l-wnk1
Q9H4A3-2,WNK1,CHEMBL1075173,2
Q9H4A3-4,WNK1,CHEMBL1075173,3
Q9H4A3-4,WNK1,CHEMBL1075173,ks-wnk1
Q9H4A3-4,WNK1,CHEMBL1075173,kidney-specific
Q9H4A3-5,WNK1,CHEMBL1075173,4
Q9H4A3-5,WNK1,CHEMBL1075173,brain and spinal cord variant
Q9H4A3-6,WNK1,CHEMBL1075173,5
Q9H4A3-6,WNK1,CHEMBL1075173,dorsal root ganglia and sciatic nerve variant
Q9H4A3-6,WNK1,CHEMBL1075173,drg and sciatic nerve variant
Q9H4A3-7,WNK1,CHEMBL1075173,6
Q9Y3S1-1,WNK2,CHEMBL5639,1
Q9Y3S1-2,WNK2,CHEMBL5639,2
Q9Y3S1-3,WNK2,CHEMBL5639,3
Q9Y3S1-4,WNK2,CHEMBL5639,4
P43403-1,ZAP70,CHEMBL2803,1
P43403-2,ZAP70,CHEMBL2803,2
P43403-2,ZAP70,CHEMBL2803,tzk
P43403-3,ZAP70,CHEMBL2803,3
