target_chembl_id,uniprot_id_primary,organism,taxon_id,lineage_superkingdom,lineage_phylum,lineage_class,cellularity,multifunctional_enzyme
CHEMBL1075024,Q9FBC5,Streptococcus,1313,bacteria,bacillati,bacillota,unicellular,False
CHEMBL1075029,Q4VQ11,Sus,9823,eukaryota,chordata,craniata,multicellular,False
CHEMBL1075045,Q81VW8,Bacillus cereus group,1392,bacteria,bacillati,bacillota,unicellular,False
CHEMBL1075051,DYR,Bos,9913,eukaryota,chordata,craniata,multicellular,False
CHEMBL1075097,ARGI1,Homo,9606,eukaryota,chordata,craniata,multicellular,False
CHEMBL1075102,P3C2A,Homo,9606,eukaryota,chordata,craniata,multicellular,False
CHEMBL1075104,LRRK2,Homo,9606,eukaryota,chordata,craniata,multicellular,False
CHEMBL1075105,TP4A2,Homo,9606,eukaryota,chordata,craniata,multicellular,False
CHEMBL1075108,S12A5,Rattus,10116,eukaryota,chordata,craniata,multicellular,False
CHEMBL1075115,DYRK4,Homo,9606,eukaryota,chordata,craniata,multicellular,False
CHEMBL1075126,KPYR,Homo,9606,eukaryota,chordata,craniata,multicellular,False
CHEMBL1075128,Q49PX0,Vaccinia virus,10246,viruses,varidnaviria,bamfordvirae,acellular (virus),False
CHEMBL1075132,TRAP1,Homo,9606,eukaryota,chordata,craniata,multicellular,False
CHEMBL1075133,GRK7,Homo,9606,eukaryota,chordata,craniata,multicellular,False
CHEMBL1075138,TYDP1,Homo,9606,eukaryota,chordata,craniata,multicellular,False
CHEMBL1075144,NMUR2,Homo,9606,eukaryota,chordata,craniata,multicellular,False
CHEMBL1075145,TERA,Homo,9606,eukaryota,chordata,craniata,multicellular,False
CHEMBL1075155,STK38,Homo,9606,eukaryota,chordata,craniata,multicellular,False
CHEMBL1075162,GPR17,Homo,9606,eukaryota,chordata,craniata,multicellular,False
CHEMBL1075163,HASP,Homo,9606,eukaryota,chordata,craniata,multicellular,False
CHEMBL1075164,TOP1,Rattus,10116,eukaryota,chordata,craniata,multicellular,False
CHEMBL1075165,PK3C3,Homo,9606,eukaryota,chordata,craniata,multicellular,False
CHEMBL1075166,ARBK2,Homo,9606,eukaryota,chordata,craniata,multicellular,False
CHEMBL1075167,HIPK4,Homo,9606,eukaryota,chordata,craniata,multicellular,False
CHEMBL1075169,TP4A1,Homo,9606,eukaryota,chordata,craniata,multicellular,False
CHEMBL1075172,CXCR3,Rattus,10116,eukaryota,chordata,craniata,multicellular,False
CHEMBL1075173,WNK1,Homo,9606,eukaryota,chordata,craniata,multicellular,False
CHEMBL1075174,BLA5,Klebsiella pneumoniae complex,573,bacteria,pseudomonadati,pseudomonadota,unicellular,False
CHEMBL1075178,NMUR1,Homo,9606,eukaryota,chordata,craniata,multicellular,False
CHEMBL1075189,KPYM,Homo,9606,eukaryota,chordata,craniata,multicellular,False
CHEMBL1075195,TAOK2,Homo,9606,eukaryota,chordata,craniata,multicellular,False
CHEMBL1075201,KCRM,Oryctolagus,9986,eukaryota,chordata,craniata,multicellular,False
CHEMBL1075214,5NTD,Rattus,10116,eukaryota,chordata,craniata,multicellular,False
CHEMBL1075226,KCNB1,Rattus,10116,eukaryota,chordata,craniata,multicellular,False
CHEMBL1075228,MCHR1,Rattus,10116,eukaryota,chordata,craniata,multicellular,False
CHEMBL1075246,XDH,Rattus,10116,eukaryota,chordata,craniata,multicellular,False
CHEMBL1075263,CCR5,Macaca,9541,eukaryota,chordata,craniata,multicellular,False
CHEMBL1075268,5HT6R,Mus,10090,eukaryota,chordata,craniata,multicellular,False
CHEMBL1075269,AA3R,Mus,10090,eukaryota,chordata,craniata,multicellular,False
CHEMBL1075275,AURKB,Mus,10090,eukaryota,chordata,craniata,multicellular,False
CHEMBL1075280,CLK1,Mus,10090,eukaryota,chordata,craniata,multicellular,False
CHEMBL1075281,CLK2,Mus,10090,eukaryota,chordata,craniata,multicellular,False
CHEMBL1075282,CLK3,Mus,10090,eukaryota,chordata,craniata,multicellular,False
CHEMBL1075283,CLK4,Mus,10090,eukaryota,chordata,craniata,multicellular,False
CHEMBL1075284,DGAT1,Mus,10090,eukaryota,chordata,craniata,multicellular,False
CHEMBL1075294,I23O1,Mus,10090,eukaryota,chordata,craniata,multicellular,False
CHEMBL1075302,SC5A2,Mus,10090,eukaryota,chordata,craniata,multicellular,False
CHEMBL1075307,T23O,Mus,10090,eukaryota,chordata,craniata,multicellular,False
CHEMBL1075317,WDR5,Homo,9606,eukaryota,chordata,craniata,multicellular,False
CHEMBL1075319,TRPM8,Homo,9606,eukaryota,chordata,craniata,multicellular,False
CHEMBL1075320,NADD,Bacillus cereus group,568206,bacteria,bacillati,bacillota,unicellular,False
CHEMBL1075323,ENPL,Homo,9606,eukaryota,chordata,craniata,multicellular,False
CHEMBL1163101,ERN1,Homo,9606,eukaryota,chordata,craniata,multicellular,False
CHEMBL1163106,MAK,Homo,9606,eukaryota,chordata,craniata,multicellular,False
CHEMBL1163108,STK39,Homo,9606,eukaryota,chordata,craniata,multicellular,False
CHEMBL1163109,CDR1,Candida,5476,eukaryota,fungi,dikarya,multicellular,False
CHEMBL1163111,IL5,Mus,10090,eukaryota,chordata,craniata,multicellular,False
CHEMBL1163122,Q2XUH7,Sus,9823,eukaryota,chordata,craniata,multicellular,False
CHEMBL1163123,M3K6,Homo,9606,eukaryota,chordata,craniata,multicellular,False
CHEMBL1163125,BRD4,Homo,9606,eukaryota,chordata,craniata,multicellular,False
CHEMBL1163126,CILK1,Homo,9606,eukaryota,chordata,craniata,multicellular,False
CHEMBL1163129,SBK1,Homo,9606,eukaryota,chordata,craniata,multicellular,False
CHEMBL1163130,DRTS,Schizotrypanum,5693,eukaryota,discoba,euglenozoa,unicellular,True
CHEMBL1169596,ARAF,Homo,9606,eukaryota,chordata,craniata,multicellular,False
CHEMBL1169597,6PGD,Ovis,9940,eukaryota,chordata,craniata,multicellular,False
CHEMBL1169598,PA,Influenza A virus,211044,viruses,riboviria,orthornavirae,acellular (virus),False
CHEMBL1250368,Q6UCJ9,Toxoplasma,5811,eukaryota,sar,alveolata,unicellular,False
CHEMBL1250378,SF3B3,Homo,9606,eukaryota,chordata,craniata,multicellular,False
CHEMBL1250379,ELAV1,Homo,9606,eukaryota,chordata,craniata,multicellular,False
CHEMBL1250402,TRPM2,Homo,9606,eukaryota,chordata,craniata,multicellular,False
CHEMBL1255126,MDM4,Homo,9606,eukaryota,chordata,craniata,multicellular,False
CHEMBL1255149,PCP,Mus,10090,eukaryota,chordata,craniata,multicellular,False
CHEMBL1255160,Q91ZY3,Cavia,10141,eukaryota,chordata,craniata,multicellular,False
CHEMBL1255163,PORCN,Homo,9606,eukaryota,chordata,craniata,multicellular,False
CHEMBL1255164,PORCN,Mus,10090,eukaryota,chordata,craniata,multicellular,False
CHEMBL1275212,KHK,Homo,9606,eukaryota,chordata,craniata,multicellular,False
CHEMBL1275214,MENB,Mycobacterium tuberculosis complex,83332,bacteria,bacillati,actinomycetota,unicellular,False
CHEMBL1275221,ANM6,Homo,9606,eukaryota,chordata,craniata,multicellular,False
CHEMBL1287622,LMBL1,Homo,9606,eukaryota,chordata,craniata,multicellular,False
CHEMBL1287623,LMBL3,Homo,9606,eukaryota,chordata,craniata,multicellular,False
CHEMBL1287627,CY24B,Homo,9606,eukaryota,chordata,craniata,multicellular,False
CHEMBL1293197,CHIA,Homo,9606,eukaryota,chordata,craniata,multicellular,False
CHEMBL1293204,CCR2,Rattus,10116,eukaryota,chordata,craniata,multicellular,False
CHEMBL1293222,NOD1,Homo,9606,eukaryota,chordata,craniata,multicellular,False
CHEMBL1293224,TAU,Homo,9606,eukaryota,chordata,craniata,multicellular,False
CHEMBL1293226,KDM4E,Homo,9606,eukaryota,chordata,craniata,multicellular,False
CHEMBL1293237,BLM,Homo,9606,eukaryota,chordata,craniata,multicellular,False
CHEMBL1293255,PGDH,Homo,9606,eukaryota,chordata,craniata,multicellular,False
CHEMBL1293266,NOD2,Homo,9606,eukaryota,chordata,craniata,multicellular,False
CHEMBL1293267,GPR35,Homo,9606,eukaryota,chordata,craniata,multicellular,False
CHEMBL1293269,A3EZJ3,Hepacivirus,3052230,viruses,riboviria,orthornavirae,acellular (virus),False
CHEMBL1293287,IDE,Homo,9606,eukaryota,chordata,craniata,multicellular,False
CHEMBL1293289,BRD2,Homo,9606,eukaryota,chordata,craniata,multicellular,False
CHEMBL1293292,KCNJ1,Homo,9606,eukaryota,chordata,craniata,multicellular,False
CHEMBL1293293,NPBW1,Homo,9606,eukaryota,chordata,craniata,multicellular,False
CHEMBL1293295,UBP14,Homo,9606,eukaryota,chordata,craniata,multicellular,False
CHEMBL1293299,KMT2A,Homo,9606,eukaryota,chordata,craniata,multicellular,False
CHEMBL1293320,PPME1,Homo,9606,eukaryota,chordata,craniata,multicellular,False
CHEMBL1613743,NCF1,Homo,9606,eukaryota,chordata,craniata,multicellular,False
CHEMBL1615381,MEN1,Homo,9606,eukaryota,chordata,craniata,multicellular,False
CHEMBL1615384,S12A5,Homo,9606,eukaryota,chordata,craniata,multicellular,False
CHEMBL1628461,OXER1,Homo,9606,eukaryota,chordata,craniata,multicellular,False
CHEMBL1628477,ASIC1,Homo,9606,eukaryota,chordata,craniata,multicellular,False
CHEMBL1628481,APJ,Homo,9606,eukaryota,chordata,craniata,multicellular,False
CHEMBL1641346,Q5TIX5,Mycolicibacterium,1772,bacteria,bacillati,actinomycetota,unicellular,False
CHEMBL1641359,Q39829,Glycine subgen. Soja,3847,eukaryota,viridiplantae,streptophyta,multicellular,False
CHEMBL1649048,DNSL3,Homo,9606,eukaryota,chordata,craniata,multicellular,False
CHEMBL1649052,CCL2,Homo,9606,eukaryota,chordata,craniata,multicellular,False
CHEMBL1667683,Q6Q793,Influenza A virus,266827,viruses,riboviria,orthornavirae,acellular (virus),False
CHEMBL1667685,Q2LFS1,Influenza A virus,365124,viruses,riboviria,orthornavirae,acellular (virus),False
CHEMBL1667686,C4LRQ6,Influenza A virus,648213,viruses,riboviria,orthornavirae,acellular (virus),False
CHEMBL1667695,BLAN1,Klebsiella pneumoniae complex,573,bacteria,pseudomonadati,pseudomonadota,unicellular,False
CHEMBL1671609,ERO1A,Homo,9606,eukaryota,chordata,craniata,multicellular,False
CHEMBL1671612,QCR7,Homo,9606,eukaryota,chordata,craniata,multicellular,False
CHEMBL1671613,AGTR1,Cavia,10141,eukaryota,chordata,craniata,multicellular,False
CHEMBL1681620,DYR,Staphylococcus,1280,bacteria,bacillati,bacillota,unicellular,False
CHEMBL1687677,LIPP,Sus,9823,eukaryota,chordata,craniata,multicellular,False
CHEMBL1697657,PPID,Homo,9606,eukaryota,chordata,craniata,multicellular,False
CHEMBL1697662,BXE,Clostridium,1491,bacteria,bacillati,bacillota,unicellular,False
CHEMBL1697671,PLGF,Homo,9606,eukaryota,chordata,craniata,multicellular,False
CHEMBL1741162,PMM2,Homo,9606,eukaryota,chordata,craniata,multicellular,False
CHEMBL1741179,ABC3A,Homo,9606,eukaryota,chordata,craniata,multicellular,False
CHEMBL1741186,RORG,Homo,9606,eukaryota,chordata,craniata,multicellular,False
CHEMBL1741203,SCRB1,Mus,10090,eukaryota,chordata,craniata,multicellular,False
CHEMBL1741208,NLRP3,Homo,9606,eukaryota,chordata,craniata,multicellular,False
CHEMBL1741217,ABC3G,Homo,9606,eukaryota,chordata,craniata,multicellular,False
CHEMBL1741219,TRPC4,Mus,10090,eukaryota,chordata,craniata,multicellular,False
CHEMBL1741220,BAZ2B,Homo,9606,eukaryota,chordata,craniata,multicellular,False
CHEMBL1741221,ATG4B,Homo,9606,eukaryota,chordata,craniata,multicellular,False
CHEMBL1743126,S47A1,Homo,9606,eukaryota,chordata,craniata,multicellular,False
CHEMBL1743183,LTC4S,Homo,9606,eukaryota,chordata,craniata,multicellular,False
CHEMBL1744522,EPAS1,Homo,9606,eukaryota,chordata,craniata,multicellular,False
CHEMBL1744525,NAMPT,Homo,9606,eukaryota,chordata,craniata,multicellular,False
CHEMBL1764946,CBX7,Homo,9606,eukaryota,chordata,craniata,multicellular,False
CHEMBL1770034,PI42C,Homo,9606,eukaryota,chordata,craniata,multicellular,False
CHEMBL1770046,P2Y14,Mus,10090,eukaryota,chordata,craniata,multicellular,False
CHEMBL1772927,GLYC,Homo,9606,eukaryota,chordata,craniata,multicellular,False
CHEMBL1781,TOP1,Homo,9606,eukaryota,chordata,craniata,multicellular,False
CHEMBL1781862,Q9BJF5,Toxoplasma,5811,eukaryota,sar,alveolata,unicellular,False
CHEMBL1781865,BIP,Homo,9606,eukaryota,chordata,craniata,multicellular,False
CHEMBL1782,FPPS,Homo,9606,eukaryota,chordata,craniata,multicellular,False
CHEMBL1784,GLP1R,Homo,9606,eukaryota,chordata,craniata,multicellular,False
CHEMBL1785,EDNRB,Homo,9606,eukaryota,chordata,craniata,multicellular,False
CHEMBL1787,S5A1,Homo,9606,eukaryota,chordata,craniata,multicellular,False
CHEMBL1790,V2R,Homo,9606,eukaryota,chordata,craniata,multicellular,False
CHEMBL1792,SSR5,Homo,9606,eukaryota,chordata,craniata,multicellular,False
CHEMBL1795101,Q9JN24,Escherichia,562,bacteria,pseudomonadati,pseudomonadota,unicellular,False
CHEMBL1795116,ANM5,Homo,9606,eukaryota,chordata,craniata,multicellular,False
CHEMBL1795117,DOT1L,Homo,9606,eukaryota,chordata,craniata,multicellular,False
CHEMBL1795118,SUV91,Homo,9606,eukaryota,chordata,craniata,multicellular,False
CHEMBL1795119,Q25615,Onchocerca,6282,eukaryota,ecdysozoa,nematoda,multicellular,False
CHEMBL1795126,PDE10,Mus,10090,eukaryota,chordata,craniata,multicellular,False
CHEMBL1795136,FAS,Gallus,9031,eukaryota,chordata,craniata,multicellular,True
CHEMBL1795139,TMPS6,Homo,9606,eukaryota,chordata,craniata,multicellular,False
CHEMBL1795143,PARG,Homo,9606,eukaryota,chordata,craniata,multicellular,False
CHEMBL1795148,ARGI2,Homo,9606,eukaryota,chordata,craniata,multicellular,False
CHEMBL1795167,TLR4,Mus,10090,eukaryota,chordata,craniata,multicellular,False
CHEMBL1795176,KMT5A,Homo,9606,eukaryota,chordata,craniata,multicellular,False
CHEMBL1795177,SUV92,Homo,9606,eukaryota,chordata,craniata,multicellular,False
CHEMBL1795180,FFAR1,Rattus,10116,eukaryota,chordata,craniata,multicellular,False
CHEMBL1795185,BRDT,Homo,9606,eukaryota,chordata,craniata,multicellular,False
CHEMBL1795186,BRD3,Homo,9606,eukaryota,chordata,craniata,multicellular,False
CHEMBL1795188,PCFT,Homo,9606,eukaryota,chordata,craniata,multicellular,False
CHEMBL1795192,CDK13,Homo,9606,eukaryota,chordata,craniata,multicellular,False
CHEMBL1795194,PI42A,Homo,9606,eukaryota,chordata,craniata,multicellular,False
CHEMBL1795199,RIPK3,Homo,9606,eukaryota,chordata,craniata,multicellular,False
CHEMBL1798,CLTR1,Homo,9606,eukaryota,chordata,craniata,multicellular,False
CHEMBL1800,CRFR1,Homo,9606,eukaryota,chordata,craniata,multicellular,False
CHEMBL1801,PLMN,Homo,9606,eukaryota,chordata,craniata,multicellular,False
CHEMBL1803,ITAL,Homo,9606,eukaryota,chordata,craniata,multicellular,False
CHEMBL1804,SSR2,Homo,9606,eukaryota,chordata,craniata,multicellular,False
CHEMBL1805,5HT1F,Homo,9606,eukaryota,chordata,craniata,multicellular,False
CHEMBL1806,TOP2A,Homo,9606,eukaryota,chordata,craniata,multicellular,False
CHEMBL1808,ACE,Homo,9606,eukaryota,chordata,craniata,multicellular,False
CHEMBL1809,DYR,Escherichia,83333,bacteria,pseudomonadati,pseudomonadota,unicellular,False
CHEMBL1811,PE2R1,Homo,9606,eukaryota,chordata,craniata,multicellular,False
CHEMBL1812,LIPP,Homo,9606,eukaryota,chordata,craniata,multicellular,False
CHEMBL1821,ACM4,Homo,9606,eukaryota,chordata,craniata,multicellular,False
CHEMBL1822,IMDH1,Homo,9606,eukaryota,chordata,craniata,multicellular,False
CHEMBL1824,ERBB2,Homo,9606,eukaryota,chordata,craniata,multicellular,False
CHEMBL1825,TNFA,Homo,9606,eukaryota,chordata,craniata,multicellular,False
CHEMBL1826,GYRB,Escherichia,83333,bacteria,pseudomonadati,pseudomonadota,unicellular,False
CHEMBL1827,PDE5A,Homo,9606,eukaryota,chordata,craniata,multicellular,False
CHEMBL1828,DPOLA,Homo,9606,eukaryota,chordata,craniata,multicellular,False
CHEMBL1829,HDAC3,Homo,9606,eukaryota,chordata,craniata,multicellular,False
CHEMBL1833,5HT2B,Homo,9606,eukaryota,chordata,craniata,multicellular,False
CHEMBL1835,THAS,Homo,9606,eukaryota,chordata,craniata,multicellular,True
CHEMBL1836,PE2R4,Homo,9606,eukaryota,chordata,craniata,multicellular,False
CHEMBL1841,FYN,Homo,9606,eukaryota,chordata,craniata,multicellular,False
CHEMBL1844,CSF1R,Homo,9606,eukaryota,chordata,craniata,multicellular,False
CHEMBL1845,SCN1A,Homo,9606,eukaryota,chordata,craniata,multicellular,False
CHEMBL1849,INHA,Mycobacterium tuberculosis complex,83332,bacteria,bacillati,actinomycetota,unicellular,False
CHEMBL1850,DRD5,Homo,9606,eukaryota,chordata,craniata,multicellular,False
CHEMBL1853,SSR4,Homo,9606,eukaryota,chordata,craniata,multicellular,False
CHEMBL1855,GNRHR,Homo,9606,eukaryota,chordata,craniata,multicellular,False
CHEMBL1856,S5A2,Homo,9606,eukaryota,chordata,craniata,multicellular,False
CHEMBL1859,CAC1H,Homo,9606,eukaryota,chordata,craniata,multicellular,False
CHEMBL1860,THA,Homo,9606,eukaryota,chordata,craniata,multicellular,False
CHEMBL1862,ABL1,Homo,9606,eukaryota,chordata,craniata,multicellular,False
CHEMBL1865,HDAC6,Homo,9606,eukaryota,chordata,craniata,multicellular,False
CHEMBL1867,ADA2A,Homo,9606,eukaryota,chordata,craniata,multicellular,False
CHEMBL1868,VGFR1,Homo,9606,eukaryota,chordata,craniata,multicellular,False
CHEMBL1870,RXRB,Homo,9606,eukaryota,chordata,craniata,multicellular,False
CHEMBL1871,ANDR,Homo,9606,eukaryota,chordata,craniata,multicellular,False
CHEMBL1873,TPA,Homo,9606,eukaryota,chordata,craniata,multicellular,False
CHEMBL1875,5HT4R,Homo,9606,eukaryota,chordata,craniata,multicellular,False
CHEMBL1878,CASR,Homo,9606,eukaryota,chordata,craniata,multicellular,False
CHEMBL1881,PE2R2,Homo,9606,eukaryota,chordata,craniata,multicellular,False
CHEMBL1889,V1AR,Homo,9606,eukaryota,chordata,craniata,multicellular,False
CHEMBL1892,FOLH1,Homo,9606,eukaryota,chordata,craniata,multicellular,False
CHEMBL1893,VMAT2,Homo,9606,eukaryota,chordata,craniata,multicellular,False
CHEMBL1898,5HT1B,Homo,9606,eukaryota,chordata,craniata,multicellular,False
CHEMBL1899,5HT3A,Homo,9606,eukaryota,chordata,craniata,multicellular,False
CHEMBL1900,ALDR,Homo,9606,eukaryota,chordata,craniata,multicellular,False
CHEMBL1901,CCKAR,Homo,9606,eukaryota,chordata,craniata,multicellular,False
CHEMBL1902,FKB1A,Homo,9606,eukaryota,chordata,craniata,multicellular,False
CHEMBL1903,SC6A1,Homo,9606,eukaryota,chordata,craniata,multicellular,False
CHEMBL1904,NMDE2,Homo,9606,eukaryota,chordata,craniata,multicellular,False
CHEMBL1906,RAF1,Homo,9606,eukaryota,chordata,craniata,multicellular,False
CHEMBL1907,AMPN,Homo,9606,eukaryota,chordata,craniata,multicellular,False
CHEMBL1908,C11B1,Homo,9606,eukaryota,chordata,craniata,multicellular,False
CHEMBL1908384,SNRK,Homo,9606,eukaryota,chordata,craniata,multicellular,False
CHEMBL1908386,DUSTY,Homo,9606,eukaryota,chordata,craniata,multicellular,False
CHEMBL1908389,M3K12,Homo,9606,eukaryota,chordata,craniata,multicellular,False
CHEMBL1909484,SENP1,Homo,9606,eukaryota,chordata,craniata,multicellular,False
CHEMBL1910,ADA,Homo,9606,eukaryota,chordata,craniata,multicellular,False
CHEMBL1913,PGFRB,Homo,9606,eukaryota,chordata,craniata,multicellular,False
CHEMBL1914,CHLE,Homo,9606,eukaryota,chordata,craniata,multicellular,False
CHEMBL1914270,DHB2,Mus,10090,eukaryota,chordata,craniata,multicellular,False
CHEMBL1914272,SCRB1,Homo,9606,eukaryota,chordata,craniata,multicellular,False
CHEMBL1916,ADA2C,Homo,9606,eukaryota,chordata,craniata,multicellular,False
CHEMBL1917,SSR1,Homo,9606,eukaryota,chordata,craniata,multicellular,False
CHEMBL1918,GRIK1,Homo,9606,eukaryota,chordata,craniata,multicellular,False
CHEMBL1919,CA2D1,Homo,9606,eukaryota,chordata,craniata,multicellular,False
CHEMBL1921,V1BR,Homo,9606,eukaryota,chordata,craniata,multicellular,False
CHEMBL1921661,AL5AP,Rattus,10116,eukaryota,chordata,craniata,multicellular,False
CHEMBL1921666,GYRB,Staphylococcus,1280,bacteria,bacillati,bacillota,unicellular,False
CHEMBL1923,HRP1,Plasmodium (Laverania),5833,eukaryota,sar,alveolata,unicellular,False
CHEMBL1926,DYR,Pneumocystis,4754,eukaryota,fungi,dikarya,multicellular,False
CHEMBL1926488,PPOX,Homo,9606,eukaryota,chordata,craniata,multicellular,False
CHEMBL1927,TRXR1,Homo,9606,eukaryota,chordata,craniata,multicellular,False
CHEMBL1929,XDH,Homo,9606,eukaryota,chordata,craniata,multicellular,False
CHEMBL1932895,NRAM2,Homo,9606,eukaryota,chordata,craniata,multicellular,False
CHEMBL1932912,KAT8,Homo,9606,eukaryota,chordata,craniata,multicellular,False
CHEMBL1935,ALDH2,Homo,9606,eukaryota,chordata,craniata,multicellular,False
CHEMBL1936,KIT,Homo,9606,eukaryota,chordata,craniata,multicellular,False
CHEMBL1937,HDAC2,Homo,9606,eukaryota,chordata,craniata,multicellular,False
CHEMBL1938208,KDM1B,Homo,9606,eukaryota,chordata,craniata,multicellular,False
CHEMBL1938209,KDM3A,Homo,9606,eukaryota,chordata,craniata,multicellular,False
CHEMBL1938210,KDM2A,Homo,9606,eukaryota,chordata,craniata,multicellular,False
CHEMBL1938211,KDM6B,Homo,9606,eukaryota,chordata,craniata,multicellular,False
CHEMBL1938215,KSR1,Homo,9606,eukaryota,chordata,craniata,multicellular,False
CHEMBL1938219,NPBW1,Mus,10090,eukaryota,chordata,craniata,multicellular,False
CHEMBL1938224,PPM1D,Homo,9606,eukaryota,chordata,craniata,multicellular,False
CHEMBL1940,CAC1C,Homo,9606,eukaryota,chordata,craniata,multicellular,False
CHEMBL1941,HRH2,Homo,9606,eukaryota,chordata,craniata,multicellular,False
CHEMBL1942,ADA2B,Homo,9606,eukaryota,chordata,craniata,multicellular,False
CHEMBL1944,NEP,Homo,9606,eukaryota,chordata,craniata,multicellular,False
CHEMBL1944495,PSB9,Homo,9606,eukaryota,chordata,craniata,multicellular,False
CHEMBL1944497,Q8WSF8,Aplysia,6500,eukaryota,spiralia,lophotrochozoa,multicellular,False
CHEMBL1944501,A4HSF7,Leishmania,5671,eukaryota,discoba,euglenozoa,unicellular,False
CHEMBL1945,MTR1A,Homo,9606,eukaryota,chordata,craniata,multicellular,False
CHEMBL1946,MTR1B,Homo,9606,eukaryota,chordata,craniata,multicellular,False
CHEMBL1947,THB,Homo,9606,eukaryota,chordata,craniata,multicellular,False
CHEMBL1949483,Q4Q5S8,Leishmania,5664,eukaryota,discoba,euglenozoa,unicellular,False
CHEMBL1949488,DCPS,Homo,9606,eukaryota,chordata,craniata,multicellular,False
CHEMBL1951,AOFA,Homo,9606,eukaryota,chordata,craniata,multicellular,False
CHEMBL1952,TYSY,Homo,9606,eukaryota,chordata,craniata,multicellular,False
CHEMBL1955,VGFR3,Homo,9606,eukaryota,chordata,craniata,multicellular,False
CHEMBL1957,IGF1R,Homo,9606,eukaryota,chordata,craniata,multicellular,False
CHEMBL1962,GBRA1,Homo,9606,eukaryota,chordata,craniata,multicellular,False
CHEMBL1966,PYRD,Homo,9606,eukaryota,chordata,craniata,multicellular,False
CHEMBL1968,HYEP,Homo,9606,eukaryota,chordata,craniata,multicellular,False
CHEMBL1972,NMDE1,Homo,9606,eukaryota,chordata,craniata,multicellular,False
CHEMBL1973,TYRO,Homo,9606,eukaryota,chordata,craniata,multicellular,False
CHEMBL1974,FLT3,Homo,9606,eukaryota,chordata,craniata,multicellular,False
CHEMBL1977,VDR,Homo,9606,eukaryota,chordata,craniata,multicellular,False
CHEMBL1978,CP19A,Homo,9606,eukaryota,chordata,craniata,multicellular,False
CHEMBL1980,SCN5A,Homo,9606,eukaryota,chordata,craniata,multicellular,False
CHEMBL1981,INSR,Homo,9606,eukaryota,chordata,craniata,multicellular,False
CHEMBL1983,5HT1D,Homo,9606,eukaryota,chordata,craniata,multicellular,False
CHEMBL1985,GLR,Homo,9606,eukaryota,chordata,craniata,multicellular,False
CHEMBL1987,PF2R,Homo,9606,eukaryota,chordata,craniata,multicellular,False
CHEMBL1991,IKKB,Homo,9606,eukaryota,chordata,craniata,multicellular,False
CHEMBL1992,DNM3A,Homo,9606,eukaryota,chordata,craniata,multicellular,False
CHEMBL1993,DNMT1,Homo,9606,eukaryota,chordata,craniata,multicellular,False
CHEMBL1994,MCR,Homo,9606,eukaryota,chordata,craniata,multicellular,False
CHEMBL1995,PI2R,Homo,9606,eukaryota,chordata,craniata,multicellular,False
CHEMBL1997,S29A1,Homo,9606,eukaryota,chordata,craniata,multicellular,False
CHEMBL2000,KLKB1,Homo,9606,eukaryota,chordata,craniata,multicellular,False
CHEMBL2001,P2Y12,Homo,9606,eukaryota,chordata,craniata,multicellular,False
CHEMBL2002,IMDH2,Homo,9606,eukaryota,chordata,craniata,multicellular,False
CHEMBL2003,RARG,Homo,9606,eukaryota,chordata,craniata,multicellular,False
CHEMBL2004,RXRG,Homo,9606,eukaryota,chordata,craniata,multicellular,False
CHEMBL2007,PGFRA,Homo,9606,eukaryota,chordata,craniata,multicellular,False
CHEMBL2007625,IDHC,Homo,9606,eukaryota,chordata,craniata,multicellular,False
CHEMBL2007628,PTN5,Homo,9606,eukaryota,chordata,craniata,multicellular,False
CHEMBL2007629,PSDE,Homo,9606,eukaryota,chordata,craniata,multicellular,False
CHEMBL2009,GRIA1,Homo,9606,eukaryota,chordata,craniata,multicellular,False
CHEMBL2010631,ACKR3,Homo,9606,eukaryota,chordata,craniata,multicellular,False
CHEMBL2010636,Q8WQX9,Trypanosoma,5691,eukaryota,discoba,euglenozoa,unicellular,False
CHEMBL2014,OPRX,Homo,9606,eukaryota,chordata,craniata,multicellular,False
CHEMBL2015,NMDZ1,Homo,9606,eukaryota,chordata,craniata,multicellular,False
CHEMBL2016,FA9,Homo,9606,eukaryota,chordata,craniata,multicellular,False
CHEMBL2016431,ULA1,Homo,9606,eukaryota,chordata,craniata,multicellular,False
CHEMBL202,DYR,Homo,9606,eukaryota,chordata,craniata,multicellular,False
CHEMBL2021745,HAOX2,Rattus,10116,eukaryota,chordata,craniata,multicellular,False
CHEMBL2021749,DEGS1,Homo,9606,eukaryota,chordata,craniata,multicellular,False
CHEMBL2021752,KI20B,Homo,9606,eukaryota,chordata,craniata,multicellular,False
CHEMBL2021753,KI20A,Homo,9606,eukaryota,chordata,craniata,multicellular,False
CHEMBL2023,COMT,Homo,9606,eukaryota,chordata,craniata,multicellular,False
CHEMBL2027,NPCL1,Homo,9606,eukaryota,chordata,craniata,multicellular,False
CHEMBL2028,SSR3,Homo,9606,eukaryota,chordata,craniata,multicellular,False
CHEMBL2029197,RPGF3,Homo,9606,eukaryota,chordata,craniata,multicellular,False
CHEMBL2029198,RPGF4,Homo,9606,eukaryota,chordata,craniata,multicellular,False
CHEMBL203,EGFR,Homo,9606,eukaryota,chordata,craniata,multicellular,False
CHEMBL2034,GCR,Homo,9606,eukaryota,chordata,craniata,multicellular,False
CHEMBL2034805,NAAA,Rattus,10116,eukaryota,chordata,craniata,multicellular,False
CHEMBL2034807,RAD51,Homo,9606,eukaryota,chordata,craniata,multicellular,False
CHEMBL2035,ACM5,Homo,9606,eukaryota,chordata,craniata,multicellular,False
CHEMBL2039,AOFB,Homo,9606,eukaryota,chordata,craniata,multicellular,False
CHEMBL204,THRB,Homo,9606,eukaryota,chordata,craniata,multicellular,False
CHEMBL2041,RET,Homo,9606,eukaryota,chordata,craniata,multicellular,False
CHEMBL2046259,AADAT,Homo,9606,eukaryota,chordata,craniata,multicellular,False
CHEMBL2046260,KAT3,Homo,9606,eukaryota,chordata,craniata,multicellular,True
CHEMBL2046264,RENI,Macaca,9541,eukaryota,chordata,craniata,multicellular,False
CHEMBL2046266,ACES,Anopheles,7165,eukaryota,ecdysozoa,arthropoda,multicellular,False
CHEMBL2046267,ANO1,Homo,9606,eukaryota,chordata,craniata,multicellular,False
CHEMBL2047,NR1H4,Homo,9606,eukaryota,chordata,craniata,multicellular,False
CHEMBL2049,OXYR,Homo,9606,eukaryota,chordata,craniata,multicellular,False
CHEMBL205,CAH2,Homo,9606,eukaryota,chordata,craniata,multicellular,False
CHEMBL2051,NRAM,Influenza A virus,211044,viruses,riboviria,orthornavirae,acellular (virus),False
CHEMBL2052027,CHIA,Mus,10090,eukaryota,chordata,craniata,multicellular,False
CHEMBL2052028,IF4A1,Homo,9606,eukaryota,chordata,craniata,multicellular,False
CHEMBL2052031,FKBP5,Homo,9606,eukaryota,chordata,craniata,multicellular,False
CHEMBL2052038,S27A1,Homo,9606,eukaryota,chordata,craniata,multicellular,False
CHEMBL2052039,S27A1,Mus,10090,eukaryota,chordata,craniata,multicellular,False
CHEMBL2056,DRD1,Homo,9606,eukaryota,chordata,craniata,multicellular,False
CHEMBL206,ESR1,Homo,9606,eukaryota,chordata,craniata,multicellular,False
CHEMBL2061,RXRA,Homo,9606,eukaryota,chordata,craniata,multicellular,False
CHEMBL2063,CEGT,Homo,9606,eukaryota,chordata,craniata,multicellular,False
CHEMBL2065,BLAT,Escherichia,562,bacteria,pseudomonadati,pseudomonadota,unicellular,False
CHEMBL2068,EPHA2,Homo,9606,eukaryota,chordata,craniata,multicellular,False
CHEMBL2069,TA2R,Homo,9606,eukaryota,chordata,craniata,multicellular,False
CHEMBL2069156,KEAP1,Homo,9606,eukaryota,chordata,craniata,multicellular,False
CHEMBL2072,SCN4A,Homo,9606,eukaryota,chordata,craniata,multicellular,False
CHEMBL2073,YES,Homo,9606,eukaryota,chordata,craniata,multicellular,False
CHEMBL2073663,MOT4,Homo,9606,eukaryota,chordata,craniata,multicellular,False
CHEMBL2073674,ABCBB,Rattus,10116,eukaryota,chordata,craniata,multicellular,False
CHEMBL2073676,MRP2,Rattus,10116,eukaryota,chordata,craniata,multicellular,False
CHEMBL2073677,S22AB,Homo,9606,eukaryota,chordata,craniata,multicellular,False
CHEMBL2073709,MOT1,Rattus,10116,eukaryota,chordata,craniata,multicellular,False
CHEMBL2074,MGA,Homo,9606,eukaryota,chordata,craniata,multicellular,False
CHEMBL2079849,HEPS,Homo,9606,eukaryota,chordata,craniata,multicellular,False
CHEMBL208,PRGR,Homo,9606,eukaryota,chordata,craniata,multicellular,False
CHEMBL2081,GSTM1,Homo,9606,eukaryota,chordata,craniata,multicellular,False
CHEMBL2083,FABP4,Homo,9606,eukaryota,chordata,craniata,multicellular,False
CHEMBL2085,MIF,Homo,9606,eukaryota,chordata,craniata,multicellular,False
CHEMBL2088,CBPA1,Homo,9606,eukaryota,chordata,craniata,multicellular,False
CHEMBL2094,P2RX1,Homo,9606,eukaryota,chordata,craniata,multicellular,False
CHEMBL2099,KLK3,Homo,9606,eukaryota,chordata,craniata,multicellular,False
CHEMBL210,ADRB2,Homo,9606,eukaryota,chordata,craniata,multicellular,False
CHEMBL2104,P2RX4,Homo,9606,eukaryota,chordata,craniata,multicellular,False
CHEMBL2107,CXCR4,Homo,9606,eukaryota,chordata,craniata,multicellular,False
CHEMBL2109,MP2K3,Homo,9606,eukaryota,chordata,craniata,multicellular,False
CHEMBL211,ACM2,Homo,9606,eukaryota,chordata,craniata,multicellular,False
CHEMBL2121,FOLR1,Homo,9606,eukaryota,chordata,craniata,multicellular,False
CHEMBL2123,P2RY4,Homo,9606,eukaryota,chordata,craniata,multicellular,False
CHEMBL2125,VACHT,Rattus,10116,eukaryota,chordata,craniata,multicellular,False
CHEMBL213,ADRB1,Homo,9606,eukaryota,chordata,craniata,multicellular,False
CHEMBL2135,P2RX2,Rattus,10116,eukaryota,chordata,craniata,multicellular,False
CHEMBL2136,PEPC,Homo,9606,eukaryota,chordata,craniata,multicellular,False
CHEMBL214,5HT1A,Homo,9606,eukaryota,chordata,craniata,multicellular,False
CHEMBL2140,T23O,Homo,9606,eukaryota,chordata,craniata,multicellular,False
CHEMBL2145,KMO,Homo,9606,eukaryota,chordata,craniata,multicellular,False
CHEMBL2146302,GLSK,Homo,9606,eukaryota,chordata,craniata,multicellular,False
CHEMBL2146312,WRN,Homo,9606,eukaryota,chordata,craniata,multicellular,False
CHEMBL2146350,KCNJ1,Rattus,10116,eukaryota,chordata,craniata,multicellular,False
CHEMBL2147,PIM1,Homo,9606,eukaryota,chordata,craniata,multicellular,False
CHEMBL2148,JAK3,Homo,9606,eukaryota,chordata,craniata,multicellular,False
CHEMBL215,LOX5,Homo,9606,eukaryota,chordata,craniata,multicellular,False
CHEMBL2150835,Q5NGQ3,Francisella,177416,bacteria,pseudomonadati,pseudomonadota,unicellular,False
CHEMBL2150837,ATAD2,Homo,9606,eukaryota,chordata,craniata,multicellular,False
CHEMBL2154,PA2GE,Homo,9606,eukaryota,chordata,craniata,multicellular,False
CHEMBL2157850,UBP7,Homo,9606,eukaryota,chordata,craniata,multicellular,False
CHEMBL216,ACM1,Homo,9606,eukaryota,chordata,craniata,multicellular,False
CHEMBL2163171,UT1,Mus,10090,eukaryota,chordata,craniata,multicellular,False
CHEMBL2163175,BODG,Homo,9606,eukaryota,chordata,craniata,multicellular,False
CHEMBL2163176,KDM5C,Homo,9606,eukaryota,chordata,craniata,multicellular,False
CHEMBL2163182,SIR6,Homo,9606,eukaryota,chordata,craniata,multicellular,False
CHEMBL2163183,SIR5,Homo,9606,eukaryota,chordata,craniata,multicellular,False
CHEMBL2169716,SMYD2,Homo,9606,eukaryota,chordata,craniata,multicellular,False
CHEMBL2169718,EHMT2,Mus,10090,eukaryota,chordata,craniata,multicellular,False
CHEMBL2169720,SUV39,Sophophora,7227,eukaryota,ecdysozoa,arthropoda,multicellular,False
CHEMBL2169724,KGP,Plasmodium (Laverania),5843,eukaryota,sar,alveolata,unicellular,False
CHEMBL2169726,Q25856,Plasmodium (Laverania),5833,eukaryota,sar,alveolata,unicellular,False
CHEMBL2169736,TYDP2,Homo,9606,eukaryota,chordata,craniata,multicellular,False
CHEMBL217,DRD2,Homo,9606,eukaryota,chordata,craniata,multicellular,False
CHEMBL2171,MP2K6,Homo,9606,eukaryota,chordata,craniata,multicellular,False
CHEMBL2176771,CFAD,Homo,9606,eukaryota,chordata,craniata,multicellular,False
CHEMBL2176774,BRD1,Homo,9606,eukaryota,chordata,craniata,multicellular,False
CHEMBL2176776,SENP2,Homo,9606,eukaryota,chordata,craniata,multicellular,False
CHEMBL2176777,PAR14,Homo,9606,eukaryota,chordata,craniata,multicellular,False
CHEMBL2176778,PAR15,Homo,9606,eukaryota,chordata,craniata,multicellular,False
CHEMBL2176837,COMT,Sus,9823,eukaryota,chordata,craniata,multicellular,False
CHEMBL2176846,RAGE,Homo,9606,eukaryota,chordata,craniata,multicellular,False
CHEMBL2179,GBA1,Homo,9606,eukaryota,chordata,craniata,multicellular,False
CHEMBL218,CNR1,Homo,9606,eukaryota,chordata,craniata,multicellular,False
CHEMBL2181,PE2R1,Mus,10090,eukaryota,chordata,craniata,multicellular,False
CHEMBL2182,5HT1E,Homo,9606,eukaryota,chordata,craniata,multicellular,False
CHEMBL2185,AURKB,Homo,9606,eukaryota,chordata,craniata,multicellular,False
CHEMBL2186,CAH13,Mus,10090,eukaryota,chordata,craniata,multicellular,False
CHEMBL2189110,EZH2,Homo,9606,eukaryota,chordata,craniata,multicellular,False
CHEMBL2189117,EED,Homo,9606,eukaryota,chordata,craniata,multicellular,False
CHEMBL2189121,RASK,Homo,9606,eukaryota,chordata,craniata,multicellular,False
CHEMBL2189127,ABHD6,Homo,9606,eukaryota,chordata,craniata,multicellular,False
CHEMBL2189158,PK3CG,Mus,10090,eukaryota,chordata,craniata,multicellular,False
CHEMBL219,DRD4,Homo,9606,eukaryota,chordata,craniata,multicellular,False
CHEMBL220,ACES,Homo,9606,eukaryota,chordata,craniata,multicellular,False
CHEMBL2207,MK01,Mus,10090,eukaryota,chordata,craniata,multicellular,False
CHEMBL2208,MAPK2,Homo,9606,eukaryota,chordata,craniata,multicellular,False
CHEMBL221,PGH1,Homo,9606,eukaryota,chordata,craniata,multicellular,False
CHEMBL2211,AURKA,Mus,10090,eukaryota,chordata,craniata,multicellular,False
CHEMBL2216745,PK3CD,Mus,10090,eukaryota,chordata,craniata,multicellular,False
CHEMBL2219,PTN7,Homo,9606,eukaryota,chordata,craniata,multicellular,False
CHEMBL222,SC6A2,Homo,9606,eukaryota,chordata,craniata,multicellular,False
CHEMBL223,ADA1D,Homo,9606,eukaryota,chordata,craniata,multicellular,False
CHEMBL2231,CP1A1,Homo,9606,eukaryota,chordata,craniata,multicellular,True
CHEMBL2237,AA2BR,Mus,10090,eukaryota,chordata,craniata,multicellular,False
CHEMBL2238,SSR3,Mus,10090,eukaryota,chordata,craniata,multicellular,False
CHEMBL224,5HT2A,Homo,9606,eukaryota,chordata,craniata,multicellular,False
CHEMBL2242740,HPPD,Arabidopsis,3702,eukaryota,viridiplantae,streptophyta,multicellular,False
CHEMBL2243,FAAH1,Homo,9606,eukaryota,chordata,craniata,multicellular,False
CHEMBL2246,AK1A1,Homo,9606,eukaryota,chordata,craniata,multicellular,False
CHEMBL2249,LYOX,Homo,9606,eukaryota,chordata,craniata,multicellular,False
CHEMBL225,5HT2C,Homo,9606,eukaryota,chordata,craniata,multicellular,False
CHEMBL2250,BLK,Homo,9606,eukaryota,chordata,craniata,multicellular,False
CHEMBL2252,CATC,Homo,9606,eukaryota,chordata,craniata,multicellular,False
CHEMBL2253,CRFR2,Mus,10090,eukaryota,chordata,craniata,multicellular,False
CHEMBL226,AA1R,Homo,9606,eukaryota,chordata,craniata,multicellular,False
CHEMBL2264,PSA,Homo,9606,eukaryota,chordata,craniata,multicellular,False
CHEMBL2265,EST1,Homo,9606,eukaryota,chordata,craniata,multicellular,False
CHEMBL2268003,PSBA,Chlamydomonas,3055,eukaryota,viridiplantae,chlorophyta,unicellular,False
CHEMBL227,AGTR1,Homo,9606,eukaryota,chordata,craniata,multicellular,False
CHEMBL2274,S1PR5,Homo,9606,eukaryota,chordata,craniata,multicellular,False
CHEMBL2276,MK08,Homo,9606,eukaryota,chordata,craniata,multicellular,False
CHEMBL228,SC6A4,Homo,9606,eukaryota,chordata,craniata,multicellular,False
CHEMBL2283,CAH2,Bos,9913,eukaryota,chordata,craniata,multicellular,False
CHEMBL2285,ATS5,Homo,9606,eukaryota,chordata,craniata,multicellular,False
CHEMBL2288,PIN1,Homo,9606,eukaryota,chordata,craniata,multicellular,False
CHEMBL2289,ADRB2,Canis,9615,eukaryota,chordata,craniata,multicellular,False
CHEMBL229,ADA1A,Homo,9606,eukaryota,chordata,craniata,multicellular,False
CHEMBL2292,DYR1A,Homo,9606,eukaryota,chordata,craniata,multicellular,False
CHEMBL230,PGH2,Homo,9606,eukaryota,chordata,craniata,multicellular,False
CHEMBL2304402,PDE5A,Canis,9615,eukaryota,chordata,craniata,multicellular,False
CHEMBL2304404,AA1R,Cavia,10141,eukaryota,chordata,craniata,multicellular,False
CHEMBL231,HRH1,Homo,9606,eukaryota,chordata,craniata,multicellular,False
CHEMBL2311243,SERA,Homo,9606,eukaryota,chordata,craniata,multicellular,False
CHEMBL2318,ATS4,Homo,9606,eukaryota,chordata,craniata,multicellular,False
CHEMBL232,ADA1B,Homo,9606,eukaryota,chordata,craniata,multicellular,False
CHEMBL2321613,KCNK3,Homo,9606,eukaryota,chordata,craniata,multicellular,False
CHEMBL2321614,KCNK9,Homo,9606,eukaryota,chordata,craniata,multicellular,False
CHEMBL2321628,CCR10,Homo,9606,eukaryota,chordata,craniata,multicellular,False
CHEMBL2321630,MGAT2,Homo,9606,eukaryota,chordata,craniata,multicellular,False
CHEMBL2321643,SMYD3,Homo,9606,eukaryota,chordata,craniata,multicellular,False
CHEMBL2322,RENI,Rattus,10116,eukaryota,chordata,craniata,multicellular,False
CHEMBL2326,CAH7,Homo,9606,eukaryota,chordata,craniata,multicellular,False
CHEMBL2327,NK2R,Homo,9606,eukaryota,chordata,craniata,multicellular,False
CHEMBL2329,DYR,Candida,5476,eukaryota,fungi,dikarya,multicellular,False
CHEMBL233,OPRM,Homo,9606,eukaryota,chordata,craniata,multicellular,False
CHEMBL2331,PNMT,Bos,9913,eukaryota,chordata,craniata,multicellular,False
CHEMBL2331041,KCNKA,Homo,9606,eukaryota,chordata,craniata,multicellular,False
CHEMBL2331053,F263,Homo,9606,eukaryota,chordata,craniata,multicellular,True
CHEMBL2331061,BRAF,Mus,10090,eukaryota,chordata,craniata,multicellular,False
CHEMBL2331064,SHIP2,Homo,9606,eukaryota,chordata,craniata,multicellular,False
CHEMBL2331066,BACE2,Rattus,10116,eukaryota,chordata,craniata,multicellular,False
CHEMBL2331070,ASAH1,Rattus,10116,eukaryota,chordata,craniata,multicellular,False
CHEMBL2334,CASP3,Homo,9606,eukaryota,chordata,craniata,multicellular,False
CHEMBL2335,PCP,Homo,9606,eukaryota,chordata,craniata,multicellular,False
CHEMBL2336,MK14,Mus,10090,eukaryota,chordata,craniata,multicellular,False
CHEMBL2337,SC6A9,Homo,9606,eukaryota,chordata,craniata,multicellular,False
CHEMBL2339,CP7A1,Rattus,10116,eukaryota,chordata,craniata,multicellular,False
CHEMBL234,DRD3,Homo,9606,eukaryota,chordata,craniata,multicellular,False
CHEMBL2343,SGK1,Homo,9606,eukaryota,chordata,craniata,multicellular,False
CHEMBL2345,KS6A3,Homo,9606,eukaryota,chordata,craniata,multicellular,False
CHEMBL2346486,NNMT,Homo,9606,eukaryota,chordata,craniata,multicellular,False
CHEMBL2346488,PCNA,Homo,9606,eukaryota,chordata,craniata,multicellular,False
CHEMBL2349,PHKG2,Homo,9606,eukaryota,chordata,craniata,multicellular,False
CHEMBL235,PPARG,Homo,9606,eukaryota,chordata,craniata,multicellular,False
CHEMBL236,OPRD,Homo,9606,eukaryota,chordata,craniata,multicellular,False
CHEMBL2360,HPRT,Homo,9606,eukaryota,chordata,craniata,multicellular,False
CHEMBL2362979,SMCA2,Homo,9606,eukaryota,chordata,craniata,multicellular,False
CHEMBL2363,DYR,Rattus,10116,eukaryota,chordata,craniata,multicellular,False
CHEMBL2366456,CAC1C,Cavia,10141,eukaryota,chordata,craniata,multicellular,False
CHEMBL2366470,ACH4,Sophophora,7227,eukaryota,ecdysozoa,arthropoda,multicellular,False
CHEMBL2366481,PSBA,Spinacia,3562,eukaryota,viridiplantae,streptophyta,multicellular,False
CHEMBL2366494,Q3V4E6,Zea,4577,eukaryota,viridiplantae,streptophyta,multicellular,False
CHEMBL2366504,Q76129,Lentivirus,11676,viruses,riboviria,pararnavirae,acellular (virus),False
CHEMBL2366516,Q9WKE8,Lentivirus,11676,viruses,riboviria,pararnavirae,acellular (virus),False
CHEMBL2366517,Q9YQ12,Lentivirus,11676,viruses,riboviria,pararnavirae,acellular (virus),False
CHEMBL237,OPRK,Homo,9606,eukaryota,chordata,craniata,multicellular,False
CHEMBL2372,COMT,Rattus,10116,eukaryota,chordata,craniata,multicellular,False
CHEMBL2373,C5AR1,Homo,9606,eukaryota,chordata,craniata,multicellular,False
CHEMBL2375203,MGAT2,Mus,10090,eukaryota,chordata,craniata,multicellular,False
CHEMBL2375206,MGAT3,Homo,9606,eukaryota,chordata,craniata,multicellular,False
CHEMBL2375207,MGAT1,Homo,9606,eukaryota,chordata,craniata,multicellular,False
CHEMBL2378,MPIP3,Homo,9606,eukaryota,chordata,craniata,multicellular,False
CHEMBL238,SC6A3,Homo,9606,eukaryota,chordata,craniata,multicellular,False
CHEMBL2380186,MYB,Gallus,9031,eukaryota,chordata,craniata,multicellular,False
CHEMBL2380190,LIPG,Mus,10090,eukaryota,chordata,craniata,multicellular,False
CHEMBL2383,PYRD,Rattus,10116,eukaryota,chordata,craniata,multicellular,False
CHEMBL2384891,ORAI1,Homo,9606,eukaryota,chordata,craniata,multicellular,False
CHEMBL239,PPARA,Homo,9606,eukaryota,chordata,craniata,multicellular,False
CHEMBL2391,DHI1,Rattus,10116,eukaryota,chordata,craniata,multicellular,False
CHEMBL2397,ACACA,Rattus,10116,eukaryota,chordata,craniata,multicellular,False
CHEMBL240,KCNH2,Homo,9606,eukaryota,chordata,craniata,multicellular,False
CHEMBL2401609,CAHX,Flaveria,4224,eukaryota,viridiplantae,streptophyta,multicellular,False
CHEMBL2406899,USP9X,Homo,9606,eukaryota,chordata,craniata,multicellular,False
CHEMBL2409,HYES,Homo,9606,eukaryota,chordata,craniata,multicellular,False
CHEMBL241,PDE3A,Homo,9606,eukaryota,chordata,craniata,multicellular,False
CHEMBL2411,5HT3A,Rattus,10116,eukaryota,chordata,craniata,multicellular,False
CHEMBL2413,CCR1,Homo,9606,eukaryota,chordata,craniata,multicellular,False
CHEMBL2414,CCR4,Homo,9606,eukaryota,chordata,craniata,multicellular,False
CHEMBL2417347,TRPC6,Homo,9606,eukaryota,chordata,craniata,multicellular,False
CHEMBL2417348,TRPC3,Homo,9606,eukaryota,chordata,craniata,multicellular,False
CHEMBL2417353,NEK8,Homo,9606,eukaryota,chordata,craniata,multicellular,False
CHEMBL242,ESR2,Homo,9606,eukaryota,chordata,craniata,multicellular,False
CHEMBL2424,LGUL,Homo,9606,eukaryota,chordata,craniata,multicellular,False
CHEMBL2424504,KDM5A,Homo,9606,eukaryota,chordata,craniata,multicellular,False
CHEMBL2425,DRTS,Toxoplasma,5811,eukaryota,sar,alveolata,unicellular,True
CHEMBL2426,KC1G1,Homo,9606,eukaryota,chordata,craniata,multicellular,False
CHEMBL2428,MYLK,Homo,9606,eukaryota,chordata,craniata,multicellular,False
CHEMBL2429708,PAR10,Homo,9606,eukaryota,chordata,craniata,multicellular,False
CHEMBL2429709,PAR12,Homo,9606,eukaryota,chordata,craniata,multicellular,False
CHEMBL243,Q72874,Lentivirus,11676,viruses,riboviria,pararnavirae,acellular (virus),False
CHEMBL2431,AKT2,Homo,9606,eukaryota,chordata,craniata,multicellular,False
CHEMBL2434,CXCR2,Homo,9606,eukaryota,chordata,craniata,multicellular,False
CHEMBL2438,PERE,Homo,9606,eukaryota,chordata,craniata,multicellular,False
CHEMBL2439,PERM,Homo,9606,eukaryota,chordata,craniata,multicellular,False
CHEMBL2439944,MOGT2,Homo,9606,eukaryota,chordata,craniata,multicellular,False
CHEMBL244,FA10,Homo,9606,eukaryota,chordata,craniata,multicellular,False
CHEMBL2443,KLK7,Homo,9606,eukaryota,chordata,craniata,multicellular,False
CHEMBL2447,DCK,Homo,9606,eukaryota,chordata,craniata,multicellular,False
CHEMBL245,ACM3,Homo,9606,eukaryota,chordata,craniata,multicellular,False
CHEMBL2458,PPARD,Mus,10090,eukaryota,chordata,craniata,multicellular,False
CHEMBL246,ADRB3,Homo,9606,eukaryota,chordata,craniata,multicellular,False
CHEMBL2460,PPCE,Bos,9913,eukaryota,chordata,craniata,multicellular,False
CHEMBL2461,PPCE,Sus,9823,eukaryota,chordata,craniata,multicellular,False
CHEMBL2468,DAPK3,Homo,9606,eukaryota,chordata,craniata,multicellular,False
CHEMBL2469,UCK2,Homo,9606,eukaryota,chordata,craniata,multicellular,False
CHEMBL247,Q72547,Lentivirus,11676,viruses,riboviria,pararnavirae,acellular (virus),False
CHEMBL2470,CNR2,Rattus,10116,eukaryota,chordata,craniata,multicellular,False
CHEMBL2473,PSN1,Homo,9606,eukaryota,chordata,craniata,multicellular,False
CHEMBL2474,MAP11,Homo,9606,eukaryota,chordata,craniata,multicellular,False
CHEMBL248,ELNE,Homo,9606,eukaryota,chordata,craniata,multicellular,False
CHEMBL2480,LCK,Mus,10090,eukaryota,chordata,craniata,multicellular,False
CHEMBL2487,A4,Homo,9606,eukaryota,chordata,craniata,multicellular,False
CHEMBL2488,PE2R2,Mus,10090,eukaryota,chordata,craniata,multicellular,False
CHEMBL2489,PE2R4,Mus,10090,eukaryota,chordata,craniata,multicellular,False
CHEMBL249,NK1R,Homo,9606,eukaryota,chordata,craniata,multicellular,False
CHEMBL2490,5HT2A,Sus,9823,eukaryota,chordata,craniata,multicellular,False
CHEMBL2492,ACHA7,Homo,9606,eukaryota,chordata,craniata,multicellular,False
CHEMBL2493,KCC1A,Homo,9606,eukaryota,chordata,craniata,multicellular,False
CHEMBL2494,KCC4,Homo,9606,eukaryota,chordata,craniata,multicellular,False
CHEMBL2496,P2RX7,Rattus,10116,eukaryota,chordata,craniata,multicellular,False
CHEMBL2498,PK3CA,Bos,9913,eukaryota,chordata,craniata,multicellular,False
CHEMBL2499,PK3CA,Mus,10090,eukaryota,chordata,craniata,multicellular,False
CHEMBL250,PTAFR,Homo,9606,eukaryota,chordata,craniata,multicellular,False
CHEMBL2508,CDK6,Homo,9606,eukaryota,chordata,craniata,multicellular,False
CHEMBL251,AA2AR,Homo,9606,eukaryota,chordata,craniata,multicellular,False
CHEMBL2514,NTR2,Homo,9606,eukaryota,chordata,craniata,multicellular,False
CHEMBL2516,CASR,Rattus,10116,eukaryota,chordata,craniata,multicellular,False
CHEMBL252,EDNRA,Homo,9606,eukaryota,chordata,craniata,multicellular,False
CHEMBL2522,BGAL,Homo,9606,eukaryota,chordata,craniata,multicellular,False
CHEMBL2524,AGAL,Homo,9606,eukaryota,chordata,craniata,multicellular,False
CHEMBL2525,BACE2,Homo,9606,eukaryota,chordata,craniata,multicellular,False
CHEMBL2527,CHK2,Homo,9606,eukaryota,chordata,craniata,multicellular,False
CHEMBL2528,CHLE,Mus,10090,eukaryota,chordata,craniata,multicellular,False
CHEMBL253,CNR2,Homo,9606,eukaryota,chordata,craniata,multicellular,False
CHEMBL2530,P2RX1,Rattus,10116,eukaryota,chordata,craniata,multicellular,False
CHEMBL2531,P2RX2,Homo,9606,eukaryota,chordata,craniata,multicellular,False
CHEMBL2534,PDPK1,Homo,9606,eukaryota,chordata,craniata,multicellular,False
CHEMBL2535,GTR1,Homo,9606,eukaryota,chordata,craniata,multicellular,False
CHEMBL2536,PLD1,Homo,9606,eukaryota,chordata,craniata,multicellular,False
CHEMBL254,PDE4A,Homo,9606,eukaryota,chordata,craniata,multicellular,False
CHEMBL2543,KC1G2,Homo,9606,eukaryota,chordata,craniata,multicellular,False
CHEMBL255,AA2BR,Homo,9606,eukaryota,chordata,craniata,multicellular,False
CHEMBL2553,KS6A1,Homo,9606,eukaryota,chordata,craniata,multicellular,False
CHEMBL2558,DAPK1,Homo,9606,eukaryota,chordata,craniata,multicellular,False
CHEMBL256,AA3R,Homo,9606,eukaryota,chordata,craniata,multicellular,False
CHEMBL2560,KPCD,Mus,10090,eukaryota,chordata,craniata,multicellular,False
CHEMBL2563,HDAC5,Homo,9606,eukaryota,chordata,craniata,multicellular,False
CHEMBL2564,GRM5,Rattus,10116,eukaryota,chordata,craniata,multicellular,False
CHEMBL2567,KPCA,Mus,10090,eukaryota,chordata,craniata,multicellular,False
CHEMBL2568,PYGL,Homo,9606,eukaryota,chordata,craniata,multicellular,False
CHEMBL2569,MTP,Homo,9606,eukaryota,chordata,craniata,multicellular,False
CHEMBL2575,DYR,Gallus,9031,eukaryota,chordata,craniata,multicellular,False
CHEMBL2577,SL9A1,Rattus,10116,eukaryota,chordata,craniata,multicellular,False
CHEMBL258,LCK,Homo,9606,eukaryota,chordata,craniata,multicellular,False
CHEMBL2581,CATD,Homo,9606,eukaryota,chordata,craniata,multicellular,False
CHEMBL259,MC4R,Homo,9606,eukaryota,chordata,craniata,multicellular,False
CHEMBL2590,AMPN,Sus,9823,eukaryota,chordata,craniata,multicellular,False
CHEMBL2592,AA2BR,Rattus,10116,eukaryota,chordata,craniata,multicellular,False
CHEMBL2593,NMT1,Homo,9606,eukaryota,chordata,craniata,multicellular,False
CHEMBL2595,KPCD3,Homo,9606,eukaryota,chordata,craniata,multicellular,False
CHEMBL2597,TBB3,Homo,9606,eukaryota,chordata,craniata,multicellular,False
CHEMBL2598,KPCI,Homo,9606,eukaryota,chordata,craniata,multicellular,False
CHEMBL2599,KSYK,Homo,9606,eukaryota,chordata,craniata,multicellular,False
CHEMBL260,MK14,Homo,9606,eukaryota,chordata,craniata,multicellular,False
CHEMBL2605,AA2AR,Cavia,10141,eukaryota,chordata,craniata,multicellular,False
CHEMBL2608,LYAG,Homo,9606,eukaryota,chordata,craniata,multicellular,False
CHEMBL261,CAH1,Homo,9606,eukaryota,chordata,craniata,multicellular,False
CHEMBL2611,FURIN,Homo,9606,eukaryota,chordata,craniata,multicellular,False
CHEMBL2617,TRYB1,Homo,9606,eukaryota,chordata,craniata,multicellular,False
CHEMBL2618,KITH,Mus,10090,eukaryota,chordata,craniata,multicellular,False
CHEMBL262,GSK3B,Homo,9606,eukaryota,chordata,craniata,multicellular,False
CHEMBL2622,ALDR,Rattus,10116,eukaryota,chordata,craniata,multicellular,False
CHEMBL2623,EST1,Oryctolagus,9986,eukaryota,chordata,craniata,multicellular,False
CHEMBL2625,ACE,Rattus,10116,eukaryota,chordata,craniata,multicellular,False
CHEMBL2634,CSK,Homo,9606,eukaryota,chordata,craniata,multicellular,False
CHEMBL2637,MK10,Homo,9606,eukaryota,chordata,craniata,multicellular,False
CHEMBL264,HRH3,Homo,9606,eukaryota,chordata,craniata,multicellular,False
CHEMBL2640,HXK2,Homo,9606,eukaryota,chordata,craniata,multicellular,False
CHEMBL2649,PGH1,Mus,10090,eukaryota,chordata,craniata,multicellular,False
CHEMBL265,DRD1,Rattus,10116,eukaryota,chordata,craniata,multicellular,False
CHEMBL2652,PDE2A,Homo,9606,eukaryota,chordata,craniata,multicellular,False
CHEMBL2659,V1BR,Rattus,10116,eukaryota,chordata,craniata,multicellular,False
CHEMBL2662,AADAT,Rattus,10116,eukaryota,chordata,craniata,multicellular,False
CHEMBL2664,SAHH,Homo,9606,eukaryota,chordata,craniata,multicellular,False
CHEMBL267,SRC,Homo,9606,eukaryota,chordata,craniata,multicellular,False
CHEMBL2672,Q8WMX0,Bos,9913,eukaryota,chordata,craniata,multicellular,False
CHEMBL268,CATK,Homo,9606,eukaryota,chordata,craniata,multicellular,False
CHEMBL2680,D3ZUM4,Rattus,10116,eukaryota,chordata,craniata,multicellular,False
CHEMBL2683,VPP1,Gallus,9031,eukaryota,chordata,craniata,multicellular,False
CHEMBL2689,RON,Homo,9606,eukaryota,chordata,craniata,multicellular,False
CHEMBL269,OPRD,Rattus,10116,eukaryota,chordata,craniata,multicellular,False
CHEMBL2693,LCAP,Homo,9606,eukaryota,chordata,craniata,multicellular,False
CHEMBL2695,FAK1,Homo,9606,eukaryota,chordata,craniata,multicellular,False
CHEMBL270,OPRM,Rattus,10116,eukaryota,chordata,craniata,multicellular,False
CHEMBL2706,PTPRB,Homo,9606,eukaryota,chordata,craniata,multicellular,False
CHEMBL2708,M3K11,Homo,9606,eukaryota,chordata,craniata,multicellular,False
CHEMBL2716,HDAC7,Homo,9606,eukaryota,chordata,craniata,multicellular,False
CHEMBL2717,PDE11,Homo,9606,eukaryota,chordata,craniata,multicellular,False
CHEMBL2721,EAA3,Homo,9606,eukaryota,chordata,craniata,multicellular,False
CHEMBL2722,C11B2,Homo,9606,eukaryota,chordata,craniata,multicellular,False
CHEMBL2725,AMPC,Enterobacter cloacae complex,550,bacteria,pseudomonadati,pseudomonadota,unicellular,False
CHEMBL2726,NEUR1,Homo,9606,eukaryota,chordata,craniata,multicellular,False
CHEMBL2728,BGLR,Homo,9606,eukaryota,chordata,craniata,multicellular,False
CHEMBL273,5HT1A,Rattus,10116,eukaryota,chordata,craniata,multicellular,False
CHEMBL2730,TGM2,Homo,9606,eukaryota,chordata,craniata,multicellular,True
CHEMBL2731,GALR3,Homo,9606,eukaryota,chordata,craniata,multicellular,False
CHEMBL2733,SSR5,Mus,10090,eukaryota,chordata,craniata,multicellular,False
CHEMBL2734,PLD2,Homo,9606,eukaryota,chordata,craniata,multicellular,False
CHEMBL2736,GRM4,Homo,9606,eukaryota,chordata,craniata,multicellular,False
CHEMBL274,CCR5,Homo,9606,eukaryota,chordata,craniata,multicellular,False
CHEMBL2742,FGFR3,Homo,9606,eukaryota,chordata,craniata,multicellular,False
CHEMBL2743,KAPCG,Homo,9606,eukaryota,chordata,craniata,multicellular,False
CHEMBL2745,ACLY,Rattus,10116,eukaryota,chordata,craniata,multicellular,False
CHEMBL2749,PGFRB,Mus,10090,eukaryota,chordata,craniata,multicellular,False
CHEMBL275,PDE4B,Homo,9606,eukaryota,chordata,craniata,multicellular,False
CHEMBL2754,CD4,Homo,9606,eukaryota,chordata,craniata,multicellular,False
CHEMBL2755,GSHR,Homo,9606,eukaryota,chordata,craniata,multicellular,False
CHEMBL2758,MPI,Homo,9606,eukaryota,chordata,craniata,multicellular,False
CHEMBL276,ACM1,Rattus,10116,eukaryota,chordata,craniata,multicellular,False
CHEMBL2760,ASM,Homo,9606,eukaryota,chordata,craniata,multicellular,False
CHEMBL277,ACM5,Rattus,10116,eukaryota,chordata,craniata,multicellular,False
CHEMBL2775,TRPV4,Rattus,10116,eukaryota,chordata,craniata,multicellular,False
CHEMBL2777,MYLK2,Homo,9606,eukaryota,chordata,craniata,multicellular,False
CHEMBL2778,NTCP2,Homo,9606,eukaryota,chordata,craniata,multicellular,False
CHEMBL278,ITA4,Homo,9606,eukaryota,chordata,craniata,multicellular,False
CHEMBL2781,SL9A1,Homo,9606,eukaryota,chordata,craniata,multicellular,False
CHEMBL2782,SOAT1,Homo,9606,eukaryota,chordata,craniata,multicellular,False
CHEMBL2789,DHB2,Homo,9606,eukaryota,chordata,craniata,multicellular,False
CHEMBL279,VGFR2,Homo,9606,eukaryota,chordata,craniata,multicellular,False
CHEMBL2792,RARA,Mus,10090,eukaryota,chordata,craniata,multicellular,False
CHEMBL2793,KC1A,Homo,9606,eukaryota,chordata,craniata,multicellular,False
CHEMBL2794,PARP2,Mus,10090,eukaryota,chordata,craniata,multicellular,False
CHEMBL280,MMP13,Homo,9606,eukaryota,chordata,craniata,multicellular,False
CHEMBL2801,KCC2D,Homo,9606,eukaryota,chordata,craniata,multicellular,False
CHEMBL2803,ZAP70,Homo,9606,eukaryota,chordata,craniata,multicellular,False
CHEMBL2808,NR1H3,Homo,9606,eukaryota,chordata,craniata,multicellular,False
CHEMBL281,CAH4,Bos,9913,eukaryota,chordata,craniata,multicellular,False
CHEMBL2815,NTRK1,Homo,9606,eukaryota,chordata,craniata,multicellular,False
CHEMBL2818,P2RX4,Rattus,10116,eukaryota,chordata,craniata,multicellular,False
CHEMBL2820,FA11,Homo,9606,eukaryota,chordata,craniata,multicellular,False
CHEMBL2821,FA12,Homo,9606,eukaryota,chordata,craniata,multicellular,False
CHEMBL2828,KC1D,Homo,9606,eukaryota,chordata,craniata,multicellular,False
CHEMBL283,MMP3,Homo,9606,eukaryota,chordata,craniata,multicellular,False
CHEMBL2835,JAK1,Homo,9606,eukaryota,chordata,craniata,multicellular,False
CHEMBL284,DPP4,Homo,9606,eukaryota,chordata,craniata,multicellular,False
CHEMBL2842,MTOR,Homo,9606,eukaryota,chordata,craniata,multicellular,False
CHEMBL285,SOAT1,Rattus,10116,eukaryota,chordata,craniata,multicellular,False
CHEMBL2850,GSK3A,Homo,9606,eukaryota,chordata,craniata,multicellular,False
CHEMBL2851,GRM2,Rattus,10116,eukaryota,chordata,craniata,multicellular,False
CHEMBL2854,GASR,Mus,10090,eukaryota,chordata,craniata,multicellular,False
CHEMBL2855,KPCA,Rattus,10116,eukaryota,chordata,craniata,multicellular,False
CHEMBL2857,Q4U254,Enterovirus,169066,viruses,riboviria,orthornavirae,acellular (virus),False
CHEMBL2858,OPRM,Mus,10090,eukaryota,chordata,craniata,multicellular,False
CHEMBL286,RENI,Homo,9606,eukaryota,chordata,craniata,multicellular,False
CHEMBL2860,PGH1,Bos,9913,eukaryota,chordata,craniata,multicellular,False
CHEMBL2863,TRPV2,Rattus,10116,eukaryota,chordata,craniata,multicellular,False
CHEMBL2864,MGMT,Homo,9606,eukaryota,chordata,craniata,multicellular,False
CHEMBL2868,V1AR,Rattus,10116,eukaryota,chordata,craniata,multicellular,False
CHEMBL287,SGMR1,Homo,9606,eukaryota,chordata,craniata,multicellular,False
CHEMBL2871,CCKAR,Rattus,10116,eukaryota,chordata,craniata,multicellular,False
CHEMBL2872,M3K9,Homo,9606,eukaryota,chordata,craniata,multicellular,False
CHEMBL2873,M3K10,Homo,9606,eukaryota,chordata,craniata,multicellular,False
CHEMBL2878,HDAC6,Mus,10090,eukaryota,chordata,craniata,multicellular,False
CHEMBL288,PDE4D,Homo,9606,eukaryota,chordata,craniata,multicellular,False
CHEMBL2880,ADCY5,Rattus,10116,eukaryota,chordata,craniata,multicellular,False
CHEMBL2882,HRH2,Cavia,10141,eukaryota,chordata,craniata,multicellular,False
CHEMBL2885,CAH3,Homo,9606,eukaryota,chordata,craniata,multicellular,False
CHEMBL2888,GRM3,Homo,9606,eukaryota,chordata,craniata,multicellular,False
CHEMBL2889,PTN22,Homo,9606,eukaryota,chordata,craniata,multicellular,False
CHEMBL2896,KGP2,Homo,9606,eukaryota,chordata,craniata,multicellular,False
CHEMBL2897,MP2K4,Homo,9606,eukaryota,chordata,craniata,multicellular,False
CHEMBL290,PDE3B,Homo,9606,eukaryota,chordata,craniata,multicellular,False
CHEMBL2902,DYR,Lacticaseibacillus,1582,bacteria,bacillati,bacillota,unicellular,False
CHEMBL2903,LOX15,Homo,9606,eukaryota,chordata,craniata,multicellular,False
CHEMBL2908,DHI2,Rattus,10116,eukaryota,chordata,craniata,multicellular,False
CHEMBL291,PDE4C,Homo,9606,eukaryota,chordata,craniata,multicellular,False
CHEMBL2916,TERT,Homo,9606,eukaryota,chordata,craniata,multicellular,False
CHEMBL2918,KAPCB,Homo,9606,eukaryota,chordata,craniata,multicellular,False
CHEMBL2919,GRIK1,Rattus,10116,eukaryota,chordata,craniata,multicellular,False
CHEMBL2927,C11B1,Bos,9913,eukaryota,chordata,craniata,multicellular,False
CHEMBL2935,PNPH,Bos,9913,eukaryota,chordata,craniata,multicellular,False
CHEMBL2938,KPCG,Homo,9606,eukaryota,chordata,craniata,multicellular,False
CHEMBL2939,MK13,Homo,9606,eukaryota,chordata,craniata,multicellular,False
CHEMBL2949,PGH1,Ovis,9940,eukaryota,chordata,craniata,multicellular,False
CHEMBL2950,P79248,Sus,9823,eukaryota,chordata,craniata,multicellular,False
CHEMBL2951,PCSK6,Homo,9606,eukaryota,chordata,craniata,multicellular,False
CHEMBL2954,CATS,Homo,9606,eukaryota,chordata,craniata,multicellular,False
CHEMBL2955,S1PR2,Homo,9606,eukaryota,chordata,craniata,multicellular,False
CHEMBL2959,ITK,Homo,9606,eukaryota,chordata,craniata,multicellular,False
CHEMBL2964,MP2K2,Homo,9606,eukaryota,chordata,craniata,multicellular,False
CHEMBL2966,ADA,Bos,9913,eukaryota,chordata,craniata,multicellular,False
CHEMBL2967,DRD1,Bos,9913,eukaryota,chordata,craniata,multicellular,False
CHEMBL2968,JAK1,Mus,10090,eukaryota,chordata,craniata,multicellular,False
CHEMBL2971,JAK2,Homo,9606,eukaryota,chordata,craniata,multicellular,False
CHEMBL2973,ROCK2,Homo,9606,eukaryota,chordata,craniata,multicellular,False
CHEMBL2977,PGH2,Rattus,10116,eukaryota,chordata,craniata,multicellular,False
CHEMBL298,GASR,Homo,9606,eukaryota,chordata,craniata,multicellular,False
CHEMBL299,KPCA,Homo,9606,eukaryota,chordata,craniata,multicellular,False
CHEMBL2991,PYRD,Mus,10090,eukaryota,chordata,craniata,multicellular,False
CHEMBL2993,AOFB,Rattus,10116,eukaryota,chordata,craniata,multicellular,False
CHEMBL2996,KPCD,Homo,9606,eukaryota,chordata,craniata,multicellular,False
CHEMBL2998,P2RX3,Homo,9606,eukaryota,chordata,craniata,multicellular,False
CHEMBL2999,PAK3,Homo,9606,eukaryota,chordata,craniata,multicellular,False
CHEMBL300,GBRA5,Rattus,10116,eukaryota,chordata,craniata,multicellular,False
CHEMBL3004,MRP1,Homo,9606,eukaryota,chordata,craniata,multicellular,False
CHEMBL3009,ERBB4,Homo,9606,eukaryota,chordata,craniata,multicellular,False
CHEMBL301,CDK2,Homo,9606,eukaryota,chordata,craniata,multicellular,False
CHEMBL3012,PDE7A,Homo,9606,eukaryota,chordata,craniata,multicellular,False
CHEMBL3018,ST14,Homo,9606,eukaryota,chordata,craniata,multicellular,False
CHEMBL3019,CP3A5,Homo,9606,eukaryota,chordata,craniata,multicellular,False
CHEMBL302,AA2AR,Rattus,10116,eukaryota,chordata,craniata,multicellular,False
CHEMBL3023,SPHK2,Homo,9606,eukaryota,chordata,craniata,multicellular,False
CHEMBL3024,PLK1,Homo,9606,eukaryota,chordata,craniata,multicellular,False
CHEMBL3025,CAH6,Homo,9606,eukaryota,chordata,craniata,multicellular,False
CHEMBL3026,GBRA3,Homo,9606,eukaryota,chordata,craniata,multicellular,False
CHEMBL3027,NTR1,Rattus,10116,eukaryota,chordata,craniata,multicellular,False
CHEMBL3028,EGLN2,Homo,9606,eukaryota,chordata,craniata,multicellular,False
CHEMBL3032,PKN2,Homo,9606,eukaryota,chordata,craniata,multicellular,False
CHEMBL3037,CNR1,Mus,10090,eukaryota,chordata,craniata,multicellular,False
CHEMBL304,Q9WTR4,Rattus,10116,eukaryota,chordata,craniata,multicellular,False
CHEMBL3041,OPRM,Bos,9913,eukaryota,chordata,craniata,multicellular,False
CHEMBL3045,KPCB,Homo,9606,eukaryota,chordata,craniata,multicellular,False
CHEMBL3046,NEUR3,Homo,9606,eukaryota,chordata,craniata,multicellular,False
CHEMBL3048,NOS1,Rattus,10116,eukaryota,chordata,craniata,multicellular,False
CHEMBL3050,AOFB,Mus,10090,eukaryota,chordata,craniata,multicellular,False
CHEMBL3055,CDK7,Homo,9606,eukaryota,chordata,craniata,multicellular,False
CHEMBL3056,ANDR,Mus,10090,eukaryota,chordata,craniata,multicellular,False
CHEMBL3060,SC6A5,Homo,9606,eukaryota,chordata,craniata,multicellular,False
CHEMBL3066,GNRHR,Rattus,10116,eukaryota,chordata,craniata,multicellular,False
CHEMBL3067,GRM3,Rattus,10116,eukaryota,chordata,craniata,multicellular,False
CHEMBL3070,ICAM1,Homo,9606,eukaryota,chordata,craniata,multicellular,False
CHEMBL3072,ANDR,Rattus,10116,eukaryota,chordata,craniata,multicellular,False
CHEMBL308,CDK1,Homo,9606,eukaryota,chordata,craniata,multicellular,False
CHEMBL3080,CHIT1,Homo,9606,eukaryota,chordata,craniata,multicellular,False
CHEMBL3081,ALDR,Bos,9913,eukaryota,chordata,craniata,multicellular,False
CHEMBL3085,EAA1,Homo,9606,eukaryota,chordata,craniata,multicellular,False
CHEMBL3085613,GYRB,Mycolicibacterium,1772,bacteria,bacillati,actinomycetota,unicellular,False
CHEMBL3085619,BRD4,Mus,10090,eukaryota,chordata,craniata,multicellular,False
CHEMBL3085622,BRD7,Homo,9606,eukaryota,chordata,craniata,multicellular,False
CHEMBL309,ACM2,Rattus,10116,eukaryota,chordata,craniata,multicellular,False
CHEMBL3091268,RORB,Homo,9606,eukaryota,chordata,craniata,multicellular,False
CHEMBL3092,CATE,Homo,9606,eukaryota,chordata,craniata,multicellular,False
CHEMBL3094,MAPK5,Homo,9606,eukaryota,chordata,craniata,multicellular,False
CHEMBL3099,ABL1,Mus,10090,eukaryota,chordata,craniata,multicellular,False
CHEMBL310,NMDE1,Rattus,10116,eukaryota,chordata,craniata,multicellular,False
CHEMBL3100,RET4,Homo,9606,eukaryota,chordata,craniata,multicellular,False
CHEMBL3105,PARP1,Homo,9606,eukaryota,chordata,craniata,multicellular,False
CHEMBL3106,TYPH,Homo,9606,eukaryota,chordata,craniata,multicellular,False
CHEMBL3108632,TRPM8,Mus,10090,eukaryota,chordata,craniata,multicellular,False
CHEMBL3108638,TIF1A,Homo,9606,eukaryota,chordata,craniata,multicellular,False
CHEMBL3108639,CECR2,Homo,9606,eukaryota,chordata,craniata,multicellular,False
CHEMBL3108640,BRD9,Homo,9606,eukaryota,chordata,craniata,multicellular,False
CHEMBL3108642,BAZ2A,Homo,9606,eukaryota,chordata,craniata,multicellular,False
CHEMBL3108644,BRPF3,Homo,9606,eukaryota,chordata,craniata,multicellular,False
CHEMBL3108648,ANM8,Homo,9606,eukaryota,chordata,craniata,multicellular,False
CHEMBL311,NMDE2,Rattus,10116,eukaryota,chordata,craniata,multicellular,False
CHEMBL3111,KS6B2,Homo,9606,eukaryota,chordata,craniata,multicellular,False
CHEMBL3112379,SMS2,Homo,9606,eukaryota,chordata,craniata,multicellular,False
CHEMBL3112384,AL1A2,Homo,9606,eukaryota,chordata,craniata,multicellular,False
CHEMBL3114,SUIS,Rattus,10116,eukaryota,chordata,craniata,multicellular,False
CHEMBL3116,CDK9,Homo,9606,eukaryota,chordata,craniata,multicellular,False
CHEMBL3117,CHKA,Homo,9606,eukaryota,chordata,craniata,multicellular,False
CHEMBL3119,TRPV4,Homo,9606,eukaryota,chordata,craniata,multicellular,False
CHEMBL312,LOX5,Rattus,10116,eukaryota,chordata,craniata,multicellular,False
CHEMBL3120,ASNS,Homo,9606,eukaryota,chordata,craniata,multicellular,False
CHEMBL3122,ADA1B,Mesocricetus,10036,eukaryota,chordata,craniata,multicellular,False
CHEMBL3123,DAPK2,Homo,9606,eukaryota,chordata,craniata,multicellular,False
CHEMBL3125,KS6A4,Homo,9606,eukaryota,chordata,craniata,multicellular,False
CHEMBL313,SC6A4,Rattus,10116,eukaryota,chordata,craniata,multicellular,False
CHEMBL3130,PK3CD,Homo,9606,eukaryota,chordata,craniata,multicellular,False
CHEMBL3131,CASP5,Homo,9606,eukaryota,chordata,craniata,multicellular,False
CHEMBL3132741,BRPF1,Homo,9606,eukaryota,chordata,craniata,multicellular,False
CHEMBL3138,DRD3,Rattus,10116,eukaryota,chordata,craniata,multicellular,False
CHEMBL3142,PRKDC,Homo,9606,eukaryota,chordata,craniata,multicellular,False
CHEMBL3145,PK3CB,Homo,9606,eukaryota,chordata,craniata,multicellular,False
CHEMBL315,ADA1B,Rattus,10116,eukaryota,chordata,craniata,multicellular,False
CHEMBL3150,VDR,Rattus,10116,eukaryota,chordata,craniata,multicellular,False
CHEMBL3151,PPBI,Mus,10090,eukaryota,chordata,craniata,multicellular,False
CHEMBL3154,NK3R,Rattus,10116,eukaryota,chordata,craniata,multicellular,False
CHEMBL3155,5HT7R,Homo,9606,eukaryota,chordata,craniata,multicellular,False
CHEMBL3157,BKRB2,Homo,9606,eukaryota,chordata,craniata,multicellular,False
CHEMBL3160,TYSY,Mus,10090,eukaryota,chordata,craniata,multicellular,False
CHEMBL3166,PTN6,Homo,9606,eukaryota,chordata,craniata,multicellular,False
CHEMBL317,ACM4,Rattus,10116,eukaryota,chordata,craniata,multicellular,False
CHEMBL3174,GSTO1,Homo,9606,eukaryota,chordata,craniata,multicellular,True
CHEMBL3176,GALR2,Homo,9606,eukaryota,chordata,craniata,multicellular,False
CHEMBL318,AA1R,Rattus,10116,eukaryota,chordata,craniata,multicellular,False
CHEMBL3180,EST2,Homo,9606,eukaryota,chordata,craniata,multicellular,False
CHEMBL3181,DHB1,Homo,9606,eukaryota,chordata,craniata,multicellular,False
CHEMBL319,ADA1A,Rattus,10116,eukaryota,chordata,craniata,multicellular,False
CHEMBL3190,GRIA4,Homo,9606,eukaryota,chordata,craniata,multicellular,False
CHEMBL3192,HDAC8,Homo,9606,eukaryota,chordata,craniata,multicellular,False
CHEMBL3194,TTHY,Homo,9606,eukaryota,chordata,craniata,multicellular,False
CHEMBL3195,SC6A5,Rattus,10116,eukaryota,chordata,craniata,multicellular,False
CHEMBL3197,ACM2,Mus,10090,eukaryota,chordata,craniata,multicellular,False
CHEMBL3198,ACES,Mus,10090,eukaryota,chordata,craniata,multicellular,False
CHEMBL3199,ACES,Rattus,10116,eukaryota,chordata,craniata,multicellular,False
CHEMBL320,ACM3,Rattus,10116,eukaryota,chordata,craniata,multicellular,False
CHEMBL3200,NEUR2,Homo,9606,eukaryota,chordata,craniata,multicellular,False
CHEMBL3202,PPCE,Homo,9606,eukaryota,chordata,craniata,multicellular,False
CHEMBL321,MMP9,Homo,9606,eukaryota,chordata,craniata,multicellular,False
CHEMBL3213,PLPL9,Homo,9606,eukaryota,chordata,craniata,multicellular,False
CHEMBL3217390,TAF1,Homo,9606,eukaryota,chordata,craniata,multicellular,False
CHEMBL322,5HT2A,Rattus,10116,eukaryota,chordata,craniata,multicellular,False
CHEMBL3222,OPRD,Mus,10090,eukaryota,chordata,craniata,multicellular,False
CHEMBL3223,5HT7R,Rattus,10116,eukaryota,chordata,craniata,multicellular,False
CHEMBL3227,GRM5,Homo,9606,eukaryota,chordata,craniata,multicellular,False
CHEMBL3229,FAAH1,Rattus,10116,eukaryota,chordata,craniata,multicellular,False
CHEMBL3230,S1PR4,Homo,9606,eukaryota,chordata,craniata,multicellular,False
CHEMBL3231,ROCK1,Homo,9606,eukaryota,chordata,craniata,multicellular,False
CHEMBL3232699,ARGI1,Rattus,10116,eukaryota,chordata,craniata,multicellular,False
CHEMBL3234,HCK,Homo,9606,eukaryota,chordata,craniata,multicellular,False
CHEMBL3237,C11B2,Rattus,10116,eukaryota,chordata,craniata,multicellular,False
CHEMBL3239,PYGL,Rattus,10116,eukaryota,chordata,craniata,multicellular,False
CHEMBL324,5HT2C,Rattus,10116,eukaryota,chordata,craniata,multicellular,False
CHEMBL3242,CAH12,Homo,9606,eukaryota,chordata,craniata,multicellular,False
CHEMBL3247,HMDH,Rattus,10116,eukaryota,chordata,craniata,multicellular,False
CHEMBL325,HDAC1,Homo,9606,eukaryota,chordata,craniata,multicellular,False
CHEMBL3252,ADRB1,Rattus,10116,eukaryota,chordata,craniata,multicellular,False
CHEMBL3254,AOFA,Bos,9913,eukaryota,chordata,craniata,multicellular,False
CHEMBL3257,AOXA,Homo,9606,eukaryota,chordata,craniata,multicellular,False
CHEMBL3259465,EPN1,Homo,9606,eukaryota,chordata,craniata,multicellular,False
CHEMBL3259470,GP183,Homo,9606,eukaryota,chordata,craniata,multicellular,False
CHEMBL3259471,GP183,Mus,10090,eukaryota,chordata,craniata,multicellular,False
CHEMBL3259474,NAMPT,Mus,10090,eukaryota,chordata,craniata,multicellular,False
CHEMBL3259478,BTK,Mus,10090,eukaryota,chordata,craniata,multicellular,False
CHEMBL326,ADA1D,Rattus,10116,eukaryota,chordata,craniata,multicellular,False
CHEMBL3263,HRH3,Mus,10090,eukaryota,chordata,craniata,multicellular,False
CHEMBL3266,RARB,Mus,10090,eukaryota,chordata,craniata,multicellular,False
CHEMBL3267,PK3CG,Homo,9606,eukaryota,chordata,craniata,multicellular,False
CHEMBL3268,PI4KB,Homo,9606,eukaryota,chordata,craniata,multicellular,False
CHEMBL3272,CATL2,Homo,9606,eukaryota,chordata,craniata,multicellular,False
CHEMBL3278,GHSR,Rattus,10116,eukaryota,chordata,craniata,multicellular,False
CHEMBL3286,UROK,Homo,9606,eukaryota,chordata,craniata,multicellular,False
CHEMBL3286061,SGPL1,Homo,9606,eukaryota,chordata,craniata,multicellular,False
CHEMBL3286067,RPA1,Homo,9606,eukaryota,chordata,craniata,multicellular,False
CHEMBL3286068,COMT,Mus,10090,eukaryota,chordata,craniata,multicellular,False
CHEMBL3288,RYR1,Oryctolagus,9986,eukaryota,chordata,craniata,multicellular,False
CHEMBL329,AGTRA,Rattus,10116,eukaryota,chordata,craniata,multicellular,False
CHEMBL3290,EPHB2,Homo,9606,eukaryota,chordata,craniata,multicellular,False
CHEMBL3295,PEPA5,Homo,9606,eukaryota,chordata,craniata,multicellular,False
CHEMBL3298,ENOA,Homo,9606,eukaryota,chordata,craniata,multicellular,False
CHEMBL330,NMDZ1,Rattus,10116,eukaryota,chordata,craniata,multicellular,False
CHEMBL3300,ENTP2,Rattus,10116,eukaryota,chordata,craniata,multicellular,False
CHEMBL3308,CASP6,Homo,9606,eukaryota,chordata,craniata,multicellular,False
CHEMBL3308911,CD69,Homo,9606,eukaryota,chordata,craniata,multicellular,False
CHEMBL3308912,GPVI,Homo,9606,eukaryota,chordata,craniata,multicellular,False
CHEMBL3308929,MRE11,Homo,9606,eukaryota,chordata,craniata,multicellular,False
CHEMBL3308948,KLRBA,Rattus,10116,eukaryota,chordata,craniata,multicellular,False
CHEMBL3308969,Q56950,Yersinia,632,bacteria,pseudomonadati,pseudomonadota,unicellular,False
CHEMBL3309098,NRP1,Rattus,10116,eukaryota,chordata,craniata,multicellular,False
CHEMBL331,CDK4,Homo,9606,eukaryota,chordata,craniata,multicellular,False
CHEMBL3310,HDA11,Homo,9606,eukaryota,chordata,craniata,multicellular,False
CHEMBL3312,SCN9A,Rattus,10116,eukaryota,chordata,craniata,multicellular,False
CHEMBL3313,VACHT,Tetronarce,7787,eukaryota,chordata,craniata,multicellular,False
CHEMBL3313836,PARE,Escherichia,562,bacteria,pseudomonadati,pseudomonadota,unicellular,False
CHEMBL3314,CTRA,Bos,9913,eukaryota,chordata,craniata,multicellular,False
CHEMBL3317,O49150,Solanum,4113,eukaryota,viridiplantae,streptophyta,multicellular,False
CHEMBL3317334,PSB10,Homo,9606,eukaryota,chordata,craniata,multicellular,False
CHEMBL3318,PPO2,Agaricus,5341,eukaryota,fungi,dikarya,multicellular,False
CHEMBL332,MMP1,Homo,9606,eukaryota,chordata,craniata,multicellular,False
CHEMBL3321,MGLL,Rattus,10116,eukaryota,chordata,craniata,multicellular,False
CHEMBL3326,BLA1,Stenotrophomonas maltophilia group,40324,bacteria,pseudomonadati,pseudomonadota,unicellular,False
CHEMBL3329078,A0A6L8P2U9,Bacillus cereus group,1392,bacteria,bacillati,bacillota,unicellular,False
CHEMBL3329080,CP27B,Mus,10090,eukaryota,chordata,craniata,multicellular,False
CHEMBL333,MMP2,Homo,9606,eukaryota,chordata,craniata,multicellular,False
CHEMBL3332,ADA17,Sus,9823,eukaryota,chordata,craniata,multicellular,False
CHEMBL3333,O77823,Sus,9823,eukaryota,chordata,craniata,multicellular,False
CHEMBL3334418,PGAM1,Homo,9606,eukaryota,chordata,craniata,multicellular,False
CHEMBL3337,VGFR2,Mus,10090,eukaryota,chordata,craniata,multicellular,False
CHEMBL3338,FDFT,Homo,9606,eukaryota,chordata,craniata,multicellular,False
CHEMBL3341581,PTGES,Canis,9615,eukaryota,chordata,craniata,multicellular,True
CHEMBL3344,FABPH,Homo,9606,eukaryota,chordata,craniata,multicellular,False
CHEMBL3346,PRO,Primate T-lymphotropic virus 1,11926,viruses,riboviria,pararnavirae,acellular (virus),False
CHEMBL3349,CATK,Oryctolagus,9986,eukaryota,chordata,craniata,multicellular,False
CHEMBL335,PTN1,Homo,9606,eukaryota,chordata,craniata,multicellular,False
CHEMBL3351,ACACA,Homo,9606,eukaryota,chordata,craniata,multicellular,False
CHEMBL3351190,HGFA,Homo,9606,eukaryota,chordata,craniata,multicellular,False
CHEMBL3351204,PEPT1,Dermatophagoides,6956,eukaryota,ecdysozoa,arthropoda,multicellular,False
CHEMBL3354,GSP,Crithidia,5656,eukaryota,discoba,euglenozoa,unicellular,False
CHEMBL3356,CP1A2,Homo,9606,eukaryota,chordata,craniata,multicellular,True
CHEMBL3357,IRAK1,Homo,9606,eukaryota,chordata,craniata,multicellular,False
CHEMBL3358,AOFA,Rattus,10116,eukaryota,chordata,craniata,multicellular,False
CHEMBL3359,FPR1,Homo,9606,eukaryota,chordata,craniata,multicellular,False
CHEMBL3360,AA3R,Rattus,10116,eukaryota,chordata,craniata,multicellular,False
CHEMBL3361,DRD4,Rattus,10116,eukaryota,chordata,craniata,multicellular,False
CHEMBL3368,GCR,Rattus,10116,eukaryota,chordata,craniata,multicellular,False
CHEMBL3369,NEP,Rattus,10116,eukaryota,chordata,craniata,multicellular,False
CHEMBL3371,5HT6R,Homo,9606,eukaryota,chordata,craniata,multicellular,False
CHEMBL3372,5HT6R,Rattus,10116,eukaryota,chordata,craniata,multicellular,False
CHEMBL3374,AGTR1,Bos,9913,eukaryota,chordata,craniata,multicellular,False
CHEMBL338,SC6A3,Rattus,10116,eukaryota,chordata,craniata,multicellular,False
CHEMBL3383,EST1,Sus,9823,eukaryota,chordata,craniata,multicellular,False
CHEMBL3384,PKN1,Homo,9606,eukaryota,chordata,craniata,multicellular,False
CHEMBL3385,MK03,Homo,9606,eukaryota,chordata,craniata,multicellular,False
CHEMBL339,DRD2,Rattus,10116,eukaryota,chordata,craniata,multicellular,False
CHEMBL3390,KAPCA,Rattus,10116,eukaryota,chordata,craniata,multicellular,False
CHEMBL3392,THER,Bacillus,1427,bacteria,bacillati,bacillota,unicellular,False
CHEMBL3396,TOP2B,Homo,9606,eukaryota,chordata,craniata,multicellular,False
CHEMBL3396943,3MG,Homo,9606,eukaryota,chordata,craniata,multicellular,False
CHEMBL3399,SCN2A,Rattus,10116,eukaryota,chordata,craniata,multicellular,False
CHEMBL3399911,CBS,Homo,9606,eukaryota,chordata,craniata,multicellular,False
CHEMBL3403,Q9JKC1,Rattus,10116,eukaryota,chordata,craniata,multicellular,False
CHEMBL3407325,GDF8,Homo,9606,eukaryota,chordata,craniata,multicellular,False
CHEMBL3407326,PANK1,Homo,9606,eukaryota,chordata,craniata,multicellular,False
CHEMBL3407328,PANK3,Homo,9606,eukaryota,chordata,craniata,multicellular,False
CHEMBL341,GBRA2,Rattus,10116,eukaryota,chordata,craniata,multicellular,False
CHEMBL3414409,MPEG1,Homo,9606,eukaryota,chordata,craniata,multicellular,False
CHEMBL3414411,SCN9A,Mus,10090,eukaryota,chordata,craniata,multicellular,False
CHEMBL3414416,TSSK3,Homo,9606,eukaryota,chordata,craniata,multicellular,False
CHEMBL3419,CBPB2,Homo,9606,eukaryota,chordata,craniata,multicellular,False
CHEMBL3422,S5A1,Rattus,10116,eukaryota,chordata,craniata,multicellular,False
CHEMBL3426,5HT5A,Homo,9606,eukaryota,chordata,craniata,multicellular,False
CHEMBL3429,ERR1,Homo,9606,eukaryota,chordata,craniata,multicellular,False
CHEMBL3436,SYFA,Staphylococcus,1280,bacteria,bacillati,bacillota,unicellular,False
CHEMBL3437,AOC3,Homo,9606,eukaryota,chordata,craniata,multicellular,False
CHEMBL3438,KPCZ,Homo,9606,eukaryota,chordata,craniata,multicellular,False
CHEMBL344,MCHR1,Homo,9606,eukaryota,chordata,craniata,multicellular,False
CHEMBL3440,ADRB1,Mus,10090,eukaryota,chordata,craniata,multicellular,False
CHEMBL3442,NMDE2,Mus,10090,eukaryota,chordata,craniata,multicellular,False
CHEMBL3455,FAAH1,Mus,10090,eukaryota,chordata,craniata,multicellular,False
CHEMBL3457,KMO,Rattus,10116,eukaryota,chordata,craniata,multicellular,False
CHEMBL3459,5HT1B,Rattus,10116,eukaryota,chordata,craniata,multicellular,False
CHEMBL3463,P89582,Lentivirus,11709,viruses,riboviria,pararnavirae,acellular (virus),False
CHEMBL3464,NOS2,Mus,10090,eukaryota,chordata,craniata,multicellular,False
CHEMBL3468,CASP7,Homo,9606,eukaryota,chordata,craniata,multicellular,False
CHEMBL3471,Q7ZJM1,Lentivirus,11676,viruses,riboviria,pararnavirae,acellular (virus),False
CHEMBL3473,CCR3,Homo,9606,eukaryota,chordata,craniata,multicellular,False
CHEMBL3474,PA2GA,Homo,9606,eukaryota,chordata,craniata,multicellular,False
CHEMBL3475,PAI1,Homo,9606,eukaryota,chordata,craniata,multicellular,False
CHEMBL3476,IKKA,Homo,9606,eukaryota,chordata,craniata,multicellular,False
CHEMBL3477,PDE2A,Bos,9913,eukaryota,chordata,craniata,multicellular,False
CHEMBL3478,PDE5A,Bos,9913,eukaryota,chordata,craniata,multicellular,False
CHEMBL3482,BGAL,Bos,9913,eukaryota,chordata,craniata,multicellular,False
CHEMBL3486,Q54A96,Plasmodium (Laverania),5833,eukaryota,sar,alveolata,unicellular,False
CHEMBL3490,DHI2,Mus,10090,eukaryota,chordata,craniata,multicellular,False
CHEMBL3492,PSB2,Homo,9606,eukaryota,chordata,craniata,multicellular,False
CHEMBL3499,Q59401,Enterobacter cloacae complex,550,bacteria,pseudomonadati,pseudomonadota,unicellular,False
CHEMBL3501,CCKAR,Cavia,10141,eukaryota,chordata,craniata,multicellular,False
CHEMBL3503,GRIA2,Rattus,10116,eukaryota,chordata,craniata,multicellular,False
CHEMBL3504,GRIA3,Rattus,10116,eukaryota,chordata,craniata,multicellular,False
CHEMBL3505,GRIA4,Rattus,10116,eukaryota,chordata,craniata,multicellular,False
CHEMBL3507,MCR,Rattus,10116,eukaryota,chordata,craniata,multicellular,False
CHEMBL3510,CAH14,Homo,9606,eukaryota,chordata,craniata,multicellular,False
CHEMBL3513,LYAG,Rattus,10116,eukaryota,chordata,craniata,multicellular,False
CHEMBL3514,PAFA,Homo,9606,eukaryota,chordata,craniata,multicellular,False
CHEMBL3521,PTPRF,Homo,9606,eukaryota,chordata,craniata,multicellular,False
CHEMBL3522,CP17A,Homo,9606,eukaryota,chordata,craniata,multicellular,False
CHEMBL3524,HDAC4,Homo,9606,eukaryota,chordata,craniata,multicellular,False
CHEMBL3529,IKKE,Homo,9606,eukaryota,chordata,craniata,multicellular,False
CHEMBL3530,MP2K7,Homo,9606,eukaryota,chordata,craniata,multicellular,False
CHEMBL3535,PDE9A,Homo,9606,eukaryota,chordata,craniata,multicellular,False
CHEMBL3542,NIM1,Homo,9606,eukaryota,chordata,craniata,multicellular,False
CHEMBL3543,P2RY6,Rattus,10116,eukaryota,chordata,craniata,multicellular,False
CHEMBL3545,FUCO,Bos,9913,eukaryota,chordata,craniata,multicellular,False
CHEMBL3553,TYK2,Homo,9606,eukaryota,chordata,craniata,multicellular,False
CHEMBL3558,Q6RY99,Rattus,10116,eukaryota,chordata,craniata,multicellular,False
CHEMBL3559,STS,Homo,9606,eukaryota,chordata,craniata,multicellular,False
CHEMBL3559673,A0A0C7ACN7,Pseudomonas,287,bacteria,pseudomonadati,pseudomonadota,unicellular,False
CHEMBL3559692,CDK12,Homo,9606,eukaryota,chordata,craniata,multicellular,False
CHEMBL3561,GBRR1,Homo,9606,eukaryota,chordata,craniata,multicellular,False
CHEMBL3563,CYSP,Schizotrypanum,5693,eukaryota,discoba,euglenozoa,unicellular,False
CHEMBL3564,DPO1,Thermus,271,bacteria,thermotogati,deinococcota,unicellular,False
CHEMBL3565,DYR,Neisseria,485,bacteria,pseudomonadati,pseudomonadota,unicellular,False
CHEMBL3568,NOS1,Homo,9606,eukaryota,chordata,craniata,multicellular,False
CHEMBL3571,CNR1,Rattus,10116,eukaryota,chordata,craniata,multicellular,False
CHEMBL3572,CETP,Homo,9606,eukaryota,chordata,craniata,multicellular,False
CHEMBL3575,RN5A,Homo,9606,eukaryota,chordata,craniata,multicellular,False
CHEMBL3577,AL1A1,Homo,9606,eukaryota,chordata,craniata,multicellular,False
CHEMBL3578,AL3A1,Homo,9606,eukaryota,chordata,craniata,multicellular,False
CHEMBL3579,AL1A3,Homo,9606,eukaryota,chordata,craniata,multicellular,False
CHEMBL3580505,TCDB,Clostridioides,1496,bacteria,bacillati,bacillota,unicellular,False
CHEMBL3580522,PD1L1,Homo,9606,eukaryota,chordata,craniata,multicellular,False
CHEMBL3582,KPCE,Homo,9606,eukaryota,chordata,craniata,multicellular,False
CHEMBL3585,SCN7A,Homo,9606,eukaryota,chordata,craniata,multicellular,False
CHEMBL3587,MP2K1,Homo,9606,eukaryota,chordata,craniata,multicellular,False
CHEMBL3589,ADK,Homo,9606,eukaryota,chordata,craniata,multicellular,False
CHEMBL3590,LIPS,Homo,9606,eukaryota,chordata,craniata,multicellular,False
CHEMBL3593,LSS,Homo,9606,eukaryota,chordata,craniata,multicellular,False
CHEMBL3593151,RPGF4,Mus,10090,eukaryota,chordata,craniata,multicellular,False
CHEMBL3593154,HMDH,Sus,9823,eukaryota,chordata,craniata,multicellular,False
CHEMBL3594,CAH9,Homo,9606,eukaryota,chordata,craniata,multicellular,False
CHEMBL3595,GRIA3,Homo,9606,eukaryota,chordata,craniata,multicellular,False
CHEMBL3596075,SIAT1,Homo,9606,eukaryota,chordata,craniata,multicellular,False
CHEMBL3597,5HT5A,Mus,10090,eukaryota,chordata,craniata,multicellular,False
CHEMBL3602,SGMR1,Rattus,10116,eukaryota,chordata,craniata,multicellular,False
CHEMBL3607,GRIK2,Rattus,10116,eukaryota,chordata,craniata,multicellular,False
CHEMBL3608197,LIP1,Malassezia,425265,eukaryota,fungi,dikarya,multicellular,False
CHEMBL3611961,Q98UH1,-,-,-,-,-,ambiguous,False
CHEMBL3611965,SMS1,Homo,9606,eukaryota,chordata,craniata,multicellular,False
CHEMBL3614,OPRK,Rattus,10116,eukaryota,chordata,craniata,multicellular,False
CHEMBL3616,KPCL,Homo,9606,eukaryota,chordata,craniata,multicellular,False
CHEMBL3616354,BCAT2,Homo,9606,eukaryota,chordata,craniata,multicellular,False
CHEMBL3618,FA5,Homo,9606,eukaryota,chordata,craniata,multicellular,False
CHEMBL3621,OPRX,Mus,10090,eukaryota,chordata,craniata,multicellular,False
CHEMBL3621020,C11B2,Mus,10090,eukaryota,chordata,craniata,multicellular,False
CHEMBL3623,NQO1,Homo,9606,eukaryota,chordata,craniata,multicellular,False
CHEMBL3627581,PKN3,Homo,9606,eukaryota,chordata,craniata,multicellular,False
CHEMBL3627582,TSSK6,Homo,9606,eukaryota,chordata,craniata,multicellular,False
CHEMBL3627583,KSR2,Homo,9606,eukaryota,chordata,craniata,multicellular,False
CHEMBL3627584,M3K21,Homo,9606,eukaryota,chordata,craniata,multicellular,False
CHEMBL3627585,PEAK1,Homo,9606,eukaryota,chordata,craniata,multicellular,False
CHEMBL3627587,I23O2,Homo,9606,eukaryota,chordata,craniata,multicellular,False
CHEMBL3627592,KCC1B,Homo,9606,eukaryota,chordata,craniata,multicellular,False
CHEMBL3629,CSK21,Homo,9606,eukaryota,chordata,craniata,multicellular,False
CHEMBL3632452,MALT1,Homo,9606,eukaryota,chordata,craniata,multicellular,False
CHEMBL3632454,KIF15,Homo,9606,eukaryota,chordata,craniata,multicellular,False
CHEMBL3636,NMBR,Homo,9606,eukaryota,chordata,craniata,multicellular,False
CHEMBL3638,GRP3,Homo,9606,eukaryota,chordata,craniata,multicellular,False
CHEMBL3638324,GPR4,Homo,9606,eukaryota,chordata,craniata,multicellular,False
CHEMBL3649,XDH,Bos,9913,eukaryota,chordata,craniata,multicellular,False
CHEMBL3650,FGFR1,Homo,9606,eukaryota,chordata,craniata,multicellular,False
CHEMBL3655,SRC,Gallus,9031,eukaryota,chordata,craniata,multicellular,False
CHEMBL3663,GRB2,Homo,9606,eukaryota,chordata,craniata,multicellular,False
CHEMBL3666,5HT3A,Cavia,10141,eukaryota,chordata,craniata,multicellular,False
CHEMBL3667,PI4KA,Homo,9606,eukaryota,chordata,craniata,multicellular,False
CHEMBL3668,LEG3,Mus,10090,eukaryota,chordata,craniata,multicellular,False
CHEMBL3674,FABP5,Homo,9606,eukaryota,chordata,craniata,multicellular,False
CHEMBL3675,PHHY,Pseudomonas,294,bacteria,pseudomonadati,pseudomonadota,unicellular,False
CHEMBL3683,GRIK2,Homo,9606,eukaryota,chordata,craniata,multicellular,False
CHEMBL3686,PA2GA,Rattus,10116,eukaryota,chordata,craniata,multicellular,False
CHEMBL3687,LOX12,Homo,9606,eukaryota,chordata,craniata,multicellular,False
CHEMBL3691,ENPP2,Homo,9606,eukaryota,chordata,craniata,multicellular,False
CHEMBL3699,S6A11,Mus,10090,eukaryota,chordata,craniata,multicellular,False
CHEMBL3700,EAA4,Rattus,10116,eukaryota,chordata,craniata,multicellular,False
CHEMBL3701,LUCI,Aquatica,7052,eukaryota,ecdysozoa,arthropoda,multicellular,False
CHEMBL3706,ADA17,Homo,9606,eukaryota,chordata,craniata,multicellular,False
CHEMBL3708,PSN2,Homo,9606,eukaryota,chordata,craniata,multicellular,False
CHEMBL3708265,8ODP,Homo,9606,eukaryota,chordata,craniata,multicellular,False
CHEMBL3710,PE2R3,Homo,9606,eukaryota,chordata,craniata,multicellular,False
CHEMBL3711550,ARBK1,Bos,9913,eukaryota,chordata,craniata,multicellular,False
CHEMBL3712868,DHB14,Homo,9606,eukaryota,chordata,craniata,multicellular,False
CHEMBL3712907,TMIG3,Homo,9606,eukaryota,chordata,craniata,multicellular,False
CHEMBL3713355,GALT2,Homo,9606,eukaryota,chordata,craniata,multicellular,False
CHEMBL3714029,LOXL2,Homo,9606,eukaryota,chordata,craniata,multicellular,False
CHEMBL3714079,GPR84,Homo,9606,eukaryota,chordata,craniata,multicellular,False
CHEMBL3714531,NOTUM,Homo,9606,eukaryota,chordata,craniata,multicellular,False
CHEMBL3715,S6A12,Homo,9606,eukaryota,chordata,craniata,multicellular,False
CHEMBL3717,MET,Homo,9606,eukaryota,chordata,craniata,multicellular,False
CHEMBL3719,MC4R,Mus,10090,eukaryota,chordata,craniata,multicellular,False
CHEMBL3720,ACLY,Homo,9606,eukaryota,chordata,craniata,multicellular,False
CHEMBL3729,CAH4,Homo,9606,eukaryota,chordata,craniata,multicellular,False
CHEMBL3733,ACM1,Mus,10090,eukaryota,chordata,craniata,multicellular,False
CHEMBL3736,ACE2,Homo,9606,eukaryota,chordata,craniata,multicellular,False
CHEMBL3744,GRIK3,Rattus,10116,eukaryota,chordata,craniata,multicellular,False
CHEMBL3746,DHI2,Homo,9606,eukaryota,chordata,craniata,multicellular,False
CHEMBL3748,CP24A,Rattus,10116,eukaryota,chordata,craniata,multicellular,False
CHEMBL3751,ERR2,Homo,9606,eukaryota,chordata,craniata,multicellular,False
CHEMBL3753,GRIA1,Rattus,10116,eukaryota,chordata,craniata,multicellular,False
CHEMBL3754,ADRB2,Rattus,10116,eukaryota,chordata,craniata,multicellular,False
CHEMBL3759,HRH4,Homo,9606,eukaryota,chordata,craniata,multicellular,False
CHEMBL3761,GBA2,Homo,9606,eukaryota,chordata,craniata,multicellular,False
CHEMBL3762,CAC1C,Rattus,10116,eukaryota,chordata,craniata,multicellular,False
CHEMBL3763007,A4TVL0,Magnetospirillum,55518,bacteria,pseudomonadati,pseudomonadota,unicellular,False
CHEMBL3764,UR2R,Homo,9606,eukaryota,chordata,craniata,multicellular,False
CHEMBL3766,V2R,Rattus,10116,eukaryota,chordata,craniata,multicellular,False
CHEMBL3768,NEP,Oryctolagus,9986,eukaryota,chordata,craniata,multicellular,False
CHEMBL3769,TRY1,Bos,9913,eukaryota,chordata,craniata,multicellular,False
CHEMBL3769292,DCTP1,Homo,9606,eukaryota,chordata,craniata,multicellular,False
CHEMBL3769293,S13A5,Homo,9606,eukaryota,chordata,craniata,multicellular,False
CHEMBL3772,GRM1,Homo,9606,eukaryota,chordata,craniata,multicellular,False
CHEMBL3774295,KDM5B,Homo,9606,eukaryota,chordata,craniata,multicellular,False
CHEMBL3775,MPIP1,Homo,9606,eukaryota,chordata,craniata,multicellular,False
CHEMBL3776,CASP8,Homo,9606,eukaryota,chordata,craniata,multicellular,False
CHEMBL3778,IRAK4,Homo,9606,eukaryota,chordata,craniata,multicellular,False
CHEMBL3779754,CP17A,Macaca,9541,eukaryota,chordata,craniata,multicellular,False
CHEMBL3779755,NLRP3,Mus,10090,eukaryota,chordata,craniata,multicellular,False
CHEMBL3783,FAS,Rattus,10116,eukaryota,chordata,craniata,multicellular,True
CHEMBL3784,EP300,Homo,9606,eukaryota,chordata,craniata,multicellular,False
CHEMBL3784911,RIPK1,Mus,10090,eukaryota,chordata,craniata,multicellular,False
CHEMBL3785,HCAR2,Homo,9606,eukaryota,chordata,craniata,multicellular,False
CHEMBL3788,PLK4,Homo,9606,eukaryota,chordata,craniata,multicellular,False
CHEMBL3795,MSHR,Homo,9606,eukaryota,chordata,craniata,multicellular,False
CHEMBL3797,ATM,Homo,9606,eukaryota,chordata,craniata,multicellular,False
CHEMBL3797017,A5H660,Schistosoma,6183,eukaryota,spiralia,lophotrochozoa,multicellular,False
CHEMBL3798,CALRL,Homo,9606,eukaryota,chordata,craniata,multicellular,False
CHEMBL3799,NK3R,Cavia,10141,eukaryota,chordata,craniata,multicellular,False
CHEMBL3802,NPY5R,Mus,10090,eukaryota,chordata,craniata,multicellular,False
CHEMBL3807,PTN2,Homo,9606,eukaryota,chordata,craniata,multicellular,False
CHEMBL3813,DPP4,Sus,9823,eukaryota,chordata,craniata,multicellular,False
CHEMBL3813586,CRTN,Staphylococcus,426430,bacteria,bacillati,bacillota,unicellular,False
CHEMBL3815,FDFT,Rattus,10116,eukaryota,chordata,craniata,multicellular,False
CHEMBL3816,PA24A,Homo,9606,eukaryota,chordata,craniata,multicellular,False
CHEMBL3819,LPAR1,Homo,9606,eukaryota,chordata,craniata,multicellular,False
CHEMBL3820,HXK4,Homo,9606,eukaryota,chordata,craniata,multicellular,False
CHEMBL3826863,FABP7,Homo,9606,eukaryota,chordata,craniata,multicellular,False
CHEMBL3826870,ENPP2,Rattus,10116,eukaryota,chordata,craniata,multicellular,False
CHEMBL3826871,ENPP2,Mus,10090,eukaryota,chordata,craniata,multicellular,False
CHEMBL3829,KCC2G,Homo,9606,eukaryota,chordata,craniata,multicellular,False
CHEMBL3831,MARK2,Homo,9606,eukaryota,chordata,craniata,multicellular,False
CHEMBL3834,BMX,Homo,9606,eukaryota,chordata,craniata,multicellular,False
CHEMBL3835,NEK2,Homo,9606,eukaryota,chordata,craniata,multicellular,False
CHEMBL3836,LIMK1,Homo,9606,eukaryota,chordata,craniata,multicellular,False
CHEMBL3837,CATL1,Homo,9606,eukaryota,chordata,craniata,multicellular,False
CHEMBL3839,FGFR4,Mus,10090,eukaryota,chordata,craniata,multicellular,False
CHEMBL3858,CPT1A,Rattus,10116,eukaryota,chordata,craniata,multicellular,False
CHEMBL3859,CP19A,Rattus,10116,eukaryota,chordata,craniata,multicellular,False
CHEMBL3861,PDK2,Homo,9606,eukaryota,chordata,craniata,multicellular,False
CHEMBL3863,KPCD1,Homo,9606,eukaryota,chordata,craniata,multicellular,False
CHEMBL3864,PTN11,Homo,9606,eukaryota,chordata,craniata,multicellular,False
CHEMBL3869,MMP14,Homo,9606,eukaryota,chordata,craniata,multicellular,False
CHEMBL3872,CCR1,Mus,10090,eukaryota,chordata,craniata,multicellular,False
CHEMBL3879,GRM7,Rattus,10116,eukaryota,chordata,craniata,multicellular,False
CHEMBL3879821,CCR10,Mus,10090,eukaryota,chordata,craniata,multicellular,False
CHEMBL3879850,SOAT1,Chlorocebus,9534,eukaryota,chordata,craniata,multicellular,False
CHEMBL3879854,SOAT2,Chlorocebus,9534,eukaryota,chordata,craniata,multicellular,False
CHEMBL3880,HS90A,Homo,9606,eukaryota,chordata,craniata,multicellular,False
CHEMBL3883,DPP4,Mus,10090,eukaryota,chordata,craniata,multicellular,False
CHEMBL3884,SC5A2,Homo,9606,eukaryota,chordata,craniata,multicellular,False
CHEMBL3885662,Q44079,Aeromonas,644,bacteria,pseudomonadati,pseudomonadota,unicellular,False
CHEMBL3886,M3K20,Homo,9606,eukaryota,chordata,craniata,multicellular,False
CHEMBL3891,CAN1,Homo,9606,eukaryota,chordata,craniata,multicellular,False
CHEMBL3892,S1PR3,Homo,9606,eukaryota,chordata,craniata,multicellular,False
CHEMBL3893,PDK3,Homo,9606,eukaryota,chordata,craniata,multicellular,False
CHEMBL3898,BMP1,Homo,9606,eukaryota,chordata,craniata,multicellular,False
CHEMBL3900,PRTN3,Homo,9606,eukaryota,chordata,craniata,multicellular,False
CHEMBL3902,GSTP1,Homo,9606,eukaryota,chordata,craniata,multicellular,False
CHEMBL3905,LYN,Homo,9606,eukaryota,chordata,craniata,multicellular,False
CHEMBL3906,KS6A2,Homo,9606,eukaryota,chordata,craniata,multicellular,False
CHEMBL3910,DHI1,Mus,10090,eukaryota,chordata,craniata,multicellular,False
CHEMBL3911,LT4R1,Homo,9606,eukaryota,chordata,craniata,multicellular,False
CHEMBL3912,CAH13,Homo,9606,eukaryota,chordata,craniata,multicellular,False
CHEMBL3913,C1S,Homo,9606,eukaryota,chordata,craniata,multicellular,False
CHEMBL3920,KPCT,Homo,9606,eukaryota,chordata,craniata,multicellular,False
CHEMBL3921,HPSE,Homo,9606,eukaryota,chordata,craniata,multicellular,False
CHEMBL3922,MAP2,Homo,9606,eukaryota,chordata,craniata,multicellular,False
CHEMBL3923,NISCH,Homo,9606,eukaryota,chordata,craniata,multicellular,False
CHEMBL3927,R1A,Sarbecovirus,694009,viruses,riboviria,orthornavirae,acellular (virus),True
CHEMBL3932,CAH,Methanosarcina,523844,archaea,methanobacteriati,methanobacteriota,unicellular,False
CHEMBL3933,PD2R,Mus,10090,eukaryota,chordata,craniata,multicellular,False
CHEMBL3935,AURKC,Homo,9606,eukaryota,chordata,craniata,multicellular,False
CHEMBL3938,STK16,Homo,9606,eukaryota,chordata,craniata,multicellular,False
CHEMBL3942,NK1R,Cavia,10141,eukaryota,chordata,craniata,multicellular,False
CHEMBL3943,HRH1,Cavia,10141,eukaryota,chordata,craniata,multicellular,False
CHEMBL3948,AGTR1,Oryctolagus,9986,eukaryota,chordata,craniata,multicellular,False
CHEMBL3949,EDNRB,Sus,9823,eukaryota,chordata,craniata,multicellular,False
CHEMBL3952,OPRK,Cavia,10141,eukaryota,chordata,craniata,multicellular,False
CHEMBL3956,M3K1,Homo,9606,eukaryota,chordata,craniata,multicellular,False
CHEMBL3959,NQO2,Homo,9606,eukaryota,chordata,craniata,multicellular,False
CHEMBL3960,FGFR1,Mus,10090,eukaryota,chordata,craniata,multicellular,False
CHEMBL3961,MK11,Homo,9606,eukaryota,chordata,craniata,multicellular,False
CHEMBL3962,KAT1,Homo,9606,eukaryota,chordata,craniata,multicellular,True
CHEMBL3969,CAH5B,Homo,9606,eukaryota,chordata,craniata,multicellular,False
CHEMBL3972,PUR2,Homo,9606,eukaryota,chordata,craniata,multicellular,True
CHEMBL3973,FGFR4,Homo,9606,eukaryota,chordata,craniata,multicellular,False
CHEMBL3974,PAR1,Homo,9606,eukaryota,chordata,craniata,multicellular,False
CHEMBL3975,F16P1,Homo,9606,eukaryota,chordata,craniata,multicellular,False
CHEMBL3976,DPP2,Homo,9606,eukaryota,chordata,craniata,multicellular,False
CHEMBL3977,PDE6C,Homo,9606,eukaryota,chordata,craniata,multicellular,False
CHEMBL3979,PPARD,Homo,9606,eukaryota,chordata,craniata,multicellular,False
CHEMBL3980,ST17B,Homo,9606,eukaryota,chordata,craniata,multicellular,False
CHEMBL3981,STK10,Homo,9606,eukaryota,chordata,craniata,multicellular,False
CHEMBL3982,FER,Homo,9606,eukaryota,chordata,craniata,multicellular,False
CHEMBL3983,TTK,Homo,9606,eukaryota,chordata,craniata,multicellular,False
CHEMBL3984,PMYT1,Homo,9606,eukaryota,chordata,craniata,multicellular,False
CHEMBL3985,O77773,Sus,9823,eukaryota,chordata,craniata,multicellular,False
CHEMBL3987,EPHA5,Homo,9606,eukaryota,chordata,craniata,multicellular,False
CHEMBL3987581,Q4CXJ6,Schizotrypanum,353153,eukaryota,discoba,euglenozoa,unicellular,False
CHEMBL3988,EPHA4,Homo,9606,eukaryota,chordata,craniata,multicellular,False
CHEMBL3988607,Q17SB2,Plasmodium (Laverania),5833,eukaryota,sar,alveolata,unicellular,False
CHEMBL3991,FA7,Homo,9606,eukaryota,chordata,craniata,multicellular,False
CHEMBL3991501,IDHP,Homo,9606,eukaryota,chordata,craniata,multicellular,False
CHEMBL3994,FABI,Staphylococcus,282458,bacteria,bacillati,bacillota,unicellular,False
CHEMBL3996,OXYR,Rattus,10116,eukaryota,chordata,craniata,multicellular,False
CHEMBL3998,DRD2,Bos,9913,eukaryota,chordata,craniata,multicellular,False
CHEMBL3999,FTSZ,Escherichia,83333,bacteria,pseudomonadati,pseudomonadota,unicellular,False
CHEMBL4001,HDAC1,Mus,10090,eukaryota,chordata,craniata,multicellular,False
CHEMBL4004,PHKG1,Homo,9606,eukaryota,chordata,craniata,multicellular,False
CHEMBL4005,PK3CA,Homo,9606,eukaryota,chordata,craniata,multicellular,False
CHEMBL401,NMDE3,Rattus,10116,eukaryota,chordata,craniata,multicellular,False
CHEMBL4014,ABL2,Homo,9606,eukaryota,chordata,craniata,multicellular,False
CHEMBL4015,CCR2,Homo,9606,eukaryota,chordata,craniata,multicellular,False
CHEMBL4016,GRIA2,Homo,9606,eukaryota,chordata,craniata,multicellular,False
CHEMBL4017,SCNAA,Rattus,10116,eukaryota,chordata,craniata,multicellular,False
CHEMBL4018,NPY2R,Homo,9606,eukaryota,chordata,craniata,multicellular,False
CHEMBL402,HMDH,Homo,9606,eukaryota,chordata,craniata,multicellular,False
CHEMBL4026,STAT3,Homo,9606,eukaryota,chordata,craniata,multicellular,False
CHEMBL4027,NK1R,Rattus,10116,eukaryota,chordata,craniata,multicellular,False
CHEMBL4029,CXCR1,Homo,9606,eukaryota,chordata,craniata,multicellular,False
CHEMBL4033,Q8SPQ9,Canis,9615,eukaryota,chordata,craniata,multicellular,False
CHEMBL4036,CDK5,Homo,9606,eukaryota,chordata,craniata,multicellular,False
CHEMBL4037,CPT2,Rattus,10116,eukaryota,chordata,craniata,multicellular,False
CHEMBL4040,MK01,Homo,9606,eukaryota,chordata,craniata,multicellular,False
CHEMBL4050,FKBP4,Homo,9606,eukaryota,chordata,craniata,multicellular,False
CHEMBL4051,CFTR,Homo,9606,eukaryota,chordata,craniata,multicellular,False
CHEMBL4054,SC6A1,Rattus,10116,eukaryota,chordata,craniata,multicellular,False
CHEMBL4062,CAN1,Sus,9823,eukaryota,chordata,craniata,multicellular,False
CHEMBL4065,CBPB1,Sus,9823,eukaryota,chordata,craniata,multicellular,False
CHEMBL4068,CMA1,Homo,9606,eukaryota,chordata,craniata,multicellular,False
CHEMBL4070,CSK22,Homo,9606,eukaryota,chordata,craniata,multicellular,False
CHEMBL4071,CATG,Homo,9606,eukaryota,chordata,craniata,multicellular,False
CHEMBL4072,CATB,Homo,9606,eukaryota,chordata,craniata,multicellular,False
CHEMBL4073,MMP7,Homo,9606,eukaryota,chordata,craniata,multicellular,False
CHEMBL4074,ACE,Oryctolagus,9986,eukaryota,chordata,craniata,multicellular,False
CHEMBL4078,ACES,Electrophorus,8005,eukaryota,chordata,craniata,multicellular,False
CHEMBL4079,ARBK1,Homo,9606,eukaryota,chordata,craniata,multicellular,False
CHEMBL4080,BRS3,Homo,9606,eukaryota,chordata,craniata,multicellular,False
CHEMBL4081,TF,Homo,9606,eukaryota,chordata,craniata,multicellular,False
CHEMBL4082,A3KMY8,Bos,9913,eukaryota,chordata,craniata,multicellular,False
CHEMBL4086,PE2R4,Rattus,10116,eukaryota,chordata,craniata,multicellular,False
CHEMBL4087,BKRB1,Oryctolagus,9986,eukaryota,chordata,craniata,multicellular,False
CHEMBL4088,PARC,Staphylococcus,1280,bacteria,bacillati,bacillota,unicellular,False
CHEMBL4092,MK10,Rattus,10116,eukaryota,chordata,craniata,multicellular,False
CHEMBL4093,NR1H2,Homo,9606,eukaryota,chordata,craniata,multicellular,False
CHEMBL4096,P53,Homo,9606,eukaryota,chordata,craniata,multicellular,False
CHEMBL4098,CATS,Mus,10090,eukaryota,chordata,craniata,multicellular,False
CHEMBL4101,KAPCA,Homo,9606,eukaryota,chordata,craniata,multicellular,False
CHEMBL4102,PGH2,Ovis,9940,eukaryota,chordata,craniata,multicellular,False
CHEMBL4105758,BT3A1,Homo,9606,eukaryota,chordata,craniata,multicellular,False
CHEMBL4105786,BCL6,Homo,9606,eukaryota,chordata,craniata,multicellular,False
CHEMBL4105787,DGKA,Homo,9606,eukaryota,chordata,craniata,multicellular,False
CHEMBL4105810,DOCK2,Homo,9606,eukaryota,chordata,craniata,multicellular,False
CHEMBL4105832,IF4A3,Homo,9606,eukaryota,chordata,craniata,multicellular,False
CHEMBL4105833,SPP2A,Homo,9606,eukaryota,chordata,craniata,multicellular,False
CHEMBL4105838,DCNL1,Homo,9606,eukaryota,chordata,craniata,multicellular,False
CHEMBL4105845,CHIT1,Mus,10090,eukaryota,chordata,craniata,multicellular,False
CHEMBL4105859,EPHA2,Mus,10090,eukaryota,chordata,craniata,multicellular,False
CHEMBL4105864,SGMR2,Rattus,10116,eukaryota,chordata,craniata,multicellular,False
CHEMBL4105879,MEP1B,Homo,9606,eukaryota,chordata,craniata,multicellular,False
CHEMBL4105899,1433Z,Homo,9606,eukaryota,chordata,craniata,multicellular,False
CHEMBL4105905,CRTN,Staphylococcus,158878,bacteria,bacillati,bacillota,unicellular,False
CHEMBL4105907,SGMR2,Homo,9606,eukaryota,chordata,craniata,multicellular,False
CHEMBL4105915,Q9U638,Plasmodium (Laverania),5833,eukaryota,sar,alveolata,unicellular,False
CHEMBL4105923,KHK,Rattus,10116,eukaryota,chordata,craniata,multicellular,False
CHEMBL4105929,V9HWB9,Homo,9606,eukaryota,chordata,craniata,multicellular,False
CHEMBL4105932,ERN2,Homo,9606,eukaryota,chordata,craniata,multicellular,False
CHEMBL4105948,SPP2A,Mus,10090,eukaryota,chordata,craniata,multicellular,False
CHEMBL4105966,A0A8C0QLS2,Canis,9615,eukaryota,chordata,craniata,multicellular,False
CHEMBL4105972,U520,Homo,9606,eukaryota,chordata,craniata,multicellular,False
CHEMBL4105989,LOXL3,Homo,9606,eukaryota,chordata,craniata,multicellular,False
CHEMBL4106,CATD,Bos,9913,eukaryota,chordata,craniata,multicellular,False
CHEMBL4108,CAC1S,Rattus,10116,eukaryota,chordata,craniata,multicellular,False
CHEMBL4111,BKRB2,Cavia,10141,eukaryota,chordata,craniata,multicellular,False
CHEMBL4121,KCC2B,Homo,9606,eukaryota,chordata,craniata,multicellular,False
CHEMBL4123,NTR1,Homo,9606,eukaryota,chordata,craniata,multicellular,False
CHEMBL4124,HRH3,Rattus,10116,eukaryota,chordata,craniata,multicellular,False
CHEMBL4128,TIE2,Homo,9606,eukaryota,chordata,craniata,multicellular,False
CHEMBL4134,EPHA8,Homo,9606,eukaryota,chordata,craniata,multicellular,False
CHEMBL4140,HYES,Mus,10090,eukaryota,chordata,craniata,multicellular,False
CHEMBL4141,PDK4,Homo,9606,eukaryota,chordata,craniata,multicellular,False
CHEMBL4142,FGFR2,Homo,9606,eukaryota,chordata,craniata,multicellular,False
CHEMBL4143,CAN2,Sus,9823,eukaryota,chordata,craniata,multicellular,False
CHEMBL4145,HDAC9,Homo,9606,eukaryota,chordata,craniata,multicellular,False
CHEMBL4147,KCC2A,Homo,9606,eukaryota,chordata,craniata,multicellular,False
CHEMBL4150,Q965D5,Plasmodium (Laverania),5833,eukaryota,sar,alveolata,unicellular,False
CHEMBL4151,Q8ST54,Schizotrypanum,5693,eukaryota,discoba,euglenozoa,unicellular,False
CHEMBL4153,SGMR1,Cavia,10141,eukaryota,chordata,craniata,multicellular,False
CHEMBL4158,FAS,Homo,9606,eukaryota,chordata,craniata,multicellular,True
CHEMBL4161,UREA,Canavalia,3823,eukaryota,viridiplantae,streptophyta,multicellular,False
CHEMBL4162,TP4A3,Homo,9606,eukaryota,chordata,craniata,multicellular,False
CHEMBL4163,TLR2,Homo,9606,eukaryota,chordata,craniata,multicellular,False
CHEMBL4165,GYRA,Mycobacterium tuberculosis complex,83332,bacteria,bacillati,actinomycetota,unicellular,False
CHEMBL4167,PA2G5,Mus,10090,eukaryota,chordata,craniata,multicellular,False
CHEMBL4174,NEUR4,Homo,9606,eukaryota,chordata,craniata,multicellular,False
CHEMBL4175,MATK,Homo,9606,eukaryota,chordata,craniata,multicellular,False
CHEMBL4176,FUCO,Homo,9606,eukaryota,chordata,craniata,multicellular,False
CHEMBL4177,RARG,Mus,10090,eukaryota,chordata,craniata,multicellular,False
CHEMBL4179,MK09,Homo,9606,eukaryota,chordata,craniata,multicellular,False
CHEMBL4187,SCN2A,Homo,9606,eukaryota,chordata,craniata,multicellular,False
CHEMBL4188,Q95PM0,Trypanosoma,31286,eukaryota,discoba,euglenozoa,unicellular,False
CHEMBL4190,EAA1,Rattus,10116,eukaryota,chordata,craniata,multicellular,False
CHEMBL4191,MGLL,Homo,9606,eukaryota,chordata,craniata,multicellular,False
CHEMBL4198,XIAP,Homo,9606,eukaryota,chordata,craniata,multicellular,False
CHEMBL4200,PA2GX,Mus,10090,eukaryota,chordata,craniata,multicellular,False
CHEMBL4201,PA2GE,Mus,10090,eukaryota,chordata,craniata,multicellular,False
CHEMBL4202,SLK,Homo,9606,eukaryota,chordata,craniata,multicellular,False
CHEMBL4203,CLK4,Homo,9606,eukaryota,chordata,craniata,multicellular,False
CHEMBL4204,MKNK2,Homo,9606,eukaryota,chordata,craniata,multicellular,False
CHEMBL4208,PSB1,Homo,9606,eukaryota,chordata,craniata,multicellular,False
CHEMBL4220,NTRK1,Rattus,10116,eukaryota,chordata,craniata,multicellular,False
CHEMBL4223,FRK,Homo,9606,eukaryota,chordata,craniata,multicellular,False
CHEMBL4224,CLK1,Homo,9606,eukaryota,chordata,craniata,multicellular,False
CHEMBL4225,CLK2,Homo,9606,eukaryota,chordata,craniata,multicellular,False
CHEMBL4226,CLK3,Homo,9606,eukaryota,chordata,craniata,multicellular,False
CHEMBL4227,FPR2,Homo,9606,eukaryota,chordata,craniata,multicellular,False
CHEMBL4228,S6A12,Mus,10090,eukaryota,chordata,craniata,multicellular,False
CHEMBL4229,HAOX1,Homo,9606,eukaryota,chordata,craniata,multicellular,False
CHEMBL4234,DHB3,Homo,9606,eukaryota,chordata,craniata,multicellular,False
CHEMBL4235,DHI1,Homo,9606,eukaryota,chordata,craniata,multicellular,False
CHEMBL4237,KS6A5,Homo,9606,eukaryota,chordata,craniata,multicellular,False
CHEMBL4245,ERR3,Homo,9606,eukaryota,chordata,craniata,multicellular,False
CHEMBL4246,TEC,Homo,9606,eukaryota,chordata,craniata,multicellular,False
CHEMBL4247,ALK,Homo,9606,eukaryota,chordata,craniata,multicellular,False
CHEMBL4255,MDH,Thermus,274,bacteria,thermotogati,deinococcota,unicellular,False
CHEMBL4261,HIF1A,Homo,9606,eukaryota,chordata,craniata,multicellular,False
CHEMBL4263,ILVB,Arabidopsis,3702,eukaryota,viridiplantae,streptophyta,multicellular,False
CHEMBL4267,TGFR2,Homo,9606,eukaryota,chordata,craniata,multicellular,False
CHEMBL4270,MMP10,Homo,9606,eukaryota,chordata,craniata,multicellular,False
CHEMBL4273,KGP1,Homo,9606,eukaryota,chordata,craniata,multicellular,False
CHEMBL4282,AKT1,Homo,9606,eukaryota,chordata,craniata,multicellular,False
CHEMBL4295,KCNK9,Rattus,10116,eukaryota,chordata,craniata,multicellular,False
CHEMBL4295521,A0A045ISB3,Mycobacterium tuberculosis complex,1773,bacteria,bacillati,actinomycetota,unicellular,False
CHEMBL4295598,Q2L8D9,Homo,9606,eukaryota,chordata,craniata,multicellular,False
CHEMBL4295666,NNMT,Mus,10090,eukaryota,chordata,craniata,multicellular,False
CHEMBL4295683,AL1A2,Gallus,9031,eukaryota,chordata,craniata,multicellular,False
CHEMBL4295701,CO2,Homo,9606,eukaryota,chordata,craniata,multicellular,False
CHEMBL4295738,CXB2,Homo,9606,eukaryota,chordata,craniata,multicellular,False
CHEMBL4295740,GNA11,Homo,9606,eukaryota,chordata,craniata,multicellular,False
CHEMBL4295745,CGL,Homo,9606,eukaryota,chordata,craniata,multicellular,False
CHEMBL4295828,TEAD4,Homo,9606,eukaryota,chordata,craniata,multicellular,False
CHEMBL4295840,Q3S340,Influenza B virus,343983,viruses,riboviria,orthornavirae,acellular (virus),False
CHEMBL4295910,KLK7,Mus,10090,eukaryota,chordata,craniata,multicellular,False
CHEMBL4295919,Q93EK7,Neisseria,487,bacteria,pseudomonadati,pseudomonadota,unicellular,False
CHEMBL4295956,GCR,Sus,9823,eukaryota,chordata,craniata,multicellular,False
CHEMBL4295974,RGS17,Homo,9606,eukaryota,chordata,craniata,multicellular,False
CHEMBL4295985,HAOX1,Mus,10090,eukaryota,chordata,craniata,multicellular,False
CHEMBL4296,SCN9A,Homo,9606,eukaryota,chordata,craniata,multicellular,False
CHEMBL4296325,Q0ZMF1,Hepacivirus hominis,31647,viruses,riboviria,orthornavirae,acellular (virus),False
CHEMBL4296326,ANTR2,Homo,9606,eukaryota,chordata,craniata,multicellular,False
CHEMBL4296327,Q82134,Primate T-lymphotropic virus 1,11908,viruses,riboviria,pararnavirae,acellular (virus),False
CHEMBL4302,MDR1,Homo,9606,eukaryota,chordata,craniata,multicellular,False
CHEMBL4303,HS90B,Homo,9606,eukaryota,chordata,craniata,multicellular,False
CHEMBL4305,KCNN4,Homo,9606,eukaryota,chordata,craniata,multicellular,False
CHEMBL4306,KCNA5,Homo,9606,eukaryota,chordata,craniata,multicellular,False
CHEMBL4308,BKRB1,Homo,9606,eukaryota,chordata,craniata,multicellular,False
CHEMBL4311,PAK6,Homo,9606,eukaryota,chordata,craniata,multicellular,False
CHEMBL4315,P2RY1,Homo,9606,eukaryota,chordata,craniata,multicellular,False
CHEMBL4316,SC5A2,Rattus,10116,eukaryota,chordata,craniata,multicellular,False
CHEMBL4321,PGH2,Mus,10090,eukaryota,chordata,craniata,multicellular,False
CHEMBL4323,PA2G5,Homo,9606,eukaryota,chordata,craniata,multicellular,False
CHEMBL4328,BHMT1,Homo,9606,eukaryota,chordata,craniata,multicellular,False
CHEMBL4329,OPRK,Mus,10090,eukaryota,chordata,craniata,multicellular,False
CHEMBL4330,CLTR2,Homo,9606,eukaryota,chordata,craniata,multicellular,False
CHEMBL4333,S1PR1,Homo,9606,eukaryota,chordata,craniata,multicellular,False
CHEMBL4336,PE2R3,Mus,10090,eukaryota,chordata,craniata,multicellular,False
CHEMBL4338,PNPH,Homo,9606,eukaryota,chordata,craniata,multicellular,False
CHEMBL4342,PA2GX,Homo,9606,eukaryota,chordata,craniata,multicellular,False
CHEMBL4343,DPOLB,Rattus,10116,eukaryota,chordata,craniata,multicellular,True
CHEMBL4349,NAAA,Homo,9606,eukaryota,chordata,craniata,multicellular,False
CHEMBL4354,OPRM,Cavia,10141,eukaryota,chordata,craniata,multicellular,False
CHEMBL4355,GAK,Homo,9606,eukaryota,chordata,craniata,multicellular,False
CHEMBL4358,LOX15,Oryctolagus,9986,eukaryota,chordata,craniata,multicellular,False
CHEMBL4360,MOT1,Homo,9606,eukaryota,chordata,craniata,multicellular,False
CHEMBL4361,MCL1,Homo,9606,eukaryota,chordata,craniata,multicellular,False
CHEMBL4367,TXK,Homo,9606,eukaryota,chordata,craniata,multicellular,False
CHEMBL4370,UD2B7,Homo,9606,eukaryota,chordata,craniata,multicellular,False
CHEMBL4372,LEF,Bacillus cereus group,1392,bacteria,bacillati,bacillota,unicellular,False
CHEMBL4375,SRPK1,Homo,9606,eukaryota,chordata,craniata,multicellular,False
CHEMBL4376,DYRK2,Homo,9606,eukaryota,chordata,craniata,multicellular,False
CHEMBL4378,PA21B,Mus,10090,eukaryota,chordata,craniata,multicellular,False
CHEMBL4379,ADA17,Mus,10090,eukaryota,chordata,craniata,multicellular,False
CHEMBL4383,GIPR,Homo,9606,eukaryota,chordata,craniata,multicellular,False
CHEMBL4393,MMP12,Homo,9606,eukaryota,chordata,craniata,multicellular,False
CHEMBL4394,SPHK1,Homo,9606,eukaryota,chordata,craniata,multicellular,False
CHEMBL4398,P2RY2,Homo,9606,eukaryota,chordata,craniata,multicellular,False
CHEMBL4404,YOPH,Yersinia,630,bacteria,pseudomonadati,pseudomonadota,unicellular,False
CHEMBL4409,PDE10,Homo,9606,eukaryota,chordata,craniata,multicellular,False
CHEMBL4414,PLM2,Plasmodium (Laverania),137071,eukaryota,sar,alveolata,unicellular,False
CHEMBL4415,DHYS,Homo,9606,eukaryota,chordata,craniata,multicellular,False
CHEMBL4420,HCAR2,Mus,10090,eukaryota,chordata,craniata,multicellular,False
CHEMBL4422,FFAR1,Homo,9606,eukaryota,chordata,craniata,multicellular,False
CHEMBL4423,CCR6,Homo,9606,eukaryota,chordata,craniata,multicellular,False
CHEMBL4426,PA21B,Homo,9606,eukaryota,chordata,craniata,multicellular,False
CHEMBL4427,PD2R,Homo,9606,eukaryota,chordata,craniata,multicellular,False
CHEMBL4429,NK3R,Homo,9606,eukaryota,chordata,craniata,multicellular,False
CHEMBL4430,CP17A,Rattus,10116,eukaryota,chordata,craniata,multicellular,False
CHEMBL4439,TGFR1,Homo,9606,eukaryota,chordata,craniata,multicellular,False
CHEMBL4441,CXCR3,Homo,9606,eukaryota,chordata,craniata,multicellular,False
CHEMBL4444,PROC,Homo,9606,eukaryota,chordata,craniata,multicellular,False
CHEMBL4445,PP2BA,Homo,9606,eukaryota,chordata,craniata,multicellular,False
CHEMBL4447,KLK5,Homo,9606,eukaryota,chordata,craniata,multicellular,False
CHEMBL4454,FGR,Homo,9606,eukaryota,chordata,craniata,multicellular,False
CHEMBL4461,SIR3,Homo,9606,eukaryota,chordata,craniata,multicellular,False
CHEMBL4462,SIR2,Homo,9606,eukaryota,chordata,craniata,multicellular,False
CHEMBL4464,SOAT1,Mus,10090,eukaryota,chordata,craniata,multicellular,False
CHEMBL4468,HRH4,Rattus,10116,eukaryota,chordata,craniata,multicellular,False
CHEMBL4471,THRB,Bos,9913,eukaryota,chordata,craniata,multicellular,False
CHEMBL4477,GRM1,Rattus,10116,eukaryota,chordata,craniata,multicellular,False
CHEMBL4478,CAC1B,Homo,9606,eukaryota,chordata,craniata,multicellular,False
CHEMBL4481,NOS2,Homo,9606,eukaryota,chordata,craniata,multicellular,False
CHEMBL4482,PAK4,Homo,9606,eukaryota,chordata,craniata,multicellular,False
CHEMBL4484,KC1D,Rattus,10116,eukaryota,chordata,craniata,multicellular,False
CHEMBL4487,PAK2,Homo,9606,eukaryota,chordata,craniata,multicellular,False
CHEMBL4497,NU1M,Bos,9913,eukaryota,chordata,craniata,multicellular,False
CHEMBL4501,KS6B1,Homo,9606,eukaryota,chordata,craniata,multicellular,False
CHEMBL4506,SIR1,Homo,9606,eukaryota,chordata,craniata,multicellular,False
CHEMBL4507,SC5A7,Homo,9606,eukaryota,chordata,craniata,multicellular,False
CHEMBL4508,QPCT,Homo,9606,eukaryota,chordata,craniata,multicellular,False
CHEMBL4510,Q9NBA7,Plasmodium (Laverania),5833,eukaryota,sar,alveolata,unicellular,False
CHEMBL4512,Q965D7,Plasmodium (Laverania),5833,eukaryota,sar,alveolata,unicellular,False
CHEMBL4513,Q965D6,Plasmodium (Laverania),5833,eukaryota,sar,alveolata,unicellular,False
CHEMBL4516,MRCKA,Homo,9606,eukaryota,chordata,craniata,multicellular,False
CHEMBL4518,P2Y14,Homo,9606,eukaryota,chordata,craniata,multicellular,False
CHEMBL4521,CP24A,Homo,9606,eukaryota,chordata,craniata,multicellular,False
CHEMBL4523,PIM2,Homo,9606,eukaryota,chordata,craniata,multicellular,False
CHEMBL4523125,NHRF1,Homo,9606,eukaryota,chordata,craniata,multicellular,False
CHEMBL4523191,IL1RA,Homo,9606,eukaryota,chordata,craniata,multicellular,False
CHEMBL4523370,Q86GS5,Plasmodium (Laverania),5833,eukaryota,sar,alveolata,unicellular,False
CHEMBL4523375,CP4Z1,Homo,9606,eukaryota,chordata,craniata,multicellular,False
CHEMBL4523386,GPR84,Mus,10090,eukaryota,chordata,craniata,multicellular,False
CHEMBL4523406,OSR1,Homo,9606,eukaryota,chordata,craniata,multicellular,False
CHEMBL4523465,TAOK2,Rattus,10116,eukaryota,chordata,craniata,multicellular,False
CHEMBL4523470,NSMA2,Homo,9606,eukaryota,chordata,craniata,multicellular,False
CHEMBL4523509,SPIN1,Homo,9606,eukaryota,chordata,craniata,multicellular,False
CHEMBL4523517,T1VXA1,Schistosoma,6183,eukaryota,spiralia,lophotrochozoa,multicellular,False
CHEMBL4523582,R1AB,Severe acute respiratory syndrome coronavirus,2697049,viruses,riboviria,orthornavirae,acellular (virus),True
CHEMBL4523952,A0A143MHK7,Orthoflavivirus zikaense,64320,viruses,riboviria,orthornavirae,acellular (virus),False
CHEMBL4524,PAK5,Homo,9606,eukaryota,chordata,craniata,multicellular,False
CHEMBL4525,ST17A,Homo,9606,eukaryota,chordata,craniata,multicellular,False
CHEMBL4526,EPHA6,Homo,9606,eukaryota,chordata,craniata,multicellular,False
CHEMBL4527,TNIK,Homo,9606,eukaryota,chordata,craniata,multicellular,False
CHEMBL4530,F13A,Homo,9606,eukaryota,chordata,craniata,multicellular,False
CHEMBL4531,LEG3,Homo,9606,eukaryota,chordata,craniata,multicellular,False
CHEMBL4540,P96830,Mycobacterium tuberculosis complex,83331,bacteria,bacillati,actinomycetota,unicellular,False
CHEMBL4542,PTPA,Mycobacterium tuberculosis complex,83332,bacteria,bacillati,actinomycetota,unicellular,False
CHEMBL4550,AL5AP,Homo,9606,eukaryota,chordata,craniata,multicellular,False
CHEMBL4552,TSPO,Rattus,10116,eukaryota,chordata,craniata,multicellular,False
CHEMBL4556,SC6A9,Rattus,10116,eukaryota,chordata,craniata,multicellular,False
CHEMBL4561,NPY5R,Homo,9606,eukaryota,chordata,craniata,multicellular,False
CHEMBL4567,PDE5A,Rattus,10116,eukaryota,chordata,craniata,multicellular,False
CHEMBL4574,BRSK2,Homo,9606,eukaryota,chordata,craniata,multicellular,False
CHEMBL4575,DYRK3,Homo,9606,eukaryota,chordata,craniata,multicellular,False
CHEMBL4576,HIPK2,Homo,9606,eukaryota,chordata,craniata,multicellular,False
CHEMBL4577,HIPK3,Homo,9606,eukaryota,chordata,craniata,multicellular,False
CHEMBL4578,MELK,Homo,9606,eukaryota,chordata,craniata,multicellular,False
CHEMBL4580,KITM,Homo,9606,eukaryota,chordata,craniata,multicellular,False
CHEMBL4581,KIF11,Homo,9606,eukaryota,chordata,craniata,multicellular,False
CHEMBL4586,LOX1,Glycine subgen. Soja,3847,eukaryota,viridiplantae,streptophyta,multicellular,False
CHEMBL4588,MMP8,Homo,9606,eukaryota,chordata,craniata,multicellular,False
CHEMBL4589,GSTM2,Homo,9606,eukaryota,chordata,craniata,multicellular,False
CHEMBL4592,AOC3,Rattus,10116,eukaryota,chordata,craniata,multicellular,False
CHEMBL4596,CCR8,Homo,9606,eukaryota,chordata,craniata,multicellular,False
CHEMBL4598,STK4,Homo,9606,eukaryota,chordata,craniata,multicellular,False
CHEMBL4599,ACK1,Homo,9606,eukaryota,chordata,craniata,multicellular,False
CHEMBL4600,PAK1,Homo,9606,eukaryota,chordata,craniata,multicellular,False
CHEMBL4601,PTK6,Homo,9606,eukaryota,chordata,craniata,multicellular,False
CHEMBL4602,EPHA7,Homo,9606,eukaryota,chordata,craniata,multicellular,False
CHEMBL4607,AGTR2,Homo,9606,eukaryota,chordata,craniata,multicellular,False
CHEMBL4608,MC5R,Homo,9606,eukaryota,chordata,craniata,multicellular,False
CHEMBL4613,BKRB1,Rattus,10116,eukaryota,chordata,craniata,multicellular,False
CHEMBL4616,GHSR,Homo,9606,eukaryota,chordata,craniata,multicellular,False
CHEMBL4617,PNMT,Homo,9606,eukaryota,chordata,craniata,multicellular,False
CHEMBL4618,LKHA4,Homo,9606,eukaryota,chordata,craniata,multicellular,False
CHEMBL4619,PDE1C,Homo,9606,eukaryota,chordata,craniata,multicellular,False
CHEMBL4625,B2CL1,Homo,9606,eukaryota,chordata,craniata,multicellular,False
CHEMBL4627,MYLK3,Homo,9606,eukaryota,chordata,craniata,multicellular,False
CHEMBL4630,CHK1,Homo,9606,eukaryota,chordata,craniata,multicellular,False
CHEMBL4632,ACOX1,Rattus,10116,eukaryota,chordata,craniata,multicellular,False
CHEMBL4633,KCNA3,Homo,9606,eukaryota,chordata,craniata,multicellular,False
CHEMBL4641,CAC1G,Homo,9606,eukaryota,chordata,craniata,multicellular,False
CHEMBL4644,MC3R,Homo,9606,eukaryota,chordata,craniata,multicellular,False
CHEMBL4647,DEFM,Homo,9606,eukaryota,chordata,craniata,multicellular,False
CHEMBL4649,CRFR1,Rattus,10116,eukaryota,chordata,craniata,multicellular,False
CHEMBL4653,DPP4,Rattus,10116,eukaryota,chordata,craniata,multicellular,False
CHEMBL4657,DPP8,Homo,9606,eukaryota,chordata,craniata,multicellular,False
CHEMBL4660,CD38,Homo,9606,eukaryota,chordata,craniata,multicellular,True
CHEMBL4662,PSB5,Homo,9606,eukaryota,chordata,craniata,multicellular,False
CHEMBL4670,MAPK3,Homo,9606,eukaryota,chordata,craniata,multicellular,False
CHEMBL4674,MK12,Homo,9606,eukaryota,chordata,craniata,multicellular,False
CHEMBL4676,CA2D1,Mus,10090,eukaryota,chordata,craniata,multicellular,False
CHEMBL4677,B2CL2,Homo,9606,eukaryota,chordata,craniata,multicellular,False
CHEMBL4680030,ASPH,Homo,9606,eukaryota,chordata,craniata,multicellular,False
CHEMBL4681,AK1C3,Homo,9606,eukaryota,chordata,craniata,multicellular,False
CHEMBL4683,SEPR,Homo,9606,eukaryota,chordata,craniata,multicellular,False
CHEMBL4685,I23O1,Homo,9606,eukaryota,chordata,craniata,multicellular,False
CHEMBL4687,PLM1,Plasmodium (Laverania),137071,eukaryota,sar,alveolata,unicellular,False
CHEMBL4691,PAR4,Homo,9606,eukaryota,chordata,craniata,multicellular,False
CHEMBL4693,AT2A1,Oryctolagus,9986,eukaryota,chordata,craniata,multicellular,False
CHEMBL4696,PYGM,Oryctolagus,9986,eukaryota,chordata,craniata,multicellular,False
CHEMBL4698,DCMC,Homo,9606,eukaryota,chordata,craniata,multicellular,False
CHEMBL4699,ICMT,Homo,9606,eukaryota,chordata,craniata,multicellular,False
CHEMBL4701,HRH1,Rattus,10116,eukaryota,chordata,craniata,multicellular,False
CHEMBL4708,STK3,Homo,9606,eukaryota,chordata,craniata,multicellular,False
CHEMBL4713,CBPN,Homo,9606,eukaryota,chordata,craniata,multicellular,False
CHEMBL4714,P2RY6,Homo,9606,eukaryota,chordata,craniata,multicellular,False
CHEMBL4715,PA21B,Sus,9823,eukaryota,chordata,craniata,multicellular,False
CHEMBL4718,MKNK1,Homo,9606,eukaryota,chordata,craniata,multicellular,False
CHEMBL4720,GLR,Rattus,10116,eukaryota,chordata,craniata,multicellular,False
CHEMBL4722,AURKA,Homo,9606,eukaryota,chordata,craniata,multicellular,False
CHEMBL4726,O07911,Staphylococcus,1280,bacteria,bacillati,bacillota,unicellular,False
CHEMBL4730,MCHR1,Mus,10090,eukaryota,chordata,craniata,multicellular,False
CHEMBL4748,ENPL,Canis,9615,eukaryota,chordata,craniata,multicellular,False
CHEMBL4752,Q8WS26,Schizotrypanum,5693,eukaryota,discoba,euglenozoa,unicellular,False
CHEMBL4755,CALRL,Rattus,10116,eukaryota,chordata,craniata,multicellular,False
CHEMBL4756,RICI,Ricinus,3988,eukaryota,viridiplantae,streptophyta,multicellular,False
CHEMBL4761,C3AR,Homo,9606,eukaryota,chordata,craniata,multicellular,False
CHEMBL4766,PDK1,Homo,9606,eukaryota,chordata,craniata,multicellular,False
CHEMBL4767,VACHT,Homo,9606,eukaryota,chordata,craniata,multicellular,False
CHEMBL4768,ACES,Bos,9913,eukaryota,chordata,craniata,multicellular,False
CHEMBL4769,GGPPS,Homo,9606,eukaryota,chordata,craniata,multicellular,False
CHEMBL4772,PLCB,Homo,9606,eukaryota,chordata,craniata,multicellular,False
CHEMBL4774,MC3R,Mus,10090,eukaryota,chordata,craniata,multicellular,False
CHEMBL4777,NPY1R,Homo,9606,eukaryota,chordata,craniata,multicellular,False
CHEMBL4779,PAPA1,Carica,3649,eukaryota,viridiplantae,streptophyta,multicellular,False
CHEMBL4780,ACES,Tetronarce,7787,eukaryota,chordata,craniata,multicellular,False
CHEMBL4789,CAH5A,Homo,9606,eukaryota,chordata,craniata,multicellular,False
CHEMBL4791,ECE1,Homo,9606,eukaryota,chordata,craniata,multicellular,False
CHEMBL4792,OX2R,Homo,9606,eukaryota,chordata,craniata,multicellular,False
CHEMBL4793,DPP9,Homo,9606,eukaryota,chordata,craniata,multicellular,False
CHEMBL4794,TRPV1,Homo,9606,eukaryota,chordata,craniata,multicellular,False
CHEMBL4796,CTRB1,Homo,9606,eukaryota,chordata,craniata,multicellular,False
CHEMBL4801,CASP1,Homo,9606,eukaryota,chordata,craniata,multicellular,False
CHEMBL4802,NOS3,Bos,9913,eukaryota,chordata,craniata,multicellular,False
CHEMBL4802015,VAT1,Homo,9606,eukaryota,chordata,craniata,multicellular,False
CHEMBL4803,NOS3,Homo,9606,eukaryota,chordata,craniata,multicellular,False
CHEMBL4804,MPIP2,Homo,9606,eukaryota,chordata,craniata,multicellular,False
CHEMBL4805,P2RX7,Homo,9606,eukaryota,chordata,craniata,multicellular,False
CHEMBL4807,PA2,Apis,7460,eukaryota,ecdysozoa,arthropoda,multicellular,False
CHEMBL4810,TDT,Homo,9606,eukaryota,chordata,craniata,multicellular,False
CHEMBL4813,CP11A,Bos,9913,eukaryota,chordata,craniata,multicellular,False
CHEMBL4814,BGLR,Rattus,10116,eukaryota,chordata,craniata,multicellular,False
CHEMBL4816,AKT3,Homo,9606,eukaryota,chordata,craniata,multicellular,False
CHEMBL4820,PF2R,Bos,9913,eukaryota,chordata,craniata,multicellular,False
CHEMBL4822,BACE1,Homo,9606,eukaryota,chordata,craniata,multicellular,False
CHEMBL4824,P2RX3,Rattus,10116,eukaryota,chordata,craniata,multicellular,False
CHEMBL4828,VMAT2,Rattus,10116,eukaryota,chordata,craniata,multicellular,False
CHEMBL4829,ACACB,Homo,9606,eukaryota,chordata,craniata,multicellular,False
CHEMBL4833,S19A1,Homo,9606,eukaryota,chordata,craniata,multicellular,False
CHEMBL4835,LDHA,Homo,9606,eukaryota,chordata,craniata,multicellular,False
CHEMBL4838,AT1A1,Canis,9615,eukaryota,chordata,craniata,multicellular,False
CHEMBL4851,ST38L,Homo,9606,eukaryota,chordata,craniata,multicellular,False
CHEMBL4852,M4K5,Homo,9606,eukaryota,chordata,craniata,multicellular,False
CHEMBL4860,BCL2,Homo,9606,eukaryota,chordata,craniata,multicellular,False
CHEMBL4867,P2Y11,Homo,9606,eukaryota,chordata,craniata,multicellular,False
CHEMBL4877,NPY4R,Homo,9606,eukaryota,chordata,craniata,multicellular,False
CHEMBL4878,CP1B1,Homo,9606,eukaryota,chordata,craniata,multicellular,True
CHEMBL4879439,IL15,Mus,10090,eukaryota,chordata,craniata,multicellular,False
CHEMBL4889,S6A13,Rattus,10116,eukaryota,chordata,craniata,multicellular,False
CHEMBL4892,ADA1A,Bos,9913,eukaryota,chordata,craniata,multicellular,False
CHEMBL4894,GALR1,Homo,9606,eukaryota,chordata,craniata,multicellular,False
CHEMBL4895,UFO,Homo,9606,eukaryota,chordata,craniata,multicellular,False
CHEMBL4896,TOPK,Homo,9606,eukaryota,chordata,craniata,multicellular,False
CHEMBL4897,PLK3,Homo,9606,eukaryota,chordata,craniata,multicellular,False
CHEMBL4898,NTRK2,Homo,9606,eukaryota,chordata,craniata,multicellular,False
CHEMBL4899,M3K8,Homo,9606,eukaryota,chordata,craniata,multicellular,False
CHEMBL4900,KPCD2,Homo,9606,eukaryota,chordata,craniata,multicellular,False
CHEMBL4901,EPHB3,Homo,9606,eukaryota,chordata,craniata,multicellular,False
CHEMBL4903,PPAC,Homo,9606,eukaryota,chordata,craniata,multicellular,False
CHEMBL4909,PE2R2,Rattus,10116,eukaryota,chordata,craniata,multicellular,False
CHEMBL4919,Q94F81,Zea,4577,eukaryota,viridiplantae,streptophyta,multicellular,False
CHEMBL4921,UR2R,Rattus,10116,eukaryota,chordata,craniata,multicellular,False
CHEMBL4924,KS6A6,Homo,9606,eukaryota,chordata,craniata,multicellular,False
CHEMBL4937,KC1E,Homo,9606,eukaryota,chordata,craniata,multicellular,False
CHEMBL4940,LDHB,Homo,9606,eukaryota,chordata,craniata,multicellular,False
CHEMBL4941,MTAP,Homo,9606,eukaryota,chordata,craniata,multicellular,False
CHEMBL4944,MMP13,Rattus,10116,eukaryota,chordata,craniata,multicellular,False
CHEMBL4945,RABP1,Gallus,9031,eukaryota,chordata,craniata,multicellular,False
CHEMBL4948,MP2K5,Homo,9606,eukaryota,chordata,craniata,multicellular,False
CHEMBL4954,EPHA3,Homo,9606,eukaryota,chordata,craniata,multicellular,False
CHEMBL4956,GBRA2,Homo,9606,eukaryota,chordata,craniata,multicellular,False
CHEMBL4959,GRPR,Homo,9606,eukaryota,chordata,craniata,multicellular,False
CHEMBL4966,SCN3A,Rattus,10116,eukaryota,chordata,craniata,multicellular,False
CHEMBL4970,C11B1,Rattus,10116,eukaryota,chordata,craniata,multicellular,False
CHEMBL4973,EAA2,Homo,9606,eukaryota,chordata,craniata,multicellular,False
CHEMBL4975,AA1R,Bos,9913,eukaryota,chordata,craniata,multicellular,False
CHEMBL4977,JUN,Homo,9606,eukaryota,chordata,craniata,multicellular,False
CHEMBL4979,SC5A1,Homo,9606,eukaryota,chordata,craniata,multicellular,False
CHEMBL4980,ACHA7,Rattus,10116,eukaryota,chordata,craniata,multicellular,False
CHEMBL4981,CP51A,Rattus,10116,eukaryota,chordata,craniata,multicellular,False
CHEMBL5000,PF2R,Mus,10090,eukaryota,chordata,craniata,multicellular,False
CHEMBL5010,ABHD6,Mus,10090,eukaryota,chordata,craniata,multicellular,False
CHEMBL5011,TRPM8,Rattus,10116,eukaryota,chordata,craniata,multicellular,False
CHEMBL5014,RIPK2,Homo,9606,eukaryota,chordata,craniata,multicellular,False
CHEMBL5017,5HT4R,Cavia,10141,eukaryota,chordata,craniata,multicellular,False
CHEMBL5021,CDN1A,Homo,9606,eukaryota,chordata,craniata,multicellular,False
CHEMBL5023,MDM2,Homo,9606,eukaryota,chordata,craniata,multicellular,False
CHEMBL5024,ATR,Homo,9606,eukaryota,chordata,craniata,multicellular,False
CHEMBL5026,EF2K,Homo,9606,eukaryota,chordata,craniata,multicellular,False
CHEMBL5028,ADA10,Homo,9606,eukaryota,chordata,craniata,multicellular,False
CHEMBL5032,SC6A3,Macaca,9541,eukaryota,chordata,craniata,multicellular,False
CHEMBL5035,HMOX1,Rattus,10116,eukaryota,chordata,craniata,multicellular,False
CHEMBL5036,KGP,Eimeria,5802,eukaryota,sar,alveolata,unicellular,False
CHEMBL5043,ERAP2,Homo,9606,eukaryota,chordata,craniata,multicellular,False
CHEMBL5044,NEK5,Homo,9606,eukaryota,chordata,craniata,multicellular,False
CHEMBL5047,ULK3,Homo,9606,eukaryota,chordata,craniata,multicellular,False
CHEMBL5048,NCEH1,Homo,9606,eukaryota,chordata,craniata,multicellular,False
CHEMBL5052,MRCKB,Homo,9606,eukaryota,chordata,craniata,multicellular,False
CHEMBL5062,FA10,Oryctolagus,9986,eukaryota,chordata,craniata,multicellular,False
CHEMBL5064,FOLR2,Homo,9606,eukaryota,chordata,craniata,multicellular,False
CHEMBL5067,DRD1,Sus,9823,eukaryota,chordata,craniata,multicellular,False
CHEMBL5068,PE2R1,Rattus,10116,eukaryota,chordata,craniata,multicellular,False
CHEMBL5071,PD2R2,Homo,9606,eukaryota,chordata,craniata,multicellular,False
CHEMBL5072,EPHB1,Homo,9606,eukaryota,chordata,craniata,multicellular,False
CHEMBL5073,KCC1D,Homo,9606,eukaryota,chordata,craniata,multicellular,False
CHEMBL5076,HRH3,Cavia,10141,eukaryota,chordata,craniata,multicellular,False
CHEMBL5077,Q9N1N9,Equus,9796,eukaryota,chordata,craniata,multicellular,False
CHEMBL5080,LIPG,Homo,9606,eukaryota,chordata,craniata,multicellular,False
CHEMBL5082,STK24,Homo,9606,eukaryota,chordata,craniata,multicellular,False
CHEMBL5083,PARP3,Homo,9606,eukaryota,chordata,craniata,multicellular,False
CHEMBL5084,KC1G3,Homo,9606,eukaryota,chordata,craniata,multicellular,False
CHEMBL5094,BLA1,Klebsiella pneumoniae complex,573,bacteria,pseudomonadati,pseudomonadota,unicellular,False
CHEMBL5096,FTSZ,Staphylococcus,1280,bacteria,bacillati,bacillota,unicellular,False
CHEMBL5099,S5A2,Rattus,10116,eukaryota,chordata,craniata,multicellular,False
CHEMBL5101,ARY1,Homo,9606,eukaryota,chordata,craniata,multicellular,False
CHEMBL5102,TRPV1,Rattus,10116,eukaryota,chordata,craniata,multicellular,False
CHEMBL5103,HDA10,Homo,9606,eukaryota,chordata,craniata,multicellular,False
CHEMBL5107,CAC1B,Rattus,10116,eukaryota,chordata,craniata,multicellular,False
CHEMBL5112,GBRA5,Homo,9606,eukaryota,chordata,craniata,multicellular,False
CHEMBL5113,OX1R,Homo,9606,eukaryota,chordata,craniata,multicellular,False
CHEMBL5118,R1AB,Sarbecovirus,694009,viruses,riboviria,orthornavirae,acellular (virus),True
CHEMBL5122,DDR2,Homo,9606,eukaryota,chordata,craniata,multicellular,False
CHEMBL5124,Q17066,Patiria,7594,eukaryota,echinodermata,eleutherozoa,multicellular,False
CHEMBL5125,Q1HEC0,Rattus,10116,eukaryota,chordata,craniata,multicellular,False
CHEMBL5129,E1BN64,Bos,9913,eukaryota,chordata,craniata,multicellular,False
CHEMBL5131,TYTR,Schizotrypanum,5693,eukaryota,discoba,euglenozoa,unicellular,False
CHEMBL5135,KCNQ1,Cavia,10141,eukaryota,chordata,craniata,multicellular,False
CHEMBL5137,GRM2,Homo,9606,eukaryota,chordata,craniata,multicellular,False
CHEMBL5141,CP26A,Homo,9606,eukaryota,chordata,craniata,multicellular,False
CHEMBL5145,BRAF,Homo,9606,eukaryota,chordata,craniata,multicellular,False
CHEMBL5147,EPHB4,Homo,9606,eukaryota,chordata,craniata,multicellular,False
CHEMBL5150,LUCI,Photuris,1710587,eukaryota,ecdysozoa,arthropoda,multicellular,False
CHEMBL5158,SCNAA,Mus,10090,eukaryota,chordata,craniata,multicellular,False
CHEMBL5160,TRPA1,Rattus,10116,eukaryota,chordata,craniata,multicellular,False
CHEMBL5162,NPSR1,Homo,9606,eukaryota,chordata,craniata,multicellular,False
CHEMBL5163,SCN3A,Homo,9606,eukaryota,chordata,craniata,multicellular,False
CHEMBL5174,NRP1,Homo,9606,eukaryota,chordata,craniata,multicellular,False
CHEMBL5175,KC1D,Mus,10090,eukaryota,chordata,craniata,multicellular,False
CHEMBL5180,DGLA,Mus,10090,eukaryota,chordata,craniata,multicellular,False
CHEMBL5183,P2RX7,Mus,10090,eukaryota,chordata,craniata,multicellular,False
CHEMBL5189,NANH,Clostridium,1502,bacteria,bacillati,bacillota,unicellular,False
CHEMBL5192,BXA1,Clostridium,1491,bacteria,bacillati,bacillota,unicellular,False
CHEMBL5198,MK15,Homo,9606,eukaryota,chordata,craniata,multicellular,False
CHEMBL5200,CXCR3,Mus,10090,eukaryota,chordata,craniata,multicellular,False
CHEMBL5202,SCN8A,Homo,9606,eukaryota,chordata,craniata,multicellular,False
CHEMBL5203,DUT,Homo,9606,eukaryota,chordata,craniata,multicellular,False
CHEMBL5205,S6A13,Mus,10090,eukaryota,chordata,craniata,multicellular,False
CHEMBL5208,S6A11,Homo,9606,eukaryota,chordata,craniata,multicellular,False
CHEMBL5221,NISCH,Rattus,10116,eukaryota,chordata,craniata,multicellular,False
CHEMBL5246,CP11A,Rattus,10116,eukaryota,chordata,craniata,multicellular,False
CHEMBL5250,JAK3,Mus,10090,eukaryota,chordata,craniata,multicellular,False
CHEMBL5251,BTK,Homo,9606,eukaryota,chordata,craniata,multicellular,False
CHEMBL5255,TLR4,Homo,9606,eukaryota,chordata,craniata,multicellular,False
CHEMBL5256,KKCC1,Homo,9606,eukaryota,chordata,craniata,multicellular,False
CHEMBL5257,NEK9,Homo,9606,eukaryota,chordata,craniata,multicellular,False
CHEMBL5258,KCC1G,Homo,9606,eukaryota,chordata,craniata,multicellular,False
CHEMBL5260,TNI3K,Homo,9606,eukaryota,chordata,craniata,multicellular,False
CHEMBL5261,TAOK1,Homo,9606,eukaryota,chordata,craniata,multicellular,False
CHEMBL5262,GP119,Rattus,10116,eukaryota,chordata,craniata,multicellular,False
CHEMBL5270,Q81R22,Bacillus cereus group,1392,bacteria,bacillati,bacillota,unicellular,False
CHEMBL5275,BMR1A,Homo,9606,eukaryota,chordata,craniata,multicellular,False
CHEMBL5282,CP2A6,Homo,9606,eukaryota,chordata,craniata,multicellular,False
CHEMBL5284,KKCC2,Homo,9606,eukaryota,chordata,craniata,multicellular,False
CHEMBL5285,M3K5,Homo,9606,eukaryota,chordata,craniata,multicellular,False
CHEMBL5288,RB,Homo,9606,eukaryota,chordata,craniata,multicellular,False
CHEMBL5293,CALCA,Homo,9606,eukaryota,chordata,craniata,multicellular,False
CHEMBL5306,A5A4K8,Oryctolagus,9986,eukaryota,chordata,craniata,multicellular,False
CHEMBL5310,ACV1B,Homo,9606,eukaryota,chordata,craniata,multicellular,False
CHEMBL5311,ACVL1,Homo,9606,eukaryota,chordata,craniata,multicellular,False
CHEMBL5314,TYRO3,Homo,9606,eukaryota,chordata,craniata,multicellular,False
CHEMBL5319,DDR1,Homo,9606,eukaryota,chordata,craniata,multicellular,False
CHEMBL5320,DMPK,Homo,9606,eukaryota,chordata,craniata,multicellular,False
CHEMBL5328,TYSY,Lacticaseibacillus,1582,bacteria,bacillati,bacillota,unicellular,False
CHEMBL5331,MERTK,Homo,9606,eukaryota,chordata,craniata,multicellular,False
CHEMBL5332,MK07,Homo,9606,eukaryota,chordata,craniata,multicellular,False
CHEMBL5334,TNK1,Homo,9606,eukaryota,chordata,craniata,multicellular,False
CHEMBL5335,BIRC3,Homo,9606,eukaryota,chordata,craniata,multicellular,False
CHEMBL5346,TYRO,Mus,10090,eukaryota,chordata,craniata,multicellular,False
CHEMBL5347,G6PD,Homo,9606,eukaryota,chordata,craniata,multicellular,False
CHEMBL5348,CHIB,Serratia,615,bacteria,pseudomonadati,pseudomonadota,unicellular,False
CHEMBL5351,LUXR,Aliivibrio,668,bacteria,pseudomonadati,pseudomonadota,unicellular,False
CHEMBL5353,ACOD1,Mus,10090,eukaryota,chordata,craniata,multicellular,False
CHEMBL5359,ACEA,Candida,5476,eukaryota,fungi,dikarya,multicellular,False
CHEMBL5362,Q9S446,Staphylococcus,1280,bacteria,bacillati,bacillota,unicellular,False
CHEMBL5364,NLK,Homo,9606,eukaryota,chordata,craniata,multicellular,False
CHEMBL5365,POLK,Homo,9606,eukaryota,chordata,craniata,multicellular,False
CHEMBL5366,PARP2,Homo,9606,eukaryota,chordata,craniata,multicellular,False
CHEMBL5373,CNR2,Mus,10090,eukaryota,chordata,craniata,multicellular,False
CHEMBL5374,SC5A1,Rattus,10116,eukaryota,chordata,craniata,multicellular,False
CHEMBL5375,Q8JXU8,Hepacivirus,3052230,viruses,riboviria,orthornavirae,acellular (virus),True
CHEMBL5387,SHH,Mus,10090,eukaryota,chordata,craniata,multicellular,False
CHEMBL5388,TLK1,Homo,9606,eukaryota,chordata,craniata,multicellular,False
CHEMBL5393,ABCG2,Homo,9606,eukaryota,chordata,craniata,multicellular,False
CHEMBL5394,TYTR,Crithidia,5656,eukaryota,discoba,euglenozoa,unicellular,False
CHEMBL5396,CYAA,Bacillus cereus group,1392,bacteria,bacillati,bacillota,unicellular,False
CHEMBL5399,PACR,Homo,9606,eukaryota,chordata,craniata,multicellular,False
CHEMBL5402,STAT3,Mus,10090,eukaryota,chordata,craniata,multicellular,False
CHEMBL5403,STA5A,Homo,9606,eukaryota,chordata,craniata,multicellular,False
CHEMBL5404,TLK2,Homo,9606,eukaryota,chordata,craniata,multicellular,False
CHEMBL5405,ST32C,Homo,9606,eukaryota,chordata,craniata,multicellular,False
CHEMBL5406,CARM1,Homo,9606,eukaryota,chordata,craniata,multicellular,False
CHEMBL5407,PIM3,Homo,9606,eukaryota,chordata,craniata,multicellular,False
CHEMBL5408,TBK1,Homo,9606,eukaryota,chordata,craniata,multicellular,False
CHEMBL5412,CCR2,Mus,10090,eukaryota,chordata,craniata,multicellular,False
CHEMBL5413,KISSR,Homo,9606,eukaryota,chordata,craniata,multicellular,False
CHEMBL5415,SRPK3,Homo,9606,eukaryota,chordata,craniata,multicellular,False
CHEMBL5419,POLG,Orthoflavivirus nilense,11082,viruses,riboviria,orthornavirae,acellular (virus),True
CHEMBL5424,ACOD1,Rattus,10116,eukaryota,chordata,craniata,multicellular,False
CHEMBL5426,MYLK4,Homo,9606,eukaryota,chordata,craniata,multicellular,False
CHEMBL5427,HIPK1,Homo,9606,eukaryota,chordata,craniata,multicellular,False
CHEMBL5432,M4K3,Homo,9606,eukaryota,chordata,craniata,multicellular,False
CHEMBL5435,ULK2,Homo,9606,eukaryota,chordata,craniata,multicellular,False
CHEMBL5440,CRTM,Staphylococcus,1280,bacteria,bacillati,bacillota,unicellular,False
CHEMBL5443,CDC7,Homo,9606,eukaryota,chordata,craniata,multicellular,False
CHEMBL5444,TBB5,Homo,9606,eukaryota,chordata,craniata,multicellular,False
CHEMBL5445,SC6A1,Mus,10090,eukaryota,chordata,craniata,multicellular,False
CHEMBL5451,SCNAA,Homo,9606,eukaryota,chordata,craniata,multicellular,False
CHEMBL5452,SNAT,Ovis,9940,eukaryota,chordata,craniata,multicellular,False
CHEMBL5455,FES,Homo,9606,eukaryota,chordata,craniata,multicellular,False
CHEMBL5456,DRD2,Chlorocebus,9534,eukaryota,chordata,craniata,multicellular,False
CHEMBL5457,O30463,Mycobacterium avium complex (MAC),1764,bacteria,bacillati,actinomycetota,unicellular,False
CHEMBL5462,BIRC2,Homo,9606,eukaryota,chordata,craniata,multicellular,False
CHEMBL5463,ASAH1,Homo,9606,eukaryota,chordata,craniata,multicellular,False
CHEMBL5464,RIPK1,Homo,9606,eukaryota,chordata,craniata,multicellular,False
CHEMBL5467,BMPR2,Homo,9606,eukaryota,chordata,craniata,multicellular,False
CHEMBL5469,FAK2,Homo,9606,eukaryota,chordata,craniata,multicellular,False
CHEMBL5476,BMR1B,Homo,9606,eukaryota,chordata,craniata,multicellular,False
CHEMBL5479,HGF,Homo,9606,eukaryota,chordata,craniata,multicellular,False
CHEMBL5483,INSRR,Homo,9606,eukaryota,chordata,craniata,multicellular,False
CHEMBL5485,OXDA,Homo,9606,eukaryota,chordata,craniata,multicellular,False
CHEMBL5491,WEE1,Homo,9606,eukaryota,chordata,craniata,multicellular,False
CHEMBL5493,FFAR2,Homo,9606,eukaryota,chordata,craniata,multicellular,False
CHEMBL5498,Q8VH26,Cavia,10141,eukaryota,chordata,craniata,multicellular,False
CHEMBL5500,KAT2B,Homo,9606,eukaryota,chordata,craniata,multicellular,False
CHEMBL5501,KAT2A,Homo,9606,eukaryota,chordata,craniata,multicellular,False
CHEMBL5503,NR1I3,Homo,9606,eukaryota,chordata,craniata,multicellular,False
CHEMBL5508,DYR1A,Rattus,10116,eukaryota,chordata,craniata,multicellular,False
CHEMBL5516,ABD12,Homo,9606,eukaryota,chordata,craniata,multicellular,False
CHEMBL5517,SFRP1,Homo,9606,eukaryota,chordata,craniata,multicellular,False
CHEMBL5518,MINK1,Homo,9606,eukaryota,chordata,craniata,multicellular,False
CHEMBL5519,DCLK2,Homo,9606,eukaryota,chordata,craniata,multicellular,False
CHEMBL5520,KC1AL,Homo,9606,eukaryota,chordata,craniata,multicellular,False
CHEMBL5521,DGLB,Homo,9606,eukaryota,chordata,craniata,multicellular,False
CHEMBL5522,TRPV3,Homo,9606,eukaryota,chordata,craniata,multicellular,False
CHEMBL5523,SETD7,Homo,9606,eukaryota,chordata,craniata,multicellular,False
CHEMBL5524,ANM1,Homo,9606,eukaryota,chordata,craniata,multicellular,False
CHEMBL5525,EBP,Cavia,10141,eukaryota,chordata,craniata,multicellular,True
CHEMBL5538,CARM1,Mus,10090,eukaryota,chordata,craniata,multicellular,False
CHEMBL5541,Q9XYC7,Plasmodium (Laverania),5833,eukaryota,sar,alveolata,unicellular,False
CHEMBL5543,DYR1B,Homo,9606,eukaryota,chordata,craniata,multicellular,False
CHEMBL5545,DGLA,Homo,9606,eukaryota,chordata,craniata,multicellular,False
CHEMBL5546,MYO3A,Homo,9606,eukaryota,chordata,craniata,multicellular,False
CHEMBL5552,STK25,Homo,9606,eukaryota,chordata,craniata,multicellular,False
CHEMBL5553,DDX3X,Homo,9606,eukaryota,chordata,craniata,multicellular,False
CHEMBL5554,P3C2B,Homo,9606,eukaryota,chordata,craniata,multicellular,False
CHEMBL5555,SCD,Homo,9606,eukaryota,chordata,craniata,multicellular,False
CHEMBL5556,CXCR4,Rattus,10116,eukaryota,chordata,craniata,multicellular,False
CHEMBL5558,CAC1I,Homo,9606,eukaryota,chordata,craniata,multicellular,False
CHEMBL5566,PLCG1,Bos,9913,eukaryota,chordata,craniata,multicellular,False
CHEMBL5567,LUCI,Photinus,7054,eukaryota,ecdysozoa,arthropoda,multicellular,False
CHEMBL5568,ROS1,Homo,9606,eukaryota,chordata,craniata,multicellular,False
CHEMBL5575,SYK,Homo,9606,eukaryota,chordata,craniata,multicellular,False
CHEMBL5579,CTRO,Homo,9606,eukaryota,chordata,craniata,multicellular,False
CHEMBL5586,CBR1,Homo,9606,eukaryota,chordata,craniata,multicellular,False
CHEMBL5600,MARK3,Homo,9606,eukaryota,chordata,craniata,multicellular,False
CHEMBL5602,SHH,Homo,9606,eukaryota,chordata,craniata,multicellular,False
CHEMBL5604,TESK1,Homo,9606,eukaryota,chordata,craniata,multicellular,False
CHEMBL5606,STK11,Homo,9606,eukaryota,chordata,craniata,multicellular,False
CHEMBL5607,GRK1,Homo,9606,eukaryota,chordata,craniata,multicellular,False
CHEMBL5608,NTRK3,Homo,9606,eukaryota,chordata,craniata,multicellular,False
CHEMBL5615,MRCKG,Homo,9606,eukaryota,chordata,craniata,multicellular,False
CHEMBL5619,APEX1,Homo,9606,eukaryota,chordata,craniata,multicellular,False
CHEMBL5620,PSB8,Homo,9606,eukaryota,chordata,craniata,multicellular,False
CHEMBL5624,AMPL,Sus,9823,eukaryota,chordata,craniata,multicellular,False
CHEMBL5627,LTK,Homo,9606,eukaryota,chordata,craniata,multicellular,False
CHEMBL5630,DXR,Mycobacterium tuberculosis complex,83332,bacteria,bacillati,actinomycetota,unicellular,False
CHEMBL5631,MTCA1,Mycobacterium tuberculosis complex,83332,bacteria,bacillati,actinomycetota,unicellular,False
CHEMBL5636,IF4E,Oryctolagus,9986,eukaryota,chordata,craniata,multicellular,False
CHEMBL5638,NEK11,Homo,9606,eukaryota,chordata,craniata,multicellular,False
CHEMBL5639,WNK2,Homo,9606,eukaryota,chordata,craniata,multicellular,False
CHEMBL5645,CLTR1,Cavia,10141,eukaryota,chordata,craniata,multicellular,False
CHEMBL5647,GNRHR,Macaca,9544,eukaryota,chordata,craniata,multicellular,False
CHEMBL5648,PNPH,Plasmodium (Laverania),5833,eukaryota,sar,alveolata,unicellular,False
CHEMBL5650,BRSK1,Homo,9606,eukaryota,chordata,craniata,multicellular,False
CHEMBL5652,GP119,Homo,9606,eukaryota,chordata,craniata,multicellular,False
CHEMBL5654,MYO3B,Homo,9606,eukaryota,chordata,craniata,multicellular,False
CHEMBL5656,DGLB,Mus,10090,eukaryota,chordata,craniata,multicellular,False
CHEMBL5657,HRH4,Mus,10090,eukaryota,chordata,craniata,multicellular,False
CHEMBL5658,PTGES,Homo,9606,eukaryota,chordata,craniata,multicellular,True
CHEMBL5661,XPO1,Homo,9606,eukaryota,chordata,craniata,multicellular,False
CHEMBL5668,SRPK2,Homo,9606,eukaryota,chordata,craniata,multicellular,False
CHEMBL5669,HYES,Rattus,10116,eukaryota,chordata,craniata,multicellular,False
CHEMBL5671,DLK1,Homo,9606,eukaryota,chordata,craniata,multicellular,False
CHEMBL5672,Q9GRG7,Trypanosoma,5691,eukaryota,discoba,euglenozoa,unicellular,False
CHEMBL5678,GRK5,Homo,9606,eukaryota,chordata,craniata,multicellular,False
CHEMBL5679,NEK3,Homo,9606,eukaryota,chordata,craniata,multicellular,False
CHEMBL5683,DCLK1,Homo,9606,eukaryota,chordata,craniata,multicellular,False
CHEMBL5684,MUSK,Homo,9606,eukaryota,chordata,craniata,multicellular,False
CHEMBL5686,PFKA,Trypanosoma,5702,eukaryota,discoba,euglenozoa,unicellular,False
CHEMBL5689,TPH1,Homo,9606,eukaryota,chordata,craniata,multicellular,False
CHEMBL5691,PARP1,Bos,9913,eukaryota,chordata,craniata,multicellular,False
CHEMBL5695,PPBI,Bos,9913,eukaryota,chordata,craniata,multicellular,False
CHEMBL5697,EGLN1,Homo,9606,eukaryota,chordata,craniata,multicellular,False
CHEMBL5698,NUAK2,Homo,9606,eukaryota,chordata,craniata,multicellular,False
CHEMBL5699,SIK2,Homo,9606,eukaryota,chordata,craniata,multicellular,False
CHEMBL5700,LPAR5,Homo,9606,eukaryota,chordata,craniata,multicellular,False
CHEMBL5701,TAOK3,Homo,9606,eukaryota,chordata,craniata,multicellular,False
CHEMBL5703,SRMS,Homo,9606,eukaryota,chordata,craniata,multicellular,False
CHEMBL5704,ELOV6,Homo,9606,eukaryota,chordata,craniata,multicellular,False
CHEMBL5705,EGLN3,Homo,9606,eukaryota,chordata,craniata,multicellular,False
CHEMBL5719,CDK8,Homo,9606,eukaryota,chordata,craniata,multicellular,False
CHEMBL5720,P2RY1,Meleagris,9103,eukaryota,chordata,craniata,multicellular,False
CHEMBL5724,ARY2,Mus,10090,eukaryota,chordata,craniata,multicellular,False
CHEMBL5726,ELOV6,Mus,10090,eukaryota,chordata,craniata,multicellular,False
CHEMBL5727,FADS1,Rattus,10116,eukaryota,chordata,craniata,multicellular,False
CHEMBL5730,AMYP,Sus,9823,eukaryota,chordata,craniata,multicellular,False
CHEMBL5731,CFAB,Homo,9606,eukaryota,chordata,craniata,multicellular,False
CHEMBL5742,TSPO,Homo,9606,eukaryota,chordata,craniata,multicellular,False
CHEMBL5747,CBP,Homo,9606,eukaryota,chordata,craniata,multicellular,False
CHEMBL5750,KAT5,Homo,9606,eukaryota,chordata,craniata,multicellular,False
CHEMBL5754,MARK4,Homo,9606,eukaryota,chordata,craniata,multicellular,False
CHEMBL5756,OXDA,Rattus,10116,eukaryota,chordata,craniata,multicellular,False
CHEMBL5761,PA2GA,Mus,10090,eukaryota,chordata,craniata,multicellular,False
CHEMBL5763,CHLE,Equus,9796,eukaryota,chordata,craniata,multicellular,False
CHEMBL5767,P96878,Mycobacterium tuberculosis complex,83332,bacteria,bacillati,actinomycetota,unicellular,False
CHEMBL5768,MCL1,Mus,10090,eukaryota,chordata,craniata,multicellular,False
CHEMBL5769,SEPR,Mus,10090,eukaryota,chordata,craniata,multicellular,False
CHEMBL5774,MGLL,Mus,10090,eukaryota,chordata,craniata,multicellular,False
CHEMBL5776,M3K7,Homo,9606,eukaryota,chordata,craniata,multicellular,False
CHEMBL5784,NUAK1,Homo,9606,eukaryota,chordata,craniata,multicellular,False
CHEMBL5786,LKHA4,Cavia,10141,eukaryota,chordata,craniata,multicellular,False
CHEMBL5794,SGK2,Homo,9606,eukaryota,chordata,craniata,multicellular,False
CHEMBL5799,OPRM,Macaca,9544,eukaryota,chordata,craniata,multicellular,False
CHEMBL5800,Q9N6S8,Plasmodium (Laverania),5833,eukaryota,sar,alveolata,unicellular,False
CHEMBL5801,Q9NBD4,Plasmodium (Laverania),5833,eukaryota,sar,alveolata,unicellular,False
CHEMBL5804,TLR9,Homo,9606,eukaryota,chordata,craniata,multicellular,False
CHEMBL5805,TLR8,Homo,9606,eukaryota,chordata,craniata,multicellular,False
CHEMBL5810,EPHA1,Homo,9606,eukaryota,chordata,craniata,multicellular,False
CHEMBL5812,DYN2,Homo,9606,eukaryota,chordata,craniata,multicellular,False
CHEMBL5815,CCR9,Homo,9606,eukaryota,chordata,craniata,multicellular,False
CHEMBL5818,PRKX,Homo,9606,eukaryota,chordata,craniata,multicellular,False
CHEMBL5819,NEK4,Homo,9606,eukaryota,chordata,craniata,multicellular,False
CHEMBL5831,Q197X6,Toxoplasma,5811,eukaryota,sar,alveolata,unicellular,False
CHEMBL5838,ERBB3,Homo,9606,eukaryota,chordata,craniata,multicellular,False
CHEMBL5840,FADS1,Homo,9606,eukaryota,chordata,craniata,multicellular,False
CHEMBL5845,GLRA1,Homo,9606,eukaryota,chordata,craniata,multicellular,False
CHEMBL5847,AK1C2,Homo,9606,eukaryota,chordata,craniata,multicellular,False
CHEMBL5850,MRGX1,Homo,9606,eukaryota,chordata,craniata,multicellular,False
CHEMBL5852,QRFPR,Homo,9606,eukaryota,chordata,craniata,multicellular,False
CHEMBL5853,DGAT2,Homo,9606,eukaryota,chordata,craniata,multicellular,False
CHEMBL5855,NEK1,Homo,9606,eukaryota,chordata,craniata,multicellular,False
CHEMBL5861,GRK4,Homo,9606,eukaryota,chordata,craniata,multicellular,False
CHEMBL5862,GLP1R,Rattus,10116,eukaryota,chordata,craniata,multicellular,False
CHEMBL5865,TRAR,Agrobacterium tumefaciens complex,358,bacteria,pseudomonadati,pseudomonadota,unicellular,False
CHEMBL5868,RORA,Homo,9606,eukaryota,chordata,craniata,multicellular,False
CHEMBL5869,HSF1,Homo,9606,eukaryota,chordata,craniata,multicellular,False
CHEMBL5870,CENPE,Homo,9606,eukaryota,chordata,craniata,multicellular,False
CHEMBL5871,GLRA2,Homo,9606,eukaryota,chordata,craniata,multicellular,False
CHEMBL5872,GPER1,Homo,9606,eukaryota,chordata,craniata,multicellular,False
CHEMBL5873,GTR2,Homo,9606,eukaryota,chordata,craniata,multicellular,False
CHEMBL5877,HEXB,Homo,9606,eukaryota,chordata,craniata,multicellular,False
CHEMBL5879,HPGDS,Homo,9606,eukaryota,chordata,craniata,multicellular,True
CHEMBL5888,M3K14,Homo,9606,eukaryota,chordata,craniata,multicellular,False
CHEMBL5891,ANM3,Homo,9606,eukaryota,chordata,craniata,multicellular,False
CHEMBL5896,KDM4A,Homo,9606,eukaryota,chordata,craniata,multicellular,False
CHEMBL5903,ACVR1,Homo,9606,eukaryota,chordata,craniata,multicellular,False
CHEMBL5905,AK1C1,Homo,9606,eukaryota,chordata,craniata,multicellular,False
CHEMBL5907,LATS2,Homo,9606,eukaryota,chordata,craniata,multicellular,False
CHEMBL5912,ST32B,Homo,9606,eukaryota,chordata,craniata,multicellular,False
CHEMBL5914,M3K2,Homo,9606,eukaryota,chordata,craniata,multicellular,False
CHEMBL5917,MDHM,Homo,9606,eukaryota,chordata,craniata,multicellular,False
CHEMBL5921,OGA,Homo,9606,eukaryota,chordata,craniata,multicellular,False
CHEMBL5925,ENPP1,Homo,9606,eukaryota,chordata,craniata,multicellular,False
CHEMBL5926,G3PG,Schizotrypanum,5693,eukaryota,discoba,euglenozoa,unicellular,False
CHEMBL5932,LIMK2,Homo,9606,eukaryota,chordata,craniata,multicellular,False
CHEMBL5936,TLR7,Homo,9606,eukaryota,chordata,craniata,multicellular,False
CHEMBL5938,PLK2,Homo,9606,eukaryota,chordata,craniata,multicellular,False
CHEMBL5939,ERAP1,Homo,9606,eukaryota,chordata,craniata,multicellular,False
CHEMBL5940,MARK1,Homo,9606,eukaryota,chordata,craniata,multicellular,False
CHEMBL5941,STK26,Homo,9606,eukaryota,chordata,craniata,multicellular,False
CHEMBL5951,NPFF1,Homo,9606,eukaryota,chordata,craniata,multicellular,False
CHEMBL5952,NPFF2,Homo,9606,eukaryota,chordata,craniata,multicellular,False
CHEMBL5953,GRP1,Homo,9606,eukaryota,chordata,craniata,multicellular,False
CHEMBL5957,5NTD,Homo,9606,eukaryota,chordata,craniata,multicellular,False
CHEMBL5963,PAR2,Homo,9606,eukaryota,chordata,craniata,multicellular,False
CHEMBL5970,M3K3,Homo,9606,eukaryota,chordata,craniata,multicellular,False
CHEMBL5971,SMO,Homo,9606,eukaryota,chordata,craniata,multicellular,False
CHEMBL5973,CAH15,Mus,10090,eukaryota,chordata,craniata,multicellular,False
CHEMBL5979,PPBT,Homo,9606,eukaryota,chordata,craniata,multicellular,False
CHEMBL5983,AK1BA,Homo,9606,eukaryota,chordata,craniata,multicellular,False
CHEMBL5993,CP27B,Homo,9606,eukaryota,chordata,craniata,multicellular,False
CHEMBL6003,TSSK1,Homo,9606,eukaryota,chordata,craniata,multicellular,False
CHEMBL6005,STK33,Homo,9606,eukaryota,chordata,craniata,multicellular,False
CHEMBL6006,ULK1,Homo,9606,eukaryota,chordata,craniata,multicellular,False
CHEMBL6007,TRPA1,Homo,9606,eukaryota,chordata,craniata,multicellular,False
CHEMBL6009,DGAT1,Homo,9606,eukaryota,chordata,craniata,multicellular,False
CHEMBL6011,COX1,Ovis,9940,eukaryota,chordata,craniata,multicellular,False
CHEMBL6012,IKKB,Mus,10090,eukaryota,chordata,craniata,multicellular,False
CHEMBL6013,CEGT,Mus,10090,eukaryota,chordata,craniata,multicellular,False
CHEMBL6014,TSSK2,Homo,9606,eukaryota,chordata,craniata,multicellular,False
CHEMBL6017,HDAH,Alcaligenaceae,242601,bacteria,pseudomonadati,pseudomonadota,unicellular,False
CHEMBL6030,E2AK3,Homo,9606,eukaryota,chordata,craniata,multicellular,False
CHEMBL6031,EHMT1,Homo,9606,eukaryota,chordata,craniata,multicellular,False
CHEMBL6032,EHMT2,Homo,9606,eukaryota,chordata,craniata,multicellular,False
CHEMBL6035,TRXR1,Rattus,10116,eukaryota,chordata,craniata,multicellular,False
CHEMBL6052,RHOA,Homo,9606,eukaryota,chordata,craniata,multicellular,False
CHEMBL6054,PASK,Homo,9606,eukaryota,chordata,craniata,multicellular,False
CHEMBL6056,RENI,Callithrix,9483,eukaryota,chordata,craniata,multicellular,False
CHEMBL6060,NAT,Mycolicibacterium,1772,bacteria,bacillati,actinomycetota,unicellular,False
CHEMBL6065,DYR,Mycobacterium tuberculosis complex,83332,bacteria,bacillati,actinomycetota,unicellular,False
CHEMBL6068,MTCA2,Mycobacterium tuberculosis complex,83332,bacteria,bacillati,actinomycetota,unicellular,False
CHEMBL6069,PANC,Mycobacterium tuberculosis complex,83332,bacteria,bacillati,actinomycetota,unicellular,False
CHEMBL6080,SMO,Mus,10090,eukaryota,chordata,craniata,multicellular,False
CHEMBL6082,SIK1,Homo,9606,eukaryota,chordata,craniata,multicellular,False
CHEMBL6084,ACHP,Lymnaea,6523,eukaryota,spiralia,lophotrochozoa,multicellular,False
CHEMBL6094,RAC1,Homo,9606,eukaryota,chordata,craniata,multicellular,False
CHEMBL6095,DNM3B,Homo,9606,eukaryota,chordata,craniata,multicellular,False
CHEMBL6110,Q962Y6,Schistosoma,6183,eukaryota,spiralia,lophotrochozoa,multicellular,False
CHEMBL6120,S22AC,Homo,9606,eukaryota,chordata,craniata,multicellular,False
CHEMBL6126,TRPV4,Mus,10090,eukaryota,chordata,craniata,multicellular,False
CHEMBL6129,DGAT1,Rattus,10116,eukaryota,chordata,craniata,multicellular,False
CHEMBL6132,BLKPC,Klebsiella pneumoniae complex,573,bacteria,pseudomonadati,pseudomonadota,unicellular,False
CHEMBL6135,B4URF0,Influenza A virus,382835,viruses,riboviria,orthornavirae,acellular (virus),False
CHEMBL6136,KDM1A,Homo,9606,eukaryota,chordata,craniata,multicellular,False
CHEMBL6137,C3SWJ7,Escherichia,562,bacteria,pseudomonadati,pseudomonadota,unicellular,False
CHEMBL6138,KDM4D,Homo,9606,eukaryota,chordata,craniata,multicellular,False
CHEMBL6140,PDE10,Rattus,10116,eukaryota,chordata,craniata,multicellular,False
CHEMBL6141,Q95214,Oryctolagus,9986,eukaryota,chordata,craniata,multicellular,False
CHEMBL6142,PARP4,Homo,9606,eukaryota,chordata,craniata,multicellular,False
CHEMBL6144,GRK6,Homo,9606,eukaryota,chordata,craniata,multicellular,False
CHEMBL6145,IMDH,Cryptosporidium,5807,eukaryota,sar,alveolata,unicellular,False
CHEMBL6149,SIK3,Homo,9606,eukaryota,chordata,craniata,multicellular,False
CHEMBL6152,SYUA,Homo,9606,eukaryota,chordata,craniata,multicellular,False
CHEMBL6154,TNKS2,Homo,9606,eukaryota,chordata,craniata,multicellular,False
CHEMBL6158,UBP5,Homo,9606,eukaryota,chordata,craniata,multicellular,False
CHEMBL6164,TNKS1,Homo,9606,eukaryota,chordata,craniata,multicellular,False
CHEMBL6166,M4K4,Homo,9606,eukaryota,chordata,craniata,multicellular,False
CHEMBL6167,LATS1,Homo,9606,eukaryota,chordata,craniata,multicellular,False
CHEMBL6168,ABHGA,Homo,9606,eukaryota,chordata,craniata,multicellular,False
CHEMBL6172,OXDA,Sus,9823,eukaryota,chordata,craniata,multicellular,False
CHEMBL6174,COX2,Homo,9606,eukaryota,chordata,craniata,multicellular,False
CHEMBL6175,KDM4C,Homo,9606,eukaryota,chordata,craniata,multicellular,False
CHEMBL6184,Q63380,Rattus,10116,eukaryota,chordata,craniata,multicellular,False
CHEMBL6186,SGK3,Homo,9606,eukaryota,chordata,craniata,multicellular,False
CHEMBL6191,M3K19,Homo,9606,eukaryota,chordata,craniata,multicellular,False
CHEMBL6198,O60989,Plasmodium (Plasmodium),5855,eukaryota,sar,alveolata,unicellular,False
